{"type":"FeatureCollection","name":"23108_名古屋市瑞穂区","crs":{"type":"name","properties":{"name":"urn:ogc:def:crs:OGC:1.3:CRS84"}},"features":[{"type":"Feature","id":"231080020","properties":{"KEY_CODE":"231080020","PREF":"23","CITY":"108","S_AREA":"002090","PREF_NAME":"愛知県","CITY_NAME":"名古屋市瑞穂区","S_NAME":"荒崎町","HCODE":8101,"AREA":55153.139,"KIGO_E":"","JINKO":748,"SETAI":298,"X_CODE":136.925089,"Y_CODE":35.11289},"geometry":{"type":"Polygon","coordinates":[[[136.925016,35.114136],[136.925216,35.114124],[136.925574,35.114137],[136.925604,35.114136],[136.926096,35.114156],[136.926273,35.114159],[136.92684,35.114083],[136.926843,35.114059],[136.926894,35.113656],[136.9269,35.113437],[136.926534,35.113219],[136.926472,35.113183],[136.926205,35.112975],[136.925904,35.112712],[136.925779,35.112578],[136.925619,35.112406],[136.925533,35.112313],[136.92535,35.112093],[136.92518,35.111888],[136.924778,35.111432],[136.924571,35.111196],[136.924535,35.111163],[136.924167,35.111179],[136.923931,35.111222],[136.923859,35.111768],[136.923796,35.112153],[136.923624,35.113201],[136.924753,35.113324],[136.924673,35.113832],[136.924656,35.114107],[136.924647,35.114248],[136.924743,35.114218],[136.925016,35.114136]]]}},{"type":"Feature","id":"23108003001","properties":{"KEY_CODE":"23108003001","PREF":"23","CITY":"108","S_AREA":"003001","PREF_NAME":"愛知県","CITY_NAME":"名古屋市瑞穂区","S_NAME":"石川町一丁目","HCODE":8101,"AREA":3764.3,"KIGO_E":"","JINKO":232,"SETAI":80,"X_CODE":136.939366,"Y_CODE":35.135538},"geometry":{"type":"Polygon","coordinates":[[[136.939825,35.135735],[136.939852,35.135623],[136.940042,35.135634],[136.940067,35.135455],[136.939053,35.135398],[136.939068,35.135177],[136.93895,35.13517],[136.938948,35.135208],[136.938924,35.135207],[136.938913,35.13539],[136.938832,35.135386],[136.938817,35.13569],[136.938923,35.135695],[136.939021,35.135699],[136.939825,35.135735]]]}},{"type":"Feature","id":"23108003002","properties":{"KEY_CODE":"23108003002","PREF":"23","CITY":"108","S_AREA":"003002","PREF_NAME":"愛知県","CITY_NAME":"名古屋市瑞穂区","S_NAME":"石川町二丁目","HCODE":8101,"AREA":5343.186,"KIGO_E":"","JINKO":57,"SETAI":25,"X_CODE":136.940636,"Y_CODE":35.135574},"geometry":{"type":"Polygon","coordinates":[[[136.940293,35.13591],[136.940377,35.135716],[136.941215,35.135724],[136.941249,35.135532],[136.941302,35.135535],[136.94131,35.135311],[136.940563,35.135268],[136.940479,35.135479],[136.940067,35.135455],[136.940042,35.135634],[136.940002,35.135743],[136.939897,35.135892],[136.940263,35.13598],[136.940293,35.13591]]]}},{"type":"Feature","id":"23108003003","properties":{"KEY_CODE":"23108003003","PREF":"23","CITY":"108","S_AREA":"003003","PREF_NAME":"愛知県","CITY_NAME":"名古屋市瑞穂区","S_NAME":"石川町三丁目","HCODE":8101,"AREA":12670.681,"KIGO_E":"","JINKO":85,"SETAI":36,"X_CODE":136.942056,"Y_CODE":35.135312},"geometry":{"type":"Polygon","coordinates":[[[136.941977,35.135891],[136.942161,35.135812],[136.94219,35.135833],[136.942193,35.135836],[136.94235,35.135764],[136.942384,35.135749],[136.94242,35.135808],[136.94246,35.135872],[136.942711,35.135775],[136.942712,35.135777],[136.942817,35.13574],[136.942729,35.135553],[136.942711,35.135515],[136.942564,35.135206],[136.942507,35.134996],[136.942474,35.134902],[136.942449,35.13483],[136.942422,35.134635],[136.942409,35.134553],[136.942327,35.134544],[136.942327,35.134543],[136.942,35.134527],[136.941926,35.134752],[136.941921,35.134795],[136.941919,35.134815],[136.941905,35.13488],[136.941885,35.134974],[136.941822,35.134968],[136.941761,35.134962],[136.941692,35.134908],[136.941645,35.134908],[136.941644,35.134909],[136.941628,35.135143],[136.941626,35.135184],[136.941358,35.135327],[136.94131,35.135311],[136.941302,35.135535],[136.941249,35.135532],[136.941215,35.135724],[136.941219,35.135724],[136.941218,35.135768],[136.941594,35.135774],[136.94155,35.135727],[136.941777,35.135732],[136.941811,35.135706],[136.941977,35.135891]]]}},{"type":"Feature","id":"23108003004","properties":{"KEY_CODE":"23108003004","PREF":"23","CITY":"108","S_AREA":"003004","PREF_NAME":"愛知県","CITY_NAME":"名古屋市瑞穂区","S_NAME":"石川町四丁目","HCODE":8101,"AREA":16383.478,"KIGO_E":"","JINKO":103,"SETAI":47,"X_CODE":136.942745,"Y_CODE":35.133944},"geometry":{"type":"Polygon","coordinates":[[[136.943341,35.132996],[136.943422,35.132858],[136.943436,35.132835],[136.943163,35.132734],[136.943113,35.132835],[136.943083,35.132895],[136.942886,35.132912],[136.942445,35.132846],[136.942418,35.132953],[136.942359,35.133269],[136.942345,35.13344],[136.942342,35.133472],[136.942336,35.133545],[136.942322,35.133696],[136.942322,35.133698],[136.942352,35.134042],[136.942355,35.134063],[136.942382,35.134326],[136.9424,35.134499],[136.942409,35.134553],[136.942422,35.134635],[136.942449,35.13483],[136.942474,35.134902],[136.942507,35.134996],[136.942564,35.135206],[136.942711,35.135515],[136.942729,35.135553],[136.942994,35.135486],[136.943049,35.135471],[136.94292,35.13508],[136.942914,35.134867],[136.942945,35.134669],[136.942794,35.134595],[136.942942,35.134284],[136.942966,35.133951],[136.942991,35.133833],[136.943123,35.133512],[136.943134,35.133487],[136.943301,35.13309],[136.943341,35.132996]]]}},{"type":"Feature","id":"23108004001","properties":{"KEY_CODE":"23108004001","PREF":"23","CITY":"108","S_AREA":"004001","PREF_NAME":"愛知県","CITY_NAME":"名古屋市瑞穂区","S_NAME":"石田町一丁目","HCODE":8101,"AREA":38672.476,"KIGO_E":"","JINKO":486,"SETAI":261,"X_CODE":136.937608,"Y_CODE":35.120989},"geometry":{"type":"Polygon","coordinates":[[[136.938597,35.121618],[136.938633,35.121271],[136.938681,35.120813],[136.93873,35.120343],[136.938751,35.120137],[136.938144,35.120108],[136.937665,35.120085],[136.9375,35.120073],[136.937505,35.119948],[136.937487,35.119946],[136.937277,35.11994],[136.937272,35.120057],[136.937203,35.120051],[136.936985,35.120035],[136.936711,35.120015],[136.936623,35.120649],[136.936531,35.12128],[136.936502,35.121277],[136.936459,35.121576],[136.936434,35.12182],[136.936453,35.121821],[136.936718,35.12184],[136.937395,35.121901],[136.938487,35.122001],[136.9384,35.12182],[136.938597,35.121618]]]}},{"type":"Feature","id":"23108004002","properties":{"KEY_CODE":"23108004002","PREF":"23","CITY":"108","S_AREA":"004002","PREF_NAME":"愛知県","CITY_NAME":"名古屋市瑞穂区","S_NAME":"石田町二丁目","HCODE":8101,"AREA":39228.052,"KIGO_E":"","JINKO":121,"SETAI":56,"X_CODE":136.939702,"Y_CODE":35.121076},"geometry":{"type":"Polygon","coordinates":[[[136.940197,35.120236],[136.938751,35.120137],[136.93873,35.120343],[136.938681,35.120813],[136.938633,35.121271],[136.938597,35.121618],[136.9384,35.12182],[136.938487,35.122001],[136.938545,35.122121],[136.939026,35.122038],[136.939489,35.121959],[136.93986,35.121898],[136.940388,35.121812],[136.94076,35.121752],[136.940827,35.121146],[136.940837,35.121057],[136.940893,35.120966],[136.941061,35.120811],[136.941089,35.12076],[136.94108,35.120718],[136.940993,35.120515],[136.94099,35.120507],[136.940967,35.120454],[136.940894,35.120284],[136.940197,35.120236]]]}},{"type":"Feature","id":"23108005001","properties":{"KEY_CODE":"23108005001","PREF":"23","CITY":"108","S_AREA":"005001","PREF_NAME":"愛知県","CITY_NAME":"名古屋市瑞穂区","S_NAME":"市丘町一丁目","HCODE":8101,"AREA":75400.983,"KIGO_E":"","JINKO":1053,"SETAI":445,"X_CODE":136.94576,"Y_CODE":35.119463},"geometry":{"type":"Polygon","coordinates":[[[136.946772,35.120995],[136.946865,35.1208],[136.946954,35.12083],[136.946962,35.120813],[136.947017,35.12006],[136.947019,35.120039],[136.947058,35.119543],[136.947077,35.119305],[136.947097,35.119054],[136.947107,35.119023],[136.947113,35.119007],[136.947316,35.118403],[136.947397,35.118165],[136.947104,35.118122],[136.947125,35.118032],[136.946788,35.118029],[136.946717,35.11818],[136.946531,35.11812],[136.946294,35.118119],[136.946289,35.118074],[136.945871,35.118068],[136.94587,35.118095],[136.944457,35.11809],[136.944464,35.118303],[136.944499,35.118839],[136.944539,35.119374],[136.944459,35.119587],[136.944356,35.119858],[136.944263,35.120097],[136.944122,35.120458],[136.944308,35.120785],[136.944954,35.120799],[136.945101,35.120817],[136.945946,35.120835],[136.945964,35.120832],[136.946018,35.120823],[136.946423,35.120909],[136.946641,35.120948],[136.946772,35.120995]]]}},{"type":"Feature","id":"23108005002","properties":{"KEY_CODE":"23108005002","PREF":"23","CITY":"108","S_AREA":"005002","PREF_NAME":"愛知県","CITY_NAME":"名古屋市瑞穂区","S_NAME":"市丘町二丁目","HCODE":8101,"AREA":52093.464,"KIGO_E":"","JINKO":544,"SETAI":238,"X_CODE":136.948098,"Y_CODE":35.119482},"geometry":{"type":"Polygon","coordinates":[[[136.947738,35.12088],[136.947992,35.120537],[136.948385,35.120209],[136.948603,35.120233],[136.948863,35.11998],[136.948904,35.119954],[136.948817,35.119899],[136.949064,35.119661],[136.949117,35.119693],[136.949374,35.119462],[136.949681,35.119161],[136.949586,35.119094],[136.949573,35.119085],[136.949686,35.118966],[136.949648,35.118939],[136.949989,35.118601],[136.950022,35.118568],[136.949986,35.118549],[136.949818,35.118504],[136.949753,35.118543],[136.949624,35.118519],[136.949587,35.118511],[136.949512,35.118685],[136.949259,35.118646],[136.949285,35.11857],[136.949168,35.118545],[136.949205,35.118431],[136.948908,35.118369],[136.948896,35.118389],[136.948254,35.118235],[136.948194,35.118389],[136.947798,35.118277],[136.947397,35.118165],[136.947316,35.118403],[136.947113,35.119007],[136.947107,35.119023],[136.947097,35.119054],[136.947077,35.119305],[136.947058,35.119543],[136.947019,35.120039],[136.947017,35.12006],[136.946962,35.120813],[136.946954,35.12083],[136.946865,35.1208],[136.946772,35.120995],[136.946938,35.121059],[136.947066,35.12108],[136.947201,35.121149],[136.947564,35.12131],[136.94767,35.121158],[136.947614,35.121126],[136.947767,35.120897],[136.947738,35.12088]]]}},{"type":"Feature","id":"23108006001","properties":{"KEY_CODE":"23108006001","PREF":"23","CITY":"108","S_AREA":"006001","PREF_NAME":"愛知県","CITY_NAME":"名古屋市瑞穂区","S_NAME":"井戸田町一丁目","HCODE":8101,"AREA":32224.615,"KIGO_E":"","JINKO":337,"SETAI":164,"X_CODE":136.927873,"Y_CODE":35.119306},"geometry":{"type":"Polygon","coordinates":[[[136.926921,35.120437],[136.927413,35.12037],[136.927694,35.120383],[136.928075,35.120375],[136.928446,35.12037],[136.92846,35.120166],[136.928444,35.120057],[136.928385,35.119821],[136.928573,35.119801],[136.928562,35.119712],[136.928555,35.119653],[136.928546,35.119572],[136.928512,35.119304],[136.92849,35.119305],[136.928471,35.119075],[136.928566,35.119062],[136.928752,35.119047],[136.928727,35.118769],[136.928885,35.118768],[136.928889,35.118724],[136.928893,35.118616],[136.928919,35.118476],[136.928888,35.118333],[136.928688,35.118353],[136.928568,35.118326],[136.928342,35.118212],[136.92788,35.118127],[136.927662,35.118088],[136.927568,35.118071],[136.927516,35.118045],[136.927369,35.118695],[136.927359,35.118741],[136.927282,35.119071],[136.927263,35.119099],[136.927052,35.119504],[136.926989,35.119678],[136.926921,35.119902],[136.926921,35.120437]]]}},{"type":"Feature","id":"23108006002","properties":{"KEY_CODE":"23108006002","PREF":"23","CITY":"108","S_AREA":"006002","PREF_NAME":"愛知県","CITY_NAME":"名古屋市瑞穂区","S_NAME":"井戸田町二丁目","HCODE":8101,"AREA":23161.133,"KIGO_E":"","JINKO":236,"SETAI":113,"X_CODE":136.929783,"Y_CODE":35.120094},"geometry":{"type":"Polygon","coordinates":[[[136.929514,35.120754],[136.9304,35.120536],[136.930452,35.120628],[136.930466,35.120651],[136.93065,35.120531],[136.930656,35.12049],[136.930741,35.120447],[136.930942,35.120401],[136.93095,35.120344],[136.93097,35.120203],[136.930783,35.119931],[136.93117,35.11972],[136.931089,35.11951],[136.930997,35.11927],[136.930954,35.119294],[136.93063,35.119475],[136.930233,35.119698],[136.930088,35.119783],[136.929748,35.119983],[136.929403,35.119753],[136.929207,35.119633],[136.929057,35.119553],[136.929009,35.11958],[136.928822,35.119579],[136.928817,35.119604],[136.928555,35.119653],[136.928562,35.119712],[136.928573,35.119801],[136.928385,35.119821],[136.928444,35.120057],[136.92846,35.120166],[136.928446,35.12037],[136.928738,35.120408],[136.928745,35.120444],[136.92906,35.120495],[136.929165,35.120631],[136.929514,35.120754]]]}},{"type":"Feature","id":"23108006003","properties":{"KEY_CODE":"23108006003","PREF":"23","CITY":"108","S_AREA":"006003","PREF_NAME":"愛知県","CITY_NAME":"名古屋市瑞穂区","S_NAME":"井戸田町三丁目","HCODE":8101,"AREA":26466.547,"KIGO_E":"","JINKO":361,"SETAI":148,"X_CODE":136.929947,"Y_CODE":35.119151},"geometry":{"type":"Polygon","coordinates":[[[136.930233,35.119698],[136.93063,35.119475],[136.930954,35.119294],[136.930997,35.11927],[136.931294,35.119286],[136.93133,35.11885],[136.931372,35.118387],[136.931107,35.118284],[136.931092,35.118419],[136.930856,35.118414],[136.93086,35.118522],[136.930869,35.118708],[136.930763,35.118721],[136.930465,35.118702],[136.930445,35.118701],[136.930276,35.118672],[136.929728,35.118622],[136.929641,35.118789],[136.929538,35.118755],[136.929313,35.118758],[136.929093,35.118769],[136.928889,35.118724],[136.928885,35.118768],[136.928727,35.118769],[136.928752,35.119047],[136.928566,35.119062],[136.928471,35.119075],[136.92849,35.119305],[136.928512,35.119304],[136.928546,35.119572],[136.928555,35.119653],[136.928817,35.119604],[136.928822,35.119579],[136.929009,35.11958],[136.929057,35.119553],[136.929207,35.119633],[136.929403,35.119753],[136.929748,35.119983],[136.930088,35.119783],[136.930233,35.119698]]]}},{"type":"Feature","id":"23108006004","properties":{"KEY_CODE":"23108006004","PREF":"23","CITY":"108","S_AREA":"006004","PREF_NAME":"愛知県","CITY_NAME":"名古屋市瑞穂区","S_NAME":"井戸田町四丁目","HCODE":8101,"AREA":31729.755,"KIGO_E":"","JINKO":247,"SETAI":133,"X_CODE":136.929555,"Y_CODE":35.118098},"geometry":{"type":"Polygon","coordinates":[[[136.929641,35.118789],[136.929728,35.118622],[136.930276,35.118672],[136.930445,35.118701],[136.930465,35.118702],[136.930763,35.118721],[136.930869,35.118708],[136.93086,35.118522],[136.930856,35.118414],[136.931092,35.118419],[136.931107,35.118284],[136.931372,35.118387],[136.931376,35.11835],[136.931418,35.117906],[136.93094,35.117868],[136.930051,35.117807],[136.930078,35.117707],[136.930098,35.11754],[136.929676,35.117524],[136.9296,35.117517],[136.929285,35.117423],[136.92917,35.117415],[136.928994,35.117477],[136.928783,35.117557],[136.928557,35.117595],[136.92806,35.117599],[136.92791,35.117649],[136.927516,35.118045],[136.927568,35.118071],[136.927662,35.118088],[136.92788,35.118127],[136.928342,35.118212],[136.928568,35.118326],[136.928688,35.118353],[136.928888,35.118333],[136.928919,35.118476],[136.928893,35.118616],[136.928889,35.118724],[136.929093,35.118769],[136.929313,35.118758],[136.929538,35.118755],[136.929641,35.118789]]]}},{"type":"Feature","id":"231080070","properties":{"KEY_CODE":"231080070","PREF":"23","CITY":"108","S_AREA":"007090","PREF_NAME":"愛知県","CITY_NAME":"名古屋市瑞穂区","S_NAME":"井の元町","HCODE":8101,"AREA":151186.803,"KIGO_E":"","JINKO":1055,"SETAI":436,"X_CODE":136.957981,"Y_CODE":35.11473},"geometry":{"type":"Polygon","coordinates":[[[136.955734,35.113123],[136.955212,35.113046],[136.955173,35.113477],[136.954828,35.113584],[136.954595,35.114355],[136.954468,35.114774],[136.954364,35.115104],[136.956069,35.115445],[136.957185,35.115669],[136.958551,35.115961],[136.959988,35.116249],[136.960938,35.116454],[136.961037,35.116507],[136.961155,35.11661],[136.961285,35.116193],[136.961405,35.115811],[136.961583,35.115241],[136.961414,35.11504],[136.96135,35.114954],[136.960932,35.1145],[136.960764,35.114386],[136.960588,35.114287],[136.960117,35.1141],[136.959631,35.114027],[136.959425,35.113954],[136.959201,35.113833],[136.958979,35.113733],[136.958607,35.113629],[136.958393,35.113561],[136.958027,35.11338],[136.957914,35.113348],[136.957497,35.113251],[136.957125,35.113235],[136.956746,35.113225],[136.95644,35.113199],[136.956201,35.113179],[136.955734,35.113123]]]}},{"type":"Feature","id":"231080080","properties":{"KEY_CODE":"231080080","PREF":"23","CITY":"108","S_AREA":"008090","PREF_NAME":"愛知県","CITY_NAME":"名古屋市瑞穂区","S_NAME":"茨木町","HCODE":8101,"AREA":73874.571,"KIGO_E":"","JINKO":275,"SETAI":104,"X_CODE":136.959443,"Y_CODE":35.124645},"geometry":{"type":"Polygon","coordinates":[[[136.95983,35.126532],[136.960121,35.125931],[136.960523,35.125102],[136.960777,35.124612],[136.960964,35.124237],[136.961028,35.124056],[136.961022,35.12403],[136.960576,35.123541],[136.959799,35.12269],[136.959328,35.123264],[136.959089,35.123073],[136.958875,35.122906],[136.958777,35.122893],[136.95866,35.122934],[136.958514,35.123089],[136.95819,35.123595],[136.957896,35.124052],[136.958267,35.124289],[136.958699,35.124555],[136.958781,35.124559],[136.958782,35.124605],[136.959015,35.125093],[136.958516,35.125599],[136.958484,35.125601],[136.958377,35.125716],[136.957955,35.12617],[136.957938,35.12621],[136.957977,35.126489],[136.958797,35.126445],[136.958828,35.126446],[136.958877,35.126448],[136.959742,35.126529],[136.95983,35.126532]]]}},{"type":"Feature","id":"231080090","properties":{"KEY_CODE":"231080090","PREF":"23","CITY":"108","S_AREA":"009090","PREF_NAME":"愛知県","CITY_NAME":"名古屋市瑞穂区","S_NAME":"浮島町","HCODE":8101,"AREA":114629.909,"KIGO_E":"","JINKO":1256,"SETAI":657,"X_CODE":136.914625,"Y_CODE":35.115614},"geometry":{"type":"Polygon","coordinates":[[[136.914221,35.117909],[136.914651,35.117711],[136.91488,35.117624],[136.9153,35.117493],[136.915398,35.117464],[136.91543,35.117455],[136.915504,35.117262],[136.915471,35.117271],[136.915456,35.117275],[136.915452,35.117274],[136.915944,35.115974],[136.915897,35.115984],[136.91606,35.115536],[136.916229,35.115093],[136.916223,35.115094],[136.916411,35.114616],[136.916616,35.114095],[136.917033,35.113014],[136.917178,35.112639],[136.917303,35.112316],[136.917337,35.112228],[136.917364,35.112158],[136.917434,35.111976],[136.917215,35.111976],[136.917027,35.111976],[136.917035,35.112292],[136.916876,35.112306],[136.916788,35.112308],[136.916788,35.11233],[136.91679,35.112493],[136.91679,35.112496],[136.916886,35.112492],[136.916879,35.112635],[136.916878,35.112657],[136.916367,35.112664],[136.916352,35.112664],[136.916358,35.113024],[136.916003,35.113029],[136.915955,35.113031],[136.915945,35.113385],[136.915949,35.113724],[136.915632,35.113734],[136.915633,35.113752],[136.915641,35.11411],[136.915589,35.114111],[136.915221,35.114116],[136.915213,35.114308],[136.91492,35.114323],[136.914923,35.114385],[136.914933,35.114655],[136.91493,35.114655],[136.91489,35.114657],[136.914801,35.114659],[136.914807,35.114908],[136.914815,35.11512],[136.914755,35.115125],[136.913778,35.11521],[136.913776,35.11521],[136.91302,35.115281],[136.913023,35.115293],[136.912439,35.115347],[136.912031,35.115383],[136.911717,35.115419],[136.911575,35.11544],[136.911613,35.115675],[136.911643,35.115849],[136.911653,35.115996],[136.911666,35.116113],[136.911671,35.11624],[136.911671,35.116253],[136.911702,35.116322],[136.911899,35.116329],[136.912157,35.116352],[136.912282,35.116411],[136.912566,35.116531],[136.91266,35.116578],[136.912854,35.116758],[136.913002,35.116907],[136.913171,35.117059],[136.913543,35.117456],[136.913841,35.117754],[136.913924,35.117864],[136.913981,35.117913],[136.914035,35.117883],[136.914076,35.11786],[136.914129,35.117949],[136.914221,35.117909]]]}},{"type":"Feature","id":"231080100","properties":{"KEY_CODE":"231080100","PREF":"23","CITY":"108","S_AREA":"010090","PREF_NAME":"愛知県","CITY_NAME":"名古屋市瑞穂区","S_NAME":"牛巻町","HCODE":8101,"AREA":83982.172,"KIGO_E":"","JINKO":1715,"SETAI":916,"X_CODE":136.918471,"Y_CODE":35.128558},"geometry":{"type":"Polygon","coordinates":[[[136.919251,35.130491],[136.919263,35.130419],[136.919413,35.129487],[136.919461,35.129191],[136.919536,35.128681],[136.919546,35.128613],[136.919625,35.128548],[136.919731,35.127828],[136.919739,35.127776],[136.919823,35.127277],[136.919892,35.126869],[136.919307,35.126804],[136.919107,35.126782],[136.918542,35.126719],[136.918337,35.126698],[136.918302,35.126694],[136.917646,35.126626],[136.91764,35.126582],[136.917583,35.126576],[136.917435,35.126567],[136.917486,35.127021],[136.917458,35.127758],[136.917424,35.128143],[136.917399,35.128538],[136.917399,35.128543],[136.917297,35.129488],[136.917225,35.130411],[136.917212,35.130484],[136.917364,35.130476],[136.917577,35.130465],[136.917884,35.130468],[136.918022,35.13047],[136.91849,35.130502],[136.918526,35.130505],[136.91924,35.130563],[136.919251,35.130491]]]}},{"type":"Feature","id":"23108011001","properties":{"KEY_CODE":"23108011001","PREF":"23","CITY":"108","S_AREA":"011001","PREF_NAME":"愛知県","CITY_NAME":"名古屋市瑞穂区","S_NAME":"内方町一丁目","HCODE":8101,"AREA":20878.591,"KIGO_E":"","JINKO":286,"SETAI":134,"X_CODE":136.936857,"Y_CODE":35.122815},"geometry":{"type":"Polygon","coordinates":[[[136.937294,35.123496],[136.937311,35.123325],[136.937802,35.123365],[136.93769,35.123167],[136.937551,35.122922],[136.93731,35.122497],[136.937371,35.122086],[136.937395,35.121901],[136.936718,35.12184],[136.936453,35.121821],[136.936434,35.12182],[136.936434,35.121822],[136.936381,35.122085],[136.936336,35.122422],[136.936284,35.122853],[136.936272,35.1229],[136.93623,35.123206],[136.936244,35.123259],[136.936247,35.123271],[136.93625,35.123286],[136.936242,35.123349],[136.93622,35.123677],[136.936227,35.123739],[136.936283,35.123844],[136.936287,35.12385],[136.936742,35.123682],[136.937294,35.123496]]]}},{"type":"Feature","id":"23108011002","properties":{"KEY_CODE":"23108011002","PREF":"23","CITY":"108","S_AREA":"011002","PREF_NAME":"愛知県","CITY_NAME":"名古屋市瑞穂区","S_NAME":"内方町二丁目","HCODE":8101,"AREA":30235.91,"KIGO_E":"","JINKO":697,"SETAI":283,"X_CODE":136.938816,"Y_CODE":35.122432},"geometry":{"type":"Polygon","coordinates":[[[136.938658,35.122889],[136.938884,35.122807],[136.938958,35.122949],[136.939384,35.122794],[136.939277,35.122601],[136.939424,35.122547],[136.939529,35.122741],[136.939839,35.122629],[136.940685,35.122322],[136.940727,35.122042],[136.94076,35.121752],[136.940388,35.121812],[136.93986,35.121898],[136.939489,35.121959],[136.939026,35.122038],[136.938545,35.122121],[136.938487,35.122001],[136.937395,35.121901],[136.937371,35.122086],[136.93731,35.122497],[136.937551,35.122922],[136.93769,35.123167],[136.937802,35.123365],[136.937834,35.123331],[136.938726,35.123028],[136.938658,35.122889]]]}},{"type":"Feature","id":"231080120","properties":{"KEY_CODE":"231080120","PREF":"23","CITY":"108","S_AREA":"012090","PREF_NAME":"愛知県","CITY_NAME":"名古屋市瑞穂区","S_NAME":"内浜町","HCODE":8101,"AREA":159877.179,"KIGO_E":"","JINKO":1049,"SETAI":563,"X_CODE":136.917974,"Y_CODE":35.114459},"geometry":{"type":"Polygon","coordinates":[[[136.915502,35.117433],[136.916443,35.117156],[136.916447,35.117155],[136.916811,35.117027],[136.917101,35.116935],[136.917394,35.116841],[136.917399,35.11684],[136.918032,35.11664],[136.91811,35.11661],[136.91851,35.11646],[136.918707,35.116389],[136.918742,35.116376],[136.918857,35.11633],[136.919133,35.116221],[136.919605,35.116034],[136.919557,35.115955],[136.919501,35.115861],[136.91954,35.115491],[136.919542,35.115471],[136.919585,35.11502],[136.919633,35.114509],[136.919672,35.1141],[136.919707,35.11373],[136.919738,35.113409],[136.919782,35.113006],[136.919819,35.11262],[136.919854,35.112256],[136.919879,35.112007],[136.91989,35.11181],[136.919889,35.111545],[136.919731,35.111541],[136.919533,35.111555],[136.918984,35.111568],[136.918998,35.111681],[136.918808,35.1117],[136.918788,35.111699],[136.918517,35.111707],[136.918214,35.111717],[136.917752,35.111721],[136.917676,35.111906],[136.917649,35.111971],[136.917633,35.111971],[136.917562,35.112145],[136.917531,35.112148],[136.917509,35.112149],[136.91739,35.112158],[136.917364,35.112158],[136.917337,35.112228],[136.917303,35.112316],[136.917178,35.112639],[136.917033,35.113014],[136.916616,35.114095],[136.916411,35.114616],[136.916223,35.115094],[136.916229,35.115093],[136.91606,35.115536],[136.915897,35.115984],[136.915944,35.115974],[136.915452,35.117274],[136.915456,35.117275],[136.915471,35.117271],[136.915504,35.117262],[136.91543,35.117455],[136.915502,35.117433]]]}},{"type":"Feature","id":"23108013001","properties":{"KEY_CODE":"23108013001","PREF":"23","CITY":"108","S_AREA":"013001","PREF_NAME":"愛知県","CITY_NAME":"名古屋市瑞穂区","S_NAME":"太田町一丁目","HCODE":8101,"AREA":18902.463,"KIGO_E":"","JINKO":253,"SETAI":123,"X_CODE":136.919832,"Y_CODE":35.13766},"geometry":{"type":"Polygon","coordinates":[[[136.919916,35.136885],[136.919296,35.136836],[136.919262,35.137121],[136.91923,35.137474],[136.91914,35.13837],[136.919774,35.138403],[136.920398,35.138435],[136.920414,35.138268],[136.920483,35.137548],[136.920542,35.137],[136.919908,35.136964],[136.919916,35.136885]]]}},{"type":"Feature","id":"23108013002","properties":{"KEY_CODE":"23108013002","PREF":"23","CITY":"108","S_AREA":"013002","PREF_NAME":"愛知県","CITY_NAME":"名古屋市瑞穂区","S_NAME":"太田町二丁目","HCODE":8101,"AREA":12624.156,"KIGO_E":"","JINKO":124,"SETAI":79,"X_CODE":136.92091,"Y_CODE":35.137747},"geometry":{"type":"Polygon","coordinates":[[[136.921504,35.138398],[136.921505,35.138384],[136.921519,35.138385],[136.921526,35.13829],[136.921295,35.138282],[136.921332,35.137803],[136.921277,35.137803],[136.921286,35.137579],[136.92137,35.137581],[136.921497,35.137142],[136.921171,35.137122],[136.921179,35.137045],[136.920542,35.137],[136.920483,35.137548],[136.920414,35.138268],[136.920398,35.138435],[136.921036,35.138453],[136.921041,35.138404],[136.921504,35.138398]]]}},{"type":"Feature","id":"23108013003","properties":{"KEY_CODE":"23108013003","PREF":"23","CITY":"108","S_AREA":"013003","PREF_NAME":"愛知県","CITY_NAME":"名古屋市瑞穂区","S_NAME":"太田町三丁目","HCODE":8101,"AREA":17064.793,"KIGO_E":"","JINKO":241,"SETAI":131,"X_CODE":136.922053,"Y_CODE":35.137817},"geometry":{"type":"Polygon","coordinates":[[[136.922881,35.138288],[136.92283,35.137933],[136.922769,35.137679],[136.922696,35.137479],[136.922664,35.137413],[136.92242,35.137475],[136.92238,35.137442],[136.922369,35.137432],[136.922195,35.137455],[136.922181,35.137456],[136.922179,35.13745],[136.922152,35.137083],[136.922342,35.13707],[136.922331,35.136935],[136.922147,35.13699],[136.921671,35.137122],[136.921497,35.137142],[136.92137,35.137581],[136.921286,35.137579],[136.921277,35.137803],[136.921332,35.137803],[136.921295,35.138282],[136.921526,35.13829],[136.921519,35.138385],[136.921698,35.138385],[136.921983,35.138393],[136.921983,35.138388],[136.922056,35.138335],[136.92216,35.13834],[136.922182,35.138409],[136.922316,35.138422],[136.922345,35.138284],[136.922421,35.138301],[136.922435,35.138331],[136.922577,35.138347],[136.922608,35.138523],[136.922866,35.138529],[136.92289,35.138388],[136.922881,35.138288]]]}},{"type":"Feature","id":"23108013004","properties":{"KEY_CODE":"23108013004","PREF":"23","CITY":"108","S_AREA":"013004","PREF_NAME":"愛知県","CITY_NAME":"名古屋市瑞穂区","S_NAME":"太田町四丁目","HCODE":8101,"AREA":17575.474,"KIGO_E":"","JINKO":136,"SETAI":57,"X_CODE":136.923835,"Y_CODE":35.137652},"geometry":{"type":"Polygon","coordinates":[[[136.924997,35.137863],[136.924977,35.137172],[136.924516,35.137203],[136.924298,35.137175],[136.924121,35.137159],[136.923662,35.13719],[136.923616,35.13721],[136.923211,35.137382],[136.922696,35.137479],[136.922769,35.137679],[136.92283,35.137933],[136.922881,35.138288],[136.923309,35.138219],[136.923767,35.138158],[136.923806,35.138139],[136.923811,35.137962],[136.92384,35.137956],[136.924023,35.137918],[136.924414,35.137879],[136.924997,35.137863]]]}},{"type":"Feature","id":"23108014001","properties":{"KEY_CODE":"23108014001","PREF":"23","CITY":"108","S_AREA":"014001","PREF_NAME":"愛知県","CITY_NAME":"名古屋市瑞穂区","S_NAME":"御莨町一丁目","HCODE":8101,"AREA":614.423,"KIGO_E":"E2","JINKO":0,"SETAI":0,"X_CODE":136.939027,"Y_CODE":35.134954},"geometry":{"type":"Polygon","coordinates":[[[136.939148,35.134777],[136.938955,35.134768],[136.938938,35.13496],[136.938937,35.134976],[136.938961,35.13498],[136.93895,35.13517],[136.939068,35.135177],[136.939095,35.134974],[136.939148,35.134777]]]}},{"type":"Feature","id":"23108014001","properties":{"KEY_CODE":"23108014001","PREF":"23","CITY":"108","S_AREA":"014001","PREF_NAME":"愛知県","CITY_NAME":"名古屋市瑞穂区","S_NAME":"御莨町一丁目","HCODE":8101,"AREA":4526.529,"KIGO_E":"E1","JINKO":73,"SETAI":28,"X_CODE":136.941064,"Y_CODE":35.135073},"geometry":{"type":"Polygon","coordinates":[[[136.941332,35.134889],[136.940454,35.13483],[136.940575,35.13507],[136.940571,35.135088],[136.940563,35.135268],[136.94131,35.135311],[136.941358,35.135327],[136.941626,35.135184],[136.941628,35.135143],[136.941644,35.134909],[136.941645,35.134908],[136.941604,35.134907],[136.941332,35.134889]]]}},{"type":"Feature","id":"23108014002","properties":{"KEY_CODE":"23108014002","PREF":"23","CITY":"108","S_AREA":"014002","PREF_NAME":"愛知県","CITY_NAME":"名古屋市瑞穂区","S_NAME":"御莨町二丁目","HCODE":8101,"AREA":23456.556,"KIGO_E":"","JINKO":133,"SETAI":47,"X_CODE":136.940178,"Y_CODE":35.134813},"geometry":{"type":"Polygon","coordinates":[[[136.940575,35.13507],[136.940454,35.13483],[136.941332,35.134889],[136.941604,35.134907],[136.941645,35.134908],[136.941692,35.134908],[136.941761,35.134962],[136.941822,35.134968],[136.941885,35.134974],[136.941905,35.13488],[136.941919,35.134815],[136.941921,35.134795],[136.941926,35.134752],[136.942,35.134527],[136.941929,35.134523],[136.941353,35.134482],[136.94137,35.134261],[136.941172,35.134249],[136.941152,35.134467],[136.940392,35.134412],[136.94041,35.134364],[136.940516,35.134212],[136.94018,35.134194],[136.94005,35.134405],[136.939323,35.134347],[136.938957,35.134317],[136.938932,35.134529],[136.938896,35.134528],[136.938845,35.134526],[136.938818,35.134762],[136.938881,35.134764],[136.938955,35.134768],[136.939148,35.134777],[136.939095,35.134974],[136.939068,35.135177],[136.939053,35.135398],[136.940067,35.135455],[136.940479,35.135479],[136.940563,35.135268],[136.940571,35.135088],[136.940575,35.13507]]]}},{"type":"Feature","id":"23108014003","properties":{"KEY_CODE":"23108014003","PREF":"23","CITY":"108","S_AREA":"014003","PREF_NAME":"愛知県","CITY_NAME":"名古屋市瑞穂区","S_NAME":"御莨町三丁目","HCODE":8101,"AREA":4588.633,"KIGO_E":"E1","JINKO":129,"SETAI":45,"X_CODE":136.939501,"Y_CODE":35.134169},"geometry":{"type":"Polygon","coordinates":[[[136.939539,35.133963],[136.938984,35.133927],[136.93897,35.134119],[136.938891,35.134123],[136.938871,35.134307],[136.93891,35.134311],[136.93891,35.134313],[136.938957,35.134317],[136.939323,35.134347],[136.94005,35.134405],[136.94018,35.134194],[136.939995,35.134184],[136.940013,35.133994],[136.939539,35.133963]]]}},{"type":"Feature","id":"23108014003","properties":{"KEY_CODE":"23108014003","PREF":"23","CITY":"108","S_AREA":"014003","PREF_NAME":"愛知県","CITY_NAME":"名古屋市瑞穂区","S_NAME":"御莨町三丁目","HCODE":8101,"AREA":3604.246,"KIGO_E":"E2","JINKO":0,"SETAI":0,"X_CODE":136.941961,"Y_CODE":35.134332},"geometry":{"type":"Polygon","coordinates":[[[136.942382,35.134326],[136.942355,35.134063],[136.942279,35.13406],[136.942279,35.134059],[136.942068,35.134056],[136.942064,35.134109],[136.94184,35.134093],[136.94182,35.134277],[136.941819,35.134286],[136.94137,35.134261],[136.941353,35.134482],[136.941929,35.134523],[136.942,35.134527],[136.942327,35.134543],[136.942327,35.134544],[136.942409,35.134553],[136.9424,35.134499],[136.942382,35.134326]]]}},{"type":"Feature","id":"23108014003","properties":{"KEY_CODE":"23108014003","PREF":"23","CITY":"108","S_AREA":"014003","PREF_NAME":"愛知県","CITY_NAME":"名古屋市瑞穂区","S_NAME":"御莨町三丁目","HCODE":8101,"AREA":1544.078,"KIGO_E":"E3","JINKO":0,"SETAI":0,"X_CODE":136.940807,"Y_CODE":35.134338},"geometry":{"type":"Polygon","coordinates":[[[136.941172,35.134249],[136.940516,35.134212],[136.94041,35.134364],[136.940392,35.134412],[136.941152,35.134467],[136.941172,35.134249]]]}},{"type":"Feature","id":"23108014004","properties":{"KEY_CODE":"23108014004","PREF":"23","CITY":"108","S_AREA":"014004","PREF_NAME":"愛知県","CITY_NAME":"名古屋市瑞穂区","S_NAME":"御莨町四丁目","HCODE":8101,"AREA":25938.187,"KIGO_E":"","JINKO":51,"SETAI":22,"X_CODE":136.940818,"Y_CODE":35.133721},"geometry":{"type":"Polygon","coordinates":[[[136.94182,35.134277],[136.94184,35.134093],[136.942064,35.134109],[136.942068,35.134056],[136.942279,35.134059],[136.942279,35.13406],[136.942355,35.134063],[136.942352,35.134042],[136.942322,35.133698],[136.942261,35.133695],[136.942261,35.133694],[136.941885,35.133678],[136.941934,35.133222],[136.941508,35.133189],[136.941414,35.133058],[136.941312,35.133139],[136.941088,35.133165],[136.940964,35.133112],[136.940847,35.133106],[136.940355,35.133052],[136.940319,35.13332],[136.940305,35.133567],[136.940051,35.133562],[136.940053,35.133543],[136.939788,35.133521],[136.939074,35.133478],[136.939045,35.133712],[136.939,35.13371],[136.938984,35.133927],[136.939539,35.133963],[136.940013,35.133994],[136.939995,35.134184],[136.94018,35.134194],[136.940516,35.134212],[136.941172,35.134249],[136.94137,35.134261],[136.941819,35.134286],[136.94182,35.134277]]]}},{"type":"Feature","id":"23108014005","properties":{"KEY_CODE":"23108014005","PREF":"23","CITY":"108","S_AREA":"014005","PREF_NAME":"愛知県","CITY_NAME":"名古屋市瑞穂区","S_NAME":"御莨町五丁目","HCODE":8101,"AREA":7617.518,"KIGO_E":"E1","JINKO":141,"SETAI":54,"X_CODE":136.93962,"Y_CODE":35.133251},"geometry":{"type":"Polygon","coordinates":[[[136.940063,35.13302],[136.939069,35.132909],[136.938916,35.133241],[136.938805,35.133461],[136.939074,35.133478],[136.939788,35.133521],[136.940053,35.133543],[136.940051,35.133562],[136.940305,35.133567],[136.940319,35.13332],[136.940355,35.133052],[136.940063,35.13302]]]}},{"type":"Feature","id":"23108014005","properties":{"KEY_CODE":"23108014005","PREF":"23","CITY":"108","S_AREA":"014005","PREF_NAME":"愛知県","CITY_NAME":"名古屋市瑞穂区","S_NAME":"御莨町五丁目","HCODE":8101,"AREA":2937.968,"KIGO_E":"E2","JINKO":0,"SETAI":0,"X_CODE":136.942144,"Y_CODE":35.133353},"geometry":{"type":"Polygon","coordinates":[[[136.942359,35.133269],[136.942418,35.132953],[136.942404,35.132957],[136.942326,35.132972],[136.942319,35.133025],[136.941953,35.133047],[136.941934,35.133222],[136.941885,35.133678],[136.942261,35.133694],[136.942261,35.133695],[136.942322,35.133698],[136.942322,35.133696],[136.942336,35.133545],[136.942342,35.133472],[136.942345,35.13344],[136.942359,35.133269]]]}},{"type":"Feature","id":"23108015001","properties":{"KEY_CODE":"23108015001","PREF":"23","CITY":"108","S_AREA":"015001","PREF_NAME":"愛知県","CITY_NAME":"名古屋市瑞穂区","S_NAME":"大殿町一丁目","HCODE":8101,"AREA":6815.439,"KIGO_E":"","JINKO":75,"SETAI":28,"X_CODE":136.939734,"Y_CODE":35.132648},"geometry":{"type":"Polygon","coordinates":[[[136.940425,35.132399],[136.939403,35.132273],[136.939261,35.132523],[136.939069,35.132909],[136.940063,35.13302],[136.940263,35.132655],[136.940425,35.132399]]]}},{"type":"Feature","id":"23108015002","properties":{"KEY_CODE":"23108015002","PREF":"23","CITY":"108","S_AREA":"015002","PREF_NAME":"愛知県","CITY_NAME":"名古屋市瑞穂区","S_NAME":"大殿町二丁目","HCODE":8101,"AREA":9082.943,"KIGO_E":"","JINKO":181,"SETAI":69,"X_CODE":136.940927,"Y_CODE":35.132784},"geometry":{"type":"Polygon","coordinates":[[[136.941777,35.132571],[136.940425,35.132399],[136.940263,35.132655],[136.940063,35.13302],[136.940355,35.133052],[136.940847,35.133106],[136.940964,35.133112],[136.941088,35.133165],[136.941312,35.133139],[136.941414,35.133058],[136.941703,35.132832],[136.941767,35.132821],[136.941777,35.132571]]]}},{"type":"Feature","id":"23108015003","properties":{"KEY_CODE":"23108015003","PREF":"23","CITY":"108","S_AREA":"015003","PREF_NAME":"愛知県","CITY_NAME":"名古屋市瑞穂区","S_NAME":"大殿町三丁目","HCODE":8101,"AREA":5524.864,"KIGO_E":"","JINKO":47,"SETAI":32,"X_CODE":136.942031,"Y_CODE":35.132792},"geometry":{"type":"Polygon","coordinates":[[[136.942481,35.1327],[136.94255,35.132416],[136.942532,35.132414],[136.942532,35.132414],[136.942165,35.132377],[136.942125,35.132373],[136.942094,35.132476],[136.941782,35.132442],[136.941777,35.132571],[136.941767,35.132821],[136.941703,35.132832],[136.941414,35.133058],[136.941508,35.133189],[136.941934,35.133222],[136.941953,35.133047],[136.942319,35.133025],[136.942326,35.132972],[136.942404,35.132957],[136.942418,35.132953],[136.942445,35.132846],[136.94245,35.132825],[136.942481,35.1327]]]}},{"type":"Feature","id":"23108015004","properties":{"KEY_CODE":"23108015004","PREF":"23","CITY":"108","S_AREA":"015004","PREF_NAME":"愛知県","CITY_NAME":"名古屋市瑞穂区","S_NAME":"大殿町四丁目","HCODE":8101,"AREA":14766.311,"KIGO_E":"","JINKO":82,"SETAI":31,"X_CODE":136.943167,"Y_CODE":35.132214},"geometry":{"type":"Polygon","coordinates":[[[136.943113,35.132835],[136.943163,35.132734],[136.943436,35.132835],[136.94349,35.132746],[136.943558,35.132636],[136.943645,35.13252],[136.943732,35.132403],[136.943898,35.132182],[136.944133,35.13194],[136.944134,35.131939],[136.943338,35.131648],[136.943136,35.131592],[136.943094,35.131563],[136.942807,35.131365],[136.942792,35.131441],[136.942698,35.131818],[136.942665,35.131953],[136.942636,35.132069],[136.942611,35.13217],[136.94255,35.132416],[136.942481,35.1327],[136.94245,35.132825],[136.942445,35.132846],[136.942886,35.132912],[136.943083,35.132895],[136.943113,35.132835]]]}},{"type":"Feature","id":"23108016001","properties":{"KEY_CODE":"23108016001","PREF":"23","CITY":"108","S_AREA":"016001","PREF_NAME":"愛知県","CITY_NAME":"名古屋市瑞穂区","S_NAME":"鍵田町一丁目","HCODE":8101,"AREA":27359.018,"KIGO_E":"","JINKO":246,"SETAI":107,"X_CODE":136.932045,"Y_CODE":35.120204},"geometry":{"type":"Polygon","coordinates":[[[136.93327,35.119711],[136.93235,35.119638],[136.932354,35.1196],[136.932133,35.119583],[136.93213,35.119641],[136.931758,35.119605],[136.931763,35.119559],[136.931089,35.11951],[136.93117,35.11972],[136.930783,35.119931],[136.93097,35.120203],[136.93095,35.120344],[136.930942,35.120401],[136.930741,35.120447],[136.930656,35.12049],[136.93065,35.120531],[136.930466,35.120651],[136.930866,35.120681],[136.930911,35.120685],[136.931317,35.120715],[136.931607,35.120737],[136.931636,35.120739],[136.932645,35.120814],[136.933173,35.120854],[136.933175,35.120839],[136.933177,35.120816],[136.933197,35.120631],[136.933179,35.12063],[136.933203,35.120395],[136.933252,35.119921],[136.93327,35.119711]]]}},{"type":"Feature","id":"23108016002","properties":{"KEY_CODE":"23108016002","PREF":"23","CITY":"108","S_AREA":"016002","PREF_NAME":"愛知県","CITY_NAME":"名古屋市瑞穂区","S_NAME":"鍵田町二丁目","HCODE":8101,"AREA":28632.275,"KIGO_E":"","JINKO":297,"SETAI":141,"X_CODE":136.93446,"Y_CODE":35.120387},"geometry":{"type":"Polygon","coordinates":[[[136.935656,35.121035],[136.935688,35.12081],[136.935725,35.120601],[136.935729,35.120573],[136.935695,35.12057],[136.935754,35.120195],[136.935779,35.120034],[136.935531,35.120008],[136.935549,35.119893],[136.934851,35.11984],[136.933544,35.119733],[136.933542,35.119794],[136.933372,35.11979],[136.933375,35.119719],[136.93327,35.119711],[136.933252,35.119921],[136.933203,35.120395],[136.933179,35.12063],[136.933197,35.120631],[136.933177,35.120816],[136.933175,35.120839],[136.933173,35.120854],[136.934642,35.12097],[136.935374,35.121027],[136.935376,35.121015],[136.935591,35.121032],[136.935591,35.121031],[136.935656,35.121035]]]}},{"type":"Feature","id":"23108017001","properties":{"KEY_CODE":"23108017001","PREF":"23","CITY":"108","S_AREA":"017001","PREF_NAME":"愛知県","CITY_NAME":"名古屋市瑞穂区","S_NAME":"柏木町一丁目","HCODE":8101,"AREA":30386.231,"KIGO_E":"","JINKO":182,"SETAI":68,"X_CODE":136.957589,"Y_CODE":35.128048},"geometry":{"type":"Polygon","coordinates":[[[136.959207,35.128623],[136.959263,35.128454],[136.959266,35.128443],[136.959326,35.128236],[136.959271,35.128213],[136.958621,35.127947],[136.958496,35.127899],[136.958382,35.127821],[136.957646,35.127533],[136.956637,35.127139],[136.956466,35.127212],[136.956068,35.127381],[136.956244,35.127617],[136.95622,35.127628],[136.956009,35.127719],[136.955982,35.127731],[136.95614,35.127863],[136.956382,35.128065],[136.956347,35.12809],[136.956499,35.128255],[136.956874,35.128613],[136.957019,35.128567],[136.957164,35.128536],[136.957526,35.128516],[136.957767,35.128537],[136.958085,35.128621],[136.958682,35.128783],[136.959052,35.128882],[136.959127,35.128893],[136.959207,35.128623]]]}},{"type":"Feature","id":"23108017002","properties":{"KEY_CODE":"23108017002","PREF":"23","CITY":"108","S_AREA":"017002","PREF_NAME":"愛知県","CITY_NAME":"名古屋市瑞穂区","S_NAME":"柏木町二丁目","HCODE":8101,"AREA":33353.304,"KIGO_E":"","JINKO":189,"SETAI":80,"X_CODE":136.958505,"Y_CODE":35.127159},"geometry":{"type":"Polygon","coordinates":[[[136.958828,35.126446],[136.958797,35.126445],[136.957977,35.126489],[136.957776,35.126503],[136.957281,35.12677],[136.957263,35.12678],[136.956637,35.127139],[136.957646,35.127533],[136.958382,35.127821],[136.958496,35.127899],[136.958621,35.127947],[136.959271,35.128213],[136.959326,35.128236],[136.959543,35.127442],[136.959638,35.127163],[136.959759,35.126868],[136.95979,35.126791],[136.959809,35.126745],[136.959813,35.126735],[136.959831,35.126691],[136.959871,35.126596],[136.959897,35.126534],[136.95983,35.126532],[136.959742,35.126529],[136.958877,35.126448],[136.958828,35.126446]]]}},{"type":"Feature","id":"23108018001","properties":{"KEY_CODE":"23108018001","PREF":"23","CITY":"108","S_AREA":"018001","PREF_NAME":"愛知県","CITY_NAME":"名古屋市瑞穂区","S_NAME":"片坂町一丁目","HCODE":8101,"AREA":22238.812,"KIGO_E":"","JINKO":357,"SETAI":162,"X_CODE":136.944028,"Y_CODE":35.116496},"geometry":{"type":"Polygon","coordinates":[[[136.944669,35.115553],[136.944676,35.115531],[136.944186,35.115552],[136.943641,35.115576],[136.943553,35.115957],[136.94346,35.116354],[136.943368,35.116752],[136.943266,35.117192],[136.94322,35.117391],[136.943299,35.117391],[136.943569,35.117393],[136.944485,35.117398],[136.944517,35.117197],[136.944586,35.11675],[136.944655,35.116308],[136.94469,35.116297],[136.944755,35.115923],[136.944717,35.11591],[136.944669,35.115553]]]}},{"type":"Feature","id":"23108018002","properties":{"KEY_CODE":"23108018002","PREF":"23","CITY":"108","S_AREA":"018002","PREF_NAME":"愛知県","CITY_NAME":"名古屋市瑞穂区","S_NAME":"片坂町二丁目","HCODE":8101,"AREA":23068.846,"KIGO_E":"","JINKO":254,"SETAI":126,"X_CODE":136.945231,"Y_CODE":35.11648},"geometry":{"type":"Polygon","coordinates":[[[136.945858,35.117406],[136.945857,35.117394],[136.945845,35.1172],[136.945837,35.116922],[136.945792,35.116772],[136.945773,35.116708],[136.94581,35.11623],[136.945853,35.115874],[136.945907,35.115478],[136.945286,35.115506],[136.944676,35.115531],[136.944669,35.115553],[136.944717,35.11591],[136.944755,35.115923],[136.94469,35.116297],[136.944655,35.116308],[136.944586,35.11675],[136.944517,35.117197],[136.944485,35.117398],[136.944499,35.117397],[136.945858,35.117406]]]}},{"type":"Feature","id":"23108018003","properties":{"KEY_CODE":"23108018003","PREF":"23","CITY":"108","S_AREA":"018003","PREF_NAME":"愛知県","CITY_NAME":"名古屋市瑞穂区","S_NAME":"片坂町三丁目","HCODE":8101,"AREA":27525.728,"KIGO_E":"","JINKO":316,"SETAI":159,"X_CODE":136.946523,"Y_CODE":35.116407},"geometry":{"type":"Polygon","coordinates":[[[136.947235,35.115515],[136.947244,35.115289],[136.945907,35.115478],[136.945853,35.115874],[136.94581,35.11623],[136.945773,35.116708],[136.945792,35.116772],[136.945837,35.116922],[136.945845,35.1172],[136.945857,35.117394],[136.946095,35.117394],[136.947239,35.117396],[136.947236,35.11723],[136.947204,35.116697],[136.947182,35.116219],[136.947183,35.116201],[136.947119,35.115879],[136.947075,35.115727],[136.947235,35.115515]]]}},{"type":"Feature","id":"23108019001","properties":{"KEY_CODE":"23108019001","PREF":"23","CITY":"108","S_AREA":"019001","PREF_NAME":"愛知県","CITY_NAME":"名古屋市瑞穂区","S_NAME":"甲山町一丁目","HCODE":8101,"AREA":36684.437,"KIGO_E":"","JINKO":369,"SETAI":169,"X_CODE":136.933909,"Y_CODE":35.123934},"geometry":{"type":"Polygon","coordinates":[[[136.933364,35.12484],[136.933368,35.124685],[136.933382,35.124686],[136.934132,35.12474],[136.934165,35.124513],[136.934418,35.124534],[136.934447,35.124325],[136.934865,35.124349],[136.935131,35.124374],[136.935185,35.123984],[136.935299,35.12317],[136.935057,35.123152],[136.934355,35.123104],[136.934362,35.123053],[136.933723,35.122997],[136.93356,35.123127],[136.93296,35.123608],[136.93287,35.123701],[136.932575,35.123834],[136.932706,35.124282],[136.932789,35.124471],[136.932753,35.124641],[136.932752,35.124656],[136.932717,35.124989],[136.932715,35.125003],[136.932782,35.125119],[136.932786,35.125127],[136.933364,35.124912],[136.933364,35.124868],[136.933364,35.12484]]]}},{"type":"Feature","id":"23108019002","properties":{"KEY_CODE":"23108019002","PREF":"23","CITY":"108","S_AREA":"019002","PREF_NAME":"愛知県","CITY_NAME":"名古屋市瑞穂区","S_NAME":"甲山町二丁目","HCODE":8101,"AREA":23734.999,"KIGO_E":"","JINKO":208,"SETAI":89,"X_CODE":136.934361,"Y_CODE":35.122441},"geometry":{"type":"Polygon","coordinates":[[[136.934526,35.121876],[136.933067,35.121769],[136.933067,35.12177],[136.933021,35.122163],[136.933537,35.122207],[136.933501,35.122454],[136.933529,35.1226],[136.93357,35.122675],[136.933581,35.122697],[136.933678,35.122886],[136.933723,35.122997],[136.934362,35.123053],[136.934355,35.123104],[136.935057,35.123152],[136.935299,35.12317],[136.935335,35.123172],[136.935353,35.123069],[136.935399,35.122799],[136.935453,35.122352],[136.935413,35.122349],[136.935167,35.12233],[136.935231,35.121928],[136.934526,35.121876]]]}},{"type":"Feature","id":"23108020001","properties":{"KEY_CODE":"23108020001","PREF":"23","CITY":"108","S_AREA":"020001","PREF_NAME":"愛知県","CITY_NAME":"名古屋市瑞穂区","S_NAME":"釜塚町一丁目","HCODE":8101,"AREA":22293.714,"KIGO_E":"","JINKO":304,"SETAI":162,"X_CODE":136.941376,"Y_CODE":35.116882},"geometry":{"type":"Polygon","coordinates":[[[136.939448,35.117547],[136.940235,35.117338],[136.940221,35.117447],[136.94021,35.117533],[136.940729,35.117419],[136.941345,35.11741],[136.942157,35.117399],[136.942224,35.117182],[136.942409,35.116399],[136.942565,35.115722],[136.942484,35.11577],[136.941971,35.116077],[136.941929,35.116102],[136.941674,35.116255],[136.940919,35.116706],[136.940619,35.116877],[136.940365,35.11701],[136.940352,35.117017],[136.939753,35.117266],[136.93958,35.117331],[136.939417,35.117423],[136.939244,35.117496],[136.939287,35.117539],[136.939448,35.117547]]]}},{"type":"Feature","id":"23108020002","properties":{"KEY_CODE":"23108020002","PREF":"23","CITY":"108","S_AREA":"020002","PREF_NAME":"愛知県","CITY_NAME":"名古屋市瑞穂区","S_NAME":"釜塚町二丁目","HCODE":8101,"AREA":21756.363,"KIGO_E":"","JINKO":238,"SETAI":107,"X_CODE":136.94297,"Y_CODE":35.11635},"geometry":{"type":"Polygon","coordinates":[[[136.942157,35.117399],[136.942697,35.117386],[136.94322,35.117391],[136.943266,35.117192],[136.943368,35.116752],[136.94346,35.116354],[136.943553,35.115957],[136.943641,35.115576],[136.943776,35.114995],[136.943231,35.115279],[136.943178,35.115307],[136.943059,35.115377],[136.942565,35.115722],[136.942409,35.116399],[136.942224,35.117182],[136.942157,35.117399]]]}},{"type":"Feature","id":"23108021001","properties":{"KEY_CODE":"23108021001","PREF":"23","CITY":"108","S_AREA":"021001","PREF_NAME":"愛知県","CITY_NAME":"名古屋市瑞穂区","S_NAME":"上坂町一丁目","HCODE":8101,"AREA":21340.091,"KIGO_E":"","JINKO":292,"SETAI":165,"X_CODE":136.921951,"Y_CODE":35.125548},"geometry":{"type":"Polygon","coordinates":[[[136.923174,35.126019],[136.923114,35.125833],[136.923118,35.125775],[136.923135,35.125563],[136.92313,35.125346],[136.923105,35.125267],[136.922923,35.12523],[136.922895,35.125193],[136.922896,35.125183],[136.922702,35.125172],[136.922707,35.125099],[136.922591,35.125088],[136.922431,35.125081],[136.922399,35.12508],[136.922397,35.125093],[136.922097,35.125066],[136.922098,35.125057],[136.922092,35.125056],[136.921824,35.125032],[136.921468,35.125004],[136.921468,35.125096],[136.921228,35.125076],[136.921193,35.125074],[136.921199,35.125057],[136.920898,35.12503],[136.920893,35.125056],[136.920867,35.12522],[136.920988,35.125228],[136.920969,35.125404],[136.920741,35.125392],[136.920716,35.125605],[136.92075,35.125608],[136.920706,35.125882],[136.921095,35.125914],[136.921081,35.125989],[136.921875,35.126012],[136.922331,35.126013],[136.922784,35.126021],[136.923174,35.126019]]]}},{"type":"Feature","id":"23108021002","properties":{"KEY_CODE":"23108021002","PREF":"23","CITY":"108","S_AREA":"021002","PREF_NAME":"愛知県","CITY_NAME":"名古屋市瑞穂区","S_NAME":"上坂町二丁目","HCODE":8101,"AREA":17904.687,"KIGO_E":"","JINKO":245,"SETAI":131,"X_CODE":136.922061,"Y_CODE":35.124644},"geometry":{"type":"Polygon","coordinates":[[[136.922896,35.125183],[136.922921,35.124906],[136.922941,35.1247],[136.9231,35.12471],[136.92313,35.124688],[136.923128,35.124669],[136.92313,35.124526],[136.923309,35.124278],[136.923307,35.124278],[136.923308,35.124277],[136.923368,35.124244],[136.923383,35.124231],[136.923442,35.1242],[136.923443,35.124195],[136.923366,35.124191],[136.923366,35.124193],[136.92312,35.124183],[136.923107,35.124263],[136.923101,35.124296],[136.922982,35.124277],[136.92288,35.12426],[136.922518,35.12423],[136.92252,35.124217],[136.921647,35.124154],[136.921632,35.124239],[136.92137,35.124215],[136.921348,35.124329],[136.921098,35.124309],[136.921081,35.124447],[136.921188,35.124457],[136.921178,35.124602],[136.920977,35.124586],[136.920963,35.124776],[136.920818,35.124766],[136.920788,35.125001],[136.9209,35.125013],[136.920898,35.12503],[136.921199,35.125057],[136.921193,35.125074],[136.921228,35.125076],[136.921468,35.125096],[136.921468,35.125004],[136.921824,35.125032],[136.922092,35.125056],[136.922098,35.125057],[136.922097,35.125066],[136.922397,35.125093],[136.922399,35.12508],[136.922431,35.125081],[136.922591,35.125088],[136.922707,35.125099],[136.922702,35.125172],[136.922896,35.125183]]]}},{"type":"Feature","id":"231080220","properties":{"KEY_CODE":"231080220","PREF":"23","CITY":"108","S_AREA":"022090","PREF_NAME":"愛知県","CITY_NAME":"名古屋市瑞穂区","S_NAME":"神穂町","HCODE":8101,"AREA":95087.037,"KIGO_E":"","JINKO":643,"SETAI":264,"X_CODE":136.923103,"Y_CODE":35.11258},"geometry":{"type":"Polygon","coordinates":[[[136.922928,35.109217],[136.922758,35.109026],[136.922636,35.109698],[136.922635,35.109709],[136.922634,35.109715],[136.92248,35.110618],[136.922344,35.111506],[136.922338,35.111539],[136.92226,35.111994],[136.922187,35.112416],[136.922079,35.113034],[136.922017,35.113393],[136.921872,35.114244],[136.92185,35.114377],[136.921767,35.114893],[136.921767,35.114935],[136.921769,35.115022],[136.921766,35.115075],[136.921762,35.115116],[136.921754,35.115192],[136.921939,35.115118],[136.92194,35.115117],[136.922149,35.115027],[136.92286,35.114815],[136.923212,35.114705],[136.924097,35.114424],[136.924647,35.114248],[136.924656,35.114107],[136.924673,35.113832],[136.924753,35.113324],[136.923624,35.113201],[136.923796,35.112153],[136.923859,35.111768],[136.923931,35.111222],[136.924167,35.111179],[136.924535,35.111163],[136.924092,35.110696],[136.924039,35.11065],[136.923782,35.110477],[136.923566,35.110205],[136.923403,35.109963],[136.923342,35.109873],[136.92309,35.10946],[136.922928,35.109217]]]}},{"type":"Feature","id":"23108023001","properties":{"KEY_CODE":"23108023001","PREF":"23","CITY":"108","S_AREA":"023001","PREF_NAME":"愛知県","CITY_NAME":"名古屋市瑞穂区","S_NAME":"神前町一丁目","HCODE":8101,"AREA":28319.651,"KIGO_E":"","JINKO":312,"SETAI":140,"X_CODE":136.931754,"Y_CODE":35.121297},"geometry":{"type":"Polygon","coordinates":[[[136.930498,35.121971],[136.930964,35.121866],[136.930971,35.121869],[136.931064,35.121908],[136.931102,35.121921],[136.931521,35.121877],[136.93166,35.121862],[136.932142,35.121814],[136.932345,35.121793],[136.932775,35.12175],[136.933067,35.12177],[136.933067,35.121769],[136.933069,35.121752],[136.93312,35.121314],[136.933173,35.120854],[136.932645,35.120814],[136.931636,35.120739],[136.931607,35.120737],[136.931317,35.120715],[136.930911,35.120685],[136.930866,35.120681],[136.930466,35.120651],[136.930517,35.120734],[136.930553,35.120843],[136.930585,35.121116],[136.930584,35.121126],[136.93054,35.121559],[136.930499,35.121954],[136.930498,35.121971]]]}},{"type":"Feature","id":"23108023002","properties":{"KEY_CODE":"23108023002","PREF":"23","CITY":"108","S_AREA":"023002","PREF_NAME":"愛知県","CITY_NAME":"名古屋市瑞穂区","S_NAME":"神前町二丁目","HCODE":8101,"AREA":22731.155,"KIGO_E":"","JINKO":309,"SETAI":187,"X_CODE":136.934345,"Y_CODE":35.1214},"geometry":{"type":"Polygon","coordinates":[[[136.935234,35.121911],[136.935241,35.121865],[136.93548,35.121887],[136.93548,35.121888],[136.935533,35.121893],[136.935586,35.12151],[136.935587,35.12151],[136.935656,35.121035],[136.935591,35.121031],[136.935591,35.121032],[136.935376,35.121015],[136.935374,35.121027],[136.934642,35.12097],[136.933173,35.120854],[136.93312,35.121314],[136.933069,35.121752],[136.933067,35.121769],[136.934526,35.121876],[136.935231,35.121928],[136.935234,35.121911]]]}},{"type":"Feature","id":"23108024001","properties":{"KEY_CODE":"23108024001","PREF":"23","CITY":"108","S_AREA":"024001","PREF_NAME":"愛知県","CITY_NAME":"名古屋市瑞穂区","S_NAME":"上山町一丁目","HCODE":8101,"AREA":10546.43,"KIGO_E":"","JINKO":64,"SETAI":29,"X_CODE":136.946156,"Y_CODE":35.138135},"geometry":{"type":"Polygon","coordinates":[[[136.947009,35.138289],[136.946748,35.137606],[136.945842,35.137861],[136.945456,35.137968],[136.945359,35.137995],[136.945475,35.138293],[136.945284,35.138351],[136.945331,35.138591],[136.946079,35.138491],[136.946339,35.138454],[136.946978,35.138297],[136.947009,35.138289]]]}},{"type":"Feature","id":"23108024002","properties":{"KEY_CODE":"23108024002","PREF":"23","CITY":"108","S_AREA":"024002","PREF_NAME":"愛知県","CITY_NAME":"名古屋市瑞穂区","S_NAME":"上山町二丁目","HCODE":8101,"AREA":11712.179,"KIGO_E":"","JINKO":121,"SETAI":48,"X_CODE":136.947762,"Y_CODE":35.137786},"geometry":{"type":"Polygon","coordinates":[[[136.947095,35.138267],[136.947664,35.138126],[136.948551,35.137905],[136.948827,35.137928],[136.94869,35.137367],[136.947433,35.137522],[136.946748,35.137606],[136.947009,35.138289],[136.947017,35.138287],[136.947095,35.138267]]]}},{"type":"Feature","id":"23108024003","properties":{"KEY_CODE":"23108024003","PREF":"23","CITY":"108","S_AREA":"024003","PREF_NAME":"愛知県","CITY_NAME":"名古屋市瑞穂区","S_NAME":"上山町三丁目","HCODE":8101,"AREA":12580.729,"KIGO_E":"","JINKO":59,"SETAI":27,"X_CODE":136.949724,"Y_CODE":35.137645},"geometry":{"type":"Polygon","coordinates":[[[136.950535,35.138064],[136.950632,35.137256],[136.949704,35.137309],[136.949662,35.137311],[136.94869,35.137367],[136.948827,35.137928],[136.948828,35.137934],[136.949642,35.137987],[136.949702,35.137992],[136.950452,35.138051],[136.950535,35.138064]]]}},{"type":"Feature","id":"23108024004","properties":{"KEY_CODE":"23108024004","PREF":"23","CITY":"108","S_AREA":"024004","PREF_NAME":"愛知県","CITY_NAME":"名古屋市瑞穂区","S_NAME":"上山町四丁目","HCODE":8101,"AREA":10176.99,"KIGO_E":"","JINKO":106,"SETAI":51,"X_CODE":136.951164,"Y_CODE":35.13775},"geometry":{"type":"Polygon","coordinates":[[[136.951777,35.138277],[136.951656,35.137321],[136.951614,35.137324],[136.95136,35.137304],[136.951321,35.1373],[136.951309,35.137299],[136.951277,35.137297],[136.950671,35.137258],[136.950632,35.137256],[136.950535,35.138064],[136.951277,35.138203],[136.951308,35.138209],[136.951571,35.138257],[136.95173,35.138272],[136.951777,35.138277]]]}},{"type":"Feature","id":"23108025001","properties":{"KEY_CODE":"23108025001","PREF":"23","CITY":"108","S_AREA":"025001","PREF_NAME":"愛知県","CITY_NAME":"名古屋市瑞穂区","S_NAME":"亀城町一丁目","HCODE":8101,"AREA":11365.894,"KIGO_E":"","JINKO":103,"SETAI":58,"X_CODE":136.920085,"Y_CODE":35.135534},"geometry":{"type":"Polygon","coordinates":[[[136.920698,35.135611],[136.920747,35.135096],[136.920302,35.135092],[136.92011,35.135073],[136.920104,35.135147],[136.919913,35.135137],[136.919913,35.135069],[136.91948,35.13506],[136.919436,35.135582],[136.919398,35.135914],[136.920024,35.13595],[136.920024,35.135991],[136.920644,35.136055],[136.920698,35.135611]]]}},{"type":"Feature","id":"23108025002","properties":{"KEY_CODE":"23108025002","PREF":"23","CITY":"108","S_AREA":"025002","PREF_NAME":"愛知県","CITY_NAME":"名古屋市瑞穂区","S_NAME":"亀城町二丁目","HCODE":8101,"AREA":15913.216,"KIGO_E":"","JINKO":165,"SETAI":84,"X_CODE":136.921489,"Y_CODE":35.135602},"geometry":{"type":"Polygon","coordinates":[[[136.92213,35.136152],[136.922241,35.135656],[136.922362,35.135059],[136.922031,35.135012],[136.922018,35.135127],[136.921384,35.135125],[136.920747,35.135096],[136.920698,35.135611],[136.920644,35.136055],[136.920648,35.136101],[136.921284,35.13611],[136.921282,35.136069],[136.921904,35.13613],[136.9219,35.136163],[136.922112,35.136192],[136.922121,35.136193],[136.92213,35.136152]]]}},{"type":"Feature","id":"23108025003","properties":{"KEY_CODE":"23108025003","PREF":"23","CITY":"108","S_AREA":"025003","PREF_NAME":"愛知県","CITY_NAME":"名古屋市瑞穂区","S_NAME":"亀城町三丁目","HCODE":8101,"AREA":14199.641,"KIGO_E":"","JINKO":155,"SETAI":80,"X_CODE":136.922853,"Y_CODE":35.135732},"geometry":{"type":"Polygon","coordinates":[[[136.923088,35.135155],[136.922362,35.135059],[136.922241,35.135656],[136.92213,35.136152],[136.922868,35.136237],[136.922832,35.136429],[136.923213,35.136463],[136.923304,35.136471],[136.92335,35.136303],[136.923364,35.13625],[136.923383,35.136152],[136.923475,35.135684],[136.923454,35.135683],[136.92345,35.135292],[136.923449,35.135203],[136.923088,35.135155]]]}},{"type":"Feature","id":"23108025004","properties":{"KEY_CODE":"23108025004","PREF":"23","CITY":"108","S_AREA":"025004","PREF_NAME":"愛知県","CITY_NAME":"名古屋市瑞穂区","S_NAME":"亀城町四丁目","HCODE":8101,"AREA":9633.35,"KIGO_E":"","JINKO":155,"SETAI":66,"X_CODE":136.924083,"Y_CODE":35.135573},"geometry":{"type":"Polygon","coordinates":[[[136.923519,35.136168],[136.923543,35.136054],[136.92367,35.136068],[136.92406,35.135873],[136.92409,35.135945],[136.924263,35.135906],[136.924413,35.135846],[136.924626,35.135672],[136.924785,35.135603],[136.924898,35.135589],[136.92487,35.135458],[136.924867,35.13512],[136.924113,35.135249],[136.923772,35.135308],[136.92366,35.135231],[136.923567,35.135218],[136.923464,35.135205],[136.923449,35.135203],[136.92345,35.135292],[136.923454,35.135683],[136.923475,35.135684],[136.923383,35.136152],[136.923519,35.136168]]]}},{"type":"Feature","id":"23108025005","properties":{"KEY_CODE":"23108025005","PREF":"23","CITY":"108","S_AREA":"025005","PREF_NAME":"愛知県","CITY_NAME":"名古屋市瑞穂区","S_NAME":"亀城町五丁目","HCODE":8101,"AREA":26432.825,"KIGO_E":"","JINKO":349,"SETAI":191,"X_CODE":136.925719,"Y_CODE":35.136106},"geometry":{"type":"Polygon","coordinates":[[[136.926541,35.136],[136.926491,35.135263],[136.92551,35.135381],[136.925199,35.135418],[136.925138,35.135073],[136.924867,35.13512],[136.92487,35.135458],[136.924898,35.135589],[136.924956,35.135862],[136.924954,35.136223],[136.924948,35.136673],[136.924957,35.136753],[136.924981,35.137007],[136.925693,35.136925],[136.926613,35.136818],[136.926541,35.136]]]}},{"type":"Feature","id":"23108025006","properties":{"KEY_CODE":"23108025006","PREF":"23","CITY":"108","S_AREA":"025006","PREF_NAME":"愛知県","CITY_NAME":"名古屋市瑞穂区","S_NAME":"亀城町六丁目","HCODE":8101,"AREA":22487.364,"KIGO_E":"","JINKO":236,"SETAI":121,"X_CODE":136.927056,"Y_CODE":35.135722},"geometry":{"type":"Polygon","coordinates":[[[136.927531,35.134823],[136.927512,35.134652],[136.927254,35.134667],[136.926927,35.134686],[136.926435,35.134725],[136.926491,35.135263],[136.926541,35.136],[136.926613,35.136818],[136.927663,35.136711],[136.927654,35.136587],[136.927652,35.13655],[136.927607,35.135912],[136.927603,35.135886],[136.927592,35.135759],[136.927578,35.135555],[136.92755,35.135143],[136.927553,35.135142],[136.927531,35.134823]]]}},{"type":"Feature","id":"23108026003","properties":{"KEY_CODE":"23108026003","PREF":"23","CITY":"108","S_AREA":"026003","PREF_NAME":"愛知県","CITY_NAME":"名古屋市瑞穂区","S_NAME":"河岸町三丁目","HCODE":8101,"AREA":44782.009,"KIGO_E":"","JINKO":496,"SETAI":240,"X_CODE":136.928098,"Y_CODE":35.115818},"geometry":{"type":"Polygon","coordinates":[[[136.929561,35.115151],[136.929461,35.114999],[136.929309,35.114812],[136.929258,35.114752],[136.929119,35.114643],[136.928985,35.114556],[136.928961,35.115093],[136.928633,35.115059],[136.928321,35.115087],[136.927785,35.115131],[136.927367,35.115142],[136.92676,35.1151],[136.926758,35.115113],[136.92674,35.115262],[136.926708,35.115526],[136.926707,35.115536],[136.926703,35.115567],[136.926658,35.115934],[136.926653,35.115969],[136.926651,35.115986],[136.92661,35.116313],[136.926604,35.11637],[136.926602,35.116387],[136.926579,35.116597],[136.927695,35.116668],[136.92819,35.116705],[136.928188,35.116756],[136.928454,35.116767],[136.928456,35.116833],[136.928619,35.116853],[136.928714,35.116743],[136.928872,35.116547],[136.928885,35.116533],[136.929185,35.116167],[136.929677,35.115587],[136.929784,35.115462],[136.929782,35.11546],[136.929706,35.115374],[136.929561,35.115151]]]}},{"type":"Feature","id":"23108026004","properties":{"KEY_CODE":"23108026004","PREF":"23","CITY":"108","S_AREA":"026004","PREF_NAME":"愛知県","CITY_NAME":"名古屋市瑞穂区","S_NAME":"河岸町四丁目","HCODE":8101,"AREA":25134.451,"KIGO_E":"","JINKO":223,"SETAI":113,"X_CODE":136.927722,"Y_CODE":35.114496},"geometry":{"type":"Polygon","coordinates":[[[136.928321,35.115087],[136.928633,35.115059],[136.928961,35.115093],[136.928985,35.114556],[136.928622,35.114319],[136.928419,35.114192],[136.928382,35.114173],[136.928135,35.114042],[136.927018,35.113504],[136.926935,35.113456],[136.9269,35.113437],[136.926894,35.113656],[136.926843,35.114059],[136.92684,35.114083],[136.92683,35.114281],[136.926822,35.114442],[136.926797,35.114705],[136.926794,35.114742],[136.926786,35.114824],[136.926782,35.11487],[136.926764,35.115065],[136.92676,35.1151],[136.927367,35.115142],[136.927785,35.115131],[136.928321,35.115087]]]}},{"type":"Feature","id":"23108027001","properties":{"KEY_CODE":"23108027001","PREF":"23","CITY":"108","S_AREA":"027001","PREF_NAME":"愛知県","CITY_NAME":"名古屋市瑞穂区","S_NAME":"川澄町一丁目","HCODE":8101,"AREA":12070.2,"KIGO_E":"","JINKO":105,"SETAI":65,"X_CODE":136.935559,"Y_CODE":35.138196},"geometry":{"type":"Polygon","coordinates":[[[136.93707,35.138109],[136.936704,35.138085],[136.936466,35.1381],[136.936276,35.138103],[136.936273,35.13802],[136.935679,35.138012],[136.935677,35.137898],[136.935472,35.137891],[136.935468,35.138034],[136.934887,35.138014],[136.934938,35.137906],[136.934147,35.137868],[136.934126,35.138105],[136.934106,35.138299],[136.934732,35.138344],[136.935649,35.138411],[136.936473,35.13847],[136.937021,35.138494],[136.937064,35.138156],[136.93707,35.138109]]]}},{"type":"Feature","id":"23108027002","properties":{"KEY_CODE":"23108027002","PREF":"23","CITY":"108","S_AREA":"027002","PREF_NAME":"愛知県","CITY_NAME":"名古屋市瑞穂区","S_NAME":"川澄町二丁目","HCODE":8101,"AREA":15230.757,"KIGO_E":"","JINKO":162,"SETAI":82,"X_CODE":136.935667,"Y_CODE":35.137751},"geometry":{"type":"Polygon","coordinates":[[[136.93707,35.138109],[136.93709,35.137954],[136.93711,35.137784],[136.937136,35.137646],[136.937146,35.137573],[136.936459,35.137533],[136.935675,35.137487],[136.93514,35.137476],[136.935153,35.137449],[136.934929,35.137436],[136.934921,35.137475],[136.93416,35.137436],[136.934124,35.137679],[136.934077,35.137678],[136.934056,35.137864],[136.934147,35.137868],[136.934938,35.137906],[136.934887,35.138014],[136.935468,35.138034],[136.935472,35.137891],[136.935677,35.137898],[136.935679,35.138012],[136.936273,35.13802],[136.936276,35.138103],[136.936466,35.1381],[136.936704,35.138085],[136.93707,35.138109]]]}},{"type":"Feature","id":"23108027003","properties":{"KEY_CODE":"23108027003","PREF":"23","CITY":"108","S_AREA":"027003","PREF_NAME":"愛知県","CITY_NAME":"名古屋市瑞穂区","S_NAME":"川澄町三丁目","HCODE":8101,"AREA":16332.256,"KIGO_E":"","JINKO":288,"SETAI":173,"X_CODE":136.936085,"Y_CODE":35.137308},"geometry":{"type":"Polygon","coordinates":[[[136.937871,35.137616],[136.937887,35.137441],[136.937823,35.137436],[136.937823,35.137256],[136.937857,35.137254],[136.937857,35.137251],[136.937764,35.137248],[136.937764,35.137243],[136.93719,35.137199],[136.937208,35.13703],[136.936855,35.137029],[136.936851,35.137074],[136.936457,35.13708],[136.936248,35.137076],[136.936248,35.137012],[136.936093,35.137009],[136.936085,35.137079],[136.935859,35.137066],[136.935735,35.137055],[136.935733,35.137056],[136.935348,35.137037],[136.935323,35.137087],[136.934328,35.137011],[136.934315,35.137007],[136.934302,35.137181],[136.934198,35.137175],[136.93416,35.137436],[136.934921,35.137475],[136.934929,35.137436],[136.935153,35.137449],[136.93514,35.137476],[136.935675,35.137487],[136.936459,35.137533],[136.937146,35.137573],[136.937136,35.137646],[136.93783,35.137668],[136.937871,35.137616]]]}},{"type":"Feature","id":"23108027004","properties":{"KEY_CODE":"23108027004","PREF":"23","CITY":"108","S_AREA":"027004","PREF_NAME":"愛知県","CITY_NAME":"名古屋市瑞穂区","S_NAME":"川澄町四丁目","HCODE":8101,"AREA":11483.042,"KIGO_E":"","JINKO":137,"SETAI":98,"X_CODE":136.936667,"Y_CODE":35.136854},"geometry":{"type":"Polygon","coordinates":[[[136.937879,35.137059],[136.937904,35.136843],[136.9378,35.136848],[136.937227,35.136861],[136.937272,35.136444],[136.936819,35.136423],[136.936815,35.136509],[136.936462,35.136495],[136.93646,35.136622],[136.93633,35.13662],[136.93633,35.13666],[136.936186,35.136658],[136.936184,35.136696],[136.936038,35.136691],[136.93604,35.136647],[136.935888,35.136645],[136.935883,35.136596],[136.935883,35.136575],[136.935752,35.136577],[136.935749,35.136653],[136.935628,35.13661],[136.935552,35.13661],[136.93551,35.136699],[136.935457,35.136809],[136.935348,35.137037],[136.935733,35.137056],[136.935735,35.137055],[136.935859,35.137066],[136.936085,35.137079],[136.936093,35.137009],[136.936248,35.137012],[136.936248,35.137076],[136.936457,35.13708],[136.936851,35.137074],[136.936855,35.137029],[136.937208,35.13703],[136.93719,35.137199],[136.937764,35.137243],[136.937764,35.137248],[136.937857,35.137251],[136.937879,35.137059]]]}},{"type":"Feature","id":"23108028001","properties":{"KEY_CODE":"23108028001","PREF":"23","CITY":"108","S_AREA":"028001","PREF_NAME":"愛知県","CITY_NAME":"名古屋市瑞穂区","S_NAME":"雁道町一丁目","HCODE":8101,"AREA":20171.916,"KIGO_E":"","JINKO":290,"SETAI":141,"X_CODE":136.92019,"Y_CODE":35.134307},"geometry":{"type":"Polygon","coordinates":[[[136.920104,35.135147],[136.92011,35.135073],[136.920302,35.135092],[136.920747,35.135096],[136.920801,35.134575],[136.92085,35.134061],[136.920875,35.133832],[136.920896,35.133627],[136.920901,35.133594],[136.920653,35.133574],[136.92066,35.13347],[136.92028,35.133449],[136.920271,35.133544],[136.920268,35.13357],[136.919624,35.133524],[136.919617,35.133602],[136.919525,35.134532],[136.91948,35.13506],[136.919913,35.135069],[136.919913,35.135137],[136.920104,35.135147]]]}},{"type":"Feature","id":"23108028002","properties":{"KEY_CODE":"23108028002","PREF":"23","CITY":"108","S_AREA":"028002","PREF_NAME":"愛知県","CITY_NAME":"名古屋市瑞穂区","S_NAME":"雁道町二丁目","HCODE":8101,"AREA":19388.315,"KIGO_E":"","JINKO":228,"SETAI":116,"X_CODE":136.921467,"Y_CODE":35.134366},"geometry":{"type":"Polygon","coordinates":[[[136.922131,35.133987],[136.922178,35.133603],[136.921544,35.13356],[136.921539,35.133669],[136.921478,35.133665],[136.920896,35.133627],[136.920875,35.133832],[136.92085,35.134061],[136.920801,35.134575],[136.920747,35.135096],[136.921384,35.135125],[136.922018,35.135127],[136.922031,35.135012],[136.922076,35.13461],[136.922131,35.133987]]]}},{"type":"Feature","id":"23108028003","properties":{"KEY_CODE":"23108028003","PREF":"23","CITY":"108","S_AREA":"028003","PREF_NAME":"愛知県","CITY_NAME":"名古屋市瑞穂区","S_NAME":"雁道町三丁目","HCODE":8101,"AREA":24969.006,"KIGO_E":"","JINKO":331,"SETAI":148,"X_CODE":136.922975,"Y_CODE":35.134418},"geometry":{"type":"Polygon","coordinates":[[[136.923819,35.133952],[136.923785,35.133764],[136.923369,35.13377],[136.923363,35.133771],[136.922476,35.133659],[136.922178,35.133603],[136.922131,35.133987],[136.922076,35.13461],[136.922031,35.135012],[136.922362,35.135059],[136.923088,35.135155],[136.923449,35.135203],[136.923464,35.135205],[136.923567,35.135218],[136.92366,35.135231],[136.923804,35.134633],[136.92384,35.13463],[136.923888,35.134452],[136.924075,35.134392],[136.924052,35.134291],[136.923899,35.134135],[136.923819,35.133952]]]}},{"type":"Feature","id":"23108028004","properties":{"KEY_CODE":"23108028004","PREF":"23","CITY":"108","S_AREA":"028004","PREF_NAME":"愛知県","CITY_NAME":"名古屋市瑞穂区","S_NAME":"雁道町四丁目","HCODE":8101,"AREA":14165.022,"KIGO_E":"","JINKO":164,"SETAI":71,"X_CODE":136.924291,"Y_CODE":35.134557},"geometry":{"type":"Polygon","coordinates":[[[136.924861,35.134397],[136.924863,35.133991],[136.924534,35.13406],[136.92439,35.133856],[136.924352,35.13385],[136.924161,35.133904],[136.924125,35.13387],[136.924054,35.13357],[136.923771,35.13364],[136.923809,35.133757],[136.923785,35.133764],[136.923819,35.133952],[136.923899,35.134135],[136.924052,35.134291],[136.924075,35.134392],[136.923888,35.134452],[136.92384,35.13463],[136.923804,35.134633],[136.92366,35.135231],[136.923772,35.135308],[136.924113,35.135249],[136.924867,35.13512],[136.924864,35.134812],[136.924861,35.134397]]]}},{"type":"Feature","id":"23108028005","properties":{"KEY_CODE":"23108028005","PREF":"23","CITY":"108","S_AREA":"028005","PREF_NAME":"愛知県","CITY_NAME":"名古屋市瑞穂区","S_NAME":"雁道町五丁目","HCODE":8101,"AREA":22157.573,"KIGO_E":"","JINKO":110,"SETAI":54,"X_CODE":136.925674,"Y_CODE":35.134608},"geometry":{"type":"Polygon","coordinates":[[[136.926491,35.135263],[136.926435,35.134725],[136.926408,35.134228],[136.92637,35.133824],[136.925822,35.133878],[136.925584,35.133938],[136.925276,35.133833],[136.92522,35.13388],[136.925178,35.133997],[136.924863,35.133991],[136.924861,35.134397],[136.924864,35.134812],[136.924867,35.13512],[136.925138,35.135073],[136.925199,35.135418],[136.92551,35.135381],[136.926491,35.135263]]]}},{"type":"Feature","id":"23108028006","properties":{"KEY_CODE":"23108028006","PREF":"23","CITY":"108","S_AREA":"028006","PREF_NAME":"愛知県","CITY_NAME":"名古屋市瑞穂区","S_NAME":"雁道町六丁目","HCODE":8101,"AREA":9757.185,"KIGO_E":"","JINKO":236,"SETAI":64,"X_CODE":136.926937,"Y_CODE":35.134234},"geometry":{"type":"Polygon","coordinates":[[[136.927463,35.134118],[136.927441,35.133754],[136.926681,35.13379],[136.926369,35.133821],[136.92637,35.133824],[136.926408,35.134228],[136.926435,35.134725],[136.926927,35.134686],[136.927254,35.134667],[136.927512,35.134652],[136.927452,35.134119],[136.927463,35.134118]]]}},{"type":"Feature","id":"23108029001","properties":{"KEY_CODE":"23108029001","PREF":"23","CITY":"108","S_AREA":"029001","PREF_NAME":"愛知県","CITY_NAME":"名古屋市瑞穂区","S_NAME":"北原町一丁目","HCODE":8101,"AREA":38463.175,"KIGO_E":"","JINKO":452,"SETAI":240,"X_CODE":136.92858,"Y_CODE":35.13192},"geometry":{"type":"Polygon","coordinates":[[[136.927991,35.132725],[136.928944,35.132515],[136.929102,35.132824],[136.929348,35.132768],[136.929684,35.132692],[136.929516,35.132081],[136.930216,35.131991],[136.930212,35.131969],[136.930204,35.131936],[136.930116,35.131387],[136.930076,35.131381],[136.930076,35.131382],[136.929558,35.131321],[136.929487,35.131294],[136.929434,35.131285],[136.928406,35.131166],[136.928089,35.131129],[136.928088,35.131122],[136.927484,35.131051],[136.927451,35.131182],[136.927438,35.131214],[136.927417,35.131306],[136.927382,35.131461],[136.927327,35.131657],[136.927285,35.131982],[136.927297,35.132009],[136.92726,35.131993],[136.92732,35.13241],[136.927381,35.132407],[136.927589,35.132398],[136.927591,35.132425],[136.927382,35.132434],[136.927392,35.132576],[136.927541,35.132572],[136.927543,35.132618],[136.927544,35.132625],[136.92736,35.132687],[136.927373,35.132854],[136.927991,35.132725]]]}},{"type":"Feature","id":"23108029002","properties":{"KEY_CODE":"23108029002","PREF":"23","CITY":"108","S_AREA":"029002","PREF_NAME":"愛知県","CITY_NAME":"名古屋市瑞穂区","S_NAME":"北原町二丁目","HCODE":8101,"AREA":81759.813,"KIGO_E":"","JINKO":351,"SETAI":193,"X_CODE":136.931418,"Y_CODE":35.13194},"geometry":{"type":"Polygon","coordinates":[[[136.932825,35.132067],[136.932878,35.131731],[136.932985,35.131744],[136.933046,35.131751],[136.933058,35.131688],[136.933043,35.131381],[136.933032,35.131317],[136.93299,35.131016],[136.933185,35.131144],[136.933272,35.131181],[136.933428,35.131194],[136.933422,35.130858],[136.933384,35.130854],[136.933215,35.130579],[136.933239,35.130458],[136.932703,35.130414],[136.932676,35.130372],[136.932578,35.130328],[136.932368,35.130425],[136.932116,35.130516],[136.9319,35.130502],[136.931876,35.130726],[136.931886,35.130745],[136.931683,35.130728],[136.931695,35.13086],[136.931692,35.130951],[136.931627,35.130958],[136.931627,35.130931],[136.931627,35.130909],[136.931472,35.130917],[136.931399,35.13092],[136.931229,35.130928],[136.931076,35.130937],[136.930878,35.130925],[136.930717,35.130911],[136.930615,35.130916],[136.930583,35.130918],[136.930389,35.130901],[136.930262,35.130889],[136.93021,35.130889],[136.930109,35.130891],[136.930102,35.130891],[136.929986,35.130893],[136.929657,35.130924],[136.929478,35.130915],[136.929434,35.131285],[136.929487,35.131294],[136.929558,35.131321],[136.930076,35.131382],[136.930076,35.131381],[136.930116,35.131387],[136.930204,35.131936],[136.930212,35.131969],[136.930216,35.131991],[136.929516,35.132081],[136.929684,35.132692],[136.929887,35.133352],[136.929921,35.13338],[136.932302,35.133256],[136.932415,35.133253],[136.932842,35.132454],[136.932757,35.13244],[136.932811,35.132125],[136.932825,35.132067]]]}},{"type":"Feature","id":"23108029003","properties":{"KEY_CODE":"23108029003","PREF":"23","CITY":"108","S_AREA":"029003","PREF_NAME":"愛知県","CITY_NAME":"名古屋市瑞穂区","S_NAME":"北原町三丁目","HCODE":8101,"AREA":19491.926,"KIGO_E":"","JINKO":289,"SETAI":142,"X_CODE":136.9336,"Y_CODE":35.131254},"geometry":{"type":"Polygon","coordinates":[[[136.933597,35.132365],[136.933653,35.132009],[136.933926,35.132047],[136.933965,35.131863],[136.934061,35.131252],[136.934095,35.131035],[136.934243,35.131041],[136.934309,35.130641],[136.934214,35.130627],[136.93415,35.130608],[136.934146,35.130573],[136.934219,35.130063],[136.933956,35.130043],[136.93393,35.130192],[136.933768,35.130234],[136.933688,35.130276],[136.933644,35.130355],[136.933276,35.130305],[136.933239,35.130458],[136.933215,35.130579],[136.933384,35.130854],[136.933422,35.130858],[136.933428,35.131194],[136.933272,35.131181],[136.933185,35.131144],[136.93299,35.131016],[136.933032,35.131317],[136.933043,35.131381],[136.933058,35.131688],[136.933046,35.131751],[136.932985,35.131744],[136.932878,35.131731],[136.932825,35.132067],[136.932811,35.132125],[136.933131,35.132173],[136.933164,35.132175],[136.93314,35.132309],[136.933135,35.132335],[136.933594,35.132384],[136.933597,35.132365]]]}},{"type":"Feature","id":"23108030001","properties":{"KEY_CODE":"23108030001","PREF":"23","CITY":"108","S_AREA":"030001","PREF_NAME":"愛知県","CITY_NAME":"名古屋市瑞穂区","S_NAME":"軍水町一丁目","HCODE":8101,"AREA":38158.36,"KIGO_E":"","JINKO":601,"SETAI":263,"X_CODE":136.945519,"Y_CODE":35.11487},"geometry":{"type":"Polygon","coordinates":[[[136.946444,35.114053],[136.946222,35.11373],[136.945455,35.114128],[136.94493,35.114401],[136.944906,35.114405],[136.944437,35.11465],[136.944362,35.114689],[136.943776,35.114995],[136.943641,35.115576],[136.944186,35.115552],[136.944676,35.115531],[136.945286,35.115506],[136.945907,35.115478],[136.947244,35.115289],[136.947261,35.115285],[136.946967,35.114785],[136.946749,35.114479],[136.946444,35.114053]]]}},{"type":"Feature","id":"23108030002","properties":{"KEY_CODE":"23108030002","PREF":"23","CITY":"108","S_AREA":"030002","PREF_NAME":"愛知県","CITY_NAME":"名古屋市瑞穂区","S_NAME":"軍水町二丁目","HCODE":8101,"AREA":40703.808,"KIGO_E":"","JINKO":412,"SETAI":195,"X_CODE":136.947713,"Y_CODE":35.114112},"geometry":{"type":"Polygon","coordinates":[[[136.948176,35.113114],[136.947998,35.113039],[136.947903,35.113044],[136.947576,35.113121],[136.947184,35.113277],[136.947183,35.113278],[136.946231,35.113725],[136.946222,35.11373],[136.946444,35.114053],[136.946749,35.114479],[136.946967,35.114785],[136.947261,35.115285],[136.94759,35.115231],[136.948133,35.115118],[136.9482,35.115101],[136.948824,35.114891],[136.948744,35.114648],[136.94871,35.114421],[136.948694,35.114311],[136.948693,35.114166],[136.948706,35.11398],[136.948876,35.113548],[136.948951,35.113357],[136.948493,35.113199],[136.948176,35.113114]]]}},{"type":"Feature","id":"23108030003","properties":{"KEY_CODE":"23108030003","PREF":"23","CITY":"108","S_AREA":"030003","PREF_NAME":"愛知県","CITY_NAME":"名古屋市瑞穂区","S_NAME":"軍水町三丁目","HCODE":8101,"AREA":21883.354,"KIGO_E":"","JINKO":254,"SETAI":96,"X_CODE":136.949599,"Y_CODE":35.114294},"geometry":{"type":"Polygon","coordinates":[[[136.950103,35.114865],[136.95056,35.114702],[136.950709,35.114363],[136.950819,35.114093],[136.950221,35.113939],[136.94995,35.113861],[136.949766,35.113797],[136.949692,35.113771],[136.949592,35.113733],[136.949294,35.11359],[136.948969,35.113378],[136.948951,35.113357],[136.948876,35.113548],[136.948706,35.11398],[136.948693,35.114166],[136.948694,35.114311],[136.94871,35.114421],[136.948744,35.114648],[136.948824,35.114891],[136.94901,35.114861],[136.949345,35.114879],[136.949619,35.114969],[136.949678,35.115016],[136.949763,35.114986],[136.950103,35.114865]]]}},{"type":"Feature","id":"23108031001","properties":{"KEY_CODE":"23108031001","PREF":"23","CITY":"108","S_AREA":"031001","PREF_NAME":"愛知県","CITY_NAME":"名古屋市瑞穂区","S_NAME":"駒場町一丁目","HCODE":8101,"AREA":6116.448,"KIGO_E":"","JINKO":162,"SETAI":103,"X_CODE":136.930952,"Y_CODE":35.138712},"geometry":{"type":"Polygon","coordinates":[[[136.931884,35.138701],[136.931913,35.138397],[136.9317,35.138383],[136.931687,35.138584],[136.931655,35.138585],[136.931132,35.13853],[136.931116,35.138528],[136.9311,35.138598],[136.93109,35.138637],[136.93078,35.138615],[136.930782,35.138581],[136.93075,35.138579],[136.930754,35.138487],[136.93031,35.138463],[136.930237,35.13846],[136.930237,35.138478],[136.930215,35.138476],[136.930205,35.138711],[136.930241,35.138712],[136.930261,35.138713],[136.930325,35.138846],[136.930407,35.139077],[136.930425,35.139073],[136.931084,35.138904],[136.931464,35.13881],[136.931884,35.138701]]]}},{"type":"Feature","id":"23108031002","properties":{"KEY_CODE":"23108031002","PREF":"23","CITY":"108","S_AREA":"031002","PREF_NAME":"愛知県","CITY_NAME":"名古屋市瑞穂区","S_NAME":"駒場町二丁目","HCODE":8101,"AREA":8207.891,"KIGO_E":"","JINKO":138,"SETAI":94,"X_CODE":136.931373,"Y_CODE":35.138375},"geometry":{"type":"Polygon","coordinates":[[[136.932702,35.138486],[136.93272,35.138358],[136.932136,35.138326],[136.932145,35.138223],[136.931982,35.138211],[136.931936,35.138208],[136.93193,35.138259],[136.931178,35.138193],[136.931198,35.138059],[136.930915,35.138085],[136.930911,35.138129],[136.930344,35.138102],[136.930331,35.138293],[136.93031,35.138463],[136.930754,35.138487],[136.93075,35.138579],[136.930782,35.138581],[136.93078,35.138615],[136.93109,35.138637],[136.9311,35.138598],[136.931116,35.138528],[136.931132,35.13853],[136.931655,35.138585],[136.931687,35.138584],[136.9317,35.138383],[136.931913,35.138397],[136.931884,35.138701],[136.932358,35.138575],[136.932702,35.138486]]]}},{"type":"Feature","id":"23108031003","properties":{"KEY_CODE":"23108031003","PREF":"23","CITY":"108","S_AREA":"031003","PREF_NAME":"愛知県","CITY_NAME":"名古屋市瑞穂区","S_NAME":"駒場町三丁目","HCODE":8101,"AREA":12145.393,"KIGO_E":"","JINKO":205,"SETAI":127,"X_CODE":136.931849,"Y_CODE":35.138022},"geometry":{"type":"Polygon","coordinates":[[[136.932959,35.138227],[136.932973,35.138108],[136.933087,35.138116],[136.933108,35.137921],[136.93309,35.137855],[136.931992,35.137766],[136.931981,35.13782],[136.931653,35.137905],[136.931599,35.137747],[136.931242,35.137723],[136.930676,35.137691],[136.930652,35.137867],[136.930362,35.137852],[136.930344,35.138102],[136.930911,35.138129],[136.930915,35.138085],[136.931198,35.138059],[136.931178,35.138193],[136.93193,35.138259],[136.931936,35.138208],[136.931982,35.138211],[136.932145,35.138223],[136.932136,35.138326],[136.93272,35.138358],[136.932702,35.138486],[136.932934,35.138427],[136.933025,35.138404],[136.932959,35.138227]]]}},{"type":"Feature","id":"23108031004","properties":{"KEY_CODE":"23108031004","PREF":"23","CITY":"108","S_AREA":"031004","PREF_NAME":"愛知県","CITY_NAME":"名古屋市瑞穂区","S_NAME":"駒場町四丁目","HCODE":8101,"AREA":13086.244,"KIGO_E":"","JINKO":223,"SETAI":159,"X_CODE":136.931786,"Y_CODE":35.137524},"geometry":{"type":"Polygon","coordinates":[[[136.931981,35.13782],[136.931992,35.137766],[136.93309,35.137855],[136.933131,35.137628],[136.933162,35.137406],[136.93286,35.137383],[136.932863,35.13736],[136.932608,35.137345],[136.9326,35.137381],[136.932275,35.137357],[136.93229,35.137227],[136.932062,35.13722],[136.931721,35.137202],[136.931698,35.137362],[136.931288,35.137337],[136.931296,35.137271],[136.93027,35.137201],[136.930244,35.13747],[136.93069,35.137495],[136.930676,35.137691],[136.931242,35.137723],[136.931599,35.137747],[136.931653,35.137905],[136.931981,35.13782]]]}},{"type":"Feature","id":"23108031005","properties":{"KEY_CODE":"23108031005","PREF":"23","CITY":"108","S_AREA":"031005","PREF_NAME":"愛知県","CITY_NAME":"名古屋市瑞穂区","S_NAME":"駒場町五丁目","HCODE":8101,"AREA":14247.697,"KIGO_E":"","JINKO":303,"SETAI":189,"X_CODE":136.931671,"Y_CODE":35.137025},"geometry":{"type":"Polygon","coordinates":[[[136.9326,35.137381],[136.932608,35.137345],[136.932863,35.13736],[136.932898,35.137087],[136.933199,35.137105],[136.93322,35.136963],[136.933371,35.136976],[136.933359,35.137091],[136.933499,35.137101],[136.933519,35.136938],[136.933227,35.136918],[136.932923,35.136886],[136.932918,35.136921],[136.932549,35.136918],[136.93256,35.136857],[136.93257,35.136721],[136.932376,35.136723],[136.932355,35.136838],[136.932122,35.136822],[136.931606,35.136786],[136.931617,35.136659],[136.931405,35.136642],[136.931377,35.13664],[136.931359,35.136771],[136.930385,35.136706],[136.930364,35.136889],[136.930251,35.136894],[136.930218,35.137154],[136.930274,35.137162],[136.93027,35.137201],[136.931296,35.137271],[136.931288,35.137337],[136.931698,35.137362],[136.931721,35.137202],[136.932062,35.13722],[136.93229,35.137227],[136.932275,35.137357],[136.9326,35.137381]]]}},{"type":"Feature","id":"23108031006","properties":{"KEY_CODE":"23108031006","PREF":"23","CITY":"108","S_AREA":"031006","PREF_NAME":"愛知県","CITY_NAME":"名古屋市瑞穂区","S_NAME":"駒場町六丁目","HCODE":8101,"AREA":13009.852,"KIGO_E":"","JINKO":212,"SETAI":146,"X_CODE":136.931957,"Y_CODE":35.136572},"geometry":{"type":"Polygon","coordinates":[[[136.932918,35.136921],[136.932923,35.136886],[136.933227,35.136918],[136.933329,35.136341],[136.933165,35.136323],[136.932996,35.136305],[136.932991,35.136347],[136.932759,35.136333],[136.93246,35.136339],[136.93219,35.136322],[136.932182,35.136383],[136.931639,35.136385],[136.931446,35.136376],[136.931204,35.136365],[136.931087,35.136333],[136.930632,35.136319],[136.930593,35.136319],[136.930598,35.13617],[136.930561,35.136173],[136.930485,35.136178],[136.930471,35.136486],[136.930411,35.136483],[136.930385,35.136706],[136.931359,35.136771],[136.931377,35.13664],[136.931405,35.136642],[136.931617,35.136659],[136.931606,35.136786],[136.932122,35.136822],[136.932355,35.136838],[136.932376,35.136723],[136.93257,35.136721],[136.93256,35.136857],[136.932549,35.136918],[136.932918,35.136921]]]}},{"type":"Feature","id":"23108031007","properties":{"KEY_CODE":"23108031007","PREF":"23","CITY":"108","S_AREA":"031007","PREF_NAME":"愛知県","CITY_NAME":"名古屋市瑞穂区","S_NAME":"駒場町七丁目","HCODE":8101,"AREA":16052.134,"KIGO_E":"","JINKO":204,"SETAI":86,"X_CODE":136.931876,"Y_CODE":35.136037},"geometry":{"type":"Polygon","coordinates":[[[136.932182,35.136383],[136.93219,35.136322],[136.93246,35.136339],[136.932759,35.136333],[136.932991,35.136347],[136.932996,35.136305],[136.933165,35.136323],[136.93319,35.136135],[136.933362,35.136149],[136.933398,35.135897],[136.933404,35.135856],[136.933084,35.135832],[136.933084,35.135851],[136.933059,35.13585],[136.933057,35.135864],[136.932772,35.135837],[136.932763,35.135884],[136.932262,35.135837],[136.932271,35.135764],[136.931888,35.135734],[136.931883,35.135815],[136.931721,35.135832],[136.931668,35.135539],[136.931311,35.135551],[136.931033,35.135566],[136.931081,35.135719],[136.930587,35.13588],[136.930714,35.136162],[136.930637,35.136167],[136.930598,35.13617],[136.930593,35.136319],[136.930632,35.136319],[136.931087,35.136333],[136.931204,35.136365],[136.931446,35.136376],[136.931639,35.136385],[136.932182,35.136383]]]}},{"type":"Feature","id":"23108032001","properties":{"KEY_CODE":"23108032001","PREF":"23","CITY":"108","S_AREA":"032001","PREF_NAME":"愛知県","CITY_NAME":"名古屋市瑞穂区","S_NAME":"桜見町一丁目","HCODE":8101,"AREA":9915.973,"KIGO_E":"","JINKO":193,"SETAI":140,"X_CODE":136.932803,"Y_CODE":35.139915},"geometry":{"type":"Polygon","coordinates":[[[136.933213,35.140279],[136.933235,35.14027],[136.933339,35.140278],[136.933349,35.140277],[136.933359,35.139939],[136.933399,35.139499],[136.932285,35.139451],[136.932249,35.139878],[136.932241,35.140331],[136.93224,35.140345],[136.932556,35.14036],[136.932813,35.140373],[136.932968,35.14038],[136.933201,35.140391],[136.933213,35.140279]]]}},{"type":"Feature","id":"23108032002","properties":{"KEY_CODE":"23108032002","PREF":"23","CITY":"108","S_AREA":"032002","PREF_NAME":"愛知県","CITY_NAME":"名古屋市瑞穂区","S_NAME":"桜見町二丁目","HCODE":8101,"AREA":11887.714,"KIGO_E":"","JINKO":187,"SETAI":162,"X_CODE":136.932918,"Y_CODE":35.138948},"geometry":{"type":"Polygon","coordinates":[[[136.933438,35.139068],[136.933509,35.138282],[136.933025,35.138404],[136.932934,35.138427],[136.932702,35.138486],[136.932358,35.138575],[136.932319,35.139001],[136.932285,35.139451],[136.933399,35.139499],[136.933413,35.139346],[136.933438,35.139068]]]}},{"type":"Feature","id":"23108033001","properties":{"KEY_CODE":"23108033001","PREF":"23","CITY":"108","S_AREA":"033001","PREF_NAME":"愛知県","CITY_NAME":"名古屋市瑞穂区","S_NAME":"薩摩町一丁目","HCODE":8101,"AREA":23996.473,"KIGO_E":"","JINKO":276,"SETAI":103,"X_CODE":136.928445,"Y_CODE":35.130605},"geometry":{"type":"Polygon","coordinates":[[[136.928228,35.130023],[136.928208,35.130023],[136.927189,35.130091],[136.927275,35.130384],[136.927308,35.13052],[136.927463,35.131012],[136.927484,35.131051],[136.928088,35.131122],[136.928089,35.131129],[136.928406,35.131166],[136.929434,35.131285],[136.929478,35.130915],[136.929479,35.130905],[136.929521,35.130544],[136.929569,35.130139],[136.928226,35.13004],[136.928228,35.130023]]]}},{"type":"Feature","id":"23108033002","properties":{"KEY_CODE":"23108033002","PREF":"23","CITY":"108","S_AREA":"033002","PREF_NAME":"愛知県","CITY_NAME":"名古屋市瑞穂区","S_NAME":"薩摩町二丁目","HCODE":8101,"AREA":16218.414,"KIGO_E":"","JINKO":189,"SETAI":90,"X_CODE":136.930641,"Y_CODE":35.130564},"geometry":{"type":"Polygon","coordinates":[[[136.931692,35.130951],[136.931695,35.13086],[136.931683,35.130728],[136.931886,35.130745],[136.931876,35.130726],[136.9319,35.130502],[136.931919,35.130313],[136.930765,35.130227],[136.930694,35.130222],[136.929569,35.130139],[136.929521,35.130544],[136.929479,35.130905],[136.929478,35.130915],[136.929657,35.130924],[136.929986,35.130893],[136.930102,35.130891],[136.930109,35.130891],[136.93021,35.130889],[136.930262,35.130889],[136.930389,35.130901],[136.930583,35.130918],[136.930615,35.130916],[136.930717,35.130911],[136.930878,35.130925],[136.931076,35.130937],[136.931229,35.130928],[136.931399,35.13092],[136.931472,35.130917],[136.931627,35.130909],[136.931627,35.130931],[136.931627,35.130958],[136.931692,35.130951]]]}},{"type":"Feature","id":"23108034001","properties":{"KEY_CODE":"23108034001","PREF":"23","CITY":"108","S_AREA":"034001","PREF_NAME":"愛知県","CITY_NAME":"名古屋市瑞穂区","S_NAME":"佐渡町一丁目","HCODE":8101,"AREA":19021.753,"KIGO_E":"","JINKO":179,"SETAI":88,"X_CODE":136.936404,"Y_CODE":35.13218},"geometry":{"type":"Polygon","coordinates":[[[136.937908,35.132351],[136.937945,35.132077],[136.937691,35.132057],[136.937452,35.132019],[136.93669,35.131932],[136.936714,35.131733],[136.936568,35.131715],[136.93655,35.131732],[136.936523,35.131913],[136.936466,35.131906],[136.935425,35.131787],[136.935454,35.131578],[136.935195,35.131552],[136.935165,35.131757],[136.935163,35.131766],[136.934897,35.131751],[136.934873,35.131965],[136.934916,35.131969],[136.934914,35.131982],[136.934874,35.132329],[136.93511,35.132355],[136.935115,35.132322],[136.935146,35.132325],[136.936041,35.132425],[136.936376,35.132465],[136.936738,35.132509],[136.936739,35.132539],[136.93674,35.132565],[136.937338,35.13265],[136.937399,35.132657],[136.93781,35.132699],[136.937851,35.132662],[136.937869,35.132646],[136.937908,35.132351]]]}},{"type":"Feature","id":"23108034002","properties":{"KEY_CODE":"23108034002","PREF":"23","CITY":"108","S_AREA":"034002","PREF_NAME":"愛知県","CITY_NAME":"名古屋市瑞穂区","S_NAME":"佐渡町二丁目","HCODE":8101,"AREA":8604.807,"KIGO_E":"","JINKO":75,"SETAI":50,"X_CODE":136.936423,"Y_CODE":35.131683},"geometry":{"type":"Polygon","coordinates":[[[136.937473,35.131783],[136.937491,35.131575],[136.936534,35.131493],[136.935763,35.131427],[136.935741,35.131542],[136.935618,35.131537],[136.935631,35.131395],[136.93522,35.131364],[136.935195,35.131552],[136.935454,35.131578],[136.935425,35.131787],[136.936466,35.131906],[136.936523,35.131913],[136.93655,35.131732],[136.936568,35.131715],[136.936714,35.131733],[136.93669,35.131932],[136.937452,35.132019],[136.937473,35.131783]]]}},{"type":"Feature","id":"23108034003","properties":{"KEY_CODE":"23108034003","PREF":"23","CITY":"108","S_AREA":"034003","PREF_NAME":"愛知県","CITY_NAME":"名古屋市瑞穂区","S_NAME":"佐渡町三丁目","HCODE":8101,"AREA":13701.703,"KIGO_E":"","JINKO":75,"SETAI":41,"X_CODE":136.936616,"Y_CODE":35.131244},"geometry":{"type":"Polygon","coordinates":[[[136.937491,35.131575],[136.937511,35.131336],[136.938662,35.131433],[136.938684,35.13122],[136.938354,35.131212],[136.937763,35.131178],[136.93775,35.131134],[136.937529,35.131116],[136.936612,35.131029],[136.935329,35.130908],[136.935124,35.130889],[136.935119,35.130922],[136.935061,35.130918],[136.935033,35.13112],[136.93525,35.131139],[136.93522,35.131364],[136.935631,35.131395],[136.935618,35.131537],[136.935741,35.131542],[136.935763,35.131427],[136.936534,35.131493],[136.937491,35.131575]]]}},{"type":"Feature","id":"23108034004","properties":{"KEY_CODE":"23108034004","PREF":"23","CITY":"108","S_AREA":"034004","PREF_NAME":"愛知県","CITY_NAME":"名古屋市瑞穂区","S_NAME":"佐渡町四丁目","HCODE":8101,"AREA":14526.932,"KIGO_E":"","JINKO":99,"SETAI":38,"X_CODE":136.935868,"Y_CODE":35.130772},"geometry":{"type":"Polygon","coordinates":[[[136.938711,35.130949],[136.938732,35.130719],[136.937895,35.130724],[136.937561,35.1307],[136.937296,35.130681],[136.937284,35.130882],[136.936645,35.130827],[136.936679,35.130626],[136.936266,35.130586],[136.936278,35.130529],[136.936061,35.13051],[136.935389,35.13045],[136.935132,35.130428],[136.935126,35.130469],[136.935338,35.130488],[136.935309,35.130713],[136.935092,35.1307],[136.935074,35.130822],[136.935134,35.130828],[136.935124,35.130889],[136.935329,35.130908],[136.936612,35.131029],[136.937529,35.131116],[136.93775,35.131134],[136.937763,35.131178],[136.938354,35.131212],[136.938684,35.13122],[136.938685,35.13121],[136.938711,35.130949]]]}},{"type":"Feature","id":"23108034005","properties":{"KEY_CODE":"23108034005","PREF":"23","CITY":"108","S_AREA":"034005","PREF_NAME":"愛知県","CITY_NAME":"名古屋市瑞穂区","S_NAME":"佐渡町五丁目","HCODE":8101,"AREA":29936.369,"KIGO_E":"","JINKO":332,"SETAI":165,"X_CODE":136.93717,"Y_CODE":35.130283},"geometry":{"type":"Polygon","coordinates":[[[136.937284,35.130882],[136.937296,35.130681],[136.937561,35.1307],[136.937895,35.130724],[136.938732,35.130719],[136.93875,35.130511],[136.939014,35.130535],[136.939055,35.130539],[136.939073,35.130385],[136.939374,35.130344],[136.939419,35.130081],[136.939389,35.130079],[136.939366,35.130077],[136.938831,35.130035],[136.938797,35.130033],[136.937666,35.129944],[136.937638,35.129942],[136.936168,35.129828],[136.936163,35.129827],[136.935523,35.129777],[136.935506,35.129843],[136.935222,35.129819],[136.935176,35.13013],[136.935176,35.130132],[136.935132,35.130428],[136.935389,35.13045],[136.936061,35.13051],[136.936278,35.130529],[136.936266,35.130586],[136.936679,35.130626],[136.936645,35.130827],[136.937284,35.130882]]]}},{"type":"Feature","id":"231080350","properties":{"KEY_CODE":"231080350","PREF":"23","CITY":"108","S_AREA":"035090","PREF_NAME":"愛知県","CITY_NAME":"名古屋市瑞穂区","S_NAME":"塩入町","HCODE":8101,"AREA":89445.215,"KIGO_E":"","JINKO":685,"SETAI":420,"X_CODE":136.920271,"Y_CODE":35.11782},"geometry":{"type":"Polygon","coordinates":[[[136.921455,35.116556],[136.921625,35.115551],[136.921325,35.115364],[136.92123,35.1154],[136.921131,35.115438],[136.920516,35.115674],[136.920351,35.115738],[136.91996,35.115893],[136.919605,35.116034],[136.919133,35.116221],[136.918857,35.11633],[136.919434,35.11638],[136.919428,35.116424],[136.919425,35.116424],[136.919386,35.116672],[136.919302,35.117448],[136.9192,35.118373],[136.919146,35.118842],[136.9191,35.119302],[136.919034,35.119839],[136.919001,35.120167],[136.918999,35.120183],[136.918997,35.120194],[136.918986,35.120268],[136.920457,35.119935],[136.921052,35.11977],[136.921054,35.119681],[136.921065,35.119455],[136.921067,35.119439],[136.9211,35.119123],[136.92115,35.118536],[136.921153,35.118517],[136.921298,35.117605],[136.921301,35.117586],[136.921366,35.11714],[136.921432,35.116696],[136.921455,35.116556]]]}},{"type":"Feature","id":"23108036001","properties":{"KEY_CODE":"23108036001","PREF":"23","CITY":"108","S_AREA":"036001","PREF_NAME":"愛知県","CITY_NAME":"名古屋市瑞穂区","S_NAME":"汐路町一丁目","HCODE":8101,"AREA":28660.674,"KIGO_E":"","JINKO":143,"SETAI":69,"X_CODE":136.93819,"Y_CODE":35.136801},"geometry":{"type":"Polygon","coordinates":[[[136.938759,35.137722],[136.938763,35.1375],[136.938748,35.137462],[136.938738,35.137434],[136.938746,35.137287],[136.93876,35.137063],[136.938768,35.136924],[136.93877,35.136858],[136.938777,35.136656],[136.938794,35.136656],[136.938803,35.136453],[136.93881,35.136274],[136.938824,35.136274],[136.938832,35.13627],[136.938842,35.13608],[136.938854,35.135866],[136.938911,35.135868],[136.939012,35.13587],[136.939021,35.135699],[136.938923,35.135695],[136.938817,35.13569],[136.938832,35.135386],[136.938788,35.135383],[136.938526,35.135369],[136.938234,35.135359],[136.938217,35.135609],[136.938215,35.135646],[136.93816,35.135644],[136.938142,35.135846],[136.938133,35.135976],[136.938123,35.13612],[136.937857,35.136115],[136.937842,35.136254],[136.937296,35.13622],[136.937272,35.136444],[136.937227,35.136861],[136.9378,35.136848],[136.937904,35.136843],[136.937879,35.137059],[136.937857,35.137251],[136.937857,35.137254],[136.937823,35.137256],[136.937823,35.137436],[136.937887,35.137441],[136.937871,35.137616],[136.93783,35.137668],[136.937136,35.137646],[136.93711,35.137784],[136.93709,35.137954],[136.938304,35.137988],[136.93831,35.137989],[136.938758,35.138002],[136.938755,35.137959],[136.938759,35.137722]]]}},{"type":"Feature","id":"23108036002","properties":{"KEY_CODE":"23108036002","PREF":"23","CITY":"108","S_AREA":"036002","PREF_NAME":"愛知県","CITY_NAME":"名古屋市瑞穂区","S_NAME":"汐路町二丁目","HCODE":8101,"AREA":23656.811,"KIGO_E":"","JINKO":237,"SETAI":75,"X_CODE":136.938559,"Y_CODE":35.133822},"geometry":{"type":"Polygon","coordinates":[[[136.938913,35.13539],[136.938924,35.135207],[136.938948,35.135208],[136.93895,35.13517],[136.938961,35.13498],[136.938937,35.134976],[136.938938,35.13496],[136.938955,35.134768],[136.938881,35.134764],[136.938818,35.134762],[136.938845,35.134526],[136.938896,35.134528],[136.938932,35.134529],[136.938957,35.134317],[136.93891,35.134313],[136.93891,35.134311],[136.938871,35.134307],[136.938891,35.134123],[136.93897,35.134119],[136.938984,35.133927],[136.939,35.13371],[136.939045,35.133712],[136.939074,35.133478],[136.938805,35.133461],[136.938916,35.133241],[136.939069,35.132909],[136.939261,35.132523],[136.938615,35.132439],[136.937908,35.132351],[136.937869,35.132646],[136.937851,35.132662],[136.937858,35.132663],[136.937921,35.132711],[136.938125,35.132867],[136.938112,35.132879],[136.938534,35.132895],[136.938512,35.133157],[136.93816,35.133117],[136.938125,35.133529],[136.938113,35.133669],[136.93832,35.133678],[136.93832,35.13392],[136.938319,35.134041],[136.938315,35.134168],[136.938309,35.134332],[136.938303,35.134527],[136.938295,35.134753],[136.938288,35.134943],[136.937939,35.134954],[136.937937,35.134992],[136.93793,35.135136],[136.937919,35.135348],[136.938234,35.135359],[136.938526,35.135369],[136.938788,35.135383],[136.938832,35.135386],[136.938913,35.13539]]]}},{"type":"Feature","id":"23108036003","properties":{"KEY_CODE":"23108036003","PREF":"23","CITY":"108","S_AREA":"036003","PREF_NAME":"愛知県","CITY_NAME":"名古屋市瑞穂区","S_NAME":"汐路町三丁目","HCODE":8101,"AREA":33208.946,"KIGO_E":"","JINKO":263,"SETAI":128,"X_CODE":136.938924,"Y_CODE":35.131522},"geometry":{"type":"Polygon","coordinates":[[[136.939831,35.131518],[136.940015,35.131204],[136.940146,35.130979],[136.940362,35.130621],[136.940375,35.130599],[136.939659,35.130522],[136.939558,35.130528],[136.93951,35.130533],[136.939245,35.130556],[136.939055,35.130539],[136.939014,35.130535],[136.93875,35.130511],[136.938732,35.130719],[136.938711,35.130949],[136.938685,35.13121],[136.938684,35.13122],[136.938662,35.131433],[136.937511,35.131336],[136.937491,35.131575],[136.937473,35.131783],[136.937452,35.132019],[136.937691,35.132057],[136.937945,35.132077],[136.937908,35.132351],[136.938615,35.132439],[136.939261,35.132523],[136.939403,35.132273],[136.939553,35.132008],[136.939558,35.132],[136.939683,35.131779],[136.939831,35.131518]]]}},{"type":"Feature","id":"23108036004","properties":{"KEY_CODE":"23108036004","PREF":"23","CITY":"108","S_AREA":"036004","PREF_NAME":"愛知県","CITY_NAME":"名古屋市瑞穂区","S_NAME":"汐路町四丁目","HCODE":8101,"AREA":31267.04,"KIGO_E":"","JINKO":160,"SETAI":70,"X_CODE":136.940189,"Y_CODE":35.129373},"geometry":{"type":"Polygon","coordinates":[[[136.940399,35.130601],[136.940523,35.130354],[136.940597,35.130177],[136.941023,35.129713],[136.941074,35.129272],[136.941122,35.128848],[136.94055,35.128804],[136.940569,35.128589],[136.940587,35.12839],[136.940505,35.12838],[136.94054,35.12796],[136.940511,35.127958],[136.940453,35.127954],[136.940455,35.127933],[136.94009,35.127906],[136.94009,35.127906],[136.939782,35.127881],[136.939782,35.127912],[136.939765,35.128142],[136.939736,35.128317],[136.939769,35.12832],[136.939755,35.128504],[136.939736,35.128747],[136.939712,35.128979],[136.939664,35.128977],[136.939631,35.129172],[136.939714,35.129178],[136.939681,35.129391],[136.939664,35.129391],[136.939642,35.129619],[136.939642,35.129619],[136.939638,35.12965],[136.939528,35.129642],[136.939498,35.129889],[136.939441,35.129884],[136.939402,35.12988],[136.939366,35.130077],[136.939389,35.130079],[136.939419,35.130081],[136.939374,35.130344],[136.939073,35.130385],[136.939055,35.130539],[136.939245,35.130556],[136.93951,35.130533],[136.939558,35.130528],[136.939659,35.130522],[136.940375,35.130599],[136.940399,35.130601]]]}},{"type":"Feature","id":"23108036005","properties":{"KEY_CODE":"23108036005","PREF":"23","CITY":"108","S_AREA":"036005","PREF_NAME":"愛知県","CITY_NAME":"名古屋市瑞穂区","S_NAME":"汐路町五丁目","HCODE":8101,"AREA":18950.99,"KIGO_E":"","JINKO":169,"SETAI":93,"X_CODE":136.940257,"Y_CODE":35.126556},"geometry":{"type":"Polygon","coordinates":[[[136.940497,35.127517],[136.94055,35.127101],[136.940481,35.127096],[136.940524,35.126667],[136.9406,35.126673],[136.940651,35.126257],[136.940613,35.126255],[136.940672,35.125809],[136.940775,35.125817],[136.940836,35.125291],[136.940392,35.12526],[136.940025,35.125229],[136.939962,35.125749],[136.939943,35.125932],[136.940009,35.12594],[136.939979,35.126208],[136.939954,35.126206],[136.939932,35.126421],[136.940059,35.126429],[136.940037,35.126633],[136.939867,35.126622],[136.939833,35.127051],[136.9398,35.127478],[136.939743,35.127471],[136.939724,35.12766],[136.939778,35.127663],[136.939762,35.12788],[136.939782,35.127881],[136.94009,35.127906],[136.94009,35.127906],[136.940455,35.127933],[136.940497,35.127517]]]}},{"type":"Feature","id":"23108037001","properties":{"KEY_CODE":"23108037001","PREF":"23","CITY":"108","S_AREA":"037001","PREF_NAME":"愛知県","CITY_NAME":"名古屋市瑞穂区","S_NAME":"下坂町一丁目","HCODE":8101,"AREA":19663.116,"KIGO_E":"","JINKO":286,"SETAI":155,"X_CODE":136.922434,"Y_CODE":35.123223},"geometry":{"type":"Polygon","coordinates":[[[136.923546,35.123705],[136.923559,35.123548],[136.923603,35.123134],[136.923622,35.12295],[136.923628,35.122905],[136.923629,35.122893],[136.922689,35.122815],[136.92269,35.122809],[136.92228,35.122792],[136.92229,35.122696],[136.922164,35.122696],[136.922159,35.122803],[136.921954,35.122791],[136.921809,35.122781],[136.921806,35.12272],[136.921604,35.122707],[136.921595,35.122757],[136.921298,35.122732],[136.921261,35.122964],[136.921555,35.122995],[136.921536,35.12312],[136.921238,35.1231],[136.921164,35.123539],[136.921169,35.123539],[136.921471,35.123566],[136.921652,35.123581],[136.92213,35.123619],[136.92214,35.123585],[136.92226,35.123588],[136.92226,35.123631],[136.922595,35.123657],[136.923449,35.123726],[136.923544,35.12373],[136.923546,35.123705]]]}},{"type":"Feature","id":"23108037002","properties":{"KEY_CODE":"23108037002","PREF":"23","CITY":"108","S_AREA":"037002","PREF_NAME":"愛知県","CITY_NAME":"名古屋市瑞穂区","S_NAME":"下坂町二丁目","HCODE":8101,"AREA":18442.695,"KIGO_E":"","JINKO":487,"SETAI":255,"X_CODE":136.922562,"Y_CODE":35.122409},"geometry":{"type":"Polygon","coordinates":[[[136.923652,35.122717],[136.923692,35.122315],[136.923719,35.12207],[136.922775,35.122006],[136.922777,35.121982],[136.922562,35.121965],[136.922562,35.12198],[136.921727,35.121924],[136.921692,35.12217],[136.921411,35.122159],[136.921395,35.122287],[136.92137,35.122292],[136.921298,35.122732],[136.921595,35.122757],[136.921604,35.122707],[136.921806,35.12272],[136.921809,35.122781],[136.921954,35.122791],[136.922159,35.122803],[136.922164,35.122696],[136.92229,35.122696],[136.92228,35.122792],[136.92269,35.122809],[136.922689,35.122815],[136.923629,35.122893],[136.923652,35.122717]]]}},{"type":"Feature","id":"23108037003","properties":{"KEY_CODE":"23108037003","PREF":"23","CITY":"108","S_AREA":"037003","PREF_NAME":"愛知県","CITY_NAME":"名古屋市瑞穂区","S_NAME":"下坂町三丁目","HCODE":8101,"AREA":21595.242,"KIGO_E":"","JINKO":181,"SETAI":77,"X_CODE":136.924868,"Y_CODE":35.123414},"geometry":{"type":"Polygon","coordinates":[[[136.926239,35.123818],[136.926218,35.123758],[136.926431,35.123382],[136.926069,35.123366],[136.925811,35.123354],[136.925816,35.123309],[136.925839,35.123074],[136.925844,35.123031],[136.925396,35.122995],[136.925396,35.123043],[136.925135,35.123025],[136.925133,35.122953],[136.925013,35.12295],[136.925013,35.123],[136.924815,35.122987],[136.924745,35.122983],[136.924749,35.122946],[136.924701,35.122946],[136.924702,35.122924],[136.924707,35.122793],[136.924684,35.122791],[136.924597,35.122783],[136.924577,35.122962],[136.92435,35.122949],[136.92434,35.122995],[136.924201,35.122991],[136.92421,35.122945],[136.923628,35.122905],[136.923622,35.12295],[136.923603,35.123134],[136.923559,35.123548],[136.923546,35.123705],[136.923757,35.123712],[136.923753,35.123743],[136.92388,35.123752],[136.923891,35.123609],[136.924065,35.123617],[136.924048,35.123798],[136.924486,35.123826],[136.924486,35.123832],[136.925499,35.123896],[136.925496,35.123851],[136.925606,35.123854],[136.925813,35.123795],[136.925848,35.123911],[136.926153,35.123822],[136.926239,35.123818]]]}},{"type":"Feature","id":"23108037004","properties":{"KEY_CODE":"23108037004","PREF":"23","CITY":"108","S_AREA":"037004","PREF_NAME":"愛知県","CITY_NAME":"名古屋市瑞穂区","S_NAME":"下坂町四丁目","HCODE":8101,"AREA":20097.746,"KIGO_E":"","JINKO":315,"SETAI":164,"X_CODE":136.924911,"Y_CODE":35.122572},"geometry":{"type":"Polygon","coordinates":[[[136.925396,35.123043],[136.925396,35.122995],[136.925844,35.123031],[136.925857,35.122895],[136.926106,35.122915],[136.926177,35.122921],[136.926201,35.122919],[136.926203,35.122902],[136.926229,35.122712],[136.92625,35.122483],[136.926269,35.122282],[136.926226,35.122279],[136.925917,35.12226],[136.924664,35.122163],[136.924299,35.122135],[136.924294,35.122185],[136.924168,35.122173],[136.924178,35.122101],[136.923719,35.12207],[136.923692,35.122315],[136.923652,35.122717],[136.923629,35.122893],[136.923628,35.122905],[136.92421,35.122945],[136.924201,35.122991],[136.92434,35.122995],[136.92435,35.122949],[136.924577,35.122962],[136.924597,35.122783],[136.924684,35.122791],[136.924707,35.122793],[136.924702,35.122924],[136.924701,35.122946],[136.924749,35.122946],[136.924745,35.122983],[136.924815,35.122987],[136.925013,35.123],[136.925013,35.12295],[136.925133,35.122953],[136.925135,35.123025],[136.925396,35.123043]]]}},{"type":"Feature","id":"23108038001","properties":{"KEY_CODE":"23108038001","PREF":"23","CITY":"108","S_AREA":"038001","PREF_NAME":"愛知県","CITY_NAME":"名古屋市瑞穂区","S_NAME":"下山町一丁目","HCODE":8101,"AREA":152846.164,"KIGO_E":"","JINKO":1109,"SETAI":476,"X_CODE":136.948412,"Y_CODE":35.128191},"geometry":{"type":"Polygon","coordinates":[[[136.949459,35.129771],[136.949707,35.129368],[136.949725,35.129373],[136.949747,35.129378],[136.950123,35.128776],[136.950208,35.128607],[136.950387,35.128251],[136.950564,35.127888],[136.951041,35.127419],[136.951302,35.127163],[136.951064,35.126944],[136.950842,35.126745],[136.950815,35.126762],[136.95064,35.126561],[136.950307,35.126153],[136.950271,35.1261],[136.950304,35.126081],[136.95035,35.126054],[136.950164,35.125801],[136.950117,35.125827],[136.949842,35.125975],[136.949733,35.126033],[136.949385,35.126221],[136.949396,35.126249],[136.948902,35.126335],[136.948322,35.126447],[136.947575,35.126667],[136.946881,35.126864],[136.946848,35.126881],[136.94669,35.126918],[136.946532,35.126883],[136.946466,35.127076],[136.946362,35.127278],[136.946297,35.127333],[136.946222,35.127469],[136.946255,35.1275],[136.946251,35.127524],[136.946318,35.12779],[136.946217,35.127867],[136.946345,35.128133],[136.946325,35.12814],[136.946267,35.12816],[136.946287,35.128521],[136.946291,35.1286],[136.946304,35.128834],[136.946323,35.129193],[136.94633,35.129311],[136.946342,35.129534],[136.946355,35.1298],[136.946368,35.130064],[136.946364,35.130086],[136.946254,35.130165],[136.946661,35.130396],[136.94721,35.130708],[136.947363,35.130918],[136.947424,35.130829],[136.9475,35.130665],[136.947644,35.130436],[136.947753,35.130319],[136.947863,35.13024],[136.948009,35.130158],[136.948362,35.130034],[136.94859,35.129978],[136.949459,35.129771]]]}},{"type":"Feature","id":"23108038002","properties":{"KEY_CODE":"23108038002","PREF":"23","CITY":"108","S_AREA":"038002","PREF_NAME":"愛知県","CITY_NAME":"名古屋市瑞穂区","S_NAME":"下山町二丁目","HCODE":8101,"AREA":70829.478,"KIGO_E":"","JINKO":631,"SETAI":246,"X_CODE":136.948203,"Y_CODE":35.125217},"geometry":{"type":"Polygon","coordinates":[[[136.950117,35.125827],[136.949735,35.125306],[136.949658,35.125201],[136.949551,35.125226],[136.949481,35.125034],[136.949429,35.124837],[136.949305,35.12466],[136.949293,35.124637],[136.94898,35.124201],[136.949047,35.124163],[136.948863,35.123903],[136.948836,35.123922],[136.948695,35.124001],[136.948509,35.123745],[136.948573,35.1237],[136.948316,35.123406],[136.948198,35.123318],[136.948343,35.123227],[136.948044,35.122854],[136.947938,35.122881],[136.947734,35.123005],[136.94771,35.123055],[136.947569,35.123456],[136.947583,35.123609],[136.947582,35.123628],[136.94757,35.12384],[136.947537,35.123962],[136.947513,35.124023],[136.947488,35.124067],[136.947399,35.124341],[136.94756,35.124415],[136.94742,35.124819],[136.947302,35.125137],[136.947237,35.125122],[136.947105,35.12509],[136.94702,35.125449],[136.946926,35.125431],[136.946765,35.126026],[136.94669,35.126384],[136.946532,35.126883],[136.94669,35.126918],[136.946848,35.126881],[136.946881,35.126864],[136.947575,35.126667],[136.948322,35.126447],[136.948902,35.126335],[136.949396,35.126249],[136.949385,35.126221],[136.949733,35.126033],[136.949842,35.125975],[136.950117,35.125827]]]}},{"type":"Feature","id":"23108039001","properties":{"KEY_CODE":"23108039001","PREF":"23","CITY":"108","S_AREA":"039001","PREF_NAME":"愛知県","CITY_NAME":"名古屋市瑞穂区","S_NAME":"春敲町一丁目","HCODE":8101,"AREA":7876.724,"KIGO_E":"","JINKO":30,"SETAI":18,"X_CODE":136.920995,"Y_CODE":35.127769},"geometry":{"type":"Polygon","coordinates":[[[136.921393,35.12825],[136.921449,35.127942],[136.921507,35.127408],[136.920863,35.127357],[136.920596,35.127325],[136.920567,35.127439],[136.920451,35.127426],[136.920427,35.12759],[136.920535,35.127601],[136.920494,35.127877],[136.920484,35.127876],[136.920465,35.128049],[136.920603,35.128055],[136.920607,35.128028],[136.920792,35.128047],[136.920796,35.128217],[136.921393,35.12825]]]}},{"type":"Feature","id":"23108039002","properties":{"KEY_CODE":"23108039002","PREF":"23","CITY":"108","S_AREA":"039002","PREF_NAME":"愛知県","CITY_NAME":"名古屋市瑞穂区","S_NAME":"春敲町二丁目","HCODE":8101,"AREA":13594.418,"KIGO_E":"","JINKO":96,"SETAI":50,"X_CODE":136.922116,"Y_CODE":35.12787},"geometry":{"type":"Polygon","coordinates":[[[136.921475,35.128505],[136.921514,35.12839],[136.922029,35.128424],[136.92205,35.128278],[136.922491,35.128306],[136.922766,35.128323],[136.922803,35.128025],[136.922877,35.127387],[136.922188,35.127347],[136.922168,35.127362],[136.922128,35.127411],[136.921505,35.127364],[136.921507,35.127408],[136.921449,35.127942],[136.921393,35.12825],[136.921381,35.128496],[136.921475,35.128505]]]}},{"type":"Feature","id":"23108039003","properties":{"KEY_CODE":"23108039003","PREF":"23","CITY":"108","S_AREA":"039003","PREF_NAME":"愛知県","CITY_NAME":"名古屋市瑞穂区","S_NAME":"春敲町三丁目","HCODE":8101,"AREA":16089.321,"KIGO_E":"","JINKO":67,"SETAI":27,"X_CODE":136.923794,"Y_CODE":35.128065},"geometry":{"type":"Polygon","coordinates":[[[136.923752,35.128544],[136.923764,35.128436],[136.924353,35.128464],[136.924953,35.128508],[136.924961,35.128153],[136.924966,35.127895],[136.924967,35.127839],[136.924947,35.127839],[136.924795,35.127837],[136.924526,35.127827],[136.924406,35.127827],[136.924334,35.127827],[136.924153,35.127817],[136.923946,35.127817],[136.923842,35.127813],[136.923811,35.127811],[136.923571,35.127805],[136.923467,35.127805],[136.923407,35.127807],[136.923382,35.127805],[136.923396,35.127496],[136.923398,35.127442],[136.923399,35.127418],[136.922877,35.127387],[136.922803,35.128025],[136.922766,35.128323],[136.922759,35.128362],[136.923492,35.128413],[136.92348,35.128529],[136.923752,35.128544]]]}},{"type":"Feature","id":"23108039004","properties":{"KEY_CODE":"23108039004","PREF":"23","CITY":"108","S_AREA":"039004","PREF_NAME":"愛知県","CITY_NAME":"名古屋市瑞穂区","S_NAME":"春敲町四丁目","HCODE":8101,"AREA":11763.412,"KIGO_E":"","JINKO":95,"SETAI":57,"X_CODE":136.925807,"Y_CODE":35.128307},"geometry":{"type":"Polygon","coordinates":[[[136.925754,35.128739],[136.925756,35.128637],[136.926768,35.128704],[136.926719,35.128562],[136.926649,35.128358],[136.926653,35.128348],[136.926663,35.128321],[136.926616,35.128212],[136.92655,35.12801],[136.925752,35.127958],[136.925741,35.128088],[136.925509,35.128081],[136.92551,35.127925],[136.92551,35.127881],[136.925097,35.127837],[136.924967,35.127839],[136.924966,35.127895],[136.924961,35.128153],[136.924953,35.128508],[136.925394,35.128532],[136.925391,35.128559],[136.925373,35.128713],[136.925729,35.128737],[136.925729,35.128737],[136.925754,35.128739]]]}},{"type":"Feature","id":"23108040001","properties":{"KEY_CODE":"23108040001","PREF":"23","CITY":"108","S_AREA":"040001","PREF_NAME":"愛知県","CITY_NAME":"名古屋市瑞穂区","S_NAME":"松月町一丁目","HCODE":8101,"AREA":18127.501,"KIGO_E":"","JINKO":244,"SETAI":108,"X_CODE":136.941628,"Y_CODE":35.137914},"geometry":{"type":"Polygon","coordinates":[[[136.944112,35.137973],[136.943893,35.1376],[136.943888,35.137593],[136.943776,35.137593],[136.943778,35.137597],[136.943626,35.137593],[136.943608,35.137798],[136.943012,35.137779],[136.943008,35.137847],[136.942876,35.137847],[136.942869,35.137776],[136.942322,35.137764],[136.941011,35.137729],[136.941009,35.137749],[136.940128,35.137727],[136.940121,35.137815],[136.9399,35.137818],[136.939907,35.137729],[136.938759,35.137722],[136.938755,35.137959],[136.938758,35.138002],[136.939882,35.138035],[136.939892,35.138035],[136.940985,35.138067],[136.942317,35.138106],[136.942962,35.138125],[136.943579,35.138143],[136.943585,35.138143],[136.944221,35.138161],[136.944191,35.138107],[136.944174,35.138076],[136.944112,35.137973]]]}},{"type":"Feature","id":"23108040002","properties":{"KEY_CODE":"23108040002","PREF":"23","CITY":"108","S_AREA":"040002","PREF_NAME":"愛知県","CITY_NAME":"名古屋市瑞穂区","S_NAME":"松月町二丁目","HCODE":8101,"AREA":22286.316,"KIGO_E":"","JINKO":229,"SETAI":84,"X_CODE":136.941207,"Y_CODE":35.137531},"geometry":{"type":"Polygon","coordinates":[[[136.943008,35.137847],[136.943012,35.137779],[136.943608,35.137798],[136.943626,35.137593],[136.943778,35.137597],[136.943776,35.137593],[136.943888,35.137593],[136.943737,35.137346],[136.943704,35.137295],[136.943607,35.13732],[136.943606,35.137318],[136.943383,35.137379],[136.942373,35.137348],[136.941055,35.137293],[136.93994,35.137269],[136.938746,35.137287],[136.938738,35.137434],[136.938748,35.137462],[136.938763,35.1375],[136.938759,35.137722],[136.939907,35.137729],[136.9399,35.137818],[136.940121,35.137815],[136.940128,35.137727],[136.941009,35.137749],[136.941011,35.137729],[136.942322,35.137764],[136.942869,35.137776],[136.942876,35.137847],[136.943008,35.137847]]]}},{"type":"Feature","id":"23108040003","properties":{"KEY_CODE":"23108040003","PREF":"23","CITY":"108","S_AREA":"040003","PREF_NAME":"愛知県","CITY_NAME":"名古屋市瑞穂区","S_NAME":"松月町三丁目","HCODE":8101,"AREA":21351.945,"KIGO_E":"","JINKO":250,"SETAI":110,"X_CODE":136.941302,"Y_CODE":35.137092},"geometry":{"type":"Polygon","coordinates":[[[136.943383,35.137379],[136.943606,35.137318],[136.943607,35.13732],[136.943704,35.137295],[136.943625,35.137169],[136.943558,35.137065],[136.943291,35.136648],[136.943216,35.136681],[136.943214,35.136678],[136.942918,35.136807],[136.942907,35.136922],[136.942408,35.136912],[136.942406,35.136933],[136.941088,35.136893],[136.939983,35.136843],[136.939979,35.13689],[136.93877,35.136858],[136.938768,35.136924],[136.93876,35.137063],[136.938746,35.137287],[136.93994,35.137269],[136.941055,35.137293],[136.942373,35.137348],[136.943383,35.137379]]]}},{"type":"Feature","id":"23108040004","properties":{"KEY_CODE":"23108040004","PREF":"23","CITY":"108","S_AREA":"040004","PREF_NAME":"愛知県","CITY_NAME":"名古屋市瑞穂区","S_NAME":"松月町四丁目","HCODE":8101,"AREA":18973.645,"KIGO_E":"","JINKO":210,"SETAI":82,"X_CODE":136.941162,"Y_CODE":35.136661},"geometry":{"type":"Polygon","coordinates":[[[136.942406,35.136933],[136.942408,35.136912],[136.942907,35.136922],[136.942918,35.136807],[136.943214,35.136678],[136.943216,35.136681],[136.943291,35.136648],[136.943273,35.13662],[136.943256,35.13659],[136.943176,35.136443],[136.943072,35.136252],[136.943013,35.136154],[136.942928,35.136181],[136.942652,35.136273],[136.942521,35.13635],[136.942522,35.13636],[136.942236,35.136511],[136.942221,35.13652],[136.942166,35.136451],[136.942144,35.136423],[136.941936,35.136533],[136.941121,35.136514],[136.940063,35.136489],[136.940047,35.136531],[136.939676,35.136514],[136.939673,35.136482],[136.938803,35.136453],[136.938794,35.136656],[136.938777,35.136656],[136.93877,35.136858],[136.939979,35.13689],[136.939983,35.136843],[136.941088,35.136893],[136.942406,35.136933]]]}},{"type":"Feature","id":"23108040005","properties":{"KEY_CODE":"23108040005","PREF":"23","CITY":"108","S_AREA":"040005","PREF_NAME":"愛知県","CITY_NAME":"名古屋市瑞穂区","S_NAME":"松月町五丁目","HCODE":8101,"AREA":17690.469,"KIGO_E":"","JINKO":232,"SETAI":91,"X_CODE":136.941082,"Y_CODE":35.136241},"geometry":{"type":"Polygon","coordinates":[[[136.940047,35.136531],[136.940063,35.136489],[136.941121,35.136514],[136.941936,35.136533],[136.942144,35.136423],[136.942166,35.136451],[136.942221,35.13652],[136.942236,35.136511],[136.942522,35.13636],[136.942521,35.13635],[136.942652,35.136273],[136.942928,35.136181],[136.943013,35.136154],[136.94301,35.136149],[136.942917,35.135953],[136.942817,35.13574],[136.942712,35.135777],[136.942711,35.135775],[136.94246,35.135872],[136.94242,35.135808],[136.942384,35.135749],[136.94235,35.135764],[136.942193,35.135836],[136.94219,35.135833],[136.942161,35.135812],[136.941977,35.135891],[136.942018,35.135937],[136.941835,35.136058],[136.941682,35.13587],[136.941646,35.135876],[136.941648,35.13608],[136.941156,35.136125],[136.940204,35.136116],[136.940127,35.136297],[136.939694,35.136223],[136.939736,35.136099],[136.938842,35.13608],[136.938832,35.13627],[136.938824,35.136274],[136.93881,35.136274],[136.938803,35.136453],[136.939673,35.136482],[136.939676,35.136514],[136.940047,35.136531]]]}},{"type":"Feature","id":"23108040006","properties":{"KEY_CODE":"23108040006","PREF":"23","CITY":"108","S_AREA":"040006","PREF_NAME":"愛知県","CITY_NAME":"名古屋市瑞穂区","S_NAME":"松月町六丁目","HCODE":8101,"AREA":11263.881,"KIGO_E":"","JINKO":144,"SETAI":54,"X_CODE":136.940355,"Y_CODE":35.135935},"geometry":{"type":"Polygon","coordinates":[[[136.940127,35.136297],[136.940204,35.136116],[136.941156,35.136125],[136.941648,35.13608],[136.941646,35.135876],[136.941682,35.13587],[136.941835,35.136058],[136.942018,35.135937],[136.941977,35.135891],[136.941811,35.135706],[136.941777,35.135732],[136.94155,35.135727],[136.941594,35.135774],[136.941218,35.135768],[136.941219,35.135724],[136.941215,35.135724],[136.940377,35.135716],[136.940293,35.13591],[136.940263,35.13598],[136.939897,35.135892],[136.940002,35.135743],[136.940042,35.135634],[136.939852,35.135623],[136.939825,35.135735],[136.939021,35.135699],[136.939012,35.13587],[136.938911,35.135868],[136.938854,35.135866],[136.938842,35.13608],[136.939736,35.136099],[136.939694,35.136223],[136.940127,35.136297]]]}},{"type":"Feature","id":"23108041001","properties":{"KEY_CODE":"23108041001","PREF":"23","CITY":"108","S_AREA":"041001","PREF_NAME":"愛知県","CITY_NAME":"名古屋市瑞穂区","S_NAME":"白砂町一丁目","HCODE":8101,"AREA":28138.258,"KIGO_E":"","JINKO":290,"SETAI":131,"X_CODE":136.958951,"Y_CODE":35.119465},"geometry":{"type":"Polygon","coordinates":[[[136.957643,35.118931],[136.956769,35.118741],[136.956748,35.118801],[136.956671,35.118784],[136.95646,35.11874],[136.956431,35.118816],[136.95621,35.118772],[136.956164,35.118919],[136.95612,35.119059],[136.956097,35.119133],[136.957494,35.11942],[136.958932,35.119704],[136.9598,35.119889],[136.961686,35.120293],[136.961643,35.120253],[136.961668,35.120052],[136.961669,35.120043],[136.961701,35.119782],[136.959949,35.11941],[136.959073,35.119228],[136.957643,35.118931]]]}},{"type":"Feature","id":"23108041002","properties":{"KEY_CODE":"23108041002","PREF":"23","CITY":"108","S_AREA":"041002","PREF_NAME":"愛知県","CITY_NAME":"名古屋市瑞穂区","S_NAME":"白砂町二丁目","HCODE":8101,"AREA":51942.242,"KIGO_E":"","JINKO":723,"SETAI":318,"X_CODE":136.959064,"Y_CODE":35.118759},"geometry":{"type":"Polygon","coordinates":[[[136.961819,35.118849],[136.96113,35.118707],[136.960231,35.118522],[136.959343,35.11834],[136.958614,35.118181],[136.957919,35.118029],[136.957962,35.117889],[136.957619,35.117817],[136.957554,35.118023],[136.956513,35.117807],[136.956449,35.118011],[136.956324,35.118408],[136.956252,35.118638],[136.956235,35.118694],[136.95621,35.118772],[136.956431,35.118816],[136.95646,35.11874],[136.956671,35.118784],[136.956748,35.118801],[136.956769,35.118741],[136.957643,35.118931],[136.959073,35.119228],[136.959949,35.11941],[136.961701,35.119782],[136.961726,35.119587],[136.961732,35.119535],[136.961784,35.119127],[136.96179,35.119074],[136.961819,35.118849]]]}},{"type":"Feature","id":"23108041003","properties":{"KEY_CODE":"23108041003","PREF":"23","CITY":"108","S_AREA":"041003","PREF_NAME":"愛知県","CITY_NAME":"名古屋市瑞穂区","S_NAME":"白砂町三丁目","HCODE":8101,"AREA":43936.59,"KIGO_E":"","JINKO":690,"SETAI":265,"X_CODE":136.959249,"Y_CODE":35.117904},"geometry":{"type":"Polygon","coordinates":[[[136.961961,35.118064],[136.960782,35.117804],[136.95959,35.117541],[136.959579,35.117575],[136.958154,35.117259],[136.956781,35.116955],[136.956709,35.117184],[136.956579,35.117599],[136.956513,35.117807],[136.957554,35.118023],[136.957619,35.117817],[136.957962,35.117889],[136.957919,35.118029],[136.958614,35.118181],[136.959343,35.11834],[136.960231,35.118522],[136.96113,35.118707],[136.961819,35.118849],[136.961837,35.1187],[136.961849,35.11861],[136.96186,35.118522],[136.961924,35.118223],[136.961942,35.118143],[136.961961,35.118064]]]}},{"type":"Feature","id":"23108041004","properties":{"KEY_CODE":"23108041004","PREF":"23","CITY":"108","S_AREA":"041004","PREF_NAME":"愛知県","CITY_NAME":"名古屋市瑞穂区","S_NAME":"白砂町四丁目","HCODE":8101,"AREA":54361.28,"KIGO_E":"","JINKO":468,"SETAI":189,"X_CODE":136.959969,"Y_CODE":35.116956},"geometry":{"type":"Polygon","coordinates":[[[136.961996,35.117912],[136.961945,35.117391],[136.961941,35.117226],[136.961955,35.117078],[136.962085,35.116199],[136.962063,35.116038],[136.962054,35.115968],[136.961908,35.115677],[136.961791,35.11552],[136.961583,35.115241],[136.961405,35.115811],[136.961285,35.116193],[136.961155,35.11661],[136.96107,35.116882],[136.961027,35.11702],[136.959836,35.116742],[136.959814,35.116813],[136.95838,35.11652],[136.957848,35.116411],[136.957018,35.116199],[136.956954,35.116403],[136.95684,35.116767],[136.956781,35.116955],[136.958154,35.117259],[136.959579,35.117575],[136.95959,35.117541],[136.960782,35.117804],[136.961961,35.118064],[136.961996,35.117912]]]}},{"type":"Feature","id":"23108041005","properties":{"KEY_CODE":"23108041005","PREF":"23","CITY":"108","S_AREA":"041005","PREF_NAME":"愛知県","CITY_NAME":"名古屋市瑞穂区","S_NAME":"白砂町五丁目","HCODE":8101,"AREA":23184.308,"KIGO_E":"","JINKO":278,"SETAI":101,"X_CODE":136.959057,"Y_CODE":35.116351},"geometry":{"type":"Polygon","coordinates":[[[136.96107,35.116882],[136.961155,35.11661],[136.961037,35.116507],[136.960938,35.116454],[136.959988,35.116249],[136.958551,35.115961],[136.957185,35.115669],[136.95707,35.116034],[136.957018,35.116199],[136.957848,35.116411],[136.95838,35.11652],[136.959814,35.116813],[136.959836,35.116742],[136.961027,35.11702],[136.96107,35.116882]]]}},{"type":"Feature","id":"23108042001","properties":{"KEY_CODE":"23108042001","PREF":"23","CITY":"108","S_AREA":"042001","PREF_NAME":"愛知県","CITY_NAME":"名古屋市瑞穂区","S_NAME":"白羽根町一丁目","HCODE":8101,"AREA":40014.56,"KIGO_E":"","JINKO":559,"SETAI":280,"X_CODE":136.936811,"Y_CODE":35.127059},"geometry":{"type":"Polygon","coordinates":[[[136.937877,35.127988],[136.937897,35.127753],[136.937946,35.127325],[136.937993,35.126911],[136.938038,35.126486],[136.938061,35.126279],[136.936725,35.126183],[136.936717,35.126234],[136.936454,35.12622],[136.936464,35.126164],[136.936058,35.126134],[136.93578,35.126114],[136.935723,35.126506],[136.935787,35.126517],[136.935754,35.126741],[136.935689,35.126736],[136.935626,35.12715],[136.935562,35.127569],[136.935527,35.127763],[136.935509,35.12788],[136.93578,35.127895],[136.935794,35.127816],[136.936456,35.127878],[136.937877,35.127988]]]}},{"type":"Feature","id":"23108042002","properties":{"KEY_CODE":"23108042002","PREF":"23","CITY":"108","S_AREA":"042002","PREF_NAME":"愛知県","CITY_NAME":"名古屋市瑞穂区","S_NAME":"白羽根町二丁目","HCODE":8101,"AREA":32610.621,"KIGO_E":"","JINKO":327,"SETAI":155,"X_CODE":136.938902,"Y_CODE":35.127201},"geometry":{"type":"Polygon","coordinates":[[[136.939724,35.12766],[136.939743,35.127471],[136.9398,35.127478],[136.939833,35.127051],[136.939867,35.126622],[136.940037,35.126633],[136.940059,35.126429],[136.939932,35.126421],[136.939893,35.126418],[136.939244,35.126365],[136.938061,35.126279],[136.938038,35.126486],[136.937993,35.126911],[136.937946,35.127325],[136.937897,35.127753],[136.937877,35.127988],[136.93905,35.128083],[136.939765,35.128142],[136.939782,35.127912],[136.939782,35.127881],[136.939762,35.12788],[136.939778,35.127663],[136.939724,35.12766]]]}},{"type":"Feature","id":"231080430","properties":{"KEY_CODE":"231080430","PREF":"23","CITY":"108","S_AREA":"043090","PREF_NAME":"愛知県","CITY_NAME":"名古屋市瑞穂区","S_NAME":"新開町","HCODE":8101,"AREA":245280.993,"KIGO_E":"","JINKO":2586,"SETAI":1359,"X_CODE":136.9186,"Y_CODE":35.123164},"geometry":{"type":"Polygon","coordinates":[[[136.921052,35.119809],[136.921052,35.11977],[136.920457,35.119935],[136.918986,35.120268],[136.918955,35.120276],[136.918613,35.120358],[136.9186,35.120377],[136.918369,35.120442],[136.918334,35.120482],[136.917897,35.120581],[136.917038,35.120768],[136.915864,35.121031],[136.915835,35.121041],[136.91576,35.121068],[136.91579,35.121144],[136.915755,35.12115],[136.916677,35.123815],[136.916928,35.124678],[136.917264,35.125743],[136.91743,35.126264],[136.917384,35.126264],[136.917435,35.126567],[136.917583,35.126576],[136.91764,35.126582],[136.917646,35.126626],[136.918302,35.126694],[136.918337,35.126698],[136.918542,35.126719],[136.919107,35.126782],[136.919307,35.126804],[136.919892,35.126869],[136.9199,35.126819],[136.919998,35.12624],[136.920026,35.12606],[136.920107,35.125564],[136.920222,35.124852],[136.920243,35.124724],[136.920311,35.124306],[136.920325,35.124216],[136.920397,35.123784],[136.920474,35.123311],[136.920539,35.122915],[136.920595,35.122577],[136.920671,35.122106],[136.920812,35.121235],[136.920871,35.120867],[136.920908,35.120654],[136.921011,35.120048],[136.921033,35.119921],[136.921034,35.119915],[136.921052,35.119809]]]}},{"type":"Feature","id":"23108044001","properties":{"KEY_CODE":"23108044001","PREF":"23","CITY":"108","S_AREA":"044001","PREF_NAME":"愛知県","CITY_NAME":"名古屋市瑞穂区","S_NAME":"洲雲町一丁目","HCODE":8101,"AREA":5900.286,"KIGO_E":"","JINKO":55,"SETAI":31,"X_CODE":136.928005,"Y_CODE":35.139896},"geometry":{"type":"Polygon","coordinates":[[[136.928648,35.139694],[136.928661,35.139526],[136.928084,35.139673],[136.927519,35.139816],[136.926867,35.139989],[136.926773,35.140024],[136.927488,35.14007],[136.927523,35.140072],[136.92862,35.14014],[136.928623,35.140106],[136.928648,35.139694]]]}},{"type":"Feature","id":"23108044002","properties":{"KEY_CODE":"23108044002","PREF":"23","CITY":"108","S_AREA":"044002","PREF_NAME":"愛知県","CITY_NAME":"名古屋市瑞穂区","S_NAME":"洲雲町二丁目","HCODE":8101,"AREA":10005.698,"KIGO_E":"","JINKO":233,"SETAI":147,"X_CODE":136.929308,"Y_CODE":35.139763},"geometry":{"type":"Polygon","coordinates":[[[136.929867,35.139251],[136.929962,35.139191],[136.928661,35.139526],[136.928648,35.139694],[136.928623,35.140106],[136.92862,35.14014],[136.928934,35.140156],[136.929395,35.140179],[136.929844,35.140202],[136.929846,35.140179],[136.929844,35.140178],[136.929876,35.139759],[136.929906,35.139323],[136.929867,35.139251]]]}},{"type":"Feature","id":"23108044003","properties":{"KEY_CODE":"23108044003","PREF":"23","CITY":"108","S_AREA":"044003","PREF_NAME":"愛知県","CITY_NAME":"名古屋市瑞穂区","S_NAME":"洲雲町三丁目","HCODE":8101,"AREA":13882.974,"KIGO_E":"","JINKO":310,"SETAI":173,"X_CODE":136.930492,"Y_CODE":35.139643},"geometry":{"type":"Polygon","coordinates":[[[136.931084,35.13894],[136.931084,35.138904],[136.930425,35.139073],[136.930407,35.139077],[136.930344,35.139094],[136.929962,35.139191],[136.929867,35.139251],[136.929906,35.139323],[136.929876,35.139759],[136.929844,35.140178],[136.929846,35.140179],[136.929844,35.140202],[136.930337,35.140231],[136.930986,35.14027],[136.931012,35.140271],[136.931013,35.140254],[136.93103,35.139811],[136.931058,35.139386],[136.931059,35.139372],[136.931084,35.13894]]]}},{"type":"Feature","id":"23108044004","properties":{"KEY_CODE":"23108044004","PREF":"23","CITY":"108","S_AREA":"044004","PREF_NAME":"愛知県","CITY_NAME":"名古屋市瑞穂区","S_NAME":"洲雲町四丁目","HCODE":8101,"AREA":19499.917,"KIGO_E":"","JINKO":427,"SETAI":264,"X_CODE":136.931693,"Y_CODE":35.13952},"geometry":{"type":"Polygon","coordinates":[[[136.932319,35.139001],[136.932358,35.138575],[136.931884,35.138701],[136.931464,35.13881],[136.931084,35.138904],[136.931084,35.13894],[136.931059,35.139372],[136.931058,35.139386],[136.93103,35.139811],[136.931013,35.140254],[136.931012,35.140271],[136.932136,35.140339],[136.932215,35.140344],[136.93224,35.140345],[136.932241,35.140331],[136.932249,35.139878],[136.932285,35.139451],[136.932319,35.139001]]]}},{"type":"Feature","id":"231080450","properties":{"KEY_CODE":"231080450","PREF":"23","CITY":"108","S_AREA":"045090","PREF_NAME":"愛知県","CITY_NAME":"名古屋市瑞穂区","S_NAME":"須田町","HCODE":8101,"AREA":92384.117,"KIGO_E":"","JINKO":2,"SETAI":1,"X_CODE":136.916938,"Y_CODE":35.136},"geometry":{"type":"Polygon","coordinates":[[[136.918378,35.137411],[136.918492,35.136332],[136.918492,35.136329],[136.91856,35.135558],[136.918645,35.134595],[136.91866,35.134522],[136.918123,35.134504],[136.917249,35.134476],[136.916141,35.134466],[136.915941,35.134465],[136.915634,35.1353],[136.915331,35.136017],[136.914893,35.137043],[136.914786,35.137274],[136.914803,35.137275],[136.914927,35.137274],[136.914926,35.137307],[136.914984,35.137309],[136.916569,35.137378],[136.917218,35.137405],[136.917795,35.137424],[136.918375,35.137427],[136.918378,35.137411]]]}},{"type":"Feature","id":"23108046001","properties":{"KEY_CODE":"23108046001","PREF":"23","CITY":"108","S_AREA":"046001","PREF_NAME":"愛知県","CITY_NAME":"名古屋市瑞穂区","S_NAME":"洲山町一丁目","HCODE":8101,"AREA":36510.207,"KIGO_E":"","JINKO":639,"SETAI":318,"X_CODE":136.937855,"Y_CODE":35.119182},"geometry":{"type":"Polygon","coordinates":[[[136.938751,35.120137],[136.938779,35.119871],[136.938811,35.119563],[136.938843,35.119256],[136.938876,35.118943],[136.938906,35.11865],[136.938945,35.118279],[136.937935,35.118282],[136.937238,35.118289],[136.936956,35.118291],[136.936883,35.118791],[136.936752,35.119717],[136.93675,35.119734],[136.936711,35.120015],[136.936985,35.120035],[136.937203,35.120051],[136.937272,35.120057],[136.937277,35.11994],[136.937487,35.119946],[136.937505,35.119948],[136.9375,35.120073],[136.937665,35.120085],[136.938144,35.120108],[136.938751,35.120137]]]}},{"type":"Feature","id":"23108046002","properties":{"KEY_CODE":"23108046002","PREF":"23","CITY":"108","S_AREA":"046002","PREF_NAME":"愛知県","CITY_NAME":"名古屋市瑞穂区","S_NAME":"洲山町二丁目","HCODE":8101,"AREA":30282.661,"KIGO_E":"","JINKO":125,"SETAI":99,"X_CODE":136.938203,"Y_CODE":35.117696},"geometry":{"type":"Polygon","coordinates":[[[136.937935,35.118282],[136.938945,35.118279],[136.939527,35.118291],[136.93953,35.118288],[136.940032,35.11829],[136.940031,35.118289],[136.940029,35.118288],[136.939949,35.118209],[136.939835,35.118098],[136.939822,35.118086],[136.939486,35.117741],[136.939409,35.117662],[136.939287,35.117539],[136.939244,35.117496],[136.939236,35.117499],[136.939077,35.117394],[136.939022,35.117431],[136.938526,35.117116],[136.938242,35.116986],[136.937985,35.11691],[136.937822,35.116867],[136.937464,35.116804],[136.937223,35.116762],[136.937149,35.117111],[136.937135,35.117354],[136.937237,35.11736],[136.937217,35.117506],[136.937153,35.1175],[136.93707,35.117494],[136.937051,35.117628],[136.937035,35.117742],[136.936956,35.118291],[136.937238,35.118289],[136.937935,35.118282]]]}},{"type":"Feature","id":"23108046003","properties":{"KEY_CODE":"23108046003","PREF":"23","CITY":"108","S_AREA":"046003","PREF_NAME":"愛知県","CITY_NAME":"名古屋市瑞穂区","S_NAME":"洲山町三丁目","HCODE":8101,"AREA":36180.844,"KIGO_E":"","JINKO":598,"SETAI":283,"X_CODE":136.939809,"Y_CODE":35.119335},"geometry":{"type":"Polygon","coordinates":[[[136.940446,35.118681],[136.940032,35.11829],[136.93953,35.118288],[136.939527,35.118291],[136.938945,35.118279],[136.938906,35.11865],[136.938876,35.118943],[136.938843,35.119256],[136.938811,35.119563],[136.938779,35.119871],[136.938751,35.120137],[136.940197,35.120236],[136.940894,35.120284],[136.940787,35.120033],[136.940771,35.119996],[136.940994,35.119775],[136.94106,35.119709],[136.941026,35.119633],[136.940995,35.119564],[136.940867,35.119277],[136.940764,35.1191],[136.940615,35.11884],[136.940537,35.118767],[136.940446,35.118681]]]}},{"type":"Feature","id":"231080470","properties":{"KEY_CODE":"231080470","PREF":"23","CITY":"108","S_AREA":"047090","PREF_NAME":"愛知県","CITY_NAME":"名古屋市瑞穂区","S_NAME":"関取町","HCODE":8101,"AREA":115738.664,"KIGO_E":"","JINKO":1172,"SETAI":456,"X_CODE":136.952043,"Y_CODE":35.113409},"geometry":{"type":"Polygon","coordinates":[[[136.954364,35.115104],[136.954468,35.114774],[136.954595,35.114355],[136.954828,35.113584],[136.955173,35.113477],[136.955212,35.113046],[136.954568,35.112941],[136.953745,35.112804],[136.953295,35.112734],[136.952567,35.112621],[136.952049,35.112539],[136.951634,35.112413],[136.951473,35.112342],[136.951199,35.112224],[136.95105,35.112156],[136.950812,35.112028],[136.950325,35.111772],[136.950118,35.11163],[136.949917,35.111476],[136.949771,35.11169],[136.949492,35.112103],[136.949258,35.112628],[136.949247,35.112651],[136.949072,35.113051],[136.949069,35.11306],[136.948951,35.113357],[136.948969,35.113378],[136.949294,35.11359],[136.949592,35.113733],[136.949692,35.113771],[136.949766,35.113797],[136.94995,35.113861],[136.950221,35.113939],[136.950819,35.114093],[136.95124,35.114207],[136.951445,35.114299],[136.951701,35.114393],[136.952554,35.114662],[136.953019,35.114806],[136.953021,35.114803],[136.953397,35.114927],[136.954364,35.115104]]]}},{"type":"Feature","id":"23108048001","properties":{"KEY_CODE":"23108048001","PREF":"23","CITY":"108","S_AREA":"048001","PREF_NAME":"愛知県","CITY_NAME":"名古屋市瑞穂区","S_NAME":"膳棚町一丁目","HCODE":8101,"AREA":41350.473,"KIGO_E":"","JINKO":467,"SETAI":206,"X_CODE":136.937131,"Y_CODE":35.12529},"geometry":{"type":"Polygon","coordinates":[[[136.938061,35.126279],[136.938086,35.126063],[136.938141,35.125609],[136.938203,35.125092],[136.938251,35.124659],[136.938313,35.124246],[136.93711,35.124197],[136.937022,35.124212],[136.936955,35.124559],[136.936654,35.124531],[136.936221,35.124678],[136.936177,35.124937],[136.935891,35.124914],[136.93585,35.125226],[136.935844,35.125341],[136.935905,35.125347],[136.935935,35.12535],[136.9359,35.125631],[136.935867,35.125891],[136.935817,35.125888],[136.935797,35.12601],[136.93578,35.126114],[136.936058,35.126134],[136.936464,35.126164],[136.936454,35.12622],[136.936717,35.126234],[136.936725,35.126183],[136.938061,35.126279]]]}},{"type":"Feature","id":"23108048002","properties":{"KEY_CODE":"23108048002","PREF":"23","CITY":"108","S_AREA":"048002","PREF_NAME":"愛知県","CITY_NAME":"名古屋市瑞穂区","S_NAME":"膳棚町二丁目","HCODE":8101,"AREA":22396.346,"KIGO_E":"","JINKO":165,"SETAI":62,"X_CODE":136.939055,"Y_CODE":35.125757},"geometry":{"type":"Polygon","coordinates":[[[136.939932,35.126421],[136.939954,35.126206],[136.939979,35.126208],[136.940009,35.12594],[136.939943,35.125932],[136.939962,35.125749],[136.940025,35.125229],[136.939379,35.125174],[136.938203,35.125092],[136.938141,35.125609],[136.938086,35.126063],[136.938061,35.126279],[136.939244,35.126365],[136.939893,35.126418],[136.939932,35.126421]]]}},{"type":"Feature","id":"23108048003","properties":{"KEY_CODE":"23108048003","PREF":"23","CITY":"108","S_AREA":"048003","PREF_NAME":"愛知県","CITY_NAME":"名古屋市瑞穂区","S_NAME":"膳棚町三丁目","HCODE":8101,"AREA":32113.89,"KIGO_E":"","JINKO":223,"SETAI":116,"X_CODE":136.939471,"Y_CODE":35.124439},"geometry":{"type":"Polygon","coordinates":[[[136.940486,35.124397],[136.940579,35.123642],[136.940562,35.123641],[136.940571,35.123554],[136.939544,35.123491],[136.939565,35.123524],[136.939561,35.123564],[136.939518,35.123939],[136.938697,35.123879],[136.938196,35.124052],[136.938313,35.124246],[136.938251,35.124659],[136.938203,35.125092],[136.939379,35.125174],[136.940025,35.125229],[136.940392,35.12526],[136.940432,35.124824],[136.940486,35.124397]]]}},{"type":"Feature","id":"23108049001","properties":{"KEY_CODE":"23108049001","PREF":"23","CITY":"108","S_AREA":"049001","PREF_NAME":"愛知県","CITY_NAME":"名古屋市瑞穂区","S_NAME":"惣作町一丁目","HCODE":8101,"AREA":21256.573,"KIGO_E":"","JINKO":367,"SETAI":278,"X_CODE":136.922767,"Y_CODE":35.120396},"geometry":{"type":"Polygon","coordinates":[[[136.921894,35.120972],[136.921917,35.120838],[136.922903,35.12087],[136.923671,35.120883],[136.923675,35.120845],[136.923844,35.120849],[136.923866,35.120652],[136.923922,35.120193],[136.923942,35.119963],[136.923,35.119895],[136.922998,35.119921],[136.922747,35.1199],[136.922742,35.11995],[136.922737,35.119993],[136.922614,35.119993],[136.922612,35.119957],[136.92261,35.119928],[136.922481,35.119962],[136.922274,35.120017],[136.922046,35.120007],[136.922048,35.119997],[136.922074,35.119788],[136.922078,35.119695],[136.921769,35.119762],[136.921694,35.119778],[136.921682,35.119906],[136.921703,35.119909],[136.921676,35.120159],[136.921716,35.120162],[136.921998,35.120186],[136.921966,35.120386],[136.92169,35.120363],[136.921652,35.120359],[136.921612,35.120628],[136.921656,35.120627],[136.921612,35.120986],[136.921887,35.121013],[136.921894,35.120972]]]}},{"type":"Feature","id":"23108049002","properties":{"KEY_CODE":"23108049002","PREF":"23","CITY":"108","S_AREA":"049002","PREF_NAME":"愛知県","CITY_NAME":"名古屋市瑞穂区","S_NAME":"惣作町二丁目","HCODE":8101,"AREA":31062.162,"KIGO_E":"","JINKO":397,"SETAI":221,"X_CODE":136.925288,"Y_CODE":35.120514},"geometry":{"type":"Polygon","coordinates":[[[136.926764,35.12128],[136.926806,35.12084],[136.926877,35.120468],[136.926102,35.120585],[136.926184,35.119849],[136.926186,35.119829],[136.92585,35.119799],[136.925592,35.119781],[136.924924,35.119737],[136.924901,35.11995],[136.924898,35.119976],[136.924892,35.120035],[136.924859,35.120033],[136.924625,35.12002],[136.924631,35.119943],[136.924561,35.11994],[136.924506,35.119938],[136.924503,35.119994],[136.923942,35.119963],[136.923922,35.120193],[136.923866,35.120652],[136.923844,35.120849],[136.92384,35.120885],[136.923835,35.120939],[136.924123,35.120964],[136.924118,35.12106],[136.924636,35.121096],[136.924779,35.121113],[136.924802,35.120947],[136.925546,35.121006],[136.925552,35.120929],[136.925666,35.12094],[136.92567,35.120941],[136.925662,35.121017],[136.925813,35.121026],[136.925813,35.120964],[136.925871,35.120967],[136.926058,35.120987],[136.926032,35.121219],[136.926031,35.121232],[136.926764,35.12128]]]}},{"type":"Feature","id":"23108049003","properties":{"KEY_CODE":"23108049003","PREF":"23","CITY":"108","S_AREA":"049003","PREF_NAME":"愛知県","CITY_NAME":"名古屋市瑞穂区","S_NAME":"惣作町三丁目","HCODE":8101,"AREA":36652.566,"KIGO_E":"","JINKO":501,"SETAI":262,"X_CODE":136.928631,"Y_CODE":35.120981},"geometry":{"type":"Polygon","coordinates":[[[136.928906,35.12162],[136.928915,35.121437],[136.929069,35.121444],[136.93054,35.121559],[136.930584,35.121126],[136.930585,35.121116],[136.930553,35.120843],[136.930517,35.120734],[136.930466,35.120651],[136.930452,35.120628],[136.9304,35.120536],[136.929514,35.120754],[136.929165,35.120631],[136.92906,35.120495],[136.928745,35.120444],[136.928738,35.120408],[136.928446,35.12037],[136.928075,35.120375],[136.927694,35.120383],[136.927413,35.12037],[136.926921,35.120437],[136.926877,35.120468],[136.926806,35.12084],[136.926764,35.12128],[136.926758,35.12134],[136.927391,35.121384],[136.927396,35.121362],[136.928249,35.12141],[136.928251,35.121594],[136.928502,35.121603],[136.928768,35.121614],[136.928775,35.121471],[136.928842,35.121474],[136.928838,35.121617],[136.928906,35.12162]]]}},{"type":"Feature","id":"23108050001","properties":{"KEY_CODE":"23108050001","PREF":"23","CITY":"108","S_AREA":"050001","PREF_NAME":"愛知県","CITY_NAME":"名古屋市瑞穂区","S_NAME":"十六町一丁目","HCODE":8101,"AREA":47746.891,"KIGO_E":"","JINKO":446,"SETAI":187,"X_CODE":136.93657,"Y_CODE":35.128886},"geometry":{"type":"Polygon","coordinates":[[[136.937666,35.129944],[136.937716,35.129469],[136.937757,35.129027],[136.937811,35.128608],[136.937813,35.128584],[136.937833,35.128365],[136.937853,35.128191],[136.937856,35.12817],[136.937877,35.127988],[136.936456,35.127878],[136.935794,35.127816],[136.93578,35.127895],[136.935509,35.12788],[136.935487,35.128033],[136.93543,35.128418],[136.935406,35.128579],[136.93538,35.128749],[136.935347,35.128969],[136.935336,35.129046],[136.935301,35.129282],[136.935232,35.129755],[136.935224,35.129808],[136.935222,35.129819],[136.935506,35.129843],[136.935523,35.129777],[136.936163,35.129827],[136.936168,35.129828],[136.937638,35.129942],[136.937666,35.129944]]]}},{"type":"Feature","id":"23108050002","properties":{"KEY_CODE":"23108050002","PREF":"23","CITY":"108","S_AREA":"050002","PREF_NAME":"愛知県","CITY_NAME":"名古屋市瑞穂区","S_NAME":"十六町二丁目","HCODE":8101,"AREA":37486.751,"KIGO_E":"","JINKO":410,"SETAI":170,"X_CODE":136.938712,"Y_CODE":35.129028},"geometry":{"type":"Polygon","coordinates":[[[136.939366,35.130077],[136.939402,35.12988],[136.939441,35.129884],[136.939498,35.129889],[136.939528,35.129642],[136.939638,35.12965],[136.939642,35.129619],[136.939642,35.129619],[136.939664,35.129391],[136.939681,35.129391],[136.939714,35.129178],[136.939631,35.129172],[136.939664,35.128977],[136.939712,35.128979],[136.939736,35.128747],[136.939755,35.128504],[136.939769,35.12832],[136.939736,35.128317],[136.939765,35.128142],[136.93905,35.128083],[136.937877,35.127988],[136.937856,35.12817],[136.937853,35.128191],[136.937833,35.128365],[136.937813,35.128584],[136.937811,35.128608],[136.937757,35.129027],[136.937716,35.129469],[136.937666,35.129944],[136.938797,35.130033],[136.938831,35.130035],[136.939366,35.130077]]]}},{"type":"Feature","id":"23108051001","properties":{"KEY_CODE":"23108051001","PREF":"23","CITY":"108","S_AREA":"051001","PREF_NAME":"愛知県","CITY_NAME":"名古屋市瑞穂区","S_NAME":"大喜町一丁目","HCODE":8101,"AREA":28388.894,"KIGO_E":"","JINKO":659,"SETAI":294,"X_CODE":136.923876,"Y_CODE":35.125305},"geometry":{"type":"Polygon","coordinates":[[[136.924726,35.125268],[136.924584,35.124592],[136.924554,35.124468],[136.924554,35.124467],[136.924532,35.12447],[136.924276,35.124512],[136.924106,35.124536],[136.924105,35.124536],[136.92392,35.124549],[136.923648,35.124571],[136.923642,35.12455],[136.923538,35.124198],[136.923463,35.124196],[136.923443,35.124195],[136.923442,35.1242],[136.923383,35.124231],[136.923368,35.124244],[136.923308,35.124277],[136.923307,35.124278],[136.923309,35.124278],[136.92313,35.124526],[136.923128,35.124669],[136.92313,35.124688],[136.9231,35.12471],[136.922941,35.1247],[136.922921,35.124906],[136.922896,35.125183],[136.922895,35.125193],[136.922923,35.12523],[136.923105,35.125267],[136.92313,35.125346],[136.923135,35.125563],[136.923118,35.125775],[136.923114,35.125833],[136.923174,35.126019],[136.923228,35.126185],[136.923536,35.126167],[136.923914,35.126144],[136.924141,35.126131],[136.924144,35.126131],[136.924331,35.126122],[136.924471,35.126115],[136.924869,35.126099],[136.924865,35.126074],[136.924872,35.126051],[136.924883,35.12605],[136.924754,35.125381],[136.924726,35.125268]]]}},{"type":"Feature","id":"23108051002","properties":{"KEY_CODE":"23108051002","PREF":"23","CITY":"108","S_AREA":"051002","PREF_NAME":"愛知県","CITY_NAME":"名古屋市瑞穂区","S_NAME":"大喜町二丁目","HCODE":8101,"AREA":23889.282,"KIGO_E":"","JINKO":267,"SETAI":93,"X_CODE":136.925415,"Y_CODE":35.12523},"geometry":{"type":"Polygon","coordinates":[[[136.926431,35.126013],[136.926337,35.125696],[136.926082,35.12576],[136.92604,35.12544],[136.925958,35.125172],[136.926163,35.125111],[136.926037,35.124685],[136.92596,35.124368],[136.925951,35.124367],[136.925442,35.124447],[136.925442,35.124448],[136.925416,35.124451],[136.925407,35.124406],[136.925064,35.124385],[136.925069,35.124339],[136.924724,35.124295],[136.924682,35.124402],[136.924658,35.124458],[136.924554,35.124468],[136.924584,35.124592],[136.924726,35.125268],[136.924754,35.125381],[136.924883,35.12605],[136.924872,35.126051],[136.924865,35.126074],[136.924869,35.126099],[136.924925,35.126097],[136.925423,35.12608],[136.925484,35.126078],[136.926412,35.126046],[136.926417,35.126046],[136.92643,35.126044],[136.92644,35.126043],[136.92644,35.126043],[136.926431,35.126013]]]}},{"type":"Feature","id":"23108051003","properties":{"KEY_CODE":"23108051003","PREF":"23","CITY":"108","S_AREA":"051003","PREF_NAME":"愛知県","CITY_NAME":"名古屋市瑞穂区","S_NAME":"大喜町三丁目","HCODE":8101,"AREA":23664.966,"KIGO_E":"","JINKO":219,"SETAI":118,"X_CODE":136.926854,"Y_CODE":35.125196},"geometry":{"type":"Polygon","coordinates":[[[136.927711,35.125725],[136.927702,35.125412],[136.927701,35.12537],[136.927691,35.125216],[136.927648,35.124913],[136.927734,35.124899],[136.927758,35.124889],[136.927763,35.124871],[136.927774,35.124549],[136.927472,35.124548],[136.927461,35.124629],[136.927041,35.124679],[136.927041,35.124543],[136.926652,35.124524],[136.926651,35.124501],[136.926649,35.124382],[136.926402,35.124368],[136.926324,35.124384],[136.926317,35.124359],[136.926304,35.124314],[136.92596,35.124366],[136.92596,35.124368],[136.926037,35.124685],[136.926163,35.125111],[136.925958,35.125172],[136.92604,35.12544],[136.926082,35.12576],[136.926337,35.125696],[136.926431,35.126013],[136.92644,35.126043],[136.92698,35.125966],[136.927157,35.125941],[136.927746,35.125834],[136.927741,35.125817],[136.927736,35.125796],[136.927711,35.125725]]]}},{"type":"Feature","id":"23108051004","properties":{"KEY_CODE":"23108051004","PREF":"23","CITY":"108","S_AREA":"051004","PREF_NAME":"愛知県","CITY_NAME":"名古屋市瑞穂区","S_NAME":"大喜町四丁目","HCODE":8101,"AREA":16936.237,"KIGO_E":"","JINKO":279,"SETAI":166,"X_CODE":136.927211,"Y_CODE":35.126565},"geometry":{"type":"Polygon","coordinates":[[[136.927402,35.127295],[136.927342,35.126959],[136.927342,35.126953],[136.927368,35.126953],[136.927466,35.126943],[136.927479,35.127004],[136.927482,35.127039],[136.927611,35.127033],[136.927602,35.126982],[136.927595,35.126932],[136.927695,35.12691],[136.927788,35.126892],[136.927865,35.126892],[136.928017,35.126831],[136.928003,35.12667],[136.928002,35.12667],[136.927965,35.126672],[136.927963,35.126657],[136.928022,35.126563],[136.927951,35.126328],[136.927865,35.126341],[136.927861,35.12632],[136.927828,35.126198],[136.927807,35.126043],[136.927746,35.125834],[136.927157,35.125941],[136.92698,35.125966],[136.92644,35.126043],[136.92644,35.126043],[136.92643,35.126044],[136.926417,35.126046],[136.926429,35.126089],[136.926541,35.126505],[136.926547,35.126526],[136.926617,35.126784],[136.926658,35.126931],[136.926659,35.126934],[136.926679,35.127006],[136.926748,35.127253],[136.926756,35.127342],[136.926732,35.127408],[136.927416,35.12737],[136.927402,35.127295]],[[136.926891,35.126961],[136.926903,35.126952],[136.926942,35.127044],[136.926833,35.127069],[136.926803,35.12698],[136.926891,35.126961]]]}},{"type":"Feature","id":"23108051005","properties":{"KEY_CODE":"23108051005","PREF":"23","CITY":"108","S_AREA":"051005","PREF_NAME":"愛知県","CITY_NAME":"名古屋市瑞穂区","S_NAME":"大喜町五丁目","HCODE":8101,"AREA":19178.852,"KIGO_E":"","JINKO":190,"SETAI":84,"X_CODE":136.928226,"Y_CODE":35.125559},"geometry":{"type":"Polygon","coordinates":[[[136.928003,35.12667],[136.928409,35.126618],[136.928617,35.126628],[136.928627,35.126629],[136.928635,35.126635],[136.92867,35.126323],[136.928673,35.126301],[136.928675,35.126266],[136.928677,35.126243],[136.92873,35.125741],[136.928762,35.12541],[136.92877,35.125337],[136.928809,35.124944],[136.928819,35.124879],[136.928819,35.124873],[136.928466,35.124851],[136.928446,35.124857],[136.928374,35.124879],[136.92836,35.124884],[136.92831,35.124822],[136.928322,35.12481],[136.928374,35.124772],[136.92839,35.124632],[136.928397,35.124561],[136.928129,35.124542],[136.928136,35.124491],[136.927777,35.124477],[136.927776,35.124503],[136.927774,35.124549],[136.927763,35.124871],[136.927758,35.124889],[136.927734,35.124899],[136.927648,35.124913],[136.927691,35.125216],[136.927701,35.12537],[136.927702,35.125412],[136.927711,35.125725],[136.927736,35.125796],[136.927741,35.125817],[136.927746,35.125834],[136.927807,35.126043],[136.927828,35.126198],[136.927861,35.12632],[136.927865,35.126341],[136.927951,35.126328],[136.928022,35.126563],[136.927963,35.126657],[136.927965,35.126672],[136.928002,35.12667],[136.928003,35.12667]]]}},{"type":"Feature","id":"23108051006","properties":{"KEY_CODE":"23108051006","PREF":"23","CITY":"108","S_AREA":"051006","PREF_NAME":"愛知県","CITY_NAME":"名古屋市瑞穂区","S_NAME":"大喜町六丁目","HCODE":8101,"AREA":21086.166,"KIGO_E":"","JINKO":311,"SETAI":130,"X_CODE":136.929413,"Y_CODE":35.125512},"geometry":{"type":"Polygon","coordinates":[[[136.929677,35.126267],[136.929683,35.126249],[136.929735,35.126251],[136.93001,35.126259],[136.930018,35.126214],[136.930059,35.125842],[136.930104,35.125431],[136.930108,35.125394],[136.930156,35.124981],[136.930179,35.124779],[136.928837,35.124696],[136.928819,35.124873],[136.928819,35.124879],[136.928809,35.124944],[136.92877,35.125337],[136.928762,35.12541],[136.92873,35.125741],[136.928677,35.126243],[136.928675,35.126266],[136.928673,35.126301],[136.92867,35.126323],[136.929669,35.126281],[136.929677,35.126267]]]}},{"type":"Feature","id":"23108052001","properties":{"KEY_CODE":"23108052001","PREF":"23","CITY":"108","S_AREA":"052001","PREF_NAME":"愛知県","CITY_NAME":"名古屋市瑞穂区","S_NAME":"大喜新町一丁目","HCODE":8101,"AREA":17555.42,"KIGO_E":"","JINKO":85,"SETAI":56,"X_CODE":136.921744,"Y_CODE":35.126995},"geometry":{"type":"Polygon","coordinates":[[[136.922128,35.127411],[136.922168,35.127362],[136.922188,35.127347],[136.922877,35.127387],[136.922911,35.1271],[136.922875,35.127097],[136.922913,35.126626],[136.922222,35.126624],[136.921611,35.12662],[136.92095,35.126612],[136.920582,35.126606],[136.920551,35.126796],[136.920558,35.126889],[136.920555,35.126912],[136.920642,35.126925],[136.920596,35.127325],[136.920863,35.127357],[136.921507,35.127408],[136.921505,35.127364],[136.922128,35.127411]]]}},{"type":"Feature","id":"23108052002","properties":{"KEY_CODE":"23108052002","PREF":"23","CITY":"108","S_AREA":"052002","PREF_NAME":"愛知県","CITY_NAME":"名古屋市瑞穂区","S_NAME":"大喜新町二丁目","HCODE":8101,"AREA":16464.564,"KIGO_E":"","JINKO":236,"SETAI":124,"X_CODE":136.921922,"Y_CODE":35.126318},"geometry":{"type":"Polygon","coordinates":[[[136.923228,35.126185],[136.923174,35.126019],[136.922784,35.126021],[136.922331,35.126013],[136.921875,35.126012],[136.921081,35.125989],[136.920749,35.125987],[136.920736,35.125995],[136.920639,35.125994],[136.920638,35.126232],[136.920638,35.126233],[136.920567,35.126233],[136.920584,35.126592],[136.920582,35.126606],[136.92095,35.126612],[136.921611,35.12662],[136.922222,35.126624],[136.922913,35.126626],[136.923345,35.126628],[136.923308,35.126538],[136.923219,35.126192],[136.923228,35.126185]]]}},{"type":"Feature","id":"23108052003","properties":{"KEY_CODE":"23108052003","PREF":"23","CITY":"108","S_AREA":"052003","PREF_NAME":"愛知県","CITY_NAME":"名古屋市瑞穂区","S_NAME":"大喜新町三丁目","HCODE":8101,"AREA":30962.579,"KIGO_E":"","JINKO":388,"SETAI":157,"X_CODE":136.924033,"Y_CODE":35.12698},"geometry":{"type":"Polygon","coordinates":[[[136.924967,35.127839],[136.92497,35.127647],[136.924971,35.127598],[136.924974,35.127265],[136.924988,35.127269],[136.924967,35.127012],[136.924918,35.126482],[136.924903,35.12637],[136.924869,35.126099],[136.924471,35.126115],[136.924331,35.126122],[136.924144,35.126131],[136.924141,35.126131],[136.923914,35.126144],[136.923536,35.126167],[136.923228,35.126185],[136.923219,35.126192],[136.923308,35.126538],[136.923345,35.126628],[136.922913,35.126626],[136.922875,35.127097],[136.922911,35.1271],[136.922877,35.127387],[136.923399,35.127418],[136.923398,35.127442],[136.923396,35.127496],[136.923382,35.127805],[136.923407,35.127807],[136.923467,35.127805],[136.923571,35.127805],[136.923811,35.127811],[136.923842,35.127813],[136.923946,35.127817],[136.924153,35.127817],[136.924334,35.127827],[136.924406,35.127827],[136.924526,35.127827],[136.924795,35.127837],[136.924947,35.127839],[136.924967,35.127839]]]}},{"type":"Feature","id":"23108052004","properties":{"KEY_CODE":"23108052004","PREF":"23","CITY":"108","S_AREA":"052004","PREF_NAME":"愛知県","CITY_NAME":"名古屋市瑞穂区","S_NAME":"大喜新町四丁目","HCODE":8101,"AREA":31707.346,"KIGO_E":"","JINKO":274,"SETAI":160,"X_CODE":136.925797,"Y_CODE":35.127024},"geometry":{"type":"Polygon","coordinates":[[[136.925741,35.128088],[136.925752,35.127958],[136.92655,35.12801],[136.926563,35.127939],[136.926616,35.127695],[136.926732,35.127408],[136.926756,35.127342],[136.926748,35.127253],[136.926679,35.127006],[136.926659,35.126934],[136.926658,35.126931],[136.926617,35.126784],[136.926547,35.126526],[136.926541,35.126505],[136.926429,35.126089],[136.926417,35.126046],[136.926412,35.126046],[136.925484,35.126078],[136.925423,35.12608],[136.924925,35.126097],[136.924869,35.126099],[136.924903,35.12637],[136.924918,35.126482],[136.924967,35.127012],[136.924988,35.127269],[136.924974,35.127265],[136.924971,35.127598],[136.92497,35.127647],[136.924967,35.127839],[136.925097,35.127837],[136.92551,35.127881],[136.92551,35.127925],[136.925509,35.128081],[136.925741,35.128088]]]}},{"type":"Feature","id":"23108053001","properties":{"KEY_CODE":"23108053001","PREF":"23","CITY":"108","S_AREA":"053001","PREF_NAME":"愛知県","CITY_NAME":"名古屋市瑞穂区","S_NAME":"高田町一丁目","HCODE":8101,"AREA":23830.816,"KIGO_E":"","JINKO":444,"SETAI":222,"X_CODE":136.930535,"Y_CODE":35.135655},"geometry":{"type":"Polygon","coordinates":[[[136.928205,35.135912],[136.928273,35.135751],[136.928347,35.135752],[136.928324,35.135901],[136.928334,35.135901],[136.928327,35.135925],[136.928665,35.135915],[136.928665,35.135945],[136.928751,35.135943],[136.928743,35.135978],[136.928815,35.136012],[136.928916,35.136006],[136.928922,35.135943],[136.928933,35.135943],[136.929082,35.135942],[136.929204,35.135942],[136.930102,35.135995],[136.930115,35.13593],[136.930157,35.135704],[136.930244,35.135892],[136.930263,35.135887],[136.930565,35.135819],[136.930587,35.13588],[136.931081,35.135719],[136.931033,35.135566],[136.931311,35.135551],[136.931668,35.135539],[136.931721,35.135832],[136.931883,35.135815],[136.931888,35.135734],[136.932271,35.135764],[136.932262,35.135837],[136.932763,35.135884],[136.932772,35.135837],[136.933057,35.135864],[136.933059,35.13585],[136.933084,35.135851],[136.933084,35.135832],[136.933404,35.135856],[136.93341,35.135822],[136.933489,35.135831],[136.933532,35.135527],[136.933456,35.135521],[136.933496,35.135213],[136.933449,35.135211],[136.933157,35.1352],[136.933125,35.135457],[136.932657,35.135429],[136.932316,35.135437],[136.932147,35.135441],[136.932154,35.135387],[136.932019,35.135387],[136.932015,35.135489],[136.931708,35.135475],[136.931708,35.135395],[136.931307,35.135382],[136.930954,35.135387],[136.930949,35.135544],[136.930872,35.135541],[136.930868,35.1354],[136.930662,35.135403],[136.930507,35.135367],[136.930499,35.135434],[136.930215,35.135408],[136.93022,35.135384],[136.929857,35.135397],[136.929853,35.135531],[136.929449,35.135546],[136.929444,35.135721],[136.929235,35.135726],[136.929276,35.135465],[136.928846,35.135462],[136.928552,35.135466],[136.928245,35.13547],[136.92818,35.13561],[136.928081,35.135535],[136.927578,35.135555],[136.927592,35.135759],[136.927603,35.135886],[136.927607,35.135912],[136.927842,35.135896],[136.928133,35.136024],[136.928205,35.135912]]]}},{"type":"Feature","id":"23108053002","properties":{"KEY_CODE":"23108053002","PREF":"23","CITY":"108","S_AREA":"053002","PREF_NAME":"愛知県","CITY_NAME":"名古屋市瑞穂区","S_NAME":"高田町二丁目","HCODE":8101,"AREA":32132.576,"KIGO_E":"","JINKO":328,"SETAI":176,"X_CODE":136.930232,"Y_CODE":35.135186},"geometry":{"type":"Polygon","coordinates":[[[136.929853,35.135531],[136.929857,35.135397],[136.93022,35.135384],[136.930215,35.135408],[136.930499,35.135434],[136.930507,35.135367],[136.930662,35.135403],[136.930868,35.1354],[136.930872,35.135541],[136.930949,35.135544],[136.930954,35.135387],[136.931307,35.135382],[136.931708,35.135395],[136.931708,35.135475],[136.932015,35.135489],[136.932019,35.135387],[136.932154,35.135387],[136.932147,35.135441],[136.932316,35.135437],[136.932657,35.135429],[136.933125,35.135457],[136.933157,35.1352],[136.933449,35.135211],[136.933486,35.134959],[136.933489,35.13494],[136.933207,35.134915],[136.933195,35.134985],[136.932379,35.134948],[136.932377,35.134964],[136.931309,35.134936],[136.931045,35.134927],[136.931045,35.134887],[136.93028,35.134883],[136.93028,35.134876],[136.930246,35.134866],[136.930181,35.134872],[136.929648,35.134886],[136.929046,35.134914],[136.929009,35.134912],[136.92894,35.134927],[136.927531,35.134823],[136.927553,35.135142],[136.92755,35.135143],[136.927578,35.135555],[136.928081,35.135535],[136.92818,35.13561],[136.928245,35.13547],[136.928552,35.135466],[136.928846,35.135462],[136.929276,35.135465],[136.929235,35.135726],[136.929444,35.135721],[136.929449,35.135546],[136.929853,35.135531]]]}},{"type":"Feature","id":"23108053003","properties":{"KEY_CODE":"23108053003","PREF":"23","CITY":"108","S_AREA":"053003","PREF_NAME":"愛知県","CITY_NAME":"名古屋市瑞穂区","S_NAME":"高田町三丁目","HCODE":8101,"AREA":70696.4,"KIGO_E":"","JINKO":107,"SETAI":40,"X_CODE":136.929348,"Y_CODE":35.133997},"geometry":{"type":"Polygon","coordinates":[[[136.933195,35.134985],[136.933207,35.134915],[136.933489,35.13494],[136.93353,35.134944],[136.933567,35.134663],[136.933252,35.13464],[136.933258,35.134598],[136.932445,35.134524],[136.932439,35.134562],[136.931315,35.134489],[136.930242,35.134477],[136.930207,35.134245],[136.930184,35.134086],[136.930063,35.133659],[136.929921,35.13338],[136.929887,35.133352],[136.929684,35.132692],[136.929348,35.132768],[136.929102,35.132824],[136.928944,35.132515],[136.927991,35.132725],[136.927373,35.132854],[136.927424,35.133461],[136.927441,35.133754],[136.927463,35.134118],[136.927452,35.134119],[136.927512,35.134652],[136.927531,35.134823],[136.92894,35.134927],[136.929009,35.134912],[136.929046,35.134914],[136.929648,35.134886],[136.930181,35.134872],[136.930246,35.134866],[136.93028,35.134876],[136.93028,35.134883],[136.931045,35.134887],[136.931045,35.134927],[136.931309,35.134936],[136.932377,35.134964],[136.932379,35.134948],[136.933195,35.134985]]]}},{"type":"Feature","id":"23108053004","properties":{"KEY_CODE":"23108053004","PREF":"23","CITY":"108","S_AREA":"053004","PREF_NAME":"愛知県","CITY_NAME":"名古屋市瑞穂区","S_NAME":"高田町四丁目","HCODE":8101,"AREA":31983.443,"KIGO_E":"","JINKO":109,"SETAI":35,"X_CODE":136.931565,"Y_CODE":35.133984},"geometry":{"type":"Polygon","coordinates":[[[136.933567,35.134663],[136.933611,35.134317],[136.933615,35.13429],[136.933553,35.134286],[136.933565,35.134134],[136.933566,35.134114],[136.933336,35.134089],[136.932514,35.134081],[136.932506,35.13414],[136.932182,35.134093],[136.932302,35.133256],[136.929921,35.13338],[136.930063,35.133659],[136.930184,35.134086],[136.930207,35.134245],[136.930242,35.134477],[136.931315,35.134489],[136.932439,35.134562],[136.932445,35.134524],[136.933258,35.134598],[136.933252,35.13464],[136.933567,35.134663]]]}},{"type":"Feature","id":"23108053005","properties":{"KEY_CODE":"23108053005","PREF":"23","CITY":"108","S_AREA":"053005","PREF_NAME":"愛知県","CITY_NAME":"名古屋市瑞穂区","S_NAME":"高田町五丁目","HCODE":8101,"AREA":12783.926,"KIGO_E":"","JINKO":166,"SETAI":99,"X_CODE":136.932968,"Y_CODE":35.133636},"geometry":{"type":"Polygon","coordinates":[[[136.932506,35.13414],[136.932514,35.134081],[136.933336,35.134089],[136.933566,35.134114],[136.93364,35.134122],[136.93365,35.134058],[136.933411,35.134032],[136.933423,35.133955],[136.933662,35.133978],[136.93368,35.133853],[136.933521,35.133837],[136.933555,35.133615],[136.933713,35.13363],[136.933739,35.133456],[136.933778,35.133186],[136.933471,35.133179],[136.932776,35.13312],[136.932657,35.133348],[136.932415,35.133253],[136.932302,35.133256],[136.932182,35.134093],[136.932506,35.13414]]]}},{"type":"Feature","id":"23108053006","properties":{"KEY_CODE":"23108053006","PREF":"23","CITY":"108","S_AREA":"053006","PREF_NAME":"愛知県","CITY_NAME":"名古屋市瑞穂区","S_NAME":"高田町六丁目","HCODE":8101,"AREA":9748.014,"KIGO_E":"","JINKO":123,"SETAI":58,"X_CODE":136.933159,"Y_CODE":35.132778},"geometry":{"type":"Polygon","coordinates":[[[136.932657,35.133348],[136.932776,35.13312],[136.933471,35.133179],[136.933778,35.133186],[136.933813,35.132946],[136.933852,35.132672],[136.933555,35.132643],[136.933594,35.132384],[136.933135,35.132335],[136.93314,35.132309],[136.933164,35.132175],[136.933131,35.132173],[136.932811,35.132125],[136.932757,35.13244],[136.932842,35.132454],[136.932415,35.133253],[136.932657,35.133348]]]}},{"type":"Feature","id":"231080540","properties":{"KEY_CODE":"231080540","PREF":"23","CITY":"108","S_AREA":"054090","PREF_NAME":"愛知県","CITY_NAME":"名古屋市瑞穂区","S_NAME":"高辻町","HCODE":8101,"AREA":6249.392,"KIGO_E":"","JINKO":57,"SETAI":52,"X_CODE":136.918019,"Y_CODE":35.137963},"geometry":{"type":"Polygon","coordinates":[[[136.918228,35.138527],[136.918375,35.137427],[136.917795,35.137424],[136.917674,35.138463],[136.91771,35.138492],[136.917722,35.138493],[136.918228,35.138527]]]}},{"type":"Feature","id":"23108055001","properties":{"KEY_CODE":"23108055001","PREF":"23","CITY":"108","S_AREA":"055001","PREF_NAME":"愛知県","CITY_NAME":"名古屋市瑞穂区","S_NAME":"竹田町一丁目","HCODE":8101,"AREA":20061.005,"KIGO_E":"","JINKO":233,"SETAI":102,"X_CODE":136.920032,"Y_CODE":35.138934},"geometry":{"type":"Polygon","coordinates":[[[136.919774,35.138403],[136.91914,35.13837],[136.919124,35.138537],[136.919104,35.138574],[136.919039,35.139245],[136.919025,35.139395],[136.919286,35.139413],[136.919627,35.139436],[136.920287,35.139471],[136.920293,35.139472],[136.920918,35.139501],[136.921025,35.138636],[136.921036,35.138453],[136.920398,35.138435],[136.919774,35.138403]]]}},{"type":"Feature","id":"23108055002","properties":{"KEY_CODE":"23108055002","PREF":"23","CITY":"108","S_AREA":"055002","PREF_NAME":"愛知県","CITY_NAME":"名古屋市瑞穂区","S_NAME":"竹田町二丁目","HCODE":8101,"AREA":22260.647,"KIGO_E":"","JINKO":618,"SETAI":240,"X_CODE":136.921938,"Y_CODE":35.13899},"geometry":{"type":"Polygon","coordinates":[[[136.922608,35.138523],[136.922577,35.138347],[136.922435,35.138331],[136.922421,35.138301],[136.922345,35.138284],[136.922316,35.138422],[136.922182,35.138409],[136.92216,35.13834],[136.922056,35.138335],[136.921983,35.138388],[136.921983,35.138393],[136.921698,35.138385],[136.921519,35.138385],[136.921505,35.138384],[136.921504,35.138398],[136.921041,35.138404],[136.921036,35.138453],[136.921025,35.138636],[136.920918,35.139501],[136.920922,35.139502],[136.921467,35.139539],[136.921877,35.139562],[136.922348,35.139588],[136.922383,35.13959],[136.922902,35.13962],[136.922907,35.13962],[136.922894,35.139378],[136.922861,35.138741],[136.922848,35.138612],[136.922866,35.138529],[136.922608,35.138523]]]}},{"type":"Feature","id":"23108055003","properties":{"KEY_CODE":"23108055003","PREF":"23","CITY":"108","S_AREA":"055003","PREF_NAME":"愛知県","CITY_NAME":"名古屋市瑞穂区","S_NAME":"竹田町三丁目","HCODE":8101,"AREA":12778.281,"KIGO_E":"","JINKO":128,"SETAI":63,"X_CODE":136.923352,"Y_CODE":35.138885},"geometry":{"type":"Polygon","coordinates":[[[136.923846,35.138789],[136.923767,35.138158],[136.923309,35.138219],[136.922881,35.138288],[136.92289,35.138388],[136.922866,35.138529],[136.922848,35.138612],[136.922861,35.138741],[136.922894,35.139378],[136.922907,35.13962],[136.923082,35.139618],[136.92389,35.139395],[136.923879,35.139272],[136.92387,35.139175],[136.923846,35.138789]]]}},{"type":"Feature","id":"23108055004","properties":{"KEY_CODE":"23108055004","PREF":"23","CITY":"108","S_AREA":"055004","PREF_NAME":"愛知県","CITY_NAME":"名古屋市瑞穂区","S_NAME":"竹田町四丁目","HCODE":8101,"AREA":16937.294,"KIGO_E":"","JINKO":141,"SETAI":76,"X_CODE":136.924438,"Y_CODE":35.138583},"geometry":{"type":"Polygon","coordinates":[[[136.925013,35.138151],[136.924997,35.137863],[136.924414,35.137879],[136.924023,35.137918],[136.92384,35.137956],[136.923811,35.137962],[136.923806,35.138139],[136.923767,35.138158],[136.923846,35.138789],[136.92387,35.139175],[136.923879,35.139272],[136.925072,35.139283],[136.925049,35.138831],[136.925013,35.138151]]]}},{"type":"Feature","id":"23108056001","properties":{"KEY_CODE":"23108056001","PREF":"23","CITY":"108","S_AREA":"056001","PREF_NAME":"愛知県","CITY_NAME":"名古屋市瑞穂区","S_NAME":"岳見町一丁目","HCODE":8101,"AREA":35810.067,"KIGO_E":"","JINKO":189,"SETAI":82,"X_CODE":136.955243,"Y_CODE":35.12852},"geometry":{"type":"Polygon","coordinates":[[[136.954312,35.129678],[136.954903,35.12947],[136.954958,35.129551],[136.955292,35.129371],[136.955271,35.129253],[136.955986,35.128732],[136.956334,35.128999],[136.956498,35.128868],[136.956519,35.128851],[136.956836,35.128625],[136.956856,35.128619],[136.956874,35.128613],[136.956499,35.128255],[136.956347,35.12809],[136.956382,35.128065],[136.95614,35.127863],[136.955982,35.127731],[136.956009,35.127719],[136.95622,35.127628],[136.956244,35.127617],[136.956068,35.127381],[136.956033,35.127395],[136.956018,35.127399],[136.955583,35.127581],[136.954894,35.127865],[136.954118,35.128184],[136.953758,35.128332],[136.953939,35.128614],[136.954392,35.129318],[136.954161,35.129426],[136.954279,35.129613],[136.954275,35.129614],[136.954312,35.129678]]]}},{"type":"Feature","id":"23108056002","properties":{"KEY_CODE":"23108056002","PREF":"23","CITY":"108","S_AREA":"056002","PREF_NAME":"愛知県","CITY_NAME":"名古屋市瑞穂区","S_NAME":"岳見町二丁目","HCODE":8101,"AREA":39944.217,"KIGO_E":"","JINKO":210,"SETAI":83,"X_CODE":136.954854,"Y_CODE":35.127204},"geometry":{"type":"Polygon","coordinates":[[[136.956466,35.127212],[136.956494,35.126606],[136.956468,35.12661],[136.956445,35.126442],[136.956046,35.126511],[136.956046,35.1265],[136.955666,35.12627],[136.955624,35.126244],[136.955575,35.126215],[136.955306,35.126051],[136.954233,35.126795],[136.954222,35.126803],[136.953373,35.127392],[136.953025,35.127633],[136.953023,35.127635],[136.953739,35.12834],[136.953758,35.128332],[136.954118,35.128184],[136.954894,35.127865],[136.955583,35.127581],[136.956018,35.127399],[136.956033,35.127395],[136.956068,35.127381],[136.956466,35.127212]]]}},{"type":"Feature","id":"23108056003","properties":{"KEY_CODE":"23108056003","PREF":"23","CITY":"108","S_AREA":"056003","PREF_NAME":"愛知県","CITY_NAME":"名古屋市瑞穂区","S_NAME":"岳見町三丁目","HCODE":8101,"AREA":33678.539,"KIGO_E":"","JINKO":202,"SETAI":67,"X_CODE":136.953761,"Y_CODE":35.126336},"geometry":{"type":"Polygon","coordinates":[[[136.954631,35.12562],[136.953789,35.124906],[136.953591,35.125334],[136.95355,35.125422],[136.953502,35.125526],[136.95331,35.125941],[136.953298,35.125967],[136.953274,35.126019],[136.953121,35.126226],[136.952964,35.126387],[136.952886,35.126467],[136.952785,35.126558],[136.952685,35.126649],[136.952631,35.126699],[136.952607,35.126722],[136.952344,35.126965],[136.952336,35.126973],[136.953002,35.127614],[136.953023,35.127635],[136.953025,35.127633],[136.953373,35.127392],[136.954222,35.126803],[136.954233,35.126795],[136.955306,35.126051],[136.955285,35.126039],[136.954984,35.125848],[136.954707,35.125672],[136.954631,35.12562]]]}},{"type":"Feature","id":"23108056004","properties":{"KEY_CODE":"23108056004","PREF":"23","CITY":"108","S_AREA":"056004","PREF_NAME":"愛知県","CITY_NAME":"名古屋市瑞穂区","S_NAME":"岳見町四丁目","HCODE":8101,"AREA":90419.099,"KIGO_E":"","JINKO":561,"SETAI":214,"X_CODE":136.957532,"Y_CODE":35.12473},"geometry":{"type":"Polygon","coordinates":[[[136.957281,35.12677],[136.957776,35.126503],[136.957977,35.126489],[136.957938,35.12621],[136.957955,35.12617],[136.958377,35.125716],[136.958484,35.125601],[136.958516,35.125599],[136.959015,35.125093],[136.958782,35.124605],[136.958781,35.124559],[136.958699,35.124555],[136.958267,35.124289],[136.957896,35.124052],[136.95819,35.123595],[136.958514,35.123089],[136.95866,35.122934],[136.958777,35.122893],[136.958875,35.122906],[136.959089,35.123073],[136.959328,35.123264],[136.959799,35.12269],[136.959542,35.122419],[136.959465,35.122394],[136.958276,35.122012],[136.957932,35.122531],[136.957747,35.122808],[136.957608,35.123017],[136.957412,35.123312],[136.95731,35.123471],[136.957257,35.123534],[136.957136,35.123639],[136.957121,35.123652],[136.956758,35.123883],[136.95667,35.123939],[136.956493,35.124069],[136.956369,35.124186],[136.95634,35.124236],[136.956311,35.12435],[136.956287,35.124594],[136.956287,35.124707],[136.956287,35.124763],[136.956236,35.124946],[136.956165,35.125131],[136.956134,35.125193],[136.955801,35.125672],[136.95577,35.125726],[136.955575,35.126215],[136.955624,35.126244],[136.955666,35.12627],[136.956046,35.1265],[136.956046,35.126511],[136.956445,35.126442],[136.956468,35.12661],[136.956494,35.126606],[136.956466,35.127212],[136.956637,35.127139],[136.957263,35.12678],[136.957281,35.12677]]]}},{"type":"Feature","id":"23108056005","properties":{"KEY_CODE":"23108056005","PREF":"23","CITY":"108","S_AREA":"056005","PREF_NAME":"愛知県","CITY_NAME":"名古屋市瑞穂区","S_NAME":"岳見町五丁目","HCODE":8101,"AREA":48670.203,"KIGO_E":"","JINKO":323,"SETAI":135,"X_CODE":136.956257,"Y_CODE":35.12399},"geometry":{"type":"Polygon","coordinates":[[[136.958276,35.122012],[136.957583,35.121795],[136.957458,35.122023],[136.957335,35.122247],[136.957318,35.122277],[136.957276,35.122311],[136.957146,35.122416],[136.957039,35.12251],[136.95675,35.122666],[136.956247,35.122972],[136.956078,35.123156],[136.955896,35.123353],[136.95583,35.123425],[136.955586,35.12369],[136.955379,35.124014],[136.955201,35.124403],[136.955046,35.124743],[136.954631,35.12562],[136.954707,35.125672],[136.954984,35.125848],[136.955285,35.126039],[136.955306,35.126051],[136.955575,35.126215],[136.95577,35.125726],[136.955801,35.125672],[136.956134,35.125193],[136.956165,35.125131],[136.956236,35.124946],[136.956287,35.124763],[136.956287,35.124707],[136.956287,35.124594],[136.956311,35.12435],[136.95634,35.124236],[136.956369,35.124186],[136.956493,35.124069],[136.95667,35.123939],[136.956758,35.123883],[136.957121,35.123652],[136.957136,35.123639],[136.957257,35.123534],[136.95731,35.123471],[136.957412,35.123312],[136.957608,35.123017],[136.957747,35.122808],[136.957932,35.122531],[136.958276,35.122012]]]}},{"type":"Feature","id":"23108056006","properties":{"KEY_CODE":"23108056006","PREF":"23","CITY":"108","S_AREA":"056006","PREF_NAME":"愛知県","CITY_NAME":"名古屋市瑞穂区","S_NAME":"岳見町六丁目","HCODE":8101,"AREA":45131.022,"KIGO_E":"","JINKO":361,"SETAI":148,"X_CODE":136.955405,"Y_CODE":35.123471},"geometry":{"type":"Polygon","coordinates":[[[136.957583,35.121795],[136.95679,35.121539],[136.956698,35.12174],[136.956599,35.121879],[136.956548,35.121935],[136.956397,35.122051],[136.956308,35.122102],[136.956008,35.122272],[136.955982,35.122287],[136.955633,35.122494],[136.955182,35.122761],[136.954941,35.122906],[136.954664,35.12315],[136.954647,35.123172],[136.954479,35.12338],[136.954436,35.123471],[136.954423,35.123499],[136.954271,35.123821],[136.95427,35.123823],[136.954099,35.124208],[136.954096,35.124213],[136.954075,35.124262],[136.953945,35.124556],[136.953789,35.124906],[136.954631,35.12562],[136.955046,35.124743],[136.955201,35.124403],[136.955379,35.124014],[136.955586,35.12369],[136.95583,35.123425],[136.955896,35.123353],[136.956078,35.123156],[136.956247,35.122972],[136.95675,35.122666],[136.957039,35.12251],[136.957146,35.122416],[136.957276,35.122311],[136.957318,35.122277],[136.957335,35.122247],[136.957458,35.122023],[136.957583,35.121795]]]}},{"type":"Feature","id":"23108057001","properties":{"KEY_CODE":"23108057001","PREF":"23","CITY":"108","S_AREA":"057001","PREF_NAME":"愛知県","CITY_NAME":"名古屋市瑞穂区","S_NAME":"田光町一丁目","HCODE":8101,"AREA":13150.568,"KIGO_E":"","JINKO":200,"SETAI":53,"X_CODE":136.922283,"Y_CODE":35.123908},"geometry":{"type":"Polygon","coordinates":[[[136.923107,35.124263],[136.92312,35.124183],[136.923366,35.124193],[136.923366,35.124191],[136.923396,35.123968],[136.923513,35.123977],[136.92354,35.123777],[136.923544,35.12373],[136.923449,35.123726],[136.922595,35.123657],[136.92226,35.123631],[136.92226,35.123588],[136.92214,35.123585],[136.92213,35.123619],[136.921652,35.123581],[136.921471,35.123566],[136.921169,35.123539],[136.921164,35.123539],[136.921114,35.123534],[136.921089,35.123813],[136.921111,35.123814],[136.921204,35.12382],[136.92118,35.124009],[136.9214,35.124034],[136.92137,35.124215],[136.921632,35.124239],[136.921647,35.124154],[136.92252,35.124217],[136.922518,35.12423],[136.92288,35.12426],[136.922982,35.124277],[136.923101,35.124296],[136.923107,35.124263]]]}},{"type":"Feature","id":"23108057002","properties":{"KEY_CODE":"23108057002","PREF":"23","CITY":"108","S_AREA":"057002","PREF_NAME":"愛知県","CITY_NAME":"名古屋市瑞穂区","S_NAME":"田光町二丁目","HCODE":8101,"AREA":15416.51,"KIGO_E":"","JINKO":293,"SETAI":133,"X_CODE":136.924582,"Y_CODE":35.124128},"geometry":{"type":"Polygon","coordinates":[[[136.924532,35.12447],[136.924554,35.124467],[136.924554,35.124468],[136.924658,35.124458],[136.924682,35.124402],[136.924724,35.124295],[136.925069,35.124339],[136.925064,35.124385],[136.925407,35.124406],[136.925416,35.124451],[136.925442,35.124448],[136.925442,35.124447],[136.925951,35.124367],[136.92596,35.124368],[136.92596,35.124366],[136.925906,35.124106],[136.92585,35.123917],[136.925848,35.123911],[136.925813,35.123795],[136.925606,35.123854],[136.925496,35.123851],[136.925499,35.123896],[136.924486,35.123832],[136.924486,35.123826],[136.924048,35.123798],[136.924065,35.123617],[136.923891,35.123609],[136.92388,35.123752],[136.923753,35.123743],[136.923757,35.123712],[136.923546,35.123705],[136.923544,35.12373],[136.92354,35.123777],[136.923513,35.123977],[136.923396,35.123968],[136.923366,35.124191],[136.923443,35.124195],[136.923463,35.124196],[136.923538,35.124198],[136.923642,35.12455],[136.923648,35.124571],[136.92392,35.124549],[136.924105,35.124536],[136.924106,35.124536],[136.924276,35.124512],[136.924532,35.12447]]]}},{"type":"Feature","id":"23108057003","properties":{"KEY_CODE":"23108057003","PREF":"23","CITY":"108","S_AREA":"057003","PREF_NAME":"愛知県","CITY_NAME":"名古屋市瑞穂区","S_NAME":"田光町三丁目","HCODE":8101,"AREA":30990.533,"KIGO_E":"","JINKO":326,"SETAI":168,"X_CODE":136.928177,"Y_CODE":35.124272},"geometry":{"type":"Polygon","coordinates":[[[136.928446,35.124857],[136.928466,35.124851],[136.928819,35.124873],[136.928837,35.124696],[136.930179,35.124779],[136.930182,35.124756],[136.930215,35.12447],[136.930218,35.124446],[136.930268,35.124052],[136.928915,35.123951],[136.928009,35.123877],[136.926734,35.123783],[136.926721,35.123903],[136.926239,35.123818],[136.926153,35.123822],[136.925848,35.123911],[136.92585,35.123917],[136.925906,35.124106],[136.92596,35.124366],[136.926304,35.124314],[136.926317,35.124359],[136.926324,35.124384],[136.926402,35.124368],[136.926649,35.124382],[136.926651,35.124501],[136.926652,35.124524],[136.927041,35.124543],[136.927041,35.124679],[136.927461,35.124629],[136.927472,35.124548],[136.927774,35.124549],[136.927776,35.124503],[136.927777,35.124477],[136.928136,35.124491],[136.928129,35.124542],[136.928397,35.124561],[136.92839,35.124632],[136.928374,35.124772],[136.928322,35.12481],[136.92831,35.124822],[136.92836,35.124884],[136.928374,35.124879],[136.928446,35.124857]]]}},{"type":"Feature","id":"23108058001","properties":{"KEY_CODE":"23108058001","PREF":"23","CITY":"108","S_AREA":"058001","PREF_NAME":"愛知県","CITY_NAME":"名古屋市瑞穂区","S_NAME":"田辺通一丁目","HCODE":8101,"AREA":29507.07,"KIGO_E":"","JINKO":397,"SETAI":189,"X_CODE":136.945005,"Y_CODE":35.13645},"geometry":{"type":"Polygon","coordinates":[[[136.945456,35.137968],[136.945394,35.137813],[136.945362,35.137728],[136.945273,35.137753],[136.945163,35.137783],[136.945105,35.137645],[136.945106,35.137612],[136.945425,35.137539],[136.945455,35.137534],[136.945378,35.136981],[136.945595,35.136948],[136.945486,35.136403],[136.945574,35.136393],[136.945663,35.136384],[136.945654,35.136325],[136.945619,35.136078],[136.945618,35.136045],[136.945609,35.135804],[136.945608,35.135759],[136.945608,35.135732],[136.945594,35.135607],[136.945581,35.13549],[136.945584,35.135432],[136.945588,35.135331],[136.945592,35.135232],[136.94558,35.135232],[136.945087,35.135228],[136.945101,35.134952],[136.944558,35.135073],[136.944453,35.135098],[136.944289,35.135135],[136.944385,35.135521],[136.944452,35.135793],[136.94462,35.136479],[136.944668,35.136668],[136.944674,35.136716],[136.944521,35.136896],[136.944442,35.136923],[136.944569,35.137207],[136.94459,35.137207],[136.944578,35.137582],[136.944618,35.137581],[136.94467,35.137744],[136.944629,35.137758],[136.944531,35.137799],[136.944532,35.137946],[136.944622,35.137943],[136.944615,35.138146],[136.944927,35.138159],[136.944932,35.138119],[136.945359,35.137995],[136.945456,35.137968]]]}},{"type":"Feature","id":"23108058002","properties":{"KEY_CODE":"23108058002","PREF":"23","CITY":"108","S_AREA":"058002","PREF_NAME":"愛知県","CITY_NAME":"名古屋市瑞穂区","S_NAME":"田辺通二丁目","HCODE":8101,"AREA":38902.066,"KIGO_E":"","JINKO":579,"SETAI":244,"X_CODE":136.945212,"Y_CODE":35.133319},"geometry":{"type":"Polygon","coordinates":[[[136.945662,35.135233],[136.945655,35.134754],[136.945655,35.13455],[136.94567,35.134367],[136.945675,35.134308],[136.945683,35.133771],[136.945683,35.133768],[136.945696,35.133271],[136.945744,35.133273],[136.945751,35.133068],[136.945778,35.13307],[136.945798,35.132639],[136.945834,35.131823],[136.945823,35.131508],[136.945797,35.131503],[136.945774,35.1315],[136.945507,35.131491],[136.945287,35.13151],[136.945284,35.131526],[136.945151,35.131536],[136.944754,35.131629],[136.944747,35.131632],[136.944715,35.132189],[136.944684,35.133109],[136.944676,35.133273],[136.944668,35.133433],[136.944655,35.13369],[136.944654,35.133716],[136.944654,35.133717],[136.944628,35.1343],[136.944612,35.1343],[136.944558,35.135073],[136.945101,35.134952],[136.945087,35.135228],[136.94558,35.135232],[136.945592,35.135232],[136.945662,35.135233]]]}},{"type":"Feature","id":"23108058003","properties":{"KEY_CODE":"23108058003","PREF":"23","CITY":"108","S_AREA":"058003","PREF_NAME":"愛知県","CITY_NAME":"名古屋市瑞穂区","S_NAME":"田辺通三丁目","HCODE":8101,"AREA":119892.311,"KIGO_E":"","JINKO":300,"SETAI":124,"X_CODE":136.944927,"Y_CODE":35.130041},"geometry":{"type":"Polygon","coordinates":[[[136.945287,35.13151],[136.945507,35.131491],[136.945774,35.1315],[136.945797,35.131503],[136.945823,35.131508],[136.946045,35.131545],[136.946551,35.131759],[136.94673,35.131825],[136.947127,35.131176],[136.947363,35.130918],[136.94721,35.130708],[136.946661,35.130396],[136.946254,35.130165],[136.946364,35.130086],[136.946368,35.130064],[136.946355,35.1298],[136.946342,35.129534],[136.94633,35.129311],[136.946323,35.129193],[136.946304,35.128834],[136.946291,35.1286],[136.946287,35.128521],[136.945858,35.128517],[136.945452,35.128476],[136.94547,35.128204],[136.945502,35.127972],[136.945616,35.127665],[136.945622,35.127649],[136.945404,35.127613],[136.944803,35.127555],[136.944375,35.127531],[136.944343,35.127795],[136.944318,35.127865],[136.944237,35.128093],[136.944103,35.128343],[136.94396,35.128596],[136.943928,35.128651],[136.943878,35.128735],[136.943697,35.129041],[136.943537,35.129311],[136.943197,35.129887],[136.942992,35.130264],[136.943125,35.130388],[136.942994,35.130683],[136.942918,35.130915],[136.94288,35.131031],[136.942836,35.131253],[136.942807,35.131365],[136.943094,35.131563],[136.943136,35.131592],[136.943338,35.131648],[136.944134,35.131939],[136.944133,35.13194],[136.944148,35.131944],[136.94436,35.131789],[136.944747,35.131632],[136.944754,35.131629],[136.945151,35.131536],[136.945284,35.131526],[136.945287,35.13151]]]}},{"type":"Feature","id":"23108058004","properties":{"KEY_CODE":"23108058004","PREF":"23","CITY":"108","S_AREA":"058004","PREF_NAME":"愛知県","CITY_NAME":"名古屋市瑞穂区","S_NAME":"田辺通四丁目","HCODE":8101,"AREA":70129.875,"KIGO_E":"","JINKO":698,"SETAI":388,"X_CODE":136.945858,"Y_CODE":35.126243},"geometry":{"type":"Polygon","coordinates":[[[136.946765,35.126026],[136.946926,35.125431],[136.94702,35.125449],[136.947105,35.12509],[136.947237,35.125122],[136.947302,35.125137],[136.94742,35.124819],[136.94756,35.124415],[136.947399,35.124341],[136.94687,35.124247],[136.946325,35.124151],[136.94632,35.124177],[136.946082,35.124827],[136.945738,35.124778],[136.94573,35.124798],[136.945709,35.124817],[136.945702,35.124861],[136.945468,35.125514],[136.945181,35.125501],[136.944841,35.125486],[136.944609,35.125524],[136.944605,35.125529],[136.944602,35.12558],[136.944598,35.125649],[136.944513,35.126343],[136.944382,35.127479],[136.944375,35.127531],[136.944803,35.127555],[136.945404,35.127613],[136.945622,35.127649],[136.945616,35.127665],[136.945502,35.127972],[136.94547,35.128204],[136.945452,35.128476],[136.945858,35.128517],[136.946287,35.128521],[136.946267,35.12816],[136.946325,35.12814],[136.946345,35.128133],[136.946217,35.127867],[136.946318,35.12779],[136.946251,35.127524],[136.946255,35.1275],[136.946222,35.127469],[136.946297,35.127333],[136.946362,35.127278],[136.946466,35.127076],[136.946532,35.126883],[136.94669,35.126384],[136.946765,35.126026]]]}},{"type":"Feature","id":"23108058005","properties":{"KEY_CODE":"23108058005","PREF":"23","CITY":"108","S_AREA":"058005","PREF_NAME":"愛知県","CITY_NAME":"名古屋市瑞穂区","S_NAME":"田辺通五丁目","HCODE":8101,"AREA":22083.525,"KIGO_E":"","JINKO":206,"SETAI":87,"X_CODE":136.947226,"Y_CODE":35.123177},"geometry":{"type":"Polygon","coordinates":[[[136.947569,35.123456],[136.94771,35.123055],[136.947734,35.123005],[136.947938,35.122881],[136.947824,35.122386],[136.947829,35.122279],[136.947944,35.122199],[136.947838,35.122057],[136.947729,35.121943],[136.947642,35.121866],[136.947416,35.121695],[136.947172,35.122375],[136.947037,35.122343],[136.946904,35.122686],[136.946819,35.122906],[136.946856,35.123068],[136.946863,35.123093],[136.946856,35.123108],[136.946842,35.123116],[136.946731,35.123101],[136.946697,35.123231],[136.946806,35.123252],[136.946747,35.12345],[136.946597,35.123426],[136.946325,35.124151],[136.94687,35.124247],[136.947399,35.124341],[136.947488,35.124067],[136.947513,35.124023],[136.947537,35.123962],[136.94757,35.12384],[136.947582,35.123628],[136.947583,35.123609],[136.947569,35.123456]]]}},{"type":"Feature","id":"23108058006","properties":{"KEY_CODE":"23108058006","PREF":"23","CITY":"108","S_AREA":"058006","PREF_NAME":"愛知県","CITY_NAME":"名古屋市瑞穂区","S_NAME":"田辺通六丁目","HCODE":8101,"AREA":38638.356,"KIGO_E":"","JINKO":746,"SETAI":325,"X_CODE":136.949089,"Y_CODE":35.120295},"geometry":{"type":"Polygon","coordinates":[[[136.94855,35.121149],[136.948657,35.121034],[136.949025,35.121253],[136.949081,35.121287],[136.949209,35.121132],[136.949153,35.1211],[136.949079,35.121057],[136.949178,35.120939],[136.949493,35.120567],[136.949458,35.120538],[136.949659,35.120345],[136.949676,35.120323],[136.949635,35.120299],[136.949504,35.120213],[136.949678,35.120019],[136.94975,35.11994],[136.950023,35.119638],[136.949974,35.119608],[136.950427,35.119106],[136.950487,35.119128],[136.95056,35.119268],[136.950703,35.119209],[136.950995,35.119307],[136.951055,35.119289],[136.951129,35.119202],[136.951281,35.11902],[136.951333,35.119008],[136.95145,35.118837],[136.950642,35.11867],[136.950509,35.118633],[136.950499,35.11863],[136.950345,35.1188],[136.950336,35.118793],[136.950022,35.118568],[136.949989,35.118601],[136.949648,35.118939],[136.949686,35.118966],[136.949573,35.119085],[136.949586,35.119094],[136.949681,35.119161],[136.949374,35.119462],[136.949117,35.119693],[136.949064,35.119661],[136.948817,35.119899],[136.948904,35.119954],[136.948863,35.11998],[136.948603,35.120233],[136.948385,35.120209],[136.947992,35.120537],[136.947738,35.12088],[136.947767,35.120897],[136.947614,35.121126],[136.94767,35.121158],[136.947564,35.12131],[136.947335,35.121638],[136.947416,35.121695],[136.947642,35.121866],[136.947729,35.121943],[136.947838,35.122057],[136.947944,35.122199],[136.94816,35.122041],[136.948195,35.121991],[136.948599,35.121455],[136.948394,35.121354],[136.94855,35.121149]]]}},{"type":"Feature","id":"23108059001","properties":{"KEY_CODE":"23108059001","PREF":"23","CITY":"108","S_AREA":"059001","PREF_NAME":"愛知県","CITY_NAME":"名古屋市瑞穂区","S_NAME":"玉水町一丁目","HCODE":8101,"AREA":74232.948,"KIGO_E":"","JINKO":305,"SETAI":121,"X_CODE":136.959079,"Y_CODE":35.12193},"geometry":{"type":"Polygon","coordinates":[[[136.961402,35.122209],[136.961466,35.121736],[136.96153,35.121269],[136.961537,35.121216],[136.960108,35.120894],[136.960092,35.120946],[136.959958,35.121249],[136.959812,35.121579],[136.959737,35.121746],[136.958531,35.121401],[136.957005,35.120937],[136.955752,35.120732],[136.955727,35.120915],[136.955672,35.121329],[136.955664,35.12134],[136.955371,35.121497],[136.955201,35.121591],[136.955297,35.121675],[136.955422,35.12176],[136.955672,35.12193],[136.955877,35.12208],[136.956008,35.122272],[136.956308,35.122102],[136.956397,35.122051],[136.956548,35.121935],[136.956599,35.121879],[136.956698,35.12174],[136.95679,35.121539],[136.957583,35.121795],[136.958276,35.122012],[136.959465,35.122394],[136.959542,35.122419],[136.959799,35.12269],[136.960576,35.123541],[136.961022,35.12403],[136.961028,35.124056],[136.961171,35.123905],[136.961182,35.123826],[136.961229,35.123479],[136.961286,35.123064],[136.961346,35.122619],[136.961402,35.122209]]]}},{"type":"Feature","id":"23108059002","properties":{"KEY_CODE":"23108059002","PREF":"23","CITY":"108","S_AREA":"059002","PREF_NAME":"愛知県","CITY_NAME":"名古屋市瑞穂区","S_NAME":"玉水町二丁目","HCODE":8101,"AREA":37994.144,"KIGO_E":"","JINKO":401,"SETAI":164,"X_CODE":136.957909,"Y_CODE":35.120768},"geometry":{"type":"Polygon","coordinates":[[[136.957292,35.120117],[136.955882,35.119879],[136.955875,35.119907],[136.955827,35.120124],[136.955825,35.120236],[136.955824,35.12024],[136.955792,35.120459],[136.955774,35.120586],[136.955759,35.120683],[136.955752,35.120732],[136.957005,35.120937],[136.958531,35.121401],[136.959737,35.121746],[136.959812,35.121579],[136.959958,35.121249],[136.960092,35.120946],[136.960108,35.120894],[136.960115,35.120861],[136.958862,35.120606],[136.958859,35.120541],[136.957292,35.120117]]]}},{"type":"Feature","id":"231080600","properties":{"KEY_CODE":"231080600","PREF":"23","CITY":"108","S_AREA":"060005","PREF_NAME":"愛知県","CITY_NAME":"名古屋市瑞穂区","S_NAME":"檀渓通","HCODE":8101,"AREA":5191.528,"KIGO_E":"","JINKO":0,"SETAI":0,"X_CODE":136.944917,"Y_CODE":35.138364},"geometry":{"type":"Polygon","coordinates":[[[136.9451,35.138693],[136.945102,35.138658],[136.945103,35.138622],[136.945187,35.13861],[136.945208,35.138607],[136.945312,35.138593],[136.945331,35.138591],[136.945284,35.138351],[136.945475,35.138293],[136.945359,35.137995],[136.944932,35.138119],[136.944927,35.138159],[136.944615,35.138146],[136.944521,35.138142],[136.944446,35.138139],[136.944301,35.138142],[136.944317,35.138162],[136.944319,35.138164],[136.944501,35.138458],[136.944518,35.13869],[136.944899,35.138669],[136.944898,35.138698],[136.9451,35.138693]]]}},{"type":"Feature","id":"23108061001","properties":{"KEY_CODE":"23108061001","PREF":"23","CITY":"108","S_AREA":"061001","PREF_NAME":"愛知県","CITY_NAME":"名古屋市瑞穂区","S_NAME":"津賀田町一丁目","HCODE":8101,"AREA":25579.184,"KIGO_E":"","JINKO":157,"SETAI":71,"X_CODE":136.931154,"Y_CODE":35.125039},"geometry":{"type":"Polygon","coordinates":[[[136.9315,35.12443],[136.931392,35.124425],[136.93124,35.124431],[136.930803,35.124448],[136.930215,35.12447],[136.930182,35.124756],[136.930179,35.124779],[136.930156,35.124981],[136.930108,35.125394],[136.930104,35.125431],[136.930059,35.125842],[136.930092,35.125844],[136.930464,35.12587],[136.930511,35.125873],[136.930943,35.125698],[136.932033,35.125303],[136.931939,35.12514],[136.932303,35.125002],[136.932717,35.124989],[136.932752,35.124656],[136.932507,35.124615],[136.932288,35.12458],[136.93158,35.124435],[136.9315,35.12443]]]}},{"type":"Feature","id":"23108061002","properties":{"KEY_CODE":"23108061002","PREF":"23","CITY":"108","S_AREA":"061002","PREF_NAME":"愛知県","CITY_NAME":"名古屋市瑞穂区","S_NAME":"津賀田町二丁目","HCODE":8101,"AREA":33965.438,"KIGO_E":"","JINKO":406,"SETAI":178,"X_CODE":136.931794,"Y_CODE":35.123797},"geometry":{"type":"Polygon","coordinates":[[[136.932789,35.124471],[136.932706,35.124282],[136.932575,35.123834],[136.93287,35.123701],[136.93296,35.123608],[136.93356,35.123127],[136.933723,35.122997],[136.933678,35.122886],[136.93324,35.123014],[136.933063,35.123052],[136.932926,35.123055],[136.932614,35.123063],[136.932596,35.123131],[136.932295,35.123169],[136.932267,35.123077],[136.931932,35.123132],[136.931747,35.123163],[136.93145,35.123044],[136.93115,35.123048],[136.931261,35.12348],[136.930825,35.123565],[136.930335,35.123533],[136.930321,35.123631],[136.930316,35.123689],[136.930275,35.123995],[136.930268,35.124052],[136.930218,35.124446],[136.930215,35.12447],[136.930803,35.124448],[136.93124,35.124431],[136.931392,35.124425],[136.9315,35.12443],[136.93158,35.124435],[136.932288,35.12458],[136.932507,35.124615],[136.932752,35.124656],[136.932753,35.124641],[136.932789,35.124471]]]}},{"type":"Feature","id":"23108061003","properties":{"KEY_CODE":"23108061003","PREF":"23","CITY":"108","S_AREA":"061003","PREF_NAME":"愛知県","CITY_NAME":"名古屋市瑞穂区","S_NAME":"津賀田町三丁目","HCODE":8101,"AREA":40879.426,"KIGO_E":"","JINKO":221,"SETAI":104,"X_CODE":136.931841,"Y_CODE":35.122568},"geometry":{"type":"Polygon","coordinates":[[[136.93115,35.123048],[136.93145,35.123044],[136.931747,35.123163],[136.931932,35.123132],[136.932267,35.123077],[136.932295,35.123169],[136.932596,35.123131],[136.932614,35.123063],[136.932926,35.123055],[136.933063,35.123052],[136.93324,35.123014],[136.933678,35.122886],[136.933581,35.122697],[136.93357,35.122675],[136.933529,35.1226],[136.933501,35.122454],[136.933537,35.122207],[136.933021,35.122163],[136.933067,35.12177],[136.932775,35.12175],[136.932345,35.121793],[136.932142,35.121814],[136.93166,35.121862],[136.931521,35.121877],[136.931102,35.121921],[136.931064,35.121908],[136.930971,35.121869],[136.930964,35.121866],[136.930498,35.121971],[136.930475,35.122195],[136.930457,35.122372],[136.930411,35.122798],[136.930389,35.123038],[136.930367,35.123225],[136.930335,35.123533],[136.930825,35.123565],[136.931261,35.12348],[136.93115,35.123048]]]}},{"type":"Feature","id":"23108062001","properties":{"KEY_CODE":"23108062001","PREF":"23","CITY":"108","S_AREA":"062001","PREF_NAME":"愛知県","CITY_NAME":"名古屋市瑞穂区","S_NAME":"佃町一丁目","HCODE":8101,"AREA":20187.087,"KIGO_E":"","JINKO":240,"SETAI":129,"X_CODE":136.926538,"Y_CODE":35.119481},"geometry":{"type":"Polygon","coordinates":[[[136.927282,35.119071],[136.927359,35.118741],[136.927369,35.118695],[136.926589,35.118643],[136.926304,35.118779],[136.926319,35.118649],[136.926316,35.11865],[136.926058,35.118762],[136.92577,35.11885],[136.925764,35.118876],[136.925754,35.118957],[136.925756,35.118957],[136.925752,35.118988],[136.925798,35.118993],[136.925946,35.11901],[136.92585,35.119799],[136.926186,35.119829],[136.926184,35.119849],[136.926102,35.120585],[136.926877,35.120468],[136.926921,35.120437],[136.926921,35.119902],[136.926989,35.119678],[136.927052,35.119504],[136.927263,35.119099],[136.927282,35.119071]]]}},{"type":"Feature","id":"23108062002","properties":{"KEY_CODE":"23108062002","PREF":"23","CITY":"108","S_AREA":"062002","PREF_NAME":"愛知県","CITY_NAME":"名古屋市瑞穂区","S_NAME":"佃町二丁目","HCODE":8101,"AREA":12668.106,"KIGO_E":"","JINKO":117,"SETAI":76,"X_CODE":136.926981,"Y_CODE":35.118106},"geometry":{"type":"Polygon","coordinates":[[[136.926304,35.118779],[136.926589,35.118643],[136.927369,35.118695],[136.927516,35.118045],[136.92791,35.117649],[136.92729,35.117606],[136.926472,35.117545],[136.926446,35.117772],[136.926425,35.117955],[136.926422,35.11798],[136.926358,35.118633],[136.926319,35.118649],[136.926304,35.118779]]]}},{"type":"Feature","id":"23108064001","properties":{"KEY_CODE":"23108064001","PREF":"23","CITY":"108","S_AREA":"064001","PREF_NAME":"愛知県","CITY_NAME":"名古屋市瑞穂区","S_NAME":"土市町一丁目","HCODE":8101,"AREA":36878.239,"KIGO_E":"","JINKO":458,"SETAI":234,"X_CODE":136.930655,"Y_CODE":35.116323},"geometry":{"type":"Polygon","coordinates":[[[136.932081,35.116995],[136.932106,35.116786],[136.932082,35.116779],[136.932179,35.11588],[136.932211,35.115866],[136.932233,35.115659],[136.931678,35.115707],[136.931229,35.115747],[136.931158,35.115753],[136.930715,35.115767],[136.93071,35.115767],[136.930549,35.115758],[136.93023,35.11572],[136.930119,35.115685],[136.929999,35.115628],[136.929889,35.115557],[136.929784,35.115462],[136.929677,35.115587],[136.929185,35.116167],[136.928885,35.116533],[136.928872,35.116547],[136.928714,35.116743],[136.929405,35.1168],[136.929613,35.116818],[136.929606,35.116885],[136.929847,35.116907],[136.929902,35.116842],[136.93011,35.11686],[136.930104,35.116954],[136.930624,35.116899],[136.931029,35.11693],[136.932057,35.117015],[136.932081,35.116995]]]}},{"type":"Feature","id":"23108064002","properties":{"KEY_CODE":"23108064002","PREF":"23","CITY":"108","S_AREA":"064002","PREF_NAME":"愛知県","CITY_NAME":"名古屋市瑞穂区","S_NAME":"土市町二丁目","HCODE":8101,"AREA":50200.711,"KIGO_E":"","JINKO":525,"SETAI":285,"X_CODE":136.933919,"Y_CODE":35.116512},"geometry":{"type":"Polygon","coordinates":[[[136.936194,35.117305],[136.936301,35.116606],[136.936111,35.11658],[136.936048,35.116571],[136.935634,35.116511],[136.935333,35.116459],[136.935177,35.11641],[136.934895,35.116272],[136.934632,35.116075],[136.934285,35.115801],[136.934145,35.115708],[136.934026,35.115649],[136.933905,35.115612],[136.933744,35.115586],[136.933533,35.115562],[136.933247,35.115572],[136.932731,35.115618],[136.932383,35.115659],[136.932233,35.115659],[136.932211,35.115866],[136.932179,35.11588],[136.932082,35.116779],[136.932106,35.116786],[136.932081,35.116995],[136.932057,35.117015],[136.932054,35.117045],[136.932264,35.117053],[136.932271,35.117033],[136.932943,35.11708],[136.933576,35.117123],[136.933584,35.117123],[136.933821,35.117143],[136.9347,35.117216],[136.934746,35.11722],[136.935033,35.117244],[136.935091,35.117249],[136.935226,35.11726],[136.935935,35.117292],[136.936194,35.117305]]]}},{"type":"Feature","id":"23108065001","properties":{"KEY_CODE":"23108065001","PREF":"23","CITY":"108","S_AREA":"065001","PREF_NAME":"愛知県","CITY_NAME":"名古屋市瑞穂区","S_NAME":"東栄町一丁目","HCODE":8101,"AREA":12720.081,"KIGO_E":"","JINKO":242,"SETAI":100,"X_CODE":136.936466,"Y_CODE":35.136286},"geometry":{"type":"Polygon","coordinates":[[[136.93551,35.136699],[136.935552,35.13661],[136.935628,35.13661],[136.935749,35.136653],[136.935752,35.136577],[136.935883,35.136575],[136.935883,35.136596],[136.935888,35.136645],[136.93604,35.136647],[136.936038,35.136691],[136.936184,35.136696],[136.936186,35.136658],[136.93633,35.13666],[136.93633,35.13662],[136.93646,35.136622],[136.936462,35.136495],[136.936815,35.136509],[136.936819,35.136423],[136.937272,35.136444],[136.937296,35.13622],[136.937842,35.136254],[136.937857,35.136115],[136.938123,35.13612],[136.938133,35.135976],[136.937736,35.135972],[136.937737,35.13588],[136.937651,35.13588],[136.937647,35.135947],[136.937321,35.135939],[136.937325,35.135873],[136.937189,35.135866],[136.937177,35.13599],[136.936892,35.136092],[136.936885,35.13613],[136.936679,35.136111],[136.936691,35.136012],[136.936431,35.136027],[136.936425,35.13596],[136.936251,35.135963],[136.936247,35.136008],[136.935839,35.136004],[136.935743,35.136208],[136.935261,35.136205],[136.935248,35.136719],[136.935457,35.136809],[136.93551,35.136699]]]}},{"type":"Feature","id":"23108065002","properties":{"KEY_CODE":"23108065002","PREF":"23","CITY":"108","S_AREA":"065002","PREF_NAME":"愛知県","CITY_NAME":"名古屋市瑞穂区","S_NAME":"東栄町二丁目","HCODE":8101,"AREA":13864.868,"KIGO_E":"","JINKO":74,"SETAI":45,"X_CODE":136.936362,"Y_CODE":35.135805},"geometry":{"type":"Polygon","coordinates":[[[136.935743,35.136208],[136.935839,35.136004],[136.936247,35.136008],[136.936251,35.135963],[136.936425,35.13596],[136.936431,35.136027],[136.936691,35.136012],[136.936679,35.136111],[136.936885,35.13613],[136.936892,35.136092],[136.937177,35.13599],[136.937189,35.135866],[136.937325,35.135873],[136.937321,35.135939],[136.937647,35.135947],[136.937651,35.13588],[136.937737,35.13588],[136.937736,35.135972],[136.938133,35.135976],[136.938142,35.135846],[136.93816,35.135644],[136.938215,35.135646],[136.938217,35.135609],[136.937365,35.135595],[136.93668,35.135579],[136.936674,35.135801],[136.93659,35.135799],[136.936411,35.135793],[136.936401,35.135674],[136.93624,35.13568],[136.936022,35.135617],[136.936062,35.135536],[136.935638,35.135531],[136.935527,35.135529],[136.935525,35.135574],[136.934642,35.13553],[136.934639,35.135556],[136.934491,35.135556],[136.934492,35.135648],[136.934492,35.135737],[136.934621,35.135741],[136.935282,35.135764],[136.935261,35.136205],[136.935743,35.136208]]]}},{"type":"Feature","id":"23108065003","properties":{"KEY_CODE":"23108065003","PREF":"23","CITY":"108","S_AREA":"065003","PREF_NAME":"愛知県","CITY_NAME":"名古屋市瑞穂区","S_NAME":"東栄町三丁目","HCODE":8101,"AREA":22573.981,"KIGO_E":"","JINKO":227,"SETAI":109,"X_CODE":136.936201,"Y_CODE":35.135294},"geometry":{"type":"Polygon","coordinates":[[[136.936674,35.135801],[136.93668,35.135579],[136.937365,35.135595],[136.938217,35.135609],[136.938234,35.135359],[136.937919,35.135348],[136.93793,35.135136],[136.937937,35.134992],[136.937791,35.134993],[136.937754,35.135091],[136.937745,35.135116],[136.937494,35.135043],[136.937463,35.135143],[136.937132,35.135072],[136.936569,35.134859],[136.936451,35.13503],[136.936254,35.134971],[136.936025,35.134942],[136.936023,35.134987],[136.935426,35.134989],[136.93543,35.134855],[136.935176,35.134854],[136.935166,35.134963],[136.934963,35.134956],[136.934964,35.134915],[136.934713,35.134898],[136.934704,35.134962],[136.934437,35.134942],[136.934399,35.135242],[136.93442,35.135252],[136.934383,35.135541],[136.934491,35.135556],[136.934639,35.135556],[136.934642,35.13553],[136.935525,35.135574],[136.935527,35.135529],[136.935638,35.135531],[136.936062,35.135536],[136.936022,35.135617],[136.93624,35.13568],[136.936401,35.135674],[136.936411,35.135793],[136.93659,35.135799],[136.936674,35.135801]]]}},{"type":"Feature","id":"23108065004","properties":{"KEY_CODE":"23108065004","PREF":"23","CITY":"108","S_AREA":"065004","PREF_NAME":"愛知県","CITY_NAME":"名古屋市瑞穂区","S_NAME":"東栄町四丁目","HCODE":8101,"AREA":17799.735,"KIGO_E":"","JINKO":135,"SETAI":58,"X_CODE":136.936311,"Y_CODE":35.134731},"geometry":{"type":"Polygon","coordinates":[[[136.937463,35.135143],[136.937494,35.135043],[136.937745,35.135116],[136.937754,35.135091],[136.937791,35.134993],[136.937937,35.134992],[136.937939,35.134954],[136.938288,35.134943],[136.938295,35.134753],[136.93758,35.134742],[136.937587,35.13472],[136.937606,35.134652],[136.937469,35.134598],[136.937439,35.134658],[136.937118,35.134526],[136.937158,35.134471],[136.936916,35.134367],[136.936874,35.134425],[136.936861,35.134443],[136.936648,35.134372],[136.936621,35.134423],[136.936462,35.134359],[136.936124,35.134275],[136.936075,35.1344],[136.935793,35.134386],[136.93521,35.1345],[136.935207,35.134532],[136.934762,35.134496],[136.934751,35.134589],[136.934564,35.134577],[136.934536,35.13481],[136.934454,35.134805],[136.934437,35.134942],[136.934704,35.134962],[136.934713,35.134898],[136.934964,35.134915],[136.934963,35.134956],[136.935166,35.134963],[136.935176,35.134854],[136.93543,35.134855],[136.935426,35.134989],[136.936023,35.134987],[136.936025,35.134942],[136.936254,35.134971],[136.936451,35.13503],[136.936569,35.134859],[136.937132,35.135072],[136.937463,35.135143]]]}},{"type":"Feature","id":"23108065005","properties":{"KEY_CODE":"23108065005","PREF":"23","CITY":"108","S_AREA":"065005","PREF_NAME":"愛知県","CITY_NAME":"名古屋市瑞穂区","S_NAME":"東栄町五丁目","HCODE":8101,"AREA":18831.005,"KIGO_E":"","JINKO":186,"SETAI":82,"X_CODE":136.936247,"Y_CODE":35.134251},"geometry":{"type":"Polygon","coordinates":[[[136.938295,35.134753],[136.938303,35.134527],[136.938309,35.134332],[136.937978,35.134326],[136.937935,35.134422],[136.937696,35.134353],[136.937726,35.134257],[136.937377,35.134146],[136.937351,35.134197],[136.937287,35.134169],[136.937267,35.134188],[136.937069,35.134147],[136.936902,35.134114],[136.93693,35.133976],[136.936673,35.133937],[136.936693,35.133803],[136.936219,35.133748],[136.9362,35.133909],[136.935972,35.133905],[136.935587,35.133886],[136.935329,35.133913],[136.934846,35.133923],[136.934852,35.133875],[136.93461,35.133868],[136.934607,35.134137],[136.934564,35.134137],[136.93451,35.134138],[136.934515,35.134319],[136.934483,35.134572],[136.934564,35.134577],[136.934751,35.134589],[136.934762,35.134496],[136.935207,35.134532],[136.93521,35.1345],[136.935793,35.134386],[136.936075,35.1344],[136.936124,35.134275],[136.936462,35.134359],[136.936621,35.134423],[136.936648,35.134372],[136.936861,35.134443],[136.936874,35.134425],[136.936916,35.134367],[136.937158,35.134471],[136.937118,35.134526],[136.937439,35.134658],[136.937469,35.134598],[136.937606,35.134652],[136.937587,35.13472],[136.93758,35.134742],[136.938295,35.134753]]]}},{"type":"Feature","id":"23108065006","properties":{"KEY_CODE":"23108065006","PREF":"23","CITY":"108","S_AREA":"065006","PREF_NAME":"愛知県","CITY_NAME":"名古屋市瑞穂区","S_NAME":"東栄町六丁目","HCODE":8101,"AREA":18347.956,"KIGO_E":"","JINKO":211,"SETAI":119,"X_CODE":136.936453,"Y_CODE":35.133771},"geometry":{"type":"Polygon","coordinates":[[[136.937935,35.134422],[136.937978,35.134326],[136.938309,35.134332],[136.938315,35.134168],[136.938319,35.134041],[136.93832,35.13392],[136.938126,35.133911],[136.937915,35.133892],[136.937894,35.133883],[136.937896,35.13388],[136.937638,35.133783],[136.937661,35.133745],[136.937417,35.133649],[136.937436,35.133623],[136.937183,35.133523],[136.936254,35.133441],[136.935889,35.133417],[136.935229,35.133326],[136.93495,35.133302],[136.934698,35.133283],[136.934681,35.133397],[136.934658,35.133546],[136.93464,35.133545],[136.934615,35.133737],[136.934869,35.133748],[136.934852,35.133875],[136.934846,35.133923],[136.935329,35.133913],[136.935587,35.133886],[136.935972,35.133905],[136.9362,35.133909],[136.936219,35.133748],[136.936693,35.133803],[136.936673,35.133937],[136.93693,35.133976],[136.936902,35.134114],[136.937069,35.134147],[136.937267,35.134188],[136.937287,35.134169],[136.937351,35.134197],[136.937377,35.134146],[136.937726,35.134257],[136.937696,35.134353],[136.937935,35.134422]]]}},{"type":"Feature","id":"23108065007","properties":{"KEY_CODE":"23108065007","PREF":"23","CITY":"108","S_AREA":"065007","PREF_NAME":"愛知県","CITY_NAME":"名古屋市瑞穂区","S_NAME":"東栄町七丁目","HCODE":8101,"AREA":17606.021,"KIGO_E":"","JINKO":137,"SETAI":53,"X_CODE":136.936498,"Y_CODE":35.133267},"geometry":{"type":"Polygon","coordinates":[[[136.937757,35.133224],[136.93748,35.133062],[136.937379,35.133081],[136.93722,35.133062],[136.936975,35.132997],[136.936304,35.132932],[136.935034,35.132808],[136.935029,35.132841],[136.934855,35.132827],[136.934823,35.133041],[136.934825,35.13305],[136.934734,35.133042],[136.934698,35.133283],[136.93495,35.133302],[136.935229,35.133326],[136.935889,35.133417],[136.936254,35.133441],[136.937183,35.133523],[136.937436,35.133623],[136.937417,35.133649],[136.937661,35.133745],[136.937638,35.133783],[136.937896,35.13388],[136.937894,35.133883],[136.937915,35.133892],[136.938126,35.133911],[136.93832,35.13392],[136.93832,35.133678],[136.938113,35.133669],[136.938125,35.133529],[136.937915,35.133438],[136.93769,35.133302],[136.937757,35.133224]]]}},{"type":"Feature","id":"23108065008","properties":{"KEY_CODE":"23108065008","PREF":"23","CITY":"108","S_AREA":"065008","PREF_NAME":"愛知県","CITY_NAME":"名古屋市瑞穂区","S_NAME":"東栄町八丁目","HCODE":8101,"AREA":17348.476,"KIGO_E":"","JINKO":228,"SETAI":104,"X_CODE":136.936644,"Y_CODE":35.132789},"geometry":{"type":"Polygon","coordinates":[[[136.938125,35.133529],[136.93816,35.133117],[136.938512,35.133157],[136.938534,35.132895],[136.938112,35.132879],[136.938125,35.132867],[136.937921,35.132711],[136.937858,35.132663],[136.937851,35.132662],[136.93781,35.132699],[136.937399,35.132657],[136.937338,35.13265],[136.93674,35.132565],[136.936739,35.132539],[136.936738,35.132509],[136.936376,35.132465],[136.936041,35.132425],[136.935146,35.132325],[136.935115,35.132322],[136.93511,35.132355],[136.934874,35.132329],[136.934815,35.132824],[136.934855,35.132827],[136.935029,35.132841],[136.935034,35.132808],[136.936304,35.132932],[136.936975,35.132997],[136.93722,35.133062],[136.937379,35.133081],[136.93748,35.133062],[136.937757,35.133224],[136.93769,35.133302],[136.937915,35.133438],[136.938125,35.133529]]]}},{"type":"Feature","id":"23108066001","properties":{"KEY_CODE":"23108066001","PREF":"23","CITY":"108","S_AREA":"066001","PREF_NAME":"愛知県","CITY_NAME":"名古屋市瑞穂区","S_NAME":"豊岡通一丁目","HCODE":8101,"AREA":38719.02,"KIGO_E":"","JINKO":328,"SETAI":148,"X_CODE":136.928786,"Y_CODE":35.126974},"geometry":{"type":"Polygon","coordinates":[[[136.92773,35.127544],[136.927892,35.127499],[136.92791,35.127533],[136.927913,35.127546],[136.928102,35.127497],[136.928287,35.127506],[136.928302,35.127374],[136.928533,35.127386],[136.928545,35.127272],[136.928555,35.12717],[136.928823,35.127184],[136.928856,35.12725],[136.929663,35.126969],[136.929646,35.12693],[136.929742,35.126897],[136.929873,35.126851],[136.929957,35.126852],[136.929969,35.126747],[136.930266,35.126772],[136.930543,35.126669],[136.930548,35.126628],[136.931108,35.126667],[136.93113,35.126481],[136.931165,35.126036],[136.931127,35.126031],[136.930943,35.125698],[136.930511,35.125873],[136.930464,35.12587],[136.930092,35.125844],[136.930059,35.125842],[136.930018,35.126214],[136.93001,35.126259],[136.929735,35.126251],[136.929683,35.126249],[136.929677,35.126267],[136.929669,35.126281],[136.92867,35.126323],[136.928635,35.126635],[136.928627,35.126629],[136.928617,35.126628],[136.928409,35.126618],[136.928003,35.12667],[136.928017,35.126831],[136.927865,35.126892],[136.927788,35.126892],[136.927695,35.12691],[136.927595,35.126932],[136.927602,35.126982],[136.927611,35.127033],[136.927482,35.127039],[136.927479,35.127004],[136.927466,35.126943],[136.927368,35.126953],[136.927342,35.126953],[136.927342,35.126959],[136.927402,35.127295],[136.927416,35.12737],[136.926732,35.127408],[136.926616,35.127695],[136.926563,35.127939],[136.92655,35.12801],[136.926616,35.128212],[136.926663,35.128321],[136.926653,35.128348],[136.927072,35.128318],[136.927686,35.12826],[136.927683,35.128246],[136.927693,35.128245],[136.927661,35.128104],[136.927742,35.128092],[136.927745,35.128092],[136.927722,35.127955],[136.927721,35.127953],[136.927741,35.12795],[136.927759,35.127948],[136.927754,35.127911],[136.927735,35.127774],[136.927737,35.127716],[136.927711,35.127547],[136.92773,35.127544]]]}},{"type":"Feature","id":"23108066002","properties":{"KEY_CODE":"23108066002","PREF":"23","CITY":"108","S_AREA":"066002","PREF_NAME":"愛知県","CITY_NAME":"名古屋市瑞穂区","S_NAME":"豊岡通二丁目","HCODE":8101,"AREA":40751.345,"KIGO_E":"","JINKO":374,"SETAI":208,"X_CODE":136.933003,"Y_CODE":35.125453},"geometry":{"type":"Polygon","coordinates":[[[136.933072,35.125686],[136.933055,35.12566],[136.933978,35.12573],[136.934024,35.125419],[136.934027,35.125394],[136.934286,35.12541],[136.934282,35.125437],[136.934381,35.125444],[136.934385,35.125395],[136.934703,35.125421],[136.934751,35.125096],[136.935026,35.125121],[136.93511,35.124752],[136.935308,35.12468],[136.935253,35.12458],[136.935131,35.124374],[136.934865,35.124349],[136.934447,35.124325],[136.934418,35.124534],[136.934165,35.124513],[136.934132,35.12474],[136.933382,35.124686],[136.933368,35.124685],[136.933364,35.12484],[136.933364,35.124868],[136.933364,35.124912],[136.932786,35.125127],[136.932782,35.125119],[136.932715,35.125003],[136.932717,35.124989],[136.932303,35.125002],[136.931939,35.12514],[136.932033,35.125303],[136.930943,35.125698],[136.931127,35.126031],[136.931165,35.126036],[136.93113,35.126481],[136.932058,35.126557],[136.932316,35.126579],[136.932537,35.126521],[136.932437,35.126236],[136.932385,35.126064],[136.933152,35.125828],[136.933072,35.125686]]]}},{"type":"Feature","id":"23108066003","properties":{"KEY_CODE":"23108066003","PREF":"23","CITY":"108","S_AREA":"066003","PREF_NAME":"愛知県","CITY_NAME":"名古屋市瑞穂区","S_NAME":"豊岡通三丁目","HCODE":8101,"AREA":111686.359,"KIGO_E":"","JINKO":532,"SETAI":307,"X_CODE":136.940423,"Y_CODE":35.12308},"geometry":{"type":"Polygon","coordinates":[[[136.942763,35.123524],[136.942692,35.123468],[136.942656,35.123439],[136.942506,35.123325],[136.942439,35.123259],[136.942362,35.123191],[136.942309,35.123133],[136.942191,35.123006],[136.942165,35.122977],[136.942097,35.122878],[136.94203,35.122783],[136.941982,35.122705],[136.941897,35.122574],[136.941815,35.122457],[136.941808,35.122442],[136.941767,35.122356],[136.941747,35.122363],[136.941735,35.122322],[136.941061,35.120811],[136.940893,35.120966],[136.940837,35.121057],[136.940827,35.121146],[136.94076,35.121752],[136.940727,35.122042],[136.940685,35.122322],[136.939839,35.122629],[136.939529,35.122741],[136.939424,35.122547],[136.939277,35.122601],[136.939384,35.122794],[136.938958,35.122949],[136.938884,35.122807],[136.938658,35.122889],[136.938726,35.123028],[136.937834,35.123331],[136.937802,35.123365],[136.937311,35.123325],[136.937294,35.123496],[136.936742,35.123682],[136.936287,35.12385],[136.936278,35.123854],[136.93612,35.123913],[136.936133,35.123989],[136.936286,35.12425],[136.936019,35.124342],[136.936221,35.124678],[136.936654,35.124531],[136.936955,35.124559],[136.937022,35.124212],[136.93711,35.124197],[136.938313,35.124246],[136.938196,35.124052],[136.938697,35.123879],[136.939518,35.123939],[136.939561,35.123564],[136.939565,35.123524],[136.939544,35.123491],[136.940571,35.123554],[136.940562,35.123641],[136.940579,35.123642],[136.940486,35.124397],[136.940432,35.124824],[136.940392,35.12526],[136.940836,35.125291],[136.941526,35.12534],[136.942068,35.12538],[136.942635,35.125422],[136.942639,35.125406],[136.942854,35.123582],[136.942763,35.123524]]]}},{"type":"Feature","id":"231080670","properties":{"KEY_CODE":"231080670","PREF":"23","CITY":"108","S_AREA":"067090","PREF_NAME":"愛知県","CITY_NAME":"名古屋市瑞穂区","S_NAME":"苗代町","HCODE":8101,"AREA":127123.671,"KIGO_E":"","JINKO":1255,"SETAI":623,"X_CODE":136.923526,"Y_CODE":35.118139},"geometry":{"type":"Polygon","coordinates":[[[136.92169,35.116718],[136.921432,35.116696],[136.921366,35.11714],[136.921301,35.117586],[136.921298,35.117605],[136.921153,35.118517],[136.92115,35.118536],[136.9211,35.119123],[136.921067,35.119439],[136.921065,35.119455],[136.921054,35.119681],[136.921052,35.11977],[136.921052,35.119809],[136.921034,35.119915],[136.921033,35.119921],[136.921181,35.119889],[136.921694,35.119778],[136.921769,35.119762],[136.922078,35.119695],[136.922137,35.119682],[136.922573,35.119582],[136.923026,35.119479],[136.923948,35.119268],[136.924032,35.11925],[136.924467,35.119153],[136.924992,35.119037],[136.925007,35.119033],[136.925463,35.11893],[136.925693,35.11887],[136.925766,35.118851],[136.92577,35.11885],[136.926058,35.118762],[136.926316,35.11865],[136.926319,35.118649],[136.926358,35.118633],[136.926422,35.11798],[136.926425,35.117955],[136.926446,35.117772],[136.926472,35.117545],[136.92652,35.117134],[136.926524,35.1171],[136.925245,35.117],[136.925094,35.116989],[136.924295,35.116926],[136.923335,35.116851],[136.922517,35.116787],[136.922414,35.116779],[136.92169,35.116718]]]}},{"type":"Feature","id":"23108068001","properties":{"KEY_CODE":"23108068001","PREF":"23","CITY":"108","S_AREA":"068001","PREF_NAME":"愛知県","CITY_NAME":"名古屋市瑞穂区","S_NAME":"直来町一丁目","HCODE":8101,"AREA":8507.254,"KIGO_E":"","JINKO":55,"SETAI":21,"X_CODE":136.920732,"Y_CODE":35.12956},"geometry":{"type":"Polygon","coordinates":[[[136.920951,35.130001],[136.920953,35.129982],[136.921242,35.129997],[136.921245,35.129937],[136.921277,35.129592],[136.921308,35.129207],[136.920723,35.129158],[136.920683,35.129155],[136.920688,35.129065],[136.920506,35.129061],[136.920493,35.129214],[136.920301,35.129204],[136.920272,35.129515],[136.920058,35.129512],[136.920061,35.129869],[136.920112,35.129901],[136.920225,35.129908],[136.920405,35.129927],[136.920415,35.129805],[136.920654,35.12982],[136.920648,35.129884],[136.920771,35.129895],[136.920786,35.129989],[136.920951,35.130001]]]}},{"type":"Feature","id":"23108068002","properties":{"KEY_CODE":"23108068002","PREF":"23","CITY":"108","S_AREA":"068002","PREF_NAME":"愛知県","CITY_NAME":"名古屋市瑞穂区","S_NAME":"直来町二丁目","HCODE":8101,"AREA":11962.495,"KIGO_E":"","JINKO":149,"SETAI":87,"X_CODE":136.921936,"Y_CODE":35.129644},"geometry":{"type":"Polygon","coordinates":[[[136.922555,35.130216],[136.922623,35.129669],[136.922667,35.129274],[136.921957,35.129231],[136.921955,35.129249],[136.921718,35.129231],[136.921731,35.129124],[136.921331,35.12909],[136.921308,35.129207],[136.921277,35.129592],[136.921245,35.129937],[136.921242,35.129997],[136.921239,35.130056],[136.921869,35.130108],[136.921883,35.12996],[136.922251,35.129981],[136.922238,35.1302],[136.922555,35.130216]]]}},{"type":"Feature","id":"23108068003","properties":{"KEY_CODE":"23108068003","PREF":"23","CITY":"108","S_AREA":"068003","PREF_NAME":"愛知県","CITY_NAME":"名古屋市瑞穂区","S_NAME":"直来町三丁目","HCODE":8101,"AREA":9873.595,"KIGO_E":"","JINKO":127,"SETAI":51,"X_CODE":136.923128,"Y_CODE":35.129779},"geometry":{"type":"Polygon","coordinates":[[[136.92368,35.129337],[136.922667,35.129274],[136.922623,35.129669],[136.922555,35.130216],[136.92313,35.130249],[136.923606,35.130279],[136.923608,35.130254],[136.92365,35.129743],[136.92368,35.129337]]]}},{"type":"Feature","id":"23108068004","properties":{"KEY_CODE":"23108068004","PREF":"23","CITY":"108","S_AREA":"068004","PREF_NAME":"愛知県","CITY_NAME":"名古屋市瑞穂区","S_NAME":"直来町四丁目","HCODE":8101,"AREA":19221.944,"KIGO_E":"","JINKO":237,"SETAI":109,"X_CODE":136.924688,"Y_CODE":35.129841},"geometry":{"type":"Polygon","coordinates":[[[136.925705,35.130318],[136.925708,35.129853],[136.925731,35.129461],[136.925732,35.129439],[136.925713,35.129422],[136.924928,35.129383],[136.92368,35.129337],[136.92365,35.129743],[136.923608,35.130254],[136.924098,35.130287],[136.924343,35.130307],[136.924523,35.130338],[136.924528,35.130139],[136.924916,35.13015],[136.924919,35.130365],[136.925697,35.130388],[136.925705,35.130318]]]}},{"type":"Feature","id":"23108068005","properties":{"KEY_CODE":"23108068005","PREF":"23","CITY":"108","S_AREA":"068005","PREF_NAME":"愛知県","CITY_NAME":"名古屋市瑞穂区","S_NAME":"直来町五丁目","HCODE":8101,"AREA":12535.13,"KIGO_E":"","JINKO":148,"SETAI":84,"X_CODE":136.926485,"Y_CODE":35.12997},"geometry":{"type":"Polygon","coordinates":[[[136.927275,35.130384],[136.927189,35.130091],[136.927095,35.129788],[136.927019,35.129539],[136.926317,35.129497],[136.926022,35.129479],[136.925731,35.129461],[136.925708,35.129853],[136.925705,35.130318],[136.926177,35.130321],[136.926189,35.130128],[136.926635,35.130154],[136.926655,35.130185],[136.926642,35.130326],[136.926734,35.130636],[136.927308,35.13052],[136.927275,35.130384]]]}},{"type":"Feature","id":"23108069001","properties":{"KEY_CODE":"23108069001","PREF":"23","CITY":"108","S_AREA":"069001","PREF_NAME":"愛知県","CITY_NAME":"名古屋市瑞穂区","S_NAME":"中根町一丁目","HCODE":8101,"AREA":21286.479,"KIGO_E":"","JINKO":217,"SETAI":85,"X_CODE":136.953962,"Y_CODE":35.118418},"geometry":{"type":"Polygon","coordinates":[[[136.956164,35.118919],[136.95621,35.118772],[136.956235,35.118694],[136.956252,35.118638],[136.955419,35.118463],[136.954923,35.118362],[136.953319,35.118034],[136.95202,35.117764],[136.951909,35.118047],[136.951896,35.118065],[136.951824,35.118243],[136.951828,35.118253],[136.952415,35.118374],[136.953157,35.118527],[136.953881,35.118677],[136.954158,35.118734],[136.954657,35.118837],[136.954667,35.118806],[136.954719,35.118815],[136.954771,35.118649],[136.955095,35.11871],[136.955029,35.118913],[136.955019,35.118945],[136.955185,35.118978],[136.955196,35.118948],[136.955199,35.118942],[136.955319,35.11892],[136.955694,35.119005],[136.955745,35.118839],[136.955903,35.118876],[136.95586,35.119005],[136.95612,35.119059],[136.956164,35.118919]]]}},{"type":"Feature","id":"23108069002","properties":{"KEY_CODE":"23108069002","PREF":"23","CITY":"108","S_AREA":"069002","PREF_NAME":"愛知県","CITY_NAME":"名古屋市瑞穂区","S_NAME":"中根町二丁目","HCODE":8101,"AREA":37412.001,"KIGO_E":"","JINKO":444,"SETAI":178,"X_CODE":136.954055,"Y_CODE":35.11777},"geometry":{"type":"Polygon","coordinates":[[[136.956513,35.117807],[136.955409,35.117578],[136.955398,35.11761],[136.955026,35.117663],[136.954686,35.117609],[136.954637,35.1177],[136.954472,35.11763],[136.954289,35.117516],[136.953668,35.117387],[136.953516,35.117377],[136.953187,35.11731],[136.953194,35.117124],[136.953142,35.117116],[136.952592,35.117014],[136.952328,35.116981],[136.952357,35.11691],[136.952358,35.116907],[136.951978,35.116871],[136.951887,35.116864],[136.951879,35.116941],[136.951684,35.116936],[136.951664,35.117143],[136.95155,35.117458],[136.952096,35.117571],[136.95202,35.117764],[136.953319,35.118034],[136.954923,35.118362],[136.955419,35.118463],[136.956252,35.118638],[136.956324,35.118408],[136.956449,35.118011],[136.956513,35.117807]]]}},{"type":"Feature","id":"23108069003","properties":{"KEY_CODE":"23108069003","PREF":"23","CITY":"108","S_AREA":"069003","PREF_NAME":"愛知県","CITY_NAME":"名古屋市瑞穂区","S_NAME":"中根町三丁目","HCODE":8101,"AREA":52611.832,"KIGO_E":"","JINKO":448,"SETAI":190,"X_CODE":136.954187,"Y_CODE":35.116876},"geometry":{"type":"Polygon","coordinates":[[[136.956579,35.117599],[136.956709,35.117184],[136.956781,35.116955],[136.955675,35.11671],[136.955681,35.11669],[136.955732,35.116515],[136.955344,35.11643],[136.955299,35.116603],[136.955107,35.116564],[136.954004,35.116295],[136.952645,35.116009],[136.952684,35.115885],[136.952199,35.115787],[136.952104,35.116084],[136.95177,35.116175],[136.951751,35.116427],[136.951723,35.116543],[136.951684,35.116936],[136.951879,35.116941],[136.951887,35.116864],[136.951978,35.116871],[136.952358,35.116907],[136.952357,35.11691],[136.952328,35.116981],[136.952592,35.117014],[136.953142,35.117116],[136.953194,35.117124],[136.953187,35.11731],[136.953516,35.117377],[136.953668,35.117387],[136.954289,35.117516],[136.954472,35.11763],[136.954637,35.1177],[136.954686,35.117609],[136.955026,35.117663],[136.955398,35.11761],[136.955409,35.117578],[136.956513,35.117807],[136.956579,35.117599]]]}},{"type":"Feature","id":"23108069004","properties":{"KEY_CODE":"23108069004","PREF":"23","CITY":"108","S_AREA":"069004","PREF_NAME":"愛知県","CITY_NAME":"名古屋市瑞穂区","S_NAME":"中根町四丁目","HCODE":8101,"AREA":34217.393,"KIGO_E":"","JINKO":511,"SETAI":197,"X_CODE":136.954632,"Y_CODE":35.116062},"geometry":{"type":"Polygon","coordinates":[[[136.95684,35.116767],[136.956954,35.116403],[136.957018,35.116199],[136.955895,35.115975],[136.954214,35.115606],[136.953749,35.115532],[136.953289,35.115438],[136.953304,35.115387],[136.953059,35.115337],[136.952901,35.115304],[136.952904,35.115264],[136.952878,35.115259],[136.952874,35.115272],[136.952393,35.115173],[136.952334,35.115369],[136.952225,35.115707],[136.952199,35.115787],[136.952684,35.115885],[136.952645,35.116009],[136.954004,35.116295],[136.955107,35.116564],[136.955299,35.116603],[136.955344,35.11643],[136.955732,35.116515],[136.955681,35.11669],[136.955675,35.11671],[136.956781,35.116955],[136.95684,35.116767]]]}},{"type":"Feature","id":"23108069005","properties":{"KEY_CODE":"23108069005","PREF":"23","CITY":"108","S_AREA":"069005","PREF_NAME":"愛知県","CITY_NAME":"名古屋市瑞穂区","S_NAME":"中根町五丁目","HCODE":8101,"AREA":25543.645,"KIGO_E":"","JINKO":379,"SETAI":156,"X_CODE":136.954822,"Y_CODE":35.115463},"geometry":{"type":"Polygon","coordinates":[[[136.956069,35.115445],[136.954364,35.115104],[136.953397,35.114927],[136.953021,35.114803],[136.953019,35.114806],[136.952554,35.114662],[136.952461,35.114945],[136.952393,35.115173],[136.952874,35.115272],[136.952878,35.115259],[136.952904,35.115264],[136.952901,35.115304],[136.953059,35.115337],[136.953304,35.115387],[136.953289,35.115438],[136.953749,35.115532],[136.954214,35.115606],[136.955895,35.115975],[136.957018,35.116199],[136.95707,35.116034],[136.957185,35.115669],[136.956069,35.115445]]]}},{"type":"Feature","id":"23108070001","properties":{"KEY_CODE":"23108070001","PREF":"23","CITY":"108","S_AREA":"070001","PREF_NAME":"愛知県","CITY_NAME":"名古屋市瑞穂区","S_NAME":"中山町一丁目","HCODE":8101,"AREA":15000.427,"KIGO_E":"","JINKO":390,"SETAI":197,"X_CODE":136.92824,"Y_CODE":35.139435},"geometry":{"type":"Polygon","coordinates":[[[136.926502,35.140081],[136.92674,35.140022],[136.926773,35.140024],[136.926867,35.139989],[136.927519,35.139816],[136.928084,35.139673],[136.928661,35.139526],[136.929962,35.139191],[136.930344,35.139094],[136.930407,35.139077],[136.930325,35.138846],[136.930261,35.138713],[136.930241,35.138712],[136.930205,35.138711],[136.930204,35.138711],[136.930155,35.13871],[136.930193,35.138909],[136.92993,35.138937],[136.92966,35.138959],[136.929342,35.13891],[136.929291,35.139111],[136.929019,35.139082],[136.92896,35.139296],[136.928698,35.139249],[136.928713,35.139136],[136.928536,35.139119],[136.928524,35.139231],[136.928193,35.139157],[136.928192,35.139159],[136.927882,35.139095],[136.927822,35.139279],[136.927557,35.13924],[136.927541,35.139452],[136.926316,35.139759],[136.926261,35.139759],[136.926278,35.13979],[136.92643,35.140062],[136.926437,35.140075],[136.926448,35.140095],[136.926492,35.140084],[136.926502,35.140081]]]}},{"type":"Feature","id":"23108070002","properties":{"KEY_CODE":"23108070002","PREF":"23","CITY":"108","S_AREA":"070002","PREF_NAME":"愛知県","CITY_NAME":"名古屋市瑞穂区","S_NAME":"中山町二丁目","HCODE":8101,"AREA":23874.552,"KIGO_E":"","JINKO":247,"SETAI":121,"X_CODE":136.928863,"Y_CODE":35.13865},"geometry":{"type":"Polygon","coordinates":[[[136.92896,35.139296],[136.929019,35.139082],[136.929291,35.139111],[136.929342,35.13891],[136.92966,35.138959],[136.92993,35.138937],[136.930193,35.138909],[136.930155,35.13871],[136.930204,35.138711],[136.930205,35.138711],[136.930215,35.138476],[136.930237,35.138478],[136.930237,35.13846],[136.93031,35.138463],[136.930331,35.138293],[136.930344,35.138102],[136.929882,35.138079],[136.929871,35.13826],[136.929281,35.13822],[136.929276,35.138233],[136.929257,35.138231],[136.929056,35.138241],[136.928897,35.138249],[136.928621,35.138173],[136.928168,35.138048],[136.928164,35.138047],[136.928082,35.138237],[136.927878,35.138244],[136.927882,35.138361],[136.927882,35.138374],[136.927804,35.138375],[136.927629,35.138375],[136.927623,35.138454],[136.927604,35.138708],[136.927558,35.139219],[136.927557,35.13924],[136.927822,35.139279],[136.927882,35.139095],[136.928192,35.139159],[136.928193,35.139157],[136.928524,35.139231],[136.928536,35.139119],[136.928713,35.139136],[136.928698,35.139249],[136.92896,35.139296]]]}},{"type":"Feature","id":"23108070003","properties":{"KEY_CODE":"23108070003","PREF":"23","CITY":"108","S_AREA":"070003","PREF_NAME":"愛知県","CITY_NAME":"名古屋市瑞穂区","S_NAME":"中山町三丁目","HCODE":8101,"AREA":15480.961,"KIGO_E":"","JINKO":258,"SETAI":101,"X_CODE":136.92883,"Y_CODE":35.137909},"geometry":{"type":"Polygon","coordinates":[[[136.928082,35.138237],[136.928164,35.138047],[136.928168,35.138048],[136.928621,35.138173],[136.928897,35.138249],[136.929056,35.138241],[136.929257,35.138231],[136.929276,35.138233],[136.929281,35.13822],[136.929871,35.13826],[136.929882,35.138079],[136.930344,35.138102],[136.930362,35.137852],[136.929899,35.137817],[136.929895,35.137656],[136.929598,35.137649],[136.92959,35.137704],[136.929342,35.137646],[136.928954,35.137573],[136.928986,35.137514],[136.928786,35.137459],[136.9287,35.137673],[136.92863,35.137644],[136.928206,35.137599],[136.928211,35.137503],[136.927693,35.137476],[136.927679,35.137702],[136.92765,35.138095],[136.927629,35.138375],[136.927804,35.138375],[136.927882,35.138374],[136.927882,35.138361],[136.927878,35.138244],[136.928082,35.138237]]]}},{"type":"Feature","id":"23108070004","properties":{"KEY_CODE":"23108070004","PREF":"23","CITY":"108","S_AREA":"070004","PREF_NAME":"愛知県","CITY_NAME":"名古屋市瑞穂区","S_NAME":"中山町四丁目","HCODE":8101,"AREA":16604.613,"KIGO_E":"","JINKO":175,"SETAI":94,"X_CODE":136.929227,"Y_CODE":35.137369},"geometry":{"type":"Polygon","coordinates":[[[136.930676,35.137691],[136.93069,35.137495],[136.930244,35.13747],[136.93027,35.137201],[136.930274,35.137162],[136.930218,35.137154],[136.93014,35.137157],[136.93014,35.137071],[136.929907,35.137048],[136.929674,35.137025],[136.92969,35.136891],[136.92946,35.136871],[136.929456,35.137005],[136.929289,35.136995],[136.92906,35.137008],[136.929044,35.137112],[136.928275,35.137089],[136.928279,35.137044],[136.927683,35.137],[136.927704,35.137299],[136.927693,35.137476],[136.928211,35.137503],[136.928206,35.137599],[136.92863,35.137644],[136.9287,35.137673],[136.928786,35.137459],[136.928986,35.137514],[136.928954,35.137573],[136.929342,35.137646],[136.92959,35.137704],[136.929598,35.137649],[136.929895,35.137656],[136.929899,35.137817],[136.930362,35.137852],[136.930652,35.137867],[136.930676,35.137691]]]}},{"type":"Feature","id":"23108070005","properties":{"KEY_CODE":"23108070005","PREF":"23","CITY":"108","S_AREA":"070005","PREF_NAME":"愛知県","CITY_NAME":"名古屋市瑞穂区","S_NAME":"中山町五丁目","HCODE":8101,"AREA":12769.816,"KIGO_E":"","JINKO":71,"SETAI":36,"X_CODE":136.928895,"Y_CODE":35.136794},"geometry":{"type":"Polygon","coordinates":[[[136.930364,35.136889],[136.930385,35.136706],[136.929981,35.136671],[136.929117,35.136596],[136.929142,35.136408],[136.92875,35.136375],[136.928736,35.136522],[136.928168,35.136492],[136.928158,35.136549],[136.927954,35.136538],[136.927922,35.136536],[136.927914,35.136581],[136.927652,35.13655],[136.927654,35.136587],[136.927663,35.136711],[136.927683,35.137],[136.928279,35.137044],[136.928275,35.137089],[136.929044,35.137112],[136.92906,35.137008],[136.929289,35.136995],[136.929456,35.137005],[136.92946,35.136871],[136.92969,35.136891],[136.929674,35.137025],[136.929907,35.137048],[136.93014,35.137071],[136.93014,35.137157],[136.930218,35.137154],[136.930251,35.136894],[136.930364,35.136889]]]}},{"type":"Feature","id":"23108070006","properties":{"KEY_CODE":"23108070006","PREF":"23","CITY":"108","S_AREA":"070006","PREF_NAME":"愛知県","CITY_NAME":"名古屋市瑞穂区","S_NAME":"中山町六丁目","HCODE":8101,"AREA":18601.527,"KIGO_E":"","JINKO":313,"SETAI":125,"X_CODE":136.929178,"Y_CODE":35.136242},"geometry":{"type":"Polygon","coordinates":[[[136.930385,35.136706],[136.930411,35.136483],[136.930471,35.136486],[136.930485,35.136178],[136.930561,35.136173],[136.930598,35.13617],[136.930637,35.136167],[136.930714,35.136162],[136.930587,35.13588],[136.930565,35.135819],[136.930263,35.135887],[136.930244,35.135892],[136.930157,35.135704],[136.930115,35.13593],[136.930102,35.135995],[136.929204,35.135942],[136.929082,35.135942],[136.928933,35.135943],[136.928922,35.135943],[136.928916,35.136006],[136.928815,35.136012],[136.928743,35.135978],[136.928751,35.135943],[136.928665,35.135945],[136.928665,35.135915],[136.928327,35.135925],[136.928334,35.135901],[136.928324,35.135901],[136.928347,35.135752],[136.928273,35.135751],[136.928205,35.135912],[136.928133,35.136024],[136.927842,35.135896],[136.927607,35.135912],[136.927652,35.13655],[136.927914,35.136581],[136.927922,35.136536],[136.927924,35.136519],[136.927718,35.136492],[136.927729,35.136439],[136.927975,35.136443],[136.927954,35.136538],[136.928158,35.136549],[136.928168,35.136492],[136.928736,35.136522],[136.92875,35.136375],[136.929142,35.136408],[136.929117,35.136596],[136.929981,35.136671],[136.930385,35.136706]]]}},{"type":"Feature","id":"23108071001","properties":{"KEY_CODE":"23108071001","PREF":"23","CITY":"108","S_AREA":"071001","PREF_NAME":"愛知県","CITY_NAME":"名古屋市瑞穂区","S_NAME":"西ノ割町一丁目","HCODE":8101,"AREA":17843.24,"KIGO_E":"","JINKO":234,"SETAI":105,"X_CODE":136.928409,"Y_CODE":35.12972},"geometry":{"type":"Polygon","coordinates":[[[136.929571,35.130122],[136.929589,35.129966],[136.929621,35.129702],[136.929658,35.129387],[136.929037,35.129324],[136.928364,35.129353],[136.928279,35.129364],[136.928282,35.129343],[136.927497,35.129428],[136.927006,35.129495],[136.927019,35.129539],[136.927095,35.129788],[136.927189,35.130091],[136.928208,35.130023],[136.928228,35.130023],[136.928226,35.13004],[136.929569,35.130139],[136.929571,35.130122]]]}},{"type":"Feature","id":"23108071002","properties":{"KEY_CODE":"23108071002","PREF":"23","CITY":"108","S_AREA":"071002","PREF_NAME":"愛知県","CITY_NAME":"名古屋市瑞穂区","S_NAME":"西ノ割町二丁目","HCODE":8101,"AREA":14695.658,"KIGO_E":"","JINKO":169,"SETAI":80,"X_CODE":136.930937,"Y_CODE":35.129928},"geometry":{"type":"Polygon","coordinates":[[[136.931933,35.130213],[136.93198,35.129888],[136.932331,35.129915],[136.932356,35.1297],[136.932358,35.129683],[136.932251,35.129652],[136.932061,35.129669],[136.931998,35.129662],[136.931951,35.129681],[136.931734,35.129651],[136.931377,35.129662],[136.931081,35.129602],[136.930954,35.12962],[136.930769,35.1296],[136.930677,35.12958],[136.930288,35.129555],[136.930252,35.129752],[136.929621,35.129702],[136.929589,35.129966],[136.929571,35.130122],[136.929569,35.130139],[136.930694,35.130222],[136.930765,35.130227],[136.931919,35.130313],[136.93192,35.130308],[136.931933,35.130213]]]}},{"type":"Feature","id":"23108071003","properties":{"KEY_CODE":"23108071003","PREF":"23","CITY":"108","S_AREA":"071003","PREF_NAME":"愛知県","CITY_NAME":"名古屋市瑞穂区","S_NAME":"西ノ割町三丁目","HCODE":8101,"AREA":13476.093,"KIGO_E":"","JINKO":176,"SETAI":95,"X_CODE":136.933012,"Y_CODE":35.130073},"geometry":{"type":"Polygon","coordinates":[[[136.932368,35.130425],[136.932578,35.130328],[136.932676,35.130372],[136.932703,35.130414],[136.933239,35.130458],[136.933276,35.130305],[136.933644,35.130355],[136.933688,35.130276],[136.933768,35.130234],[136.93393,35.130192],[136.933956,35.130043],[136.934219,35.130063],[136.934289,35.130069],[136.934346,35.130073],[136.934375,35.129776],[136.934333,35.129772],[136.934234,35.129763],[136.93423,35.129787],[136.934035,35.129757],[136.934025,35.129805],[136.934004,35.129802],[136.933393,35.129728],[136.933383,35.129787],[136.932356,35.1297],[136.932331,35.129915],[136.93198,35.129888],[136.931933,35.130213],[136.93192,35.130308],[136.931919,35.130313],[136.9319,35.130502],[136.932116,35.130516],[136.932368,35.130425]]]}},{"type":"Feature","id":"23108072001","properties":{"KEY_CODE":"23108072001","PREF":"23","CITY":"108","S_AREA":"072001","PREF_NAME":"愛知県","CITY_NAME":"名古屋市瑞穂区","S_NAME":"仁所町一丁目","HCODE":8101,"AREA":38139.789,"KIGO_E":"","JINKO":463,"SETAI":207,"X_CODE":136.948027,"Y_CODE":35.11624},"geometry":{"type":"Polygon","coordinates":[[[136.948903,35.115424],[136.948824,35.114891],[136.9482,35.115101],[136.948133,35.115118],[136.94759,35.115231],[136.947261,35.115285],[136.947244,35.115289],[136.947235,35.115515],[136.947075,35.115727],[136.947119,35.115879],[136.947183,35.116201],[136.947182,35.116219],[136.947204,35.116697],[136.947236,35.11723],[136.947239,35.117396],[136.94724,35.117439],[136.947813,35.117456],[136.94848,35.117549],[136.948544,35.117345],[136.948702,35.116856],[136.94886,35.116357],[136.948872,35.116316],[136.948921,35.115894],[136.948918,35.115869],[136.948903,35.115424]]]}},{"type":"Feature","id":"23108072002","properties":{"KEY_CODE":"23108072002","PREF":"23","CITY":"108","S_AREA":"072002","PREF_NAME":"愛知県","CITY_NAME":"名古屋市瑞穂区","S_NAME":"仁所町二丁目","HCODE":8101,"AREA":35250.069,"KIGO_E":"","JINKO":289,"SETAI":124,"X_CODE":136.949411,"Y_CODE":35.116403},"geometry":{"type":"Polygon","coordinates":[[[136.949345,35.114879],[136.94901,35.114861],[136.948824,35.114891],[136.948903,35.115424],[136.948918,35.115869],[136.948921,35.115894],[136.948872,35.116316],[136.94886,35.116357],[136.948702,35.116856],[136.948544,35.117345],[136.94848,35.117549],[136.949755,35.117813],[136.949842,35.117831],[136.949886,35.117638],[136.950005,35.117125],[136.950108,35.116684],[136.950182,35.116373],[136.950275,35.115978],[136.949917,35.115412],[136.949762,35.115157],[136.949678,35.115016],[136.949619,35.114969],[136.949345,35.114879]]]}},{"type":"Feature","id":"23108073001","properties":{"KEY_CODE":"23108073001","PREF":"23","CITY":"108","S_AREA":"073001","PREF_NAME":"愛知県","CITY_NAME":"名古屋市瑞穂区","S_NAME":"萩山町一丁目","HCODE":8101,"AREA":44169.075,"KIGO_E":"","JINKO":272,"SETAI":121,"X_CODE":136.942106,"Y_CODE":35.129853},"geometry":{"type":"Polygon","coordinates":[[[136.942918,35.130915],[136.942994,35.130683],[136.943125,35.130388],[136.942992,35.130264],[136.943197,35.129887],[136.943537,35.129311],[136.943697,35.129041],[136.943546,35.129031],[136.943354,35.129018],[136.943335,35.129016],[136.943131,35.129002],[136.942251,35.128938],[136.941122,35.128848],[136.941074,35.129272],[136.941023,35.129713],[136.940597,35.130177],[136.940523,35.130354],[136.941296,35.130656],[136.941708,35.130816],[136.94187,35.130841],[136.942045,35.130758],[136.942139,35.130714],[136.942333,35.130709],[136.942506,35.130762],[136.942631,35.13089],[136.942645,35.131038],[136.94261,35.131128],[136.942558,35.131199],[136.942556,35.131204],[136.942836,35.131253],[136.94288,35.131031],[136.942918,35.130915]]]}},{"type":"Feature","id":"23108073002","properties":{"KEY_CODE":"23108073002","PREF":"23","CITY":"108","S_AREA":"073002","PREF_NAME":"愛知県","CITY_NAME":"名古屋市瑞穂区","S_NAME":"萩山町二丁目","HCODE":8101,"AREA":58017.013,"KIGO_E":"","JINKO":742,"SETAI":256,"X_CODE":136.942232,"Y_CODE":35.128094},"geometry":{"type":"Polygon","coordinates":[[[136.943303,35.127441],[136.94245,35.127193],[136.942417,35.127184],[136.941938,35.127269],[136.941926,35.127271],[136.941311,35.127208],[136.941317,35.127156],[136.94055,35.127101],[136.940497,35.127517],[136.940455,35.127933],[136.940453,35.127954],[136.940511,35.127958],[136.94054,35.12796],[136.940505,35.12838],[136.940587,35.12839],[136.940569,35.128589],[136.94055,35.128804],[136.941122,35.128848],[136.942251,35.128938],[136.943131,35.129002],[136.943335,35.129016],[136.943354,35.129018],[136.943546,35.129031],[136.943697,35.129041],[136.943878,35.128735],[136.943928,35.128651],[136.94396,35.128596],[136.944103,35.128343],[136.944122,35.128214],[136.94416,35.127955],[136.944146,35.12786],[136.94413,35.127784],[136.944128,35.127774],[136.944068,35.127657],[136.943303,35.127441]]]}},{"type":"Feature","id":"23108073003","properties":{"KEY_CODE":"23108073003","PREF":"23","CITY":"108","S_AREA":"073003","PREF_NAME":"愛知県","CITY_NAME":"名古屋市瑞穂区","S_NAME":"萩山町三丁目","HCODE":8101,"AREA":75367.165,"KIGO_E":"","JINKO":302,"SETAI":129,"X_CODE":136.942635,"Y_CODE":35.126408},"geometry":{"type":"Polygon","coordinates":[[[136.944382,35.127479],[136.944513,35.126343],[136.944598,35.125649],[136.944602,35.12558],[136.94459,35.125579],[136.94374,35.12551],[136.942711,35.125427],[136.942635,35.125422],[136.942068,35.12538],[136.941526,35.12534],[136.940836,35.125291],[136.940775,35.125817],[136.940672,35.125809],[136.940613,35.126255],[136.940651,35.126257],[136.9406,35.126673],[136.940524,35.126667],[136.940481,35.127096],[136.94055,35.127101],[136.941317,35.127156],[136.941311,35.127208],[136.941926,35.127271],[136.941938,35.127269],[136.942417,35.127184],[136.94245,35.127193],[136.943303,35.127441],[136.944068,35.127657],[136.944128,35.127774],[136.94413,35.127784],[136.944146,35.12786],[136.94416,35.127955],[136.944122,35.128214],[136.944103,35.128343],[136.944237,35.128093],[136.944318,35.127865],[136.944343,35.127795],[136.944375,35.127531],[136.944382,35.127479]]]}},{"type":"Feature","id":"23108073004","properties":{"KEY_CODE":"23108073004","PREF":"23","CITY":"108","S_AREA":"073004","PREF_NAME":"愛知県","CITY_NAME":"名古屋市瑞穂区","S_NAME":"萩山町四丁目","HCODE":8101,"AREA":26322.321,"KIGO_E":"","JINKO":0,"SETAI":0,"X_CODE":136.943558,"Y_CODE":35.124787},"geometry":{"type":"Polygon","coordinates":[[[136.942902,35.123616],[136.942854,35.123582],[136.942639,35.125406],[136.942635,35.125422],[136.942711,35.125427],[136.94374,35.12551],[136.94459,35.125579],[136.944602,35.12558],[136.944605,35.125529],[136.944609,35.125524],[136.944606,35.125112],[136.944599,35.124866],[136.944599,35.124821],[136.944583,35.124751],[136.944522,35.124693],[136.944448,35.124628],[136.94435,35.124541],[136.944074,35.124337],[136.943877,35.124214],[136.943747,35.124134],[136.943598,35.124041],[136.942902,35.123616]]]}},{"type":"Feature","id":"23108074001","properties":{"KEY_CODE":"23108074001","PREF":"23","CITY":"108","S_AREA":"074001","PREF_NAME":"愛知県","CITY_NAME":"名古屋市瑞穂区","S_NAME":"白龍町一丁目","HCODE":8101,"AREA":36846.944,"KIGO_E":"","JINKO":618,"SETAI":280,"X_CODE":136.92712,"Y_CODE":35.122896},"geometry":{"type":"Polygon","coordinates":[[[136.926721,35.123903],[136.926734,35.123783],[136.928009,35.123877],[136.92805,35.123462],[136.928091,35.123049],[136.928111,35.122866],[136.928144,35.122627],[136.928189,35.12221],[136.928206,35.122034],[136.926928,35.121941],[136.92664,35.12192],[136.926639,35.121926],[136.926311,35.121903],[136.926289,35.122072],[136.926287,35.122084],[136.926269,35.122282],[136.92625,35.122483],[136.926229,35.122712],[136.926203,35.122902],[136.926201,35.122919],[136.926177,35.122921],[136.926106,35.122915],[136.925857,35.122895],[136.925844,35.123031],[136.925839,35.123074],[136.925816,35.123309],[136.925811,35.123354],[136.926069,35.123366],[136.926431,35.123382],[136.926218,35.123758],[136.926239,35.123818],[136.926721,35.123903]]]}},{"type":"Feature","id":"23108074002","properties":{"KEY_CODE":"23108074002","PREF":"23","CITY":"108","S_AREA":"074002","PREF_NAME":"愛知県","CITY_NAME":"名古屋市瑞穂区","S_NAME":"白龍町二丁目","HCODE":8101,"AREA":19177.716,"KIGO_E":"","JINKO":327,"SETAI":144,"X_CODE":136.929185,"Y_CODE":35.123552},"geometry":{"type":"Polygon","coordinates":[[[136.929,35.123121],[136.928091,35.123049],[136.92805,35.123462],[136.928009,35.123877],[136.928915,35.123951],[136.930268,35.124052],[136.930275,35.123995],[136.930316,35.123689],[136.930321,35.123631],[136.930335,35.123533],[136.930367,35.123225],[136.929,35.123121]]]}},{"type":"Feature","id":"23108074003","properties":{"KEY_CODE":"23108074003","PREF":"23","CITY":"108","S_AREA":"074003","PREF_NAME":"愛知県","CITY_NAME":"名古屋市瑞穂区","S_NAME":"白龍町三丁目","HCODE":8101,"AREA":23703.411,"KIGO_E":"","JINKO":236,"SETAI":113,"X_CODE":136.929289,"Y_CODE":35.122626},"geometry":{"type":"Polygon","coordinates":[[[136.92953,35.122125],[136.928206,35.122034],[136.928189,35.12221],[136.928144,35.122627],[136.928111,35.122866],[136.928091,35.123049],[136.929,35.123121],[136.930367,35.123225],[136.930389,35.123038],[136.930411,35.122798],[136.930457,35.122372],[136.930475,35.122195],[136.92953,35.122125]]]}},{"type":"Feature","id":"23108075001","properties":{"KEY_CODE":"23108075001","PREF":"23","CITY":"108","S_AREA":"075001","PREF_NAME":"愛知県","CITY_NAME":"名古屋市瑞穂区","S_NAME":"八勝通一丁目","HCODE":8101,"AREA":16222.917,"KIGO_E":"","JINKO":135,"SETAI":66,"X_CODE":136.953267,"Y_CODE":35.128303},"geometry":{"type":"Polygon","coordinates":[[[136.953939,35.128614],[136.953758,35.128332],[136.953739,35.12834],[136.953023,35.127635],[136.953002,35.127614],[136.952336,35.126973],[136.95197,35.127313],[136.952588,35.127906],[136.953152,35.128458],[136.953241,35.128545],[136.953305,35.128613],[136.953465,35.128797],[136.95367,35.129089],[136.953895,35.129487],[136.953919,35.12954],[136.953969,35.129676],[136.954003,35.129787],[136.954312,35.129678],[136.954275,35.129614],[136.954279,35.129613],[136.954161,35.129426],[136.954392,35.129318],[136.953939,35.128614]]]}},{"type":"Feature","id":"23108075002","properties":{"KEY_CODE":"23108075002","PREF":"23","CITY":"108","S_AREA":"075002","PREF_NAME":"愛知県","CITY_NAME":"名古屋市瑞穂区","S_NAME":"八勝通二丁目","HCODE":8101,"AREA":34057.651,"KIGO_E":"","JINKO":494,"SETAI":208,"X_CODE":136.95078,"Y_CODE":35.125877},"geometry":{"type":"Polygon","coordinates":[[[136.951811,35.127503],[136.951962,35.127305],[136.95197,35.127313],[136.952336,35.126973],[136.952318,35.126956],[136.95229,35.126953],[136.951448,35.126011],[136.951406,35.125965],[136.950814,35.125168],[136.95046,35.124701],[136.950123,35.124258],[136.949738,35.124458],[136.949659,35.124499],[136.949652,35.124491],[136.949293,35.124637],[136.949305,35.12466],[136.949429,35.124837],[136.949481,35.125034],[136.949551,35.125226],[136.949658,35.125201],[136.949735,35.125306],[136.950117,35.125827],[136.950164,35.125801],[136.95035,35.126054],[136.950304,35.126081],[136.950271,35.1261],[136.950307,35.126153],[136.95064,35.126561],[136.950815,35.126762],[136.950842,35.126745],[136.951064,35.126944],[136.951302,35.127163],[136.951811,35.127503]]]}},{"type":"Feature","id":"23108075003","properties":{"KEY_CODE":"23108075003","PREF":"23","CITY":"108","S_AREA":"075003","PREF_NAME":"愛知県","CITY_NAME":"名古屋市瑞穂区","S_NAME":"八勝通三丁目","HCODE":8101,"AREA":23781.55,"KIGO_E":"","JINKO":202,"SETAI":84,"X_CODE":136.948905,"Y_CODE":35.123386},"geometry":{"type":"Polygon","coordinates":[[[136.949293,35.124637],[136.949652,35.124491],[136.949659,35.124499],[136.949738,35.124458],[136.950123,35.124258],[136.94974,35.123729],[136.949576,35.123504],[136.949045,35.12279],[136.948888,35.122874],[136.948672,35.122603],[136.948725,35.122556],[136.948494,35.122309],[136.9484,35.122208],[136.948405,35.122128],[136.948237,35.122045],[136.948195,35.121991],[136.94816,35.122041],[136.947944,35.122199],[136.947829,35.122279],[136.947824,35.122386],[136.947938,35.122881],[136.948044,35.122854],[136.948343,35.123227],[136.948198,35.123318],[136.948316,35.123406],[136.948573,35.1237],[136.948509,35.123745],[136.948695,35.124001],[136.948836,35.123922],[136.948863,35.123903],[136.949047,35.124163],[136.94898,35.124201],[136.949293,35.124637]]]}},{"type":"Feature","id":"23108076001","properties":{"KEY_CODE":"23108076001","PREF":"23","CITY":"108","S_AREA":"076001","PREF_NAME":"愛知県","CITY_NAME":"名古屋市瑞穂区","S_NAME":"初日町一丁目","HCODE":8101,"AREA":32852.081,"KIGO_E":"","JINKO":243,"SETAI":104,"X_CODE":136.943902,"Y_CODE":35.136455},"geometry":{"type":"Polygon","coordinates":[[[136.944301,35.138142],[136.944446,35.138139],[136.944521,35.138142],[136.944615,35.138146],[136.944622,35.137943],[136.944532,35.137946],[136.944531,35.137799],[136.944629,35.137758],[136.94467,35.137744],[136.944618,35.137581],[136.944578,35.137582],[136.94459,35.137207],[136.944569,35.137207],[136.944442,35.136923],[136.944521,35.136896],[136.944674,35.136716],[136.944668,35.136668],[136.94462,35.136479],[136.944452,35.135793],[136.944385,35.135521],[136.944289,35.135135],[136.94399,35.135207],[136.943963,35.135214],[136.943049,35.135471],[136.942994,35.135486],[136.942729,35.135553],[136.942817,35.13574],[136.942917,35.135953],[136.94301,35.136149],[136.943013,35.136154],[136.943072,35.136252],[136.943176,35.136443],[136.943256,35.13659],[136.943273,35.13662],[136.943291,35.136648],[136.943558,35.137065],[136.943625,35.137169],[136.943704,35.137295],[136.943737,35.137346],[136.943888,35.137593],[136.943893,35.1376],[136.944112,35.137973],[136.944174,35.138076],[136.944191,35.138107],[136.944221,35.138161],[136.944317,35.138162],[136.944301,35.138142]]]}},{"type":"Feature","id":"23108076002","properties":{"KEY_CODE":"23108076002","PREF":"23","CITY":"108","S_AREA":"076002","PREF_NAME":"愛知県","CITY_NAME":"名古屋市瑞穂区","S_NAME":"初日町二丁目","HCODE":8101,"AREA":48815.453,"KIGO_E":"","JINKO":551,"SETAI":225,"X_CODE":136.943892,"Y_CODE":35.133756},"geometry":{"type":"Polygon","coordinates":[[[136.944558,35.135073],[136.944612,35.1343],[136.944628,35.1343],[136.944654,35.133717],[136.944654,35.133716],[136.944655,35.13369],[136.944668,35.133433],[136.944676,35.133273],[136.944684,35.133109],[136.944715,35.132189],[136.944747,35.131632],[136.94436,35.131789],[136.944148,35.131944],[136.944133,35.13194],[136.943898,35.132182],[136.943732,35.132403],[136.943645,35.13252],[136.943558,35.132636],[136.94349,35.132746],[136.943436,35.132835],[136.943422,35.132858],[136.943341,35.132996],[136.943301,35.13309],[136.943134,35.133487],[136.943123,35.133512],[136.942991,35.133833],[136.942966,35.133951],[136.942942,35.134284],[136.942794,35.134595],[136.942945,35.134669],[136.942914,35.134867],[136.94292,35.13508],[136.943049,35.135471],[136.943963,35.135214],[136.94399,35.135207],[136.944289,35.135135],[136.944453,35.135098],[136.944558,35.135073]]]}},{"type":"Feature","id":"23108077001","properties":{"KEY_CODE":"23108077001","PREF":"23","CITY":"108","S_AREA":"077001","PREF_NAME":"愛知県","CITY_NAME":"名古屋市瑞穂区","S_NAME":"花目町一丁目","HCODE":8101,"AREA":9093.948,"KIGO_E":"","JINKO":47,"SETAI":25,"X_CODE":136.923152,"Y_CODE":35.119695},"geometry":{"type":"Polygon","coordinates":[[[136.922481,35.119962],[136.92261,35.119928],[136.922612,35.119957],[136.922614,35.119993],[136.922737,35.119993],[136.922742,35.11995],[136.922747,35.1199],[136.922998,35.119921],[136.923,35.119895],[136.923942,35.119963],[136.923979,35.119655],[136.924007,35.11935],[136.924025,35.11934],[136.924032,35.11925],[136.923948,35.119268],[136.923026,35.119479],[136.922573,35.119582],[136.922137,35.119682],[136.922078,35.119695],[136.922074,35.119788],[136.922048,35.119997],[136.922046,35.120007],[136.922274,35.120017],[136.922481,35.119962]]]}},{"type":"Feature","id":"23108077002","properties":{"KEY_CODE":"23108077002","PREF":"23","CITY":"108","S_AREA":"077002","PREF_NAME":"愛知県","CITY_NAME":"名古屋市瑞穂区","S_NAME":"花目町二丁目","HCODE":8101,"AREA":15835.625,"KIGO_E":"","JINKO":183,"SETAI":84,"X_CODE":136.924955,"Y_CODE":35.119465},"geometry":{"type":"Polygon","coordinates":[[[136.924901,35.11995],[136.924924,35.119737],[136.925592,35.119781],[136.92585,35.119799],[136.925946,35.11901],[136.925798,35.118993],[136.925752,35.118988],[136.925756,35.118957],[136.925754,35.118957],[136.925764,35.118876],[136.92577,35.11885],[136.925766,35.118851],[136.925693,35.11887],[136.925463,35.11893],[136.925007,35.119033],[136.924992,35.119037],[136.924467,35.119153],[136.924032,35.11925],[136.924025,35.11934],[136.924007,35.11935],[136.923979,35.119655],[136.923942,35.119963],[136.924503,35.119994],[136.924506,35.119938],[136.924561,35.11994],[136.924631,35.119943],[136.924625,35.12002],[136.924859,35.120033],[136.924892,35.120035],[136.924898,35.119976],[136.924901,35.11995]]]}},{"type":"Feature","id":"231080780","properties":{"KEY_CODE":"231080780","PREF":"23","CITY":"108","S_AREA":"078000","PREF_NAME":"愛知県","CITY_NAME":"名古屋市瑞穂区","S_NAME":"春山町","HCODE":8101,"AREA":178276.44,"KIGO_E":"","JINKO":1302,"SETAI":558,"X_CODE":136.952289,"Y_CODE":35.135091},"geometry":{"type":"Polygon","coordinates":[[[136.954662,35.137156],[136.954831,35.137007],[136.954939,35.136934],[136.954938,35.136879],[136.954637,35.136152],[136.954654,35.135887],[136.954732,35.135083],[136.95472,35.134894],[136.954672,35.134155],[136.954426,35.134036],[136.954184,35.133894],[136.954168,35.133967],[136.953655,35.133989],[136.952681,35.133376],[136.95258,35.133311],[136.952239,35.13314],[136.951401,35.132769],[136.951369,35.132772],[136.950752,35.132459],[136.950711,35.132449],[136.950663,35.132438],[136.950238,35.132267],[136.950189,35.132578],[136.950134,35.132926],[136.950134,35.132926],[136.950081,35.133333],[136.950057,35.133513],[136.950053,35.133534],[136.950012,35.13363],[136.949824,35.133883],[136.949734,35.133982],[136.949732,35.134269],[136.94973,35.134464],[136.949727,35.134881],[136.949726,35.135032],[136.949722,35.135517],[136.950392,35.135411],[136.950431,35.135405],[136.950537,35.135681],[136.950671,35.135923],[136.950688,35.135958],[136.9507,35.135979],[136.950769,35.136239],[136.950769,35.136296],[136.95078,35.136408],[136.950786,35.136447],[136.951373,35.136354],[136.951321,35.1373],[136.95136,35.137304],[136.951614,35.137324],[136.951656,35.137321],[136.952354,35.137259],[136.952372,35.137248],[136.952888,35.137189],[136.953477,35.137121],[136.954159,35.137586],[136.954173,35.137597],[136.954182,35.137592],[136.9543,35.137523],[136.954328,35.137495],[136.954662,35.137156]]]}},{"type":"Feature","id":"23108079001","properties":{"KEY_CODE":"23108079001","PREF":"23","CITY":"108","S_AREA":"079001","PREF_NAME":"愛知県","CITY_NAME":"名古屋市瑞穂区","S_NAME":"日向町一丁目","HCODE":8101,"AREA":24766.841,"KIGO_E":"","JINKO":190,"SETAI":81,"X_CODE":136.950239,"Y_CODE":35.122513},"geometry":{"type":"Polygon","coordinates":[[[136.950987,35.121984],[136.950422,35.121389],[136.950119,35.12172],[136.949811,35.122055],[136.949744,35.122131],[136.949589,35.122305],[136.94935,35.122583],[136.949045,35.12279],[136.949576,35.123504],[136.94974,35.123423],[136.949922,35.123333],[136.950335,35.123129],[136.950721,35.122938],[136.951116,35.122743],[136.951519,35.122544],[136.950987,35.121984]]]}},{"type":"Feature","id":"23108079002","properties":{"KEY_CODE":"23108079002","PREF":"23","CITY":"108","S_AREA":"079002","PREF_NAME":"愛知県","CITY_NAME":"名古屋市瑞穂区","S_NAME":"日向町二丁目","HCODE":8101,"AREA":26313.25,"KIGO_E":"","JINKO":326,"SETAI":117,"X_CODE":136.949268,"Y_CODE":35.121699},"geometry":{"type":"Polygon","coordinates":[[[136.950422,35.121389],[136.950113,35.121039],[136.949803,35.120809],[136.949747,35.120766],[136.949493,35.120567],[136.949178,35.120939],[136.949079,35.121057],[136.949153,35.1211],[136.949209,35.121132],[136.949081,35.121287],[136.949025,35.121253],[136.948657,35.121034],[136.94855,35.121149],[136.948394,35.121354],[136.948599,35.121455],[136.948195,35.121991],[136.948237,35.122045],[136.948405,35.122128],[136.9484,35.122208],[136.948494,35.122309],[136.948725,35.122556],[136.948672,35.122603],[136.948888,35.122874],[136.949045,35.12279],[136.94935,35.122583],[136.949589,35.122305],[136.949744,35.122131],[136.949811,35.122055],[136.950119,35.12172],[136.950422,35.121389]]]}},{"type":"Feature","id":"23108079003","properties":{"KEY_CODE":"23108079003","PREF":"23","CITY":"108","S_AREA":"079003","PREF_NAME":"愛知県","CITY_NAME":"名古屋市瑞穂区","S_NAME":"日向町三丁目","HCODE":8101,"AREA":69037.599,"KIGO_E":"","JINKO":436,"SETAI":178,"X_CODE":136.953035,"Y_CODE":35.121268},"geometry":{"type":"Polygon","coordinates":[[[136.952708,35.122099],[136.952903,35.122084],[136.953061,35.122087],[136.953327,35.122112],[136.953446,35.122125],[136.953508,35.12213],[136.953533,35.122098],[136.953587,35.122081],[136.953518,35.121669],[136.953856,35.121627],[136.954576,35.12154],[136.955091,35.12153],[136.955177,35.121605],[136.955201,35.121591],[136.955371,35.121497],[136.955664,35.12134],[136.955672,35.121329],[136.955727,35.120915],[136.955752,35.120732],[136.955759,35.120683],[136.955774,35.120586],[136.955792,35.120459],[136.955091,35.120455],[136.954934,35.12049],[136.954308,35.120503],[136.954226,35.120372],[136.953852,35.120438],[136.953585,35.120443],[136.953314,35.120444],[136.95277,35.120447],[136.952544,35.120457],[136.952311,35.120495],[136.952288,35.120514],[136.952142,35.120533],[136.952128,35.12055],[136.952106,35.120578],[136.951519,35.120793],[136.951002,35.120976],[136.950942,35.121005],[136.950665,35.121147],[136.950422,35.121389],[136.950987,35.121984],[136.951519,35.122544],[136.951891,35.122373],[136.952298,35.122186],[136.952375,35.122164],[136.952426,35.122149],[136.952708,35.122099]]]}},{"type":"Feature","id":"23108079004","properties":{"KEY_CODE":"23108079004","PREF":"23","CITY":"108","S_AREA":"079004","PREF_NAME":"愛知県","CITY_NAME":"名古屋市瑞穂区","S_NAME":"日向町四丁目","HCODE":8101,"AREA":45761.324,"KIGO_E":"","JINKO":399,"SETAI":159,"X_CODE":136.951151,"Y_CODE":35.120184},"geometry":{"type":"Polygon","coordinates":[[[136.953091,35.119946],[136.952578,35.119819],[136.952542,35.11991],[136.951949,35.119689],[136.951866,35.119628],[136.951675,35.119445],[136.951129,35.119202],[136.951055,35.119289],[136.950995,35.119307],[136.950703,35.119209],[136.95056,35.119268],[136.950487,35.119128],[136.950427,35.119106],[136.949974,35.119608],[136.950023,35.119638],[136.94975,35.11994],[136.949678,35.120019],[136.949504,35.120213],[136.949635,35.120299],[136.949676,35.120323],[136.949659,35.120345],[136.949458,35.120538],[136.949493,35.120567],[136.949747,35.120766],[136.949803,35.120809],[136.950113,35.121039],[136.950422,35.121389],[136.950665,35.121147],[136.950942,35.121005],[136.951002,35.120976],[136.951519,35.120793],[136.952106,35.120578],[136.952128,35.12055],[136.952142,35.120533],[136.952288,35.120514],[136.952311,35.120495],[136.952544,35.120457],[136.95277,35.120447],[136.953314,35.120444],[136.953585,35.120443],[136.953617,35.120305],[136.953543,35.120283],[136.953587,35.120183],[136.953403,35.120116],[136.95306,35.119989],[136.953091,35.119946]]]}},{"type":"Feature","id":"23108079005","properties":{"KEY_CODE":"23108079005","PREF":"23","CITY":"108","S_AREA":"079005","PREF_NAME":"愛知県","CITY_NAME":"名古屋市瑞穂区","S_NAME":"日向町五丁目","HCODE":8101,"AREA":31395.869,"KIGO_E":"","JINKO":299,"SETAI":143,"X_CODE":136.953581,"Y_CODE":35.119792},"geometry":{"type":"Polygon","coordinates":[[[136.954934,35.12049],[136.955091,35.120455],[136.955792,35.120459],[136.955824,35.12024],[136.955825,35.120236],[136.955827,35.120124],[136.955875,35.119907],[136.954392,35.119707],[136.954003,35.119665],[136.95357,35.119499],[136.953536,35.119486],[136.952808,35.119255],[136.951674,35.118858],[136.95145,35.118837],[136.951333,35.119008],[136.951281,35.11902],[136.951129,35.119202],[136.951675,35.119445],[136.951866,35.119628],[136.951949,35.119689],[136.952542,35.11991],[136.952578,35.119819],[136.953091,35.119946],[136.95306,35.119989],[136.953403,35.120116],[136.953587,35.120183],[136.953543,35.120283],[136.953617,35.120305],[136.953585,35.120443],[136.953852,35.120438],[136.954226,35.120372],[136.954308,35.120503],[136.954934,35.12049]]]}},{"type":"Feature","id":"23108080001","properties":{"KEY_CODE":"23108080001","PREF":"23","CITY":"108","S_AREA":"080001","PREF_NAME":"愛知県","CITY_NAME":"名古屋市瑞穂区","S_NAME":"姫宮町一丁目","HCODE":8101,"AREA":34315.335,"KIGO_E":"","JINKO":324,"SETAI":150,"X_CODE":136.932343,"Y_CODE":35.118819},"geometry":{"type":"Polygon","coordinates":[[[136.93327,35.119711],[136.933312,35.119475],[136.933373,35.119003],[136.933424,35.118536],[136.933485,35.118086],[136.931964,35.117973],[136.931941,35.117944],[136.931418,35.117906],[136.931376,35.11835],[136.931372,35.118387],[136.93133,35.11885],[136.931294,35.119286],[136.930997,35.11927],[136.931089,35.11951],[136.931763,35.119559],[136.931758,35.119605],[136.93213,35.119641],[136.932133,35.119583],[136.932354,35.1196],[136.93235,35.119638],[136.93327,35.119711]]]}},{"type":"Feature","id":"23108080002","properties":{"KEY_CODE":"23108080002","PREF":"23","CITY":"108","S_AREA":"080002","PREF_NAME":"愛知県","CITY_NAME":"名古屋市瑞穂区","S_NAME":"姫宮町二丁目","HCODE":8101,"AREA":42857.72,"KIGO_E":"","JINKO":651,"SETAI":360,"X_CODE":136.934663,"Y_CODE":35.119012},"geometry":{"type":"Polygon","coordinates":[[[136.935779,35.120034],[136.935842,35.119671],[136.935945,35.119681],[136.935998,35.119289],[136.935928,35.119275],[136.935977,35.118953],[136.935951,35.118951],[136.935742,35.118935],[136.935769,35.118739],[136.93598,35.118757],[136.935985,35.118729],[136.936047,35.118286],[136.936003,35.118283],[136.935794,35.118265],[136.935084,35.118207],[136.93478,35.118187],[136.934766,35.118186],[136.933485,35.118086],[136.933424,35.118536],[136.933373,35.119003],[136.933312,35.119475],[136.93327,35.119711],[136.933375,35.119719],[136.933372,35.11979],[136.933542,35.119794],[136.933544,35.119733],[136.934851,35.11984],[136.935549,35.119893],[136.935531,35.120008],[136.935779,35.120034]]]}},{"type":"Feature","id":"231080810","properties":{"KEY_CODE":"231080810","PREF":"23","CITY":"108","S_AREA":"081090","PREF_NAME":"愛知県","CITY_NAME":"名古屋市瑞穂区","S_NAME":"二野町","HCODE":8101,"AREA":93025.667,"KIGO_E":"","JINKO":62,"SETAI":55,"X_CODE":136.917767,"Y_CODE":35.132603},"geometry":{"type":"Polygon","coordinates":[[[136.917884,35.130468],[136.917577,35.130465],[136.917364,35.130476],[136.917212,35.130484],[136.917185,35.130621],[136.917138,35.130957],[136.917086,35.131229],[136.917,35.131551],[136.916871,35.131888],[136.916488,35.132983],[136.915941,35.134465],[136.916141,35.134466],[136.917249,35.134476],[136.918123,35.134504],[136.91866,35.134522],[136.918683,35.134402],[136.918884,35.133126],[136.91881,35.133121],[136.918831,35.133002],[136.918986,35.132144],[136.919027,35.13189],[136.91924,35.130563],[136.918526,35.130505],[136.91849,35.130502],[136.918022,35.13047],[136.917884,35.130468]]]}},{"type":"Feature","id":"23108082001","properties":{"KEY_CODE":"23108082001","PREF":"23","CITY":"108","S_AREA":"082001","PREF_NAME":"愛知県","CITY_NAME":"名古屋市瑞穂区","S_NAME":"船原町一丁目","HCODE":8101,"AREA":14885.82,"KIGO_E":"","JINKO":198,"SETAI":106,"X_CODE":136.920322,"Y_CODE":35.132957},"geometry":{"type":"Polygon","coordinates":[[[136.920901,35.133594],[136.920965,35.132992],[136.920998,35.132386],[136.920365,35.132341],[136.920349,35.132424],[136.919721,35.132379],[136.919676,35.132999],[136.919624,35.133524],[136.920268,35.13357],[136.920271,35.133544],[136.92028,35.133449],[136.92066,35.13347],[136.920653,35.133574],[136.920901,35.133594]]]}},{"type":"Feature","id":"23108082002","properties":{"KEY_CODE":"23108082002","PREF":"23","CITY":"108","S_AREA":"082002","PREF_NAME":"愛知県","CITY_NAME":"名古屋市瑞穂区","S_NAME":"船原町二丁目","HCODE":8101,"AREA":19784.099,"KIGO_E":"","JINKO":260,"SETAI":109,"X_CODE":136.921681,"Y_CODE":35.132976},"geometry":{"type":"Polygon","coordinates":[[[136.921539,35.133669],[136.921544,35.13356],[136.922178,35.133603],[136.922476,35.133659],[136.922475,35.133421],[136.922473,35.132992],[136.922465,35.13248],[136.922283,35.132484],[136.922261,35.13246],[136.922273,35.13241],[136.922027,35.132391],[136.922027,35.132355],[136.921874,35.132347],[136.921869,35.132378],[136.921865,35.132406],[136.921657,35.132391],[136.921657,35.132361],[136.921631,35.132359],[136.92164,35.132231],[136.921031,35.13219],[136.920998,35.132386],[136.920965,35.132992],[136.920901,35.133594],[136.920896,35.133627],[136.921478,35.133665],[136.921539,35.133669]]]}},{"type":"Feature","id":"23108082003","properties":{"KEY_CODE":"23108082003","PREF":"23","CITY":"108","S_AREA":"082003","PREF_NAME":"愛知県","CITY_NAME":"名古屋市瑞穂区","S_NAME":"船原町三丁目","HCODE":8101,"AREA":12804.389,"KIGO_E":"","JINKO":139,"SETAI":61,"X_CODE":136.922987,"Y_CODE":35.133069},"geometry":{"type":"Polygon","coordinates":[[[136.923517,35.132983],[136.923525,35.132434],[136.923018,35.132439],[136.923011,35.132473],[136.922465,35.13248],[136.922473,35.132992],[136.922475,35.133421],[136.922476,35.133659],[136.923363,35.133771],[136.923369,35.13377],[136.923417,35.133516],[136.923517,35.132983]]]}},{"type":"Feature","id":"23108082004","properties":{"KEY_CODE":"23108082004","PREF":"23","CITY":"108","S_AREA":"082004","PREF_NAME":"愛知県","CITY_NAME":"名古屋市瑞穂区","S_NAME":"船原町四丁目","HCODE":8101,"AREA":11587.614,"KIGO_E":"","JINKO":168,"SETAI":93,"X_CODE":136.924026,"Y_CODE":35.132932},"geometry":{"type":"Polygon","coordinates":[[[136.923543,35.132419],[136.923525,35.132419],[136.923525,35.132434],[136.923517,35.132983],[136.923417,35.133516],[136.923369,35.13377],[136.923785,35.133764],[136.923809,35.133757],[136.923771,35.13364],[136.924054,35.13357],[136.924029,35.133535],[136.923967,35.133367],[136.923967,35.13298],[136.924878,35.132974],[136.924884,35.13243],[136.924213,35.132425],[136.923543,35.132419]]]}},{"type":"Feature","id":"23108082005","properties":{"KEY_CODE":"23108082005","PREF":"23","CITY":"108","S_AREA":"082005","PREF_NAME":"愛知県","CITY_NAME":"名古屋市瑞穂区","S_NAME":"船原町五丁目","HCODE":8101,"AREA":8368.748,"KIGO_E":"","JINKO":71,"SETAI":34,"X_CODE":136.924458,"Y_CODE":35.133449},"geometry":{"type":"Polygon","coordinates":[[[136.924863,35.133991],[136.924869,35.13358],[136.924878,35.132974],[136.923967,35.13298],[136.923967,35.133367],[136.924029,35.133535],[136.924054,35.13357],[136.924125,35.13387],[136.924161,35.133904],[136.924352,35.13385],[136.92439,35.133856],[136.924534,35.13406],[136.924863,35.133991]]]}},{"type":"Feature","id":"23108082006","properties":{"KEY_CODE":"23108082006","PREF":"23","CITY":"108","S_AREA":"082006","PREF_NAME":"愛知県","CITY_NAME":"名古屋市瑞穂区","S_NAME":"船原町六丁目","HCODE":8101,"AREA":22184.942,"KIGO_E":"","JINKO":247,"SETAI":100,"X_CODE":136.925605,"Y_CODE":35.133162},"geometry":{"type":"Polygon","coordinates":[[[136.92522,35.13388],[136.925276,35.133833],[136.925584,35.133938],[136.925822,35.133878],[136.92637,35.133824],[136.926369,35.133821],[136.926355,35.133606],[136.926325,35.133343],[136.926349,35.133144],[136.926439,35.132951],[136.926349,35.132688],[136.926179,35.132447],[136.926106,35.132367],[136.926049,35.132241],[136.925835,35.132369],[136.925776,35.132437],[136.925775,35.132445],[136.925389,35.132439],[136.924927,35.132431],[136.924884,35.13243],[136.924878,35.132974],[136.924869,35.13358],[136.924863,35.133991],[136.925178,35.133997],[136.92522,35.13388]]]}},{"type":"Feature","id":"23108082007","properties":{"KEY_CODE":"23108082007","PREF":"23","CITY":"108","S_AREA":"082007","PREF_NAME":"愛知県","CITY_NAME":"名古屋市瑞穂区","S_NAME":"船原町七丁目","HCODE":8101,"AREA":20309.012,"KIGO_E":"","JINKO":211,"SETAI":111,"X_CODE":136.92681,"Y_CODE":35.132837},"geometry":{"type":"Polygon","coordinates":[[[136.92732,35.13241],[136.92726,35.131993],[136.927198,35.132001],[136.927062,35.131985],[136.926864,35.131882],[136.926374,35.131873],[136.926438,35.13202],[136.926306,35.132065],[136.926273,35.131993],[136.92598,35.132051],[136.926049,35.132241],[136.926106,35.132367],[136.926179,35.132447],[136.926349,35.132688],[136.926439,35.132951],[136.926349,35.133144],[136.926325,35.133343],[136.926355,35.133606],[136.926369,35.133821],[136.926681,35.13379],[136.927441,35.133754],[136.927424,35.133461],[136.927373,35.132854],[136.92736,35.132687],[136.927324,35.132437],[136.92732,35.13241]]]}},{"type":"Feature","id":"23108083001","properties":{"KEY_CODE":"23108083001","PREF":"23","CITY":"108","S_AREA":"083001","PREF_NAME":"愛知県","CITY_NAME":"名古屋市瑞穂区","S_NAME":"平郷町一丁目","HCODE":8101,"AREA":14761.286,"KIGO_E":"","JINKO":153,"SETAI":75,"X_CODE":136.920414,"Y_CODE":35.131812},"geometry":{"type":"Polygon","coordinates":[[[136.920349,35.132424],[136.920365,35.132341],[136.920998,35.132386],[136.921031,35.13219],[136.921044,35.131884],[136.921081,35.131652],[136.921102,35.131301],[136.920479,35.131238],[136.920488,35.131154],[136.920025,35.131123],[136.919999,35.131448],[136.919815,35.131455],[136.919759,35.13189],[136.919714,35.132362],[136.919721,35.132379],[136.920349,35.132424]]]}},{"type":"Feature","id":"23108083002","properties":{"KEY_CODE":"23108083002","PREF":"23","CITY":"108","S_AREA":"083002","PREF_NAME":"愛知県","CITY_NAME":"名古屋市瑞穂区","S_NAME":"平郷町二丁目","HCODE":8101,"AREA":14279.327,"KIGO_E":"","JINKO":144,"SETAI":66,"X_CODE":136.921803,"Y_CODE":35.131836},"geometry":{"type":"Polygon","coordinates":[[[136.922465,35.132463],[136.922472,35.132096],[136.922471,35.131886],[136.922479,35.131686],[136.922489,35.131385],[136.922489,35.131362],[136.921764,35.131314],[136.921745,35.131336],[136.921727,35.131335],[136.921102,35.131301],[136.921081,35.131652],[136.921044,35.131884],[136.921031,35.13219],[136.92164,35.132231],[136.921631,35.132359],[136.921657,35.132361],[136.921657,35.132391],[136.921865,35.132406],[136.921869,35.132378],[136.921874,35.132347],[136.922027,35.132355],[136.922027,35.132391],[136.922273,35.13241],[136.922261,35.13246],[136.922283,35.132484],[136.922465,35.13248],[136.922465,35.132463]]]}},{"type":"Feature","id":"23108083003","properties":{"KEY_CODE":"23108083003","PREF":"23","CITY":"108","S_AREA":"083003","PREF_NAME":"愛知県","CITY_NAME":"名古屋市瑞穂区","S_NAME":"平郷町三丁目","HCODE":8101,"AREA":12489.271,"KIGO_E":"","JINKO":172,"SETAI":82,"X_CODE":136.923012,"Y_CODE":35.131883},"geometry":{"type":"Polygon","coordinates":[[[136.923525,35.132434],[136.923525,35.132419],[136.923543,35.132419],[136.923547,35.132154],[136.92355,35.131977],[136.923551,35.131866],[136.923552,35.131786],[136.923568,35.131297],[136.923548,35.131297],[136.922931,35.131294],[136.922926,35.131339],[136.922489,35.131319],[136.922489,35.131362],[136.922489,35.131385],[136.922479,35.131686],[136.922471,35.131886],[136.922472,35.132096],[136.922465,35.132463],[136.922465,35.13248],[136.923011,35.132473],[136.923018,35.132439],[136.923525,35.132434]]]}},{"type":"Feature","id":"23108083004","properties":{"KEY_CODE":"23108083004","PREF":"23","CITY":"108","S_AREA":"083004","PREF_NAME":"愛知県","CITY_NAME":"名古屋市瑞穂区","S_NAME":"平郷町四丁目","HCODE":8101,"AREA":14975.795,"KIGO_E":"","JINKO":239,"SETAI":111,"X_CODE":136.924218,"Y_CODE":35.131872},"geometry":{"type":"Polygon","coordinates":[[[136.924234,35.131339],[136.924207,35.131297],[136.923568,35.131297],[136.923552,35.131786],[136.923551,35.131866],[136.92355,35.131977],[136.923547,35.132154],[136.923543,35.132419],[136.924213,35.132425],[136.924884,35.13243],[136.924884,35.132407],[136.924895,35.131868],[136.9249,35.13151],[136.924898,35.131345],[136.924234,35.131339]]]}},{"type":"Feature","id":"23108083005","properties":{"KEY_CODE":"23108083005","PREF":"23","CITY":"108","S_AREA":"083005","PREF_NAME":"愛知県","CITY_NAME":"名古屋市瑞穂区","S_NAME":"平郷町五丁目","HCODE":8101,"AREA":9236.381,"KIGO_E":"","JINKO":109,"SETAI":49,"X_CODE":136.925393,"Y_CODE":35.131997},"geometry":{"type":"Polygon","coordinates":[[[136.925318,35.131514],[136.925318,35.131484],[136.925278,35.131484],[136.925136,35.131485],[136.92513,35.131485],[136.92513,35.131512],[136.9249,35.13151],[136.924895,35.131868],[136.924884,35.132407],[136.924884,35.13243],[136.924927,35.132431],[136.925389,35.132439],[136.925775,35.132445],[136.925776,35.132437],[136.925835,35.132369],[136.926049,35.132241],[136.92598,35.132051],[136.925885,35.131859],[136.925864,35.131859],[136.925742,35.131551],[136.925437,35.131547],[136.925346,35.131546],[136.925317,35.131546],[136.925318,35.131514]]]}},{"type":"Feature","id":"23108083006","properties":{"KEY_CODE":"23108083006","PREF":"23","CITY":"108","S_AREA":"083006","PREF_NAME":"愛知県","CITY_NAME":"名古屋市瑞穂区","S_NAME":"平郷町六丁目","HCODE":8101,"AREA":11493.151,"KIGO_E":"","JINKO":146,"SETAI":64,"X_CODE":136.926522,"Y_CODE":35.131584},"geometry":{"type":"Polygon","coordinates":[[[136.926438,35.13202],[136.926374,35.131873],[136.926864,35.131882],[136.927062,35.131985],[136.927198,35.132001],[136.92726,35.131993],[136.927297,35.132009],[136.927285,35.131982],[136.927327,35.131657],[136.927382,35.131461],[136.927417,35.131306],[136.927049,35.131288],[136.927049,35.131263],[136.92671,35.131251],[136.926712,35.131229],[136.925679,35.131193],[136.925677,35.131392],[136.925692,35.131425],[136.925729,35.131518],[136.925742,35.131551],[136.925864,35.131859],[136.925885,35.131859],[136.92598,35.132051],[136.926273,35.131993],[136.926306,35.132065],[136.926438,35.13202]]]}},{"type":"Feature","id":"23108084001","properties":{"KEY_CODE":"23108084001","PREF":"23","CITY":"108","S_AREA":"084001","PREF_NAME":"愛知県","CITY_NAME":"名古屋市瑞穂区","S_NAME":"宝田町一丁目","HCODE":8101,"AREA":10997.126,"KIGO_E":"","JINKO":124,"SETAI":61,"X_CODE":136.9208,"Y_CODE":35.128678},"geometry":{"type":"Polygon","coordinates":[[[136.920493,35.129214],[136.920506,35.129061],[136.920688,35.129065],[136.920683,35.129155],[136.920723,35.129158],[136.921308,35.129207],[136.921331,35.12909],[136.921358,35.128814],[136.921377,35.128551],[136.921381,35.128496],[136.921393,35.12825],[136.920796,35.128217],[136.920792,35.128047],[136.920607,35.128028],[136.920603,35.128055],[136.920582,35.128202],[136.920253,35.128181],[136.920229,35.128443],[136.920438,35.128456],[136.920425,35.128567],[136.920277,35.128557],[136.920276,35.128562],[136.920251,35.128732],[136.920183,35.129182],[136.920301,35.129204],[136.920493,35.129214]]]}},{"type":"Feature","id":"23108084002","properties":{"KEY_CODE":"23108084002","PREF":"23","CITY":"108","S_AREA":"084002","PREF_NAME":"愛知県","CITY_NAME":"名古屋市瑞穂区","S_NAME":"宝田町二丁目","HCODE":8101,"AREA":11622.105,"KIGO_E":"","JINKO":173,"SETAI":79,"X_CODE":136.922087,"Y_CODE":35.128782},"geometry":{"type":"Polygon","coordinates":[[[136.922667,35.129274],[136.922698,35.128886],[136.922737,35.128554],[136.922759,35.128362],[136.922766,35.128323],[136.922491,35.128306],[136.92205,35.128278],[136.922029,35.128424],[136.921514,35.12839],[136.921475,35.128505],[136.921381,35.128496],[136.921377,35.128551],[136.921358,35.128814],[136.921331,35.12909],[136.921731,35.129124],[136.921718,35.129231],[136.921955,35.129249],[136.921957,35.129231],[136.922667,35.129274]]]}},{"type":"Feature","id":"23108084003","properties":{"KEY_CODE":"23108084003","PREF":"23","CITY":"108","S_AREA":"084003","PREF_NAME":"愛知県","CITY_NAME":"名古屋市瑞穂区","S_NAME":"宝田町三丁目","HCODE":8101,"AREA":9046.346,"KIGO_E":"","JINKO":96,"SETAI":52,"X_CODE":136.9232,"Y_CODE":35.128865},"geometry":{"type":"Polygon","coordinates":[[[136.923492,35.128413],[136.922759,35.128362],[136.922737,35.128554],[136.922698,35.128886],[136.922667,35.129274],[136.92368,35.129337],[136.923716,35.128945],[136.923744,35.128621],[136.923751,35.128556],[136.923752,35.128544],[136.92348,35.128529],[136.923492,35.128413]]]}},{"type":"Feature","id":"23108084004","properties":{"KEY_CODE":"23108084004","PREF":"23","CITY":"108","S_AREA":"084004","PREF_NAME":"愛知県","CITY_NAME":"名古屋市瑞穂区","S_NAME":"宝田町四丁目","HCODE":8101,"AREA":11017.915,"KIGO_E":"","JINKO":35,"SETAI":11,"X_CODE":136.924327,"Y_CODE":35.128917},"geometry":{"type":"Polygon","coordinates":[[[136.924353,35.128464],[136.923764,35.128436],[136.923752,35.128544],[136.923751,35.128556],[136.923744,35.128621],[136.923716,35.128945],[136.92368,35.129337],[136.924928,35.129383],[136.924936,35.12903],[136.924952,35.128559],[136.924953,35.128508],[136.924353,35.128464]]]}},{"type":"Feature","id":"23108084005","properties":{"KEY_CODE":"23108084005","PREF":"23","CITY":"108","S_AREA":"084005","PREF_NAME":"愛知県","CITY_NAME":"名古屋市瑞穂区","S_NAME":"宝田町五丁目","HCODE":8101,"AREA":6457.852,"KIGO_E":"","JINKO":72,"SETAI":46,"X_CODE":136.92532,"Y_CODE":35.129003},"geometry":{"type":"Polygon","coordinates":[[[136.925754,35.128739],[136.925729,35.128737],[136.925729,35.128737],[136.925373,35.128713],[136.925391,35.128559],[136.925394,35.128532],[136.924953,35.128508],[136.924952,35.128559],[136.924936,35.12903],[136.924928,35.129383],[136.925713,35.129422],[136.925732,35.129439],[136.925739,35.129439],[136.925747,35.129082],[136.925752,35.128837],[136.925754,35.128739]]]}},{"type":"Feature","id":"23108084006","properties":{"KEY_CODE":"23108084006","PREF":"23","CITY":"108","S_AREA":"084006","PREF_NAME":"愛知県","CITY_NAME":"名古屋市瑞穂区","S_NAME":"宝田町六丁目","HCODE":8101,"AREA":9519.821,"KIGO_E":"","JINKO":110,"SETAI":70,"X_CODE":136.926321,"Y_CODE":35.129101},"geometry":{"type":"Polygon","coordinates":[[[136.927006,35.129495],[136.926899,35.129158],[136.926828,35.128908],[136.92678,35.128737],[136.926768,35.128704],[136.925756,35.128637],[136.925754,35.128739],[136.925752,35.128837],[136.925747,35.129082],[136.925739,35.129439],[136.925732,35.129439],[136.925731,35.129461],[136.926022,35.129479],[136.926317,35.129497],[136.927019,35.129539],[136.927006,35.129495]]]}},{"type":"Feature","id":"23108085001","properties":{"KEY_CODE":"23108085001","PREF":"23","CITY":"108","S_AREA":"085001","PREF_NAME":"愛知県","CITY_NAME":"名古屋市瑞穂区","S_NAME":"堀田通一丁目","HCODE":8101,"AREA":19309.469,"KIGO_E":"","JINKO":71,"SETAI":55,"X_CODE":136.918798,"Y_CODE":35.137461},"geometry":{"type":"Polygon","coordinates":[[[136.9186,35.136335],[136.918492,35.136329],[136.918492,35.136332],[136.918378,35.137411],[136.918375,35.137427],[136.918228,35.138527],[136.918402,35.138539],[136.918572,35.13855],[136.919104,35.138574],[136.919124,35.138537],[136.91914,35.13837],[136.91923,35.137474],[136.919262,35.137121],[136.919296,35.136836],[136.919345,35.136373],[136.9186,35.136336],[136.9186,35.136335]]]}},{"type":"Feature","id":"23108085002","properties":{"KEY_CODE":"23108085002","PREF":"23","CITY":"108","S_AREA":"085002","PREF_NAME":"愛知県","CITY_NAME":"名古屋市瑞穂区","S_NAME":"堀田通二丁目","HCODE":8101,"AREA":16081.908,"KIGO_E":"","JINKO":191,"SETAI":110,"X_CODE":136.919009,"Y_CODE":35.135437},"geometry":{"type":"Polygon","coordinates":[[[136.918797,35.134526],[136.91866,35.134522],[136.918645,35.134595],[136.91856,35.135558],[136.918492,35.136329],[136.9186,35.136335],[136.9186,35.136336],[136.919345,35.136373],[136.919398,35.135914],[136.919436,35.135582],[136.91948,35.13506],[136.919525,35.134532],[136.918797,35.134526]]]}},{"type":"Feature","id":"23108085003","properties":{"KEY_CODE":"23108085003","PREF":"23","CITY":"108","S_AREA":"085003","PREF_NAME":"愛知県","CITY_NAME":"名古屋市瑞穂区","S_NAME":"堀田通三丁目","HCODE":8101,"AREA":21521.211,"KIGO_E":"","JINKO":57,"SETAI":44,"X_CODE":136.919243,"Y_CODE":35.133236},"geometry":{"type":"Polygon","coordinates":[[[136.919759,35.13189],[136.91924,35.131889],[136.919218,35.131889],[136.919027,35.13189],[136.918986,35.132144],[136.918831,35.133002],[136.91881,35.133121],[136.918884,35.133126],[136.918683,35.134402],[136.91866,35.134522],[136.918797,35.134526],[136.919525,35.134532],[136.919617,35.133602],[136.919624,35.133524],[136.919676,35.132999],[136.919721,35.132379],[136.919714,35.132362],[136.919759,35.13189]]]}},{"type":"Feature","id":"23108085004","properties":{"KEY_CODE":"23108085004","PREF":"23","CITY":"108","S_AREA":"085004","PREF_NAME":"愛知県","CITY_NAME":"名古屋市瑞穂区","S_NAME":"堀田通四丁目","HCODE":8101,"AREA":11413.034,"KIGO_E":"","JINKO":7,"SETAI":2,"X_CODE":136.919552,"Y_CODE":35.131181},"geometry":{"type":"Polygon","coordinates":[[[136.919759,35.13189],[136.919815,35.131455],[136.919999,35.131448],[136.920025,35.131123],[136.920075,35.130545],[136.919995,35.130529],[136.919458,35.130504],[136.919251,35.130491],[136.91924,35.130563],[136.919027,35.13189],[136.919218,35.131889],[136.91924,35.131889],[136.919759,35.13189]]]}},{"type":"Feature","id":"23108085005","properties":{"KEY_CODE":"23108085005","PREF":"23","CITY":"108","S_AREA":"085005","PREF_NAME":"愛知県","CITY_NAME":"名古屋市瑞穂区","S_NAME":"堀田通五丁目","HCODE":8101,"AREA":13593.656,"KIGO_E":"","JINKO":61,"SETAI":22,"X_CODE":136.919767,"Y_CODE":35.129607},"geometry":{"type":"Polygon","coordinates":[[[136.919995,35.130529],[136.92009,35.1299],[136.920112,35.129901],[136.920061,35.129869],[136.920058,35.129512],[136.920272,35.129515],[136.920301,35.129204],[136.920183,35.129182],[136.920251,35.128732],[136.920224,35.128729],[136.919747,35.128696],[136.919536,35.128681],[136.919461,35.129191],[136.919413,35.129487],[136.919263,35.130419],[136.919251,35.130491],[136.919458,35.130504],[136.919995,35.130529]]]}},{"type":"Feature","id":"23108085006","properties":{"KEY_CODE":"23108085006","PREF":"23","CITY":"108","S_AREA":"085006","PREF_NAME":"愛知県","CITY_NAME":"名古屋市瑞穂区","S_NAME":"堀田通六丁目","HCODE":8101,"AREA":17709.109,"KIGO_E":"","JINKO":24,"SETAI":11,"X_CODE":136.920147,"Y_CODE":35.127502},"geometry":{"type":"Polygon","coordinates":[[[136.920276,35.128562],[136.920277,35.128557],[136.920425,35.128567],[136.920438,35.128456],[136.920229,35.128443],[136.920253,35.128181],[136.920582,35.128202],[136.920603,35.128055],[136.920465,35.128049],[136.920484,35.127876],[136.920494,35.127877],[136.920535,35.127601],[136.920427,35.12759],[136.920451,35.127426],[136.920567,35.127439],[136.920596,35.127325],[136.920642,35.126925],[136.920555,35.126912],[136.920558,35.126889],[136.920551,35.126796],[136.920582,35.126606],[136.920584,35.126592],[136.920567,35.126233],[136.920505,35.126234],[136.920182,35.126238],[136.920134,35.126238],[136.919998,35.12624],[136.9199,35.126819],[136.919892,35.126869],[136.919823,35.127277],[136.919739,35.127776],[136.919731,35.127828],[136.919625,35.128548],[136.919546,35.128613],[136.919536,35.128681],[136.919747,35.128696],[136.920224,35.128729],[136.920251,35.128732],[136.920276,35.128562]]]}},{"type":"Feature","id":"23108085007","properties":{"KEY_CODE":"23108085007","PREF":"23","CITY":"108","S_AREA":"085007","PREF_NAME":"愛知県","CITY_NAME":"名古屋市瑞穂区","S_NAME":"堀田通七丁目","HCODE":8101,"AREA":18778.205,"KIGO_E":"","JINKO":197,"SETAI":172,"X_CODE":136.920602,"Y_CODE":35.124941},"geometry":{"type":"Polygon","coordinates":[[[136.920638,35.126232],[136.920639,35.125994],[136.920736,35.125995],[136.920749,35.125987],[136.921081,35.125989],[136.921095,35.125914],[136.920706,35.125882],[136.92075,35.125608],[136.920716,35.125605],[136.920741,35.125392],[136.920969,35.125404],[136.920988,35.125228],[136.920867,35.12522],[136.920893,35.125056],[136.920898,35.12503],[136.9209,35.125013],[136.920788,35.125001],[136.920818,35.124766],[136.920963,35.124776],[136.920977,35.124586],[136.921178,35.124602],[136.921188,35.124457],[136.921081,35.124447],[136.921098,35.124309],[136.921348,35.124329],[136.92137,35.124215],[136.9214,35.124034],[136.92118,35.124009],[136.921204,35.12382],[136.921111,35.123814],[136.921089,35.123813],[136.920787,35.123799],[136.920575,35.123778],[136.920397,35.123784],[136.920325,35.124216],[136.920311,35.124306],[136.920243,35.124724],[136.920222,35.124852],[136.920107,35.125564],[136.920026,35.12606],[136.919998,35.12624],[136.920134,35.126238],[136.920182,35.126238],[136.920505,35.126234],[136.920567,35.126233],[136.920638,35.126233],[136.920638,35.126232]]]}},{"type":"Feature","id":"23108085008","properties":{"KEY_CODE":"23108085008","PREF":"23","CITY":"108","S_AREA":"085008","PREF_NAME":"愛知県","CITY_NAME":"名古屋市瑞穂区","S_NAME":"堀田通八丁目","HCODE":8101,"AREA":24898.877,"KIGO_E":"","JINKO":294,"SETAI":144,"X_CODE":136.921054,"Y_CODE":35.122203},"geometry":{"type":"Polygon","coordinates":[[[136.921089,35.123813],[136.921114,35.123534],[136.921164,35.123539],[136.921238,35.1231],[136.921536,35.12312],[136.921555,35.122995],[136.921261,35.122964],[136.921298,35.122732],[136.92137,35.122292],[136.921395,35.122287],[136.921411,35.122159],[136.921692,35.12217],[136.921727,35.121924],[136.92175,35.121792],[136.921502,35.121772],[136.921514,35.121699],[136.921459,35.1217],[136.921504,35.121309],[136.921564,35.121317],[136.921567,35.121293],[136.921612,35.120986],[136.921656,35.120627],[136.921612,35.120628],[136.921066,35.120641],[136.921066,35.120656],[136.920908,35.120654],[136.920871,35.120867],[136.920812,35.121235],[136.920671,35.122106],[136.920595,35.122577],[136.920539,35.122915],[136.920474,35.123311],[136.920397,35.123784],[136.920575,35.123778],[136.920787,35.123799],[136.921089,35.123813]]]}},{"type":"Feature","id":"23108085009","properties":{"KEY_CODE":"23108085009","PREF":"23","CITY":"108","S_AREA":"085009","PREF_NAME":"愛知県","CITY_NAME":"名古屋市瑞穂区","S_NAME":"堀田通九丁目","HCODE":8101,"AREA":6114.211,"KIGO_E":"","JINKO":74,"SETAI":60,"X_CODE":136.921379,"Y_CODE":35.12025},"geometry":{"type":"Polygon","coordinates":[[[136.921612,35.120628],[136.921652,35.120359],[136.92169,35.120363],[136.921966,35.120386],[136.921998,35.120186],[136.921716,35.120162],[136.921676,35.120159],[136.921703,35.119909],[136.921682,35.119906],[136.921694,35.119778],[136.921181,35.119889],[136.921033,35.119921],[136.921011,35.120048],[136.920908,35.120654],[136.921066,35.120656],[136.921066,35.120641],[136.921612,35.120628]]]}},{"type":"Feature","id":"23108086001","properties":{"KEY_CODE":"23108086001","PREF":"23","CITY":"108","S_AREA":"086001","PREF_NAME":"愛知県","CITY_NAME":"名古屋市瑞穂区","S_NAME":"本願寺町一丁目","HCODE":8101,"AREA":25374.093,"KIGO_E":"","JINKO":298,"SETAI":125,"X_CODE":136.928465,"Y_CODE":35.128907},"geometry":{"type":"Polygon","coordinates":[[[136.927497,35.129428],[136.928282,35.129343],[136.928279,35.129364],[136.928364,35.129353],[136.929037,35.129324],[136.929658,35.129387],[136.92966,35.129367],[136.929683,35.129168],[136.929722,35.128837],[136.929753,35.128568],[136.929755,35.128556],[136.929776,35.128374],[136.929789,35.12826],[136.929794,35.128223],[136.929796,35.128204],[136.929797,35.128194],[136.929404,35.128207],[136.929345,35.128208],[136.929345,35.128207],[136.929343,35.128186],[136.9291,35.128211],[136.929089,35.128212],[136.929092,35.128241],[136.929095,35.128275],[136.928688,35.128333],[136.928664,35.128337],[136.928667,35.128347],[136.928691,35.128429],[136.928465,35.128441],[136.928424,35.128444],[136.928423,35.128454],[136.928411,35.128565],[136.928408,35.128597],[136.927776,35.128667],[136.927364,35.128736],[136.927125,35.128756],[136.926803,35.128754],[136.92678,35.128737],[136.926828,35.128908],[136.926899,35.129158],[136.927006,35.129495],[136.927497,35.129428]]]}},{"type":"Feature","id":"23108086002","properties":{"KEY_CODE":"23108086002","PREF":"23","CITY":"108","S_AREA":"086002","PREF_NAME":"愛知県","CITY_NAME":"名古屋市瑞穂区","S_NAME":"本願寺町二丁目","HCODE":8101,"AREA":36683.244,"KIGO_E":"","JINKO":472,"SETAI":227,"X_CODE":136.931027,"Y_CODE":35.128988},"geometry":{"type":"Polygon","coordinates":[[[136.930252,35.129752],[136.930288,35.129555],[136.930677,35.12958],[136.930769,35.1296],[136.930954,35.12962],[136.931081,35.129602],[136.931377,35.129662],[136.931734,35.129651],[136.931951,35.129681],[136.931998,35.129662],[136.932061,35.129669],[136.932251,35.129652],[136.932358,35.129683],[136.932376,35.129522],[136.932388,35.129424],[136.932431,35.129048],[136.932482,35.128593],[136.932485,35.128574],[136.932503,35.128429],[136.932488,35.128434],[136.931519,35.128359],[136.93092,35.128304],[136.930674,35.128279],[136.930669,35.128226],[136.930561,35.128223],[136.930561,35.128227],[136.930559,35.128268],[136.930559,35.128279],[136.929794,35.128223],[136.929789,35.12826],[136.929776,35.128374],[136.929755,35.128556],[136.929753,35.128568],[136.929722,35.128837],[136.929683,35.129168],[136.92966,35.129367],[136.929658,35.129387],[136.929621,35.129702],[136.930252,35.129752]]]}},{"type":"Feature","id":"23108086003","properties":{"KEY_CODE":"23108086003","PREF":"23","CITY":"108","S_AREA":"086003","PREF_NAME":"愛知県","CITY_NAME":"名古屋市瑞穂区","S_NAME":"本願寺町三丁目","HCODE":8101,"AREA":25578.449,"KIGO_E":"","JINKO":241,"SETAI":118,"X_CODE":136.933412,"Y_CODE":35.129123},"geometry":{"type":"Polygon","coordinates":[[[136.934025,35.129805],[136.934035,35.129757],[136.93423,35.129787],[136.934234,35.129763],[136.934333,35.129772],[136.934375,35.129776],[136.934391,35.129641],[136.934352,35.129635],[136.934407,35.129215],[136.934492,35.128577],[136.934493,35.128569],[136.934302,35.128544],[136.934216,35.128551],[136.933574,35.128495],[136.932739,35.128434],[136.932533,35.128418],[136.932503,35.128429],[136.932485,35.128574],[136.932482,35.128593],[136.932431,35.129048],[136.932388,35.129424],[136.932376,35.129522],[136.932358,35.129683],[136.932356,35.1297],[136.933383,35.129787],[136.933393,35.129728],[136.934004,35.129802],[136.934025,35.129805]]]}},{"type":"Feature","id":"23108087001","properties":{"KEY_CODE":"23108087001","PREF":"23","CITY":"108","S_AREA":"087001","PREF_NAME":"愛知県","CITY_NAME":"名古屋市瑞穂区","S_NAME":"前田町一丁目","HCODE":8101,"AREA":29564.268,"KIGO_E":"","JINKO":195,"SETAI":96,"X_CODE":136.92858,"Y_CODE":35.127906},"geometry":{"type":"Polygon","coordinates":[[[136.9291,35.128211],[136.929343,35.128186],[136.929345,35.128207],[136.929345,35.128208],[136.929404,35.128207],[136.929797,35.128194],[136.929826,35.12798],[136.929881,35.127555],[136.929902,35.127365],[136.929928,35.127126],[136.929957,35.126852],[136.929873,35.126851],[136.929742,35.126897],[136.929646,35.12693],[136.929663,35.126969],[136.928856,35.12725],[136.928823,35.127184],[136.928555,35.12717],[136.928545,35.127272],[136.928533,35.127386],[136.928302,35.127374],[136.928287,35.127506],[136.928102,35.127497],[136.927913,35.127546],[136.92791,35.127533],[136.927892,35.127499],[136.92773,35.127544],[136.927711,35.127547],[136.927737,35.127716],[136.927735,35.127774],[136.927754,35.127911],[136.927759,35.127948],[136.927741,35.12795],[136.927721,35.127953],[136.927722,35.127955],[136.927745,35.128092],[136.927742,35.128092],[136.927661,35.128104],[136.927693,35.128245],[136.927683,35.128246],[136.927686,35.12826],[136.927072,35.128318],[136.926653,35.128348],[136.926649,35.128358],[136.926719,35.128562],[136.926768,35.128704],[136.92678,35.128737],[136.926803,35.128754],[136.927125,35.128756],[136.927364,35.128736],[136.927776,35.128667],[136.928408,35.128597],[136.928411,35.128565],[136.928423,35.128454],[136.928424,35.128444],[136.928465,35.128441],[136.928691,35.128429],[136.928667,35.128347],[136.928664,35.128337],[136.928688,35.128333],[136.929095,35.128275],[136.929092,35.128241],[136.929089,35.128212],[136.9291,35.128211]]]}},{"type":"Feature","id":"23108087002","properties":{"KEY_CODE":"23108087002","PREF":"23","CITY":"108","S_AREA":"087002","PREF_NAME":"愛知県","CITY_NAME":"名古屋市瑞穂区","S_NAME":"前田町二丁目","HCODE":8101,"AREA":23323.837,"KIGO_E":"","JINKO":307,"SETAI":145,"X_CODE":136.931202,"Y_CODE":35.127901},"geometry":{"type":"Polygon","coordinates":[[[136.932508,35.128393],[136.93252,35.128181],[136.932572,35.127762],[136.932595,35.127572],[136.931015,35.127466],[136.929902,35.127365],[136.929881,35.127555],[136.929826,35.12798],[136.929797,35.128194],[136.929796,35.128204],[136.929794,35.128223],[136.930559,35.128279],[136.930559,35.128268],[136.930561,35.128227],[136.930561,35.128223],[136.930669,35.128226],[136.930674,35.128279],[136.93092,35.128304],[136.931519,35.128359],[136.932488,35.128434],[136.932503,35.128429],[136.932508,35.128393]]]}},{"type":"Feature","id":"23108087003","properties":{"KEY_CODE":"23108087003","PREF":"23","CITY":"108","S_AREA":"087003","PREF_NAME":"愛知県","CITY_NAME":"名古屋市瑞穂区","S_NAME":"前田町三丁目","HCODE":8101,"AREA":17209.478,"KIGO_E":"","JINKO":226,"SETAI":86,"X_CODE":136.933547,"Y_CODE":35.12807},"geometry":{"type":"Polygon","coordinates":[[[136.934493,35.128569],[136.934526,35.128333],[136.934608,35.127734],[136.934351,35.127712],[136.93369,35.127655],[136.932595,35.127572],[136.932572,35.127762],[136.93252,35.128181],[136.932508,35.128393],[136.932503,35.128429],[136.932533,35.128418],[136.932739,35.128434],[136.933574,35.128495],[136.934216,35.128551],[136.934302,35.128544],[136.934493,35.128569]]]}},{"type":"Feature","id":"23108088001","properties":{"KEY_CODE":"23108088001","PREF":"23","CITY":"108","S_AREA":"088001","PREF_NAME":"愛知県","CITY_NAME":"名古屋市瑞穂区","S_NAME":"牧町一丁目","HCODE":8101,"AREA":23687.059,"KIGO_E":"","JINKO":254,"SETAI":120,"X_CODE":136.931391,"Y_CODE":35.127041},"geometry":{"type":"Polygon","coordinates":[[[136.932651,35.126965],[136.932588,35.126666],[136.932537,35.126521],[136.932316,35.126579],[136.932058,35.126557],[136.93113,35.126481],[136.931108,35.126667],[136.930548,35.126628],[136.930543,35.126669],[136.930266,35.126772],[136.929969,35.126747],[136.929957,35.126852],[136.929928,35.127126],[136.929902,35.127365],[136.931015,35.127466],[136.932595,35.127572],[136.932623,35.127341],[136.932651,35.126965]]]}},{"type":"Feature","id":"23108088002","properties":{"KEY_CODE":"23108088002","PREF":"23","CITY":"108","S_AREA":"088002","PREF_NAME":"愛知県","CITY_NAME":"名古屋市瑞穂区","S_NAME":"牧町二丁目","HCODE":8101,"AREA":30386.35,"KIGO_E":"","JINKO":210,"SETAI":94,"X_CODE":136.93353,"Y_CODE":35.126895},"geometry":{"type":"Polygon","coordinates":[[[136.933308,35.126104],[136.933152,35.125828],[136.932385,35.126064],[136.932437,35.126236],[136.932537,35.126521],[136.932588,35.126666],[136.932651,35.126965],[136.932623,35.127341],[136.932595,35.127572],[136.93369,35.127655],[136.934351,35.127712],[136.934608,35.127734],[136.934653,35.127486],[136.934786,35.126652],[136.934521,35.12663],[136.933846,35.126578],[136.933912,35.126157],[136.933308,35.126104]]]}},{"type":"Feature","id":"23108088003","properties":{"KEY_CODE":"23108088003","PREF":"23","CITY":"108","S_AREA":"088003","PREF_NAME":"愛知県","CITY_NAME":"名古屋市瑞穂区","S_NAME":"牧町三丁目","HCODE":8101,"AREA":15778.973,"KIGO_E":"","JINKO":176,"SETAI":96,"X_CODE":136.934262,"Y_CODE":35.125947},"geometry":{"type":"Polygon","coordinates":[[[136.934925,35.125797],[136.935026,35.125121],[136.934751,35.125096],[136.934703,35.125421],[136.934385,35.125395],[136.934381,35.125444],[136.934282,35.125437],[136.934286,35.12541],[136.934027,35.125394],[136.934024,35.125419],[136.933978,35.12573],[136.933055,35.12566],[136.933072,35.125686],[136.933152,35.125828],[136.933308,35.126104],[136.933912,35.126157],[136.933846,35.126578],[136.934521,35.12663],[136.934786,35.126652],[136.93484,35.126321],[136.934925,35.125797]]]}},{"type":"Feature","id":"23108089001","properties":{"KEY_CODE":"23108089001","PREF":"23","CITY":"108","S_AREA":"089001","PREF_NAME":"愛知県","CITY_NAME":"名古屋市瑞穂区","S_NAME":"松栄町一丁目","HCODE":8101,"AREA":85055.23,"KIGO_E":"","JINKO":323,"SETAI":139,"X_CODE":136.948963,"Y_CODE":35.136255},"geometry":{"type":"Polygon","coordinates":[[[136.949704,35.137309],[136.950632,35.137256],[136.950671,35.137258],[136.951277,35.137297],[136.951309,35.137299],[136.951321,35.1373],[136.951373,35.136354],[136.950786,35.136447],[136.95078,35.136408],[136.950769,35.136296],[136.950769,35.136239],[136.9507,35.135979],[136.950688,35.135958],[136.950671,35.135923],[136.950537,35.135681],[136.950431,35.135405],[136.950392,35.135411],[136.949722,35.135517],[136.949726,35.135032],[136.948951,35.13508],[136.948951,35.134964],[136.947902,35.13499],[136.947908,35.134966],[136.94712,35.134958],[136.946994,35.134959],[136.94704,35.135681],[136.947125,35.135689],[136.947123,35.136272],[136.947196,35.136268],[136.947285,35.136735],[136.947433,35.137522],[136.94869,35.137367],[136.949662,35.137311],[136.949704,35.137309]]]}},{"type":"Feature","id":"23108089002","properties":{"KEY_CODE":"23108089002","PREF":"23","CITY":"108","S_AREA":"089002","PREF_NAME":"愛知県","CITY_NAME":"名古屋市瑞穂区","S_NAME":"松栄町二丁目","HCODE":8101,"AREA":87191.853,"KIGO_E":"","JINKO":832,"SETAI":389,"X_CODE":136.948516,"Y_CODE":35.133461},"geometry":{"type":"Polygon","coordinates":[[[136.949726,35.135032],[136.949727,35.134881],[136.94973,35.134464],[136.949732,35.134269],[136.949734,35.133982],[136.949824,35.133883],[136.950012,35.13363],[136.950053,35.133534],[136.950057,35.133513],[136.950081,35.133333],[136.950134,35.132926],[136.950134,35.132926],[136.950189,35.132578],[136.950238,35.132267],[136.950214,35.132248],[136.950051,35.13219],[136.949744,35.132094],[136.949718,35.132073],[136.94937,35.132032],[136.949354,35.132003],[136.949152,35.131986],[136.949141,35.132025],[136.94789,35.131982],[136.947895,35.131946],[136.94726,35.131935],[136.947223,35.131953],[136.94721,35.132329],[136.947034,35.132308],[136.946998,35.132676],[136.947072,35.132666],[136.947078,35.132975],[136.947008,35.132978],[136.946967,35.132978],[136.946962,35.133261],[136.94715,35.13326],[136.94716,35.13346],[136.947231,35.133814],[136.947067,35.133819],[136.947145,35.134304],[136.947111,35.134305],[136.946981,35.134306],[136.94696,35.134816],[136.946973,35.134959],[136.946994,35.134959],[136.94712,35.134958],[136.947908,35.134966],[136.947902,35.13499],[136.948951,35.134964],[136.948951,35.13508],[136.949726,35.135032]]]}},{"type":"Feature","id":"23108090001","properties":{"KEY_CODE":"23108090001","PREF":"23","CITY":"108","S_AREA":"090001","PREF_NAME":"愛知県","CITY_NAME":"名古屋市瑞穂区","S_NAME":"松園町一丁目","HCODE":8101,"AREA":53392.95,"KIGO_E":"","JINKO":598,"SETAI":326,"X_CODE":136.941807,"Y_CODE":35.11912},"geometry":{"type":"Polygon","coordinates":[[[136.941509,35.120276],[136.941583,35.120274],[136.942923,35.120368],[136.942963,35.119768],[136.943002,35.119271],[136.943045,35.118784],[136.943086,35.118296],[136.943101,35.118092],[136.942746,35.118095],[136.942493,35.118007],[136.942454,35.118098],[136.941905,35.118103],[136.941031,35.118101],[136.940633,35.1181],[136.940529,35.1181],[136.939835,35.118098],[136.939949,35.118209],[136.940029,35.118288],[136.940031,35.118289],[136.940032,35.11829],[136.940446,35.118681],[136.940537,35.118767],[136.940615,35.11884],[136.940764,35.1191],[136.940867,35.119277],[136.940995,35.119564],[136.941026,35.119633],[136.94106,35.119709],[136.940994,35.119775],[136.940771,35.119996],[136.940787,35.120033],[136.940894,35.120284],[136.940967,35.120454],[136.94099,35.120507],[136.941181,35.120382],[136.941334,35.120282],[136.941487,35.120277],[136.941509,35.120276]]]}},{"type":"Feature","id":"23108090002","properties":{"KEY_CODE":"23108090002","PREF":"23","CITY":"108","S_AREA":"090002","PREF_NAME":"愛知県","CITY_NAME":"名古屋市瑞穂区","S_NAME":"松園町二丁目","HCODE":8101,"AREA":33296.53,"KIGO_E":"","JINKO":422,"SETAI":165,"X_CODE":136.943723,"Y_CODE":35.119239},"geometry":{"type":"Polygon","coordinates":[[[136.944464,35.118303],[136.944457,35.11809],[136.943101,35.118092],[136.943086,35.118296],[136.943045,35.118784],[136.943002,35.119271],[136.942963,35.119768],[136.942923,35.120368],[136.944122,35.120458],[136.944263,35.120097],[136.944356,35.119858],[136.944459,35.119587],[136.944539,35.119374],[136.944499,35.118839],[136.944464,35.118303]]]}},{"type":"Feature","id":"23108091001","properties":{"KEY_CODE":"23108091001","PREF":"23","CITY":"108","S_AREA":"091001","PREF_NAME":"愛知県","CITY_NAME":"名古屋市瑞穂区","S_NAME":"豆田町一丁目","HCODE":8101,"AREA":14899.941,"KIGO_E":"","JINKO":323,"SETAI":129,"X_CODE":136.920618,"Y_CODE":35.130556},"geometry":{"type":"Polygon","coordinates":[[[136.921239,35.130056],[136.921242,35.129997],[136.920953,35.129982],[136.920951,35.130001],[136.920786,35.129989],[136.920771,35.129895],[136.920648,35.129884],[136.920654,35.12982],[136.920415,35.129805],[136.920405,35.129927],[136.920225,35.129908],[136.920112,35.129901],[136.92009,35.1299],[136.919995,35.130529],[136.920075,35.130545],[136.920025,35.131123],[136.920488,35.131154],[136.920479,35.131238],[136.921102,35.131301],[136.921179,35.130621],[136.921239,35.130056]]]}},{"type":"Feature","id":"23108091002","properties":{"KEY_CODE":"23108091002","PREF":"23","CITY":"108","S_AREA":"091002","PREF_NAME":"愛知県","CITY_NAME":"名古屋市瑞穂区","S_NAME":"豆田町二丁目","HCODE":8101,"AREA":17102.924,"KIGO_E":"","JINKO":173,"SETAI":65,"X_CODE":136.921842,"Y_CODE":35.130707},"geometry":{"type":"Polygon","coordinates":[[[136.922489,35.131319],[136.922489,35.131293],[136.922505,35.131025],[136.922527,35.130675],[136.922555,35.130216],[136.922238,35.1302],[136.922251,35.129981],[136.921883,35.12996],[136.921869,35.130108],[136.921239,35.130056],[136.921179,35.130621],[136.921102,35.131301],[136.921727,35.131335],[136.921745,35.131336],[136.921764,35.131314],[136.922489,35.131362],[136.922489,35.131319]]]}},{"type":"Feature","id":"23108091003","properties":{"KEY_CODE":"23108091003","PREF":"23","CITY":"108","S_AREA":"091003","PREF_NAME":"愛知県","CITY_NAME":"名古屋市瑞穂区","S_NAME":"豆田町三丁目","HCODE":8101,"AREA":11401.769,"KIGO_E":"","JINKO":26,"SETAI":13,"X_CODE":136.923042,"Y_CODE":35.130781},"geometry":{"type":"Polygon","coordinates":[[[136.922926,35.131339],[136.922931,35.131294],[136.923548,35.131297],[136.923568,35.131297],[136.923585,35.130753],[136.923567,35.130751],[136.923606,35.130279],[136.92313,35.130249],[136.922555,35.130216],[136.922527,35.130675],[136.922505,35.131025],[136.922489,35.131293],[136.922489,35.131319],[136.922926,35.131339]]]}},{"type":"Feature","id":"23108091004","properties":{"KEY_CODE":"23108091004","PREF":"23","CITY":"108","S_AREA":"091004","PREF_NAME":"愛知県","CITY_NAME":"名古屋市瑞穂区","S_NAME":"豆田町四丁目","HCODE":8101,"AREA":23568.14,"KIGO_E":"","JINKO":226,"SETAI":104,"X_CODE":136.924669,"Y_CODE":35.130847},"geometry":{"type":"Polygon","coordinates":[[[136.925729,35.131518],[136.925692,35.131425],[136.925677,35.131392],[136.925679,35.131193],[136.925679,35.131175],[136.925704,35.130902],[136.925697,35.130388],[136.924919,35.130365],[136.924916,35.13015],[136.924528,35.130139],[136.924523,35.130338],[136.924343,35.130307],[136.924098,35.130287],[136.923608,35.130254],[136.923606,35.130279],[136.923567,35.130751],[136.923585,35.130753],[136.923568,35.131297],[136.924207,35.131297],[136.924234,35.131339],[136.924898,35.131345],[136.9249,35.13151],[136.92513,35.131512],[136.92513,35.131485],[136.925136,35.131485],[136.925278,35.131484],[136.925318,35.131484],[136.925318,35.131514],[136.925317,35.131546],[136.925346,35.131546],[136.925437,35.131547],[136.925742,35.131551],[136.925729,35.131518]]]}},{"type":"Feature","id":"23108091005","properties":{"KEY_CODE":"23108091005","PREF":"23","CITY":"108","S_AREA":"091005","PREF_NAME":"愛知県","CITY_NAME":"名古屋市瑞穂区","S_NAME":"豆田町五丁目","HCODE":8101,"AREA":14894.904,"KIGO_E":"","JINKO":24,"SETAI":20,"X_CODE":136.926509,"Y_CODE":35.130796},"geometry":{"type":"Polygon","coordinates":[[[136.927463,35.131012],[136.927308,35.13052],[136.926734,35.130636],[136.926642,35.130326],[136.926655,35.130185],[136.926635,35.130154],[136.926189,35.130128],[136.926177,35.130321],[136.925705,35.130318],[136.925697,35.130388],[136.925704,35.130902],[136.925679,35.131175],[136.925679,35.131193],[136.926712,35.131229],[136.92671,35.131251],[136.927049,35.131263],[136.927049,35.131288],[136.927417,35.131306],[136.927438,35.131214],[136.927451,35.131182],[136.927484,35.131051],[136.927463,35.131012]]]}},{"type":"Feature","id":"23108092001","properties":{"KEY_CODE":"23108092001","PREF":"23","CITY":"108","S_AREA":"092001","PREF_NAME":"愛知県","CITY_NAME":"名古屋市瑞穂区","S_NAME":"丸根町一丁目","HCODE":8101,"AREA":35288.995,"KIGO_E":"","JINKO":371,"SETAI":165,"X_CODE":136.950935,"Y_CODE":35.117114},"geometry":{"type":"Polygon","coordinates":[[[136.951344,35.11606],[136.950275,35.115978],[136.950182,35.116373],[136.950108,35.116684],[136.950005,35.117125],[136.949886,35.117638],[136.949842,35.117831],[136.950829,35.118038],[136.951824,35.118243],[136.951896,35.118065],[136.951909,35.118047],[136.95202,35.117764],[136.952096,35.117571],[136.95155,35.117458],[136.951664,35.117143],[136.951684,35.116936],[136.951723,35.116543],[136.951751,35.116427],[136.95177,35.116175],[136.951344,35.11606]]]}},{"type":"Feature","id":"23108092002","properties":{"KEY_CODE":"23108092002","PREF":"23","CITY":"108","S_AREA":"092002","PREF_NAME":"愛知県","CITY_NAME":"名古屋市瑞穂区","S_NAME":"丸根町二丁目","HCODE":8101,"AREA":38141.037,"KIGO_E":"","JINKO":380,"SETAI":151,"X_CODE":136.951213,"Y_CODE":35.115206},"geometry":{"type":"Polygon","coordinates":[[[136.95124,35.114207],[136.950819,35.114093],[136.950709,35.114363],[136.95056,35.114702],[136.950103,35.114865],[136.949763,35.114986],[136.949678,35.115016],[136.949762,35.115157],[136.949917,35.115412],[136.950275,35.115978],[136.951344,35.11606],[136.95177,35.116175],[136.952104,35.116084],[136.952199,35.115787],[136.952225,35.115707],[136.952334,35.115369],[136.952393,35.115173],[136.952461,35.114945],[136.952554,35.114662],[136.951701,35.114393],[136.951445,35.114299],[136.95124,35.114207]]]}},{"type":"Feature","id":"23108093001","properties":{"KEY_CODE":"23108093001","PREF":"23","CITY":"108","S_AREA":"093001","PREF_NAME":"愛知県","CITY_NAME":"名古屋市瑞穂区","S_NAME":"密柑山町一丁目","HCODE":8101,"AREA":116141.31,"KIGO_E":"","JINKO":752,"SETAI":318,"X_CODE":136.949942,"Y_CODE":35.130953},"geometry":{"type":"Polygon","coordinates":[[[136.950711,35.132449],[136.951804,35.131744],[136.951782,35.131718],[136.952068,35.131089],[136.952396,35.13152],[136.95245,35.131542],[136.95247,35.131534],[136.953073,35.131011],[136.952975,35.130865],[136.952544,35.130227],[136.952526,35.130228],[136.952509,35.13023],[136.952326,35.130206],[136.952074,35.130117],[136.951936,35.130044],[136.951644,35.129911],[136.951352,35.129786],[136.951336,35.129782],[136.950707,35.129612],[136.95068,35.129615],[136.949747,35.129378],[136.949725,35.129373],[136.949707,35.129368],[136.949459,35.129771],[136.94859,35.129978],[136.948362,35.130034],[136.948009,35.130158],[136.947863,35.13024],[136.947753,35.130319],[136.947644,35.130436],[136.9475,35.130665],[136.947424,35.130829],[136.947363,35.130918],[136.947127,35.131176],[136.94673,35.131825],[136.94706,35.131921],[136.94707,35.131947],[136.947223,35.131953],[136.94726,35.131935],[136.947895,35.131946],[136.94789,35.131982],[136.949141,35.132025],[136.949152,35.131986],[136.949354,35.132003],[136.94937,35.132032],[136.949718,35.132073],[136.949744,35.132094],[136.950051,35.13219],[136.950214,35.132248],[136.950238,35.132267],[136.950663,35.132438],[136.950711,35.132449]]]}},{"type":"Feature","id":"23108093002","properties":{"KEY_CODE":"23108093002","PREF":"23","CITY":"108","S_AREA":"093002","PREF_NAME":"愛知県","CITY_NAME":"名古屋市瑞穂区","S_NAME":"密柑山町二丁目","HCODE":8101,"AREA":49288.35,"KIGO_E":"","JINKO":400,"SETAI":168,"X_CODE":136.951428,"Y_CODE":35.128923},"geometry":{"type":"Polygon","coordinates":[[[136.952828,35.129658],[136.952678,35.129109],[136.95262,35.128611],[136.952604,35.128475],[136.952293,35.128489],[136.951847,35.128501],[136.951437,35.128512],[136.951386,35.128489],[136.951701,35.127648],[136.951736,35.127602],[136.951811,35.127503],[136.951302,35.127163],[136.951041,35.127419],[136.950564,35.127888],[136.950387,35.128251],[136.950208,35.128607],[136.950123,35.128776],[136.949747,35.129378],[136.95068,35.129615],[136.950707,35.129612],[136.951336,35.129782],[136.951352,35.129786],[136.951644,35.129911],[136.951936,35.130044],[136.952074,35.130117],[136.952326,35.130206],[136.952509,35.13023],[136.952526,35.130228],[136.952544,35.130227],[136.952982,35.130144],[136.952828,35.129658]]]}},{"type":"Feature","id":"23108094001","properties":{"KEY_CODE":"23108094001","PREF":"23","CITY":"108","S_AREA":"094001","PREF_NAME":"愛知県","CITY_NAME":"名古屋市瑞穂区","S_NAME":"瑞穂町字西藤塚","HCODE":8101,"AREA":29959.391,"KIGO_E":"","JINKO":0,"SETAI":0,"X_CODE":136.92567,"Y_CODE":35.137975},"geometry":{"type":"Polygon","coordinates":[[[136.925968,35.139245],[136.926613,35.136818],[136.925693,35.136925],[136.924981,35.137007],[136.924977,35.137172],[136.924997,35.137863],[136.925013,35.138151],[136.925049,35.138831],[136.925072,35.139283],[136.925968,35.139245]]]}},{"type":"Feature","id":"23108094002","properties":{"KEY_CODE":"23108094002","PREF":"23","CITY":"108","S_AREA":"094002","PREF_NAME":"愛知県","CITY_NAME":"名古屋市瑞穂区","S_NAME":"瑞穂町字川澄","HCODE":8101,"AREA":71873.855,"KIGO_E":"","JINKO":12,"SETAI":1,"X_CODE":136.935171,"Y_CODE":35.139392},"geometry":{"type":"Polygon","coordinates":[[[136.936873,35.139868],[136.93691,35.139493],[136.936976,35.138943],[136.937021,35.138494],[136.936473,35.13847],[136.935649,35.138411],[136.934732,35.138344],[136.934106,35.138299],[136.934008,35.138292],[136.933511,35.138262],[136.933509,35.138282],[136.933438,35.139068],[136.933413,35.139346],[136.933399,35.139499],[136.933359,35.139939],[136.933349,35.140277],[136.934662,35.140368],[136.935816,35.140469],[136.936241,35.140492],[136.936812,35.140536],[136.936873,35.139868]]]}},{"type":"Feature","id":"23108094003","properties":{"KEY_CODE":"23108094003","PREF":"23","CITY":"108","S_AREA":"094003","PREF_NAME":"愛知県","CITY_NAME":"名古屋市瑞穂区","S_NAME":"瑞穂町字山の畑","HCODE":8101,"AREA":39193.106,"KIGO_E":"","JINKO":0,"SETAI":0,"X_CODE":136.926931,"Y_CODE":35.138269},"geometry":{"type":"Polygon","coordinates":[[[136.926613,35.136818],[136.925968,35.139245],[136.926316,35.139759],[136.927541,35.139452],[136.927557,35.13924],[136.927558,35.139219],[136.927604,35.138708],[136.927623,35.138454],[136.927629,35.138375],[136.92765,35.138095],[136.927679,35.137702],[136.927693,35.137476],[136.927704,35.137299],[136.927683,35.137],[136.927663,35.136711],[136.926613,35.136818]]]}},{"type":"Feature","id":"23108094004","properties":{"KEY_CODE":"23108094004","PREF":"23","CITY":"108","S_AREA":"094004","PREF_NAME":"愛知県","CITY_NAME":"名古屋市瑞穂区","S_NAME":"瑞穂町字田光","HCODE":8101,"AREA":101.938,"KIGO_E":"","JINKO":3,"SETAI":1,"X_CODE":136.926871,"Y_CODE":35.127013},"geometry":{"type":"Polygon","coordinates":[[[136.926903,35.126952],[136.926891,35.126961],[136.926803,35.12698],[136.926833,35.127069],[136.926942,35.127044],[136.926903,35.126952]]]}},{"type":"Feature","id":"23108094005","properties":{"KEY_CODE":"23108094005","PREF":"23","CITY":"108","S_AREA":"094005","PREF_NAME":"愛知県","CITY_NAME":"名古屋市瑞穂区","S_NAME":"瑞穂町字高田","HCODE":8101,"AREA":170.938,"KIGO_E":"","JINKO":7,"SETAI":7,"X_CODE":136.927856,"Y_CODE":35.136476},"geometry":{"type":"Polygon","coordinates":[[[136.927954,35.136538],[136.927975,35.136443],[136.927729,35.136439],[136.927718,35.136492],[136.927924,35.136519],[136.927922,35.136536],[136.927954,35.136538]]]}},{"type":"Feature","id":"23108094006","properties":{"KEY_CODE":"23108094006","PREF":"23","CITY":"108","S_AREA":"094006","PREF_NAME":"愛知県","CITY_NAME":"名古屋市瑞穂区","S_NAME":"瑞穂町字下ノ切","HCODE":8101,"AREA":309.67,"KIGO_E":"","JINKO":9,"SETAI":2,"X_CODE":136.92736,"Y_CODE":35.132504},"geometry":{"type":"Polygon","coordinates":[[[136.927544,35.132625],[136.927543,35.132618],[136.927541,35.132572],[136.927392,35.132576],[136.927382,35.132434],[136.927591,35.132425],[136.927589,35.132398],[136.927381,35.132407],[136.92732,35.13241],[136.927324,35.132437],[136.92736,35.132687],[136.927544,35.132625]]]}},{"type":"Feature","id":"23108095001","properties":{"KEY_CODE":"23108095001","PREF":"23","CITY":"108","S_AREA":"095001","PREF_NAME":"愛知県","CITY_NAME":"名古屋市瑞穂区","S_NAME":"瑞穂通一丁目","HCODE":8101,"AREA":45049.533,"KIGO_E":"","JINKO":708,"SETAI":415,"X_CODE":136.934042,"Y_CODE":35.1367},"geometry":{"type":"Polygon","coordinates":[[[136.933509,35.138282],[136.933511,35.138262],[136.934008,35.138292],[136.934106,35.138299],[136.934126,35.138105],[136.934147,35.137868],[136.934056,35.137864],[136.934077,35.137678],[136.934124,35.137679],[136.93416,35.137436],[136.934198,35.137175],[136.934302,35.137181],[136.934315,35.137007],[136.934328,35.137011],[136.935323,35.137087],[136.935348,35.137037],[136.935457,35.136809],[136.935248,35.136719],[136.935261,35.136205],[136.935282,35.135764],[136.934621,35.135741],[136.934492,35.135737],[136.934492,35.135648],[136.934491,35.135556],[136.934383,35.135541],[136.93442,35.135252],[136.934399,35.135242],[136.933947,35.135226],[136.933496,35.135213],[136.933456,35.135521],[136.933532,35.135527],[136.933489,35.135831],[136.93341,35.135822],[136.933404,35.135856],[136.933398,35.135897],[136.933362,35.136149],[136.93319,35.136135],[136.933165,35.136323],[136.933329,35.136341],[136.933227,35.136918],[136.933519,35.136938],[136.933499,35.137101],[136.933359,35.137091],[136.933371,35.136976],[136.93322,35.136963],[136.933199,35.137105],[136.932898,35.137087],[136.932863,35.13736],[136.93286,35.137383],[136.933162,35.137406],[136.933131,35.137628],[136.93309,35.137855],[136.933108,35.137921],[136.933087,35.138116],[136.932973,35.138108],[136.932959,35.138227],[136.933025,35.138404],[136.933509,35.138282]]]}},{"type":"Feature","id":"23108095002","properties":{"KEY_CODE":"23108095002","PREF":"23","CITY":"108","S_AREA":"095002","PREF_NAME":"愛知県","CITY_NAME":"名古屋市瑞穂区","S_NAME":"瑞穂通二丁目","HCODE":8101,"AREA":34686.591,"KIGO_E":"","JINKO":679,"SETAI":380,"X_CODE":136.934164,"Y_CODE":35.133499},"geometry":{"type":"Polygon","coordinates":[[[136.934399,35.135242],[136.934437,35.134942],[136.934454,35.134805],[136.934536,35.13481],[136.934564,35.134577],[136.934483,35.134572],[136.934515,35.134319],[136.93451,35.134138],[136.934564,35.134137],[136.934607,35.134137],[136.93461,35.133868],[136.934852,35.133875],[136.934869,35.133748],[136.934615,35.133737],[136.93464,35.133545],[136.934658,35.133546],[136.934681,35.133397],[136.934698,35.133283],[136.934734,35.133042],[136.934825,35.13305],[136.934823,35.133041],[136.934855,35.132827],[136.934815,35.132824],[136.934874,35.132329],[136.934914,35.131982],[136.934916,35.131969],[136.934873,35.131965],[136.934855,35.131963],[136.934455,35.131913],[136.934454,35.131912],[136.934451,35.131926],[136.933965,35.131863],[136.933926,35.132047],[136.933653,35.132009],[136.933597,35.132365],[136.933594,35.132384],[136.933555,35.132643],[136.933852,35.132672],[136.933813,35.132946],[136.933778,35.133186],[136.933739,35.133456],[136.933713,35.13363],[136.933555,35.133615],[136.933521,35.133837],[136.93368,35.133853],[136.933662,35.133978],[136.933423,35.133955],[136.933411,35.134032],[136.93365,35.134058],[136.93364,35.134122],[136.933566,35.134114],[136.933565,35.134134],[136.933553,35.134286],[136.933615,35.13429],[136.933611,35.134317],[136.933567,35.134663],[136.93353,35.134944],[136.933489,35.13494],[136.933486,35.134959],[136.933449,35.135211],[136.933496,35.135213],[136.933947,35.135226],[136.934399,35.135242]]]}},{"type":"Feature","id":"23108095003","properties":{"KEY_CODE":"23108095003","PREF":"23","CITY":"108","S_AREA":"095003","PREF_NAME":"愛知県","CITY_NAME":"名古屋市瑞穂区","S_NAME":"瑞穂通三丁目","HCODE":8101,"AREA":17320.314,"KIGO_E":"","JINKO":60,"SETAI":38,"X_CODE":136.934616,"Y_CODE":35.131096},"geometry":{"type":"Polygon","coordinates":[[[136.934873,35.131965],[136.934897,35.131751],[136.935163,35.131766],[136.935165,35.131757],[136.935195,35.131552],[136.93522,35.131364],[136.93525,35.131139],[136.935033,35.13112],[136.935061,35.130918],[136.935119,35.130922],[136.935124,35.130889],[136.935134,35.130828],[136.935074,35.130822],[136.935092,35.1307],[136.935309,35.130713],[136.935338,35.130488],[136.935126,35.130469],[136.93468,35.130429],[136.934729,35.130104],[136.934346,35.130073],[136.934289,35.130069],[136.934219,35.130063],[136.934146,35.130573],[136.93415,35.130608],[136.934214,35.130627],[136.934309,35.130641],[136.934243,35.131041],[136.934095,35.131035],[136.934061,35.131252],[136.933965,35.131863],[136.934451,35.131926],[136.934454,35.131912],[136.934455,35.131913],[136.934855,35.131963],[136.934873,35.131965]]]}},{"type":"Feature","id":"23108095004","properties":{"KEY_CODE":"23108095004","PREF":"23","CITY":"108","S_AREA":"095004","PREF_NAME":"愛知県","CITY_NAME":"名古屋市瑞穂区","S_NAME":"瑞穂通四丁目","HCODE":8101,"AREA":24958.28,"KIGO_E":"","JINKO":274,"SETAI":219,"X_CODE":136.934922,"Y_CODE":35.128889},"geometry":{"type":"Polygon","coordinates":[[[136.93512,35.127526],[136.934653,35.127486],[136.934608,35.127734],[136.934526,35.128333],[136.934493,35.128569],[136.934492,35.128577],[136.934407,35.129215],[136.934352,35.129635],[136.934391,35.129641],[136.934375,35.129776],[136.934346,35.130073],[136.934729,35.130104],[136.93468,35.130429],[136.935126,35.130469],[136.935132,35.130428],[136.935176,35.130132],[136.935176,35.13013],[136.935222,35.129819],[136.935224,35.129808],[136.935232,35.129755],[136.935301,35.129282],[136.935336,35.129046],[136.935347,35.128969],[136.93538,35.128749],[136.935406,35.128579],[136.93543,35.128418],[136.935487,35.128033],[136.935509,35.12788],[136.935527,35.127763],[136.935562,35.127569],[136.935117,35.127542],[136.93512,35.127526]]]}},{"type":"Feature","id":"23108095005","properties":{"KEY_CODE":"23108095005","PREF":"23","CITY":"108","S_AREA":"095005","PREF_NAME":"愛知県","CITY_NAME":"名古屋市瑞穂区","S_NAME":"瑞穂通五丁目","HCODE":8101,"AREA":28415.325,"KIGO_E":"","JINKO":651,"SETAI":322,"X_CODE":136.935377,"Y_CODE":35.12601},"geometry":{"type":"Polygon","coordinates":[[[136.935626,35.12715],[136.935689,35.126736],[136.935754,35.126741],[136.935787,35.126517],[136.935723,35.126506],[136.93578,35.126114],[136.935797,35.12601],[136.935817,35.125888],[136.935867,35.125891],[136.9359,35.125631],[136.935935,35.12535],[136.935905,35.125347],[136.935844,35.125341],[136.93585,35.125226],[136.935891,35.124914],[136.936177,35.124937],[136.936221,35.124678],[136.936019,35.124342],[136.935586,35.124492],[136.935579,35.124495],[136.935565,35.124587],[136.935308,35.12468],[136.93511,35.124752],[136.935026,35.125121],[136.934925,35.125797],[136.93484,35.126321],[136.934786,35.126652],[136.934653,35.127486],[136.93512,35.127526],[136.935117,35.127542],[136.935562,35.127569],[136.935626,35.12715]]]}},{"type":"Feature","id":"23108095006","properties":{"KEY_CODE":"23108095006","PREF":"23","CITY":"108","S_AREA":"095006","PREF_NAME":"愛知県","CITY_NAME":"名古屋市瑞穂区","S_NAME":"瑞穂通六丁目","HCODE":8101,"AREA":20367.261,"KIGO_E":"","JINKO":210,"SETAI":107,"X_CODE":136.93574,"Y_CODE":35.123471},"geometry":{"type":"Polygon","coordinates":[[[136.93623,35.123206],[136.936272,35.1229],[136.936284,35.122853],[136.936336,35.122422],[136.935895,35.122382],[136.935878,35.122383],[136.935453,35.122352],[136.935399,35.122799],[136.935353,35.123069],[136.935335,35.123172],[136.935299,35.12317],[136.935185,35.123984],[136.935131,35.124374],[136.935253,35.12458],[136.935308,35.12468],[136.935565,35.124587],[136.935579,35.124495],[136.935586,35.124492],[136.936019,35.124342],[136.936286,35.12425],[136.936133,35.123989],[136.93612,35.123913],[136.936278,35.123854],[136.936287,35.12385],[136.936283,35.123844],[136.936227,35.123739],[136.93622,35.123677],[136.936242,35.123349],[136.93625,35.123286],[136.936247,35.123271],[136.936244,35.123259],[136.93623,35.123206]]]}},{"type":"Feature","id":"23108095007","properties":{"KEY_CODE":"23108095007","PREF":"23","CITY":"108","S_AREA":"095007","PREF_NAME":"愛知県","CITY_NAME":"名古屋市瑞穂区","S_NAME":"瑞穂通七丁目","HCODE":8101,"AREA":25934.418,"KIGO_E":"","JINKO":423,"SETAI":213,"X_CODE":136.936062,"Y_CODE":35.121088},"geometry":{"type":"Polygon","coordinates":[[[136.936336,35.122422],[136.936381,35.122085],[136.936434,35.121822],[136.936434,35.12182],[136.936459,35.121576],[136.936502,35.121277],[136.936531,35.12128],[136.936623,35.120649],[136.936711,35.120015],[136.93675,35.119734],[136.936295,35.1197],[136.936293,35.119714],[136.935945,35.119681],[136.935842,35.119671],[136.935779,35.120034],[136.935754,35.120195],[136.935695,35.12057],[136.935729,35.120573],[136.935725,35.120601],[136.935688,35.12081],[136.935656,35.121035],[136.935587,35.12151],[136.935586,35.12151],[136.935533,35.121893],[136.93548,35.121888],[136.93548,35.121887],[136.935241,35.121865],[136.935234,35.121911],[136.935231,35.121928],[136.935167,35.12233],[136.935413,35.122349],[136.935453,35.122352],[136.935878,35.122383],[136.935895,35.122382],[136.936336,35.122422]]]}},{"type":"Feature","id":"23108095008","properties":{"KEY_CODE":"23108095008","PREF":"23","CITY":"108","S_AREA":"095008","PREF_NAME":"愛知県","CITY_NAME":"名古屋市瑞穂区","S_NAME":"瑞穂通八丁目","HCODE":8101,"AREA":28188.523,"KIGO_E":"","JINKO":289,"SETAI":186,"X_CODE":136.936522,"Y_CODE":35.118173},"geometry":{"type":"Polygon","coordinates":[[[136.936752,35.119717],[136.936883,35.118791],[136.936956,35.118291],[136.937035,35.117742],[136.937051,35.117628],[136.93707,35.117494],[136.937153,35.1175],[136.937217,35.117506],[136.937237,35.11736],[136.937135,35.117354],[136.937149,35.117111],[136.937223,35.116762],[136.937176,35.116754],[136.936744,35.116683],[136.936301,35.116606],[136.936194,35.117305],[136.936223,35.117307],[136.936167,35.117701],[136.936149,35.117828],[136.936118,35.117826],[136.936053,35.11782],[136.936003,35.118283],[136.936047,35.118286],[136.935985,35.118729],[136.93598,35.118757],[136.935769,35.118739],[136.935742,35.118935],[136.935951,35.118951],[136.935977,35.118953],[136.935928,35.119275],[136.935998,35.119289],[136.935945,35.119681],[136.936293,35.119714],[136.936295,35.1197],[136.93675,35.119734],[136.936752,35.119717]]]}},{"type":"Feature","id":"23108096001","properties":{"KEY_CODE":"23108096001","PREF":"23","CITY":"108","S_AREA":"096001","PREF_NAME":"愛知県","CITY_NAME":"名古屋市瑞穂区","S_NAME":"御劔町一丁目","HCODE":8101,"AREA":12124.804,"KIGO_E":"","JINKO":143,"SETAI":72,"X_CODE":136.919978,"Y_CODE":35.13645},"geometry":{"type":"Polygon","coordinates":[[[136.920024,35.13595],[136.919398,35.135914],[136.919345,35.136373],[136.919296,35.136836],[136.919916,35.136885],[136.919908,35.136964],[136.920542,35.137],[136.920617,35.1364],[136.920648,35.136101],[136.920644,35.136055],[136.920024,35.135991],[136.920024,35.13595]]]}},{"type":"Feature","id":"23108096002","properties":{"KEY_CODE":"23108096002","PREF":"23","CITY":"108","S_AREA":"096002","PREF_NAME":"愛知県","CITY_NAME":"名古屋市瑞穂区","S_NAME":"御劔町二丁目","HCODE":8101,"AREA":24538.599,"KIGO_E":"","JINKO":204,"SETAI":129,"X_CODE":136.921831,"Y_CODE":35.1367},"geometry":{"type":"Polygon","coordinates":[[[136.922696,35.137479],[136.923211,35.137382],[136.92308,35.137231],[136.922993,35.137107],[136.922897,35.136914],[136.922878,35.136694],[136.922765,35.136623],[136.922832,35.136429],[136.922868,35.136237],[136.92213,35.136152],[136.922121,35.136193],[136.922112,35.136192],[136.9219,35.136163],[136.921904,35.13613],[136.921282,35.136069],[136.921284,35.13611],[136.920648,35.136101],[136.920617,35.1364],[136.920542,35.137],[136.921179,35.137045],[136.921171,35.137122],[136.921497,35.137142],[136.921671,35.137122],[136.922147,35.13699],[136.922331,35.136935],[136.922342,35.13707],[136.922152,35.137083],[136.922179,35.13745],[136.922181,35.137456],[136.922195,35.137455],[136.922369,35.137432],[136.92238,35.137442],[136.92242,35.137475],[136.922664,35.137413],[136.922696,35.137479]]]}},{"type":"Feature","id":"23108096003","properties":{"KEY_CODE":"23108096003","PREF":"23","CITY":"108","S_AREA":"096003","PREF_NAME":"愛知県","CITY_NAME":"名古屋市瑞穂区","S_NAME":"御劔町三丁目","HCODE":8101,"AREA":25092.681,"KIGO_E":"","JINKO":219,"SETAI":108,"X_CODE":136.924041,"Y_CODE":35.136579},"geometry":{"type":"Polygon","coordinates":[[[136.923662,35.13719],[136.924121,35.137159],[136.924298,35.137175],[136.924516,35.137203],[136.924977,35.137172],[136.924981,35.137007],[136.924957,35.136753],[136.924948,35.136673],[136.924954,35.136223],[136.924956,35.135862],[136.924898,35.135589],[136.924785,35.135603],[136.924626,35.135672],[136.924413,35.135846],[136.924263,35.135906],[136.92409,35.135945],[136.92406,35.135873],[136.92367,35.136068],[136.923543,35.136054],[136.923519,35.136168],[136.923383,35.136152],[136.923364,35.13625],[136.92335,35.136303],[136.923304,35.136471],[136.923213,35.136463],[136.922832,35.136429],[136.922765,35.136623],[136.922878,35.136694],[136.922897,35.136914],[136.922993,35.137107],[136.92308,35.137231],[136.923211,35.137382],[136.923616,35.13721],[136.923662,35.13719]]]}},{"type":"Feature","id":"231080980","properties":{"KEY_CODE":"231080980","PREF":"23","CITY":"108","S_AREA":"098000","PREF_NAME":"愛知県","CITY_NAME":"名古屋市瑞穂区","S_NAME":"南山町","HCODE":8101,"AREA":19694.629,"KIGO_E":"","JINKO":210,"SETAI":110,"X_CODE":136.952742,"Y_CODE":35.137671},"geometry":{"type":"Polygon","coordinates":[[[136.954159,35.137586],[136.953477,35.137121],[136.952888,35.137189],[136.952372,35.137248],[136.952354,35.137259],[136.951656,35.137321],[136.951777,35.138277],[136.951832,35.138282],[136.951945,35.138293],[136.952104,35.138279],[136.952346,35.138258],[136.953049,35.138055],[136.95369,35.13786],[136.953889,35.137777],[136.953994,35.137714],[136.954069,35.137656],[136.954173,35.137597],[136.954159,35.137586]]]}},{"type":"Feature","id":"23108099002","properties":{"KEY_CODE":"23108099002","PREF":"23","CITY":"108","S_AREA":"099002","PREF_NAME":"愛知県","CITY_NAME":"名古屋市瑞穂区","S_NAME":"妙音通二丁目","HCODE":8101,"AREA":17011.274,"KIGO_E":"","JINKO":177,"SETAI":83,"X_CODE":136.927413,"Y_CODE":35.11711},"geometry":{"type":"Polygon","coordinates":[[[136.927695,35.116668],[136.926579,35.116597],[136.926538,35.116966],[136.926537,35.11698],[136.926524,35.1171],[136.92652,35.117134],[136.926472,35.117545],[136.92729,35.117606],[136.92791,35.117649],[136.928394,35.117099],[136.928523,35.116964],[136.928619,35.116853],[136.928456,35.116833],[136.928454,35.116767],[136.928188,35.116756],[136.92819,35.116705],[136.927695,35.116668]]]}},{"type":"Feature","id":"23108099003","properties":{"KEY_CODE":"23108099003","PREF":"23","CITY":"108","S_AREA":"099003","PREF_NAME":"愛知県","CITY_NAME":"名古屋市瑞穂区","S_NAME":"妙音通三丁目","HCODE":8101,"AREA":30782.005,"KIGO_E":"","JINKO":392,"SETAI":210,"X_CODE":136.93026,"Y_CODE":35.117319},"geometry":{"type":"Polygon","coordinates":[[[136.931941,35.117944],[136.932006,35.11736],[136.932019,35.117363],[136.932054,35.117045],[136.932057,35.117015],[136.931029,35.11693],[136.930624,35.116899],[136.930104,35.116954],[136.93011,35.11686],[136.929902,35.116842],[136.929847,35.116907],[136.929606,35.116885],[136.929613,35.116818],[136.929405,35.1168],[136.928714,35.116743],[136.928619,35.116853],[136.928523,35.116964],[136.928394,35.117099],[136.92791,35.117649],[136.92806,35.117599],[136.928557,35.117595],[136.928783,35.117557],[136.928994,35.117477],[136.92917,35.117415],[136.929285,35.117423],[136.9296,35.117517],[136.929676,35.117524],[136.930098,35.11754],[136.930078,35.117707],[136.930051,35.117807],[136.93094,35.117868],[136.931418,35.117906],[136.931941,35.117944]]]}},{"type":"Feature","id":"23108099004","properties":{"KEY_CODE":"23108099004","PREF":"23","CITY":"108","S_AREA":"099004","PREF_NAME":"愛知県","CITY_NAME":"名古屋市瑞穂区","S_NAME":"妙音通四丁目","HCODE":8101,"AREA":40208.165,"KIGO_E":"","JINKO":636,"SETAI":398,"X_CODE":136.934061,"Y_CODE":35.117645},"geometry":{"type":"Polygon","coordinates":[[[136.936003,35.118283],[136.936053,35.11782],[136.936118,35.117826],[136.936149,35.117828],[136.936167,35.117701],[136.936223,35.117307],[136.936194,35.117305],[136.935935,35.117292],[136.935226,35.11726],[136.935091,35.117249],[136.935033,35.117244],[136.934746,35.11722],[136.9347,35.117216],[136.933821,35.117143],[136.933584,35.117123],[136.933576,35.117123],[136.932943,35.11708],[136.932271,35.117033],[136.932264,35.117053],[136.932054,35.117045],[136.932019,35.117363],[136.932006,35.11736],[136.931941,35.117944],[136.931964,35.117973],[136.933485,35.118086],[136.934766,35.118186],[136.93478,35.118187],[136.935084,35.118207],[136.935794,35.118265],[136.936003,35.118283]]]}},{"type":"Feature","id":"23108100001","properties":{"KEY_CODE":"23108100001","PREF":"23","CITY":"108","S_AREA":"100001","PREF_NAME":"愛知県","CITY_NAME":"名古屋市瑞穂区","S_NAME":"村上町一丁目","HCODE":8101,"AREA":11948.018,"KIGO_E":"","JINKO":75,"SETAI":30,"X_CODE":136.940734,"Y_CODE":35.132198},"geometry":{"type":"Polygon","coordinates":[[[136.941777,35.132571],[136.941782,35.132442],[136.942094,35.132476],[136.942125,35.132373],[136.942165,35.132377],[136.942206,35.132266],[136.941913,35.132178],[136.941937,35.132142],[136.941623,35.132102],[136.941457,35.13207],[136.941437,35.132134],[136.941299,35.132114],[136.941194,35.132035],[136.940678,35.131973],[136.940703,35.131926],[136.940681,35.131922],[136.940694,35.131896],[136.940496,35.131848],[136.940466,35.131919],[136.939683,35.131779],[136.939558,35.132],[136.939553,35.132008],[136.939403,35.132273],[136.940425,35.132399],[136.941777,35.132571]]]}},{"type":"Feature","id":"23108100002","properties":{"KEY_CODE":"23108100002","PREF":"23","CITY":"108","S_AREA":"100002","PREF_NAME":"愛知県","CITY_NAME":"名古屋市瑞穂区","S_NAME":"村上町二丁目","HCODE":8101,"AREA":16585.023,"KIGO_E":"","JINKO":129,"SETAI":54,"X_CODE":136.941223,"Y_CODE":35.13178},"geometry":{"type":"Polygon","coordinates":[[[136.942611,35.13217],[136.942636,35.132069],[136.942665,35.131953],[136.942698,35.131818],[136.94268,35.131814],[136.94268,35.131815],[136.94224,35.131737],[136.942268,35.131702],[136.940922,35.13143],[136.940937,35.131399],[136.940498,35.131299],[136.940015,35.131204],[136.939831,35.131518],[136.939683,35.131779],[136.940466,35.131919],[136.940496,35.131848],[136.940694,35.131896],[136.940681,35.131922],[136.940703,35.131926],[136.940678,35.131973],[136.941194,35.132035],[136.941299,35.132114],[136.941437,35.132134],[136.941457,35.13207],[136.941623,35.132102],[136.941937,35.132142],[136.941913,35.132178],[136.942206,35.132266],[136.942165,35.132377],[136.942532,35.132414],[136.942532,35.132414],[136.94255,35.132416],[136.942611,35.13217]]]}},{"type":"Feature","id":"23108100003","properties":{"KEY_CODE":"23108100003","PREF":"23","CITY":"108","S_AREA":"100003","PREF_NAME":"愛知県","CITY_NAME":"名古屋市瑞穂区","S_NAME":"村上町三丁目","HCODE":8101,"AREA":16524.817,"KIGO_E":"","JINKO":195,"SETAI":98,"X_CODE":136.941491,"Y_CODE":35.131219},"geometry":{"type":"Polygon","coordinates":[[[136.942698,35.131818],[136.942792,35.131441],[136.942807,35.131365],[136.942836,35.131253],[136.942556,35.131204],[136.942558,35.131199],[136.942219,35.131135],[136.942288,35.130954],[136.942321,35.130815],[136.942095,35.13077],[136.941937,35.130846],[136.941913,35.131078],[136.941894,35.131075],[136.941163,35.130928],[136.941192,35.130869],[136.940362,35.130621],[136.940146,35.130979],[136.940015,35.131204],[136.940498,35.131299],[136.940937,35.131399],[136.940922,35.13143],[136.942268,35.131702],[136.94224,35.131737],[136.94268,35.131815],[136.94268,35.131814],[136.942698,35.131818]]]}},{"type":"Feature","id":"23108100004","properties":{"KEY_CODE":"23108100004","PREF":"23","CITY":"108","S_AREA":"100004","PREF_NAME":"愛知県","CITY_NAME":"名古屋市瑞穂区","S_NAME":"村上町四丁目","HCODE":8101,"AREA":5736.1,"KIGO_E":"","JINKO":27,"SETAI":13,"X_CODE":136.941514,"Y_CODE":35.130797},"geometry":{"type":"Polygon","coordinates":[[[136.942631,35.13089],[136.942506,35.130762],[136.942333,35.130709],[136.942139,35.130714],[136.942045,35.130758],[136.94187,35.130841],[136.941708,35.130816],[136.941296,35.130656],[136.940523,35.130354],[136.940399,35.130601],[136.940375,35.130599],[136.940362,35.130621],[136.941192,35.130869],[136.941163,35.130928],[136.941894,35.131075],[136.941913,35.131078],[136.941937,35.130846],[136.942095,35.13077],[136.942321,35.130815],[136.942288,35.130954],[136.942219,35.131135],[136.942558,35.131199],[136.94261,35.131128],[136.942645,35.131038],[136.942631,35.13089]]]}},{"type":"Feature","id":"231081010","properties":{"KEY_CODE":"231081010","PREF":"23","CITY":"108","S_AREA":"101090","PREF_NAME":"愛知県","CITY_NAME":"名古屋市瑞穂区","S_NAME":"明前町","HCODE":8101,"AREA":122105.367,"KIGO_E":"","JINKO":1098,"SETAI":483,"X_CODE":136.921059,"Y_CODE":35.112858},"geometry":{"type":"Polygon","coordinates":[[[136.922344,35.111506],[136.92248,35.110618],[136.922634,35.109715],[136.922635,35.109709],[136.922636,35.109698],[136.922758,35.109026],[136.922717,35.108982],[136.922458,35.108505],[136.922373,35.108523],[136.922235,35.108552],[136.922299,35.108646],[136.922298,35.108723],[136.922309,35.109152],[136.922312,35.109258],[136.922314,35.109339],[136.922327,35.109355],[136.922517,35.109677],[136.922393,35.109711],[136.922323,35.109711],[136.922131,35.10971],[136.922046,35.109711],[136.921854,35.10977],[136.921656,35.109773],[136.921655,35.109773],[136.921619,35.109773],[136.921533,35.109784],[136.921541,35.110115],[136.921541,35.11013],[136.921546,35.110318],[136.921303,35.110321],[136.921302,35.110449],[136.921302,35.110467],[136.921302,35.11047],[136.921304,35.110614],[136.921338,35.110614],[136.921341,35.110792],[136.921284,35.110793],[136.921281,35.110791],[136.921281,35.110805],[136.921281,35.110816],[136.921285,35.111001],[136.92128,35.111033],[136.920987,35.111039],[136.920976,35.111039],[136.920975,35.111185],[136.920676,35.111198],[136.920673,35.11134],[136.919889,35.111378],[136.919889,35.111545],[136.91989,35.11181],[136.919879,35.112007],[136.919854,35.112256],[136.919819,35.11262],[136.919782,35.113006],[136.919738,35.113409],[136.919707,35.11373],[136.919672,35.1141],[136.919633,35.114509],[136.919585,35.11502],[136.919542,35.115471],[136.91954,35.115491],[136.919501,35.115861],[136.919557,35.115955],[136.919605,35.116034],[136.91996,35.115893],[136.920351,35.115738],[136.920516,35.115674],[136.921131,35.115438],[136.92123,35.1154],[136.921325,35.115364],[136.921754,35.115192],[136.921762,35.115116],[136.921766,35.115075],[136.921769,35.115022],[136.921767,35.114935],[136.921767,35.114893],[136.92185,35.114377],[136.921872,35.114244],[136.922017,35.113393],[136.922079,35.113034],[136.922187,35.112416],[136.92226,35.111994],[136.922338,35.111539],[136.922344,35.111506]]]}},{"type":"Feature","id":"231081020","properties":{"KEY_CODE":"231081020","PREF":"23","CITY":"108","S_AREA":"102090","PREF_NAME":"愛知県","CITY_NAME":"名古屋市瑞穂区","S_NAME":"桃園町","HCODE":8101,"AREA":169757.372,"KIGO_E":"","JINKO":1985,"SETAI":1205,"X_CODE":136.916991,"Y_CODE":35.118698},"geometry":{"type":"Polygon","coordinates":[[[136.9192,35.118373],[136.919302,35.117448],[136.919386,35.116672],[136.919425,35.116424],[136.919428,35.116424],[136.919434,35.11638],[136.918857,35.11633],[136.918742,35.116376],[136.918707,35.116389],[136.91851,35.11646],[136.91811,35.11661],[136.918032,35.11664],[136.917399,35.11684],[136.917394,35.116841],[136.917101,35.116935],[136.916811,35.117027],[136.916447,35.117155],[136.916443,35.117156],[136.915502,35.117433],[136.91543,35.117455],[136.915398,35.117464],[136.9153,35.117493],[136.91488,35.117624],[136.914651,35.117711],[136.914221,35.117909],[136.914129,35.117949],[136.914076,35.11786],[136.914035,35.117883],[136.913981,35.117913],[136.913999,35.117929],[136.914074,35.118052],[136.914134,35.118207],[136.914137,35.118353],[136.914099,35.118839],[136.914076,35.119042],[136.914163,35.119254],[136.914264,35.119353],[136.91456,35.119465],[136.91463,35.119491],[136.914758,35.119521],[136.914778,35.119529],[136.914948,35.119598],[136.91523,35.119783],[136.915404,35.11999],[136.915462,35.12015],[136.915691,35.120866],[136.91576,35.121068],[136.915835,35.121041],[136.915864,35.121031],[136.917038,35.120768],[136.917897,35.120581],[136.918334,35.120482],[136.918369,35.120442],[136.9186,35.120377],[136.918613,35.120358],[136.918955,35.120276],[136.918986,35.120268],[136.918997,35.120194],[136.918999,35.120183],[136.919001,35.120167],[136.919034,35.119839],[136.9191,35.119302],[136.919146,35.118842],[136.9192,35.118373]]]}},{"type":"Feature","id":"231081030","properties":{"KEY_CODE":"231081030","PREF":"23","CITY":"108","S_AREA":"103000","PREF_NAME":"愛知県","CITY_NAME":"名古屋市瑞穂区","S_NAME":"師長町","HCODE":8101,"AREA":67058.591,"KIGO_E":"","JINKO":306,"SETAI":129,"X_CODE":136.945701,"Y_CODE":35.123432},"geometry":{"type":"Polygon","coordinates":[[[136.944609,35.125524],[136.944841,35.125486],[136.945181,35.125501],[136.945468,35.125514],[136.945702,35.124861],[136.945709,35.124817],[136.94573,35.124798],[136.945738,35.124778],[136.946082,35.124827],[136.94632,35.124177],[136.946325,35.124151],[136.946597,35.123426],[136.946747,35.12345],[136.946806,35.123252],[136.946697,35.123231],[136.946731,35.123101],[136.946842,35.123116],[136.946856,35.123108],[136.946863,35.123093],[136.946856,35.123068],[136.946819,35.122906],[136.946904,35.122686],[136.947037,35.122343],[136.947172,35.122375],[136.947416,35.121695],[136.947335,35.121638],[136.947038,35.121475],[136.946934,35.121505],[136.945955,35.121843],[136.945935,35.121837],[136.945698,35.121773],[136.94493,35.121652],[136.945206,35.122004],[136.945246,35.122129],[136.94526,35.122253],[136.945259,35.122308],[136.945249,35.122571],[136.94518,35.123126],[136.945133,35.123296],[136.945122,35.12334],[136.944819,35.12384],[136.944785,35.123856],[136.944772,35.12386],[136.944064,35.123814],[136.943971,35.123908],[136.943902,35.123978],[136.943747,35.124134],[136.943877,35.124214],[136.944074,35.124337],[136.94435,35.124541],[136.944448,35.124628],[136.944522,35.124693],[136.944583,35.124751],[136.944599,35.124821],[136.944599,35.124866],[136.944606,35.125112],[136.944609,35.125524]]]}},{"type":"Feature","id":"23108104001","properties":{"KEY_CODE":"23108104001","PREF":"23","CITY":"108","S_AREA":"104001","PREF_NAME":"愛知県","CITY_NAME":"名古屋市瑞穂区","S_NAME":"彌富町字茨山","HCODE":8101,"AREA":11926.518,"KIGO_E":"","JINKO":40,"SETAI":17,"X_CODE":136.960602,"Y_CODE":35.125452},"geometry":{"type":"Polygon","coordinates":[[[136.96063,35.125096],[136.960772,35.124803],[136.961042,35.124894],[136.961093,35.124911],[136.961098,35.124891],[136.961131,35.124734],[136.96111,35.124728],[136.961108,35.124728],[136.961112,35.124718],[136.96112,35.124699],[136.961132,35.124667],[136.961123,35.124663],[136.961165,35.124489],[136.961216,35.124294],[136.961275,35.124297],[136.961334,35.124119],[136.961342,35.12411],[136.961345,35.124108],[136.961505,35.124014],[136.961537,35.123867],[136.961401,35.123848],[136.961205,35.123829],[136.961182,35.123826],[136.961171,35.123905],[136.961028,35.124056],[136.960964,35.124237],[136.960777,35.124612],[136.960523,35.125102],[136.960121,35.125931],[136.95983,35.126532],[136.959897,35.126534],[136.959871,35.126596],[136.959831,35.126691],[136.959813,35.126735],[136.959809,35.126745],[136.959831,35.126751],[136.959889,35.126766],[136.959981,35.126664],[136.960283,35.126557],[136.96053,35.126479],[136.960583,35.126443],[136.960684,35.126214],[136.960696,35.126118],[136.960691,35.125651],[136.960815,35.125197],[136.960824,35.125165],[136.96063,35.125096]]]}},{"type":"Feature","id":"23108104002","properties":{"KEY_CODE":"23108104002","PREF":"23","CITY":"108","S_AREA":"104002","PREF_NAME":"愛知県","CITY_NAME":"名古屋市瑞穂区","S_NAME":"彌富町字上山","HCODE":8101,"AREA":42896.306,"KIGO_E":"","JINKO":388,"SETAI":163,"X_CODE":136.953231,"Y_CODE":35.131219},"geometry":{"type":"Polygon","coordinates":[[[136.951976,35.132307],[136.952182,35.132177],[136.952153,35.132186],[136.952412,35.13205],[136.952734,35.131923],[136.952922,35.13186],[136.953247,35.131797],[136.953573,35.131744],[136.953608,35.131739],[136.95397,35.131693],[136.954331,35.131638],[136.954346,35.131635],[136.95474,35.131543],[136.955045,35.131461],[136.955127,35.131454],[136.954685,35.130834],[136.95405,35.129943],[136.952982,35.130144],[136.952544,35.130227],[136.952975,35.130865],[136.953073,35.131011],[136.95247,35.131534],[136.95245,35.131542],[136.952396,35.13152],[136.952068,35.131089],[136.951782,35.131718],[136.951804,35.131744],[136.950711,35.132449],[136.950752,35.132459],[136.951635,35.132538],[136.951645,35.132539],[136.951976,35.132307]]]}},{"type":"Feature","id":"23108104003","properties":{"KEY_CODE":"23108104003","PREF":"23","CITY":"108","S_AREA":"104003","PREF_NAME":"愛知県","CITY_NAME":"名古屋市瑞穂区","S_NAME":"彌富町字紅葉園","HCODE":8101,"AREA":56413.939,"KIGO_E":"","JINKO":540,"SETAI":235,"X_CODE":136.957699,"Y_CODE":35.133746},"geometry":{"type":"Polygon","coordinates":[[[136.958211,35.132035],[136.957883,35.13195],[136.956688,35.132408],[136.955987,35.132643],[136.956197,35.132938],[136.956247,35.133009],[136.956957,35.134006],[136.957571,35.13487],[136.957911,35.135347],[136.958272,35.135854],[136.958388,35.135848],[136.958887,35.135823],[136.95881,35.135138],[136.958792,35.13445],[136.958349,35.133155],[136.958074,35.132805],[136.958027,35.13276],[136.958032,35.132735],[136.958241,35.132038],[136.958211,35.132035]]]}},{"type":"Feature","id":"23108104004","properties":{"KEY_CODE":"23108104004","PREF":"23","CITY":"108","S_AREA":"104004","PREF_NAME":"愛知県","CITY_NAME":"名古屋市瑞穂区","S_NAME":"彌富町字桜ケ岡","HCODE":8101,"AREA":50424.747,"KIGO_E":"","JINKO":457,"SETAI":184,"X_CODE":136.957032,"Y_CODE":35.131403},"geometry":{"type":"Polygon","coordinates":[[[136.956688,35.132408],[136.957883,35.13195],[136.958211,35.132035],[136.958241,35.132038],[136.958318,35.131824],[136.958395,35.131609],[136.958599,35.131037],[136.958688,35.130777],[136.958631,35.13069],[136.958592,35.130649],[136.958466,35.130474],[136.958318,35.130351],[136.958134,35.130251],[136.958037,35.130229],[136.957814,35.130241],[136.957647,35.130287],[136.957132,35.130474],[136.957126,35.130476],[136.957024,35.13051],[136.955787,35.131131],[136.955766,35.131124],[136.955589,35.131215],[136.955361,35.131333],[136.955127,35.131454],[136.955141,35.131455],[136.955449,35.131887],[136.955599,35.132098],[136.955987,35.132643],[136.956688,35.132408]]]}},{"type":"Feature","id":"23108104005","properties":{"KEY_CODE":"23108104005","PREF":"23","CITY":"108","S_AREA":"104005","PREF_NAME":"愛知県","CITY_NAME":"名古屋市瑞穂区","S_NAME":"彌富町字清水ケ岡","HCODE":8101,"AREA":93416.688,"KIGO_E":"","JINKO":986,"SETAI":413,"X_CODE":136.954301,"Y_CODE":35.132929},"geometry":{"type":"Polygon","coordinates":[[[136.956957,35.134006],[136.956247,35.133009],[136.956197,35.132938],[136.955987,35.132643],[136.955599,35.132098],[136.955449,35.131887],[136.955141,35.131455],[136.955127,35.131454],[136.955045,35.131461],[136.95474,35.131543],[136.954346,35.131635],[136.954331,35.131638],[136.95397,35.131693],[136.953608,35.131739],[136.953573,35.131744],[136.953247,35.131797],[136.952922,35.13186],[136.952734,35.131923],[136.952412,35.13205],[136.952153,35.132186],[136.952182,35.132177],[136.951976,35.132307],[136.951645,35.132539],[136.951635,35.132538],[136.950752,35.132459],[136.951369,35.132772],[136.951401,35.132769],[136.952239,35.13314],[136.95258,35.133311],[136.952681,35.133376],[136.953655,35.133989],[136.954168,35.133967],[136.954184,35.133894],[136.954426,35.134036],[136.954672,35.134155],[136.955004,35.134231],[136.955056,35.134236],[136.955253,35.134256],[136.955577,35.134276],[136.955763,35.134272],[136.956113,35.134231],[136.956515,35.134151],[136.956659,35.134112],[136.956768,35.134082],[136.956957,35.134006]]]}},{"type":"Feature","id":"23108104006","properties":{"KEY_CODE":"23108104006","PREF":"23","CITY":"108","S_AREA":"104006","PREF_NAME":"愛知県","CITY_NAME":"名古屋市瑞穂区","S_NAME":"彌富町字月見ケ岡","HCODE":8101,"AREA":84901.9,"KIGO_E":"","JINKO":714,"SETAI":305,"X_CODE":136.956605,"Y_CODE":35.129809},"geometry":{"type":"Polygon","coordinates":[[[136.955589,35.131215],[136.955766,35.131124],[136.955787,35.131131],[136.957024,35.13051],[136.957126,35.130476],[136.957132,35.130474],[136.957647,35.130287],[136.957814,35.130241],[136.958037,35.130229],[136.958134,35.130251],[136.958318,35.130351],[136.958466,35.130474],[136.958592,35.130649],[136.958631,35.13069],[136.958688,35.130777],[136.958806,35.130015],[136.958827,35.12988],[136.958895,35.129438],[136.958912,35.129374],[136.958993,35.129192],[136.95903,35.12911],[136.959126,35.128896],[136.959127,35.128893],[136.959052,35.128882],[136.958682,35.128783],[136.958085,35.128621],[136.957767,35.128537],[136.957526,35.128516],[136.957164,35.128536],[136.957019,35.128567],[136.956874,35.128613],[136.956856,35.128619],[136.956836,35.128625],[136.956519,35.128851],[136.956498,35.128868],[136.956334,35.128999],[136.955986,35.128732],[136.955271,35.129253],[136.955292,35.129371],[136.954958,35.129551],[136.954903,35.12947],[136.954312,35.129678],[136.954003,35.129787],[136.95405,35.129943],[136.954685,35.130834],[136.955127,35.131454],[136.955361,35.131333],[136.955589,35.131215]]]}},{"type":"Feature","id":"23108104007","properties":{"KEY_CODE":"23108104007","PREF":"23","CITY":"108","S_AREA":"104007","PREF_NAME":"愛知県","CITY_NAME":"名古屋市瑞穂区","S_NAME":"彌富町字円山","HCODE":8101,"AREA":78994.207,"KIGO_E":"","JINKO":469,"SETAI":203,"X_CODE":136.959413,"Y_CODE":35.133734},"geometry":{"type":"Polygon","coordinates":[[[136.961067,35.135819],[136.960982,35.135609],[136.960777,35.135166],[136.960775,35.13516],[136.960553,35.134594],[136.960533,35.134535],[136.960366,35.134045],[136.960326,35.133935],[136.960268,35.133773],[136.960157,35.133131],[136.960131,35.132987],[136.960102,35.132869],[136.960036,35.132659],[136.95998,35.132574],[136.959976,35.132568],[136.959964,35.132549],[136.959713,35.13219],[136.959468,35.131846],[136.9594,35.13175],[136.959273,35.131579],[136.959247,35.131544],[136.958987,35.131192],[136.958871,35.131031],[136.958688,35.130777],[136.958599,35.131037],[136.958395,35.131609],[136.958318,35.131824],[136.958241,35.132038],[136.958032,35.132735],[136.958027,35.13276],[136.958074,35.132805],[136.958349,35.133155],[136.958792,35.13445],[136.95881,35.135138],[136.958887,35.135823],[136.959693,35.135781],[136.959821,35.135769],[136.960108,35.13576],[136.960213,35.135774],[136.960333,35.135791],[136.960489,35.135832],[136.960806,35.135977],[136.960875,35.136021],[136.961052,35.13602],[136.96109,35.136019],[136.961067,35.135819]]]}},{"type":"Feature","id":"23108104008","properties":{"KEY_CODE":"23108104008","PREF":"23","CITY":"108","S_AREA":"104008","PREF_NAME":"愛知県","CITY_NAME":"名古屋市瑞穂区","S_NAME":"彌富町字密柑山","HCODE":8101,"AREA":26933.113,"KIGO_E":"","JINKO":88,"SETAI":3,"X_CODE":136.952782,"Y_CODE":35.128804},"geometry":{"type":"Polygon","coordinates":[[[136.953241,35.128545],[136.953152,35.128458],[136.952588,35.127906],[136.95197,35.127313],[136.951962,35.127305],[136.951811,35.127503],[136.951736,35.127602],[136.951701,35.127648],[136.951386,35.128489],[136.951437,35.128512],[136.951847,35.128501],[136.952293,35.128489],[136.952604,35.128475],[136.95262,35.128611],[136.952678,35.129109],[136.952828,35.129658],[136.952982,35.130144],[136.95405,35.129943],[136.954003,35.129787],[136.953969,35.129676],[136.953919,35.12954],[136.953895,35.129487],[136.95367,35.129089],[136.953465,35.128797],[136.953305,35.128613],[136.953241,35.128545]]]}},{"type":"Feature","id":"23108104009","properties":{"KEY_CODE":"23108104009","PREF":"23","CITY":"108","S_AREA":"104009","PREF_NAME":"愛知県","CITY_NAME":"名古屋市瑞穂区","S_NAME":"彌富町字緑ケ岡","HCODE":8101,"AREA":61496.793,"KIGO_E":"","JINKO":855,"SETAI":328,"X_CODE":136.956084,"Y_CODE":35.135289},"geometry":{"type":"Polygon","coordinates":[[[136.957571,35.13487],[136.956957,35.134006],[136.956768,35.134082],[136.956659,35.134112],[136.956515,35.134151],[136.956113,35.134231],[136.955763,35.134272],[136.955577,35.134276],[136.955253,35.134256],[136.955056,35.134236],[136.955004,35.134231],[136.954672,35.134155],[136.95472,35.134894],[136.954732,35.135083],[136.954654,35.135887],[136.954637,35.136152],[136.954938,35.136879],[136.954939,35.136934],[136.954977,35.136909],[136.955583,35.136498],[136.955803,35.136349],[136.955824,35.136336],[136.955875,35.136301],[136.956187,35.136093],[136.956264,35.136042],[136.956267,35.136041],[136.956525,35.13594],[136.956526,35.135939],[136.956563,35.135932],[136.957605,35.135886],[136.958272,35.135854],[136.957911,35.135347],[136.957571,35.13487]]]}},{"type":"Feature","id":"23108105001","properties":{"KEY_CODE":"23108105001","PREF":"23","CITY":"108","S_AREA":"105001","PREF_NAME":"愛知県","CITY_NAME":"名古屋市瑞穂区","S_NAME":"彌富通一丁目","HCODE":8101,"AREA":24638.234,"KIGO_E":"","JINKO":429,"SETAI":280,"X_CODE":136.94138,"Y_CODE":35.117748},"geometry":{"type":"Polygon","coordinates":[[[136.942454,35.118098],[136.942493,35.118007],[136.942746,35.118095],[136.943101,35.118092],[136.943139,35.117737],[136.94322,35.117391],[136.942697,35.117386],[136.942157,35.117399],[136.941345,35.11741],[136.940729,35.117419],[136.94021,35.117533],[136.940221,35.117447],[136.940235,35.117338],[136.939448,35.117547],[136.939287,35.117539],[136.939409,35.117662],[136.939486,35.117741],[136.939822,35.118086],[136.939835,35.118098],[136.940529,35.1181],[136.940633,35.1181],[136.941031,35.118101],[136.941905,35.118103],[136.942454,35.118098]]]}},{"type":"Feature","id":"23108105002","properties":{"KEY_CODE":"23108105002","PREF":"23","CITY":"108","S_AREA":"105002","PREF_NAME":"愛知県","CITY_NAME":"名古屋市瑞穂区","S_NAME":"彌富通二丁目","HCODE":8101,"AREA":29536.595,"KIGO_E":"","JINKO":471,"SETAI":323,"X_CODE":136.945253,"Y_CODE":35.117751},"geometry":{"type":"Polygon","coordinates":[[[136.946717,35.11818],[136.946788,35.118029],[136.947125,35.118032],[136.947104,35.118122],[136.947397,35.118165],[136.947477,35.117751],[136.947481,35.11774],[136.94725,35.11774],[136.94724,35.117439],[136.947239,35.117396],[136.946095,35.117394],[136.945857,35.117394],[136.945858,35.117406],[136.944499,35.117397],[136.944485,35.117398],[136.943569,35.117393],[136.943299,35.117391],[136.94322,35.117391],[136.943139,35.117737],[136.943101,35.118092],[136.944457,35.11809],[136.94587,35.118095],[136.945871,35.118068],[136.946289,35.118074],[136.946294,35.118119],[136.946531,35.11812],[136.946717,35.11818]]]}},{"type":"Feature","id":"23108105003","properties":{"KEY_CODE":"23108105003","PREF":"23","CITY":"108","S_AREA":"105003","PREF_NAME":"愛知県","CITY_NAME":"名古屋市瑞穂区","S_NAME":"彌富通三丁目","HCODE":8101,"AREA":32571.327,"KIGO_E":"","JINKO":764,"SETAI":303,"X_CODE":136.949441,"Y_CODE":35.118132},"geometry":{"type":"Polygon","coordinates":[[[136.95145,35.118837],[136.951617,35.118575],[136.951685,35.11859],[136.951824,35.118243],[136.950829,35.118038],[136.949842,35.117831],[136.949755,35.117813],[136.94848,35.117549],[136.947813,35.117456],[136.94724,35.117439],[136.94725,35.11774],[136.947481,35.11774],[136.947477,35.117751],[136.947397,35.118165],[136.947798,35.118277],[136.948194,35.118389],[136.948254,35.118235],[136.948896,35.118389],[136.948908,35.118369],[136.949205,35.118431],[136.949168,35.118545],[136.949285,35.11857],[136.949259,35.118646],[136.949512,35.118685],[136.949587,35.118511],[136.949624,35.118519],[136.949753,35.118543],[136.949818,35.118504],[136.949986,35.118549],[136.950022,35.118568],[136.950336,35.118793],[136.950345,35.1188],[136.950499,35.11863],[136.950509,35.118633],[136.950642,35.11867],[136.95145,35.118837]]]}},{"type":"Feature","id":"23108105004","properties":{"KEY_CODE":"23108105004","PREF":"23","CITY":"108","S_AREA":"105004","PREF_NAME":"愛知県","CITY_NAME":"名古屋市瑞穂区","S_NAME":"彌富通四丁目","HCODE":8101,"AREA":37959.651,"KIGO_E":"","JINKO":527,"SETAI":279,"X_CODE":136.953956,"Y_CODE":35.119095},"geometry":{"type":"Polygon","coordinates":[[[136.95586,35.119005],[136.955903,35.118876],[136.955745,35.118839],[136.955694,35.119005],[136.955319,35.11892],[136.955199,35.118942],[136.955196,35.118948],[136.955185,35.118978],[136.955019,35.118945],[136.955029,35.118913],[136.955095,35.11871],[136.954771,35.118649],[136.954719,35.118815],[136.954667,35.118806],[136.954657,35.118837],[136.954158,35.118734],[136.953881,35.118677],[136.953157,35.118527],[136.952415,35.118374],[136.951828,35.118253],[136.951824,35.118243],[136.951685,35.11859],[136.951617,35.118575],[136.95145,35.118837],[136.951674,35.118858],[136.952808,35.119255],[136.953536,35.119486],[136.95357,35.119499],[136.954003,35.119665],[136.954392,35.119707],[136.955875,35.119907],[136.955882,35.119879],[136.955978,35.11949],[136.955962,35.119487],[136.955991,35.11947],[136.956097,35.119133],[136.95612,35.119059],[136.95586,35.119005]]]}},{"type":"Feature","id":"23108105005","properties":{"KEY_CODE":"23108105005","PREF":"23","CITY":"108","S_AREA":"105005","PREF_NAME":"愛知県","CITY_NAME":"名古屋市瑞穂区","S_NAME":"彌富通五丁目","HCODE":8101,"AREA":48549.564,"KIGO_E":"","JINKO":556,"SETAI":259,"X_CODE":136.958939,"Y_CODE":35.120146},"geometry":{"type":"Polygon","coordinates":[[[136.961607,35.120705],[136.961612,35.120665],[136.961637,35.12067],[136.961652,35.12055],[136.961683,35.120318],[136.961686,35.120293],[136.9598,35.119889],[136.958932,35.119704],[136.957494,35.11942],[136.956097,35.119133],[136.955991,35.11947],[136.955962,35.119487],[136.955978,35.11949],[136.955882,35.119879],[136.957292,35.120117],[136.958859,35.120541],[136.958862,35.120606],[136.960115,35.120861],[136.960108,35.120894],[136.961537,35.121216],[136.961607,35.120705]]]}},{"type":"Feature","id":"23108106001","properties":{"KEY_CODE":"23108106001","PREF":"23","CITY":"108","S_AREA":"106001","PREF_NAME":"愛知県","CITY_NAME":"名古屋市瑞穂区","S_NAME":"彌富ケ丘町一丁目","HCODE":8101,"AREA":51908.079,"KIGO_E":"","JINKO":482,"SETAI":191,"X_CODE":136.95238,"Y_CODE":35.125311},"geometry":{"type":"Polygon","coordinates":[[[136.952717,35.12394],[136.952456,35.12367],[136.952323,35.123747],[136.952252,35.123804],[136.952165,35.123927],[136.952131,35.123979],[136.951847,35.124371],[136.951549,35.124682],[136.951521,35.1247],[136.951165,35.124935],[136.950814,35.125168],[136.951406,35.125965],[136.951448,35.126011],[136.95229,35.126953],[136.952318,35.126956],[136.952336,35.126973],[136.952344,35.126965],[136.952607,35.126722],[136.952631,35.126699],[136.952685,35.126649],[136.952785,35.126558],[136.952886,35.126467],[136.952964,35.126387],[136.953121,35.126226],[136.953274,35.126019],[136.953298,35.125967],[136.95331,35.125941],[136.953502,35.125526],[136.95355,35.125422],[136.953591,35.125334],[136.953789,35.124906],[136.953748,35.124871],[136.953732,35.124862],[136.953312,35.124511],[136.952768,35.123948],[136.952717,35.12394]]]}},{"type":"Feature","id":"23108106002","properties":{"KEY_CODE":"23108106002","PREF":"23","CITY":"108","S_AREA":"106002","PREF_NAME":"愛知県","CITY_NAME":"名古屋市瑞穂区","S_NAME":"彌富ケ丘町二丁目","HCODE":8101,"AREA":40222.435,"KIGO_E":"","JINKO":322,"SETAI":129,"X_CODE":136.951055,"Y_CODE":35.123792},"geometry":{"type":"Polygon","coordinates":[[[136.95197,35.123085],[136.951519,35.122544],[136.951116,35.122743],[136.950721,35.122938],[136.950335,35.123129],[136.949922,35.123333],[136.94974,35.123423],[136.949576,35.123504],[136.94974,35.123729],[136.950123,35.124258],[136.95046,35.124701],[136.950814,35.125168],[136.951165,35.124935],[136.951521,35.1247],[136.951549,35.124682],[136.951847,35.124371],[136.952131,35.123979],[136.952165,35.123927],[136.952252,35.123804],[136.952323,35.123747],[136.952456,35.12367],[136.952209,35.123373],[136.952041,35.123171],[136.95197,35.123085]]]}},{"type":"Feature","id":"23108106003","properties":{"KEY_CODE":"23108106003","PREF":"23","CITY":"108","S_AREA":"106003","PREF_NAME":"愛知県","CITY_NAME":"名古屋市瑞穂区","S_NAME":"彌富ケ丘町三丁目","HCODE":8101,"AREA":71632.86,"KIGO_E":"","JINKO":305,"SETAI":122,"X_CODE":136.953719,"Y_CODE":35.12287},"geometry":{"type":"Polygon","coordinates":[[[136.956008,35.122272],[136.955877,35.12208],[136.955672,35.12193],[136.955422,35.12176],[136.955297,35.121675],[136.955201,35.121591],[136.955177,35.121605],[136.955091,35.12153],[136.954576,35.12154],[136.953856,35.121627],[136.953518,35.121669],[136.953587,35.122081],[136.953533,35.122098],[136.953508,35.12213],[136.953446,35.122125],[136.953327,35.122112],[136.953061,35.122087],[136.952903,35.122084],[136.952708,35.122099],[136.952426,35.122149],[136.952375,35.122164],[136.952298,35.122186],[136.951891,35.122373],[136.951519,35.122544],[136.95197,35.123085],[136.952041,35.123171],[136.952209,35.123373],[136.952456,35.12367],[136.952717,35.12394],[136.952768,35.123948],[136.953312,35.124511],[136.953732,35.124862],[136.953748,35.124871],[136.953789,35.124906],[136.953945,35.124556],[136.954075,35.124262],[136.954096,35.124213],[136.954099,35.124208],[136.95427,35.123823],[136.954271,35.123821],[136.954423,35.123499],[136.954436,35.123471],[136.954479,35.12338],[136.954647,35.123172],[136.954664,35.12315],[136.954941,35.122906],[136.955182,35.122761],[136.955633,35.122494],[136.955982,35.122287],[136.956008,35.122272]]]}},{"type":"Feature","id":"23108107001","properties":{"KEY_CODE":"23108107001","PREF":"23","CITY":"108","S_AREA":"107001","PREF_NAME":"愛知県","CITY_NAME":"名古屋市瑞穂区","S_NAME":"柳ケ枝町一丁目","HCODE":8101,"AREA":24887.919,"KIGO_E":"","JINKO":253,"SETAI":136,"X_CODE":136.92271,"Y_CODE":35.12143},"geometry":{"type":"Polygon","coordinates":[[[136.923719,35.12207],[136.923739,35.121887],[136.923777,35.121473],[136.923825,35.121042],[136.923835,35.120939],[136.92384,35.120885],[136.923844,35.120849],[136.923675,35.120845],[136.923671,35.120883],[136.922903,35.12087],[136.921917,35.120838],[136.921894,35.120972],[136.921887,35.121013],[136.921612,35.120986],[136.921567,35.121293],[136.921564,35.121317],[136.921504,35.121309],[136.921459,35.1217],[136.921514,35.121699],[136.921502,35.121772],[136.92175,35.121792],[136.921727,35.121924],[136.922562,35.12198],[136.922562,35.121965],[136.922777,35.121982],[136.922775,35.122006],[136.923719,35.12207]]]}},{"type":"Feature","id":"23108107002","properties":{"KEY_CODE":"23108107002","PREF":"23","CITY":"108","S_AREA":"107002","PREF_NAME":"愛知県","CITY_NAME":"名古屋市瑞穂区","S_NAME":"柳ケ枝町二丁目","HCODE":8101,"AREA":32322.06,"KIGO_E":"","JINKO":386,"SETAI":165,"X_CODE":136.925177,"Y_CODE":35.121607},"geometry":{"type":"Polygon","coordinates":[[[136.926269,35.122282],[136.926287,35.122084],[136.926289,35.122072],[136.926311,35.121903],[136.926639,35.121926],[136.92664,35.12192],[136.926649,35.121847],[136.926669,35.121691],[136.926728,35.121695],[136.926758,35.12134],[136.926764,35.12128],[136.926031,35.121232],[136.926032,35.121219],[136.926058,35.120987],[136.925871,35.120967],[136.925813,35.120964],[136.925813,35.121026],[136.925662,35.121017],[136.92567,35.120941],[136.925666,35.12094],[136.925552,35.120929],[136.925546,35.121006],[136.924802,35.120947],[136.924779,35.121113],[136.924636,35.121096],[136.924118,35.12106],[136.924123,35.120964],[136.923835,35.120939],[136.923825,35.121042],[136.923777,35.121473],[136.923739,35.121887],[136.923719,35.12207],[136.924178,35.122101],[136.924168,35.122173],[136.924294,35.122185],[136.924299,35.122135],[136.924664,35.122163],[136.925917,35.12226],[136.926226,35.122279],[136.926269,35.122282]]]}},{"type":"Feature","id":"23108107003","properties":{"KEY_CODE":"23108107003","PREF":"23","CITY":"108","S_AREA":"107003","PREF_NAME":"愛知県","CITY_NAME":"名古屋市瑞穂区","S_NAME":"柳ケ枝町三丁目","HCODE":8101,"AREA":22988.082,"KIGO_E":"","JINKO":240,"SETAI":100,"X_CODE":136.928643,"Y_CODE":35.121762},"geometry":{"type":"Polygon","coordinates":[[[136.930499,35.121954],[136.93054,35.121559],[136.929069,35.121444],[136.928915,35.121437],[136.928906,35.12162],[136.928838,35.121617],[136.928842,35.121474],[136.928775,35.121471],[136.928768,35.121614],[136.928502,35.121603],[136.928251,35.121594],[136.928249,35.12141],[136.927396,35.121362],[136.927391,35.121384],[136.926758,35.12134],[136.926728,35.121695],[136.926669,35.121691],[136.926649,35.121847],[136.92664,35.12192],[136.926928,35.121941],[136.928206,35.122034],[136.92953,35.122125],[136.930475,35.122195],[136.930498,35.121971],[136.930499,35.121954]]]}},{"type":"Feature","id":"231081080","properties":{"KEY_CODE":"231081080","PREF":"23","CITY":"108","S_AREA":"108005","PREF_NAME":"愛知県","CITY_NAME":"名古屋市瑞穂区","S_NAME":"山下通","HCODE":8101,"AREA":133023.632,"KIGO_E":"","JINKO":417,"SETAI":217,"X_CODE":136.943707,"Y_CODE":35.121895},"geometry":{"type":"Polygon","coordinates":[[[136.943971,35.123908],[136.944064,35.123814],[136.944772,35.12386],[136.944785,35.123856],[136.944819,35.12384],[136.945122,35.12334],[136.945133,35.123296],[136.94518,35.123126],[136.945249,35.122571],[136.945259,35.122308],[136.94526,35.122253],[136.945246,35.122129],[136.945206,35.122004],[136.94493,35.121652],[136.945698,35.121773],[136.945935,35.121837],[136.945955,35.121843],[136.946934,35.121505],[136.947038,35.121475],[136.947335,35.121638],[136.947564,35.12131],[136.947201,35.121149],[136.947066,35.12108],[136.946938,35.121059],[136.946772,35.120995],[136.946641,35.120948],[136.946423,35.120909],[136.946018,35.120823],[136.945964,35.120832],[136.945946,35.120835],[136.945101,35.120817],[136.944954,35.120799],[136.944308,35.120785],[136.944122,35.120458],[136.942923,35.120368],[136.941583,35.120274],[136.941509,35.120276],[136.941487,35.120277],[136.941334,35.120282],[136.941181,35.120382],[136.94099,35.120507],[136.940993,35.120515],[136.94108,35.120718],[136.941089,35.12076],[136.941061,35.120811],[136.941735,35.122322],[136.941747,35.122363],[136.941767,35.122356],[136.941808,35.122442],[136.941815,35.122457],[136.941897,35.122574],[136.941982,35.122705],[136.94203,35.122783],[136.942097,35.122878],[136.942165,35.122977],[136.942191,35.123006],[136.942309,35.123133],[136.942362,35.123191],[136.942439,35.123259],[136.942506,35.123325],[136.942656,35.123439],[136.942692,35.123468],[136.942763,35.123524],[136.942854,35.123582],[136.942902,35.123616],[136.943598,35.124041],[136.943747,35.124134],[136.943902,35.123978],[136.943971,35.123908]]]}},{"type":"Feature","id":"23108109001","properties":{"KEY_CODE":"23108109001","PREF":"23","CITY":"108","S_AREA":"109001","PREF_NAME":"愛知県","CITY_NAME":"名古屋市瑞穂区","S_NAME":"陽明町一丁目","HCODE":8101,"AREA":45041.197,"KIGO_E":"","JINKO":374,"SETAI":143,"X_CODE":136.946346,"Y_CODE":35.136511},"geometry":{"type":"Polygon","coordinates":[[[136.945842,35.137861],[136.946748,35.137606],[136.947433,35.137522],[136.947285,35.136735],[136.947196,35.136268],[136.947123,35.136272],[136.947125,35.135689],[136.94704,35.135681],[136.946994,35.134959],[136.946973,35.134959],[136.94625,35.134946],[136.946279,35.135238],[136.945662,35.135233],[136.945592,35.135232],[136.945588,35.135331],[136.945584,35.135432],[136.945581,35.13549],[136.945594,35.135607],[136.945608,35.135732],[136.945608,35.135759],[136.945609,35.135804],[136.945618,35.136045],[136.945619,35.136078],[136.945654,35.136325],[136.945663,35.136384],[136.945574,35.136393],[136.945486,35.136403],[136.945595,35.136948],[136.945378,35.136981],[136.945455,35.137534],[136.945425,35.137539],[136.945106,35.137612],[136.945105,35.137645],[136.945163,35.137783],[136.945273,35.137753],[136.945362,35.137728],[136.945394,35.137813],[136.945456,35.137968],[136.945842,35.137861]]]}},{"type":"Feature","id":"23108109002","properties":{"KEY_CODE":"23108109002","PREF":"23","CITY":"108","S_AREA":"109002","PREF_NAME":"愛知県","CITY_NAME":"名古屋市瑞穂区","S_NAME":"陽明町二丁目","HCODE":8101,"AREA":45676.333,"KIGO_E":"","JINKO":310,"SETAI":111,"X_CODE":136.946377,"Y_CODE":35.133417},"geometry":{"type":"Polygon","coordinates":[[[136.946279,35.135238],[136.94625,35.134946],[136.946973,35.134959],[136.94696,35.134816],[136.946981,35.134306],[136.947111,35.134305],[136.947145,35.134304],[136.947067,35.133819],[136.947231,35.133814],[136.94716,35.13346],[136.94715,35.13326],[136.946962,35.133261],[136.946967,35.132978],[136.947008,35.132978],[136.947078,35.132975],[136.947072,35.132666],[136.946998,35.132676],[136.947034,35.132308],[136.94721,35.132329],[136.947223,35.131953],[136.94707,35.131947],[136.94706,35.131921],[136.94673,35.131825],[136.946551,35.131759],[136.946045,35.131545],[136.945823,35.131508],[136.945834,35.131823],[136.945798,35.132639],[136.945778,35.13307],[136.945751,35.133068],[136.945744,35.133273],[136.945696,35.133271],[136.945683,35.133768],[136.945683,35.133771],[136.945675,35.134308],[136.94567,35.134367],[136.945655,35.13455],[136.945655,35.134754],[136.945662,35.135233],[136.946279,35.135238]]]}},{"type":"Feature","id":"231081100","properties":{"KEY_CODE":"231081100","PREF":"23","CITY":"108","S_AREA":"110091","PREF_NAME":"愛知県","CITY_NAME":"名古屋市瑞穂区","S_NAME":"河岸","HCODE":8101,"AREA":125692.567,"KIGO_E":"","JINKO":428,"SETAI":223,"X_CODE":136.924401,"Y_CODE":35.115665},"geometry":{"type":"Polygon","coordinates":[[[136.92683,35.114281],[136.92684,35.114083],[136.926273,35.114159],[136.926096,35.114156],[136.925604,35.114136],[136.925574,35.114137],[136.925216,35.114124],[136.925016,35.114136],[136.924743,35.114218],[136.924647,35.114248],[136.924097,35.114424],[136.923212,35.114705],[136.92286,35.114815],[136.922149,35.115027],[136.92194,35.115117],[136.921939,35.115118],[136.921754,35.115192],[136.921325,35.115364],[136.921625,35.115551],[136.921455,35.116556],[136.921432,35.116696],[136.92169,35.116718],[136.922414,35.116779],[136.922517,35.116787],[136.923335,35.116851],[136.924295,35.116926],[136.925094,35.116989],[136.925245,35.117],[136.926524,35.1171],[136.926537,35.11698],[136.926538,35.116966],[136.926579,35.116597],[136.926602,35.116387],[136.926604,35.11637],[136.92661,35.116313],[136.926651,35.115986],[136.926653,35.115969],[136.926658,35.115934],[136.926703,35.115567],[136.926707,35.115536],[136.926708,35.115526],[136.92674,35.115262],[136.926758,35.115113],[136.92676,35.1151],[136.926764,35.115065],[136.926782,35.11487],[136.926786,35.114824],[136.926794,35.114742],[136.926797,35.114705],[136.926822,35.114442],[136.92683,35.114281]]]}}]}