{"type":"FeatureCollection","name":"23201_豊橋市","crs":{"type":"name","properties":{"name":"urn:ogc:def:crs:OGC:1.3:CRS84"}},"features":[{"type":"Feature","id":"232010010","properties":{"KEY_CODE":"232010010","PREF":"23","CITY":"201","S_AREA":"001000","PREF_NAME":"愛知県","CITY_NAME":"豊橋市","S_NAME":"青竹町","HCODE":8101,"AREA":716745.741,"KIGO_E":"","JINKO":213,"SETAI":46,"X_CODE":137.348932,"Y_CODE":34.760729},"geometry":{"type":"Polygon","coordinates":[[[137.349575,34.763141],[137.350519,34.762719],[137.351342,34.762303],[137.352494,34.761739],[137.353277,34.761483],[137.35402,34.761147],[137.355199,34.760538],[137.356034,34.760104],[137.356627,34.759796],[137.35627,34.759506],[137.354029,34.75777],[137.354033,34.757766],[137.350658,34.755168],[137.348532,34.757023],[137.348545,34.757035],[137.346729,34.75864],[137.345135,34.760065],[137.343937,34.761121],[137.343681,34.76134],[137.341903,34.762934],[137.341762,34.762915],[137.342349,34.763341],[137.343955,34.764778],[137.34571,34.766379],[137.34679,34.765758],[137.347054,34.765555],[137.347609,34.765096],[137.347999,34.764665],[137.348365,34.764136],[137.348688,34.763642],[137.348798,34.763462],[137.349575,34.763141]]]}},{"type":"Feature","id":"232010020","properties":{"KEY_CODE":"232010020","PREF":"23","CITY":"201","S_AREA":"002000","PREF_NAME":"愛知県","CITY_NAME":"豊橋市","S_NAME":"飽海町","HCODE":8101,"AREA":48695.234,"KIGO_E":"","JINKO":367,"SETAI":145,"X_CODE":137.401806,"Y_CODE":34.771167},"geometry":{"type":"Polygon","coordinates":[[[137.402389,34.769966],[137.402276,34.769628],[137.402186,34.769648],[137.401435,34.7699],[137.400739,34.770141],[137.400768,34.770444],[137.400773,34.770511],[137.40079,34.770748],[137.400796,34.770811],[137.400813,34.770949],[137.400853,34.771328],[137.400863,34.771411],[137.400902,34.77175],[137.400914,34.771809],[137.400927,34.771914],[137.400911,34.77203],[137.40089,34.772083],[137.400866,34.772135],[137.400841,34.772189],[137.400793,34.772277],[137.400909,34.77233],[137.401076,34.772372],[137.401323,34.772414],[137.401519,34.772441],[137.401724,34.772455],[137.401997,34.772444],[137.402187,34.772415],[137.402321,34.772373],[137.402463,34.772307],[137.402688,34.772174],[137.403129,34.771884],[137.403029,34.771728],[137.402909,34.771452],[137.402834,34.771236],[137.40251,34.770341],[137.402389,34.769966]]]}},{"type":"Feature","id":"232010030","properties":{"KEY_CODE":"232010030","PREF":"23","CITY":"201","S_AREA":"003000","PREF_NAME":"愛知県","CITY_NAME":"豊橋市","S_NAME":"曙町","HCODE":8101,"AREA":1101495.761,"KIGO_E":"","JINKO":7171,"SETAI":2966,"X_CODE":137.396593,"Y_CODE":34.728103},"geometry":{"type":"Polygon","coordinates":[[[137.38662,34.732386],[137.387446,34.732261],[137.387466,34.732332],[137.388615,34.732147],[137.389463,34.732007],[137.390212,34.731871],[137.390485,34.731834],[137.390725,34.731792],[137.390931,34.731757],[137.391062,34.731731],[137.391155,34.731705],[137.39123,34.731653],[137.391455,34.731494],[137.391873,34.73116],[137.392116,34.730984],[137.392298,34.730878],[137.392452,34.73081],[137.392563,34.730777],[137.392754,34.730721],[137.392972,34.730678],[137.393397,34.730613],[137.393489,34.730611],[137.393776,34.730563],[137.394209,34.730491],[137.394327,34.730471],[137.394596,34.730446],[137.394802,34.730453],[137.394919,34.730487],[137.395224,34.730597],[137.395388,34.730677],[137.395482,34.730738],[137.395738,34.730835],[137.396169,34.73104],[137.396713,34.731305],[137.396762,34.731327],[137.397084,34.731407],[137.397322,34.73142],[137.397388,34.731429],[137.397857,34.731482],[137.397999,34.731509],[137.398049,34.731509],[137.398105,34.731513],[137.398301,34.731477],[137.398407,34.731466],[137.398542,34.731466],[137.398607,34.731459],[137.398667,34.731452],[137.398804,34.731412],[137.399011,34.731351],[137.399186,34.7313],[137.399235,34.73129],[137.399318,34.731279],[137.399357,34.731264],[137.39964,34.731174],[137.400384,34.73093],[137.401337,34.730624],[137.401489,34.730572],[137.401959,34.730464],[137.402025,34.730457],[137.402157,34.730471],[137.402261,34.730513],[137.402412,34.730571],[137.402516,34.73061],[137.402598,34.730632],[137.402737,34.730685],[137.403846,34.731112],[137.404201,34.730506],[137.404276,34.730368],[137.404444,34.730065],[137.404719,34.72959],[137.40498,34.729115],[137.405582,34.728056],[137.405591,34.728041],[137.406429,34.7265],[137.405326,34.726082],[137.40471,34.72584],[137.404196,34.725641],[137.402856,34.725125],[137.403363,34.723473],[137.403367,34.72346],[137.403487,34.723074],[137.403825,34.721962],[137.403418,34.722063],[137.401841,34.722455],[137.401207,34.722613],[137.400281,34.722825],[137.40021,34.722841],[137.399395,34.723046],[137.398578,34.723251],[137.398478,34.723435],[137.398139,34.72405],[137.397608,34.724973],[137.397172,34.725752],[137.396752,34.726484],[137.396392,34.727117],[137.396216,34.727425],[137.395871,34.72803],[137.395043,34.727714],[137.39492,34.726719],[137.394602,34.726746],[137.393517,34.726853],[137.393118,34.72689],[137.392886,34.726914],[137.392848,34.72648],[137.391819,34.726574],[137.390333,34.726701],[137.389564,34.72678],[137.389193,34.726821],[137.389086,34.726833],[137.388824,34.726855],[137.38673,34.727048],[137.38648,34.727074],[137.386485,34.727674],[137.38656,34.729592],[137.386545,34.729857],[137.386502,34.730104],[137.38639,34.730453],[137.386133,34.731113],[137.385905,34.731731],[137.385785,34.732036],[137.385702,34.7322],[137.385607,34.732384],[137.385292,34.73289],[137.385334,34.733179],[137.385697,34.732723],[137.386323,34.73259],[137.386542,34.732452],[137.386555,34.732396],[137.38662,34.732386]]]}},{"type":"Feature","id":"232010040","properties":{"KEY_CODE":"232010040","PREF":"23","CITY":"201","S_AREA":"004000","PREF_NAME":"愛知県","CITY_NAME":"豊橋市","S_NAME":"明海町","HCODE":8101,"AREA":7132755.171,"KIGO_E":"","JINKO":5,"SETAI":5,"X_CODE":137.323317,"Y_CODE":34.713208},"geometry":{"type":"Polygon","coordinates":[[[137.32814,34.727419],[137.328144,34.727379],[137.328217,34.72738],[137.328218,34.727359],[137.328239,34.727359],[137.328239,34.727322],[137.328145,34.727321],[137.328148,34.726411],[137.328125,34.724689],[137.328576,34.724689],[137.329009,34.724684],[137.329774,34.724683],[137.329767,34.724524],[137.330865,34.724074],[137.330855,34.724004],[137.330807,34.723933],[137.330727,34.723874],[137.330605,34.723816],[137.330213,34.723692],[137.329843,34.72358],[137.329753,34.723557],[137.32975,34.723208],[137.329725,34.723208],[137.329722,34.723088],[137.32974,34.723085],[137.329739,34.72303],[137.329736,34.722775],[137.329723,34.722769],[137.329722,34.72265],[137.329743,34.722651],[137.329741,34.722502],[137.329818,34.7225],[137.329822,34.721544],[137.329736,34.721541],[137.32973,34.721208],[137.331383,34.721195],[137.331379,34.720695],[137.331352,34.719125],[137.331486,34.71903],[137.332933,34.719003],[137.332942,34.720398],[137.332943,34.721211],[137.335664,34.721181],[137.336138,34.721176],[137.336371,34.721172],[137.337944,34.721145],[137.338261,34.721141],[137.33925,34.721128],[137.339259,34.721307],[137.33826,34.72132],[137.338283,34.722297],[137.338303,34.723018],[137.338354,34.724885],[137.342918,34.727347],[137.343863,34.726298],[137.344228,34.725893],[137.346981,34.727378],[137.347344,34.727199],[137.347405,34.727168],[137.347543,34.7271],[137.347659,34.727048],[137.347737,34.727008],[137.347841,34.726951],[137.347947,34.726898],[137.348013,34.726864],[137.348652,34.726542],[137.349126,34.726331],[137.348927,34.726361],[137.348203,34.726064],[137.347725,34.725844],[137.34611,34.725009],[137.34491,34.724349],[137.344677,34.724057],[137.343856,34.722909],[137.343815,34.722864],[137.343321,34.722097],[137.342474,34.720909],[137.341788,34.719937],[137.341652,34.719745],[137.341515,34.719531],[137.341419,34.719351],[137.3412,34.718766],[137.341113,34.718548],[137.341007,34.717797],[137.340924,34.717549],[137.340828,34.717324],[137.34065,34.71702],[137.339897,34.715962],[137.3395,34.715421],[137.338734,34.71416],[137.338021,34.712899],[137.33731,34.711785],[137.337034,34.711399],[137.336393,34.710501],[137.336064,34.710006],[137.33579,34.709522],[137.33564,34.709206],[137.335488,34.708745],[137.335461,34.708542],[137.335473,34.707663],[137.335527,34.707415],[137.335567,34.707189],[137.335567,34.706953],[137.335525,34.706761],[137.335429,34.706547],[137.335115,34.706187],[137.334391,34.705591],[137.333926,34.705152],[137.333201,34.704533],[137.332436,34.703926],[137.332081,34.703656],[137.331753,34.703465],[137.331425,34.70333],[137.330934,34.703195],[137.330388,34.703061],[137.329487,34.702882],[137.329104,34.702781],[137.328135,34.702433],[137.327985,34.702399],[137.327494,34.701853],[137.327448,34.701561],[137.327409,34.70116],[137.32743,34.700913],[137.32737,34.700759],[137.327007,34.700017],[137.326826,34.699775],[137.32665,34.69919],[137.326448,34.69864],[137.326252,34.698072],[137.326047,34.697617],[137.325982,34.697473],[137.325644,34.696945],[137.325575,34.696682],[137.32551,34.696713],[137.325046,34.696013],[137.324575,34.695207],[137.324617,34.694712],[137.324528,34.694528],[137.324321,34.694091],[137.32445,34.693796],[137.324406,34.693722],[137.323852,34.694071],[137.323411,34.69431],[137.322849,34.694598],[137.32183,34.695133],[137.322256,34.695995],[137.322421,34.696328],[137.324533,34.700499],[137.325068,34.701556],[137.326388,34.70157],[137.326629,34.701909],[137.327014,34.702396],[137.326952,34.70239],[137.326931,34.702358],[137.325584,34.70236],[137.323482,34.702353],[137.322281,34.702348],[137.322282,34.702299],[137.322295,34.700502],[137.322297,34.699914],[137.319248,34.699927],[137.316131,34.699935],[137.315752,34.69962],[137.311798,34.699603],[137.311806,34.698333],[137.311769,34.698334],[137.311758,34.699938],[137.31127,34.699938],[137.311272,34.699984],[137.311756,34.699988],[137.311753,34.700515],[137.31175,34.700874],[137.311063,34.70087],[137.309736,34.700864],[137.30952,34.701207],[137.308998,34.702037],[137.308974,34.702059],[137.308973,34.702109],[137.308457,34.702105],[137.308469,34.702649],[137.308463,34.704006],[137.308746,34.704005],[137.308748,34.703953],[137.308787,34.703912],[137.308906,34.703915],[137.308957,34.703951],[137.308956,34.704253],[137.308455,34.704252],[137.308455,34.705],[137.308455,34.705027],[137.308466,34.705828],[137.308438,34.709534],[137.308427,34.710939],[137.308427,34.711629],[137.308427,34.712003],[137.308968,34.712013],[137.308952,34.714041],[137.30895,34.714245],[137.308541,34.714248],[137.308516,34.716767],[137.308388,34.716876],[137.308373,34.718549],[137.308365,34.719566],[137.308359,34.720482],[137.308583,34.720491],[137.308576,34.722391],[137.308572,34.723056],[137.308561,34.724629],[137.308336,34.724804],[137.308343,34.724996],[137.309432,34.725003],[137.309455,34.724985],[137.309461,34.724596],[137.309519,34.724596],[137.310442,34.724603],[137.31044,34.724978],[137.310469,34.725005],[137.310864,34.725001],[137.310871,34.724826],[137.311104,34.724826],[137.313269,34.724825],[137.313279,34.725019],[137.317031,34.725003],[137.31758,34.724745],[137.319227,34.724734],[137.319293,34.724734],[137.322462,34.724715],[137.327482,34.724694],[137.328041,34.724695],[137.328058,34.725551],[137.328058,34.727388],[137.328065,34.727406],[137.328077,34.727422],[137.32814,34.727419]]]}},{"type":"Feature","id":"232010050","properties":{"KEY_CODE":"232010050","PREF":"23","CITY":"201","S_AREA":"005000","PREF_NAME":"愛知県","CITY_NAME":"豊橋市","S_NAME":"朝丘町","HCODE":8101,"AREA":40288.588,"KIGO_E":"","JINKO":315,"SETAI":117,"X_CODE":137.418474,"Y_CODE":34.761828},"geometry":{"type":"Polygon","coordinates":[[[137.419928,34.761054],[137.419768,34.760712],[137.418692,34.761119],[137.41758,34.761524],[137.416537,34.761898],[137.41662,34.761996],[137.416651,34.762034],[137.416744,34.762149],[137.417366,34.762917],[137.417817,34.76273],[137.418234,34.762576],[137.419317,34.762168],[137.419339,34.762159],[137.420246,34.761817],[137.42027,34.761806],[137.419952,34.761107],[137.419928,34.761054]]]}},{"type":"Feature","id":"232010060","properties":{"KEY_CODE":"232010060","PREF":"23","CITY":"201","S_AREA":"006000","PREF_NAME":"愛知県","CITY_NAME":"豊橋市","S_NAME":"旭本町","HCODE":8101,"AREA":33614.308,"KIGO_E":"","JINKO":244,"SETAI":98,"X_CODE":137.400991,"Y_CODE":34.766734},"geometry":{"type":"Polygon","coordinates":[[[137.401794,34.766139],[137.401685,34.76582],[137.39987,34.765895],[137.400024,34.766554],[137.400201,34.767283],[137.400311,34.767808],[137.400723,34.767713],[137.401129,34.767607],[137.401816,34.767431],[137.402205,34.76733],[137.402197,34.767308],[137.401891,34.766399],[137.401794,34.766139]]]}},{"type":"Feature","id":"232010070","properties":{"KEY_CODE":"232010070","PREF":"23","CITY":"201","S_AREA":"007000","PREF_NAME":"愛知県","CITY_NAME":"豊橋市","S_NAME":"旭町","HCODE":8101,"AREA":1225.555,"KIGO_E":"E4","JINKO":0,"SETAI":0,"X_CODE":137.404251,"Y_CODE":34.765835},"geometry":{"type":"Polygon","coordinates":[[[137.404678,34.765889],[137.404624,34.76575],[137.403854,34.765765],[137.403895,34.765933],[137.404678,34.765889]]]}},{"type":"Feature","id":"232010070","properties":{"KEY_CODE":"232010070","PREF":"23","CITY":"201","S_AREA":"007000","PREF_NAME":"愛知県","CITY_NAME":"豊橋市","S_NAME":"旭町","HCODE":8101,"AREA":1871.801,"KIGO_E":"E2","JINKO":0,"SETAI":0,"X_CODE":137.40427,"Y_CODE":34.764648},"geometry":{"type":"Polygon","coordinates":[[[137.404568,34.764664],[137.404432,34.764417],[137.404333,34.764423],[137.403956,34.764546],[137.404179,34.764932],[137.404326,34.764865],[137.404568,34.764664]]]}},{"type":"Feature","id":"232010070","properties":{"KEY_CODE":"232010070","PREF":"23","CITY":"201","S_AREA":"007000","PREF_NAME":"愛知県","CITY_NAME":"豊橋市","S_NAME":"旭町","HCODE":8101,"AREA":810.409,"KIGO_E":"E3","JINKO":0,"SETAI":0,"X_CODE":137.404447,"Y_CODE":34.765166},"geometry":{"type":"Polygon","coordinates":[[[137.404645,34.765269],[137.404564,34.765037],[137.404421,34.765088],[137.404322,34.764975],[137.404232,34.765024],[137.40432,34.765178],[137.404419,34.765345],[137.404645,34.765269]]]}},{"type":"Feature","id":"232010070","properties":{"KEY_CODE":"232010070","PREF":"23","CITY":"201","S_AREA":"007000","PREF_NAME":"愛知県","CITY_NAME":"豊橋市","S_NAME":"旭町","HCODE":8101,"AREA":112777.747,"KIGO_E":"E1","JINKO":732,"SETAI":321,"X_CODE":137.40255,"Y_CODE":34.768064},"geometry":{"type":"Polygon","coordinates":[[[137.404678,34.767219],[137.404549,34.766792],[137.404316,34.766805],[137.404069,34.766619],[137.404009,34.76639],[137.403915,34.76602],[137.403571,34.766025],[137.403211,34.766056],[137.403077,34.766085],[137.402901,34.766102],[137.40291,34.766126],[137.402278,34.766246],[137.402225,34.766057],[137.401794,34.766139],[137.401891,34.766399],[137.402197,34.767308],[137.402205,34.76733],[137.401816,34.767431],[137.401129,34.767607],[137.400723,34.767713],[137.400311,34.767808],[137.400353,34.76799],[137.400546,34.768807],[137.400553,34.768847],[137.400601,34.769136],[137.400609,34.769198],[137.400675,34.769667],[137.400733,34.770074],[137.400739,34.770141],[137.401435,34.7699],[137.402186,34.769648],[137.402276,34.769628],[137.403143,34.769454],[137.403627,34.769377],[137.404044,34.769203],[137.403984,34.768862],[137.404146,34.768823],[137.404368,34.768767],[137.404295,34.768419],[137.404504,34.768364],[137.404443,34.768156],[137.404404,34.767982],[137.404364,34.767768],[137.4043,34.76749],[137.404239,34.767317],[137.404678,34.767219]]]}},{"type":"Feature","id":"232010080","properties":{"KEY_CODE":"232010080","PREF":"23","CITY":"201","S_AREA":"008000","PREF_NAME":"愛知県","CITY_NAME":"豊橋市","S_NAME":"芦原町","HCODE":8101,"AREA":562773.936,"KIGO_E":"","JINKO":1524,"SETAI":603,"X_CODE":137.377635,"Y_CODE":34.719202},"geometry":{"type":"Polygon","coordinates":[[[137.382618,34.722312],[137.38261,34.721672],[137.382582,34.720672],[137.382479,34.720635],[137.382347,34.721045],[137.381714,34.720952],[137.381486,34.720961],[137.381155,34.720962],[137.381103,34.721073],[137.380957,34.721074],[137.380951,34.721148],[137.380801,34.721309],[137.380593,34.721272],[137.380769,34.720737],[137.38087,34.720379],[137.380915,34.720115],[137.380916,34.719795],[137.380889,34.719649],[137.38082,34.71948],[137.380757,34.71933],[137.380673,34.719186],[137.380582,34.719067],[137.380453,34.718903],[137.380584,34.718891],[137.380756,34.71886],[137.381155,34.718714],[137.381245,34.71867],[137.381306,34.718626],[137.38141,34.71856],[137.381704,34.718327],[137.382178,34.717871],[137.380472,34.715463],[137.380399,34.715343],[137.379881,34.715451],[137.379528,34.71553],[137.379139,34.715616],[137.379072,34.71563],[137.378862,34.715675],[137.378633,34.715723],[137.378196,34.715816],[137.37808,34.715839],[137.377921,34.715874],[137.377498,34.715948],[137.377153,34.715989],[137.376661,34.715974],[137.376238,34.715944],[137.375785,34.715908],[137.37538,34.715874],[137.375341,34.716312],[137.371658,34.717075],[137.372041,34.718407],[137.37218,34.718787],[137.372343,34.719336],[137.372743,34.720689],[137.373032,34.720642],[137.373061,34.720635],[137.374072,34.720484],[137.37498,34.720348],[137.37501,34.720523],[137.375033,34.720599],[137.375073,34.720685],[137.375102,34.72076],[137.375207,34.7209],[137.375351,34.720986],[137.375432,34.721007],[137.3755,34.720997],[137.375641,34.720946],[137.375707,34.720951],[137.375764,34.720981],[137.376031,34.721229],[137.376175,34.721362],[137.376661,34.721256],[137.376771,34.721557],[137.376687,34.721577],[137.376707,34.72164],[137.376831,34.721968],[137.376767,34.721981],[137.376921,34.722394],[137.377768,34.722192],[137.377845,34.722332],[137.377888,34.722406],[137.377958,34.722501],[137.378045,34.722606],[137.378305,34.72293],[137.378748,34.723479],[137.37926,34.724129],[137.380041,34.723695],[137.379957,34.723266],[137.380111,34.723258],[137.380564,34.723244],[137.380632,34.723183],[137.380721,34.723125],[137.380823,34.7231],[137.380909,34.723085],[137.381008,34.723075],[137.381132,34.723055],[137.381498,34.723028],[137.382057,34.72296],[137.382248,34.722914],[137.382398,34.722801],[137.382466,34.722767],[137.382629,34.722709],[137.382618,34.722312]]]}},{"type":"Feature","id":"232010090","properties":{"KEY_CODE":"232010090","PREF":"23","CITY":"201","S_AREA":"009000","PREF_NAME":"愛知県","CITY_NAME":"豊橋市","S_NAME":"東田町","HCODE":8101,"AREA":183473.442,"KIGO_E":"E2","JINKO":0,"SETAI":0,"X_CODE":137.406059,"Y_CODE":34.768601},"geometry":{"type":"Polygon","coordinates":[[[137.406756,34.768413],[137.407331,34.768382],[137.407514,34.768389],[137.407761,34.768451],[137.408356,34.768634],[137.408479,34.76867],[137.408586,34.768679],[137.409456,34.768392],[137.409129,34.767626],[137.409116,34.767595],[137.408828,34.766836],[137.40873,34.766647],[137.408737,34.766644],[137.409047,34.766481],[137.40951,34.766216],[137.409273,34.765946],[137.409074,34.765717],[137.40868,34.765745],[137.408504,34.765406],[137.40842,34.765188],[137.408187,34.764575],[137.407925,34.764632],[137.40803,34.764836],[137.407928,34.764874],[137.408018,34.765024],[137.408109,34.765262],[137.407863,34.765346],[137.40782,34.765194],[137.407376,34.765316],[137.407497,34.765749],[137.407579,34.765961],[137.407307,34.766019],[137.40729,34.766113],[137.406553,34.766262],[137.406695,34.766763],[137.406719,34.766843],[137.406246,34.766933],[137.406259,34.766969],[137.406354,34.767205],[137.406393,34.767303],[137.406486,34.767524],[137.406132,34.767729],[137.406014,34.76777],[137.405479,34.767914],[137.405272,34.767966],[137.404971,34.768017],[137.404443,34.768156],[137.404504,34.768364],[137.404295,34.768419],[137.404368,34.768767],[137.404146,34.768823],[137.403984,34.768862],[137.404044,34.769203],[137.403627,34.769377],[137.403143,34.769454],[137.402276,34.769628],[137.402389,34.769966],[137.40251,34.770341],[137.402834,34.771236],[137.402909,34.771452],[137.403029,34.771728],[137.403129,34.771884],[137.403422,34.771677],[137.403537,34.771608],[137.403719,34.77151],[137.403874,34.77145],[137.404107,34.771385],[137.404516,34.771297],[137.404794,34.771247],[137.404939,34.771211],[137.405135,34.771143],[137.405393,34.771039],[137.405843,34.770884],[137.405923,34.770857],[137.40611,34.770796],[137.405846,34.77039],[137.405806,34.770348],[137.405735,34.770273],[137.40565,34.770178],[137.405624,34.77009],[137.405592,34.769988],[137.40558,34.769959],[137.406179,34.769725],[137.406761,34.769651],[137.407082,34.769614],[137.407057,34.769545],[137.406978,34.769282],[137.406907,34.769051],[137.406722,34.768418],[137.406756,34.768413]]]}},{"type":"Feature","id":"232010090","properties":{"KEY_CODE":"232010090","PREF":"23","CITY":"201","S_AREA":"009000","PREF_NAME":"愛知県","CITY_NAME":"豊橋市","S_NAME":"東田町","HCODE":8101,"AREA":303179.588,"KIGO_E":"E1","JINKO":3353,"SETAI":1406,"X_CODE":137.419056,"Y_CODE":34.768082},"geometry":{"type":"Polygon","coordinates":[[[137.421438,34.764828],[137.421453,34.76426],[137.419972,34.764577],[137.419045,34.764804],[137.418385,34.764951],[137.418241,34.764984],[137.417664,34.765038],[137.417649,34.765039],[137.417405,34.765058],[137.41669,34.765115],[137.416734,34.765603],[137.41679,34.76603],[137.416793,34.766052],[137.416857,34.766626],[137.41686,34.766652],[137.416915,34.76712],[137.416932,34.767288],[137.416974,34.767714],[137.416974,34.767735],[137.416948,34.768705],[137.416944,34.768767],[137.416914,34.769581],[137.416892,34.770169],[137.416873,34.770714],[137.416862,34.771437],[137.416879,34.772023],[137.416881,34.772056],[137.417459,34.772026],[137.417709,34.772001],[137.418213,34.771917],[137.418313,34.771892],[137.418667,34.771796],[137.418909,34.77172],[137.419152,34.771624],[137.419448,34.771492],[137.419705,34.771355],[137.420001,34.771178],[137.420251,34.770985],[137.420441,34.770814],[137.420849,34.770419],[137.420956,34.770286],[137.420985,34.77025],[137.421124,34.770067],[137.421581,34.769278],[137.421276,34.768856],[137.421281,34.768712],[137.421279,34.768657],[137.421301,34.767948],[137.421302,34.767912],[137.421304,34.767863],[137.421322,34.767453],[137.421324,34.767412],[137.42136,34.76664],[137.421362,34.766592],[137.421363,34.766583],[137.421367,34.766223],[137.421391,34.765811],[137.421435,34.764883],[137.421438,34.764828]]]}},{"type":"Feature","id":"232010090","properties":{"KEY_CODE":"232010090","PREF":"23","CITY":"201","S_AREA":"009000","PREF_NAME":"愛知県","CITY_NAME":"豊橋市","S_NAME":"東田町","HCODE":8101,"AREA":23218.774,"KIGO_E":"E5","JINKO":0,"SETAI":0,"X_CODE":137.405587,"Y_CODE":34.763551},"geometry":{"type":"Polygon","coordinates":[[[137.40508,34.764144],[137.406122,34.763729],[137.40633,34.764089],[137.406555,34.763991],[137.406535,34.763956],[137.406844,34.763851],[137.406714,34.763466],[137.406409,34.762864],[137.406243,34.762915],[137.406186,34.762932],[137.406098,34.76274],[137.405881,34.762817],[137.405804,34.7627],[137.405719,34.762751],[137.405206,34.763086],[137.404793,34.763327],[137.404482,34.763503],[137.404653,34.763711],[137.404499,34.763741],[137.404381,34.763576],[137.404338,34.763598],[137.404466,34.763768],[137.404605,34.764094],[137.404326,34.764182],[137.404432,34.764417],[137.404789,34.764407],[137.404961,34.764342],[137.405001,34.764176],[137.40508,34.764144]]]}},{"type":"Feature","id":"232010090","properties":{"KEY_CODE":"232010090","PREF":"23","CITY":"201","S_AREA":"009000","PREF_NAME":"愛知県","CITY_NAME":"豊橋市","S_NAME":"東田町","HCODE":8101,"AREA":1141.061,"KIGO_E":"E7","JINKO":0,"SETAI":0,"X_CODE":137.407113,"Y_CODE":34.764258},"geometry":{"type":"Polygon","coordinates":[[[137.407283,34.764229],[137.407139,34.763988],[137.40693,34.764078],[137.4071,34.764562],[137.407263,34.764506],[137.407179,34.764272],[137.407283,34.764229]]]}},{"type":"Feature","id":"232010090","properties":{"KEY_CODE":"232010090","PREF":"23","CITY":"201","S_AREA":"009000","PREF_NAME":"愛知県","CITY_NAME":"豊橋市","S_NAME":"東田町","HCODE":8101,"AREA":92605.497,"KIGO_E":"E3","JINKO":0,"SETAI":0,"X_CODE":137.428945,"Y_CODE":34.762929},"geometry":{"type":"Polygon","coordinates":[[[137.428213,34.764341],[137.428787,34.764098],[137.429353,34.763927],[137.429735,34.763811],[137.430024,34.763681],[137.43016,34.763602],[137.430203,34.763571],[137.430283,34.763511],[137.430388,34.763405],[137.430404,34.763382],[137.430423,34.763357],[137.430573,34.763226],[137.430728,34.763113],[137.431066,34.762891],[137.431205,34.762815],[137.431331,34.762755],[137.431416,34.762723],[137.43135,34.762282],[137.431257,34.762061],[137.431218,34.762008],[137.43114,34.761942],[137.431138,34.76191],[137.431071,34.761724],[137.430936,34.761444],[137.430789,34.761106],[137.429774,34.761616],[137.429489,34.761752],[137.429286,34.761839],[137.428856,34.76199],[137.428279,34.762174],[137.426946,34.762607],[137.426137,34.763018],[137.425929,34.763123],[137.426506,34.762971],[137.426648,34.763326],[137.426724,34.763879],[137.426834,34.76406],[137.427055,34.764454],[137.427193,34.764399],[137.427646,34.764312],[137.427903,34.764531],[137.428213,34.764341]]]}},{"type":"Feature","id":"232010090","properties":{"KEY_CODE":"232010090","PREF":"23","CITY":"201","S_AREA":"009000","PREF_NAME":"愛知県","CITY_NAME":"豊橋市","S_NAME":"東田町","HCODE":8101,"AREA":25295.315,"KIGO_E":"E4","JINKO":0,"SETAI":0,"X_CODE":137.412129,"Y_CODE":34.763917},"geometry":{"type":"Polygon","coordinates":[[[137.413854,34.76476],[137.413033,34.763747],[137.412418,34.763001],[137.411981,34.763132],[137.411799,34.763184],[137.41132,34.763364],[137.411055,34.763481],[137.41101,34.763512],[137.410996,34.76352],[137.411505,34.76396],[137.411252,34.764148],[137.411212,34.76411],[137.410977,34.764281],[137.410858,34.764345],[137.410881,34.764383],[137.410825,34.764405],[137.410776,34.764415],[137.410733,34.764413],[137.410707,34.764387],[137.410623,34.764439],[137.410645,34.764478],[137.410392,34.764647],[137.41029,34.764565],[137.410143,34.764619],[137.410233,34.764825],[137.411862,34.764262],[137.412071,34.764188],[137.412128,34.764207],[137.412684,34.764377],[137.412982,34.764466],[137.413071,34.764491],[137.413495,34.764612],[137.413599,34.764651],[137.413654,34.764679],[137.413681,34.764709],[137.413751,34.764821],[137.413773,34.764858],[137.413878,34.764812],[137.413843,34.764766],[137.413854,34.76476]]]}},{"type":"Feature","id":"232010090","properties":{"KEY_CODE":"232010090","PREF":"23","CITY":"201","S_AREA":"009000","PREF_NAME":"愛知県","CITY_NAME":"豊橋市","S_NAME":"東田町","HCODE":8101,"AREA":1206.618,"KIGO_E":"E6","JINKO":0,"SETAI":0,"X_CODE":137.407356,"Y_CODE":34.764883},"geometry":{"type":"Polygon","coordinates":[[[137.407572,34.765044],[137.407387,34.764629],[137.407155,34.764709],[137.407299,34.765128],[137.407572,34.765044]]]}},{"type":"Feature","id":"232010100","properties":{"KEY_CODE":"232010100","PREF":"23","CITY":"201","S_AREA":"010000","PREF_NAME":"愛知県","CITY_NAME":"豊橋市","S_NAME":"東田中郷町","HCODE":8101,"AREA":51998.16,"KIGO_E":"","JINKO":358,"SETAI":141,"X_CODE":137.408672,"Y_CODE":34.768778},"geometry":{"type":"Polygon","coordinates":[[[137.408629,34.769369],[137.409164,34.769357],[137.40986,34.769362],[137.410408,34.769469],[137.410731,34.769451],[137.410695,34.769384],[137.410323,34.768638],[137.409722,34.767613],[137.409641,34.767465],[137.409613,34.767426],[137.409182,34.766703],[137.409047,34.766481],[137.408737,34.766644],[137.40873,34.766647],[137.408828,34.766836],[137.409116,34.767595],[137.409129,34.767626],[137.409456,34.768392],[137.408586,34.768679],[137.408479,34.76867],[137.408356,34.768634],[137.407761,34.768451],[137.407514,34.768389],[137.407331,34.768382],[137.406756,34.768413],[137.406722,34.768418],[137.406907,34.769051],[137.406978,34.769282],[137.407057,34.769545],[137.407082,34.769614],[137.407073,34.770051],[137.408309,34.77003],[137.408288,34.769787],[137.408267,34.769428],[137.408629,34.769369]]]}},{"type":"Feature","id":"232010110","properties":{"KEY_CODE":"232010110","PREF":"23","CITY":"201","S_AREA":"011000","PREF_NAME":"愛知県","CITY_NAME":"豊橋市","S_NAME":"東田仲ノ町","HCODE":8101,"AREA":23819.982,"KIGO_E":"","JINKO":194,"SETAI":78,"X_CODE":137.416438,"Y_CODE":34.76269},"geometry":{"type":"Polygon","coordinates":[[[137.416537,34.761898],[137.416373,34.761681],[137.415809,34.76189],[137.415525,34.761996],[137.415227,34.762104],[137.415472,34.762402],[137.415634,34.762601],[137.415702,34.762691],[137.416075,34.763149],[137.416308,34.763425],[137.416534,34.763698],[137.417059,34.763513],[137.417582,34.763319],[137.417366,34.762917],[137.416744,34.762149],[137.416651,34.762034],[137.41662,34.761996],[137.416537,34.761898]]]}},{"type":"Feature","id":"232010120","properties":{"KEY_CODE":"232010120","PREF":"23","CITY":"201","S_AREA":"012000","PREF_NAME":"愛知県","CITY_NAME":"豊橋市","S_NAME":"吾妻町","HCODE":8101,"AREA":72205.706,"KIGO_E":"","JINKO":553,"SETAI":226,"X_CODE":137.414257,"Y_CODE":34.763084},"geometry":{"type":"Polygon","coordinates":[[[137.415227,34.762104],[137.414667,34.761421],[137.414335,34.761596],[137.413366,34.762108],[137.413354,34.762114],[137.413339,34.762122],[137.412606,34.762536],[137.412213,34.762745],[137.412418,34.763001],[137.413033,34.763747],[137.413854,34.76476],[137.414245,34.76454],[137.414975,34.764145],[137.414999,34.764129],[137.416308,34.763425],[137.416075,34.763149],[137.415702,34.762691],[137.415634,34.762601],[137.415472,34.762402],[137.415227,34.762104]]]}},{"type":"Feature","id":"232010130","properties":{"KEY_CODE":"232010130","PREF":"23","CITY":"201","S_AREA":"013000","PREF_NAME":"愛知県","CITY_NAME":"豊橋市","S_NAME":"池見町","HCODE":8101,"AREA":69999.716,"KIGO_E":"","JINKO":550,"SETAI":226,"X_CODE":137.412588,"Y_CODE":34.761338},"geometry":{"type":"Polygon","coordinates":[[[137.412606,34.762536],[137.413339,34.762122],[137.413354,34.762114],[137.413366,34.762108],[137.414335,34.761596],[137.414667,34.761421],[137.41464,34.761391],[137.41418,34.760896],[137.414172,34.760888],[137.413802,34.760484],[137.414026,34.76041],[137.413761,34.759976],[137.413694,34.760003],[137.41346,34.759608],[137.413332,34.759662],[137.413101,34.759763],[137.413246,34.75991],[137.413059,34.760036],[137.412195,34.760396],[137.412152,34.760319],[137.412129,34.760325],[137.411907,34.760408],[137.411904,34.760409],[137.411916,34.760427],[137.411953,34.760495],[137.411527,34.760666],[137.41149,34.760617],[137.411283,34.760698],[137.411316,34.760751],[137.410561,34.761059],[137.410647,34.761209],[137.410812,34.761496],[137.410861,34.761491],[137.411021,34.761841],[137.411081,34.761823],[137.411222,34.762148],[137.411389,34.762371],[137.411426,34.762348],[137.411618,34.762592],[137.411907,34.762958],[137.411981,34.763132],[137.412418,34.763001],[137.412213,34.762745],[137.412606,34.762536]]]}},{"type":"Feature","id":"232010140","properties":{"KEY_CODE":"232010140","PREF":"23","CITY":"201","S_AREA":"014000","PREF_NAME":"愛知県","CITY_NAME":"豊橋市","S_NAME":"伊古部町","HCODE":8101,"AREA":4331578.755,"KIGO_E":"","JINKO":778,"SETAI":230,"X_CODE":137.38256,"Y_CODE":34.669248},"geometry":{"type":"Polygon","coordinates":[[[137.374618,34.681929],[137.37544,34.681333],[137.375606,34.681422],[137.375729,34.681509],[137.37605,34.681686],[137.376135,34.681726],[137.376274,34.681761],[137.376401,34.68177],[137.37676,34.681806],[137.376864,34.681796],[137.376928,34.681765],[137.376979,34.681695],[137.376985,34.6816],[137.376928,34.681213],[137.377145,34.681201],[137.377441,34.680855],[137.37794,34.6811],[137.378545,34.680989],[137.379145,34.680982],[137.379717,34.681106],[137.379765,34.681481],[137.379825,34.681513],[137.380323,34.681613],[137.380859,34.681704],[137.380988,34.681648],[137.381137,34.681614],[137.381269,34.681611],[137.381853,34.681685],[137.38191,34.681755],[137.382416,34.682017],[137.382759,34.682044],[137.382853,34.68178],[137.382955,34.681619],[137.384875,34.681588],[137.384902,34.681567],[137.385176,34.680675],[137.385311,34.680695],[137.385546,34.681551],[137.385585,34.681586],[137.385645,34.681596],[137.385756,34.681608],[137.385929,34.681625],[137.385997,34.681647],[137.386026,34.681669],[137.386143,34.681891],[137.39013,34.681662],[137.389935,34.681235],[137.389719,34.680636],[137.389656,34.680304],[137.389641,34.680045],[137.389669,34.679829],[137.389876,34.67909],[137.390171,34.678052],[137.390531,34.676875],[137.390612,34.676621],[137.391015,34.675843],[137.391531,34.674738],[137.39157,34.67462],[137.391558,34.67441],[137.391515,34.674189],[137.391706,34.674105],[137.391705,34.673789],[137.391756,34.673596],[137.392091,34.6733],[137.392198,34.673232],[137.392316,34.673131],[137.392378,34.673041],[137.392413,34.672775],[137.392433,34.672362],[137.392406,34.672042],[137.392394,34.671844],[137.392319,34.671724],[137.392237,34.671606],[137.392101,34.671544],[137.391984,34.671513],[137.39172,34.671502],[137.391527,34.671508],[137.39142,34.671497],[137.391249,34.671476],[137.390857,34.671357],[137.390496,34.671252],[137.390254,34.671032],[137.390107,34.670779],[137.389825,34.670306],[137.389725,34.670229],[137.389511,34.670168],[137.3895,34.670094],[137.389482,34.669946],[137.389424,34.669669],[137.389337,34.669436],[137.389281,34.669298],[137.388808,34.668131],[137.389217,34.668339],[137.389626,34.666492],[137.389685,34.666512],[137.390549,34.66681],[137.390736,34.66685],[137.391501,34.666987],[137.392171,34.667088],[137.391888,34.666441],[137.391711,34.665857],[137.39174,34.665416],[137.391651,34.66512],[137.39201,34.664687],[137.392418,34.664237],[137.392642,34.663872],[137.392936,34.663408],[137.392926,34.66308],[137.392891,34.66272],[137.393006,34.661379],[137.392919,34.661244],[137.392784,34.661058],[137.392759,34.66095],[137.392805,34.660628],[137.392739,34.660396],[137.392586,34.660235],[137.392284,34.660151],[137.392224,34.660118],[137.39221,34.660083],[137.392224,34.660049],[137.392339,34.65996],[137.392401,34.659824],[137.392507,34.659635],[137.392588,34.659539],[137.392721,34.659444],[137.392804,34.659372],[137.392852,34.659311],[137.392927,34.659163],[137.392966,34.65903],[137.392993,34.65889],[137.393084,34.658811],[137.393093,34.658735],[137.393032,34.658731],[137.392882,34.658701],[137.392816,34.658693],[137.392731,34.658682],[137.392673,34.658671],[137.392558,34.658639],[137.392511,34.65862],[137.392501,34.658614],[137.392318,34.658549],[137.392275,34.658529],[137.392197,34.658502],[137.392189,34.658498],[137.392152,34.65849],[137.39213,34.658488],[137.392028,34.658469],[137.391962,34.658451],[137.391935,34.65844],[137.391641,34.658359],[137.391575,34.658345],[137.39144,34.658325],[137.391221,34.658249],[137.391212,34.658247],[137.391022,34.65819],[137.390624,34.658063],[137.390434,34.658019],[137.390366,34.658],[137.390036,34.657882],[137.38923,34.657651],[137.389184,34.657646],[137.389173,34.657646],[137.388801,34.657629],[137.38869,34.657615],[137.388608,34.657597],[137.388329,34.657504],[137.388241,34.65748],[137.388054,34.657455],[137.387953,34.657429],[137.387723,34.657346],[137.387526,34.657294],[137.387415,34.657282],[137.387256,34.657276],[137.387179,34.657269],[137.387071,34.65725],[137.386852,34.657205],[137.386547,34.657168],[137.385958,34.657045],[137.385819,34.657019],[137.38572,34.656998],[137.385526,34.656944],[137.385287,34.656885],[137.384861,34.656804],[137.384741,34.656776],[137.384628,34.656746],[137.384413,34.656688],[137.384378,34.656681],[137.384158,34.656659],[137.384125,34.656655],[137.383912,34.65661],[137.383891,34.656607],[137.383864,34.656609],[137.38384,34.656616],[137.383822,34.656615],[137.383776,34.656594],[137.383739,34.65657],[137.383718,34.656564],[137.383548,34.656543],[137.383399,34.656516],[137.383278,34.656488],[137.383254,34.656485],[137.383165,34.656493],[137.383131,34.656493],[137.383095,34.656485],[137.383041,34.656465],[137.38298,34.656439],[137.382863,34.656401],[137.382829,34.656395],[137.38271,34.656381],[137.382658,34.65637],[137.382562,34.656361],[137.382522,34.656364],[137.382501,34.656371],[137.38247,34.656391],[137.382451,34.656407],[137.382434,34.65644],[137.382402,34.6565],[137.382391,34.656454],[137.382374,34.656405],[137.38235,34.656368],[137.382293,34.656331],[137.382252,34.656315],[137.381955,34.656215],[137.38174,34.656152],[137.381665,34.656132],[137.381257,34.656045],[137.381222,34.65604],[137.381066,34.656035],[137.381016,34.656025],[137.380867,34.655979],[137.380795,34.655961],[137.380313,34.655893],[137.379827,34.655787],[137.379458,34.655719],[137.37938,34.655701],[137.379306,34.65568],[137.379161,34.655633],[137.379117,34.655622],[137.378904,34.65559],[137.378852,34.655579],[137.378653,34.655526],[137.378425,34.655478],[137.378301,34.65545],[137.377889,34.655343],[137.377644,34.65528],[137.377352,34.655201],[137.377233,34.655175],[137.377147,34.655162],[137.377056,34.655151],[137.377005,34.655142],[137.376952,34.655128],[137.376836,34.6551],[137.376692,34.655065],[137.37658,34.655043],[137.376508,34.655031],[137.376441,34.655022],[137.376374,34.655014],[137.376349,34.655008],[137.376316,34.654999],[137.376266,34.654983],[137.376108,34.654932],[137.375928,34.654882],[137.375901,34.654873],[137.375885,34.654862],[137.375839,34.654827],[137.375816,34.654821],[137.375682,34.654805],[137.375658,34.654792],[137.375519,34.654744],[137.375479,34.654732],[137.375449,34.654724],[137.375313,34.655144],[137.375172,34.655245],[137.375113,34.655318],[137.375097,34.655385],[137.375094,34.655457],[137.375114,34.655537],[137.37519,34.655631],[137.375298,34.655702],[137.375463,34.655758],[137.375494,34.655796],[137.375494,34.65584],[137.375459,34.655908],[137.375272,34.655981],[137.375135,34.656082],[137.375103,34.656147],[137.375073,34.65623],[137.37507,34.656271],[137.375086,34.656314],[137.375491,34.656382],[137.375587,34.656457],[137.375708,34.656538],[137.375758,34.656663],[137.375742,34.656811],[137.375575,34.657049],[137.375582,34.657159],[137.37575,34.657279],[137.375848,34.657395],[137.375894,34.657539],[137.375932,34.657588],[137.375984,34.657618],[137.376065,34.657631],[137.376169,34.657617],[137.376281,34.657583],[137.376346,34.657585],[137.376397,34.657608],[137.376434,34.657652],[137.376472,34.65779],[137.376473,34.657999],[137.376439,34.658066],[137.376372,34.658095],[137.376161,34.65812],[137.376112,34.658146],[137.376095,34.658193],[137.376114,34.658241],[137.376447,34.658531],[137.376484,34.658579],[137.376476,34.658627],[137.376418,34.658711],[137.37647,34.658779],[137.376481,34.658832],[137.37647,34.658882],[137.376446,34.658925],[137.376333,34.659015],[137.376255,34.659081],[137.376225,34.659136],[137.376221,34.659238],[137.376247,34.659327],[137.376308,34.65943],[137.376395,34.659487],[137.376572,34.659565],[137.376615,34.659608],[137.376622,34.659681],[137.376562,34.65987],[137.376301,34.660026],[137.376241,34.660097],[137.376048,34.660493],[137.376052,34.660557],[137.376082,34.660607],[137.376195,34.660642],[137.376344,34.660651],[137.376391,34.66069],[137.376407,34.660763],[137.376325,34.66085],[137.376094,34.661051],[137.375987,34.661311],[137.375867,34.661546],[137.375941,34.661853],[137.376033,34.662152],[137.376137,34.662603],[137.37608,34.662757],[137.375203,34.663106],[137.374837,34.663401],[137.374781,34.663609],[137.37462,34.66409],[137.375149,34.664526],[137.375289,34.664639],[137.373992,34.666347],[137.373717,34.667453],[137.374093,34.667182],[137.37444,34.666962],[137.374425,34.667179],[137.374396,34.66761],[137.374348,34.667707],[137.374169,34.668038],[137.374073,34.668207],[137.37391,34.66841],[137.373688,34.668631],[137.373444,34.668975],[137.373477,34.670138],[137.374047,34.67022],[137.374245,34.67024],[137.374188,34.671082],[137.37417,34.67118],[137.374136,34.671262],[137.373641,34.672158],[137.373555,34.67233],[137.373483,34.672505],[137.373445,34.672653],[137.373392,34.673138],[137.373377,34.673246],[137.373346,34.673487],[137.373315,34.673718],[137.37329,34.673904],[137.373303,34.674108],[137.373341,34.674436],[137.373373,34.674748],[137.373375,34.674769],[137.373387,34.674934],[137.373379,34.675065],[137.373319,34.67533],[137.373289,34.675524],[137.373275,34.675706],[137.373274,34.675827],[137.373282,34.676054],[137.373297,34.67633],[137.373281,34.676392],[137.373153,34.676602],[137.372961,34.676917],[137.372758,34.677259],[137.372683,34.677395],[137.372639,34.677519],[137.372595,34.677723],[137.372578,34.677835],[137.372568,34.677898],[137.372531,34.678177],[137.3725,34.678394],[137.372465,34.678636],[137.372438,34.678883],[137.372409,34.679103],[137.372367,34.679457],[137.372352,34.679617],[137.372347,34.679724],[137.372395,34.679992],[137.37247,34.680337],[137.372521,34.680464],[137.372606,34.680549],[137.372884,34.680725],[137.373135,34.680883],[137.373249,34.680946],[137.373316,34.68117],[137.37333,34.681214],[137.373347,34.68145],[137.373375,34.682827],[137.373383,34.682873],[137.374618,34.681929]]]}},{"type":"Feature","id":"232010150","properties":{"KEY_CODE":"232010150","PREF":"23","CITY":"201","S_AREA":"015000","PREF_NAME":"愛知県","CITY_NAME":"豊橋市","S_NAME":"石巻小野田町","HCODE":8101,"AREA":1609070.121,"KIGO_E":"","JINKO":225,"SETAI":79,"X_CODE":137.448958,"Y_CODE":34.826843},"geometry":{"type":"Polygon","coordinates":[[[137.455355,34.834177],[137.455524,34.834112],[137.455596,34.834073],[137.455696,34.833988],[137.455937,34.833776],[137.456088,34.833572],[137.456411,34.833086],[137.456603,34.832846],[137.456683,34.832728],[137.456889,34.832404],[137.457251,34.832012],[137.457619,34.831677],[137.458036,34.831344],[137.458298,34.831186],[137.458564,34.83107],[137.458701,34.831005],[137.458908,34.830937],[137.459042,34.831014],[137.459014,34.83088],[137.45901,34.830695],[137.459028,34.83048],[137.45908,34.830298],[137.459182,34.830017],[137.459284,34.829866],[137.45941,34.829654],[137.459563,34.829216],[137.459635,34.828886],[137.459622,34.828839],[137.459542,34.828805],[137.459475,34.828785],[137.459395,34.828778],[137.459354,34.828833],[137.459248,34.829107],[137.459154,34.829333],[137.458549,34.829058],[137.45815,34.828879],[137.45811,34.828915],[137.458051,34.828973],[137.457979,34.829042],[137.457911,34.829097],[137.457866,34.829129],[137.457812,34.829162],[137.457753,34.829184],[137.457672,34.82918],[137.457599,34.829123],[137.457534,34.829056],[137.457502,34.828985],[137.457512,34.828888],[137.457558,34.828708],[137.457637,34.828594],[137.457775,34.828482],[137.45782,34.828415],[137.457626,34.828396],[137.457377,34.828407],[137.45703,34.828442],[137.456979,34.828058],[137.456935,34.827931],[137.456858,34.827815],[137.455907,34.827232],[137.455184,34.826679],[137.453685,34.825763],[137.453455,34.825541],[137.453361,34.825346],[137.453247,34.825117],[137.453226,34.824939],[137.453198,34.824522],[137.453082,34.82402],[137.452919,34.823556],[137.452713,34.823128],[137.452526,34.822958],[137.452111,34.822644],[137.451987,34.822539],[137.451847,34.82222],[137.45111,34.822019],[137.45107,34.822006],[137.45093,34.821914],[137.45091,34.821895],[137.450711,34.821771],[137.450464,34.821456],[137.450253,34.821236],[137.449526,34.82122],[137.449431,34.821269],[137.449318,34.821323],[137.448821,34.821514],[137.447829,34.822033],[137.447819,34.822024],[137.447483,34.821731],[137.447386,34.821645],[137.446738,34.821246],[137.444946,34.82049],[137.444238,34.820202],[137.443413,34.819997],[137.443251,34.819974],[137.442637,34.819732],[137.442385,34.8196],[137.442168,34.819456],[137.441961,34.819311],[137.441949,34.819294],[137.441898,34.819184],[137.441658,34.818988],[137.441584,34.818954],[137.44136,34.818833],[137.440952,34.818588],[137.440293,34.81822],[137.439771,34.818143],[137.439647,34.818114],[137.439434,34.818521],[137.439193,34.818885],[137.438824,34.819494],[137.43872,34.819701],[137.438675,34.81979],[137.438629,34.819841],[137.438502,34.819983],[137.438408,34.820305],[137.438388,34.820375],[137.438293,34.820624],[137.43814,34.820829],[137.438066,34.820973],[137.438315,34.821224],[137.438601,34.821183],[137.438961,34.82138],[137.438991,34.821508],[137.439079,34.822],[137.439544,34.821956],[137.439735,34.821977],[137.439825,34.822005],[137.439935,34.822053],[137.439626,34.822185],[137.439594,34.822213],[137.439559,34.822252],[137.439518,34.822291],[137.439482,34.822315],[137.43946,34.822329],[137.43942,34.822339],[137.439365,34.822351],[137.439334,34.822362],[137.43931,34.822383],[137.4393,34.822393],[137.43929,34.822411],[137.439278,34.822444],[137.439591,34.822867],[137.439647,34.822923],[137.439694,34.82295],[137.439741,34.822956],[137.439786,34.822956],[137.439887,34.822945],[137.440034,34.822929],[137.440339,34.822831],[137.440533,34.822772],[137.440595,34.822801],[137.440658,34.822825],[137.440743,34.822842],[137.440809,34.822838],[137.440923,34.822826],[137.440941,34.822887],[137.440968,34.822943],[137.441002,34.82297],[137.441096,34.822974],[137.441184,34.822983],[137.44128,34.822985],[137.441382,34.822972],[137.441442,34.82296],[137.441478,34.822969],[137.44151,34.822989],[137.441598,34.823046],[137.441705,34.82313],[137.441788,34.823222],[137.441973,34.823501],[137.442256,34.823956],[137.442371,34.824128],[137.442416,34.824296],[137.442439,34.82444],[137.442446,34.824518],[137.441575,34.825065],[137.441483,34.825109],[137.442106,34.826805],[137.442643,34.828281],[137.444747,34.827113],[137.446045,34.826393],[137.445935,34.827336],[137.44586,34.827907],[137.445797,34.82841],[137.44576,34.828789],[137.445526,34.830435],[137.445494,34.830746],[137.445668,34.830749],[137.446157,34.831029],[137.445987,34.832285],[137.446231,34.832568],[137.446779,34.832277],[137.446906,34.832338],[137.447013,34.832413],[137.447128,34.832608],[137.447215,34.832828],[137.447438,34.83285],[137.447556,34.832853],[137.447737,34.832849],[137.447907,34.83281],[137.448199,34.832675],[137.448331,34.832669],[137.448575,34.8327],[137.448701,34.83274],[137.448795,34.832773],[137.448874,34.832829],[137.448936,34.832891],[137.448992,34.832923],[137.449102,34.832977],[137.449151,34.833043],[137.4492,34.833154],[137.44925,34.833224],[137.449307,34.833264],[137.450032,34.833352],[137.450702,34.833411],[137.450754,34.833473],[137.450844,34.833853],[137.450993,34.833988],[137.451075,34.834053],[137.45126,34.834076],[137.451756,34.834131],[137.452112,34.834135],[137.454629,34.834123],[137.455355,34.834177]]]}},{"type":"Feature","id":"232010160","properties":{"KEY_CODE":"232010160","PREF":"23","CITY":"201","S_AREA":"016000","PREF_NAME":"愛知県","CITY_NAME":"豊橋市","S_NAME":"石巻町","HCODE":8101,"AREA":8647998.99,"KIGO_E":"","JINKO":2747,"SETAI":1005,"X_CODE":137.455742,"Y_CODE":34.783855},"geometry":{"type":"Polygon","coordinates":[[[137.451087,34.798386],[137.452886,34.798227],[137.452884,34.798236],[137.452875,34.798269],[137.452873,34.798297],[137.452876,34.798344],[137.452893,34.798406],[137.452921,34.798472],[137.45296,34.798546],[137.452993,34.798614],[137.453077,34.798702],[137.453178,34.798775],[137.453287,34.798839],[137.453384,34.798904],[137.453469,34.798967],[137.456235,34.79865],[137.456543,34.798552],[137.456715,34.798447],[137.456887,34.798289],[137.457154,34.798],[137.457326,34.797828],[137.458017,34.796999],[137.458336,34.796612],[137.459148,34.796111],[137.459818,34.795685],[137.459999,34.795415],[137.460197,34.795025],[137.460436,34.794677],[137.461224,34.7943],[137.462467,34.793107],[137.462887,34.792298],[137.463168,34.791808],[137.463393,34.791398],[137.463661,34.790795],[137.463879,34.790434],[137.463959,34.790325],[137.464061,34.790216],[137.464264,34.789993],[137.464624,34.789576],[137.465117,34.789272],[137.465389,34.789155],[137.465776,34.789062],[137.466355,34.789023],[137.466576,34.788942],[137.468778,34.78805],[137.468989,34.787973],[137.469217,34.787847],[137.469737,34.787579],[137.470317,34.787343],[137.470503,34.787285],[137.471601,34.787093],[137.471846,34.787024],[137.473872,34.786222],[137.474094,34.786152],[137.474224,34.786125],[137.474426,34.786167],[137.474575,34.786226],[137.474739,34.786338],[137.474895,34.786402],[137.475012,34.786412],[137.475149,34.786375],[137.475402,34.786175],[137.475623,34.786035],[137.475837,34.78597],[137.476664,34.785866],[137.476797,34.785842],[137.476894,34.785793],[137.477033,34.785544],[137.477698,34.784685],[137.477965,34.784359],[137.478309,34.783909],[137.478452,34.783786],[137.478887,34.783532],[137.480191,34.782886],[137.48063,34.782691],[137.481423,34.782419],[137.481582,34.782386],[137.481524,34.782093],[137.481476,34.781799],[137.481342,34.781361],[137.481159,34.781065],[137.481066,34.780936],[137.480959,34.780856],[137.48074,34.780746],[137.480585,34.780666],[137.48037,34.78057],[137.480215,34.780468],[137.480057,34.780341],[137.479982,34.780266],[137.479901,34.780147],[137.479822,34.779986],[137.479663,34.779823],[137.479552,34.779682],[137.479427,34.779557],[137.479212,34.779453],[137.478977,34.779312],[137.478808,34.77923],[137.478724,34.779183],[137.478687,34.779147],[137.478628,34.77906],[137.478591,34.778974],[137.478572,34.778784],[137.478532,34.778534],[137.478489,34.778294],[137.478462,34.778128],[137.478407,34.777946],[137.478323,34.777808],[137.47821,34.777665],[137.478025,34.777494],[137.477896,34.777373],[137.477849,34.777265],[137.477802,34.777137],[137.477722,34.776898],[137.477708,34.776804],[137.477714,34.776649],[137.477717,34.77643],[137.477736,34.7763],[137.477762,34.776062],[137.477747,34.775955],[137.477662,34.775739],[137.477608,34.775643],[137.47753,34.775543],[137.477436,34.775485],[137.477326,34.775423],[137.476861,34.775149],[137.476696,34.775011],[137.476581,34.77492],[137.476446,34.774815],[137.476325,34.774675],[137.476172,34.774656],[137.47593,34.774646],[137.475736,34.774644],[137.475393,34.774645],[137.47518,34.77463],[137.474874,34.774628],[137.474478,34.774657],[137.474111,34.774675],[137.473886,34.774732],[137.473437,34.774879],[137.47301,34.775011],[137.472615,34.77507],[137.472492,34.775046],[137.472394,34.775005],[137.47231,34.77495],[137.472224,34.774868],[137.471599,34.774106],[137.471491,34.773988],[137.47134,34.773861],[137.471024,34.77375],[137.470619,34.773764],[137.470172,34.773651],[137.469682,34.773449],[137.469173,34.773093],[137.468729,34.772746],[137.468383,34.772522],[137.468244,34.772446],[137.467852,34.772254],[137.467559,34.772136],[137.467314,34.772028],[137.466975,34.7719],[137.466765,34.771833],[137.466656,34.771798],[137.466431,34.77173],[137.466183,34.771661],[137.465991,34.771615],[137.465482,34.771504],[137.465321,34.771465],[137.465153,34.771446],[137.464938,34.771469],[137.464743,34.7715],[137.464475,34.771586],[137.463794,34.771763],[137.463316,34.771844],[137.463044,34.771866],[137.462854,34.771863],[137.462718,34.771852],[137.462595,34.771832],[137.462357,34.77178],[137.461912,34.771694],[137.46169,34.771689],[137.461449,34.771724],[137.460885,34.771914],[137.460861,34.77192],[137.460837,34.77193],[137.4603,34.77214],[137.460004,34.772191],[137.459764,34.772152],[137.459504,34.771988],[137.458908,34.771523],[137.458669,34.771403],[137.458198,34.771426],[137.457911,34.771457],[137.457471,34.771504],[137.457162,34.771532],[137.456474,34.771623],[137.456245,34.771699],[137.456049,34.771737],[137.455467,34.771947],[137.455246,34.772007],[137.455214,34.772016],[137.455007,34.771978],[137.454918,34.77191],[137.454768,34.771796],[137.454257,34.771584],[137.453843,34.771471],[137.453365,34.771397],[137.453149,34.771352],[137.45282,34.771262],[137.452607,34.771076],[137.452288,34.770864],[137.452286,34.770862],[137.451949,34.770723],[137.451782,34.770695],[137.451602,34.77065],[137.45125,34.770568],[137.450856,34.770544],[137.450507,34.770516],[137.449651,34.770489],[137.449262,34.770502],[137.449052,34.770588],[137.448953,34.770612],[137.448902,34.770631],[137.44867,34.770736],[137.448589,34.770771],[137.448502,34.770787],[137.44844,34.77078],[137.448356,34.770731],[137.448265,34.77067],[137.448165,34.770617],[137.447772,34.770528],[137.44733,34.770366],[137.447149,34.770321],[137.446863,34.770297],[137.446586,34.770271],[137.446249,34.770244],[137.4461,34.770221],[137.445949,34.770221],[137.445792,34.770247],[137.445648,34.770278],[137.44552,34.770322],[137.445309,34.770624],[137.445132,34.770855],[137.445048,34.771037],[137.445006,34.771275],[137.444964,34.771471],[137.444939,34.771604],[137.44483,34.771828],[137.444423,34.772373],[137.444144,34.772874],[137.44389,34.773475],[137.443612,34.77385],[137.443372,34.774159],[137.443328,34.774312],[137.443271,34.774534],[137.443227,34.774713],[137.44308,34.774855],[137.44294,34.774966],[137.442763,34.775091],[137.441559,34.776287],[137.44145,34.77634],[137.441351,34.776396],[137.441262,34.776501],[137.441218,34.77658],[137.441167,34.776733],[137.441078,34.776823],[137.440989,34.776887],[137.440874,34.776945],[137.440721,34.777029],[137.440606,34.77713],[137.440492,34.777293],[137.440397,34.77742],[137.440245,34.777614],[137.440286,34.777655],[137.44039,34.777706],[137.44001,34.778311],[137.439797,34.778598],[137.439666,34.778725],[137.439525,34.778835],[137.43942,34.778888],[137.439378,34.778909],[137.439347,34.778922],[137.43924,34.778967],[137.437699,34.779483],[137.437082,34.779686],[137.437046,34.779698],[137.43694,34.779735],[137.436784,34.779773],[137.436661,34.77979],[137.436506,34.7798],[137.436371,34.779806],[137.436268,34.779809],[137.436291,34.779814],[137.437706,34.780375],[137.437695,34.780839],[137.438511,34.780819],[137.438879,34.780791],[137.439336,34.780681],[137.439503,34.780651],[137.439451,34.782644],[137.439448,34.784595],[137.4333,34.784547],[137.433278,34.784478],[137.433258,34.784481],[137.433266,34.784533],[137.433508,34.785283],[137.433567,34.78545],[137.433861,34.78614],[137.434701,34.787867],[137.434808,34.787792],[137.436446,34.786796],[137.436809,34.786701],[137.436885,34.78695],[137.436959,34.787221],[137.436702,34.787291],[137.436796,34.787553],[137.437123,34.787477],[137.437482,34.788127],[137.437996,34.789045],[137.438,34.789052],[137.438028,34.789102],[137.438021,34.789188],[137.438163,34.789287],[137.438188,34.789633],[137.438211,34.789727],[137.438268,34.789962],[137.438277,34.790173],[137.438284,34.79028],[137.438301,34.790435],[137.438293,34.790583],[137.438256,34.790779],[137.438185,34.79097],[137.438185,34.791089],[137.438203,34.791164],[137.438261,34.7912],[137.438355,34.791216],[137.438483,34.791215],[137.438593,34.791596],[137.438738,34.792048],[137.438916,34.792457],[137.438965,34.792547],[137.438962,34.792636],[137.438952,34.792852],[137.43894,34.793248],[137.43893,34.793543],[137.438941,34.793787],[137.438966,34.793918],[137.438987,34.794037],[137.439125,34.794299],[137.439247,34.7945],[137.439056,34.794558],[137.438807,34.79464],[137.438568,34.794724],[137.438381,34.794796],[137.438232,34.794829],[137.438077,34.794918],[137.437948,34.795075],[137.437893,34.795273],[137.437881,34.795423],[137.437973,34.795582],[137.438015,34.795649],[137.438089,34.795733],[137.438182,34.79572],[137.438258,34.79571],[137.438332,34.795686],[137.438462,34.795618],[137.438647,34.795555],[137.438932,34.795492],[137.439008,34.795479],[137.439138,34.79547],[137.43924,34.795476],[137.4394,34.79549],[137.43947,34.795488],[137.439557,34.795484],[137.439661,34.795661],[137.439804,34.795923],[137.439926,34.79596],[137.439887,34.796018],[137.439833,34.796089],[137.439802,34.796133],[137.439713,34.796265],[137.439783,34.796327],[137.439844,34.796379],[137.439909,34.796439],[137.439975,34.796495],[137.440315,34.79678],[137.440357,34.796809],[137.440487,34.796875],[137.440605,34.796964],[137.440696,34.797017],[137.440786,34.797041],[137.44092,34.79708],[137.441043,34.797135],[137.44114,34.797209],[137.441218,34.797269],[137.441282,34.79732],[137.44135,34.797362],[137.441434,34.7974],[137.441492,34.797441],[137.441539,34.797503],[137.441574,34.797646],[137.441691,34.797851],[137.441756,34.797958],[137.44184,34.798081],[137.442114,34.798362],[137.442196,34.798396],[137.442319,34.798418],[137.442388,34.798452],[137.442415,34.798497],[137.442443,34.798666],[137.442484,34.798711],[137.442608,34.798812],[137.442813,34.798991],[137.443128,34.799227],[137.443265,34.799306],[137.443415,34.799339],[137.443566,34.79935],[137.443617,34.799409],[137.443669,34.799466],[137.4437,34.799504],[137.44444,34.799735],[137.444522,34.799688],[137.44476,34.799541],[137.444973,34.799505],[137.44508,34.799049],[137.447407,34.798875],[137.447412,34.798874],[137.451087,34.798386]]]}},{"type":"Feature","id":"232010170","properties":{"KEY_CODE":"232010170","PREF":"23","CITY":"201","S_AREA":"017000","PREF_NAME":"愛知県","CITY_NAME":"豊橋市","S_NAME":"石巻中山町","HCODE":8101,"AREA":3474861.092,"KIGO_E":"","JINKO":132,"SETAI":55,"X_CODE":137.486308,"Y_CODE":34.820917},"geometry":{"type":"Polygon","coordinates":[[[137.489325,34.83036],[137.489735,34.830322],[137.490099,34.83036],[137.490357,34.830364],[137.490636,34.830332],[137.490819,34.830292],[137.491039,34.830192],[137.491161,34.830188],[137.491451,34.830252],[137.491723,34.8303],[137.491827,34.83028],[137.491974,34.83022],[137.492098,34.830151],[137.492181,34.830134],[137.492322,34.830133],[137.492429,34.830102],[137.492616,34.830009],[137.492798,34.82985],[137.492908,34.829721],[137.493643,34.828905],[137.493791,34.828807],[137.494,34.82871],[137.494136,34.82864],[137.494229,34.828577],[137.49436,34.828447],[137.494499,34.828258],[137.494638,34.828066],[137.494735,34.82794],[137.494867,34.827679],[137.494939,34.827588],[137.495028,34.827532],[137.495434,34.827433],[137.495646,34.827384],[137.495868,34.827301],[137.496016,34.827259],[137.49616,34.827248],[137.49633,34.827258],[137.496461,34.827254],[137.496648,34.827218],[137.496728,34.827183],[137.496876,34.827082],[137.496982,34.827005],[137.4971,34.826962],[137.497227,34.826934],[137.497367,34.826902],[137.497473,34.826867],[137.497562,34.826825],[137.497714,34.826796],[137.497888,34.826782],[137.498036,34.826792],[137.498189,34.826778],[137.498333,34.826753],[137.498502,34.826721],[137.498519,34.826696],[137.49855,34.826619],[137.498711,34.826278],[137.498937,34.826105],[137.499064,34.825993],[137.499312,34.825724],[137.499458,34.825573],[137.499565,34.825496],[137.499685,34.825414],[137.499889,34.825337],[137.499974,34.825311],[137.500082,34.825158],[137.500215,34.824886],[137.500303,34.824691],[137.500327,34.824384],[137.500451,34.824193],[137.500712,34.823921],[137.500925,34.823652],[137.50104,34.823549],[137.501256,34.82348],[137.501464,34.823233],[137.501546,34.823098],[137.501472,34.822977],[137.501115,34.822588],[137.500736,34.822329],[137.500355,34.822065],[137.500056,34.821908],[137.499895,34.821776],[137.499721,34.821674],[137.499303,34.821568],[137.499195,34.821536],[137.499076,34.821424],[137.498965,34.821306],[137.498724,34.821145],[137.498393,34.820996],[137.498244,34.820939],[137.497477,34.820776],[137.497163,34.820746],[137.497047,34.820691],[137.496846,34.820482],[137.496739,34.82038],[137.496185,34.820106],[137.495987,34.820038],[137.495643,34.8198],[137.495409,34.819711],[137.495057,34.819672],[137.494967,34.819606],[137.494821,34.819292],[137.494772,34.819149],[137.494718,34.818969],[137.494641,34.818804],[137.494505,34.818648],[137.494281,34.818495],[137.494219,34.818407],[137.494232,34.818278],[137.494315,34.818002],[137.494364,34.817852],[137.494312,34.817696],[137.494173,34.817381],[137.493943,34.816543],[137.493729,34.815629],[137.493554,34.81527],[137.493433,34.815043],[137.49325,34.814929],[137.492862,34.814783],[137.492749,34.814735],[137.492437,34.814466],[137.492353,34.814392],[137.491518,34.813902],[137.491197,34.81377],[137.489204,34.813338],[137.488456,34.812692],[137.487918,34.812291],[137.487667,34.812057],[137.487319,34.811837],[137.48706,34.811603],[137.487015,34.81153],[137.485978,34.811519],[137.485637,34.811511],[137.485292,34.811492],[137.48473,34.811476],[137.484123,34.811458],[137.482781,34.811635],[137.482004,34.811868],[137.481701,34.811905],[137.480282,34.811795],[137.479214,34.812428],[137.47793,34.813081],[137.477396,34.813171],[137.477056,34.81327],[137.47674,34.813421],[137.476558,34.813473],[137.474934,34.813719],[137.474644,34.813859],[137.474544,34.81388],[137.474235,34.813881],[137.473734,34.813791],[137.473682,34.813779],[137.473624,34.813799],[137.473166,34.814452],[137.474023,34.815498],[137.474461,34.816237],[137.474499,34.816402],[137.474523,34.8167],[137.474552,34.817098],[137.474501,34.817531],[137.474398,34.817955],[137.474337,34.818199],[137.474271,34.818576],[137.474281,34.818636],[137.47434,34.818694],[137.474499,34.818773],[137.474648,34.818864],[137.474751,34.818979],[137.474789,34.819096],[137.474819,34.81931],[137.47482,34.819558],[137.474743,34.820242],[137.47468,34.820214],[137.474572,34.820149],[137.474468,34.820102],[137.474351,34.820084],[137.474225,34.820064],[137.474233,34.820173],[137.474255,34.82039],[137.474309,34.820599],[137.474444,34.821192],[137.474486,34.821381],[137.474552,34.821529],[137.474646,34.821645],[137.47487,34.821878],[137.47486,34.82198],[137.474791,34.82211],[137.474764,34.822234],[137.474763,34.822738],[137.474817,34.823048],[137.474943,34.823252],[137.475086,34.823375],[137.475053,34.823529],[137.474973,34.823835],[137.474899,34.824311],[137.474903,34.824594],[137.474926,34.82481],[137.475036,34.824644],[137.475103,34.824529],[137.475224,34.824324],[137.475256,34.824279],[137.475434,34.824029],[137.476151,34.824406],[137.476372,34.824544],[137.47661,34.824695],[137.476876,34.824919],[137.477027,34.825083],[137.477209,34.825361],[137.477537,34.826172],[137.479675,34.826337],[137.479721,34.826323],[137.479781,34.826271],[137.479837,34.826172],[137.479875,34.825979],[137.479851,34.825836],[137.481179,34.826125],[137.481304,34.826172],[137.481431,34.826235],[137.481625,34.826348],[137.481831,34.826457],[137.481977,34.826553],[137.48223,34.826785],[137.482397,34.826987],[137.482533,34.827158],[137.482657,34.827451],[137.482702,34.827526],[137.482787,34.827585],[137.483194,34.827758],[137.483262,34.827804],[137.483309,34.827894],[137.483587,34.828386],[137.483661,34.828567],[137.483772,34.828754],[137.483845,34.828796],[137.484235,34.828861],[137.484421,34.828892],[137.484536,34.828955],[137.484604,34.829035],[137.484677,34.829168],[137.484703,34.829286],[137.484741,34.829367],[137.484896,34.829438],[137.485038,34.829506],[137.485153,34.829582],[137.485738,34.830112],[137.485976,34.830305],[137.486151,34.830486],[137.486261,34.830587],[137.486363,34.830653],[137.48652,34.830719],[137.486737,34.830774],[137.487225,34.830885],[137.487532,34.830932],[137.487727,34.830952],[137.487787,34.830969],[137.487874,34.831002],[137.487956,34.831045],[137.488027,34.831081],[137.48817,34.831025],[137.488269,34.830948],[137.488336,34.830867],[137.488436,34.830799],[137.48857,34.830747],[137.488935,34.830704],[137.48908,34.830658],[137.489193,34.830589],[137.489276,34.830512],[137.489282,34.830407],[137.489325,34.83036]]]}},{"type":"Feature","id":"232010180","properties":{"KEY_CODE":"232010180","PREF":"23","CITY":"201","S_AREA":"018000","PREF_NAME":"愛知県","CITY_NAME":"豊橋市","S_NAME":"石巻西川町","HCODE":8101,"AREA":4823354.467,"KIGO_E":"","JINKO":764,"SETAI":259,"X_CODE":137.464498,"Y_CODE":34.847539},"geometry":{"type":"Polygon","coordinates":[[[137.472527,34.861035],[137.472732,34.860868],[137.472951,34.860752],[137.473227,34.860767],[137.47343,34.86073],[137.473844,34.860637],[137.474325,34.860655],[137.474626,34.860669],[137.474765,34.860683],[137.474871,34.860693],[137.474992,34.860707],[137.475105,34.860707],[137.475233,34.860697],[137.47534,34.86068],[137.475467,34.860651],[137.475548,34.860632],[137.475855,34.860556],[137.476685,34.860366],[137.477445,34.860098],[137.477653,34.859976],[137.477881,34.859695],[137.478075,34.859275],[137.478234,34.858757],[137.47829,34.85863],[137.478298,34.858449],[137.478279,34.858164],[137.478296,34.857837],[137.478372,34.857733],[137.478715,34.857589],[137.479074,34.857434],[137.479375,34.857347],[137.480197,34.857237],[137.480705,34.857167],[137.481125,34.857054],[137.481361,34.856994],[137.481477,34.856932],[137.481195,34.856792],[137.480076,34.855428],[137.479449,34.854669],[137.478973,34.854252],[137.478801,34.853917],[137.478763,34.85356],[137.478631,34.85323],[137.478474,34.852963],[137.478034,34.852396],[137.477742,34.852034],[137.477598,34.85153],[137.477481,34.851238],[137.477323,34.850954],[137.477175,34.850775],[137.477154,34.850711],[137.477125,34.850515],[137.477107,34.850214],[137.47698,34.849975],[137.476755,34.849814],[137.476566,34.849732],[137.476482,34.849617],[137.476408,34.849468],[137.475736,34.849157],[137.4757,34.849099],[137.47562,34.848711],[137.47553,34.848466],[137.475399,34.848166],[137.47507,34.847517],[137.474851,34.847154],[137.474782,34.84682],[137.474579,34.846842],[137.474222,34.846885],[137.473926,34.846878],[137.473438,34.846882],[137.472485,34.846837],[137.472298,34.846821],[137.472063,34.846778],[137.471928,34.846737],[137.471687,34.846649],[137.471588,34.846577],[137.471624,34.846482],[137.471709,34.846399],[137.471841,34.84633],[137.471491,34.846002],[137.471145,34.845594],[137.471395,34.845489],[137.471828,34.845236],[137.472351,34.844931],[137.472419,34.844705],[137.472319,34.844535],[137.472256,34.844427],[137.472187,34.844292],[137.472151,34.844079],[137.472156,34.84392],[137.472117,34.843603],[137.472055,34.843316],[137.471878,34.842947],[137.471591,34.842384],[137.471439,34.84214],[137.471102,34.842096],[137.470835,34.842015],[137.470434,34.841886],[137.469869,34.841719],[137.469591,34.841615],[137.469442,34.841554],[137.469351,34.841496],[137.469309,34.841441],[137.469223,34.841389],[137.469137,34.841317],[137.469062,34.841211],[137.46907,34.841103],[137.468737,34.840888],[137.468445,34.840731],[137.46794,34.84037],[137.468051,34.840319],[137.468153,34.840251],[137.468192,34.840194],[137.468248,34.840107],[137.468267,34.840076],[137.468297,34.840038],[137.468181,34.840037],[137.468072,34.840024],[137.467935,34.840012],[137.467707,34.839978],[137.467459,34.83991],[137.467334,34.839856],[137.467173,34.839757],[137.466785,34.839513],[137.466467,34.839199],[137.466303,34.839132],[137.466051,34.839083],[137.465717,34.838893],[137.465498,34.838781],[137.465266,34.838681],[137.464287,34.838447],[137.463981,34.83833],[137.463911,34.838248],[137.463826,34.838073],[137.463514,34.837807],[137.46332,34.83758],[137.463474,34.837518],[137.463555,34.837469],[137.463623,34.837418],[137.463687,34.837364],[137.463738,34.837306],[137.463796,34.837227],[137.463822,34.837175],[137.463877,34.837038],[137.463904,34.836956],[137.463921,34.836858],[137.463929,34.836751],[137.463937,34.836632],[137.463957,34.836498],[137.463988,34.836378],[137.464005,34.836277],[137.463715,34.836143],[137.463405,34.835992],[137.462998,34.836426],[137.462891,34.836369],[137.462817,34.836318],[137.462757,34.836266],[137.462734,34.836182],[137.462426,34.835575],[137.462283,34.835242],[137.462236,34.835054],[137.462154,34.834937],[137.461982,34.834733],[137.461791,34.834573],[137.461351,34.834823],[137.46115,34.834936],[137.461081,34.834909],[137.46103,34.834864],[137.460975,34.834799],[137.460938,34.834754],[137.46091,34.834696],[137.460904,34.834662],[137.460913,34.834595],[137.46089,34.834549],[137.460845,34.8345],[137.460678,34.834403],[137.460599,34.8344],[137.460531,34.834404],[137.460188,34.83437],[137.460223,34.834047],[137.460277,34.833718],[137.460272,34.832794],[137.460264,34.832567],[137.460238,34.832416],[137.460219,34.832312],[137.460162,34.83215],[137.4601,34.832015],[137.460023,34.831899],[137.459977,34.831818],[137.459765,34.831651],[137.459497,34.831413],[137.459281,34.831191],[137.459042,34.831014],[137.458908,34.830937],[137.458701,34.831005],[137.458564,34.83107],[137.458298,34.831186],[137.458036,34.831344],[137.457619,34.831677],[137.457251,34.832012],[137.456889,34.832404],[137.456683,34.832728],[137.456603,34.832846],[137.456411,34.833086],[137.456088,34.833572],[137.455937,34.833776],[137.455696,34.833988],[137.455596,34.834073],[137.455524,34.834112],[137.455355,34.834177],[137.454629,34.834123],[137.452112,34.834135],[137.451756,34.834131],[137.45126,34.834076],[137.451075,34.834053],[137.450993,34.833988],[137.450844,34.833853],[137.450754,34.833473],[137.450702,34.833411],[137.450032,34.833352],[137.449307,34.833264],[137.44925,34.833224],[137.4492,34.833154],[137.449151,34.833043],[137.449102,34.832977],[137.448992,34.832923],[137.448936,34.832891],[137.448874,34.832829],[137.448795,34.832773],[137.448701,34.83274],[137.448575,34.8327],[137.448331,34.832669],[137.448199,34.832675],[137.447907,34.83281],[137.447737,34.832849],[137.447556,34.832853],[137.447438,34.83285],[137.447215,34.832828],[137.447229,34.832951],[137.447199,34.833141],[137.447073,34.833425],[137.446883,34.834015],[137.447164,34.834152],[137.447799,34.834393],[137.448086,34.834515],[137.448238,34.834698],[137.448467,34.834999],[137.448817,34.835239],[137.449169,34.835397],[137.449342,34.835435],[137.449872,34.835445],[137.450157,34.835535],[137.450726,34.835798],[137.45147,34.836271],[137.451785,34.836474],[137.451664,34.836644],[137.451547,34.836832],[137.450304,34.83878],[137.450213,34.838922],[137.451268,34.839315],[137.451399,34.839275],[137.451513,34.839248],[137.451652,34.839249],[137.452777,34.839652],[137.452626,34.839813],[137.452661,34.839875],[137.45275,34.83995],[137.452833,34.839993],[137.452912,34.840021],[137.453005,34.840038],[137.453052,34.840027],[137.453027,34.840116],[137.452996,34.840181],[137.452922,34.84026],[137.452872,34.840289],[137.452913,34.840369],[137.45296,34.840465],[137.453002,34.840602],[137.453043,34.840763],[137.453088,34.841022],[137.453079,34.841064],[137.452994,34.841189],[137.452976,34.841308],[137.452973,34.841409],[137.452964,34.841443],[137.452942,34.84149],[137.452901,34.841555],[137.452851,34.841672],[137.452836,34.841749],[137.45288,34.841845],[137.452942,34.841937],[137.453037,34.841999],[137.45333,34.842105],[137.453154,34.842134],[137.453009,34.842124],[137.452769,34.842109],[137.452558,34.842099],[137.452388,34.842081],[137.452212,34.84204],[137.452046,34.841978],[137.451925,34.841929],[137.451805,34.841899],[137.45166,34.841816],[137.451507,34.841708],[137.451347,34.84158],[137.451213,34.841528],[137.451105,34.841534],[137.451042,34.841589],[137.451011,34.841651],[137.450957,34.841656],[137.451074,34.841714],[137.45113,34.841806],[137.451234,34.84193],[137.451231,34.842003],[137.451203,34.842077],[137.45119,34.842159],[137.451322,34.842298],[137.451483,34.842534],[137.451522,34.842688],[137.451585,34.843085],[137.451515,34.843213],[137.451422,34.843294],[137.451338,34.843328],[137.45124,34.843507],[137.451183,34.843643],[137.451163,34.843764],[137.451222,34.843999],[137.45123,34.844063],[137.451164,34.84412],[137.450933,34.844128],[137.4507,34.844131],[137.450455,34.844123],[137.450697,34.844799],[137.450716,34.844985],[137.450751,34.845358],[137.45075,34.845537],[137.450819,34.84567],[137.450908,34.845791],[137.450987,34.845883],[137.451075,34.845926],[137.451258,34.845955],[137.451463,34.845985],[137.451513,34.846003],[137.451672,34.846089],[137.452736,34.846474],[137.452794,34.846494],[137.453585,34.846804],[137.453994,34.846907],[137.455406,34.847344],[137.455635,34.847426],[137.455799,34.84751],[137.456009,34.847662],[137.456239,34.847824],[137.456367,34.847911],[137.456429,34.848012],[137.456462,34.848175],[137.456491,34.848259],[137.456611,34.848451],[137.456755,34.848667],[137.456955,34.848892],[137.457215,34.84925],[137.457404,34.849476],[137.457557,34.84961],[137.45769,34.8497],[137.457839,34.849845],[137.458082,34.850118],[137.458473,34.850479],[137.458666,34.850663],[137.458825,34.850804],[137.458961,34.850939],[137.459128,34.851097],[137.459439,34.851371],[137.459513,34.851451],[137.459625,34.851551],[137.459671,34.851614],[137.459774,34.851796],[137.45992,34.852051],[137.460002,34.852214],[137.460148,34.852491],[137.460275,34.852668],[137.460382,34.852806],[137.460501,34.852967],[137.460637,34.853109],[137.460738,34.853265],[137.460819,34.853389],[137.460857,34.853448],[137.460899,34.853502],[137.460921,34.853625],[137.460826,34.854066],[137.460805,34.854373],[137.460775,34.854688],[137.460603,34.854981],[137.460411,34.855149],[137.460318,34.855352],[137.460225,34.855554],[137.460185,34.855734],[137.46019,34.855815],[137.460244,34.855892],[137.460534,34.856208],[137.460638,34.856332],[137.460724,34.856389],[137.460838,34.856459],[137.460956,34.856525],[137.461054,34.856612],[137.461107,34.856706],[137.46116,34.856819],[137.461185,34.856967],[137.461219,34.857137],[137.461204,34.857291],[137.461096,34.858349],[137.461096,34.858507],[137.461205,34.858641],[137.461284,34.858692],[137.461964,34.858973],[137.462666,34.859214],[137.463069,34.859498],[137.463459,34.859756],[137.463721,34.859968],[137.463957,34.860179],[137.46464,34.860429],[137.465444,34.860596],[137.466152,34.8607],[137.466774,34.860833],[137.467176,34.860986],[137.467596,34.861039],[137.468171,34.861165],[137.468228,34.861159],[137.468498,34.861133],[137.468869,34.861065],[137.46906,34.86103],[137.469588,34.86114],[137.470536,34.861168],[137.471302,34.861267],[137.471889,34.861382],[137.472104,34.861382],[137.472527,34.861035]]]}},{"type":"Feature","id":"232010190","properties":{"KEY_CODE":"232010190","PREF":"23","CITY":"201","S_AREA":"019000","PREF_NAME":"愛知県","CITY_NAME":"豊橋市","S_NAME":"石巻萩平町","HCODE":8101,"AREA":3600833.054,"KIGO_E":"","JINKO":508,"SETAI":166,"X_CODE":137.478648,"Y_CODE":34.836921},"geometry":{"type":"Polygon","coordinates":[[[137.482237,34.847145],[137.482505,34.847139],[137.482684,34.847147],[137.482875,34.847118],[137.483034,34.84706],[137.483174,34.847002],[137.483432,34.846836],[137.483671,34.846617],[137.483789,34.846482],[137.483906,34.846321],[137.484028,34.846129],[137.485467,34.845412],[137.485261,34.845207],[137.485101,34.845059],[137.485291,34.845032],[137.485575,34.844932],[137.486337,34.844616],[137.48635,34.844611],[137.486533,34.844583],[137.486693,34.844558],[137.486804,34.844541],[137.48706,34.844445],[137.486992,34.844378],[137.486897,34.844283],[137.486841,34.844198],[137.486826,34.844172],[137.486798,34.844006],[137.486795,34.843959],[137.486797,34.843828],[137.486821,34.843584],[137.486822,34.843555],[137.486807,34.843534],[137.486681,34.843375],[137.486837,34.843233],[137.486721,34.842916],[137.486706,34.842829],[137.486768,34.842554],[137.486943,34.842333],[137.487035,34.842222],[137.487241,34.84201],[137.487343,34.8419],[137.487494,34.841566],[137.487498,34.841555],[137.487449,34.841536],[137.487459,34.841393],[137.487437,34.841305],[137.487428,34.841243],[137.487195,34.840775],[137.487035,34.840208],[137.487026,34.840002],[137.48705,34.839911],[137.487229,34.839738],[137.487619,34.839103],[137.48751,34.838832],[137.487417,34.838651],[137.487379,34.838538],[137.487337,34.8384],[137.487298,34.838241],[137.487354,34.838152],[137.487497,34.83782],[137.48759,34.837637],[137.487613,34.837502],[137.48757,34.837362],[137.487504,34.837269],[137.487349,34.8371],[137.487228,34.836975],[137.487151,34.836833],[137.487106,34.836637],[137.487123,34.836524],[137.487244,34.836297],[137.487278,34.836061],[137.487269,34.835715],[137.487305,34.835591],[137.487503,34.835156],[137.487649,34.834964],[137.487926,34.834714],[137.488327,34.834156],[137.488371,34.834071],[137.488425,34.833877],[137.488447,34.833731],[137.488581,34.833455],[137.48868,34.833341],[137.488785,34.833237],[137.488864,34.833163],[137.488895,34.833092],[137.488892,34.832818],[137.488856,34.832494],[137.488804,34.832307],[137.488727,34.832153],[137.488635,34.832058],[137.488382,34.831493],[137.488217,34.831262],[137.488027,34.831081],[137.487956,34.831045],[137.487874,34.831002],[137.487787,34.830969],[137.487727,34.830952],[137.487532,34.830932],[137.487225,34.830885],[137.486737,34.830774],[137.48652,34.830719],[137.486363,34.830653],[137.486261,34.830587],[137.486151,34.830486],[137.485976,34.830305],[137.485738,34.830112],[137.485153,34.829582],[137.485038,34.829506],[137.484896,34.829438],[137.484741,34.829367],[137.484703,34.829286],[137.484677,34.829168],[137.484604,34.829035],[137.484536,34.828955],[137.484421,34.828892],[137.484235,34.828861],[137.483845,34.828796],[137.483772,34.828754],[137.483661,34.828567],[137.483587,34.828386],[137.483309,34.827894],[137.483262,34.827804],[137.483194,34.827758],[137.482787,34.827585],[137.482702,34.827526],[137.482657,34.827451],[137.482533,34.827158],[137.482397,34.826987],[137.48223,34.826785],[137.481977,34.826553],[137.481831,34.826457],[137.481625,34.826348],[137.481431,34.826235],[137.481304,34.826172],[137.481179,34.826125],[137.479851,34.825836],[137.479875,34.825979],[137.479837,34.826172],[137.479781,34.826271],[137.479721,34.826323],[137.479675,34.826337],[137.477537,34.826172],[137.477209,34.825361],[137.477027,34.825083],[137.476876,34.824919],[137.47661,34.824695],[137.476372,34.824544],[137.476151,34.824406],[137.475434,34.824029],[137.475256,34.824279],[137.475224,34.824324],[137.475103,34.824529],[137.475036,34.824644],[137.474926,34.82481],[137.474903,34.824594],[137.474899,34.824311],[137.474973,34.823835],[137.475053,34.823529],[137.475086,34.823375],[137.474943,34.823252],[137.474817,34.823048],[137.474763,34.822738],[137.474764,34.822234],[137.474791,34.82211],[137.47486,34.82198],[137.47487,34.821878],[137.474646,34.821645],[137.474552,34.821529],[137.474486,34.821381],[137.474444,34.821192],[137.474309,34.820599],[137.474255,34.82039],[137.474233,34.820173],[137.474225,34.820064],[137.474212,34.820038],[137.474032,34.820133],[137.473895,34.820196],[137.473637,34.820268],[137.473154,34.820472],[137.47313,34.82058],[137.473229,34.820673],[137.473326,34.820764],[137.473492,34.820958],[137.473553,34.821055],[137.473551,34.82113],[137.473524,34.821229],[137.473471,34.821317],[137.473393,34.821392],[137.473357,34.821416],[137.473287,34.82146],[137.473019,34.821631],[137.472909,34.821746],[137.472729,34.82197],[137.472628,34.822152],[137.472526,34.822379],[137.472498,34.822619],[137.472511,34.822805],[137.472561,34.82296],[137.472643,34.823087],[137.47288,34.823282],[137.473081,34.823437],[137.473235,34.823539],[137.473297,34.823603],[137.473326,34.823657],[137.473359,34.823728],[137.473363,34.823829],[137.473347,34.823944],[137.473336,34.824049],[137.473363,34.824096],[137.473486,34.824136],[137.473577,34.824167],[137.473635,34.824198],[137.473677,34.824263],[137.473691,34.824314],[137.473747,34.824366],[137.473851,34.824423],[137.473898,34.824463],[137.47392,34.82453],[137.473888,34.824626],[137.473822,34.824726],[137.473751,34.824801],[137.473678,34.824867],[137.473674,34.824932],[137.473746,34.824985],[137.473818,34.825029],[137.473917,34.825088],[137.474001,34.825131],[137.474132,34.825197],[137.474155,34.825262],[137.474097,34.825534],[137.473991,34.825651],[137.473942,34.825685],[137.473852,34.825725],[137.473795,34.825793],[137.473742,34.825878],[137.473697,34.825949],[137.473628,34.826003],[137.473574,34.826017],[137.473505,34.826034],[137.473402,34.826017],[137.473308,34.82599],[137.47325,34.82594],[137.473158,34.825891],[137.472969,34.825895],[137.472828,34.825907],[137.472689,34.825911],[137.472609,34.825902],[137.472539,34.825876],[137.472498,34.825844],[137.471464,34.826716],[137.47148,34.82674],[137.471529,34.826843],[137.471658,34.827109],[137.471747,34.827319],[137.471812,34.827441],[137.471835,34.827547],[137.471791,34.82769],[137.471797,34.827849],[137.471613,34.827987],[137.471361,34.828175],[137.471173,34.828262],[137.470984,34.82833],[137.470821,34.828488],[137.470663,34.828398],[137.470178,34.828227],[137.469854,34.828108],[137.469999,34.828341],[137.470275,34.828963],[137.469091,34.829829],[137.469179,34.829894],[137.469482,34.830188],[137.469531,34.830233],[137.469587,34.830335],[137.469748,34.830965],[137.469617,34.831119],[137.469484,34.831256],[137.46928,34.831516],[137.469802,34.832146],[137.469851,34.832291],[137.469797,34.832475],[137.469661,34.832655],[137.469649,34.832874],[137.469632,34.833083],[137.469885,34.833241],[137.469953,34.833255],[137.470152,34.833312],[137.470243,34.833434],[137.470303,34.833545],[137.470277,34.8337],[137.470098,34.833905],[137.469879,34.834088],[137.469352,34.834124],[137.46909,34.834197],[137.469007,34.834239],[137.46885,34.834341],[137.46866,34.834541],[137.468558,34.834671],[137.468229,34.834785],[137.468315,34.834834],[137.468475,34.834905],[137.468568,34.834985],[137.468672,34.835135],[137.468789,34.835312],[137.468893,34.835512],[137.469076,34.835738],[137.469398,34.835958],[137.469788,34.836184],[137.469968,34.836262],[137.470253,34.83628],[137.470451,34.836254],[137.471181,34.836357],[137.471495,34.83643],[137.47156,34.836437],[137.471584,34.836481],[137.471531,34.83724],[137.471578,34.83733],[137.471829,34.837623],[137.472093,34.837845],[137.472216,34.83791],[137.472359,34.837932],[137.472396,34.837974],[137.472494,34.838073],[137.472707,34.83826],[137.472872,34.838399],[137.473155,34.838574],[137.473426,34.838797],[137.473493,34.838943],[137.473595,34.839576],[137.473655,34.839949],[137.473658,34.840089],[137.473554,34.840177],[137.473336,34.840356],[137.473237,34.840406],[137.472967,34.84051],[137.472947,34.840558],[137.472887,34.840721],[137.4727,34.840634],[137.472608,34.84061],[137.47236,34.840603],[137.472054,34.840615],[137.471967,34.840724],[137.471829,34.840936],[137.471813,34.841056],[137.471845,34.841235],[137.471845,34.841283],[137.471748,34.841363],[137.471683,34.841397],[137.471672,34.841422],[137.471786,34.841632],[137.471794,34.841754],[137.471727,34.842063],[137.47171,34.842097],[137.471609,34.842152],[137.471554,34.84216],[137.471439,34.84214],[137.471591,34.842384],[137.471878,34.842947],[137.472055,34.843316],[137.472117,34.843603],[137.472156,34.84392],[137.472151,34.844079],[137.472187,34.844292],[137.472256,34.844427],[137.472319,34.844535],[137.472419,34.844705],[137.472351,34.844931],[137.471828,34.845236],[137.471395,34.845489],[137.471145,34.845594],[137.471491,34.846002],[137.471841,34.84633],[137.471709,34.846399],[137.471624,34.846482],[137.471588,34.846577],[137.471687,34.846649],[137.471928,34.846737],[137.472063,34.846778],[137.472298,34.846821],[137.472485,34.846837],[137.473438,34.846882],[137.473926,34.846878],[137.474222,34.846885],[137.474579,34.846842],[137.474782,34.84682],[137.474851,34.847154],[137.47507,34.847517],[137.475399,34.848166],[137.47553,34.848466],[137.47562,34.848711],[137.4757,34.849099],[137.475736,34.849157],[137.476408,34.849468],[137.476482,34.849617],[137.476566,34.849732],[137.476755,34.849814],[137.47698,34.849975],[137.477107,34.850214],[137.477125,34.850515],[137.477154,34.850711],[137.477175,34.850775],[137.477323,34.850954],[137.477481,34.851238],[137.477598,34.85153],[137.477742,34.852034],[137.478034,34.852396],[137.478474,34.852963],[137.478631,34.85323],[137.478763,34.85356],[137.478801,34.853917],[137.478973,34.854252],[137.479449,34.854669],[137.480076,34.855428],[137.481195,34.856792],[137.481477,34.856932],[137.481452,34.85647],[137.481484,34.856289],[137.481563,34.856058],[137.481559,34.85584],[137.481547,34.855811],[137.481489,34.855679],[137.481371,34.855498],[137.481254,34.855364],[137.481067,34.855153],[137.48093,34.854911],[137.480784,34.85458],[137.480716,34.854389],[137.480335,34.853756],[137.480363,34.853601],[137.480358,34.853407],[137.480357,34.853363],[137.48026,34.85308],[137.480184,34.85278],[137.480128,34.852573],[137.480061,34.852303],[137.479983,34.852009],[137.47995,34.851828],[137.479799,34.85144],[137.47964,34.85121],[137.479583,34.851123],[137.479459,34.851025],[137.479385,34.850981],[137.479352,34.85093],[137.479335,34.850832],[137.479356,34.850751],[137.479388,34.850606],[137.479425,34.850423],[137.479384,34.850238],[137.479311,34.850033],[137.479289,34.84989],[137.479255,34.849627],[137.479201,34.849283],[137.479201,34.849054],[137.479167,34.848839],[137.479123,34.848589],[137.479104,34.848413],[137.479123,34.848373],[137.479213,34.848302],[137.479366,34.848158],[137.479507,34.848021],[137.479612,34.847911],[137.479757,34.84775],[137.479892,34.847655],[137.479988,34.847609],[137.480099,34.847578],[137.480174,34.84757],[137.480535,34.847531],[137.480785,34.84746],[137.481076,34.847364],[137.481351,34.847286],[137.481552,34.847231],[137.481712,34.847204],[137.481987,34.847169],[137.482237,34.847145]]]}},{"type":"Feature","id":"232010200","properties":{"KEY_CODE":"232010200","PREF":"23","CITY":"201","S_AREA":"020000","PREF_NAME":"愛知県","CITY_NAME":"豊橋市","S_NAME":"石巻平野町","HCODE":8101,"AREA":4144100.217,"KIGO_E":"","JINKO":510,"SETAI":176,"X_CODE":137.463678,"Y_CODE":34.823765},"geometry":{"type":"Polygon","coordinates":[[[137.472054,34.840615],[137.47236,34.840603],[137.472608,34.84061],[137.4727,34.840634],[137.472887,34.840721],[137.472947,34.840558],[137.472967,34.84051],[137.473237,34.840406],[137.473336,34.840356],[137.473554,34.840177],[137.473658,34.840089],[137.473655,34.839949],[137.473595,34.839576],[137.473493,34.838943],[137.473426,34.838797],[137.473155,34.838574],[137.472872,34.838399],[137.472707,34.83826],[137.472494,34.838073],[137.472396,34.837974],[137.472359,34.837932],[137.472216,34.83791],[137.472093,34.837845],[137.471829,34.837623],[137.471578,34.83733],[137.471531,34.83724],[137.471584,34.836481],[137.47156,34.836437],[137.471495,34.83643],[137.471181,34.836357],[137.470451,34.836254],[137.470253,34.83628],[137.469968,34.836262],[137.469788,34.836184],[137.469398,34.835958],[137.469076,34.835738],[137.468893,34.835512],[137.468789,34.835312],[137.468672,34.835135],[137.468568,34.834985],[137.468475,34.834905],[137.468315,34.834834],[137.468229,34.834785],[137.468558,34.834671],[137.46866,34.834541],[137.46885,34.834341],[137.469007,34.834239],[137.46909,34.834197],[137.469352,34.834124],[137.469879,34.834088],[137.470098,34.833905],[137.470277,34.8337],[137.470303,34.833545],[137.470243,34.833434],[137.470152,34.833312],[137.469953,34.833255],[137.469885,34.833241],[137.469632,34.833083],[137.469649,34.832874],[137.469661,34.832655],[137.469797,34.832475],[137.469851,34.832291],[137.469802,34.832146],[137.46928,34.831516],[137.469484,34.831256],[137.469617,34.831119],[137.469748,34.830965],[137.469587,34.830335],[137.469531,34.830233],[137.469482,34.830188],[137.469179,34.829894],[137.469091,34.829829],[137.470275,34.828963],[137.469999,34.828341],[137.469854,34.828108],[137.470178,34.828227],[137.470663,34.828398],[137.470821,34.828488],[137.470984,34.82833],[137.471173,34.828262],[137.471361,34.828175],[137.471613,34.827987],[137.471797,34.827849],[137.471791,34.82769],[137.471835,34.827547],[137.471812,34.827441],[137.471747,34.827319],[137.471658,34.827109],[137.471529,34.826843],[137.47148,34.82674],[137.471464,34.826716],[137.472498,34.825844],[137.472539,34.825876],[137.472609,34.825902],[137.472689,34.825911],[137.472828,34.825907],[137.472969,34.825895],[137.473158,34.825891],[137.47325,34.82594],[137.473308,34.82599],[137.473402,34.826017],[137.473505,34.826034],[137.473574,34.826017],[137.473628,34.826003],[137.473697,34.825949],[137.473742,34.825878],[137.473795,34.825793],[137.473852,34.825725],[137.473942,34.825685],[137.473991,34.825651],[137.474097,34.825534],[137.474155,34.825262],[137.474132,34.825197],[137.474001,34.825131],[137.473917,34.825088],[137.473818,34.825029],[137.473746,34.824985],[137.473674,34.824932],[137.473678,34.824867],[137.473751,34.824801],[137.473822,34.824726],[137.473888,34.824626],[137.47392,34.82453],[137.473898,34.824463],[137.473851,34.824423],[137.473747,34.824366],[137.473691,34.824314],[137.473677,34.824263],[137.473635,34.824198],[137.473577,34.824167],[137.473486,34.824136],[137.473363,34.824096],[137.473336,34.824049],[137.473347,34.823944],[137.473363,34.823829],[137.473359,34.823728],[137.473326,34.823657],[137.473297,34.823603],[137.473235,34.823539],[137.473081,34.823437],[137.47288,34.823282],[137.472643,34.823087],[137.472561,34.82296],[137.472511,34.822805],[137.472498,34.822619],[137.472526,34.822379],[137.472628,34.822152],[137.472729,34.82197],[137.472909,34.821746],[137.473019,34.821631],[137.473287,34.82146],[137.473357,34.821416],[137.473393,34.821392],[137.473471,34.821317],[137.473524,34.821229],[137.473551,34.82113],[137.473553,34.821055],[137.473492,34.820958],[137.473326,34.820764],[137.473229,34.820673],[137.47313,34.82058],[137.473154,34.820472],[137.473637,34.820268],[137.473895,34.820196],[137.474032,34.820133],[137.474212,34.820038],[137.474225,34.820064],[137.474351,34.820084],[137.474468,34.820102],[137.474572,34.820149],[137.47468,34.820214],[137.474743,34.820242],[137.47482,34.819558],[137.474819,34.81931],[137.474789,34.819096],[137.474751,34.818979],[137.474648,34.818864],[137.474499,34.818773],[137.47434,34.818694],[137.474281,34.818636],[137.474271,34.818576],[137.474337,34.818199],[137.474398,34.817955],[137.474501,34.817531],[137.474552,34.817098],[137.474523,34.8167],[137.474499,34.816402],[137.474461,34.816237],[137.474023,34.815498],[137.473166,34.814452],[137.472384,34.815285],[137.472215,34.81539],[137.472009,34.815356],[137.47108,34.815131],[137.470808,34.815114],[137.470624,34.815156],[137.470394,34.815243],[137.470031,34.815419],[137.469668,34.815522],[137.469447,34.815514],[137.468944,34.815416],[137.468071,34.815422],[137.467425,34.815476],[137.466843,34.815495],[137.466441,34.815479],[137.465901,34.815279],[137.464858,34.814844],[137.464414,34.814782],[137.463518,34.814691],[137.46341,34.814644],[137.463159,34.81446],[137.462919,34.81427],[137.462688,34.814122],[137.462498,34.814049],[137.462133,34.813896],[137.461513,34.813769],[137.461658,34.813577],[137.461743,34.813342],[137.461839,34.812249],[137.461908,34.81127],[137.46189,34.810902],[137.461828,34.81048],[137.461725,34.810118],[137.461605,34.809777],[137.461487,34.809403],[137.461363,34.809023],[137.461075,34.808691],[137.461064,34.808777],[137.461001,34.809018],[137.460978,34.809233],[137.460924,34.809393],[137.460859,34.809549],[137.460678,34.809759],[137.460512,34.810001],[137.460437,34.81016],[137.460234,34.810154],[137.45994,34.810096],[137.459602,34.809992],[137.459363,34.809898],[137.459146,34.809823],[137.458852,34.809719],[137.458419,34.809697],[137.458107,34.809617],[137.457943,34.809621],[137.457819,34.80971],[137.457712,34.809924],[137.457491,34.810021],[137.45725,34.810069],[137.456774,34.810042],[137.456548,34.809915],[137.456351,34.809805],[137.455599,34.809683],[137.455443,34.809696],[137.455353,34.80976],[137.455244,34.80996],[137.455154,34.809964],[137.455077,34.809905],[137.454915,34.809794],[137.454781,34.809725],[137.454614,34.809711],[137.454449,34.809749],[137.454243,34.809828],[137.454106,34.80983],[137.453902,34.809722],[137.453808,34.80964],[137.453604,34.809577],[137.453372,34.809542],[137.45319,34.809532],[137.453093,34.809434],[137.453119,34.809227],[137.452991,34.809087],[137.452772,34.809054],[137.452414,34.809142],[137.451967,34.80913],[137.451543,34.809091],[137.45098,34.809115],[137.450621,34.809232],[137.450461,34.809219],[137.450315,34.809191],[137.450078,34.809112],[137.449928,34.809045],[137.449878,34.808998],[137.449867,34.808957],[137.449867,34.808891],[137.449872,34.808814],[137.449858,34.808755],[137.449814,34.808676],[137.449742,34.808599],[137.449599,34.808534],[137.449442,34.80848],[137.449254,34.808445],[137.449166,34.808442],[137.449098,34.808444],[137.448816,34.808539],[137.448507,34.808661],[137.448187,34.808792],[137.447966,34.808915],[137.447963,34.809032],[137.448024,34.809141],[137.44809,34.80926],[137.448249,34.809551],[137.448465,34.809671],[137.448759,34.809748],[137.449142,34.809798],[137.449436,34.809839],[137.449509,34.810056],[137.449592,34.810247],[137.449743,34.810498],[137.449898,34.810801],[137.450102,34.811037],[137.450313,34.81109],[137.45076,34.811056],[137.450955,34.811097],[137.451224,34.811234],[137.45166,34.811459],[137.452142,34.811562],[137.452552,34.811512],[137.452724,34.811449],[137.452831,34.811439],[137.452889,34.811533],[137.452954,34.811736],[137.45312,34.812099],[137.453231,34.812353],[137.453162,34.812646],[137.45325,34.812806],[137.453537,34.813037],[137.4539,34.813123],[137.454166,34.813173],[137.454465,34.813549],[137.454667,34.813812],[137.454816,34.813872],[137.454965,34.813851],[137.455198,34.813709],[137.455373,34.813709],[137.455508,34.813734],[137.455627,34.81384],[137.455702,34.81392],[137.455832,34.813985],[137.456028,34.814038],[137.45622,34.814123],[137.456483,34.814186],[137.456527,34.814353],[137.456404,34.814626],[137.455994,34.814837],[137.455775,34.814887],[137.455698,34.814969],[137.455748,34.81509],[137.456139,34.815212],[137.456485,34.815282],[137.456858,34.815164],[137.457171,34.815038],[137.457352,34.81496],[137.457561,34.814965],[137.457754,34.814989],[137.457871,34.815014],[137.457894,34.815108],[137.457857,34.815229],[137.457808,34.81534],[137.457721,34.815381],[137.457587,34.81541],[137.457448,34.815472],[137.457376,34.815591],[137.457356,34.815688],[137.457379,34.815842],[137.457474,34.816016],[137.457663,34.816149],[137.457951,34.816226],[137.45789,34.816466],[137.457781,34.81648],[137.457654,34.81653],[137.457415,34.81657],[137.457109,34.81654],[137.456907,34.816595],[137.456404,34.816672],[137.456171,34.816699],[137.456043,34.816728],[137.455953,34.816766],[137.455899,34.816815],[137.455838,34.816852],[137.455758,34.816865],[137.455582,34.816857],[137.455445,34.816875],[137.455341,34.816902],[137.455267,34.816955],[137.455216,34.816984],[137.455169,34.816969],[137.455084,34.816917],[137.454987,34.816893],[137.454881,34.816891],[137.454771,34.816891],[137.454715,34.816867],[137.454664,34.816827],[137.454627,34.816775],[137.4546,34.816696],[137.454562,34.816654],[137.454509,34.816632],[137.454442,34.816634],[137.454276,34.816668],[137.454071,34.816706],[137.454023,34.816703],[137.453965,34.816658],[137.45391,34.816596],[137.453899,34.816552],[137.453898,34.816507],[137.453868,34.816441],[137.453801,34.816381],[137.45374,34.816355],[137.453662,34.816344],[137.45358,34.816369],[137.453486,34.81642],[137.453345,34.816528],[137.453262,34.816583],[137.453188,34.816614],[137.453118,34.816601],[137.452979,34.816524],[137.452844,34.816473],[137.45278,34.81644],[137.452734,34.816398],[137.452689,34.816341],[137.452619,34.816282],[137.45256,34.816251],[137.452469,34.816236],[137.452384,34.816223],[137.452274,34.816195],[137.452165,34.816151],[137.452063,34.816129],[137.451943,34.81611],[137.451852,34.81611],[137.451793,34.816128],[137.45176,34.816155],[137.451741,34.816193],[137.451791,34.816251],[137.451894,34.816302],[137.451982,34.816351],[137.452044,34.816399],[137.452098,34.816447],[137.452125,34.816592],[137.452144,34.816682],[137.452168,34.816733],[137.4522,34.816792],[137.452241,34.816847],[137.452297,34.8169],[137.452322,34.816954],[137.452325,34.817035],[137.452339,34.81711],[137.452363,34.817181],[137.452401,34.817227],[137.452442,34.817256],[137.452501,34.817285],[137.452536,34.817324],[137.452563,34.817423],[137.452609,34.817527],[137.45265,34.817589],[137.452712,34.817644],[137.452779,34.817668],[137.452851,34.817646],[137.452912,34.817589],[137.452939,34.817551],[137.452987,34.81749],[137.452997,34.817432],[137.453015,34.817353],[137.45303,34.817288],[137.453072,34.817237],[137.453107,34.817211],[137.453158,34.817182],[137.453222,34.817173],[137.453283,34.817164],[137.453347,34.817157],[137.453409,34.817148],[137.453475,34.817146],[137.453553,34.817155],[137.453622,34.817168],[137.453685,34.817202],[137.453771,34.817221],[137.45384,34.817234],[137.453939,34.817254],[137.454025,34.81726],[137.454102,34.817276],[137.454209,34.817308],[137.454364,34.817352],[137.454474,34.817396],[137.454567,34.81742],[137.454648,34.817431],[137.45473,34.817426],[137.454757,34.817422],[137.455331,34.817842],[137.455596,34.818046],[137.455966,34.818357],[137.456013,34.818409],[137.456043,34.818449],[137.456053,34.81848],[137.456056,34.818508],[137.456048,34.818526],[137.455997,34.818548],[137.455856,34.818555],[137.455722,34.818579],[137.455626,34.81861],[137.455556,34.818667],[137.455533,34.818729],[137.45552,34.818791],[137.455547,34.818857],[137.455593,34.818905],[137.455676,34.818934],[137.455764,34.818953],[137.455865,34.818973],[137.455972,34.818986],[137.456119,34.818994],[137.456162,34.819067],[137.456224,34.819137],[137.456269,34.819172],[137.456367,34.819219],[137.456371,34.819308],[137.456372,34.819399],[137.456339,34.819512],[137.456104,34.819561],[137.455981,34.819612],[137.455832,34.819717],[137.455296,34.820032],[137.455176,34.820136],[137.455038,34.820339],[137.454948,34.820482],[137.454832,34.820703],[137.454748,34.82108],[137.454715,34.82149],[137.454693,34.821733],[137.45468,34.821753],[137.454258,34.821908],[137.45367,34.822091],[137.452794,34.822325],[137.452658,34.822369],[137.452417,34.822399],[137.452391,34.822401],[137.452367,34.822427],[137.452319,34.82254],[137.452268,34.822601],[137.452178,34.822635],[137.452111,34.822644],[137.452526,34.822958],[137.452713,34.823128],[137.452919,34.823556],[137.453082,34.82402],[137.453198,34.824522],[137.453226,34.824939],[137.453247,34.825117],[137.453361,34.825346],[137.453455,34.825541],[137.453685,34.825763],[137.455184,34.826679],[137.455907,34.827232],[137.456858,34.827815],[137.456935,34.827931],[137.456979,34.828058],[137.45703,34.828442],[137.457377,34.828407],[137.457626,34.828396],[137.45782,34.828415],[137.457775,34.828482],[137.457637,34.828594],[137.457558,34.828708],[137.457512,34.828888],[137.457502,34.828985],[137.457534,34.829056],[137.457599,34.829123],[137.457672,34.82918],[137.457753,34.829184],[137.457812,34.829162],[137.457866,34.829129],[137.457911,34.829097],[137.457979,34.829042],[137.458051,34.828973],[137.45811,34.828915],[137.45815,34.828879],[137.458549,34.829058],[137.459154,34.829333],[137.459248,34.829107],[137.459354,34.828833],[137.459395,34.828778],[137.459475,34.828785],[137.459542,34.828805],[137.459622,34.828839],[137.459635,34.828886],[137.459563,34.829216],[137.45941,34.829654],[137.459284,34.829866],[137.459182,34.830017],[137.45908,34.830298],[137.459028,34.83048],[137.45901,34.830695],[137.459014,34.83088],[137.459042,34.831014],[137.459281,34.831191],[137.459497,34.831413],[137.459765,34.831651],[137.459977,34.831818],[137.460023,34.831899],[137.4601,34.832015],[137.460162,34.83215],[137.460219,34.832312],[137.460238,34.832416],[137.460264,34.832567],[137.460272,34.832794],[137.460277,34.833718],[137.460223,34.834047],[137.460188,34.83437],[137.460531,34.834404],[137.460599,34.8344],[137.460678,34.834403],[137.460845,34.8345],[137.46089,34.834549],[137.460913,34.834595],[137.460904,34.834662],[137.46091,34.834696],[137.460938,34.834754],[137.460975,34.834799],[137.46103,34.834864],[137.461081,34.834909],[137.46115,34.834936],[137.461351,34.834823],[137.461791,34.834573],[137.461982,34.834733],[137.462154,34.834937],[137.462236,34.835054],[137.462283,34.835242],[137.462426,34.835575],[137.462734,34.836182],[137.462757,34.836266],[137.462817,34.836318],[137.462891,34.836369],[137.462998,34.836426],[137.463405,34.835992],[137.463715,34.836143],[137.464005,34.836277],[137.463988,34.836378],[137.463957,34.836498],[137.463937,34.836632],[137.463929,34.836751],[137.463921,34.836858],[137.463904,34.836956],[137.463877,34.837038],[137.463822,34.837175],[137.463796,34.837227],[137.463738,34.837306],[137.463687,34.837364],[137.463623,34.837418],[137.463555,34.837469],[137.463474,34.837518],[137.46332,34.83758],[137.463514,34.837807],[137.463826,34.838073],[137.463911,34.838248],[137.463981,34.83833],[137.464287,34.838447],[137.465266,34.838681],[137.465498,34.838781],[137.465717,34.838893],[137.466051,34.839083],[137.466303,34.839132],[137.466467,34.839199],[137.466785,34.839513],[137.467173,34.839757],[137.467334,34.839856],[137.467459,34.83991],[137.467707,34.839978],[137.467935,34.840012],[137.468072,34.840024],[137.468181,34.840037],[137.468297,34.840038],[137.468267,34.840076],[137.468248,34.840107],[137.468192,34.840194],[137.468153,34.840251],[137.468051,34.840319],[137.46794,34.84037],[137.468445,34.840731],[137.468737,34.840888],[137.46907,34.841103],[137.469062,34.841211],[137.469137,34.841317],[137.469223,34.841389],[137.469309,34.841441],[137.469351,34.841496],[137.469442,34.841554],[137.469591,34.841615],[137.469869,34.841719],[137.470434,34.841886],[137.470835,34.842015],[137.471102,34.842096],[137.471439,34.84214],[137.471554,34.84216],[137.471609,34.842152],[137.47171,34.842097],[137.471727,34.842063],[137.471794,34.841754],[137.471786,34.841632],[137.471672,34.841422],[137.471683,34.841397],[137.471748,34.841363],[137.471845,34.841283],[137.471845,34.841235],[137.471813,34.841056],[137.471829,34.840936],[137.471967,34.840724],[137.472054,34.840615]]]}},{"type":"Feature","id":"232010210","properties":{"KEY_CODE":"232010210","PREF":"23","CITY":"201","S_AREA":"021000","PREF_NAME":"愛知県","CITY_NAME":"豊橋市","S_NAME":"石巻本町","HCODE":8101,"AREA":7200895.229,"KIGO_E":"E1","JINKO":3268,"SETAI":1107,"X_CODE":137.440373,"Y_CODE":34.805564},"geometry":{"type":"Polygon","coordinates":[[[137.454715,34.82149],[137.454748,34.82108],[137.454832,34.820703],[137.454948,34.820482],[137.455038,34.820339],[137.455176,34.820136],[137.455296,34.820032],[137.455832,34.819717],[137.455981,34.819612],[137.456104,34.819561],[137.456339,34.819512],[137.456372,34.819399],[137.456371,34.819308],[137.456367,34.819219],[137.456269,34.819172],[137.456224,34.819137],[137.456162,34.819067],[137.456119,34.818994],[137.455972,34.818986],[137.455865,34.818973],[137.455764,34.818953],[137.455676,34.818934],[137.455593,34.818905],[137.455547,34.818857],[137.45552,34.818791],[137.455533,34.818729],[137.455556,34.818667],[137.455626,34.81861],[137.455722,34.818579],[137.455856,34.818555],[137.455997,34.818548],[137.456048,34.818526],[137.456056,34.818508],[137.456053,34.81848],[137.456043,34.818449],[137.456013,34.818409],[137.455966,34.818357],[137.455596,34.818046],[137.455331,34.817842],[137.454757,34.817422],[137.45473,34.817426],[137.454648,34.817431],[137.454567,34.81742],[137.454474,34.817396],[137.454364,34.817352],[137.454209,34.817308],[137.454102,34.817276],[137.454025,34.81726],[137.453939,34.817254],[137.45384,34.817234],[137.453771,34.817221],[137.453685,34.817202],[137.453622,34.817168],[137.453553,34.817155],[137.453475,34.817146],[137.453409,34.817148],[137.453347,34.817157],[137.453283,34.817164],[137.453222,34.817173],[137.453158,34.817182],[137.453107,34.817211],[137.453072,34.817237],[137.45303,34.817288],[137.453015,34.817353],[137.452997,34.817432],[137.452987,34.81749],[137.452939,34.817551],[137.452912,34.817589],[137.452851,34.817646],[137.452779,34.817668],[137.452712,34.817644],[137.45265,34.817589],[137.452609,34.817527],[137.452563,34.817423],[137.452536,34.817324],[137.452501,34.817285],[137.452442,34.817256],[137.452401,34.817227],[137.452363,34.817181],[137.452339,34.81711],[137.452325,34.817035],[137.452322,34.816954],[137.452297,34.8169],[137.452241,34.816847],[137.4522,34.816792],[137.452168,34.816733],[137.452144,34.816682],[137.452125,34.816592],[137.452098,34.816447],[137.452044,34.816399],[137.451982,34.816351],[137.451894,34.816302],[137.451791,34.816251],[137.451741,34.816193],[137.45176,34.816155],[137.451793,34.816128],[137.451852,34.81611],[137.451943,34.81611],[137.452063,34.816129],[137.452165,34.816151],[137.452274,34.816195],[137.452384,34.816223],[137.452469,34.816236],[137.45256,34.816251],[137.452619,34.816282],[137.452689,34.816341],[137.452734,34.816398],[137.45278,34.81644],[137.452844,34.816473],[137.452979,34.816524],[137.453118,34.816601],[137.453188,34.816614],[137.453262,34.816583],[137.453345,34.816528],[137.453486,34.81642],[137.45358,34.816369],[137.453662,34.816344],[137.45374,34.816355],[137.453801,34.816381],[137.453868,34.816441],[137.453898,34.816507],[137.453899,34.816552],[137.45391,34.816596],[137.453965,34.816658],[137.454023,34.816703],[137.454071,34.816706],[137.454276,34.816668],[137.454442,34.816634],[137.454509,34.816632],[137.454562,34.816654],[137.4546,34.816696],[137.454627,34.816775],[137.454664,34.816827],[137.454715,34.816867],[137.454771,34.816891],[137.454881,34.816891],[137.454987,34.816893],[137.455084,34.816917],[137.455169,34.816969],[137.455216,34.816984],[137.455267,34.816955],[137.455341,34.816902],[137.455445,34.816875],[137.455582,34.816857],[137.455758,34.816865],[137.455838,34.816852],[137.455899,34.816815],[137.455953,34.816766],[137.456043,34.816728],[137.456171,34.816699],[137.456404,34.816672],[137.456907,34.816595],[137.457109,34.81654],[137.457415,34.81657],[137.457654,34.81653],[137.457781,34.81648],[137.45789,34.816466],[137.457951,34.816226],[137.457663,34.816149],[137.457474,34.816016],[137.457379,34.815842],[137.457356,34.815688],[137.457376,34.815591],[137.457448,34.815472],[137.457587,34.81541],[137.457721,34.815381],[137.457808,34.81534],[137.457857,34.815229],[137.457894,34.815108],[137.457871,34.815014],[137.457754,34.814989],[137.457561,34.814965],[137.457352,34.81496],[137.457171,34.815038],[137.456858,34.815164],[137.456485,34.815282],[137.456139,34.815212],[137.455748,34.81509],[137.455698,34.814969],[137.455775,34.814887],[137.455994,34.814837],[137.456404,34.814626],[137.456527,34.814353],[137.456483,34.814186],[137.45622,34.814123],[137.456028,34.814038],[137.455832,34.813985],[137.455702,34.81392],[137.455627,34.81384],[137.455508,34.813734],[137.455373,34.813709],[137.455198,34.813709],[137.454965,34.813851],[137.454816,34.813872],[137.454667,34.813812],[137.454465,34.813549],[137.454166,34.813173],[137.4539,34.813123],[137.453537,34.813037],[137.45325,34.812806],[137.453162,34.812646],[137.453231,34.812353],[137.45312,34.812099],[137.452954,34.811736],[137.452889,34.811533],[137.452831,34.811439],[137.452724,34.811449],[137.452552,34.811512],[137.452142,34.811562],[137.45166,34.811459],[137.451224,34.811234],[137.450955,34.811097],[137.45076,34.811056],[137.450313,34.81109],[137.450102,34.811037],[137.449898,34.810801],[137.449743,34.810498],[137.449592,34.810247],[137.449509,34.810056],[137.449436,34.809839],[137.449142,34.809798],[137.448759,34.809748],[137.448465,34.809671],[137.448249,34.809551],[137.44809,34.80926],[137.448024,34.809141],[137.447963,34.809032],[137.447966,34.808915],[137.448187,34.808792],[137.448507,34.808661],[137.448816,34.808539],[137.449098,34.808444],[137.449166,34.808442],[137.449254,34.808445],[137.449442,34.80848],[137.449599,34.808534],[137.449742,34.808599],[137.449814,34.808676],[137.449858,34.808755],[137.449872,34.808814],[137.449867,34.808891],[137.449867,34.808957],[137.449878,34.808998],[137.449928,34.809045],[137.450078,34.809112],[137.450315,34.809191],[137.450461,34.809219],[137.450621,34.809232],[137.45098,34.809115],[137.451543,34.809091],[137.451967,34.80913],[137.452414,34.809142],[137.452772,34.809054],[137.452991,34.809087],[137.453119,34.809227],[137.453093,34.809434],[137.45319,34.809532],[137.453372,34.809542],[137.453604,34.809577],[137.453808,34.80964],[137.453902,34.809722],[137.454106,34.80983],[137.454243,34.809828],[137.454449,34.809749],[137.454614,34.809711],[137.454781,34.809725],[137.454915,34.809794],[137.455077,34.809905],[137.455154,34.809964],[137.455244,34.80996],[137.455353,34.80976],[137.455443,34.809696],[137.455599,34.809683],[137.456351,34.809805],[137.456548,34.809915],[137.456774,34.810042],[137.45725,34.810069],[137.457491,34.810021],[137.457712,34.809924],[137.457819,34.80971],[137.457943,34.809621],[137.458107,34.809617],[137.458419,34.809697],[137.458852,34.809719],[137.459146,34.809823],[137.459363,34.809898],[137.459602,34.809992],[137.45994,34.810096],[137.460234,34.810154],[137.460437,34.81016],[137.460512,34.810001],[137.460678,34.809759],[137.460859,34.809549],[137.460924,34.809393],[137.460978,34.809233],[137.461001,34.809018],[137.461064,34.808777],[137.461075,34.808691],[137.461094,34.808604],[137.461121,34.808564],[137.46117,34.808553],[137.461219,34.808563],[137.461074,34.808421],[137.460951,34.808311],[137.460681,34.808153],[137.460384,34.807968],[137.460049,34.807791],[137.459867,34.807696],[137.459677,34.807619],[137.459573,34.80759],[137.459331,34.807548],[137.459035,34.80752],[137.459013,34.807504],[137.459083,34.80747],[137.459102,34.807463],[137.459533,34.807361],[137.459472,34.807077],[137.459476,34.807045],[137.459011,34.807144],[137.458981,34.807067],[137.458242,34.805647],[137.457808,34.8058],[137.457391,34.805944],[137.456463,34.804116],[137.456867,34.803984],[137.45733,34.803828],[137.457078,34.80335],[137.456929,34.803053],[137.456691,34.802579],[137.456692,34.80238],[137.456692,34.802313],[137.456872,34.800355],[137.456754,34.800337],[137.456618,34.800325],[137.456501,34.80033],[137.456397,34.800355],[137.456292,34.800394],[137.456177,34.800445],[137.456071,34.800476],[137.455963,34.800501],[137.455848,34.800519],[137.455735,34.800517],[137.455646,34.800508],[137.455573,34.800487],[137.455504,34.800464],[137.455456,34.800443],[137.455385,34.800426],[137.455317,34.800428],[137.455237,34.800438],[137.455136,34.80044],[137.455061,34.800433],[137.454993,34.800412],[137.454913,34.800365],[137.45483,34.800305],[137.454769,34.800251],[137.454724,34.800201],[137.454672,34.800153],[137.45462,34.800106],[137.454571,34.800068],[137.454517,34.800033],[137.454465,34.800014],[137.454404,34.800002],[137.454312,34.80001],[137.454223,34.800018],[137.454149,34.800031],[137.454071,34.800046],[137.453987,34.800064],[137.453916,34.800062],[137.453848,34.800047],[137.453789,34.800008],[137.453725,34.799937],[137.453673,34.799873],[137.453636,34.799813],[137.453614,34.799761],[137.453579,34.799709],[137.453493,34.799511],[137.45345,34.799421],[137.453412,34.799324],[137.453404,34.799156],[137.453406,34.799088],[137.45342,34.799024],[137.453469,34.798967],[137.453384,34.798904],[137.453287,34.798839],[137.453178,34.798775],[137.453077,34.798702],[137.452993,34.798614],[137.45296,34.798546],[137.452921,34.798472],[137.452893,34.798406],[137.452876,34.798344],[137.452873,34.798297],[137.452875,34.798269],[137.452884,34.798236],[137.452886,34.798227],[137.451087,34.798386],[137.447412,34.798874],[137.447407,34.798875],[137.44508,34.799049],[137.444973,34.799505],[137.44476,34.799541],[137.444522,34.799688],[137.44444,34.799735],[137.4437,34.799504],[137.443669,34.799466],[137.443617,34.799409],[137.443566,34.79935],[137.443415,34.799339],[137.443265,34.799306],[137.443128,34.799227],[137.442813,34.798991],[137.442608,34.798812],[137.442484,34.798711],[137.442443,34.798666],[137.442415,34.798497],[137.442388,34.798452],[137.442319,34.798418],[137.442196,34.798396],[137.442114,34.798362],[137.44184,34.798081],[137.441756,34.797958],[137.441691,34.797851],[137.441574,34.797646],[137.441539,34.797503],[137.441492,34.797441],[137.441434,34.7974],[137.44135,34.797362],[137.441282,34.79732],[137.441218,34.797269],[137.44114,34.797209],[137.441043,34.797135],[137.44092,34.79708],[137.440786,34.797041],[137.440696,34.797017],[137.440605,34.796964],[137.440487,34.796875],[137.440357,34.796809],[137.440315,34.79678],[137.439975,34.796495],[137.439909,34.796439],[137.439844,34.796379],[137.439783,34.796327],[137.439713,34.796265],[137.439802,34.796133],[137.439833,34.796089],[137.439887,34.796018],[137.439926,34.79596],[137.439804,34.795923],[137.439661,34.795661],[137.439557,34.795484],[137.43947,34.795488],[137.4394,34.79549],[137.43924,34.795476],[137.439138,34.79547],[137.439008,34.795479],[137.438932,34.795492],[137.438647,34.795555],[137.438462,34.795618],[137.438332,34.795686],[137.438258,34.79571],[137.438182,34.79572],[137.438089,34.795733],[137.438015,34.795649],[137.437973,34.795582],[137.437881,34.795423],[137.437893,34.795273],[137.437948,34.795075],[137.438077,34.794918],[137.438232,34.794829],[137.438381,34.794796],[137.438568,34.794724],[137.438807,34.79464],[137.439056,34.794558],[137.439247,34.7945],[137.439125,34.794299],[137.438987,34.794037],[137.438966,34.793918],[137.438941,34.793787],[137.43893,34.793543],[137.43894,34.793248],[137.438952,34.792852],[137.438962,34.792636],[137.438965,34.792547],[137.438916,34.792457],[137.438738,34.792048],[137.438593,34.791596],[137.438483,34.791215],[137.438355,34.791216],[137.438261,34.7912],[137.438203,34.791164],[137.438185,34.791089],[137.438185,34.79097],[137.438256,34.790779],[137.438293,34.790583],[137.438301,34.790435],[137.438284,34.79028],[137.438277,34.790173],[137.438268,34.789962],[137.438211,34.789727],[137.438188,34.789633],[137.438163,34.789287],[137.438021,34.789188],[137.438028,34.789102],[137.438,34.789052],[137.437996,34.789045],[137.437482,34.788127],[137.437123,34.787477],[137.436796,34.787553],[137.436702,34.787291],[137.436959,34.787221],[137.436885,34.78695],[137.436809,34.786701],[137.436446,34.786796],[137.434808,34.787792],[137.434701,34.787867],[137.434531,34.787964],[137.434439,34.788019],[137.434224,34.788136],[137.434062,34.78818],[137.43397,34.788186],[137.433607,34.788157],[137.433116,34.788123],[137.432751,34.788126],[137.432007,34.78817],[137.431399,34.788215],[137.430477,34.788398],[137.430214,34.787985],[137.430095,34.788045],[137.428703,34.788662],[137.428646,34.788586],[137.428622,34.788556],[137.427852,34.788881],[137.427669,34.788983],[137.427415,34.789131],[137.427136,34.789365],[137.42693,34.789524],[137.426755,34.789585],[137.426626,34.789694],[137.426445,34.789818],[137.426339,34.789876],[137.426117,34.789953],[137.425813,34.790069],[137.425844,34.790086],[137.425952,34.790199],[137.426007,34.790289],[137.42604,34.790359],[137.426053,34.790438],[137.426053,34.79051],[137.426039,34.790584],[137.425867,34.790917],[137.425853,34.79094],[137.425506,34.790763],[137.425049,34.790575],[137.424698,34.790384],[137.424461,34.790267],[137.424538,34.790394],[137.424637,34.790557],[137.425358,34.791685],[137.425286,34.791802],[137.425242,34.791834],[137.423613,34.792353],[137.423242,34.792507],[137.423244,34.792512],[137.423296,34.792596],[137.423822,34.793435],[137.423282,34.793668],[137.424092,34.79494],[137.424433,34.79551],[137.424493,34.795584],[137.42453,34.795649],[137.424555,34.79558],[137.425924,34.795393],[137.427903,34.795124],[137.427895,34.795289],[137.427905,34.795506],[137.427893,34.795885],[137.427902,34.796225],[137.427984,34.79666],[137.428033,34.796982],[137.428036,34.797051],[137.42822,34.797038],[137.428453,34.797054],[137.42886,34.797054],[137.429121,34.797024],[137.429273,34.796974],[137.429294,34.797043],[137.429307,34.797121],[137.429447,34.797894],[137.429461,34.798147],[137.429294,34.798174],[137.429043,34.798212],[137.428857,34.798228],[137.428442,34.798237],[137.428228,34.798264],[137.428095,34.798295],[137.428,34.798333],[137.427925,34.798358],[137.427887,34.798365],[137.427682,34.798359],[137.427636,34.79827],[137.42749,34.798318],[137.42743,34.798257],[137.427376,34.798209],[137.427267,34.798135],[137.427151,34.798072],[137.427022,34.798014],[137.426928,34.797975],[137.42679,34.797919],[137.4267,34.797863],[137.426635,34.797794],[137.426548,34.797684],[137.426521,34.797606],[137.426488,34.797516],[137.426443,34.797391],[137.426358,34.796991],[137.426385,34.796927],[137.426283,34.796912],[137.426078,34.796947],[137.425908,34.79701],[137.425677,34.79705],[137.425406,34.797088],[137.425204,34.79706],[137.425044,34.79703],[137.424896,34.796944],[137.424747,34.796851],[137.424556,34.796608],[137.423628,34.796982],[137.423362,34.797097],[137.423914,34.79799],[137.423981,34.798009],[137.424055,34.79803],[137.424181,34.798064],[137.424291,34.798092],[137.424428,34.798142],[137.424601,34.798224],[137.424759,34.798304],[137.424913,34.798408],[137.425128,34.798555],[137.425431,34.798779],[137.425699,34.798973],[137.425808,34.799093],[137.425887,34.799234],[137.425937,34.799566],[137.426027,34.800255],[137.426067,34.800519],[137.426079,34.800602],[137.426093,34.800704],[137.426128,34.801018],[137.426155,34.80123],[137.426276,34.801511],[137.426432,34.801673],[137.426614,34.801794],[137.427074,34.802021],[137.4272,34.802071],[137.42779,34.80221],[137.428131,34.802263],[137.428457,34.802337],[137.428617,34.802384],[137.428778,34.802442],[137.429008,34.802522],[137.429249,34.802614],[137.429592,34.802751],[137.429867,34.802893],[137.430028,34.802995],[137.430184,34.803113],[137.430239,34.80316],[137.430345,34.803255],[137.430482,34.803387],[137.430642,34.803586],[137.430784,34.803757],[137.431017,34.80404],[137.431131,34.804178],[137.431322,34.804373],[137.431527,34.804563],[137.428768,34.805919],[137.428624,34.805993],[137.428574,34.805933],[137.428493,34.805836],[137.427729,34.806269],[137.427514,34.806393],[137.427279,34.806135],[137.427126,34.805951],[137.42677,34.806149],[137.426623,34.806236],[137.425905,34.805364],[137.425763,34.8052],[137.425588,34.805298],[137.425411,34.805396],[137.425332,34.805453],[137.425225,34.805509],[137.425357,34.806153],[137.422894,34.806882],[137.422632,34.806982],[137.420635,34.80695],[137.420628,34.806949],[137.420561,34.80699],[137.420445,34.807061],[137.420179,34.807201],[137.417834,34.808297],[137.417424,34.809094],[137.417776,34.809283],[137.420293,34.810717],[137.420531,34.810852],[137.42054,34.810857],[137.420626,34.810906],[137.420708,34.810948],[137.420765,34.810976],[137.420886,34.811037],[137.421147,34.811122],[137.421738,34.811157],[137.422131,34.811181],[137.422902,34.810948],[137.42398,34.810684],[137.425221,34.810467],[137.426595,34.810216],[137.428111,34.809922],[137.428869,34.80977],[137.42911,34.809847],[137.42914,34.809863],[137.429744,34.809297],[137.429826,34.809257],[137.429874,34.809239],[137.429965,34.809213],[137.430096,34.809198],[137.430282,34.809219],[137.430407,34.809233],[137.430502,34.809251],[137.430577,34.809292],[137.430651,34.809307],[137.430716,34.809363],[137.430997,34.809548],[137.431311,34.809751],[137.431511,34.809916],[137.431728,34.810157],[137.432114,34.810666],[137.432455,34.81114],[137.432615,34.811359],[137.432836,34.811778],[137.432886,34.812004],[137.432838,34.812771],[137.432761,34.813176],[137.432857,34.814035],[137.432915,34.814424],[137.433007,34.815076],[137.43278,34.815124],[137.432835,34.815589],[137.432853,34.815693],[137.432876,34.815869],[137.434718,34.815714],[137.43531,34.815687],[137.435714,34.815702],[137.436183,34.815799],[137.436704,34.816014],[137.437107,34.816128],[137.4375,34.816188],[137.437738,34.816185],[137.438128,34.816208],[137.438249,34.816213],[137.438285,34.816177],[137.438414,34.81602],[137.438476,34.816118],[137.43857,34.81622],[137.438659,34.816318],[137.438691,34.816351],[137.438703,34.816415],[137.438689,34.81649],[137.438608,34.816833],[137.438523,34.817629],[137.438858,34.817814],[137.439183,34.818],[137.439401,34.818057],[137.439647,34.818114],[137.439771,34.818143],[137.440293,34.81822],[137.440952,34.818588],[137.44136,34.818833],[137.441584,34.818954],[137.441658,34.818988],[137.441898,34.819184],[137.441949,34.819294],[137.441961,34.819311],[137.442168,34.819456],[137.442385,34.8196],[137.442637,34.819732],[137.443251,34.819974],[137.443413,34.819997],[137.444238,34.820202],[137.444946,34.82049],[137.446738,34.821246],[137.447386,34.821645],[137.447483,34.821731],[137.447819,34.822024],[137.447829,34.822033],[137.448821,34.821514],[137.449318,34.821323],[137.449431,34.821269],[137.449526,34.82122],[137.450253,34.821236],[137.450464,34.821456],[137.450711,34.821771],[137.45091,34.821895],[137.45093,34.821914],[137.45107,34.822006],[137.45111,34.822019],[137.451847,34.82222],[137.451987,34.822539],[137.452111,34.822644],[137.452178,34.822635],[137.452268,34.822601],[137.452319,34.82254],[137.452367,34.822427],[137.452391,34.822401],[137.452417,34.822399],[137.452658,34.822369],[137.452794,34.822325],[137.45367,34.822091],[137.454258,34.821908],[137.45468,34.821753],[137.454693,34.821733],[137.454715,34.82149]]]}},{"type":"Feature","id":"232010210","properties":{"KEY_CODE":"232010210","PREF":"23","CITY":"201","S_AREA":"021000","PREF_NAME":"愛知県","CITY_NAME":"豊橋市","S_NAME":"石巻本町","HCODE":8101,"AREA":187307.062,"KIGO_E":"E2","JINKO":0,"SETAI":0,"X_CODE":137.436938,"Y_CODE":34.782819},"geometry":{"type":"Polygon","coordinates":[[[137.439448,34.784595],[137.439451,34.782644],[137.439503,34.780651],[137.439336,34.780681],[137.438879,34.780791],[137.438511,34.780819],[137.437695,34.780839],[137.437706,34.780375],[137.436291,34.779814],[137.436268,34.779809],[137.436174,34.779812],[137.436106,34.782994],[137.433136,34.782966],[137.433029,34.782943],[137.433258,34.784481],[137.433278,34.784478],[137.4333,34.784547],[137.439448,34.784595]]]}},{"type":"Feature","id":"232010220","properties":{"KEY_CODE":"232010220","PREF":"23","CITY":"201","S_AREA":"022000","PREF_NAME":"愛知県","CITY_NAME":"豊橋市","S_NAME":"磯辺下地町","HCODE":8101,"AREA":773532.903,"KIGO_E":"","JINKO":61,"SETAI":21,"X_CODE":137.365995,"Y_CODE":34.719733},"geometry":{"type":"Polygon","coordinates":[[[137.371155,34.721354],[137.37161,34.720913],[137.37193,34.721144],[137.372651,34.721602],[137.373029,34.721862],[137.373046,34.721699],[137.373058,34.721593],[137.373063,34.721475],[137.373061,34.721398],[137.373057,34.721349],[137.373059,34.721302],[137.373056,34.721219],[137.373065,34.721021],[137.373082,34.72089],[137.373072,34.720764],[137.373032,34.720642],[137.372743,34.720689],[137.372343,34.719336],[137.37218,34.718787],[137.372041,34.718407],[137.371658,34.717075],[137.375341,34.716312],[137.37538,34.715874],[137.374073,34.715776],[137.373696,34.715748],[137.372632,34.715667],[137.372474,34.715664],[137.371367,34.715833],[137.370902,34.715902],[137.370722,34.715942],[137.370149,34.716095],[137.369569,34.71625],[137.368458,34.71655],[137.368125,34.716629],[137.367462,34.716744],[137.367157,34.71683],[137.366402,34.716921],[137.365978,34.716985],[137.365059,34.717159],[137.363899,34.717401],[137.363396,34.71755],[137.362982,34.717676],[137.362492,34.717829],[137.361671,34.71812],[137.361597,34.718146],[137.359874,34.718856],[137.358705,34.719391],[137.358493,34.719458],[137.357989,34.719742],[137.357518,34.719989],[137.357219,34.720177],[137.356896,34.720329],[137.356684,34.720506],[137.356333,34.720758],[137.356031,34.721008],[137.355633,34.721383],[137.356531,34.721672],[137.357609,34.722033],[137.358914,34.722507],[137.358948,34.72252],[137.360243,34.722952],[137.361234,34.723051],[137.362247,34.723041],[137.362469,34.723059],[137.362322,34.722848],[137.361504,34.721005],[137.363196,34.720456],[137.368476,34.724022],[137.368483,34.724016],[137.36926,34.723241],[137.371155,34.721354]]]}},{"type":"Feature","id":"232010230","properties":{"KEY_CODE":"232010230","PREF":"23","CITY":"201","S_AREA":"023001","PREF_NAME":"愛知県","CITY_NAME":"豊橋市","S_NAME":"市場","HCODE":8101,"AREA":2601.753,"KIGO_E":"","JINKO":3,"SETAI":2,"X_CODE":137.359649,"Y_CODE":34.750046},"geometry":{"type":"Polygon","coordinates":[[[137.360118,34.750044],[137.359201,34.749749],[137.359251,34.750036],[137.359932,34.750346],[137.360118,34.750044]]]}},{"type":"Feature","id":"232010240","properties":{"KEY_CODE":"232010240","PREF":"23","CITY":"201","S_AREA":"024000","PREF_NAME":"愛知県","CITY_NAME":"豊橋市","S_NAME":"一色町","HCODE":8101,"AREA":178417.227,"KIGO_E":"","JINKO":1261,"SETAI":598,"X_CODE":137.371495,"Y_CODE":34.729226},"geometry":{"type":"Polygon","coordinates":[[[137.374495,34.729562],[137.374562,34.729041],[137.374573,34.728766],[137.374537,34.728765],[137.373947,34.728851],[137.373821,34.728858],[137.373693,34.72887],[137.373636,34.728884],[137.3736,34.728908],[137.373455,34.729018],[137.373409,34.729033],[137.373343,34.729046],[137.373243,34.72905],[137.373173,34.729042],[137.373091,34.729023],[137.373018,34.728995],[137.372957,34.728966],[137.37291,34.728956],[137.372871,34.728955],[137.372588,34.728973],[137.372415,34.728976],[137.37235,34.728971],[137.372306,34.728956],[137.372244,34.728921],[137.372258,34.728555],[137.371923,34.728545],[137.371954,34.728114],[137.372004,34.728005],[137.372203,34.727625],[137.37232,34.727426],[137.372207,34.727406],[137.372086,34.727374],[137.371904,34.727318],[137.37154,34.727157],[137.371442,34.727097],[137.371409,34.727052],[137.371325,34.726792],[137.370863,34.726679],[137.370859,34.726708],[137.370828,34.726726],[137.370519,34.726797],[137.370163,34.72688],[137.369912,34.726882],[137.369715,34.726923],[137.369531,34.726974],[137.369318,34.727023],[137.369213,34.726882],[137.369189,34.726838],[137.369172,34.72678],[137.368295,34.727317],[137.368773,34.727846],[137.368864,34.727926],[137.368955,34.72799],[137.369089,34.728049],[137.369154,34.728078],[137.369229,34.728101],[137.369282,34.728119],[137.369339,34.728122],[137.369376,34.728128],[137.369411,34.728134],[137.369413,34.728142],[137.369437,34.728256],[137.369196,34.728282],[137.369123,34.728284],[137.369025,34.728301],[137.368854,34.728319],[137.368794,34.728505],[137.368946,34.728546],[137.368901,34.728777],[137.368906,34.728981],[137.36905,34.729242],[137.368904,34.729463],[137.368888,34.729489],[137.369508,34.729729],[137.36962,34.729779],[137.369805,34.729889],[137.369911,34.729948],[137.369948,34.729985],[137.370012,34.73005],[137.370533,34.730529],[137.371366,34.731261],[137.371397,34.731289],[137.372166,34.73198],[137.37222,34.732029],[137.372257,34.732039],[137.372614,34.731769],[137.372975,34.731496],[137.373556,34.731053],[137.374184,34.730593],[137.374749,34.730173],[137.374806,34.730113],[137.374957,34.729891],[137.37499,34.729835],[137.374854,34.729773],[137.374781,34.729737],[137.374677,34.729681],[137.374595,34.729636],[137.374494,34.729569],[137.374495,34.729562]]]}},{"type":"Feature","id":"232010250","properties":{"KEY_CODE":"232010250","PREF":"23","CITY":"201","S_AREA":"025000","PREF_NAME":"愛知県","CITY_NAME":"豊橋市","S_NAME":"井原町","HCODE":8101,"AREA":202110.683,"KIGO_E":"","JINKO":1322,"SETAI":617,"X_CODE":137.423926,"Y_CODE":34.765535},"geometry":{"type":"Polygon","coordinates":[[[137.427903,34.764531],[137.427646,34.764312],[137.427193,34.764399],[137.427055,34.764454],[137.426834,34.76406],[137.426724,34.763879],[137.426648,34.763326],[137.426506,34.762971],[137.425929,34.763123],[137.425562,34.763321],[137.425374,34.763365],[137.423408,34.763819],[137.422615,34.764],[137.422089,34.764123],[137.421453,34.76426],[137.421438,34.764828],[137.421435,34.764883],[137.421391,34.765811],[137.421367,34.766223],[137.421363,34.766583],[137.421362,34.766592],[137.42136,34.76664],[137.421324,34.767412],[137.421322,34.767453],[137.421304,34.767863],[137.421302,34.767912],[137.421301,34.767948],[137.421279,34.768657],[137.421281,34.768712],[137.421276,34.768856],[137.421581,34.769278],[137.421891,34.768752],[137.421933,34.768676],[137.422151,34.768284],[137.422218,34.768193],[137.4223,34.768112],[137.422418,34.768009],[137.422615,34.767866],[137.422748,34.767783],[137.423838,34.767249],[137.42386,34.767238],[137.424925,34.766735],[137.425736,34.766291],[137.425867,34.766206],[137.426317,34.765863],[137.426503,34.765727],[137.427204,34.765109],[137.427351,34.76498],[137.427898,34.764534],[137.427903,34.764531]]]}},{"type":"Feature","id":"232010260","properties":{"KEY_CODE":"232010260","PREF":"23","CITY":"201","S_AREA":"026000","PREF_NAME":"愛知県","CITY_NAME":"豊橋市","S_NAME":"今橋町","HCODE":8101,"AREA":319111.937,"KIGO_E":"","JINKO":206,"SETAI":47,"X_CODE":137.395798,"Y_CODE":34.769888},"geometry":{"type":"Polygon","coordinates":[[[137.400902,34.77175],[137.400863,34.771411],[137.400853,34.771328],[137.400813,34.770949],[137.400796,34.770811],[137.40079,34.770748],[137.400773,34.770511],[137.400768,34.770444],[137.400739,34.770141],[137.400733,34.770074],[137.400675,34.769667],[137.400464,34.76972],[137.399857,34.769867],[137.399623,34.769887],[137.399618,34.769855],[137.399527,34.769038],[137.399748,34.769024],[137.399702,34.768579],[137.399698,34.768541],[137.399666,34.768243],[137.399304,34.767889],[137.39928,34.767869],[137.398494,34.767973],[137.398463,34.767977],[137.397755,34.767946],[137.397178,34.767996],[137.396764,34.768057],[137.395838,34.768176],[137.395618,34.768231],[137.39543,34.768282],[137.394828,34.76838],[137.394554,34.768387],[137.394354,34.768376],[137.394136,34.768342],[137.393955,34.768298],[137.393893,34.768277],[137.393387,34.768168],[137.392834,34.768217],[137.392056,34.768372],[137.391281,34.768549],[137.390495,34.768731],[137.390528,34.769288],[137.390572,34.770385],[137.39047,34.771037],[137.390636,34.771032],[137.390776,34.771028],[137.391006,34.771046],[137.391269,34.771067],[137.391662,34.771097],[137.391759,34.771105],[137.392204,34.771149],[137.392677,34.771235],[137.393043,34.771319],[137.393363,34.771402],[137.393477,34.771457],[137.393607,34.771534],[137.394096,34.771255],[137.394225,34.771192],[137.395465,34.771412],[137.395939,34.771457],[137.397157,34.771528],[137.397645,34.771576],[137.397827,34.771588],[137.398827,34.771579],[137.398998,34.771597],[137.399161,34.771623],[137.399376,34.771677],[137.399736,34.771797],[137.400131,34.771938],[137.400392,34.772054],[137.400556,34.772139],[137.400793,34.772277],[137.400841,34.772189],[137.400866,34.772135],[137.40089,34.772083],[137.400911,34.77203],[137.400927,34.771914],[137.400914,34.771809],[137.400902,34.77175]]]}},{"type":"Feature","id":"232010270","properties":{"KEY_CODE":"232010270","PREF":"23","CITY":"201","S_AREA":"027000","PREF_NAME":"愛知県","CITY_NAME":"豊橋市","S_NAME":"飯村町","HCODE":8101,"AREA":236640.776,"KIGO_E":"E2","JINKO":0,"SETAI":0,"X_CODE":137.41521,"Y_CODE":34.748273},"geometry":{"type":"Polygon","coordinates":[[[137.413469,34.751599],[137.413609,34.751583],[137.413856,34.751583],[137.414353,34.751618],[137.414402,34.751617],[137.41447,34.751593],[137.414688,34.751477],[137.414731,34.751436],[137.414758,34.751361],[137.414837,34.751016],[137.414869,34.75095],[137.4149,34.750898],[137.414964,34.750818],[137.414983,34.750803],[137.415075,34.750726],[137.415262,34.750624],[137.415518,34.750524],[137.415819,34.750443],[137.417014,34.7502],[137.417573,34.750064],[137.41785,34.750007],[137.417986,34.749965],[137.418699,34.749739],[137.4185,34.748828],[137.418149,34.748351],[137.417774,34.74787],[137.417629,34.747653],[137.417631,34.747486],[137.417519,34.747408],[137.416606,34.747126],[137.416565,34.747113],[137.416486,34.747018],[137.416133,34.747018],[137.415846,34.747013],[137.415304,34.746938],[137.414725,34.746858],[137.414484,34.746763],[137.414674,34.746418],[137.414747,34.746281],[137.414806,34.746111],[137.414843,34.745946],[137.414865,34.745769],[137.414935,34.745635],[137.41509,34.745448],[137.415224,34.745313],[137.415665,34.74503],[137.416136,34.744752],[137.417001,34.744224],[137.417284,34.744034],[137.417082,34.743732],[137.416793,34.743888],[137.416744,34.743906],[137.416656,34.743938],[137.41642,34.744002],[137.416282,34.744048],[137.415972,34.744167],[137.415845,34.744218],[137.415431,34.744374],[137.415179,34.744471],[137.415175,34.744475],[137.415076,34.74451],[137.414826,34.744599],[137.414704,34.744663],[137.414491,34.744782],[137.41415,34.744994],[137.413781,34.745043],[137.413719,34.744885],[137.412957,34.744935],[137.412855,34.744947],[137.412781,34.744969],[137.41261,34.745058],[137.412626,34.745133],[137.412644,34.745216],[137.412411,34.746209],[137.412596,34.746225],[137.412882,34.746253],[137.413093,34.746306],[137.41338,34.746403],[137.413903,34.746599],[137.414065,34.746643],[137.414045,34.746719],[137.414021,34.746815],[137.413747,34.747691],[137.413317,34.749254],[137.413279,34.74939],[137.41327,34.749419],[137.412701,34.751216],[137.412573,34.751647],[137.41255,34.751727],[137.412589,34.751733],[137.412597,34.751733],[137.412692,34.751738],[137.412805,34.751723],[137.412942,34.751691],[137.413149,34.751661],[137.413469,34.751599]]]}},{"type":"Feature","id":"232010270","properties":{"KEY_CODE":"232010270","PREF":"23","CITY":"201","S_AREA":"027000","PREF_NAME":"愛知県","CITY_NAME":"豊橋市","S_NAME":"飯村町","HCODE":8101,"AREA":1799804.924,"KIGO_E":"E1","JINKO":2971,"SETAI":1123,"X_CODE":137.437576,"Y_CODE":34.743115},"geometry":{"type":"Polygon","coordinates":[[[137.438807,34.751045],[137.439,34.751028],[137.439249,34.751031],[137.439369,34.751049],[137.439491,34.751086],[137.439539,34.751101],[137.439706,34.750861],[137.439877,34.75075],[137.440312,34.750494],[137.440449,34.750407],[137.440515,34.750347],[137.440587,34.750281],[137.440685,34.750174],[137.440763,34.750075],[137.440826,34.750002],[137.440873,34.749903],[137.440942,34.749696],[137.440967,34.749472],[137.44098,34.749321],[137.440982,34.749202],[137.440961,34.749135],[137.440876,34.749002],[137.440738,34.748794],[137.440625,34.748613],[137.440583,34.748455],[137.440561,34.748299],[137.440524,34.747904],[137.441045,34.747984],[137.441995,34.748103],[137.442995,34.748239],[137.443204,34.748267],[137.443329,34.748267],[137.443455,34.748254],[137.443563,34.748205],[137.443915,34.747947],[137.44413,34.747778],[137.444222,34.74672],[137.44427,34.74619],[137.443762,34.745717],[137.443656,34.74557],[137.443346,34.745274],[137.443154,34.745201],[137.443371,34.745114],[137.443521,34.745069],[137.443631,34.745057],[137.443767,34.745091],[137.444,34.745158],[137.444177,34.74518],[137.444532,34.745213],[137.444641,34.745213],[137.444805,34.745246],[137.444983,34.745313],[137.445106,34.745324],[137.445215,34.745313],[137.444853,34.744633],[137.444799,34.744531],[137.444642,34.744236],[137.44424,34.744349],[137.444056,34.744383],[137.443864,34.744384],[137.443669,34.744348],[137.443554,34.744304],[137.443608,34.744252],[137.443764,34.744099],[137.443805,34.744031],[137.443832,34.743941],[137.443818,34.743864],[137.443777,34.74372],[137.443746,34.743594],[137.44374,34.743451],[137.443757,34.743305],[137.443793,34.743124],[137.443798,34.742983],[137.443786,34.742843],[137.443752,34.74266],[137.443707,34.742578],[137.443814,34.742507],[137.44396,34.742329],[137.444022,34.742203],[137.444088,34.742122],[137.444163,34.742051],[137.44424,34.742001],[137.444297,34.741948],[137.444335,34.741901],[137.44442,34.741787],[137.444474,34.74173],[137.444542,34.741647],[137.444797,34.741501],[137.445161,34.741431],[137.445356,34.741437],[137.445523,34.741442],[137.445754,34.741408],[137.445806,34.741379],[137.445863,34.741344],[137.445897,34.741315],[137.445934,34.74126],[137.445983,34.74117],[137.446016,34.741122],[137.446039,34.741098],[137.446219,34.740942],[137.446938,34.740516],[137.446961,34.740502],[137.446999,34.740471],[137.447045,34.740433],[137.447184,34.740282],[137.447346,34.740082],[137.447486,34.739865],[137.447553,34.739757],[137.447594,34.739661],[137.447305,34.73928],[137.447148,34.73892],[137.447014,34.738678],[137.446925,34.738516],[137.446904,34.738247],[137.446931,34.737964],[137.446971,34.737856],[137.446999,34.737725],[137.446983,34.737611],[137.446941,34.737433],[137.445792,34.736921],[137.44555,34.736788],[137.445144,34.736692],[137.444695,34.736678],[137.444288,34.736676],[137.44417,34.736612],[137.44311,34.735744],[137.442978,34.735736],[137.442177,34.736501],[137.442058,34.736619],[137.441807,34.736684],[137.441337,34.736706],[137.44067,34.736748],[137.440201,34.736906],[137.439481,34.737083],[137.439255,34.737464],[137.439061,34.737754],[137.438572,34.73811],[137.438157,34.738186],[137.437719,34.738162],[137.437568,34.738162],[137.43738,34.738199],[137.437234,34.738257],[137.437136,34.738324],[137.437059,34.738398],[137.437,34.738457],[137.436715,34.739263],[137.436686,34.739324],[137.435934,34.741129],[137.435626,34.741046],[137.43531,34.740993],[137.43518,34.740991],[137.434762,34.740905],[137.434705,34.740864],[137.434672,34.740787],[137.434602,34.740655],[137.434538,34.740566],[137.434437,34.740443],[137.434318,34.740328],[137.434142,34.740325],[137.434139,34.739748],[137.433509,34.739759],[137.433477,34.739725],[137.433456,34.739664],[137.43341,34.739408],[137.433359,34.739175],[137.433195,34.739153],[137.433031,34.739108],[137.432867,34.73903],[137.431419,34.73836],[137.430885,34.738077],[137.429627,34.737392],[137.429339,34.736953],[137.429283,34.736795],[137.429215,34.736615],[137.429105,34.736424],[137.428995,34.7363],[137.428858,34.736109],[137.428131,34.736463],[137.427222,34.736949],[137.427219,34.73695],[137.425919,34.737747],[137.425547,34.737975],[137.42443,34.738676],[137.423844,34.73901],[137.423444,34.739403],[137.423231,34.739671],[137.422864,34.739964],[137.422904,34.740252],[137.42291,34.740287],[137.42318,34.740815],[137.422949,34.741001],[137.423173,34.741218],[137.423501,34.741519],[137.424502,34.740836],[137.42466,34.740781],[137.425154,34.740475],[137.425443,34.740281],[137.424761,34.7399],[137.424532,34.739792],[137.424772,34.73949],[137.424846,34.739431],[137.4256,34.739],[137.426231,34.738639],[137.426335,34.738604],[137.427158,34.738096],[137.427976,34.737711],[137.428174,34.737632],[137.428685,34.737428],[137.428824,34.737414],[137.42878,34.737618],[137.428658,34.737828],[137.428728,34.738058],[137.428749,34.738185],[137.428744,34.73844],[137.42877,34.738695],[137.428856,34.739087],[137.428858,34.739097],[137.429101,34.739568],[137.429102,34.739569],[137.429133,34.739658],[137.429258,34.739808],[137.429305,34.739902],[137.429308,34.739946],[137.429281,34.740057],[137.429277,34.740099],[137.429279,34.740121],[137.429292,34.740145],[137.429321,34.740176],[137.429328,34.740199],[137.429336,34.740224],[137.429478,34.740726],[137.429573,34.741103],[137.429666,34.741336],[137.429776,34.74155],[137.430301,34.742301],[137.430539,34.742655],[137.430575,34.742708],[137.431779,34.744502],[137.432163,34.74506],[137.432219,34.745432],[137.432233,34.745508],[137.432302,34.745894],[137.432395,34.746725],[137.43242,34.746952],[137.432443,34.747246],[137.43243,34.747426],[137.43235,34.747911],[137.432121,34.74889],[137.43258,34.750429],[137.432894,34.750541],[137.433209,34.750493],[137.433432,34.750469],[137.433772,34.75047],[137.433929,34.750485],[137.434054,34.750503],[137.434394,34.750581],[137.434466,34.750583],[137.434868,34.750609],[137.434917,34.750618],[137.434961,34.750628],[137.434993,34.750642],[137.435045,34.750679],[137.4351,34.750721],[137.435238,34.750861],[137.435269,34.750889],[137.435328,34.750932],[137.435383,34.750967],[137.435444,34.750999],[137.435507,34.751025],[137.435561,34.751042],[137.435605,34.751049],[137.435652,34.75105],[137.435732,34.751047],[137.435785,34.751042],[137.435833,34.751028],[137.43612,34.750878],[137.436186,34.750866],[137.436269,34.750855],[137.436394,34.750853],[137.436471,34.750861],[137.436574,34.750886],[137.436656,34.750912],[137.436698,34.750916],[137.436744,34.750913],[137.436789,34.750904],[137.436936,34.750876],[137.437001,34.750885],[137.437101,34.750908],[137.437205,34.750956],[137.437381,34.751034],[137.437539,34.751082],[137.437688,34.751109],[137.438021,34.751159],[137.438183,34.75117],[137.438286,34.751158],[137.438658,34.751065],[137.438807,34.751045]]]}},{"type":"Feature","id":"232010280","properties":{"KEY_CODE":"232010280","PREF":"23","CITY":"201","S_AREA":"028000","PREF_NAME":"愛知県","CITY_NAME":"豊橋市","S_NAME":"入船町","HCODE":8101,"AREA":52393.444,"KIGO_E":"","JINKO":176,"SETAI":74,"X_CODE":137.383315,"Y_CODE":34.752656},"geometry":{"type":"Polygon","coordinates":[[[137.385436,34.753485],[137.385358,34.752094],[137.384791,34.752058],[137.384774,34.752086],[137.384682,34.752084],[137.384668,34.752284],[137.384086,34.752247],[137.384123,34.751849],[137.383796,34.751816],[137.383767,34.75201],[137.383239,34.751982],[137.38324,34.751965],[137.382881,34.751938],[137.382874,34.75214],[137.382409,34.752102],[137.381106,34.751992],[137.381003,34.752721],[137.381078,34.752734],[137.381046,34.753067],[137.381912,34.753133],[137.382486,34.75318],[137.383636,34.75328],[137.384765,34.753369],[137.384881,34.753382],[137.385436,34.753485]]]}},{"type":"Feature","id":"232010290","properties":{"KEY_CODE":"232010290","PREF":"23","CITY":"201","S_AREA":"029000","PREF_NAME":"愛知県","CITY_NAME":"豊橋市","S_NAME":"岩崎町","HCODE":8101,"AREA":3706174.772,"KIGO_E":"","JINKO":821,"SETAI":265,"X_CODE":137.453746,"Y_CODE":34.749392},"geometry":{"type":"Polygon","coordinates":[[[137.456301,34.758586],[137.456402,34.757068],[137.459184,34.75719],[137.458978,34.756636],[137.458857,34.756432],[137.458783,34.75627],[137.459305,34.756083],[137.459365,34.756054],[137.459407,34.756011],[137.459427,34.755951],[137.459576,34.755613],[137.459878,34.755067],[137.459976,34.75491],[137.460118,34.754809],[137.460324,34.754695],[137.460381,34.75466],[137.460436,34.754644],[137.460486,34.754649],[137.460619,34.754693],[137.460679,34.754691],[137.460731,34.754666],[137.460763,34.754625],[137.460843,34.754622],[137.460903,34.754604],[137.460927,34.754579],[137.460957,34.754506],[137.461024,34.754448],[137.461854,34.753712],[137.462081,34.753582],[137.462444,34.753434],[137.462637,34.753293],[137.462695,34.753146],[137.462676,34.752941],[137.462668,34.752788],[137.46269,34.752702],[137.462786,34.752622],[137.462942,34.752518],[137.46309,34.752456],[137.46329,34.752443],[137.463438,34.752357],[137.463549,34.752339],[137.463735,34.752357],[137.46395,34.752387],[137.464046,34.752387],[137.464197,34.752347],[137.464371,34.752309],[137.464529,34.752253],[137.464574,34.75217],[137.464591,34.752153],[137.464717,34.752106],[137.46481,34.752067],[137.464872,34.752024],[137.464998,34.751938],[137.465137,34.751859],[137.465291,34.751792],[137.465396,34.751761],[137.465474,34.751749],[137.465563,34.751738],[137.465596,34.751732],[137.465636,34.751707],[137.465709,34.751645],[137.465807,34.751588],[137.465924,34.751556],[137.466004,34.751567],[137.466105,34.751594],[137.466189,34.751571],[137.466285,34.751531],[137.466348,34.751506],[137.466465,34.751402],[137.466707,34.751245],[137.466814,34.751193],[137.466893,34.751132],[137.467375,34.750833],[137.467506,34.750747],[137.467509,34.750765],[137.467597,34.750686],[137.468176,34.750302],[137.468656,34.750052],[137.469002,34.749953],[137.469335,34.749942],[137.469683,34.749907],[137.470119,34.749798],[137.470839,34.749501],[137.471454,34.749166],[137.471861,34.748891],[137.472104,34.748605],[137.47218,34.748397],[137.471809,34.748366],[137.471744,34.74835],[137.471638,34.748313],[137.47121,34.748182],[137.470815,34.748014],[137.470384,34.7479],[137.470308,34.74787],[137.470097,34.747819],[137.469618,34.747673],[137.469436,34.747633],[137.469206,34.74755],[137.468918,34.747418],[137.468723,34.747266],[137.46868,34.747149],[137.468687,34.746981],[137.468703,34.746816],[137.468681,34.746602],[137.468646,34.746461],[137.468545,34.746313],[137.468434,34.746209],[137.468339,34.746087],[137.46832,34.745957],[137.468164,34.74554],[137.468002,34.745305],[137.467416,34.745097],[137.467007,34.744889],[137.466546,34.744658],[137.466469,34.744586],[137.466242,34.744344],[137.465949,34.744094],[137.465862,34.74404],[137.465678,34.744013],[137.465456,34.743922],[137.465219,34.743831],[137.465153,34.743816],[137.464984,34.743816],[137.464836,34.743843],[137.464657,34.743852],[137.464409,34.743853],[137.464245,34.743818],[137.464053,34.743729],[137.463834,34.743758],[137.463734,34.743828],[137.463581,34.743859],[137.463364,34.743631],[137.463205,34.743518],[137.463081,34.74345],[137.462923,34.74338],[137.462844,34.743298],[137.462747,34.743219],[137.462637,34.743157],[137.462448,34.743072],[137.462348,34.742987],[137.462262,34.742891],[137.462182,34.742825],[137.462174,34.74282],[137.462114,34.742807],[137.461747,34.742729],[137.461148,34.742674],[137.460593,34.742697],[137.460481,34.74271],[137.460222,34.74274],[137.460032,34.742756],[137.459837,34.742945],[137.459773,34.743006],[137.459631,34.743143],[137.45959,34.743182],[137.459329,34.743484],[137.459218,34.743581],[137.459075,34.743581],[137.458775,34.74356],[137.458501,34.743604],[137.458252,34.743411],[137.458167,34.743287],[137.458058,34.743029],[137.457951,34.742863],[137.457827,34.74274],[137.457819,34.742734],[137.457638,34.742602],[137.457386,34.742488],[137.45735,34.742471],[137.457298,34.742463],[137.457186,34.742432],[137.456797,34.742388],[137.456549,34.742351],[137.456314,34.742316],[137.4558,34.742216],[137.45548,34.742126],[137.455376,34.742084],[137.455259,34.742047],[137.455167,34.742025],[137.455077,34.741974],[137.454915,34.741881],[137.454771,34.74183],[137.454695,34.741788],[137.454633,34.74176],[137.454534,34.741754],[137.454407,34.741766],[137.454331,34.741783],[137.454214,34.741801],[137.454152,34.741806],[137.454084,34.741798],[137.453945,34.741727],[137.453903,34.741712],[137.453863,34.741695],[137.453708,34.741597],[137.45351,34.741445],[137.453502,34.741442],[137.453385,34.741349],[137.453123,34.741257],[137.452916,34.741172],[137.452287,34.740959],[137.451429,34.740795],[137.451062,34.740674],[137.450923,34.740505],[137.450748,34.740277],[137.450706,34.740254],[137.450619,34.740153],[137.450398,34.740038],[137.450226,34.739991],[137.450128,34.739938],[137.449708,34.739814],[137.449639,34.739797],[137.44955,34.739788],[137.449401,34.739786],[137.449365,34.739766],[137.449332,34.739751],[137.449281,34.739702],[137.449257,34.739656],[137.449196,34.739469],[137.449181,34.739424],[137.449164,34.739379],[137.449129,34.739344],[137.449078,34.73933],[137.44902,34.739382],[137.448952,34.73946],[137.448837,34.739555],[137.448731,34.739625],[137.448632,34.73973],[137.448598,34.739766],[137.448476,34.739844],[137.448379,34.739898],[137.448331,34.739884],[137.448178,34.73984],[137.447594,34.739661],[137.447553,34.739757],[137.447486,34.739865],[137.447346,34.740082],[137.447184,34.740282],[137.447045,34.740433],[137.446999,34.740471],[137.446961,34.740502],[137.446938,34.740516],[137.446219,34.740942],[137.446039,34.741098],[137.446016,34.741122],[137.445983,34.74117],[137.445934,34.74126],[137.445897,34.741315],[137.445863,34.741344],[137.445806,34.741379],[137.445754,34.741408],[137.445523,34.741442],[137.445356,34.741437],[137.445161,34.741431],[137.444797,34.741501],[137.444542,34.741647],[137.444474,34.74173],[137.44442,34.741787],[137.444335,34.741901],[137.444297,34.741948],[137.44424,34.742001],[137.444163,34.742051],[137.444088,34.742122],[137.444022,34.742203],[137.44396,34.742329],[137.443814,34.742507],[137.443707,34.742578],[137.443752,34.74266],[137.443786,34.742843],[137.443798,34.742983],[137.443793,34.743124],[137.443757,34.743305],[137.44374,34.743451],[137.443746,34.743594],[137.443777,34.74372],[137.443818,34.743864],[137.443832,34.743941],[137.443805,34.744031],[137.443764,34.744099],[137.443608,34.744252],[137.443554,34.744304],[137.443669,34.744348],[137.443864,34.744384],[137.444056,34.744383],[137.44424,34.744349],[137.444642,34.744236],[137.444799,34.744531],[137.444853,34.744633],[137.445215,34.745313],[137.445106,34.745324],[137.444983,34.745313],[137.444805,34.745246],[137.444641,34.745213],[137.444532,34.745213],[137.444177,34.74518],[137.444,34.745158],[137.443767,34.745091],[137.443631,34.745057],[137.443521,34.745069],[137.443371,34.745114],[137.443154,34.745201],[137.443346,34.745274],[137.443656,34.74557],[137.443762,34.745717],[137.44427,34.74619],[137.444222,34.74672],[137.44413,34.747778],[137.443915,34.747947],[137.443563,34.748205],[137.443455,34.748254],[137.443329,34.748267],[137.443204,34.748267],[137.442995,34.748239],[137.441995,34.748103],[137.441045,34.747984],[137.440524,34.747904],[137.440561,34.748299],[137.440583,34.748455],[137.440625,34.748613],[137.440738,34.748794],[137.440876,34.749002],[137.440961,34.749135],[137.440982,34.749202],[137.44098,34.749321],[137.440967,34.749472],[137.440942,34.749696],[137.440873,34.749903],[137.440826,34.750002],[137.440763,34.750075],[137.440685,34.750174],[137.440587,34.750281],[137.440515,34.750347],[137.440449,34.750407],[137.440312,34.750494],[137.439877,34.75075],[137.439706,34.750861],[137.439539,34.751101],[137.439304,34.751224],[137.4392,34.751294],[137.439118,34.751369],[137.439027,34.75147],[137.438956,34.751588],[137.438895,34.751729],[137.438867,34.751912],[137.438879,34.752071],[137.438911,34.752204],[137.438989,34.752367],[137.439105,34.752506],[137.439165,34.752554],[137.439258,34.752586],[137.439429,34.75261],[137.439862,34.7526],[137.440297,34.752562],[137.440528,34.752523],[137.441351,34.752319],[137.441808,34.752225],[137.441935,34.752199],[137.441906,34.752566],[137.441698,34.754978],[137.44156,34.756525],[137.441463,34.757847],[137.443435,34.75708],[137.444902,34.756747],[137.445404,34.756633],[137.447492,34.756178],[137.447958,34.756077],[137.447949,34.756334],[137.447983,34.756586],[137.448039,34.756728],[137.448106,34.756853],[137.448262,34.757095],[137.448525,34.757467],[137.44863,34.757615],[137.448756,34.757808],[137.449066,34.758258],[137.449888,34.758298],[137.451788,34.758389],[137.453677,34.758472],[137.455667,34.758558],[137.456301,34.758586]]]}},{"type":"Feature","id":"232010300","properties":{"KEY_CODE":"232010300","PREF":"23","CITY":"201","S_AREA":"030000","PREF_NAME":"愛知県","CITY_NAME":"豊橋市","S_NAME":"岩田町","HCODE":8101,"AREA":78139.917,"KIGO_E":"E1","JINKO":555,"SETAI":216,"X_CODE":137.432421,"Y_CODE":34.760505},"geometry":{"type":"Polygon","coordinates":[[[137.434709,34.760096],[137.434546,34.759548],[137.433605,34.759614],[137.433518,34.759622],[137.433428,34.759636],[137.43335,34.759452],[137.433226,34.759468],[137.433313,34.759677],[137.433231,34.759708],[137.4329,34.759881],[137.432857,34.759776],[137.432466,34.759901],[137.432349,34.759929],[137.432301,34.759784],[137.432189,34.759815],[137.432155,34.759699],[137.432074,34.759315],[137.431817,34.759338],[137.431079,34.759416],[137.430607,34.759516],[137.430223,34.759597],[137.430402,34.760073],[137.43042,34.760121],[137.43051,34.760357],[137.43067,34.760774],[137.430699,34.760871],[137.430789,34.761106],[137.430936,34.761444],[137.431071,34.761724],[137.431138,34.76191],[137.43114,34.761942],[137.432457,34.761594],[137.432445,34.76157],[137.432901,34.761438],[137.433852,34.761169],[137.434792,34.760898],[137.434575,34.760138],[137.434571,34.760123],[137.434709,34.760096]]]}},{"type":"Feature","id":"232010300","properties":{"KEY_CODE":"232010300","PREF":"23","CITY":"201","S_AREA":"030000","PREF_NAME":"愛知県","CITY_NAME":"豊橋市","S_NAME":"岩田町","HCODE":8101,"AREA":5932.542,"KIGO_E":"E2","JINKO":0,"SETAI":0,"X_CODE":137.41487,"Y_CODE":34.761391},"geometry":{"type":"Polygon","coordinates":[[[137.415326,34.761602],[137.415244,34.761481],[137.415189,34.761506],[137.414619,34.760734],[137.41418,34.760896],[137.41464,34.761391],[137.414667,34.761421],[137.415227,34.762104],[137.415525,34.761996],[137.415263,34.761633],[137.415326,34.761602]]]}},{"type":"Feature","id":"232010300","properties":{"KEY_CODE":"232010300","PREF":"23","CITY":"201","S_AREA":"030000","PREF_NAME":"愛知県","CITY_NAME":"豊橋市","S_NAME":"岩田町","HCODE":8101,"AREA":482707.924,"KIGO_E":"E4","JINKO":0,"SETAI":0,"X_CODE":137.438021,"Y_CODE":34.754773},"geometry":{"type":"Polygon","coordinates":[[[137.441698,34.754978],[137.441906,34.752566],[137.441935,34.752199],[137.441808,34.752225],[137.441351,34.752319],[137.440528,34.752523],[137.440297,34.752562],[137.439862,34.7526],[137.439429,34.75261],[137.439258,34.752586],[137.439165,34.752554],[137.439105,34.752506],[137.438989,34.752367],[137.438911,34.752204],[137.438879,34.752071],[137.438867,34.751912],[137.438895,34.751729],[137.438956,34.751588],[137.439027,34.75147],[137.439118,34.751369],[137.4392,34.751294],[137.439304,34.751224],[137.439539,34.751101],[137.439491,34.751086],[137.439369,34.751049],[137.439249,34.751031],[137.439,34.751028],[137.438807,34.751045],[137.438658,34.751065],[137.438286,34.751158],[137.438183,34.75117],[137.438021,34.751159],[137.437688,34.751109],[137.437539,34.751082],[137.437381,34.751034],[137.437205,34.750956],[137.437101,34.750908],[137.437001,34.750885],[137.436936,34.750876],[137.436789,34.750904],[137.436744,34.750913],[137.436698,34.750916],[137.436656,34.750912],[137.436574,34.750886],[137.436471,34.750861],[137.436394,34.750853],[137.436269,34.750855],[137.436186,34.750866],[137.43612,34.750878],[137.435833,34.751028],[137.435785,34.751042],[137.435732,34.751047],[137.435652,34.75105],[137.435605,34.751049],[137.435561,34.751042],[137.435507,34.751025],[137.435444,34.750999],[137.435383,34.750967],[137.435328,34.750932],[137.435269,34.750889],[137.435238,34.750861],[137.4351,34.750721],[137.435045,34.750679],[137.434993,34.750642],[137.434961,34.750628],[137.434917,34.750618],[137.434868,34.750609],[137.434466,34.750583],[137.4344,34.75069],[137.434388,34.750725],[137.43439,34.750788],[137.434421,34.750865],[137.434694,34.751539],[137.433773,34.751538],[137.434251,34.752977],[137.434769,34.754539],[137.434784,34.754582],[137.435119,34.755574],[137.435794,34.757593],[137.436245,34.758939],[137.438003,34.758788],[137.439505,34.758648],[137.439523,34.758641],[137.440969,34.75805],[137.441463,34.757847],[137.44156,34.756525],[137.441698,34.754978]]]}},{"type":"Feature","id":"232010300","properties":{"KEY_CODE":"232010300","PREF":"23","CITY":"201","S_AREA":"030000","PREF_NAME":"愛知県","CITY_NAME":"豊橋市","S_NAME":"岩田町","HCODE":8101,"AREA":137659.239,"KIGO_E":"E5","JINKO":0,"SETAI":0,"X_CODE":137.424512,"Y_CODE":34.758337},"geometry":{"type":"Polygon","coordinates":[[[137.427286,34.760107],[137.427241,34.759858],[137.42692,34.759911],[137.426746,34.759921],[137.426528,34.759915],[137.426196,34.759873],[137.42607,34.75984],[137.425963,34.75979],[137.425837,34.759683],[137.425806,34.759609],[137.425816,34.759512],[137.42586,34.759422],[137.425987,34.759243],[137.426113,34.759105],[137.4263,34.75894],[137.426514,34.758768],[137.426625,34.758702],[137.426708,34.758667],[137.426806,34.758624],[137.426507,34.757879],[137.426095,34.756982],[137.425866,34.756394],[137.425072,34.756425],[137.424783,34.75645],[137.424403,34.756521],[137.423822,34.75665],[137.422919,34.756783],[137.422414,34.756867],[137.422394,34.757351],[137.422382,34.758272],[137.422345,34.759221],[137.422329,34.759439],[137.422372,34.759414],[137.422415,34.759405],[137.423001,34.759362],[137.42305,34.759362],[137.423104,34.759369],[137.423338,34.759442],[137.423309,34.760166],[137.425328,34.760212],[137.425848,34.760227],[137.426156,34.76022],[137.426704,34.760176],[137.427286,34.760107]]]}},{"type":"Feature","id":"232010300","properties":{"KEY_CODE":"232010300","PREF":"23","CITY":"201","S_AREA":"030000","PREF_NAME":"愛知県","CITY_NAME":"豊橋市","S_NAME":"岩田町","HCODE":8101,"AREA":5711.538,"KIGO_E":"E3","JINKO":0,"SETAI":0,"X_CODE":137.416773,"Y_CODE":34.764887},"geometry":{"type":"Polygon","coordinates":[[[137.415991,34.765159],[137.416689,34.765103],[137.41669,34.765115],[137.417405,34.765058],[137.417294,34.764485],[137.417186,34.764519],[137.416655,34.764704],[137.416157,34.764861],[137.416051,34.764849],[137.415991,34.765159]]]}},{"type":"Feature","id":"232010310","properties":{"KEY_CODE":"232010310","PREF":"23","CITY":"201","S_AREA":"031000","PREF_NAME":"愛知県","CITY_NAME":"豊橋市","S_NAME":"岩屋町","HCODE":8101,"AREA":450866.318,"KIGO_E":"","JINKO":2890,"SETAI":1162,"X_CODE":137.423444,"Y_CODE":34.7366},"geometry":{"type":"Polygon","coordinates":[[[137.424358,34.730345],[137.424343,34.73031],[137.424271,34.730325],[137.423901,34.731],[137.42385,34.731036],[137.423818,34.731079],[137.423773,34.731168],[137.423681,34.731405],[137.423673,34.731455],[137.423699,34.731714],[137.423709,34.731762],[137.423719,34.731803],[137.423615,34.731922],[137.423552,34.731993],[137.423653,34.732091],[137.42343,34.732248],[137.422933,34.732601],[137.423185,34.732855],[137.42298,34.733007],[137.423096,34.733127],[137.422859,34.733298],[137.423093,34.733531],[137.422639,34.734135],[137.422335,34.734509],[137.422279,34.734577],[137.421836,34.735091],[137.421465,34.735447],[137.421068,34.735839],[137.420091,34.736505],[137.420051,34.736669],[137.419745,34.736884],[137.419656,34.736941],[137.419828,34.737107],[137.419517,34.73729],[137.419521,34.737302],[137.419651,34.737436],[137.419552,34.737498],[137.41968,34.737642],[137.41907,34.738016],[137.41913,34.738083],[137.419517,34.73855],[137.419473,34.738602],[137.419592,34.739618],[137.420257,34.740064],[137.420553,34.74031],[137.419667,34.740965],[137.420124,34.741236],[137.42008,34.741327],[137.420047,34.741414],[137.420003,34.741556],[137.419965,34.741679],[137.419916,34.741848],[137.420103,34.742172],[137.420375,34.74199],[137.420953,34.741574],[137.421442,34.741223],[137.422,34.74085],[137.422415,34.740495],[137.422714,34.740122],[137.422864,34.739964],[137.423231,34.739671],[137.423444,34.739403],[137.423844,34.73901],[137.42443,34.738676],[137.425547,34.737975],[137.425919,34.737747],[137.427219,34.73695],[137.427222,34.736949],[137.428131,34.736463],[137.428858,34.736109],[137.428817,34.736041],[137.428749,34.735996],[137.428598,34.735907],[137.428516,34.735839],[137.42842,34.735738],[137.427626,34.735109],[137.427572,34.735075],[137.427394,34.734918],[137.427257,34.734783],[137.426873,34.73431],[137.426709,34.73413],[137.426531,34.733962],[137.426339,34.733816],[137.426139,34.733593],[137.425759,34.7331],[137.425323,34.732682],[137.425134,34.732455],[137.425029,34.732275],[137.424596,34.73213],[137.424604,34.731901],[137.424634,34.731329],[137.424304,34.731314],[137.424371,34.730875],[137.424385,34.730798],[137.424396,34.73065],[137.424388,34.730438],[137.424358,34.730345]]]}},{"type":"Feature","id":"232010320","properties":{"KEY_CODE":"232010320","PREF":"23","CITY":"201","S_AREA":"032000","PREF_NAME":"愛知県","CITY_NAME":"豊橋市","S_NAME":"上地町","HCODE":8101,"AREA":89546.959,"KIGO_E":"","JINKO":551,"SETAI":250,"X_CODE":137.415229,"Y_CODE":34.766595},"geometry":{"type":"Polygon","coordinates":[[[137.41669,34.765115],[137.416689,34.765103],[137.415991,34.765159],[137.415167,34.765229],[137.415146,34.765231],[137.413214,34.765382],[137.413465,34.765877],[137.413626,34.766177],[137.413635,34.766205],[137.413712,34.766582],[137.41383,34.76722],[137.413904,34.767622],[137.413836,34.767963],[137.413795,34.76817],[137.413792,34.768205],[137.414273,34.768197],[137.414328,34.768195],[137.415616,34.767972],[137.416974,34.767714],[137.416932,34.767288],[137.416915,34.76712],[137.41686,34.766652],[137.416857,34.766626],[137.416793,34.766052],[137.41679,34.76603],[137.416734,34.765603],[137.41669,34.765115]]]}},{"type":"Feature","id":"232010330","properties":{"KEY_CODE":"232010330","PREF":"23","CITY":"201","S_AREA":"033000","PREF_NAME":"愛知県","CITY_NAME":"豊橋市","S_NAME":"植田町","HCODE":8101,"AREA":3118520.116,"KIGO_E":"","JINKO":4864,"SETAI":1870,"X_CODE":137.367719,"Y_CODE":34.708334},"geometry":{"type":"Polygon","coordinates":[[[137.371367,34.715833],[137.372474,34.715664],[137.372632,34.715667],[137.373696,34.715748],[137.374073,34.715776],[137.37436,34.715471],[137.375104,34.714867],[137.375181,34.714824],[137.375604,34.714659],[137.375719,34.714606],[137.375903,34.714501],[137.375983,34.714421],[137.376074,34.714241],[137.376264,34.713994],[137.376322,34.713938],[137.376624,34.713757],[137.376952,34.713614],[137.377214,34.713534],[137.377538,34.713494],[137.377837,34.71348],[137.37808,34.713445],[137.378298,34.713385],[137.378633,34.713239],[137.37897,34.713055],[137.379275,34.71285],[137.37951,34.712603],[137.379631,34.712447],[137.379775,34.7122],[137.379835,34.712043],[137.379907,34.711875],[137.380019,34.711673],[137.380087,34.711577],[137.38018,34.711483],[137.380301,34.711284],[137.380502,34.71055],[137.380569,34.710369],[137.380618,34.7102],[137.380694,34.70982],[137.380569,34.709787],[137.380438,34.709749],[137.380333,34.709701],[137.380216,34.709643],[137.380124,34.709574],[137.380075,34.709536],[137.380005,34.709473],[137.379947,34.70942],[137.379866,34.709318],[137.379753,34.709169],[137.379659,34.709056],[137.379595,34.708972],[137.379547,34.708905],[137.37949,34.708836],[137.379443,34.708781],[137.379398,34.70872],[137.379167,34.708822],[137.379029,34.708861],[137.37895,34.708864],[137.37881,34.708841],[137.378531,34.708768],[137.378195,34.708669],[137.377978,34.708632],[137.37777,34.708637],[137.377643,34.708662],[137.377519,34.70869],[137.37736,34.708732],[137.377204,34.708778],[137.377068,34.708838],[137.377033,34.708837],[137.377019,34.70882],[137.377064,34.70872],[137.377172,34.708528],[137.377327,34.708318],[137.377498,34.70815],[137.377788,34.707991],[137.377925,34.707889],[137.37802,34.707754],[137.378047,34.707641],[137.378046,34.707495],[137.378032,34.707168],[137.378059,34.707066],[137.378124,34.706935],[137.378257,34.706621],[137.378485,34.706238],[137.378963,34.70553],[137.379064,34.705468],[137.379335,34.705326],[137.37818,34.705228],[137.377997,34.705007],[137.377561,34.705309],[137.377469,34.705371],[137.377102,34.705013],[137.377171,34.70498],[137.377344,34.704892],[137.377479,34.704814],[137.377215,34.704491],[137.376974,34.704206],[137.376765,34.704215],[137.376655,34.70422],[137.376176,34.704241],[137.375679,34.704253],[137.375584,34.704244],[137.37542,34.704187],[137.373915,34.703598],[137.373877,34.703178],[137.372375,34.702643],[137.372352,34.702613],[137.372362,34.702572],[137.372669,34.701785],[137.372746,34.701552],[137.372863,34.701176],[137.372957,34.700902],[137.37305,34.700614],[137.372878,34.70053],[137.372763,34.700477],[137.372574,34.700394],[137.372008,34.700136],[137.371855,34.700081],[137.371296,34.699695],[137.370718,34.699364],[137.370082,34.698945],[137.36911,34.698409],[137.368999,34.69836],[137.36889,34.698378],[137.368114,34.69853],[137.368032,34.698537],[137.366773,34.699046],[137.366412,34.699203],[137.365647,34.699531],[137.365474,34.699605],[137.365449,34.699616],[137.365099,34.699792],[137.364288,34.700199],[137.363813,34.70045],[137.363345,34.699733],[137.362677,34.700004],[137.362797,34.700195],[137.362286,34.70046],[137.362162,34.700266],[137.3611,34.700742],[137.360507,34.701008],[137.360511,34.70102],[137.360471,34.701039],[137.360498,34.701182],[137.360549,34.701416],[137.360556,34.701641],[137.360541,34.701849],[137.360493,34.702048],[137.358122,34.703635],[137.356699,34.704588],[137.356734,34.704673],[137.35678,34.704783],[137.356864,34.704953],[137.356957,34.705129],[137.35676,34.705223],[137.356549,34.704755],[137.354355,34.706222],[137.354194,34.706354],[137.354295,34.706433],[137.354423,34.706541],[137.354683,34.706728],[137.35496,34.70688],[137.355195,34.707021],[137.355386,34.707141],[137.355577,34.707271],[137.355745,34.707379],[137.356184,34.707585],[137.356623,34.707802],[137.356696,34.707877],[137.35688,34.708139],[137.357187,34.708597],[137.357565,34.709073],[137.357971,34.709625],[137.358074,34.709778],[137.358422,34.710263],[137.35892,34.710947],[137.359357,34.71158],[137.359549,34.711889],[137.359664,34.712072],[137.359831,34.712322],[137.360028,34.71261],[137.359947,34.71265],[137.359848,34.712695],[137.359756,34.712742],[137.359648,34.712796],[137.359871,34.713125],[137.360027,34.713377],[137.36012,34.7136],[137.360174,34.713758],[137.360391,34.714304],[137.360436,34.714387],[137.360559,34.714566],[137.360636,34.714698],[137.360757,34.715034],[137.360873,34.715406],[137.360953,34.715665],[137.361066,34.715948],[137.361103,34.716043],[137.361124,34.716092],[137.361145,34.716136],[137.361168,34.716187],[137.361231,34.716304],[137.361351,34.716495],[137.361397,34.716638],[137.361407,34.716891],[137.361467,34.717189],[137.361578,34.717699],[137.361656,34.718053],[137.361671,34.71812],[137.362492,34.717829],[137.362982,34.717676],[137.363396,34.71755],[137.363899,34.717401],[137.365059,34.717159],[137.365978,34.716985],[137.366402,34.716921],[137.367157,34.71683],[137.367462,34.716744],[137.368125,34.716629],[137.368458,34.71655],[137.369569,34.71625],[137.370149,34.716095],[137.370722,34.715942],[137.370902,34.715902],[137.371367,34.715833]]]}},{"type":"Feature","id":"232010340","properties":{"KEY_CODE":"232010340","PREF":"23","CITY":"201","S_AREA":"034000","PREF_NAME":"愛知県","CITY_NAME":"豊橋市","S_NAME":"上野町","HCODE":8101,"AREA":410839.813,"KIGO_E":"","JINKO":3013,"SETAI":1254,"X_CODE":137.389545,"Y_CODE":34.723545},"geometry":{"type":"Polygon","coordinates":[[[137.392642,34.725031],[137.392593,34.724676],[137.392468,34.724712],[137.392529,34.724147],[137.392591,34.723635],[137.392666,34.722849],[137.392774,34.721818],[137.392828,34.721295],[137.39287,34.720938],[137.392928,34.720293],[137.392928,34.720293],[137.392935,34.720212],[137.392932,34.720212],[137.392869,34.720192],[137.392817,34.720179],[137.392651,34.720146],[137.392432,34.720117],[137.392256,34.720119],[137.392016,34.720136],[137.39184,34.720153],[137.391695,34.720162],[137.391609,34.720166],[137.391468,34.720163],[137.391096,34.720083],[137.390942,34.720084],[137.390753,34.720082],[137.390575,34.720077],[137.390373,34.720068],[137.390355,34.720112],[137.390317,34.720212],[137.390135,34.720752],[137.389541,34.720685],[137.389316,34.720657],[137.38809,34.720515],[137.386851,34.720363],[137.386326,34.720306],[137.386344,34.721331],[137.386349,34.721636],[137.386368,34.722348],[137.386378,34.722637],[137.386379,34.722989],[137.386406,34.723682],[137.386406,34.723756],[137.386413,34.723933],[137.386426,34.724426],[137.386433,34.724719],[137.386433,34.724727],[137.38645,34.725609],[137.386463,34.726076],[137.386469,34.72657],[137.38648,34.727074],[137.38673,34.727048],[137.388824,34.726855],[137.389086,34.726833],[137.389193,34.726821],[137.389564,34.72678],[137.390333,34.726701],[137.391819,34.726574],[137.392848,34.72648],[137.392779,34.725972],[137.392739,34.725653],[137.392642,34.725031]]]}},{"type":"Feature","id":"232010350","properties":{"KEY_CODE":"232010350","PREF":"23","CITY":"201","S_AREA":"035000","PREF_NAME":"愛知県","CITY_NAME":"豊橋市","S_NAME":"魚町","HCODE":8101,"AREA":45263.773,"KIGO_E":"","JINKO":220,"SETAI":106,"X_CODE":137.389503,"Y_CODE":34.765427},"geometry":{"type":"Polygon","coordinates":[[[137.388125,34.766626],[137.389474,34.766215],[137.389506,34.766287],[137.389795,34.766214],[137.390309,34.766192],[137.390506,34.766183],[137.390466,34.765751],[137.390605,34.765727],[137.391096,34.765588],[137.390983,34.765381],[137.39097,34.765353],[137.390818,34.76508],[137.390547,34.76458],[137.390185,34.763858],[137.390151,34.763792],[137.390155,34.763859],[137.390161,34.763933],[137.390192,34.764312],[137.390157,34.764314],[137.389086,34.764386],[137.388813,34.7644],[137.388837,34.764775],[137.388669,34.764785],[137.388736,34.765262],[137.38864,34.765273],[137.38868,34.76544],[137.388598,34.76545],[137.388639,34.76561],[137.388685,34.765821],[137.388534,34.765842],[137.388543,34.765872],[137.388543,34.765875],[137.388387,34.765912],[137.388365,34.765865],[137.388164,34.765909],[137.388177,34.765965],[137.38818,34.765977],[137.387936,34.766025],[137.387896,34.765877],[137.387662,34.765916],[137.38767,34.765946],[137.387749,34.766282],[137.387757,34.76631],[137.38785,34.766603],[137.387959,34.766575],[137.388094,34.766543],[137.388104,34.766541],[137.388114,34.766575],[137.388125,34.766626]]]}},{"type":"Feature","id":"232010360","properties":{"KEY_CODE":"232010360","PREF":"23","CITY":"201","S_AREA":"036000","PREF_NAME":"愛知県","CITY_NAME":"豊橋市","S_NAME":"牛川町","HCODE":8101,"AREA":2831857.372,"KIGO_E":"E1","JINKO":5768,"SETAI":2220,"X_CODE":137.416901,"Y_CODE":34.781554},"geometry":{"type":"Polygon","coordinates":[[[137.424538,34.790394],[137.424461,34.790267],[137.424698,34.790384],[137.425049,34.790575],[137.425506,34.790763],[137.425853,34.79094],[137.425867,34.790917],[137.426039,34.790584],[137.426053,34.79051],[137.426053,34.790438],[137.42604,34.790359],[137.426007,34.790289],[137.425952,34.790199],[137.425844,34.790086],[137.425813,34.790069],[137.425788,34.790055],[137.42553,34.789948],[137.425262,34.789852],[137.424987,34.789751],[137.424892,34.789697],[137.42482,34.78964],[137.424725,34.78954],[137.424496,34.789244],[137.424458,34.789195],[137.424404,34.789123],[137.424305,34.78898],[137.424204,34.788806],[137.424113,34.788683],[137.423798,34.788262],[137.423723,34.788185],[137.423683,34.788147],[137.423604,34.788083],[137.423528,34.788045],[137.423395,34.788006],[137.422323,34.787748],[137.421835,34.787631],[137.421625,34.787576],[137.421162,34.787439],[137.420826,34.78748],[137.420574,34.787501],[137.420251,34.787512],[137.420226,34.787501],[137.420219,34.787486],[137.420189,34.787163],[137.421217,34.786667],[137.421251,34.786718],[137.421469,34.786615],[137.421435,34.786569],[137.421859,34.786378],[137.421897,34.786025],[137.421931,34.78607],[137.42197,34.786109],[137.422012,34.786143],[137.422065,34.78617],[137.422152,34.786197],[137.42226,34.786239],[137.422303,34.786265],[137.422517,34.7865],[137.422861,34.78682],[137.423379,34.786628],[137.423395,34.786664],[137.423832,34.786516],[137.425368,34.785933],[137.425916,34.785719],[137.425969,34.785702],[137.425718,34.78558],[137.425453,34.785424],[137.425191,34.785252],[137.424972,34.785109],[137.424932,34.785083],[137.424553,34.784773],[137.424117,34.784422],[137.423524,34.783959],[137.423407,34.783855],[137.423357,34.783801],[137.423133,34.783541],[137.423036,34.783459],[137.422891,34.783304],[137.422831,34.783236],[137.422741,34.783092],[137.422479,34.782603],[137.422457,34.782561],[137.422364,34.782409],[137.422262,34.782259],[137.422119,34.78208],[137.421189,34.781213],[137.420662,34.780784],[137.420586,34.780712],[137.420135,34.780322],[137.419788,34.780015],[137.419632,34.779912],[137.419445,34.779822],[137.419195,34.779737],[137.41918,34.779734],[137.418248,34.77952],[137.418223,34.779514],[137.417566,34.779354],[137.41737,34.779285],[137.416419,34.778985],[137.416377,34.778965],[137.415446,34.778524],[137.415354,34.778481],[137.41493,34.778265],[137.415252,34.777903],[137.415363,34.777654],[137.415378,34.77722],[137.415396,34.776817],[137.415246,34.776253],[137.41466,34.77577],[137.415999,34.775824],[137.416507,34.775836],[137.416523,34.77549],[137.416556,34.77474],[137.416553,34.774734],[137.416465,34.774518],[137.416459,34.774504],[137.416435,34.77445],[137.416395,34.774231],[137.416311,34.773928],[137.416254,34.773814],[137.416157,34.773662],[137.415556,34.773695],[137.415406,34.773332],[137.415383,34.773289],[137.415238,34.773086],[137.41521,34.773039],[137.415093,34.772725],[137.415037,34.772548],[137.415013,34.772436],[137.414983,34.772234],[137.414977,34.772149],[137.414653,34.772137],[137.414125,34.772119],[137.414118,34.772826],[137.414171,34.773054],[137.414196,34.77313],[137.414553,34.773777],[137.414086,34.773826],[137.414297,34.774205],[137.414134,34.774273],[137.41366,34.774071],[137.413218,34.774217],[137.413119,34.774278],[137.412874,34.773997],[137.412846,34.774015],[137.411326,34.77501],[137.411139,34.774746],[137.411098,34.774648],[137.411066,34.774504],[137.410881,34.774204],[137.410836,34.774167],[137.410812,34.77414],[137.410798,34.774108],[137.410709,34.773774],[137.409402,34.773812],[137.409138,34.773529],[137.409119,34.773343],[137.409092,34.772777],[137.408992,34.772254],[137.408948,34.772039],[137.408827,34.771772],[137.408775,34.771719],[137.408628,34.771644],[137.408369,34.771539],[137.408203,34.771507],[137.408037,34.771477],[137.407573,34.771334],[137.407211,34.771311],[137.407139,34.771299],[137.407054,34.771276],[137.406369,34.77102],[137.405923,34.770857],[137.405843,34.770884],[137.405393,34.771039],[137.405135,34.771143],[137.404939,34.771211],[137.404794,34.771247],[137.404516,34.771297],[137.404107,34.771385],[137.403874,34.77145],[137.403719,34.77151],[137.403537,34.771608],[137.403422,34.771677],[137.403129,34.771884],[137.402688,34.772174],[137.402463,34.772307],[137.402321,34.772373],[137.402187,34.772415],[137.401997,34.772444],[137.401724,34.772455],[137.401519,34.772441],[137.401323,34.772414],[137.401076,34.772372],[137.400909,34.77233],[137.400793,34.772277],[137.400556,34.772139],[137.400392,34.772054],[137.400131,34.771938],[137.399736,34.771797],[137.399376,34.771677],[137.399161,34.771623],[137.398998,34.771597],[137.398827,34.771579],[137.397827,34.771588],[137.397645,34.771576],[137.397157,34.771528],[137.395939,34.771457],[137.395465,34.771412],[137.394225,34.771192],[137.394096,34.771255],[137.393607,34.771534],[137.393686,34.77162],[137.393776,34.771734],[137.393866,34.771893],[137.393925,34.772041],[137.393972,34.772268],[137.393972,34.772398],[137.393945,34.772562],[137.393724,34.773163],[137.393487,34.773627],[137.393087,34.774335],[137.392281,34.775843],[137.392253,34.77589],[137.391895,34.776494],[137.391042,34.777785],[137.390682,34.778344],[137.390617,34.778468],[137.390598,34.778577],[137.390598,34.778626],[137.390609,34.778673],[137.390651,34.778761],[137.390691,34.778875],[137.39077,34.779018],[137.390916,34.779247],[137.391108,34.779486],[137.391272,34.77966],[137.391476,34.779923],[137.391763,34.780204],[137.392234,34.780577],[137.392407,34.780708],[137.392633,34.780864],[137.392829,34.780989],[137.393221,34.781178],[137.393374,34.781191],[137.393599,34.781157],[137.393906,34.781099],[137.394242,34.781021],[137.394578,34.780922],[137.394943,34.780799],[137.395572,34.780516],[137.396212,34.780152],[137.39645,34.780017],[137.397928,34.779359],[137.400007,34.778458],[137.400144,34.778417],[137.400746,34.778238],[137.40128,34.778141],[137.40321,34.777823],[137.403834,34.777729],[137.404978,34.777522],[137.405398,34.777499],[137.407554,34.777464],[137.407608,34.777469],[137.408866,34.777598],[137.409292,34.777641],[137.409528,34.777681],[137.409615,34.777696],[137.409861,34.777783],[137.410076,34.777928],[137.410346,34.778102],[137.410352,34.778105],[137.410754,34.778393],[137.411168,34.778756],[137.411467,34.779027],[137.411616,34.779187],[137.411789,34.779421],[137.41182,34.779477],[137.411932,34.779704],[137.412023,34.779909],[137.412109,34.780004],[137.412173,34.780127],[137.412226,34.780258],[137.412269,34.780395],[137.412288,34.780488],[137.412316,34.780621],[137.412352,34.78083],[137.412399,34.781007],[137.412403,34.78117],[137.412374,34.781342],[137.412313,34.781473],[137.412202,34.781653],[137.412047,34.781874],[137.411947,34.782073],[137.411771,34.782308],[137.41166,34.782461],[137.411639,34.782493],[137.411579,34.782584],[137.41155,34.782628],[137.4115,34.782737],[137.411483,34.782772],[137.411422,34.782876],[137.411279,34.783088],[137.411146,34.783268],[137.410908,34.783579],[137.410859,34.783643],[137.410705,34.78385],[137.410589,34.78404],[137.410511,34.784189],[137.410428,34.784306],[137.410323,34.784446],[137.410213,34.784599],[137.410125,34.784707],[137.410015,34.784847],[137.409855,34.785045],[137.409771,34.785199],[137.409747,34.78525],[137.40971,34.78533],[137.409654,34.785492],[137.409631,34.78561],[137.409614,34.785755],[137.409627,34.786058],[137.40963,34.786276],[137.409635,34.786362],[137.409656,34.786439],[137.409676,34.786552],[137.409692,34.786661],[137.409713,34.786743],[137.409744,34.786852],[137.409771,34.786933],[137.409821,34.787036],[137.409824,34.787042],[137.409883,34.78717],[137.40992,34.787269],[137.409952,34.787342],[137.409968,34.787396],[137.409994,34.78746],[137.410026,34.787533],[137.410069,34.78761],[137.410096,34.787674],[137.410128,34.787755],[137.41016,34.787828],[137.410202,34.787927],[137.410218,34.787964],[137.410271,34.788087],[137.410308,34.788191],[137.41034,34.7883],[137.410361,34.788432],[137.410337,34.788576],[137.41033,34.788632],[137.410314,34.788744],[137.410251,34.788997],[137.410178,34.789169],[137.410132,34.789267],[137.410051,34.789417],[137.409979,34.789562],[137.40989,34.789729],[137.409802,34.789891],[137.409757,34.789972],[137.409663,34.790139],[137.409598,34.790271],[137.409477,34.790487],[137.409467,34.790519],[137.40947,34.790549],[137.409489,34.790569],[137.409566,34.790651],[137.409696,34.79079],[137.409874,34.790981],[137.411515,34.79037],[137.412432,34.790035],[137.413888,34.789489],[137.413921,34.789363],[137.413965,34.788353],[137.417226,34.786986],[137.417654,34.78725],[137.41796,34.787827],[137.419613,34.790592],[137.421935,34.789614],[137.4236,34.792326],[137.423613,34.792353],[137.425242,34.791834],[137.425286,34.791802],[137.425358,34.791685],[137.424637,34.790557],[137.424538,34.790394]]]}},{"type":"Feature","id":"232010360","properties":{"KEY_CODE":"232010360","PREF":"23","CITY":"201","S_AREA":"036000","PREF_NAME":"愛知県","CITY_NAME":"豊橋市","S_NAME":"牛川町","HCODE":8101,"AREA":683672.624,"KIGO_E":"E2","JINKO":0,"SETAI":0,"X_CODE":137.438708,"Y_CODE":34.773228},"geometry":{"type":"Polygon","coordinates":[[[137.445309,34.770624],[137.44552,34.770322],[137.4453,34.770385],[137.445154,34.770401],[137.444986,34.7704],[137.444317,34.770321],[137.443891,34.770263],[137.443426,34.770249],[137.443421,34.770249],[137.443058,34.770381],[137.442837,34.770452],[137.442409,34.77059],[137.44192,34.770585],[137.441423,34.770582],[137.441083,34.770548],[137.440731,34.770482],[137.440615,34.770441],[137.440511,34.77039],[137.440461,34.770327],[137.440442,34.770263],[137.440429,34.770196],[137.440434,34.770151],[137.440458,34.770112],[137.440487,34.770064],[137.440438,34.76979],[137.440357,34.769605],[137.440287,34.769517],[137.440212,34.769491],[137.440153,34.769508],[137.440036,34.769796],[137.439988,34.769875],[137.439915,34.769944],[137.439828,34.769951],[137.439614,34.769947],[137.439596,34.769968],[137.439589,34.770014],[137.439588,34.770103],[137.439588,34.770181],[137.439562,34.770228],[137.439528,34.770263],[137.439465,34.770297],[137.439403,34.77033],[137.439301,34.770367],[137.439236,34.770369],[137.439163,34.770378],[137.439105,34.770406],[137.439019,34.770445],[137.438923,34.770512],[137.438829,34.770566],[137.438774,34.770566],[137.438722,34.770545],[137.438682,34.770508],[137.438656,34.770463],[137.438656,34.770396],[137.438679,34.770308],[137.43871,34.770221],[137.438744,34.770161],[137.438744,34.770112],[137.438674,34.770057],[137.438558,34.769996],[137.438369,34.769951],[137.438173,34.76993],[137.4378,34.76995],[137.437652,34.769959],[137.437541,34.769986],[137.437405,34.770043],[137.437269,34.770077],[137.437159,34.770088],[137.43705,34.770066],[137.436965,34.770049],[137.436807,34.769952],[137.436615,34.769853],[137.436455,34.769778],[137.436382,34.769779],[137.436265,34.769765],[137.436118,34.76976],[137.435905,34.769749],[137.43569,34.769747],[137.435514,34.769715],[137.435304,34.769646],[137.435076,34.769587],[137.434881,34.769594],[137.434695,34.769611],[137.434301,34.769662],[137.434079,34.76969],[137.433999,34.769699],[137.433589,34.769724],[137.433185,34.769753],[137.433402,34.770291],[137.433408,34.770306],[137.433463,34.770703],[137.433326,34.770735],[137.432688,34.770884],[137.43274,34.771195],[137.432725,34.771532],[137.432709,34.771871],[137.432627,34.773327],[137.432567,34.774372],[137.434096,34.77447],[137.434688,34.774489],[137.435965,34.774514],[137.436542,34.774531],[137.4366,34.774533],[137.437193,34.77454],[137.437737,34.77455],[137.437715,34.776058],[137.437722,34.777599],[137.437699,34.779483],[137.43924,34.778967],[137.439347,34.778922],[137.439378,34.778909],[137.43942,34.778888],[137.439525,34.778835],[137.439666,34.778725],[137.439797,34.778598],[137.44001,34.778311],[137.44039,34.777706],[137.440286,34.777655],[137.440245,34.777614],[137.440397,34.77742],[137.440492,34.777293],[137.440606,34.77713],[137.440721,34.777029],[137.440874,34.776945],[137.440989,34.776887],[137.441078,34.776823],[137.441167,34.776733],[137.441218,34.77658],[137.441262,34.776501],[137.441351,34.776396],[137.44145,34.77634],[137.441559,34.776287],[137.442763,34.775091],[137.44294,34.774966],[137.44308,34.774855],[137.443227,34.774713],[137.443271,34.774534],[137.443328,34.774312],[137.443372,34.774159],[137.443612,34.77385],[137.44389,34.773475],[137.444144,34.772874],[137.444423,34.772373],[137.44483,34.771828],[137.444939,34.771604],[137.444964,34.771471],[137.445006,34.771275],[137.445048,34.771037],[137.445132,34.770855],[137.445309,34.770624]]]}},{"type":"Feature","id":"232010360","properties":{"KEY_CODE":"232010360","PREF":"23","CITY":"201","S_AREA":"036000","PREF_NAME":"愛知県","CITY_NAME":"豊橋市","S_NAME":"牛川町","HCODE":8101,"AREA":107172.115,"KIGO_E":"E3","JINKO":0,"SETAI":0,"X_CODE":137.434449,"Y_CODE":34.781365},"geometry":{"type":"Polygon","coordinates":[[[137.436106,34.782994],[137.436174,34.779812],[137.435656,34.779831],[137.434143,34.77988],[137.43231,34.779919],[137.432459,34.780339],[137.432765,34.781246],[137.432804,34.781378],[137.432917,34.78216],[137.433029,34.782943],[137.433136,34.782966],[137.436106,34.782994]]]}},{"type":"Feature","id":"23201037001","properties":{"KEY_CODE":"23201037001","PREF":"23","CITY":"201","S_AREA":"037001","PREF_NAME":"愛知県","CITY_NAME":"豊橋市","S_NAME":"牛川通一丁目","HCODE":8101,"AREA":147860.229,"KIGO_E":"","JINKO":860,"SETAI":352,"X_CODE":137.419853,"Y_CODE":34.776755},"geometry":{"type":"Polygon","coordinates":[[[137.42553,34.776682],[137.425374,34.776058],[137.423896,34.776088],[137.422226,34.776043],[137.421627,34.776025],[137.421016,34.776004],[137.421023,34.77597],[137.419885,34.775939],[137.419766,34.775941],[137.417945,34.775896],[137.417411,34.775879],[137.416507,34.775836],[137.415999,34.775824],[137.41466,34.77577],[137.415246,34.776253],[137.416938,34.777383],[137.417568,34.777817],[137.418386,34.778363],[137.419105,34.77812],[137.419701,34.777909],[137.420978,34.777551],[137.421577,34.777399],[137.423205,34.777098],[137.42553,34.776682]]]}},{"type":"Feature","id":"23201037002","properties":{"KEY_CODE":"23201037002","PREF":"23","CITY":"201","S_AREA":"037002","PREF_NAME":"愛知県","CITY_NAME":"豊橋市","S_NAME":"牛川通二丁目","HCODE":8101,"AREA":76230.473,"KIGO_E":"","JINKO":421,"SETAI":167,"X_CODE":137.417465,"Y_CODE":34.778535},"geometry":{"type":"Polygon","coordinates":[[[137.416938,34.777383],[137.415246,34.776253],[137.415396,34.776817],[137.415378,34.77722],[137.415363,34.777654],[137.415252,34.777903],[137.41493,34.778265],[137.415354,34.778481],[137.415446,34.778524],[137.416377,34.778965],[137.416419,34.778985],[137.41737,34.779285],[137.417566,34.779354],[137.418223,34.779514],[137.418248,34.77952],[137.41918,34.779734],[137.419195,34.779737],[137.419445,34.779822],[137.419632,34.779912],[137.419788,34.780015],[137.420135,34.780322],[137.420586,34.780712],[137.42108,34.780324],[137.420442,34.779806],[137.419393,34.779028],[137.418386,34.778363],[137.417568,34.777817],[137.416938,34.777383]]]}},{"type":"Feature","id":"23201037003","properties":{"KEY_CODE":"23201037003","PREF":"23","CITY":"201","S_AREA":"037003","PREF_NAME":"愛知県","CITY_NAME":"豊橋市","S_NAME":"牛川通三丁目","HCODE":8101,"AREA":147834.587,"KIGO_E":"","JINKO":929,"SETAI":407,"X_CODE":137.421954,"Y_CODE":34.779272},"geometry":{"type":"Polygon","coordinates":[[[137.423458,34.778105],[137.423205,34.777098],[137.421577,34.777399],[137.420978,34.777551],[137.419701,34.777909],[137.419105,34.77812],[137.418386,34.778363],[137.419393,34.779028],[137.420442,34.779806],[137.42108,34.780324],[137.421726,34.78087],[137.422153,34.781222],[137.422646,34.781649],[137.422805,34.781765],[137.424285,34.781506],[137.424339,34.781496],[137.424097,34.780522],[137.423997,34.780151],[137.423683,34.778973],[137.423604,34.778681],[137.423458,34.778105]]]}},{"type":"Feature","id":"23201037004","properties":{"KEY_CODE":"23201037004","PREF":"23","CITY":"201","S_AREA":"037004","PREF_NAME":"愛知県","CITY_NAME":"豊橋市","S_NAME":"牛川通四丁目","HCODE":8101,"AREA":476262.881,"KIGO_E":"","JINKO":183,"SETAI":114,"X_CODE":137.426969,"Y_CODE":34.780644},"geometry":{"type":"Polygon","coordinates":[[[137.426552,34.784905],[137.426607,34.784874],[137.426611,34.784876],[137.430064,34.78425],[137.43041,34.784187],[137.430896,34.784099],[137.430936,34.784092],[137.430733,34.783351],[137.430289,34.781711],[137.43004,34.78078],[137.429922,34.780334],[137.429801,34.779869],[137.429544,34.778887],[137.429401,34.77834],[137.429184,34.777554],[137.429061,34.777098],[137.428926,34.776599],[137.427011,34.776611],[137.425897,34.776617],[137.42553,34.776682],[137.423205,34.777098],[137.423458,34.778105],[137.423604,34.778681],[137.423683,34.778973],[137.423997,34.780151],[137.424097,34.780522],[137.424339,34.781496],[137.424285,34.781506],[137.422805,34.781765],[137.424147,34.782895],[137.42449,34.783184],[137.42512,34.783707],[137.425899,34.784358],[137.426552,34.784905]]]}},{"type":"Feature","id":"23201037005","properties":{"KEY_CODE":"23201037005","PREF":"23","CITY":"201","S_AREA":"037005","PREF_NAME":"愛知県","CITY_NAME":"豊橋市","S_NAME":"牛川通五丁目","HCODE":8101,"AREA":87119.392,"KIGO_E":"","JINKO":542,"SETAI":265,"X_CODE":137.424412,"Y_CODE":34.783758},"geometry":{"type":"Polygon","coordinates":[[[137.421726,34.78087],[137.42108,34.780324],[137.420586,34.780712],[137.420662,34.780784],[137.421189,34.781213],[137.422119,34.78208],[137.422262,34.782259],[137.422364,34.782409],[137.422457,34.782561],[137.422479,34.782603],[137.422741,34.783092],[137.422831,34.783236],[137.422891,34.783304],[137.423036,34.783459],[137.423133,34.783541],[137.423357,34.783801],[137.423407,34.783855],[137.423524,34.783959],[137.424117,34.784422],[137.424553,34.784773],[137.424932,34.785083],[137.424972,34.785109],[137.425191,34.785252],[137.425453,34.785424],[137.425718,34.78558],[137.425969,34.785702],[137.425916,34.785719],[137.426962,34.786278],[137.427205,34.786401],[137.427643,34.786569],[137.4282,34.786288],[137.428169,34.786262],[137.428151,34.786247],[137.428109,34.786212],[137.42739,34.78561],[137.426552,34.784905],[137.425899,34.784358],[137.42512,34.783707],[137.42449,34.783184],[137.424147,34.782895],[137.422805,34.781765],[137.422646,34.781649],[137.422153,34.781222],[137.421726,34.78087]]]}},{"type":"Feature","id":"232010420","properties":{"KEY_CODE":"232010420","PREF":"23","CITY":"201","S_AREA":"042000","PREF_NAME":"愛知県","CITY_NAME":"豊橋市","S_NAME":"牛川薬師町","HCODE":8101,"AREA":154593.661,"KIGO_E":"","JINKO":759,"SETAI":332,"X_CODE":137.411042,"Y_CODE":34.772661},"geometry":{"type":"Polygon","coordinates":[[[137.412846,34.774015],[137.412874,34.773997],[137.413119,34.774278],[137.413218,34.774217],[137.41366,34.774071],[137.414134,34.774273],[137.414297,34.774205],[137.414086,34.773826],[137.414553,34.773777],[137.414196,34.77313],[137.414171,34.773054],[137.414118,34.772826],[137.414125,34.772119],[137.414097,34.772118],[137.41386,34.772109],[137.413562,34.772067],[137.41325,34.77202],[137.412993,34.771969],[137.412909,34.771946],[137.412878,34.77194],[137.412495,34.771864],[137.411936,34.7717],[137.411869,34.771685],[137.41184,34.771679],[137.411815,34.771674],[137.411094,34.771478],[137.410594,34.771343],[137.409877,34.771159],[137.409843,34.771149],[137.409508,34.771058],[137.409386,34.771024],[137.409107,34.770948],[137.408646,34.770832],[137.408146,34.770724],[137.407742,34.770653],[137.407353,34.770619],[137.407063,34.770614],[137.407014,34.770619],[137.406738,34.77065],[137.406127,34.77079],[137.40611,34.770796],[137.405923,34.770857],[137.406369,34.77102],[137.407054,34.771276],[137.407139,34.771299],[137.407211,34.771311],[137.407573,34.771334],[137.408037,34.771477],[137.408203,34.771507],[137.408369,34.771539],[137.408628,34.771644],[137.408775,34.771719],[137.408827,34.771772],[137.408948,34.772039],[137.408992,34.772254],[137.409092,34.772777],[137.409119,34.773343],[137.409138,34.773529],[137.409402,34.773812],[137.410709,34.773774],[137.410798,34.774108],[137.410812,34.77414],[137.410836,34.774167],[137.410881,34.774204],[137.411066,34.774504],[137.411098,34.774648],[137.411139,34.774746],[137.411326,34.77501],[137.412846,34.774015]]]}},{"type":"Feature","id":"232010430","properties":{"KEY_CODE":"232010430","PREF":"23","CITY":"201","S_AREA":"043000","PREF_NAME":"愛知県","CITY_NAME":"豊橋市","S_NAME":"内張町","HCODE":8101,"AREA":117625.321,"KIGO_E":"","JINKO":847,"SETAI":348,"X_CODE":137.376016,"Y_CODE":34.729077},"geometry":{"type":"Polygon","coordinates":[[[137.378655,34.731283],[137.3794,34.730653],[137.379453,34.730624],[137.379493,34.730611],[137.379916,34.730575],[137.379953,34.730568],[137.379982,34.730549],[137.380003,34.730483],[137.379834,34.730453],[137.379438,34.730398],[137.379301,34.730384],[137.379143,34.730357],[137.378907,34.730296],[137.378726,34.730251],[137.378745,34.730184],[137.378765,34.730157],[137.378798,34.730132],[137.378957,34.729962],[137.379027,34.729887],[137.378903,34.729546],[137.37874,34.729285],[137.37839,34.729012],[137.37834,34.72897],[137.378301,34.728922],[137.378223,34.7288],[137.378171,34.728752],[137.378123,34.728732],[137.377947,34.728702],[137.377883,34.728702],[137.377711,34.728622],[137.377677,34.728609],[137.377626,34.728655],[137.377472,34.728543],[137.377439,34.728543],[137.377319,34.728647],[137.376997,34.728412],[137.376976,34.728397],[137.376664,34.728175],[137.376612,34.728142],[137.376497,34.728088],[137.376445,34.728055],[137.376321,34.727906],[137.376285,34.727861],[137.376153,34.727809],[137.375997,34.727751],[137.375706,34.727637],[137.375435,34.727574],[137.375272,34.727557],[137.375138,34.727541],[137.374927,34.727496],[137.3747,34.727428],[137.374638,34.72742],[137.374555,34.727422],[137.374501,34.727438],[137.37443,34.727475],[137.373982,34.727638],[137.373848,34.727644],[137.373583,34.727604],[137.373451,34.727584],[137.373229,34.727609],[137.373123,34.727614],[137.37286,34.727597],[137.372778,34.727597],[137.372203,34.727625],[137.372004,34.728005],[137.371954,34.728114],[137.371923,34.728545],[137.372258,34.728555],[137.372244,34.728921],[137.372306,34.728956],[137.37235,34.728971],[137.372415,34.728976],[137.372588,34.728973],[137.372871,34.728955],[137.37291,34.728956],[137.372957,34.728966],[137.373018,34.728995],[137.373091,34.729023],[137.373173,34.729042],[137.373243,34.72905],[137.373343,34.729046],[137.373409,34.729033],[137.373455,34.729018],[137.3736,34.728908],[137.373636,34.728884],[137.373693,34.72887],[137.373821,34.728858],[137.373947,34.728851],[137.374537,34.728765],[137.374573,34.728766],[137.374694,34.728654],[137.374881,34.728601],[137.375027,34.728349],[137.375232,34.728397],[137.375554,34.728515],[137.376046,34.728831],[137.376012,34.728868],[137.375935,34.729001],[137.375927,34.729018],[137.375896,34.729086],[137.375878,34.72913],[137.375866,34.72918],[137.375853,34.729333],[137.376114,34.729528],[137.375998,34.729662],[137.375813,34.729612],[137.375733,34.730035],[137.375999,34.730101],[137.376051,34.730114],[137.376089,34.730122],[137.376192,34.73015],[137.376253,34.730168],[137.376322,34.730185],[137.376657,34.730282],[137.376708,34.730307],[137.376764,34.730361],[137.376787,34.730401],[137.376913,34.730898],[137.376987,34.730881],[137.377354,34.730748],[137.37742,34.730734],[137.377525,34.730738],[137.377654,34.730758],[137.377839,34.730819],[137.377868,34.730883],[137.377895,34.730924],[137.37793,34.730959],[137.377989,34.730995],[137.378476,34.731205],[137.378655,34.731283]]]}},{"type":"Feature","id":"232010440","properties":{"KEY_CODE":"232010440","PREF":"23","CITY":"201","S_AREA":"044000","PREF_NAME":"愛知県","CITY_NAME":"豊橋市","S_NAME":"雲谷町","HCODE":8101,"AREA":4142486.611,"KIGO_E":"","JINKO":1505,"SETAI":597,"X_CODE":137.467716,"Y_CODE":34.73585},"geometry":{"type":"Polygon","coordinates":[[[137.47909,34.743821],[137.479369,34.743401],[137.479495,34.743169],[137.479535,34.743055],[137.479535,34.742955],[137.479505,34.742848],[137.479468,34.742749],[137.479351,34.742603],[137.479299,34.74252],[137.479285,34.742397],[137.479295,34.742321],[137.479327,34.742275],[137.479451,34.742189],[137.479659,34.742092],[137.479766,34.742063],[137.480091,34.741762],[137.480361,34.741471],[137.480555,34.741181],[137.480683,34.740891],[137.480811,34.740637],[137.479449,34.740144],[137.47961,34.737879],[137.479596,34.737266],[137.479651,34.736615],[137.479572,34.736513],[137.478601,34.736038],[137.47851,34.735961],[137.478448,34.735846],[137.478412,34.735739],[137.478379,34.735608],[137.478353,34.735471],[137.478333,34.735337],[137.478337,34.735245],[137.478471,34.734878],[137.478602,34.734686],[137.479195,34.733806],[137.479739,34.733181],[137.48002,34.732952],[137.480303,34.732793],[137.480507,34.732657],[137.480936,34.73232],[137.481281,34.73196],[137.481539,34.731627],[137.481739,34.73142],[137.481787,34.731321],[137.481765,34.731196],[137.481377,34.730955],[137.481273,34.730878],[137.481072,34.730808],[137.480898,34.730754],[137.480757,34.730663],[137.481165,34.730224],[137.480803,34.729889],[137.480568,34.729648],[137.480321,34.72933],[137.480091,34.729423],[137.479773,34.729592],[137.479569,34.729743],[137.479475,34.729859],[137.479176,34.730297],[137.47821,34.73171],[137.47713,34.731221],[137.476768,34.731221],[137.476661,34.731194],[137.476611,34.731156],[137.476457,34.730921],[137.4764,34.730558],[137.47585,34.730328],[137.475745,34.730321],[137.475617,34.730353],[137.475406,34.730435],[137.475368,34.730757],[137.475377,34.731124],[137.475363,34.731376],[137.475289,34.731701],[137.475125,34.732231],[137.475037,34.732377],[137.474955,34.732436],[137.474876,34.732507],[137.474775,34.732554],[137.474662,34.732591],[137.474537,34.732609],[137.474331,34.732612],[137.473804,34.73251],[137.473518,34.732409],[137.472828,34.73201],[137.47251,34.731859],[137.472469,34.731855],[137.472439,34.731877],[137.472211,34.73227],[137.471979,34.732416],[137.471661,34.732585],[137.471579,34.732603],[137.471124,34.732592],[137.470714,34.732577],[137.47052,34.732564],[137.469938,34.732265],[137.469765,34.732186],[137.469481,34.732059],[137.469427,34.732054],[137.469372,34.732073],[137.469178,34.732245],[137.469041,34.732352],[137.46886,34.732468],[137.468857,34.732548],[137.468935,34.732679],[137.46897,34.732782],[137.4691,34.732954],[137.468848,34.732695],[137.468367,34.732187],[137.468102,34.731781],[137.467862,34.731411],[137.467655,34.731192],[137.466842,34.730487],[137.466567,34.730423],[137.466675,34.730311],[137.466804,34.730214],[137.4669,34.730097],[137.466941,34.729914],[137.466952,34.729719],[137.466986,34.729587],[137.467087,34.729466],[137.467289,34.72936],[137.467566,34.729249],[137.46812,34.729031],[137.468436,34.728962],[137.468631,34.728922],[137.468772,34.728858],[137.468871,34.728765],[137.468956,34.728726],[137.469081,34.728702],[137.469214,34.728703],[137.469297,34.728483],[137.469442,34.7285],[137.469546,34.728499],[137.469754,34.728467],[137.469887,34.72847],[137.469987,34.728492],[137.47012,34.728564],[137.470179,34.728647],[137.470358,34.728937],[137.4704,34.728766],[137.470488,34.728511],[137.470609,34.728316],[137.470871,34.728009],[137.471137,34.727719],[137.471613,34.727174],[137.471728,34.727127],[137.471981,34.726957],[137.472214,34.72681],[137.472363,34.726733],[137.472515,34.726761],[137.472719,34.726788],[137.472827,34.726787],[137.472924,34.726761],[137.473021,34.726511],[137.47305,34.7263],[137.473021,34.726079],[137.472975,34.725976],[137.472646,34.72553],[137.472451,34.725292],[137.47167,34.72587],[137.47089,34.725458],[137.470491,34.725434],[137.470244,34.725482],[137.470101,34.725566],[137.469997,34.725713],[137.469953,34.725839],[137.469928,34.725954],[137.4699,34.72608],[137.469879,34.726191],[137.469696,34.726231],[137.469585,34.726271],[137.469504,34.72631],[137.469314,34.7264],[137.468624,34.726991],[137.468396,34.727144],[137.46813,34.727272],[137.467579,34.727546],[137.467422,34.72757],[137.467276,34.727556],[137.467154,34.727522],[137.467028,34.72744],[137.466967,34.727353],[137.466814,34.726678],[137.466853,34.726429],[137.466838,34.726271],[137.466714,34.724993],[137.463791,34.725502],[137.463822,34.725221],[137.463606,34.724593],[137.463583,34.724257],[137.463568,34.724068],[137.463511,34.722683],[137.463494,34.722493],[137.463354,34.722478],[137.463145,34.722436],[137.462987,34.722339],[137.462799,34.722236],[137.462578,34.722131],[137.462379,34.722077],[137.462029,34.722041],[137.461849,34.722058],[137.461759,34.722067],[137.461504,34.722085],[137.461137,34.722149],[137.46077,34.72218],[137.46026,34.722165],[137.459825,34.722103],[137.458885,34.72183],[137.458474,34.721695],[137.458266,34.721852],[137.457081,34.722041],[137.456994,34.722133],[137.456848,34.722231],[137.456619,34.722195],[137.456431,34.72219],[137.456213,34.722219],[137.456006,34.72227],[137.455816,34.722317],[137.455651,34.722405],[137.456008,34.722718],[137.456259,34.72298],[137.456151,34.723136],[137.456099,34.723259],[137.456331,34.723391],[137.456521,34.723208],[137.456571,34.723238],[137.456616,34.723267],[137.456635,34.723304],[137.456686,34.723473],[137.456709,34.723534],[137.456875,34.723836],[137.457113,34.724165],[137.457215,34.724306],[137.457219,34.724312],[137.457683,34.725071],[137.457656,34.725184],[137.457625,34.725383],[137.457564,34.725704],[137.457482,34.726028],[137.457466,34.726316],[137.457458,34.726473],[137.457474,34.726574],[137.457492,34.726653],[137.457511,34.726701],[137.457538,34.726765],[137.457564,34.72682],[137.457571,34.726847],[137.457561,34.726885],[137.457537,34.726942],[137.45748,34.727037],[137.457387,34.727176],[137.457268,34.727338],[137.457189,34.727503],[137.456709,34.728052],[137.456636,34.728138],[137.456522,34.728453],[137.456488,34.728738],[137.456484,34.729105],[137.456483,34.729168],[137.456428,34.729411],[137.456261,34.729664],[137.456208,34.729783],[137.456206,34.729953],[137.456254,34.730087],[137.456432,34.730403],[137.456496,34.730576],[137.456496,34.730702],[137.456448,34.730842],[137.456128,34.731786],[137.456125,34.731798],[137.456061,34.732045],[137.455948,34.732724],[137.455945,34.733006],[137.455959,34.733272],[137.455947,34.73343],[137.455945,34.733568],[137.456002,34.733696],[137.456008,34.734007],[137.456014,34.734157],[137.456141,34.7345],[137.456276,34.734705],[137.456499,34.734867],[137.456566,34.734956],[137.456644,34.735441],[137.456666,34.735677],[137.456639,34.735776],[137.456549,34.735931],[137.45646,34.736066],[137.456459,34.736239],[137.456647,34.736543],[137.456737,34.736793],[137.456692,34.737234],[137.456701,34.737328],[137.45681,34.737585],[137.457003,34.737975],[137.457096,34.738315],[137.457123,34.738561],[137.457145,34.738672],[137.457237,34.738882],[137.45773,34.738964],[137.457768,34.738948],[137.457985,34.739134],[137.458182,34.73933],[137.458263,34.739486],[137.458345,34.739634],[137.458481,34.739853],[137.458698,34.740116],[137.459177,34.740555],[137.459218,34.740724],[137.459386,34.741247],[137.459563,34.741632],[137.459783,34.741975],[137.459941,34.742153],[137.460049,34.742213],[137.460188,34.742274],[137.460388,34.742331],[137.460416,34.742377],[137.460453,34.742432],[137.460484,34.74251],[137.460485,34.742604],[137.460481,34.74271],[137.460593,34.742697],[137.461148,34.742674],[137.461747,34.742729],[137.462114,34.742807],[137.462174,34.74282],[137.462182,34.742825],[137.462262,34.742891],[137.462348,34.742987],[137.462448,34.743072],[137.462637,34.743157],[137.462747,34.743219],[137.462844,34.743298],[137.462923,34.74338],[137.463081,34.74345],[137.463205,34.743518],[137.463364,34.743631],[137.463581,34.743859],[137.463734,34.743828],[137.463834,34.743758],[137.464053,34.743729],[137.464245,34.743818],[137.464409,34.743853],[137.464657,34.743852],[137.464836,34.743843],[137.464984,34.743816],[137.465153,34.743816],[137.465219,34.743831],[137.465456,34.743922],[137.465678,34.744013],[137.465862,34.74404],[137.465949,34.744094],[137.466242,34.744344],[137.466469,34.744586],[137.466546,34.744658],[137.467007,34.744889],[137.467416,34.745097],[137.468002,34.745305],[137.468164,34.74554],[137.46832,34.745957],[137.468339,34.746087],[137.468434,34.746209],[137.468545,34.746313],[137.468646,34.746461],[137.468681,34.746602],[137.468703,34.746816],[137.468687,34.746981],[137.46868,34.747149],[137.468723,34.747266],[137.468918,34.747418],[137.469206,34.74755],[137.469436,34.747633],[137.469618,34.747673],[137.470097,34.747819],[137.470308,34.74787],[137.470384,34.7479],[137.470815,34.748014],[137.47121,34.748182],[137.471638,34.748313],[137.471744,34.74835],[137.471809,34.748366],[137.47218,34.748397],[137.472265,34.748488],[137.472424,34.748677],[137.472739,34.74892],[137.473166,34.749229],[137.473552,34.749443],[137.474001,34.749819],[137.47421,34.750003],[137.474313,34.749769],[137.474486,34.749533],[137.474801,34.749286],[137.474976,34.749071],[137.475157,34.74885],[137.475426,34.748487],[137.475588,34.748251],[137.47566,34.747854],[137.475701,34.747565],[137.475753,34.747321],[137.475914,34.746995],[137.476095,34.746596],[137.476289,34.746351],[137.476594,34.746177],[137.476997,34.746011],[137.477455,34.745871],[137.477673,34.745816],[137.477979,34.745723],[137.478314,34.745404],[137.478752,34.744568],[137.47909,34.743821]]]}},{"type":"Feature","id":"232010450","properties":{"KEY_CODE":"232010450","PREF":"23","CITY":"201","S_AREA":"045000","PREF_NAME":"愛知県","CITY_NAME":"豊橋市","S_NAME":"梅藪町","HCODE":8101,"AREA":383056.594,"KIGO_E":"","JINKO":453,"SETAI":159,"X_CODE":137.328537,"Y_CODE":34.792509},"geometry":{"type":"Polygon","coordinates":[[[137.331349,34.7967],[137.331487,34.796552],[137.331485,34.796525],[137.331431,34.796438],[137.331284,34.796361],[137.331254,34.796339],[137.331197,34.796268],[137.331066,34.796066],[137.331046,34.796049],[137.330958,34.796008],[137.330847,34.795917],[137.330821,34.795883],[137.330782,34.795791],[137.330744,34.795622],[137.33075,34.795555],[137.330897,34.79542],[137.330895,34.795402],[137.330811,34.795284],[137.330733,34.795133],[137.330735,34.795088],[137.330813,34.794842],[137.330845,34.794783],[137.330893,34.794739],[137.330906,34.794713],[137.33092,34.794595],[137.330928,34.794552],[137.330951,34.794492],[137.331048,34.794352],[137.331149,34.794193],[137.33135,34.793958],[137.331507,34.794041],[137.331633,34.794111],[137.331809,34.794243],[137.332177,34.794022],[137.332084,34.793566],[137.332022,34.79335],[137.331904,34.793064],[137.331771,34.792806],[137.331559,34.792516],[137.331394,34.792323],[137.330929,34.791913],[137.330681,34.791681],[137.330528,34.791509],[137.330376,34.791248],[137.330215,34.790908],[137.330118,34.790602],[137.329965,34.790073],[137.32983,34.789506],[137.329771,34.789294],[137.329675,34.78889],[137.329471,34.788032],[137.329216,34.787248],[137.329044,34.786982],[137.327909,34.788394],[137.327508,34.788878],[137.326609,34.789963],[137.326192,34.790436],[137.325979,34.79066],[137.32568,34.79092],[137.32518,34.791284],[137.324809,34.79153],[137.324709,34.791589],[137.324453,34.791721],[137.324412,34.792034],[137.324381,34.792082],[137.32424,34.792156],[137.324489,34.79247],[137.32461,34.792655],[137.324719,34.792764],[137.324846,34.792871],[137.326262,34.794058],[137.329015,34.796389],[137.329267,34.796535],[137.329344,34.796582],[137.329502,34.79672],[137.3296,34.796694],[137.329682,34.796719],[137.329696,34.796728],[137.330174,34.796945],[137.330766,34.797258],[137.330952,34.797367],[137.331052,34.797454],[137.331076,34.797466],[137.331113,34.797471],[137.331127,34.797467],[137.331146,34.797461],[137.331221,34.797351],[137.331262,34.797281],[137.331274,34.797253],[137.331287,34.797042],[137.331293,34.796949],[137.3313,34.796937],[137.331352,34.796885],[137.331356,34.796862],[137.331342,34.796721],[137.331349,34.7967]]]}},{"type":"Feature","id":"232010460","properties":{"KEY_CODE":"232010460","PREF":"23","CITY":"201","S_AREA":"046000","PREF_NAME":"愛知県","CITY_NAME":"豊橋市","S_NAME":"梅藪西町","HCODE":8101,"AREA":86888.181,"KIGO_E":"","JINKO":211,"SETAI":70,"X_CODE":137.326451,"Y_CODE":34.788942},"geometry":{"type":"Polygon","coordinates":[[[137.327909,34.788394],[137.329044,34.786982],[137.328913,34.786882],[137.328745,34.786789],[137.328565,34.786713],[137.328413,34.786671],[137.328267,34.786645],[137.328013,34.786611],[137.327977,34.786849],[137.327843,34.786872],[137.327715,34.786916],[137.327597,34.786972],[137.327525,34.787021],[137.327435,34.787096],[137.327272,34.787264],[137.326874,34.787007],[137.326636,34.787378],[137.326408,34.787703],[137.32616,34.788046],[137.325661,34.788592],[137.324953,34.789292],[137.324727,34.789439],[137.324331,34.789652],[137.324391,34.789758],[137.324569,34.79005],[137.324688,34.790224],[137.324453,34.791721],[137.324709,34.791589],[137.324809,34.79153],[137.32518,34.791284],[137.32568,34.79092],[137.325979,34.79066],[137.326192,34.790436],[137.326609,34.789963],[137.327508,34.788878],[137.327909,34.788394]]]}},{"type":"Feature","id":"232010470","properties":{"KEY_CODE":"232010470","PREF":"23","CITY":"201","S_AREA":"047000","PREF_NAME":"愛知県","CITY_NAME":"豊橋市","S_NAME":"瓜郷町","HCODE":8101,"AREA":539469.878,"KIGO_E":"","JINKO":730,"SETAI":288,"X_CODE":137.379407,"Y_CODE":34.788126},"geometry":{"type":"Polygon","coordinates":[[[137.384412,34.790337],[137.384977,34.789743],[137.38526,34.789402],[137.385387,34.789246],[137.385451,34.789139],[137.38562,34.788822],[137.385656,34.788774],[137.385865,34.788616],[137.385913,34.788573],[137.386112,34.788329],[137.3859,34.788219],[137.385623,34.788104],[137.385385,34.787998],[137.385263,34.787926],[137.385196,34.787991],[137.384668,34.788513],[137.382887,34.787315],[137.383007,34.787316],[137.383056,34.786536],[137.383088,34.786034],[137.383083,34.786033],[137.382336,34.786],[137.382224,34.785961],[137.380863,34.785911],[137.380851,34.786385],[137.380655,34.786377],[137.380369,34.786364],[137.37974,34.786336],[137.378685,34.78629],[137.378951,34.785993],[137.378209,34.785466],[137.378205,34.785463],[137.377447,34.784954],[137.377328,34.784875],[137.375579,34.783684],[137.375227,34.784213],[137.374599,34.784966],[137.374453,34.785119],[137.373703,34.785995],[137.37341,34.786357],[137.372793,34.787122],[137.372596,34.787369],[137.374836,34.788834],[137.375282,34.788421],[137.377195,34.789722],[137.379076,34.791001],[137.379886,34.790176],[137.379908,34.790153],[137.383488,34.792571],[137.383915,34.792242],[137.3841,34.792063],[137.384288,34.791848],[137.384359,34.791763],[137.384408,34.791705],[137.384485,34.791523],[137.384549,34.791389],[137.38468,34.791276],[137.384844,34.791152],[137.385103,34.790915],[137.384914,34.790674],[137.384412,34.790337]]]}},{"type":"Feature","id":"23201048001","properties":{"KEY_CODE":"23201048001","PREF":"23","CITY":"201","S_AREA":"048001","PREF_NAME":"愛知県","CITY_NAME":"豊橋市","S_NAME":"駅前大通一丁目","HCODE":8101,"AREA":68083.222,"KIGO_E":"","JINKO":147,"SETAI":103,"X_CODE":137.384212,"Y_CODE":34.762483},"geometry":{"type":"Polygon","coordinates":[[[137.385021,34.763941],[137.385214,34.763937],[137.385216,34.763982],[137.385503,34.763967],[137.385498,34.763926],[137.385559,34.763919],[137.385532,34.763159],[137.385531,34.763129],[137.385714,34.76181],[137.385739,34.761596],[137.385215,34.761516],[137.384084,34.761347],[137.383196,34.760974],[137.383164,34.761008],[137.383131,34.761043],[137.382663,34.76167],[137.382168,34.762447],[137.383086,34.762836],[137.383214,34.762623],[137.383669,34.762827],[137.383621,34.763283],[137.383424,34.763595],[137.383939,34.763828],[137.384307,34.763817],[137.384295,34.763998],[137.385021,34.764003],[137.385021,34.763941]]]}},{"type":"Feature","id":"23201048002","properties":{"KEY_CODE":"23201048002","PREF":"23","CITY":"201","S_AREA":"048002","PREF_NAME":"愛知県","CITY_NAME":"豊橋市","S_NAME":"駅前大通二丁目","HCODE":8101,"AREA":37506.891,"KIGO_E":"","JINKO":57,"SETAI":31,"X_CODE":137.386496,"Y_CODE":34.762721},"geometry":{"type":"Polygon","coordinates":[[[137.385944,34.763621],[137.386245,34.763608],[137.38625,34.763725],[137.386507,34.763709],[137.387304,34.763667],[137.387271,34.763054],[137.387599,34.763031],[137.387527,34.762472],[137.38747,34.762069],[137.387522,34.762075],[137.387573,34.761867],[137.387527,34.761869],[137.387256,34.761827],[137.386579,34.761723],[137.385739,34.761596],[137.385714,34.76181],[137.385531,34.763129],[137.385532,34.763159],[137.385559,34.763919],[137.385927,34.763898],[137.385944,34.763621]]]}},{"type":"Feature","id":"23201048003","properties":{"KEY_CODE":"23201048003","PREF":"23","CITY":"201","S_AREA":"048003","PREF_NAME":"愛知県","CITY_NAME":"豊橋市","S_NAME":"駅前大通三丁目","HCODE":8101,"AREA":46953.992,"KIGO_E":"","JINKO":391,"SETAI":234,"X_CODE":137.388749,"Y_CODE":34.762698},"geometry":{"type":"Polygon","coordinates":[[[137.390055,34.762794],[137.390001,34.761964],[137.389996,34.761887],[137.389993,34.76184],[137.389982,34.761678],[137.389563,34.761717],[137.388683,34.761786],[137.387959,34.761849],[137.387573,34.761867],[137.387522,34.762075],[137.38747,34.762069],[137.387527,34.762472],[137.387599,34.763031],[137.387271,34.763054],[137.387304,34.763667],[137.390133,34.763463],[137.390103,34.763224],[137.39006,34.762865],[137.390058,34.762833],[137.390055,34.762794]]]}},{"type":"Feature","id":"232010510","properties":{"KEY_CODE":"232010510","PREF":"23","CITY":"201","S_AREA":"051000","PREF_NAME":"愛知県","CITY_NAME":"豊橋市","S_NAME":"江島町","HCODE":8101,"AREA":211159.246,"KIGO_E":"","JINKO":1646,"SETAI":687,"X_CODE":137.404975,"Y_CODE":34.737255},"geometry":{"type":"Polygon","coordinates":[[[137.409173,34.736252],[137.409243,34.736201],[137.408501,34.73575],[137.408354,34.735909],[137.408244,34.736043],[137.408165,34.736194],[137.408121,34.7362],[137.408078,34.736206],[137.408027,34.736217],[137.407941,34.736223],[137.407881,34.736216],[137.407813,34.736209],[137.407778,34.73619],[137.407743,34.736165],[137.407696,34.736126],[137.407658,34.73607],[137.407624,34.73601],[137.407646,34.735986],[137.407418,34.735633],[137.407396,34.735444],[137.407379,34.735301],[137.407421,34.735029],[137.407507,34.734791],[137.407514,34.734732],[137.407517,34.734506],[137.407554,34.734404],[137.407597,34.73433],[137.407668,34.734259],[137.407807,34.734166],[137.407999,34.733795],[137.408469,34.733357],[137.408356,34.733179],[137.407859,34.73356],[137.407828,34.733582],[137.407602,34.733316],[137.40735,34.732832],[137.406714,34.732889],[137.406705,34.73289],[137.406545,34.733043],[137.406749,34.733607],[137.406758,34.733634],[137.406639,34.733763],[137.406596,34.733863],[137.406541,34.733953],[137.406493,34.73405],[137.406448,34.734098],[137.40641,34.734151],[137.406449,34.734198],[137.406432,34.734254],[137.406483,34.734236],[137.40655,34.73421],[137.406621,34.7342],[137.40695,34.734172],[137.40698,34.734329],[137.406999,34.734505],[137.406989,34.734609],[137.406952,34.734733],[137.406926,34.734829],[137.406889,34.734951],[137.406545,34.734991],[137.40656,34.735145],[137.406803,34.73512],[137.406725,34.735226],[137.406571,34.735246],[137.406594,34.735435],[137.406091,34.73543],[137.405944,34.735454],[137.405779,34.735488],[137.405626,34.73552],[137.405396,34.735577],[137.405351,34.735585],[137.405324,34.735583],[137.405315,34.735582],[137.404236,34.735497],[137.404546,34.73576],[137.403274,34.736758],[137.402581,34.737307],[137.402578,34.73731],[137.402885,34.737582],[137.401451,34.73864],[137.401968,34.739097],[137.40144,34.739731],[137.401301,34.73984],[137.401369,34.73998],[137.401418,34.740036],[137.401497,34.740182],[137.401592,34.740276],[137.401379,34.740378],[137.401339,34.740411],[137.401128,34.740752],[137.401082,34.740827],[137.401018,34.741044],[137.401144,34.741157],[137.401194,34.741197],[137.401248,34.741163],[137.401659,34.7409],[137.402776,34.74023],[137.403167,34.739984],[137.403536,34.739756],[137.404411,34.739213],[137.404592,34.7391],[137.40521,34.738722],[137.40577,34.738379],[137.405802,34.738359],[137.406436,34.737963],[137.406896,34.737675],[137.407097,34.737549],[137.409005,34.736367],[137.409173,34.736252]]]}},{"type":"Feature","id":"232010520","properties":{"KEY_CODE":"232010520","PREF":"23","CITY":"201","S_AREA":"052000","PREF_NAME":"愛知県","CITY_NAME":"豊橋市","S_NAME":"老津町","HCODE":8101,"AREA":6805362.699,"KIGO_E":"","JINKO":3404,"SETAI":1144,"X_CODE":137.342068,"Y_CODE":34.691368},"geometry":{"type":"Polygon","coordinates":[[[137.340031,34.707158],[137.34009,34.707068],[137.340673,34.706732],[137.340983,34.706577],[137.341781,34.706152],[137.343013,34.705511],[137.343631,34.705178],[137.343788,34.705084],[137.34387,34.705038],[137.343896,34.704992],[137.343937,34.704937],[137.344085,34.704372],[137.344143,34.703767],[137.344175,34.703509],[137.34478,34.702763],[137.345134,34.702312],[137.345157,34.702281],[137.345198,34.702233],[137.345426,34.702047],[137.346029,34.701709],[137.345967,34.701671],[137.346086,34.701627],[137.346336,34.701575],[137.346642,34.701552],[137.346714,34.701498],[137.346773,34.701419],[137.34681,34.701361],[137.346811,34.70128],[137.346826,34.701199],[137.346851,34.70116],[137.346931,34.701097],[137.347024,34.701027],[137.347136,34.700969],[137.347262,34.700968],[137.347407,34.700978],[137.347595,34.700999],[137.347668,34.700995],[137.347752,34.700946],[137.347903,34.700704],[137.347969,34.700654],[137.348098,34.700635],[137.348197,34.700616],[137.348308,34.700551],[137.348372,34.700526],[137.348521,34.700506],[137.348612,34.700492],[137.348697,34.700441],[137.348875,34.700422],[137.349145,34.700441],[137.34918,34.700438],[137.349272,34.700385],[137.349396,34.700322],[137.349466,34.700305],[137.349527,34.700299],[137.34962,34.700305],[137.349674,34.700292],[137.349756,34.700255],[137.349854,34.700218],[137.349895,34.700222],[137.350007,34.700203],[137.350196,34.700132],[137.350316,34.700112],[137.350367,34.700099],[137.350403,34.699983],[137.350511,34.699559],[137.350438,34.699436],[137.350442,34.699318],[137.350478,34.699264],[137.350745,34.698984],[137.350812,34.698899],[137.350911,34.698938],[137.350964,34.698944],[137.351009,34.698916],[137.351329,34.698408],[137.351401,34.698294],[137.351446,34.698236],[137.351478,34.698195],[137.351509,34.69815],[137.351496,34.698072],[137.351496,34.697995],[137.351523,34.69792],[137.351576,34.697863],[137.351686,34.697835],[137.351784,34.697797],[137.351839,34.697744],[137.351927,34.69761],[137.351967,34.697524],[137.352127,34.697382],[137.352261,34.697237],[137.352395,34.697134],[137.35246,34.697113],[137.352631,34.697125],[137.352795,34.697137],[137.352893,34.697095],[137.353115,34.697074],[137.353356,34.697046],[137.353567,34.697002],[137.353642,34.69698],[137.353759,34.696935],[137.353813,34.696912],[137.354022,34.696795],[137.354066,34.696773],[137.353577,34.696101],[137.353514,34.696026],[137.35365,34.695943],[137.353824,34.695829],[137.354344,34.695316],[137.354371,34.69529],[137.355741,34.695505],[137.356093,34.695096],[137.356391,34.69454],[137.355915,34.69422],[137.356059,34.694083],[137.356477,34.694369],[137.356742,34.693917],[137.357375,34.692677],[137.356433,34.691283],[137.356389,34.691184],[137.356344,34.691061],[137.356336,34.690853],[137.356388,34.690678],[137.356462,34.690455],[137.35662,34.690124],[137.356909,34.689485],[137.357324,34.688514],[137.357806,34.687413],[137.357484,34.687415],[137.357315,34.687394],[137.357118,34.687337],[137.356911,34.68725],[137.356696,34.687148],[137.356513,34.68704],[137.356382,34.686944],[137.356239,34.686819],[137.356003,34.686536],[137.355758,34.68619],[137.355599,34.68602],[137.355447,34.685878],[137.355358,34.685819],[137.35528,34.685778],[137.355227,34.68575],[137.355208,34.685622],[137.355185,34.685396],[137.355144,34.685103],[137.35408,34.684853],[137.354126,34.684782],[137.354174,34.684699],[137.354184,34.684646],[137.354185,34.684592],[137.354183,34.684534],[137.354185,34.6845],[137.354187,34.684457],[137.354194,34.684409],[137.354204,34.684351],[137.354237,34.684288],[137.354313,34.684212],[137.354449,34.684102],[137.354862,34.68377],[137.35503,34.68364],[137.355112,34.683591],[137.355296,34.683468],[137.355424,34.683344],[137.355495,34.683262],[137.355547,34.683178],[137.355643,34.682879],[137.355716,34.682663],[137.355905,34.682075],[137.355221,34.681931],[137.355282,34.681716],[137.355007,34.68165],[137.35489,34.681628],[137.354851,34.681681],[137.354787,34.681702],[137.354621,34.681709],[137.354425,34.681731],[137.354125,34.6818],[137.35373,34.681922],[137.353669,34.681984],[137.353342,34.681704],[137.353122,34.682086],[137.352895,34.681877],[137.353527,34.681353],[137.3536,34.681209],[137.353608,34.681194],[137.354258,34.679949],[137.354746,34.680025],[137.355354,34.680111],[137.355411,34.679889],[137.35547,34.679618],[137.355023,34.679585],[137.355184,34.678835],[137.354863,34.678773],[137.355027,34.678445],[137.355222,34.678425],[137.355729,34.678345],[137.356334,34.678255],[137.356538,34.678362],[137.356852,34.678311],[137.356857,34.67829],[137.356873,34.67822],[137.356893,34.678131],[137.357168,34.678092],[137.356992,34.67778],[137.357109,34.677253],[137.358139,34.67691],[137.357553,34.675729],[137.354902,34.675599],[137.352316,34.67551],[137.348244,34.675353],[137.347862,34.676071],[137.346989,34.677716],[137.346247,34.677452],[137.34608,34.677744],[137.344373,34.677118],[137.343848,34.678074],[137.343636,34.678485],[137.341978,34.677863],[137.341664,34.678377],[137.341157,34.678152],[137.340438,34.678009],[137.340325,34.678011],[137.340223,34.678011],[137.339828,34.678137],[137.339634,34.67818],[137.339375,34.6782],[137.338572,34.678256],[137.338305,34.678335],[137.338179,34.678691],[137.338017,34.679077],[137.337862,34.67934],[137.337812,34.679416],[137.337742,34.679492],[137.337076,34.680155],[137.33663,34.680784],[137.336391,34.681062],[137.336267,34.681227],[137.336084,34.681414],[137.335985,34.681502],[137.335504,34.681796],[137.334972,34.682125],[137.334813,34.682256],[137.33476,34.682306],[137.334711,34.682363],[137.334619,34.682522],[137.334539,34.683226],[137.334363,34.683506],[137.333837,34.684257],[137.333377,34.685035],[137.333277,34.68527],[137.333292,34.685498],[137.333331,34.685973],[137.333293,34.686175],[137.333152,34.68642],[137.332764,34.686951],[137.332654,34.68706],[137.332425,34.687197],[137.331397,34.687744],[137.330338,34.68844],[137.329903,34.688835],[137.329395,34.689381],[137.329116,34.689739],[137.328914,34.690079],[137.328776,34.690168],[137.328328,34.690374],[137.327843,34.69056],[137.327454,34.690708],[137.32718,34.690837],[137.327073,34.690883],[137.326956,34.690939],[137.326754,34.691114],[137.32638,34.69153],[137.325819,34.692208],[137.325369,34.692647],[137.325105,34.692881],[137.324533,34.693225],[137.324551,34.693267],[137.324234,34.693434],[137.324406,34.693722],[137.32445,34.693796],[137.324321,34.694091],[137.324528,34.694528],[137.324617,34.694712],[137.324575,34.695207],[137.325046,34.696013],[137.32551,34.696713],[137.325575,34.696682],[137.325644,34.696945],[137.325982,34.697473],[137.326047,34.697617],[137.326252,34.698072],[137.326448,34.69864],[137.32665,34.69919],[137.326826,34.699775],[137.327007,34.700017],[137.32737,34.700759],[137.32743,34.700913],[137.327409,34.70116],[137.327448,34.701561],[137.327494,34.701853],[137.327985,34.702399],[137.328135,34.702433],[137.329104,34.702781],[137.329487,34.702882],[137.330388,34.703061],[137.330934,34.703195],[137.331425,34.70333],[137.331753,34.703465],[137.332081,34.703656],[137.332436,34.703926],[137.333201,34.704533],[137.333926,34.705152],[137.334391,34.705591],[137.335115,34.706187],[137.335429,34.706547],[137.335525,34.706761],[137.335567,34.706953],[137.335567,34.707189],[137.335527,34.707415],[137.335473,34.707663],[137.336059,34.707268],[137.336345,34.707087],[137.336413,34.707087],[137.336864,34.707334],[137.337301,34.707581],[137.337752,34.707806],[137.338745,34.708378],[137.338964,34.70846],[137.339134,34.708479],[137.3394,34.708488],[137.33971,34.708487],[137.339812,34.708459],[137.339929,34.708386],[137.340025,34.70813],[137.340125,34.707794],[137.34003,34.707284],[137.340031,34.707158]]]}},{"type":"Feature","id":"232010530","properties":{"KEY_CODE":"232010530","PREF":"23","CITY":"201","S_AREA":"053000","PREF_NAME":"愛知県","CITY_NAME":"豊橋市","S_NAME":"老松町","HCODE":8101,"AREA":83316.155,"KIGO_E":"","JINKO":397,"SETAI":182,"X_CODE":137.407953,"Y_CODE":34.763538},"geometry":{"type":"Polygon","coordinates":[[[137.41011,34.764878],[137.410006,34.764656],[137.409943,34.764681],[137.409661,34.764393],[137.409941,34.764183],[137.409687,34.7639],[137.409397,34.763617],[137.409131,34.763337],[137.408857,34.763049],[137.408451,34.762625],[137.408152,34.762309],[137.407705,34.76184],[137.407682,34.761817],[137.406968,34.761407],[137.406808,34.761578],[137.406622,34.761473],[137.406621,34.761472],[137.406582,34.761449],[137.406535,34.761504],[137.406569,34.761524],[137.406568,34.761526],[137.406754,34.761636],[137.406522,34.761897],[137.406243,34.762198],[137.405804,34.7627],[137.405881,34.762817],[137.406098,34.76274],[137.406186,34.762932],[137.406243,34.762915],[137.406409,34.762864],[137.406714,34.763466],[137.406844,34.763851],[137.40693,34.764078],[137.407139,34.763988],[137.407283,34.764229],[137.407179,34.764272],[137.407263,34.764506],[137.4071,34.764562],[137.407155,34.764709],[137.407387,34.764629],[137.407572,34.765044],[137.407299,34.765128],[137.407328,34.765192],[137.407376,34.765316],[137.40782,34.765194],[137.407863,34.765346],[137.408109,34.765262],[137.408018,34.765024],[137.407928,34.764874],[137.40803,34.764836],[137.407925,34.764632],[137.408187,34.764575],[137.40842,34.765188],[137.408504,34.765406],[137.409934,34.764942],[137.410053,34.764898],[137.41011,34.764878]]]}},{"type":"Feature","id":"232010540","properties":{"KEY_CODE":"232010540","PREF":"23","CITY":"201","S_AREA":"054000","PREF_NAME":"愛知県","CITY_NAME":"豊橋市","S_NAME":"往完町","HCODE":8101,"AREA":140970.466,"KIGO_E":"","JINKO":1012,"SETAI":431,"X_CODE":137.370129,"Y_CODE":34.756861},"geometry":{"type":"Polygon","coordinates":[[[137.373064,34.75843],[137.37305,34.757903],[137.373022,34.757338],[137.373087,34.757044],[137.373102,34.756757],[137.373051,34.75635],[137.372875,34.756329],[137.37206,34.756232],[137.371086,34.756122],[137.369817,34.755433],[137.368752,34.754857],[137.368369,34.755346],[137.367699,34.75542],[137.367226,34.755475],[137.367079,34.755493],[137.367,34.755661],[137.366975,34.755738],[137.366966,34.755852],[137.366979,34.755949],[137.367022,34.75615],[137.367067,34.756273],[137.367085,34.756318],[137.367009,34.756634],[137.367029,34.75678],[137.368767,34.757699],[137.368937,34.757786],[137.369514,34.758092],[137.369857,34.758281],[137.369861,34.758283],[137.370088,34.758319],[137.370704,34.758365],[137.370835,34.758254],[137.371832,34.758554],[137.371997,34.758039],[137.372154,34.758214],[137.372332,34.758383],[137.372524,34.758518],[137.372715,34.758641],[137.372934,34.758765],[137.373071,34.758821],[137.373064,34.75843]]]}},{"type":"Feature","id":"232010550","properties":{"KEY_CODE":"232010550","PREF":"23","CITY":"201","S_AREA":"055000","PREF_NAME":"愛知県","CITY_NAME":"豊橋市","S_NAME":"大井町","HCODE":8101,"AREA":66250.117,"KIGO_E":"","JINKO":462,"SETAI":191,"X_CODE":137.411013,"Y_CODE":34.759517},"geometry":{"type":"Polygon","coordinates":[[[137.411283,34.760698],[137.41149,34.760617],[137.411527,34.760666],[137.411953,34.760495],[137.411916,34.760427],[137.411904,34.760409],[137.411907,34.760408],[137.412129,34.760325],[137.412152,34.760319],[137.412195,34.760396],[137.413059,34.760036],[137.413246,34.75991],[137.413101,34.759763],[137.413332,34.759662],[137.413143,34.75931],[137.412819,34.759168],[137.412808,34.759163],[137.412687,34.759342],[137.411798,34.758946],[137.411902,34.758757],[137.411896,34.758754],[137.411682,34.758663],[137.411556,34.758864],[137.411179,34.758716],[137.411199,34.758676],[137.410848,34.758545],[137.410763,34.758701],[137.41054,34.758601],[137.410574,34.758547],[137.410452,34.758486],[137.410495,34.758416],[137.410112,34.758237],[137.410067,34.758276],[137.409903,34.758168],[137.409928,34.758131],[137.409398,34.75787],[137.409221,34.758107],[137.408939,34.758443],[137.409099,34.758499],[137.409118,34.758519],[137.409183,34.758556],[137.409182,34.75861],[137.409211,34.758677],[137.409213,34.758722],[137.409341,34.758781],[137.409381,34.758825],[137.409295,34.758903],[137.409438,34.759032],[137.409473,34.759071],[137.409492,34.759091],[137.409535,34.759169],[137.409734,34.759498],[137.409638,34.759543],[137.409843,34.759856],[137.409851,34.759872],[137.40995,34.76],[137.410044,34.760165],[137.410024,34.760179],[137.410037,34.76023],[137.410128,34.760377],[137.410233,34.760559],[137.41044,34.760891],[137.410561,34.761059],[137.411316,34.760751],[137.411283,34.760698]]]}},{"type":"Feature","id":"232010560","properties":{"KEY_CODE":"232010560","PREF":"23","CITY":"201","S_AREA":"056000","PREF_NAME":"愛知県","CITY_NAME":"豊橋市","S_NAME":"大岩町","HCODE":8101,"AREA":6348673.398,"KIGO_E":"","JINKO":12609,"SETAI":4855,"X_CODE":137.439181,"Y_CODE":34.723741},"geometry":{"type":"Polygon","coordinates":[[[137.435934,34.741129],[137.436686,34.739324],[137.436715,34.739263],[137.437,34.738457],[137.437059,34.738398],[137.437136,34.738324],[137.437234,34.738257],[137.43738,34.738199],[137.437568,34.738162],[137.437719,34.738162],[137.438157,34.738186],[137.438572,34.73811],[137.439061,34.737754],[137.439255,34.737464],[137.439481,34.737083],[137.440201,34.736906],[137.44067,34.736748],[137.441337,34.736706],[137.441807,34.736684],[137.442058,34.736619],[137.442177,34.736501],[137.442978,34.735736],[137.44311,34.735744],[137.44417,34.736612],[137.444288,34.736676],[137.444695,34.736678],[137.445144,34.736692],[137.44555,34.736788],[137.445792,34.736921],[137.446941,34.737433],[137.447177,34.737231],[137.447591,34.73687],[137.448045,34.736355],[137.448683,34.735802],[137.449191,34.735404],[137.449465,34.735288],[137.450002,34.735007],[137.450213,34.734798],[137.450468,34.734458],[137.450561,34.73433],[137.450605,34.734162],[137.450879,34.732894],[137.451091,34.731838],[137.451202,34.731162],[137.45139,34.730264],[137.451387,34.730194],[137.451435,34.730097],[137.451518,34.729956],[137.451632,34.72977],[137.451687,34.729446],[137.451709,34.729248],[137.451652,34.729038],[137.451627,34.728965],[137.4515,34.728743],[137.45131,34.728528],[137.451008,34.72828],[137.450795,34.728094],[137.450686,34.727977],[137.450629,34.72789],[137.450511,34.727689],[137.45036,34.727449],[137.450243,34.727254],[137.45016,34.727187],[137.450024,34.72704],[137.449931,34.72694],[137.449787,34.726752],[137.449706,34.726654],[137.449604,34.726617],[137.449587,34.726615],[137.449488,34.726624],[137.449346,34.726651],[137.449021,34.726716],[137.448844,34.726021],[137.449032,34.725996],[137.449134,34.725974],[137.449195,34.72595],[137.449296,34.725848],[137.449363,34.725779],[137.449457,34.725712],[137.449633,34.725659],[137.450139,34.725525],[137.450015,34.725195],[137.449861,34.724802],[137.449682,34.72481],[137.449641,34.724669],[137.44923,34.724747],[137.449012,34.724198],[137.448858,34.723944],[137.44873,34.723982],[137.448518,34.723441],[137.448463,34.723264],[137.448447,34.723202],[137.448413,34.723127],[137.448246,34.722854],[137.448186,34.722756],[137.447996,34.722301],[137.447717,34.721623],[137.447617,34.72117],[137.447598,34.720803],[137.447629,34.720698],[137.447789,34.720416],[137.44785,34.720209],[137.447854,34.720152],[137.447898,34.719848],[137.447659,34.71952],[137.447892,34.719357],[137.447933,34.719169],[137.447982,34.719051],[137.448002,34.718957],[137.447957,34.718505],[137.447786,34.718484],[137.447922,34.718138],[137.448057,34.717822],[137.448098,34.717698],[137.448111,34.717574],[137.448087,34.717387],[137.447886,34.716596],[137.44787,34.716531],[137.447885,34.716345],[137.447943,34.716047],[137.447981,34.715882],[137.448141,34.715447],[137.448328,34.715514],[137.448396,34.715357],[137.448208,34.715289],[137.44828,34.71509],[137.448282,34.714553],[137.448267,34.713462],[137.449159,34.713426],[137.449196,34.713263],[137.449412,34.71288],[137.449421,34.712542],[137.449443,34.712345],[137.449666,34.711997],[137.449803,34.711851],[137.450032,34.711778],[137.450304,34.711719],[137.450551,34.711687],[137.450705,34.711636],[137.451101,34.711423],[137.451476,34.71117],[137.451697,34.711086],[137.452121,34.710954],[137.452923,34.710577],[137.453225,34.710127],[137.453493,34.709575],[137.453742,34.70894],[137.453535,34.708959],[137.453397,34.709387],[137.453241,34.709373],[137.453281,34.709016],[137.453064,34.709044],[137.452726,34.709015],[137.452422,34.709008],[137.452231,34.709045],[137.452067,34.709126],[137.451839,34.709306],[137.451711,34.709423],[137.451492,34.709607],[137.451051,34.708581],[137.451228,34.708481],[137.451331,34.708367],[137.451429,34.708223],[137.451603,34.708097],[137.451708,34.707994],[137.451883,34.707816],[137.451868,34.707797],[137.451553,34.707349],[137.450412,34.707744],[137.450355,34.70768],[137.450299,34.70761],[137.450238,34.707442],[137.450154,34.707021],[137.45005,34.706324],[137.44983,34.706322],[137.449507,34.706273],[137.449146,34.706181],[137.448828,34.706069],[137.448759,34.706082],[137.448646,34.706129],[137.448574,34.706173],[137.448261,34.705634],[137.448099,34.705673],[137.447766,34.705703],[137.447656,34.70572],[137.447551,34.705812],[137.44745,34.70596],[137.446311,34.705744],[137.445877,34.706291],[137.445684,34.707161],[137.445718,34.707237],[137.445726,34.70746],[137.44507,34.707323],[137.44433,34.707187],[137.44353,34.707062],[137.442481,34.707062],[137.441636,34.707019],[137.440496,34.707008],[137.439379,34.706989],[137.439202,34.707211],[137.439103,34.707359],[137.43897,34.707613],[137.438393,34.707711],[137.438336,34.708608],[137.438345,34.708922],[137.438208,34.708621],[137.438118,34.708504],[137.437834,34.708159],[137.437622,34.70817],[137.437497,34.70817],[137.436122,34.708565],[137.436204,34.708902],[137.436167,34.708932],[137.435684,34.709009],[137.434707,34.709281],[137.434478,34.70901],[137.434252,34.708578],[137.434199,34.708334],[137.43418,34.707507],[137.434222,34.707231],[137.434302,34.706974],[137.434571,34.706529],[137.434571,34.706402],[137.434514,34.706342],[137.434425,34.706329],[137.434017,34.706647],[137.433933,34.706651],[137.43386,34.706604],[137.433829,34.706542],[137.433813,34.706255],[137.433805,34.706138],[137.433773,34.706064],[137.433705,34.706001],[137.43363,34.705971],[137.433567,34.705955],[137.433514,34.706009],[137.433483,34.706101],[137.433516,34.70625],[137.433512,34.706511],[137.433502,34.706715],[137.433656,34.706993],[137.433714,34.707217],[137.433745,34.707409],[137.433733,34.707519],[137.433617,34.707803],[137.433614,34.708161],[137.433752,34.708734],[137.433866,34.709234],[137.433898,34.709421],[137.433874,34.709539],[137.433824,34.709692],[137.433823,34.709829],[137.433865,34.710012],[137.433932,34.710169],[137.43425,34.710537],[137.434483,34.710745],[137.434571,34.710842],[137.434582,34.710924],[137.434548,34.710995],[137.434497,34.71108],[137.434428,34.711194],[137.434424,34.711333],[137.434469,34.711657],[137.434487,34.711767],[137.434608,34.711999],[137.434662,34.712212],[137.434647,34.712428],[137.434583,34.71263],[137.434531,34.713034],[137.434489,34.713332],[137.434523,34.713659],[137.434492,34.713766],[137.434385,34.713928],[137.434348,34.71404],[137.434351,34.714157],[137.434279,34.714227],[137.43417,34.714318],[137.434117,34.714427],[137.434077,34.714588],[137.43408,34.714656],[137.434083,34.714727],[137.434116,34.714804],[137.434187,34.714928],[137.434194,34.715168],[137.434311,34.715306],[137.434084,34.715488],[137.433845,34.715693],[137.43376,34.715736],[137.433593,34.715781],[137.433489,34.715865],[137.43342,34.715987],[137.433399,34.716211],[137.433263,34.716676],[137.433163,34.716809],[137.433023,34.71692],[137.432568,34.717105],[137.432395,34.717243],[137.432228,34.717429],[137.432175,34.717556],[137.432166,34.717642],[137.432328,34.718119],[137.432349,34.718294],[137.432309,34.718462],[137.432033,34.71832],[137.431877,34.718208],[137.431687,34.718064],[137.431385,34.717862],[137.431083,34.717682],[137.430842,34.717555],[137.430554,34.717435],[137.430351,34.717378],[137.430073,34.717344],[137.429852,34.717299],[137.42964,34.717231],[137.429468,34.717116],[137.429328,34.717026],[137.429222,34.716958],[137.429093,34.716928],[137.429003,34.71692],[137.428894,34.716929],[137.428741,34.716957],[137.427374,34.717296],[137.427343,34.718466],[137.42738,34.718698],[137.427521,34.719111],[137.42796,34.719704],[137.428879,34.720998],[137.429009,34.721201],[137.428752,34.721451],[137.428219,34.721995],[137.428257,34.72224],[137.428145,34.722349],[137.427649,34.722809],[137.427597,34.722835],[137.427535,34.722856],[137.42746,34.722871],[137.427283,34.722908],[137.42726,34.722991],[137.427251,34.723048],[137.427267,34.723152],[137.427263,34.723219],[137.427244,34.723326],[137.427167,34.723662],[137.427169,34.723745],[137.427192,34.723786],[137.427225,34.723822],[137.427307,34.723845],[137.427689,34.723975],[137.427744,34.723994],[137.427722,34.724054],[137.427658,34.724198],[137.427678,34.724281],[137.42768,34.724362],[137.427645,34.724458],[137.427609,34.724491],[137.427524,34.724565],[137.427502,34.724624],[137.427481,34.724682],[137.42744,34.724733],[137.427367,34.724799],[137.427247,34.724849],[137.427073,34.724903],[137.426927,34.724969],[137.426736,34.725022],[137.426524,34.725222],[137.426243,34.725186],[137.426328,34.726158],[137.427052,34.726129],[137.427064,34.726584],[137.426917,34.726704],[137.426696,34.72694],[137.426394,34.727297],[137.426177,34.727593],[137.425937,34.727948],[137.425689,34.7284],[137.425469,34.728844],[137.42546,34.728864],[137.425011,34.729691],[137.424797,34.7302],[137.42476,34.73021],[137.424589,34.730256],[137.424343,34.73031],[137.424358,34.730345],[137.424388,34.730438],[137.424396,34.73065],[137.424385,34.730798],[137.424371,34.730875],[137.424304,34.731314],[137.424634,34.731329],[137.424604,34.731901],[137.424596,34.73213],[137.425029,34.732275],[137.425134,34.732455],[137.425323,34.732682],[137.425759,34.7331],[137.426139,34.733593],[137.426339,34.733816],[137.426531,34.733962],[137.426709,34.73413],[137.426873,34.73431],[137.427257,34.734783],[137.427394,34.734918],[137.427572,34.735075],[137.427626,34.735109],[137.42842,34.735738],[137.428516,34.735839],[137.428598,34.735907],[137.428749,34.735996],[137.428817,34.736041],[137.428858,34.736109],[137.428995,34.7363],[137.429105,34.736424],[137.429215,34.736615],[137.429283,34.736795],[137.429339,34.736953],[137.429627,34.737392],[137.430885,34.738077],[137.431419,34.73836],[137.432867,34.73903],[137.433031,34.739108],[137.433195,34.739153],[137.433359,34.739175],[137.43341,34.739408],[137.433456,34.739664],[137.433477,34.739725],[137.433509,34.739759],[137.434139,34.739748],[137.434142,34.740325],[137.434318,34.740328],[137.434437,34.740443],[137.434538,34.740566],[137.434602,34.740655],[137.434672,34.740787],[137.434705,34.740864],[137.434762,34.740905],[137.43518,34.740991],[137.43531,34.740993],[137.435626,34.741046],[137.435934,34.741129]]]}},{"type":"Feature","id":"232010570","properties":{"KEY_CODE":"232010570","PREF":"23","CITY":"201","S_AREA":"057000","PREF_NAME":"愛知県","CITY_NAME":"豊橋市","S_NAME":"大崎町","HCODE":8101,"AREA":2133105.693,"KIGO_E":"","JINKO":1983,"SETAI":876,"X_CODE":137.34599,"Y_CODE":34.710843},"geometry":{"type":"Polygon","coordinates":[[[137.345803,34.720517],[137.345847,34.720331],[137.345911,34.72028],[137.345858,34.720154],[137.345805,34.720035],[137.345393,34.719496],[137.345285,34.719249],[137.34519,34.718992],[137.345806,34.718893],[137.346168,34.71886],[137.346263,34.71886],[137.346249,34.718623],[137.346207,34.718386],[137.34614,34.717968],[137.346069,34.71753],[137.346851,34.717418],[137.346969,34.717876],[137.346974,34.717897],[137.347458,34.717795],[137.348069,34.717671],[137.34819,34.717401],[137.348495,34.716751],[137.348778,34.716143],[137.349018,34.715637],[137.349075,34.715559],[137.349483,34.715273],[137.349952,34.714991],[137.349983,34.714744],[137.349992,34.71456],[137.350041,34.714502],[137.35033,34.714394],[137.350471,34.714354],[137.3508,34.713999],[137.350942,34.713886],[137.351242,34.71364],[137.351648,34.713368],[137.351978,34.713134],[137.352296,34.712847],[137.35269,34.712637],[137.353039,34.712485],[137.353575,34.712217],[137.354145,34.711931],[137.354914,34.711557],[137.354664,34.711237],[137.355079,34.711033],[137.355853,34.710653],[137.356147,34.710501],[137.356904,34.710137],[137.357379,34.709896],[137.357971,34.709625],[137.357565,34.709073],[137.357187,34.708597],[137.35688,34.708139],[137.356696,34.707877],[137.356623,34.707802],[137.356184,34.707585],[137.355745,34.707379],[137.355577,34.707271],[137.355386,34.707141],[137.355195,34.707021],[137.35496,34.70688],[137.354683,34.706728],[137.354423,34.706541],[137.354295,34.706433],[137.354194,34.706354],[137.354355,34.706222],[137.353707,34.705986],[137.352809,34.705575],[137.351813,34.705115],[137.350696,34.704568],[137.349837,34.704122],[137.346029,34.701709],[137.345426,34.702047],[137.345198,34.702233],[137.345157,34.702281],[137.345134,34.702312],[137.34478,34.702763],[137.344175,34.703509],[137.344143,34.703767],[137.344085,34.704372],[137.343937,34.704937],[137.343896,34.704992],[137.34387,34.705038],[137.343788,34.705084],[137.343631,34.705178],[137.343013,34.705511],[137.341781,34.706152],[137.340983,34.706577],[137.340673,34.706732],[137.34009,34.707068],[137.340031,34.707158],[137.34003,34.707284],[137.340125,34.707794],[137.340025,34.70813],[137.339929,34.708386],[137.339812,34.708459],[137.33971,34.708487],[137.3394,34.708488],[137.339134,34.708479],[137.338964,34.70846],[137.338745,34.708378],[137.337752,34.707806],[137.337301,34.707581],[137.336864,34.707334],[137.336413,34.707087],[137.336345,34.707087],[137.336059,34.707268],[137.335473,34.707663],[137.335461,34.708542],[137.335488,34.708745],[137.33564,34.709206],[137.33579,34.709522],[137.336064,34.710006],[137.336393,34.710501],[137.337034,34.711399],[137.33731,34.711785],[137.338021,34.712899],[137.338734,34.71416],[137.3395,34.715421],[137.339897,34.715962],[137.34065,34.71702],[137.340828,34.717324],[137.340924,34.717549],[137.341007,34.717797],[137.341113,34.718548],[137.3412,34.718766],[137.341419,34.719351],[137.341515,34.719531],[137.341652,34.719745],[137.341788,34.719937],[137.342474,34.720909],[137.343881,34.720593],[137.344013,34.720766],[137.344602,34.720789],[137.34482,34.72071],[137.344902,34.720642],[137.344957,34.720608],[137.345352,34.720506],[137.345434,34.720619],[137.345544,34.720765],[137.345722,34.72099],[137.34584,34.721113],[137.34587,34.721003],[137.34586,34.720929],[137.345829,34.720878],[137.345786,34.720789],[137.345776,34.720708],[137.345803,34.720517]]]}},{"type":"Feature","id":"232010580","properties":{"KEY_CODE":"232010580","PREF":"23","CITY":"201","S_AREA":"058000","PREF_NAME":"愛知県","CITY_NAME":"豊橋市","S_NAME":"大清水町","HCODE":8101,"AREA":1233045.697,"KIGO_E":"","JINKO":2589,"SETAI":997,"X_CODE":137.356331,"Y_CODE":34.699941},"geometry":{"type":"Polygon","coordinates":[[[137.354355,34.706222],[137.356549,34.704755],[137.35676,34.705223],[137.356957,34.705129],[137.356864,34.704953],[137.35678,34.704783],[137.356734,34.704673],[137.356699,34.704588],[137.358122,34.703635],[137.360493,34.702048],[137.360541,34.701849],[137.360556,34.701641],[137.360549,34.701416],[137.360498,34.701182],[137.360471,34.701039],[137.360511,34.70102],[137.360507,34.701008],[137.3611,34.700742],[137.362162,34.700266],[137.362286,34.70046],[137.362797,34.700195],[137.362677,34.700004],[137.363345,34.699733],[137.363813,34.70045],[137.364288,34.700199],[137.365099,34.699792],[137.365449,34.699616],[137.365474,34.699605],[137.365647,34.699531],[137.366412,34.699203],[137.366773,34.699046],[137.368032,34.698537],[137.366338,34.697936],[137.365112,34.697523],[137.364722,34.697353],[137.364191,34.697122],[137.364071,34.697063],[137.364055,34.697056],[137.363675,34.69689],[137.362264,34.696278],[137.361621,34.695991],[137.361315,34.695856],[137.360528,34.695515],[137.360349,34.695444],[137.359914,34.695244],[137.359757,34.69512],[137.358802,34.694341],[137.358508,34.694069],[137.358332,34.693859],[137.357904,34.693349],[137.357375,34.692677],[137.356742,34.693917],[137.356477,34.694369],[137.356059,34.694083],[137.355915,34.69422],[137.356391,34.69454],[137.356093,34.695096],[137.355741,34.695505],[137.354371,34.69529],[137.354344,34.695316],[137.353824,34.695829],[137.35365,34.695943],[137.353514,34.696026],[137.353577,34.696101],[137.354066,34.696773],[137.354022,34.696795],[137.353813,34.696912],[137.353759,34.696935],[137.353642,34.69698],[137.353567,34.697002],[137.353356,34.697046],[137.353115,34.697074],[137.352893,34.697095],[137.352795,34.697137],[137.352631,34.697125],[137.35246,34.697113],[137.352395,34.697134],[137.352261,34.697237],[137.352127,34.697382],[137.351967,34.697524],[137.351927,34.69761],[137.351839,34.697744],[137.351784,34.697797],[137.351686,34.697835],[137.351576,34.697863],[137.351523,34.69792],[137.351496,34.697995],[137.351496,34.698072],[137.351509,34.69815],[137.351478,34.698195],[137.351446,34.698236],[137.351401,34.698294],[137.351329,34.698408],[137.351009,34.698916],[137.350964,34.698944],[137.350911,34.698938],[137.350812,34.698899],[137.350745,34.698984],[137.350478,34.699264],[137.350442,34.699318],[137.350438,34.699436],[137.350511,34.699559],[137.350403,34.699983],[137.350367,34.700099],[137.350316,34.700112],[137.350196,34.700132],[137.350007,34.700203],[137.349895,34.700222],[137.349854,34.700218],[137.349756,34.700255],[137.349674,34.700292],[137.34962,34.700305],[137.349527,34.700299],[137.349466,34.700305],[137.349396,34.700322],[137.349272,34.700385],[137.34918,34.700438],[137.349145,34.700441],[137.348875,34.700422],[137.348697,34.700441],[137.348612,34.700492],[137.348521,34.700506],[137.348372,34.700526],[137.348308,34.700551],[137.348197,34.700616],[137.348098,34.700635],[137.347969,34.700654],[137.347903,34.700704],[137.347752,34.700946],[137.347668,34.700995],[137.347595,34.700999],[137.347407,34.700978],[137.347262,34.700968],[137.347136,34.700969],[137.347024,34.701027],[137.346931,34.701097],[137.346851,34.70116],[137.346826,34.701199],[137.346811,34.70128],[137.34681,34.701361],[137.346773,34.701419],[137.346714,34.701498],[137.346642,34.701552],[137.346336,34.701575],[137.346086,34.701627],[137.345967,34.701671],[137.346029,34.701709],[137.349837,34.704122],[137.350696,34.704568],[137.351813,34.705115],[137.352809,34.705575],[137.353707,34.705986],[137.354355,34.706222]]]}},{"type":"Feature","id":"232010590","properties":{"KEY_CODE":"232010590","PREF":"23","CITY":"201","S_AREA":"059000","PREF_NAME":"愛知県","CITY_NAME":"豊橋市","S_NAME":"大手町","HCODE":8101,"AREA":34223.927,"KIGO_E":"","JINKO":364,"SETAI":143,"X_CODE":137.391531,"Y_CODE":34.76461},"geometry":{"type":"Polygon","coordinates":[[[137.392443,34.764194],[137.392394,34.763717],[137.391977,34.763734],[137.391787,34.763746],[137.391197,34.763784],[137.390185,34.763858],[137.390547,34.76458],[137.390818,34.76508],[137.39097,34.765353],[137.390983,34.765381],[137.391096,34.765588],[137.391227,34.765824],[137.391679,34.765676],[137.391617,34.765541],[137.392694,34.765208],[137.392601,34.764861],[137.392523,34.76457],[137.392464,34.764353],[137.392443,34.764194]]]}},{"type":"Feature","id":"23201060001","properties":{"KEY_CODE":"23201060001","PREF":"23","CITY":"201","S_AREA":"060001","PREF_NAME":"愛知県","CITY_NAME":"豊橋市","S_NAME":"大橋通一丁目","HCODE":8101,"AREA":40499.199,"KIGO_E":"","JINKO":136,"SETAI":63,"X_CODE":137.381892,"Y_CODE":34.764998},"geometry":{"type":"Polygon","coordinates":[[[137.382,34.76582],[137.382363,34.765814],[137.382363,34.765883],[137.382551,34.765883],[137.382562,34.765596],[137.382835,34.765589],[137.383193,34.76561],[137.383206,34.765553],[137.383257,34.765286],[137.383305,34.765286],[137.383302,34.765236],[137.383279,34.764779],[137.383277,34.764738],[137.383273,34.764662],[137.382885,34.764492],[137.382848,34.764476],[137.381496,34.763867],[137.381329,34.763791],[137.380952,34.764397],[137.380721,34.764774],[137.380692,34.764821],[137.380685,34.764833],[137.380459,34.765201],[137.380924,34.765404],[137.380877,34.765616],[137.38087,34.765864],[137.381996,34.765988],[137.382,34.76582]]]}},{"type":"Feature","id":"23201060002","properties":{"KEY_CODE":"23201060002","PREF":"23","CITY":"201","S_AREA":"060002","PREF_NAME":"愛知県","CITY_NAME":"豊橋市","S_NAME":"大橋通二丁目","HCODE":8101,"AREA":27690.09,"KIGO_E":"","JINKO":62,"SETAI":48,"X_CODE":137.382266,"Y_CODE":34.76641},"geometry":{"type":"Polygon","coordinates":[[[137.383069,34.767614],[137.383067,34.767581],[137.383371,34.767605],[137.38335,34.767078],[137.383292,34.767077],[137.38329,34.767053],[137.383269,34.766837],[137.383249,34.766784],[137.383218,34.766701],[137.383226,34.766552],[137.383341,34.766539],[137.383338,34.766477],[137.383346,34.766477],[137.383409,34.766474],[137.383406,34.766329],[137.383335,34.76633],[137.383331,34.766329],[137.383317,34.766026],[137.383262,34.766027],[137.383262,34.765858],[137.383166,34.765846],[137.383193,34.76561],[137.382835,34.765589],[137.382562,34.765596],[137.382551,34.765883],[137.382363,34.765883],[137.382363,34.765814],[137.382,34.76582],[137.381996,34.765988],[137.38087,34.765864],[137.380831,34.766775],[137.381325,34.766797],[137.382007,34.766807],[137.382534,34.7668],[137.38269,34.766782],[137.382759,34.766763],[137.382822,34.766739],[137.382891,34.766704],[137.382922,34.767595],[137.383069,34.767614]]]}},{"type":"Feature","id":"23201060003","properties":{"KEY_CODE":"23201060003","PREF":"23","CITY":"201","S_AREA":"060003","PREF_NAME":"愛知県","CITY_NAME":"豊橋市","S_NAME":"大橋通三丁目","HCODE":8101,"AREA":110813.427,"KIGO_E":"","JINKO":675,"SETAI":309,"X_CODE":137.382118,"Y_CODE":34.769818},"geometry":{"type":"Polygon","coordinates":[[[137.385745,34.769564],[137.385682,34.769175],[137.385621,34.769189],[137.3853,34.76907],[137.3853,34.769037],[137.385026,34.769029],[137.385026,34.769071],[137.38471,34.769049],[137.384715,34.769244],[137.384394,34.769245],[137.383678,34.769094],[137.383096,34.768805],[137.382957,34.768741],[137.382801,34.768673],[137.381841,34.76825],[137.381127,34.76795],[137.380516,34.767746],[137.380489,34.768127],[137.3804,34.768957],[137.380373,34.769324],[137.380403,34.769981],[137.380414,34.770249],[137.380415,34.770282],[137.38045,34.770934],[137.380451,34.770954],[137.38045,34.771371],[137.380471,34.77181],[137.380474,34.771857],[137.380738,34.771812],[137.381647,34.771629],[137.382314,34.771393],[137.382599,34.771387],[137.382685,34.771386],[137.382637,34.77086],[137.383181,34.770753],[137.383218,34.770744],[137.383878,34.770604],[137.383601,34.76977],[137.38434,34.76976],[137.38477,34.769733],[137.385007,34.769706],[137.385163,34.769676],[137.385745,34.769564]]]}},{"type":"Feature","id":"232010630","properties":{"KEY_CODE":"232010630","PREF":"23","CITY":"201","S_AREA":"063000","PREF_NAME":"愛知県","CITY_NAME":"豊橋市","S_NAME":"大村町","HCODE":8101,"AREA":3745330.231,"KIGO_E":"","JINKO":3080,"SETAI":1153,"X_CODE":137.397242,"Y_CODE":34.788231},"geometry":{"type":"Polygon","coordinates":[[[137.388518,34.798851],[137.388586,34.798775],[137.388663,34.798779],[137.38879,34.798814],[137.388882,34.798846],[137.388946,34.798858],[137.389004,34.798844],[137.389118,34.79876],[137.389309,34.798591],[137.38942,34.798484],[137.38949,34.798426],[137.389501,34.798346],[137.389528,34.7983],[137.390388,34.798609],[137.390371,34.798477],[137.390723,34.798308],[137.390738,34.797943],[137.391081,34.797964],[137.391117,34.797508],[137.391281,34.797508],[137.391259,34.79797],[137.392725,34.798034],[137.393703,34.798064],[137.393716,34.797816],[137.393727,34.797594],[137.393727,34.797552],[137.393456,34.797551],[137.393478,34.797016],[137.394461,34.79704],[137.394478,34.796763],[137.394704,34.796759],[137.394715,34.796569],[137.395348,34.796601],[137.395325,34.797088],[137.395575,34.7971],[137.395581,34.796998],[137.395814,34.796998],[137.395814,34.797104],[137.396168,34.797133],[137.396197,34.796607],[137.39681,34.796633],[137.396809,34.796857],[137.397401,34.796846],[137.398375,34.796244],[137.398176,34.795965],[137.398041,34.795587],[137.397873,34.795124],[137.397683,34.794594],[137.397636,34.79446],[137.397599,34.794041],[137.397799,34.793756],[137.397837,34.793577],[137.397718,34.793349],[137.397386,34.793291],[137.397467,34.793152],[137.397546,34.79302],[137.397643,34.792906],[137.397678,34.792801],[137.397692,34.792597],[137.398028,34.791948],[137.398198,34.791692],[137.39836,34.791528],[137.398595,34.79147],[137.398658,34.791393],[137.398728,34.791124],[137.398786,34.791028],[137.398914,34.790866],[137.399093,34.790714],[137.399256,34.790579],[137.399404,34.790416],[137.399501,34.790412],[137.400182,34.790162],[137.400303,34.790056],[137.400359,34.789954],[137.400417,34.789847],[137.400469,34.789711],[137.400489,34.789635],[137.400507,34.789569],[137.400714,34.789645],[137.400935,34.789729],[137.401099,34.789696],[137.401303,34.789656],[137.401315,34.789762],[137.401617,34.7898],[137.401699,34.79141],[137.403464,34.791353],[137.403497,34.791843],[137.405437,34.791768],[137.407759,34.791724],[137.407987,34.791499],[137.408082,34.7916],[137.408397,34.791232],[137.408289,34.791109],[137.408067,34.790829],[137.408216,34.790812],[137.408316,34.790794],[137.408524,34.790685],[137.408819,34.790593],[137.409082,34.790553],[137.40947,34.790549],[137.409467,34.790519],[137.409477,34.790487],[137.409598,34.790271],[137.409663,34.790139],[137.409757,34.789972],[137.409802,34.789891],[137.40989,34.789729],[137.409979,34.789562],[137.410051,34.789417],[137.410132,34.789267],[137.410178,34.789169],[137.410251,34.788997],[137.410314,34.788744],[137.41033,34.788632],[137.410337,34.788576],[137.410361,34.788432],[137.41034,34.7883],[137.410308,34.788191],[137.410271,34.788087],[137.410218,34.787964],[137.410202,34.787927],[137.41016,34.787828],[137.410128,34.787755],[137.410096,34.787674],[137.410069,34.78761],[137.410026,34.787533],[137.409994,34.78746],[137.409968,34.787396],[137.409952,34.787342],[137.40992,34.787269],[137.409883,34.78717],[137.409824,34.787042],[137.409821,34.787036],[137.409771,34.786933],[137.409744,34.786852],[137.409713,34.786743],[137.409692,34.786661],[137.409676,34.786552],[137.409656,34.786439],[137.409635,34.786362],[137.40963,34.786276],[137.409627,34.786058],[137.409614,34.785755],[137.409631,34.78561],[137.409654,34.785492],[137.40971,34.78533],[137.409747,34.78525],[137.409771,34.785199],[137.409855,34.785045],[137.410015,34.784847],[137.410125,34.784707],[137.410213,34.784599],[137.410323,34.784446],[137.410428,34.784306],[137.410511,34.784189],[137.410589,34.78404],[137.410705,34.78385],[137.410859,34.783643],[137.410908,34.783579],[137.411146,34.783268],[137.411279,34.783088],[137.411422,34.782876],[137.411483,34.782772],[137.4115,34.782737],[137.41155,34.782628],[137.411579,34.782584],[137.411639,34.782493],[137.41166,34.782461],[137.411771,34.782308],[137.411947,34.782073],[137.412047,34.781874],[137.412202,34.781653],[137.412313,34.781473],[137.412374,34.781342],[137.412403,34.78117],[137.412399,34.781007],[137.412352,34.78083],[137.412316,34.780621],[137.412288,34.780488],[137.412269,34.780395],[137.412226,34.780258],[137.412173,34.780127],[137.412109,34.780004],[137.412023,34.779909],[137.411932,34.779704],[137.41182,34.779477],[137.411789,34.779421],[137.411616,34.779187],[137.411467,34.779027],[137.411168,34.778756],[137.410754,34.778393],[137.410352,34.778105],[137.410346,34.778102],[137.410076,34.777928],[137.409861,34.777783],[137.409615,34.777696],[137.409528,34.777681],[137.409292,34.777641],[137.408866,34.777598],[137.407608,34.777469],[137.407554,34.777464],[137.405398,34.777499],[137.404978,34.777522],[137.403834,34.777729],[137.40321,34.777823],[137.40128,34.778141],[137.400746,34.778238],[137.400144,34.778417],[137.400007,34.778458],[137.397928,34.779359],[137.39645,34.780017],[137.396212,34.780152],[137.395572,34.780516],[137.394943,34.780799],[137.394578,34.780922],[137.394242,34.781021],[137.393906,34.781099],[137.393599,34.781157],[137.393374,34.781191],[137.393221,34.781178],[137.393273,34.782193],[137.393225,34.782305],[137.393127,34.782504],[137.393085,34.782607],[137.393006,34.782685],[137.392885,34.782906],[137.392862,34.782939],[137.392819,34.782958],[137.39281,34.782962],[137.392646,34.783032],[137.392579,34.783264],[137.39248,34.783606],[137.392291,34.783747],[137.392123,34.783953],[137.39206,34.784054],[137.391949,34.784185],[137.391901,34.784228],[137.391434,34.784473],[137.391406,34.784496],[137.391265,34.784665],[137.391152,34.784785],[137.391112,34.784841],[137.391034,34.784992],[137.390989,34.785013],[137.390955,34.785044],[137.390842,34.785172],[137.390792,34.785199],[137.390721,34.785201],[137.390709,34.785294],[137.39056,34.78546],[137.390524,34.78582],[137.390089,34.785796],[137.39007,34.785814],[137.390062,34.785821],[137.389971,34.786152],[137.389929,34.786202],[137.389874,34.786239],[137.389747,34.786302],[137.389455,34.786446],[137.389415,34.786819],[137.389378,34.787102],[137.389375,34.787134],[137.389115,34.787123],[137.389097,34.787109],[137.388796,34.787189],[137.388106,34.787418],[137.38838,34.787988],[137.387981,34.788134],[137.38806,34.788291],[137.38776,34.788386],[137.386977,34.788648],[137.386491,34.78913],[137.386068,34.789544],[137.384914,34.790674],[137.385103,34.790915],[137.384844,34.791152],[137.38468,34.791276],[137.384549,34.791389],[137.384485,34.791523],[137.384408,34.791705],[137.384359,34.791763],[137.384288,34.791848],[137.3841,34.792063],[137.383915,34.792242],[137.383488,34.792571],[137.383291,34.792789],[137.382863,34.793218],[137.382703,34.793433],[137.38236,34.793768],[137.382026,34.794228],[137.381909,34.794399],[137.381913,34.794561],[137.381915,34.794567],[137.381898,34.794575],[137.38137,34.795077],[137.381291,34.795158],[137.381204,34.795352],[137.381153,34.795424],[137.380967,34.795617],[137.380616,34.796005],[137.380743,34.796089],[137.381367,34.796541],[137.380765,34.797237],[137.380742,34.797305],[137.380778,34.797364],[137.381706,34.797917],[137.382038,34.797651],[137.382484,34.797916],[137.382277,34.798317],[137.382355,34.798371],[137.382439,34.798429],[137.382763,34.798661],[137.383231,34.798944],[137.383723,34.799321],[137.383876,34.799356],[137.384027,34.799398],[137.384451,34.799708],[137.384613,34.79978],[137.38483,34.799909],[137.385001,34.80008],[137.385351,34.800336],[137.385457,34.800375],[137.385619,34.800386],[137.385914,34.800436],[137.386041,34.80047],[137.386563,34.800823],[137.3866,34.800848],[137.386719,34.80073],[137.388144,34.799263],[137.388333,34.799093],[137.388432,34.798954],[137.388518,34.798851]]]}},{"type":"Feature","id":"232010640","properties":{"KEY_CODE":"232010640","PREF":"23","CITY":"201","S_AREA":"064000","PREF_NAME":"愛知県","CITY_NAME":"豊橋市","S_NAME":"大山町","HCODE":8101,"AREA":499970.976,"KIGO_E":"","JINKO":566,"SETAI":211,"X_CODE":137.357921,"Y_CODE":34.724932},"geometry":{"type":"Polygon","coordinates":[[[137.361974,34.727289],[137.361785,34.726541],[137.362873,34.726983],[137.362886,34.726859],[137.36373,34.726673],[137.362608,34.723259],[137.362469,34.723059],[137.362247,34.723041],[137.361234,34.723051],[137.360243,34.722952],[137.358948,34.72252],[137.358914,34.722507],[137.357609,34.722033],[137.356531,34.721672],[137.355633,34.721383],[137.355241,34.721776],[137.35437,34.722642],[137.354155,34.722843],[137.353986,34.722967],[137.353647,34.723155],[137.352273,34.724593],[137.352206,34.724688],[137.352128,34.724835],[137.352565,34.724865],[137.352967,34.724892],[137.353006,34.724895],[137.352984,34.725079],[137.352986,34.725147],[137.352981,34.725178],[137.35297,34.725236],[137.352954,34.725292],[137.352948,34.725316],[137.352965,34.725311],[137.353058,34.725306],[137.353061,34.725308],[137.353065,34.725314],[137.353065,34.725319],[137.353061,34.725327],[137.353008,34.725332],[137.35298,34.725341],[137.352943,34.725365],[137.352935,34.725375],[137.35293,34.725408],[137.352929,34.725438],[137.35293,34.725495],[137.352934,34.72556],[137.352934,34.72564],[137.352928,34.725732],[137.352923,34.725823],[137.35292,34.725904],[137.352924,34.725974],[137.352936,34.726036],[137.352956,34.726095],[137.352981,34.726156],[137.35301,34.726223],[137.353043,34.726293],[137.353078,34.726361],[137.353112,34.726422],[137.353138,34.726468],[137.353149,34.726494],[137.353386,34.726604],[137.353612,34.72704],[137.353981,34.727119],[137.35507,34.727224],[137.355627,34.727323],[137.356775,34.727434],[137.357512,34.727533],[137.357846,34.727611],[137.358247,34.727725],[137.359168,34.727916],[137.359294,34.727924],[137.359649,34.727909],[137.359679,34.727604],[137.361974,34.727289]]]}},{"type":"Feature","id":"232010650","properties":{"KEY_CODE":"232010650","PREF":"23","CITY":"201","S_AREA":"065000","PREF_NAME":"愛知県","CITY_NAME":"豊橋市","S_NAME":"大脇町","HCODE":8101,"AREA":1054907.797,"KIGO_E":"","JINKO":1567,"SETAI":584,"X_CODE":137.454007,"Y_CODE":34.735213},"geometry":{"type":"Polygon","coordinates":[[[137.458501,34.743604],[137.458775,34.74356],[137.459075,34.743581],[137.459218,34.743581],[137.459329,34.743484],[137.45959,34.743182],[137.459631,34.743143],[137.459773,34.743006],[137.459837,34.742945],[137.460032,34.742756],[137.460222,34.74274],[137.460481,34.74271],[137.460485,34.742604],[137.460484,34.74251],[137.460453,34.742432],[137.460416,34.742377],[137.460388,34.742331],[137.460188,34.742274],[137.460049,34.742213],[137.459941,34.742153],[137.459783,34.741975],[137.459563,34.741632],[137.459386,34.741247],[137.459218,34.740724],[137.459177,34.740555],[137.458698,34.740116],[137.458481,34.739853],[137.458345,34.739634],[137.458263,34.739486],[137.458182,34.73933],[137.457985,34.739134],[137.457768,34.738948],[137.45773,34.738964],[137.457237,34.738882],[137.457145,34.738672],[137.457123,34.738561],[137.457096,34.738315],[137.457003,34.737975],[137.45681,34.737585],[137.456701,34.737328],[137.456692,34.737234],[137.456737,34.736793],[137.456647,34.736543],[137.456459,34.736239],[137.45646,34.736066],[137.456549,34.735931],[137.456639,34.735776],[137.456666,34.735677],[137.456644,34.735441],[137.456566,34.734956],[137.456499,34.734867],[137.456276,34.734705],[137.456141,34.7345],[137.456014,34.734157],[137.456008,34.734007],[137.456002,34.733696],[137.455945,34.733568],[137.455947,34.73343],[137.455959,34.733272],[137.455945,34.733006],[137.455948,34.732724],[137.456061,34.732045],[137.456125,34.731798],[137.456128,34.731786],[137.456448,34.730842],[137.456496,34.730702],[137.456496,34.730576],[137.456432,34.730403],[137.456254,34.730087],[137.456206,34.729953],[137.456208,34.729783],[137.456261,34.729664],[137.456428,34.729411],[137.456483,34.729168],[137.456484,34.729105],[137.456488,34.728738],[137.456522,34.728453],[137.456636,34.728138],[137.456709,34.728052],[137.457189,34.727503],[137.457268,34.727338],[137.457387,34.727176],[137.45748,34.727037],[137.457537,34.726942],[137.457561,34.726885],[137.457571,34.726847],[137.457564,34.72682],[137.457538,34.726765],[137.457511,34.726701],[137.457492,34.726653],[137.457474,34.726574],[137.457458,34.726473],[137.457466,34.726316],[137.457482,34.726028],[137.457564,34.725704],[137.457625,34.725383],[137.457656,34.725184],[137.457683,34.725071],[137.457219,34.724312],[137.457215,34.724306],[137.457113,34.724165],[137.456875,34.723836],[137.456709,34.723534],[137.456686,34.723473],[137.456635,34.723304],[137.456616,34.723267],[137.456571,34.723238],[137.456521,34.723208],[137.456331,34.723391],[137.456099,34.723259],[137.45606,34.72335],[137.456007,34.723579],[137.455978,34.723754],[137.455974,34.723906],[137.455879,34.723972],[137.45576,34.724148],[137.455551,34.724301],[137.455411,34.724387],[137.455062,34.724526],[137.454912,34.724606],[137.454814,34.724722],[137.454543,34.724802],[137.454526,34.725096],[137.454406,34.725146],[137.454144,34.725299],[137.454254,34.725604],[137.453868,34.725683],[137.453287,34.725824],[137.453311,34.725945],[137.4533,34.726058],[137.453272,34.726158],[137.453173,34.726375],[137.453108,34.726535],[137.453047,34.726706],[137.453024,34.726856],[137.453051,34.72698],[137.453227,34.727206],[137.453355,34.727399],[137.453331,34.727445],[137.453339,34.727537],[137.453409,34.727736],[137.453442,34.727811],[137.453592,34.728141],[137.453653,34.728648],[137.453521,34.728648],[137.453506,34.728964],[137.453246,34.728936],[137.453114,34.729487],[137.45299,34.729479],[137.452711,34.729514],[137.452726,34.729761],[137.452649,34.730156],[137.452516,34.730626],[137.45276,34.730698],[137.45269,34.73149],[137.45269,34.731492],[137.452657,34.731842],[137.452648,34.732165],[137.452652,34.732362],[137.452688,34.732615],[137.452718,34.732729],[137.4527,34.732849],[137.452645,34.733009],[137.452478,34.733001],[137.45204,34.733068],[137.452417,34.733339],[137.452628,34.733469],[137.452634,34.733712],[137.452657,34.734002],[137.452706,34.734328],[137.452729,34.734417],[137.451325,34.734496],[137.450997,34.734541],[137.450926,34.734424],[137.450816,34.734295],[137.45072,34.734211],[137.450605,34.734162],[137.450561,34.73433],[137.450468,34.734458],[137.450213,34.734798],[137.450002,34.735007],[137.449465,34.735288],[137.449191,34.735404],[137.448683,34.735802],[137.448045,34.736355],[137.447591,34.73687],[137.447177,34.737231],[137.446941,34.737433],[137.446983,34.737611],[137.446999,34.737725],[137.446971,34.737856],[137.446931,34.737964],[137.446904,34.738247],[137.446925,34.738516],[137.447014,34.738678],[137.447148,34.73892],[137.447305,34.73928],[137.447594,34.739661],[137.448178,34.73984],[137.448331,34.739884],[137.448379,34.739898],[137.448476,34.739844],[137.448598,34.739766],[137.448632,34.73973],[137.448731,34.739625],[137.448837,34.739555],[137.448952,34.73946],[137.44902,34.739382],[137.449078,34.73933],[137.449129,34.739344],[137.449164,34.739379],[137.449181,34.739424],[137.449196,34.739469],[137.449257,34.739656],[137.449281,34.739702],[137.449332,34.739751],[137.449365,34.739766],[137.449401,34.739786],[137.44955,34.739788],[137.449639,34.739797],[137.449708,34.739814],[137.450128,34.739938],[137.450226,34.739991],[137.450398,34.740038],[137.450619,34.740153],[137.450706,34.740254],[137.450748,34.740277],[137.450923,34.740505],[137.451062,34.740674],[137.451429,34.740795],[137.452287,34.740959],[137.452916,34.741172],[137.453123,34.741257],[137.453385,34.741349],[137.453502,34.741442],[137.45351,34.741445],[137.453708,34.741597],[137.453863,34.741695],[137.453903,34.741712],[137.453945,34.741727],[137.454084,34.741798],[137.454152,34.741806],[137.454214,34.741801],[137.454331,34.741783],[137.454407,34.741766],[137.454534,34.741754],[137.454633,34.74176],[137.454695,34.741788],[137.454771,34.74183],[137.454915,34.741881],[137.455077,34.741974],[137.455167,34.742025],[137.455259,34.742047],[137.455376,34.742084],[137.45548,34.742126],[137.4558,34.742216],[137.456314,34.742316],[137.456549,34.742351],[137.456797,34.742388],[137.457186,34.742432],[137.457298,34.742463],[137.45735,34.742471],[137.457386,34.742488],[137.457638,34.742602],[137.457819,34.742734],[137.457827,34.74274],[137.457951,34.742863],[137.458058,34.743029],[137.458167,34.743287],[137.458252,34.743411],[137.458501,34.743604]]]}},{"type":"Feature","id":"232010660","properties":{"KEY_CODE":"232010660","PREF":"23","CITY":"201","S_AREA":"066000","PREF_NAME":"愛知県","CITY_NAME":"豊橋市","S_NAME":"王ケ崎町","HCODE":8101,"AREA":536520.535,"KIGO_E":"","JINKO":1729,"SETAI":687,"X_CODE":137.369494,"Y_CODE":34.737392},"geometry":{"type":"Polygon","coordinates":[[[137.365395,34.741275],[137.365488,34.741206],[137.365409,34.74113],[137.365237,34.741209],[137.365193,34.741076],[137.365159,34.741022],[137.365125,34.740989],[137.364761,34.740688],[137.364576,34.740544],[137.364643,34.740493],[137.364659,34.740471],[137.364728,34.740276],[137.364738,34.740226],[137.364743,34.740094],[137.364843,34.740009],[137.364894,34.739979],[137.36495,34.739956],[137.365113,34.739911],[137.365144,34.739899],[137.365287,34.739793],[137.36533,34.739746],[137.36535,34.739604],[137.365761,34.739254],[137.366426,34.73868],[137.366471,34.738639],[137.366512,34.738612],[137.367119,34.738354],[137.367233,34.738315],[137.367366,34.738285],[137.367927,34.738187],[137.368254,34.738046],[137.368362,34.738024],[137.368492,34.738025],[137.368593,34.738048],[137.368906,34.738164],[137.369022,34.738259],[137.369576,34.73847],[137.369702,34.738585],[137.369771,34.738638],[137.370149,34.73883],[137.370261,34.739092],[137.370261,34.739094],[137.370282,34.739158],[137.370494,34.739552],[137.370507,34.739593],[137.370508,34.739642],[137.370963,34.739797],[137.370969,34.739688],[137.370983,34.739645],[137.371011,34.7396],[137.371224,34.739413],[137.371256,34.739401],[137.371301,34.739399],[137.371343,34.739406],[137.371402,34.73943],[137.371443,34.739442],[137.371882,34.739507],[137.372058,34.739517],[137.372167,34.739525],[137.372217,34.739521],[137.372445,34.739474],[137.373219,34.739305],[137.373938,34.739144],[137.37455,34.73897],[137.374592,34.73896],[137.374727,34.738966],[137.374835,34.738968],[137.374956,34.738959],[137.375611,34.739046],[137.376493,34.738387],[137.377218,34.737829],[137.376773,34.737438],[137.376117,34.736857],[137.376529,34.736547],[137.376017,34.736087],[137.375554,34.736448],[137.374818,34.735779],[137.374325,34.736167],[137.374046,34.735915],[137.373899,34.736015],[137.373731,34.73588],[137.3734,34.736149],[137.373168,34.735937],[137.372976,34.736074],[137.372611,34.736341],[137.372549,34.736386],[137.37201,34.735297],[137.371642,34.734532],[137.370017,34.733025],[137.368638,34.734744],[137.367603,34.734179],[137.366843,34.734294],[137.366763,34.733866],[137.366652,34.733876],[137.366587,34.733922],[137.366576,34.733985],[137.366594,34.734086],[137.36659,34.734097],[137.366395,34.73423],[137.366383,34.734245],[137.366379,34.734464],[137.366367,34.734698],[137.366238,34.734709],[137.366159,34.735268],[137.364671,34.735723],[137.364845,34.736174],[137.364976,34.736538],[137.365015,34.737017],[137.364996,34.737396],[137.364886,34.738007],[137.364815,34.738159],[137.364781,34.738267],[137.364763,34.738431],[137.364696,34.738574],[137.364541,34.738777],[137.364401,34.738867],[137.364317,34.738916],[137.363542,34.739331],[137.36343,34.739422],[137.362875,34.739852],[137.362809,34.739878],[137.362425,34.739967],[137.362153,34.74003],[137.361946,34.740093],[137.36176,34.740111],[137.361506,34.740264],[137.361467,34.740314],[137.361441,34.740366],[137.361384,34.740631],[137.361875,34.740807],[137.362191,34.740903],[137.362499,34.740991],[137.362818,34.741072],[137.364095,34.741351],[137.36416,34.741292],[137.364345,34.741124],[137.36436,34.741146],[137.36458,34.741463],[137.364484,34.741508],[137.364659,34.741848],[137.364709,34.741976],[137.364732,34.742047],[137.364706,34.742095],[137.364569,34.742351],[137.364522,34.742442],[137.364687,34.742866],[137.364846,34.742932],[137.364887,34.742949],[137.365014,34.742987],[137.365238,34.743027],[137.365392,34.743063],[137.365418,34.743038],[137.365498,34.74276],[137.36558,34.742397],[137.365588,34.742318],[137.365591,34.74219],[137.365588,34.742143],[137.365567,34.742058],[137.365507,34.741943],[137.365446,34.741864],[137.365404,34.741823],[137.365359,34.741787],[137.365385,34.741711],[137.365397,34.741669],[137.365406,34.741611],[137.365404,34.741537],[137.365385,34.741297],[137.365395,34.741275]]]}},{"type":"Feature","id":"232010670","properties":{"KEY_CODE":"232010670","PREF":"23","CITY":"201","S_AREA":"067000","PREF_NAME":"愛知県","CITY_NAME":"豊橋市","S_NAME":"鍵田町","HCODE":8101,"AREA":111681.052,"KIGO_E":"","JINKO":321,"SETAI":149,"X_CODE":137.390885,"Y_CODE":34.752487},"geometry":{"type":"Polygon","coordinates":[[[137.392415,34.750858],[137.392067,34.750424],[137.391988,34.750341],[137.391869,34.750234],[137.3915,34.749963],[137.390979,34.750462],[137.390781,34.750648],[137.390734,34.750645],[137.390614,34.750667],[137.390167,34.750792],[137.390104,34.750802],[137.389987,34.750806],[137.389919,34.750795],[137.38977,34.750749],[137.389958,34.751424],[137.389609,34.751498],[137.389442,34.751519],[137.389514,34.751837],[137.389519,34.75186],[137.389602,34.752313],[137.389617,34.752561],[137.389617,34.752753],[137.389604,34.752933],[137.38955,34.753136],[137.389443,34.753466],[137.389346,34.753643],[137.389202,34.753882],[137.388866,34.754349],[137.388871,34.754353],[137.389045,34.754504],[137.389183,34.754598],[137.389313,34.754662],[137.389444,34.754703],[137.389602,34.754723],[137.389631,34.754727],[137.389768,34.754722],[137.389882,34.75471],[137.38989,34.754709],[137.390087,34.754678],[137.39028,34.754632],[137.390474,34.754563],[137.390771,34.75445],[137.39086,34.754407],[137.391539,34.754088],[137.39175,34.753975],[137.3918,34.753946],[137.391968,34.753641],[137.392042,34.753535],[137.392352,34.753047],[137.39245,34.752703],[137.392489,34.752472],[137.39249,34.752396],[137.39246,34.751301],[137.392456,34.750969],[137.392445,34.750913],[137.392415,34.750858]]]}},{"type":"Feature","id":"232010680","properties":{"KEY_CODE":"232010680","PREF":"23","CITY":"201","S_AREA":"068000","PREF_NAME":"愛知県","CITY_NAME":"豊橋市","S_NAME":"鍛冶町","HCODE":8101,"AREA":26767.917,"KIGO_E":"","JINKO":243,"SETAI":100,"X_CODE":137.398164,"Y_CODE":34.764994},"geometry":{"type":"Polygon","coordinates":[[[137.399182,34.764717],[137.398598,34.764069],[137.398153,34.76409],[137.398254,34.764447],[137.398208,34.764454],[137.397296,34.764642],[137.396871,34.764726],[137.396882,34.764763],[137.396994,34.76513],[137.396997,34.76514],[137.397006,34.765172],[137.397009,34.765184],[137.397138,34.765656],[137.397175,34.765782],[137.398497,34.765508],[137.399029,34.765393],[137.399654,34.765259],[137.399586,34.765186],[137.399555,34.765153],[137.399182,34.764717]]]}},{"type":"Feature","id":"23201069001","properties":{"KEY_CODE":"23201069001","PREF":"23","CITY":"201","S_AREA":"069001","PREF_NAME":"愛知県","CITY_NAME":"豊橋市","S_NAME":"春日町一丁目","HCODE":8101,"AREA":82271.75,"KIGO_E":"","JINKO":559,"SETAI":230,"X_CODE":137.414871,"Y_CODE":34.756615},"geometry":{"type":"Polygon","coordinates":[[[137.417934,34.756594],[137.417273,34.75584],[137.417257,34.755822],[137.4167,34.756223],[137.416583,34.756303],[137.416078,34.755908],[137.415829,34.756083],[137.415622,34.755882],[137.415522,34.755758],[137.415354,34.755488],[137.415271,34.75533],[137.414782,34.755467],[137.414657,34.755495],[137.414433,34.755525],[137.414194,34.75554],[137.413779,34.755537],[137.413702,34.755541],[137.413516,34.755606],[137.41269,34.755968],[137.41229,34.756153],[137.4126,34.756529],[137.412466,34.756686],[137.41307,34.756967],[137.413261,34.757087],[137.413515,34.757255],[137.413897,34.757586],[137.413928,34.757607],[137.414093,34.757721],[137.41428,34.757835],[137.414399,34.757902],[137.414627,34.758025],[137.414807,34.758098],[137.414992,34.758142],[137.415541,34.757738],[137.416292,34.757216],[137.416606,34.756983],[137.41682,34.756814],[137.41721,34.756767],[137.41736,34.756739],[137.417934,34.756594]]]}},{"type":"Feature","id":"23201069002","properties":{"KEY_CODE":"23201069002","PREF":"23","CITY":"201","S_AREA":"069002","PREF_NAME":"愛知県","CITY_NAME":"豊橋市","S_NAME":"春日町二丁目","HCODE":8101,"AREA":90514.147,"KIGO_E":"","JINKO":539,"SETAI":235,"X_CODE":137.416987,"Y_CODE":34.758436},"geometry":{"type":"Polygon","coordinates":[[[137.418129,34.757051],[137.417934,34.756594],[137.41736,34.756739],[137.41721,34.756767],[137.41682,34.756814],[137.416606,34.756983],[137.416292,34.757216],[137.415541,34.757738],[137.414992,34.758142],[137.415318,34.758837],[137.415502,34.759313],[137.415682,34.759767],[137.415868,34.760284],[137.416632,34.759997],[137.417213,34.759778],[137.417743,34.759583],[137.419048,34.759105],[137.419036,34.759082],[137.418848,34.758679],[137.418674,34.758268],[137.418607,34.758111],[137.418407,34.757662],[137.418129,34.757051]]]}},{"type":"Feature","id":"232010710","properties":{"KEY_CODE":"232010710","PREF":"23","CITY":"201","S_AREA":"071000","PREF_NAME":"愛知県","CITY_NAME":"豊橋市","S_NAME":"曲尺手町","HCODE":8101,"AREA":37878.959,"KIGO_E":"","JINKO":322,"SETAI":124,"X_CODE":137.395094,"Y_CODE":34.765549},"geometry":{"type":"Polygon","coordinates":[[[137.395103,34.766077],[137.396924,34.76567],[137.39693,34.765691],[137.397122,34.765658],[137.397138,34.765656],[137.397009,34.765184],[137.397006,34.765172],[137.396997,34.76514],[137.396994,34.76513],[137.396882,34.764763],[137.396599,34.764813],[137.39494,34.76513],[137.394919,34.765135],[137.394255,34.765276],[137.394206,34.764979],[137.394178,34.764985],[137.394041,34.765012],[137.394055,34.76506],[137.39333,34.765208],[137.393317,34.765177],[137.39328,34.765183],[137.393245,34.765189],[137.393314,34.765402],[137.393253,34.765416],[137.393276,34.765473],[137.393288,34.765509],[137.393438,34.765922],[137.39344,34.765936],[137.393447,34.765968],[137.393534,34.766426],[137.395103,34.766077]]]}},{"type":"Feature","id":"232010720","properties":{"KEY_CODE":"232010720","PREF":"23","CITY":"201","S_AREA":"072000","PREF_NAME":"愛知県","CITY_NAME":"豊橋市","S_NAME":"上伝馬町","HCODE":8101,"AREA":30934.657,"KIGO_E":"","JINKO":295,"SETAI":167,"X_CODE":137.386294,"Y_CODE":34.76858},"geometry":{"type":"Polygon","coordinates":[[[137.386417,34.769739],[137.386425,34.769412],[137.386781,34.76935],[137.387044,34.769288],[137.387285,34.769219],[137.387583,34.769122],[137.387643,34.769097],[137.387494,34.76884],[137.387465,34.768847],[137.387383,34.768701],[137.387356,34.768708],[137.387225,34.7686],[137.387199,34.768604],[137.387198,34.768603],[137.387123,34.768288],[137.386868,34.768331],[137.386769,34.767878],[137.386705,34.767625],[137.386581,34.767639],[137.386603,34.767718],[137.386605,34.767723],[137.386526,34.767736],[137.386519,34.767705],[137.386493,34.767702],[137.386276,34.767742],[137.386231,34.767515],[137.385986,34.767563],[137.385267,34.767711],[137.385286,34.767894],[137.385276,34.767948],[137.385269,34.76804],[137.385327,34.768035],[137.38533,34.768092],[137.385264,34.768101],[137.385276,34.768519],[137.385562,34.768505],[137.385682,34.769175],[137.385745,34.769564],[137.386088,34.769493],[137.386184,34.769753],[137.386417,34.769739]]]}},{"type":"Feature","id":"232010730","properties":{"KEY_CODE":"232010730","PREF":"23","CITY":"201","S_AREA":"073000","PREF_NAME":"愛知県","CITY_NAME":"豊橋市","S_NAME":"神ノ輪町","HCODE":8101,"AREA":114016.31,"KIGO_E":"","JINKO":1056,"SETAI":502,"X_CODE":137.367667,"Y_CODE":34.741889},"geometry":{"type":"Polygon","coordinates":[[[137.367518,34.743526],[137.368636,34.742616],[137.368819,34.742774],[137.369285,34.742404],[137.369313,34.742426],[137.369517,34.742253],[137.369437,34.742184],[137.369654,34.742013],[137.369708,34.742059],[137.370072,34.741775],[137.370222,34.74167],[137.370202,34.741656],[137.370255,34.74151],[137.370301,34.741516],[137.370317,34.741468],[137.370502,34.741012],[137.370666,34.741045],[137.370792,34.740747],[137.370781,34.740669],[137.370753,34.740613],[137.370748,34.740574],[137.370662,34.740562],[137.370571,34.740549],[137.37047,34.740544],[137.369261,34.740614],[137.36826,34.74068],[137.367397,34.740737],[137.366527,34.740784],[137.366106,34.74081],[137.365809,34.740832],[137.365647,34.74086],[137.365393,34.740927],[137.365294,34.74096],[137.365159,34.741022],[137.365193,34.741076],[137.365237,34.741209],[137.365409,34.74113],[137.365488,34.741206],[137.365395,34.741275],[137.365385,34.741297],[137.365404,34.741537],[137.365406,34.741611],[137.365397,34.741669],[137.365385,34.741711],[137.365359,34.741787],[137.365404,34.741823],[137.365446,34.741864],[137.365507,34.741943],[137.365567,34.742058],[137.365588,34.742143],[137.365591,34.74219],[137.365588,34.742318],[137.36558,34.742397],[137.365498,34.74276],[137.365418,34.743038],[137.365555,34.743118],[137.365779,34.743221],[137.36599,34.743341],[137.366158,34.743436],[137.366286,34.743492],[137.366523,34.743563],[137.366629,34.743629],[137.366773,34.743697],[137.367178,34.743804],[137.367518,34.743526]]]}},{"type":"Feature","id":"232010740","properties":{"KEY_CODE":"232010740","PREF":"23","CITY":"201","S_AREA":"074000","PREF_NAME":"愛知県","CITY_NAME":"豊橋市","S_NAME":"鴨田町","HCODE":8101,"AREA":36876.65,"KIGO_E":"","JINKO":285,"SETAI":160,"X_CODE":137.385849,"Y_CODE":34.749257},"geometry":{"type":"Polygon","coordinates":[[[137.38685,34.749408],[137.38673,34.749258],[137.386657,34.749137],[137.386136,34.748534],[137.385873,34.748437],[137.385864,34.748295],[137.385767,34.747551],[137.385469,34.747638],[137.385351,34.747699],[137.385283,34.747735],[137.385283,34.747734],[137.385256,34.747747],[137.385035,34.747774],[137.385078,34.748004],[137.385202,34.748574],[137.385256,34.749367],[137.384911,34.749347],[137.38484,34.749341],[137.384839,34.74935],[137.384796,34.749779],[137.384843,34.749791],[137.38486,34.7498],[137.384815,34.750198],[137.385288,34.750242],[137.385932,34.750231],[137.386772,34.750199],[137.387258,34.749923],[137.387097,34.74948],[137.38685,34.749408]]]}},{"type":"Feature","id":"232010750","properties":{"KEY_CODE":"232010750","PREF":"23","CITY":"201","S_AREA":"075000","PREF_NAME":"愛知県","CITY_NAME":"豊橋市","S_NAME":"賀茂町","HCODE":8101,"AREA":4290431.648,"KIGO_E":"","JINKO":1263,"SETAI":391,"X_CODE":137.43775,"Y_CODE":34.836691},"geometry":{"type":"Polygon","coordinates":[[[137.440583,34.847331],[137.441092,34.846813],[137.441622,34.846394],[137.442195,34.846055],[137.442991,34.845746],[137.443576,34.8456],[137.444078,34.845338],[137.444549,34.845048],[137.444857,34.844778],[137.444951,34.844684],[137.445017,34.844637],[137.445067,34.844614],[137.445247,34.844533],[137.44552,34.844449],[137.445917,34.844386],[137.446281,34.844365],[137.447614,34.844726],[137.448879,34.845344],[137.449641,34.845686],[137.450145,34.845857],[137.450432,34.845939],[137.450682,34.845986],[137.450908,34.846028],[137.450966,34.846042],[137.450986,34.846048],[137.451075,34.845926],[137.450987,34.845883],[137.450908,34.845791],[137.450819,34.84567],[137.45075,34.845537],[137.450751,34.845358],[137.450716,34.844985],[137.450697,34.844799],[137.450455,34.844123],[137.4507,34.844131],[137.450933,34.844128],[137.451164,34.84412],[137.45123,34.844063],[137.451222,34.843999],[137.451163,34.843764],[137.451183,34.843643],[137.45124,34.843507],[137.451338,34.843328],[137.451422,34.843294],[137.451515,34.843213],[137.451585,34.843085],[137.451522,34.842688],[137.451483,34.842534],[137.451322,34.842298],[137.45119,34.842159],[137.451203,34.842077],[137.451231,34.842003],[137.451234,34.84193],[137.45113,34.841806],[137.451074,34.841714],[137.450957,34.841656],[137.451011,34.841651],[137.451042,34.841589],[137.451105,34.841534],[137.451213,34.841528],[137.451347,34.84158],[137.451507,34.841708],[137.45166,34.841816],[137.451805,34.841899],[137.451925,34.841929],[137.452046,34.841978],[137.452212,34.84204],[137.452388,34.842081],[137.452558,34.842099],[137.452769,34.842109],[137.453009,34.842124],[137.453154,34.842134],[137.45333,34.842105],[137.453037,34.841999],[137.452942,34.841937],[137.45288,34.841845],[137.452836,34.841749],[137.452851,34.841672],[137.452901,34.841555],[137.452942,34.84149],[137.452964,34.841443],[137.452973,34.841409],[137.452976,34.841308],[137.452994,34.841189],[137.453079,34.841064],[137.453088,34.841022],[137.453043,34.840763],[137.453002,34.840602],[137.45296,34.840465],[137.452913,34.840369],[137.452872,34.840289],[137.452922,34.84026],[137.452996,34.840181],[137.453027,34.840116],[137.453052,34.840027],[137.453005,34.840038],[137.452912,34.840021],[137.452833,34.839993],[137.45275,34.83995],[137.452661,34.839875],[137.452626,34.839813],[137.452777,34.839652],[137.451652,34.839249],[137.451513,34.839248],[137.451399,34.839275],[137.451268,34.839315],[137.450213,34.838922],[137.450304,34.83878],[137.451547,34.836832],[137.451664,34.836644],[137.451785,34.836474],[137.45147,34.836271],[137.450726,34.835798],[137.450157,34.835535],[137.449872,34.835445],[137.449342,34.835435],[137.449169,34.835397],[137.448817,34.835239],[137.448467,34.834999],[137.448238,34.834698],[137.448086,34.834515],[137.447799,34.834393],[137.447164,34.834152],[137.446883,34.834015],[137.447073,34.833425],[137.447199,34.833141],[137.447229,34.832951],[137.447215,34.832828],[137.447128,34.832608],[137.447013,34.832413],[137.446906,34.832338],[137.446779,34.832277],[137.446231,34.832568],[137.445987,34.832285],[137.446157,34.831029],[137.445668,34.830749],[137.445494,34.830746],[137.445526,34.830435],[137.44576,34.828789],[137.445797,34.82841],[137.44586,34.827907],[137.445935,34.827336],[137.446045,34.826393],[137.444747,34.827113],[137.442643,34.828281],[137.442106,34.826805],[137.441483,34.825109],[137.440855,34.825406],[137.440268,34.825675],[137.439804,34.825935],[137.439195,34.8263],[137.438816,34.826525],[137.438681,34.82666],[137.438592,34.826765],[137.438513,34.826867],[137.438417,34.826989],[137.43829,34.82714],[137.43819,34.827234],[137.438066,34.827328],[137.43798,34.827403],[137.437823,34.827519],[137.437688,34.827618],[137.437605,34.827659],[137.437491,34.827687],[137.437278,34.827742],[137.437106,34.827781],[137.436937,34.827795],[137.43674,34.8278],[137.436515,34.827787],[137.436393,34.827781],[137.436249,34.827774],[137.43606,34.827754],[137.435898,34.827733],[137.435751,34.827685],[137.43557,34.827619],[137.435384,34.82753],[137.435042,34.827366],[137.434753,34.827234],[137.433665,34.826784],[137.433532,34.826731],[137.432678,34.826355],[137.432238,34.826151],[137.431798,34.825873],[137.431115,34.82554],[137.430675,34.825336],[137.429887,34.826373],[137.429756,34.82663],[137.429165,34.827705],[137.42853,34.828802],[137.427973,34.829762],[137.427929,34.829844],[137.42746,34.830708],[137.427264,34.831155],[137.426837,34.832132],[137.426254,34.833424],[137.426071,34.833757],[137.425645,34.834254],[137.425427,34.834593],[137.425366,34.834673],[137.425021,34.835024],[137.424824,34.835401],[137.424554,34.835926],[137.424457,34.836093],[137.424439,34.836134],[137.424259,34.83643],[137.423841,34.837151],[137.423751,34.837339],[137.423567,34.837605],[137.423227,34.838138],[137.422976,34.838634],[137.42285,34.838966],[137.422822,34.83904],[137.422703,34.83935],[137.422727,34.839829],[137.422781,34.840064],[137.422805,34.840169],[137.423092,34.840824],[137.423457,34.841441],[137.423943,34.842188],[137.424449,34.842595],[137.424868,34.842827],[137.426572,34.843182],[137.427098,34.843283],[137.427398,34.843298],[137.427786,34.843212],[137.428292,34.843172],[137.428427,34.843169],[137.428946,34.843158],[137.429755,34.843132],[137.431423,34.843074],[137.432075,34.84316],[137.432587,34.843361],[137.432901,34.843453],[137.433506,34.843568],[137.433875,34.843656],[137.434608,34.843798],[137.434973,34.843958],[137.435435,34.844135],[137.436018,34.844428],[137.436721,34.84484],[137.43712,34.84521],[137.437497,34.845844],[137.437736,34.846536],[137.437916,34.84698],[137.437992,34.847153],[137.438288,34.847126],[137.438458,34.847115],[137.438653,34.847107],[137.438886,34.847094],[137.439107,34.847075],[137.439346,34.847051],[137.439529,34.847064],[137.439614,34.847087],[137.439699,34.84712],[137.439797,34.847208],[137.439968,34.847403],[137.440094,34.847524],[137.440265,34.847659],[137.440332,34.84759],[137.440583,34.847331]]]}},{"type":"Feature","id":"232010760","properties":{"KEY_CODE":"232010760","PREF":"23","CITY":"201","S_AREA":"076000","PREF_NAME":"愛知県","CITY_NAME":"豊橋市","S_NAME":"萱町","HCODE":8101,"AREA":30139.728,"KIGO_E":"","JINKO":97,"SETAI":60,"X_CODE":137.38556,"Y_CODE":34.766183},"geometry":{"type":"Polygon","coordinates":[[[137.38623,34.766951],[137.3862,34.766844],[137.386153,34.766852],[137.386086,34.766579],[137.386057,34.766459],[137.386052,34.766244],[137.386051,34.766233],[137.386043,34.765963],[137.386111,34.765958],[137.386125,34.765534],[137.385962,34.765534],[137.38595,34.76499],[137.385952,34.764946],[137.385905,34.764949],[137.385913,34.764792],[137.385896,34.764426],[137.385832,34.764429],[137.38584,34.764383],[137.385581,34.764387],[137.385334,34.764394],[137.385342,34.764457],[137.385267,34.76446],[137.385267,34.764532],[137.385313,34.765475],[137.385351,34.765475],[137.385348,34.765537],[137.385018,34.765537],[137.385017,34.765572],[137.385012,34.765759],[137.385017,34.766643],[137.385017,34.766671],[137.385018,34.766723],[137.385032,34.767695],[137.385033,34.767761],[137.385267,34.767711],[137.385986,34.767563],[137.385972,34.767504],[137.385899,34.767196],[137.385892,34.767168],[137.386252,34.767103],[137.38627,34.7671],[137.38623,34.766951]]]}},{"type":"Feature","id":"232010770","properties":{"KEY_CODE":"232010770","PREF":"23","CITY":"201","S_AREA":"077000","PREF_NAME":"愛知県","CITY_NAME":"豊橋市","S_NAME":"川崎町","HCODE":8101,"AREA":580108.698,"KIGO_E":"","JINKO":431,"SETAI":141,"X_CODE":137.359184,"Y_CODE":34.781763},"geometry":{"type":"Polygon","coordinates":[[[137.359865,34.782654],[137.359956,34.782171],[137.36004,34.78219],[137.360049,34.782163],[137.36009,34.782172],[137.360239,34.781508],[137.360536,34.780594],[137.36096,34.779325],[137.36063,34.779253],[137.360771,34.778713],[137.360561,34.778665],[137.360595,34.778501],[137.36053,34.77849],[137.360958,34.777137],[137.360639,34.777073],[137.359116,34.776454],[137.358355,34.776145],[137.35745,34.775768],[137.356475,34.775663],[137.356337,34.77565],[137.354977,34.775598],[137.35491,34.777158],[137.354882,34.777248],[137.355173,34.777152],[137.355217,34.777245],[137.355335,34.777204],[137.355556,34.777685],[137.3557,34.777909],[137.355823,34.778087],[137.355931,34.778271],[137.355999,34.778374],[137.355983,34.778446],[137.355804,34.778718],[137.35569,34.778844],[137.355659,34.77904],[137.355638,34.779267],[137.355555,34.779299],[137.355465,34.779352],[137.355406,34.779423],[137.355386,34.779497],[137.355406,34.779565],[137.35563,34.779727],[137.355854,34.779858],[137.356098,34.780005],[137.35612,34.780102],[137.356127,34.780356],[137.356144,34.780427],[137.356204,34.780626],[137.356212,34.78082],[137.356216,34.780891],[137.356205,34.781065],[137.35619,34.781217],[137.356201,34.781313],[137.356243,34.781458],[137.356286,34.781604],[137.356001,34.781558],[137.355852,34.781551],[137.355832,34.781654],[137.355827,34.781845],[137.355854,34.781987],[137.355963,34.782163],[137.356073,34.78228],[137.356186,34.78237],[137.356282,34.78245],[137.356427,34.782564],[137.356582,34.782684],[137.356637,34.782726],[137.356928,34.782619],[137.357105,34.782934],[137.357217,34.783052],[137.357349,34.783183],[137.357392,34.783307],[137.357405,34.783374],[137.357453,34.783628],[137.357525,34.783753],[137.357572,34.783848],[137.35758,34.783941],[137.357562,34.784073],[137.357574,34.784151],[137.35765,34.784228],[137.357724,34.78429],[137.357882,34.784376],[137.357931,34.784426],[137.358001,34.784604],[137.358064,34.784798],[137.358208,34.785122],[137.358303,34.785342],[137.35836,34.785514],[137.358424,34.785769],[137.358506,34.785998],[137.358593,34.786237],[137.358686,34.786495],[137.358725,34.786611],[137.358784,34.786671],[137.358881,34.786724],[137.358967,34.786775],[137.359015,34.786813],[137.359057,34.786925],[137.359109,34.787245],[137.359163,34.787598],[137.359206,34.787802],[137.359244,34.78805],[137.359691,34.788001],[137.359937,34.78797],[137.36048,34.787898],[137.360924,34.787819],[137.361347,34.787725],[137.361639,34.787655],[137.361885,34.787569],[137.362026,34.787477],[137.362268,34.787291],[137.362453,34.787149],[137.362652,34.787015],[137.362845,34.786908],[137.363054,34.786787],[137.363186,34.786661],[137.363374,34.786496],[137.363582,34.786348],[137.363697,34.786253],[137.363765,34.786146],[137.363801,34.786062],[137.363795,34.785973],[137.363762,34.785802],[137.363398,34.78398],[137.363392,34.783793],[137.363417,34.78372],[137.363438,34.783681],[137.363464,34.783611],[137.363498,34.783558],[137.363523,34.783505],[137.363595,34.783426],[137.363733,34.78332],[137.363802,34.78328],[137.363852,34.783254],[137.363276,34.783175],[137.359865,34.782654]]]}},{"type":"Feature","id":"232010780","properties":{"KEY_CODE":"232010780","PREF":"23","CITY":"201","S_AREA":"078000","PREF_NAME":"愛知県","CITY_NAME":"豊橋市","S_NAME":"瓦町","HCODE":8101,"AREA":65793.871,"KIGO_E":"","JINKO":436,"SETAI":178,"X_CODE":137.408763,"Y_CODE":34.760548},"geometry":{"type":"Polygon","coordinates":[[[137.408152,34.762309],[137.408429,34.762137],[137.408465,34.762178],[137.408604,34.762118],[137.408585,34.762089],[137.408644,34.762041],[137.408627,34.762015],[137.408695,34.761972],[137.408883,34.761992],[137.409012,34.761898],[137.409074,34.761847],[137.408952,34.761709],[137.409024,34.761659],[137.408938,34.761549],[137.409131,34.761419],[137.409145,34.761411],[137.409324,34.761632],[137.409586,34.761502],[137.409463,34.761298],[137.409603,34.761241],[137.409716,34.761453],[137.409998,34.761354],[137.409887,34.761125],[137.410226,34.760982],[137.41044,34.760891],[137.410233,34.760559],[137.410128,34.760377],[137.410037,34.76023],[137.410024,34.760179],[137.410044,34.760165],[137.40995,34.76],[137.409851,34.759872],[137.409843,34.759856],[137.409638,34.759543],[137.409734,34.759498],[137.409535,34.759169],[137.409492,34.759091],[137.409473,34.759071],[137.409438,34.759032],[137.409295,34.758903],[137.409381,34.758825],[137.409341,34.758781],[137.409213,34.758722],[137.409211,34.758677],[137.409182,34.75861],[137.409183,34.758556],[137.409118,34.758519],[137.409099,34.758499],[137.408939,34.758443],[137.408852,34.758555],[137.408841,34.758567],[137.408705,34.758714],[137.408088,34.759548],[137.40823,34.759636],[137.408191,34.759681],[137.408054,34.759595],[137.407869,34.759844],[137.408168,34.760041],[137.407625,34.760661],[137.407349,34.760968],[137.406968,34.761407],[137.407682,34.761817],[137.407705,34.76184],[137.408152,34.762309]]]}},{"type":"Feature","id":"23201079001","properties":{"KEY_CODE":"23201079001","PREF":"23","CITY":"201","S_AREA":"079001","PREF_NAME":"愛知県","CITY_NAME":"豊橋市","S_NAME":"瓦町通一丁目","HCODE":8101,"AREA":42669.458,"KIGO_E":"","JINKO":178,"SETAI":77,"X_CODE":137.405685,"Y_CODE":34.761364},"geometry":{"type":"Polygon","coordinates":[[[137.406535,34.761504],[137.406582,34.761449],[137.406621,34.761472],[137.406622,34.761473],[137.406808,34.761578],[137.406968,34.761407],[137.406798,34.761019],[137.406771,34.760945],[137.406672,34.76068],[137.406539,34.760317],[137.406288,34.759625],[137.406202,34.759767],[137.405822,34.760256],[137.405138,34.761058],[137.404693,34.760802],[137.404108,34.76155],[137.404125,34.76157],[137.404413,34.76185],[137.404472,34.761908],[137.404871,34.762143],[137.40555,34.76262],[137.405598,34.762657],[137.405719,34.762751],[137.405804,34.7627],[137.406243,34.762198],[137.406522,34.761897],[137.406754,34.761636],[137.406568,34.761526],[137.406569,34.761524],[137.406535,34.761504]]]}},{"type":"Feature","id":"23201079002","properties":{"KEY_CODE":"23201079002","PREF":"23","CITY":"201","S_AREA":"079002","PREF_NAME":"愛知県","CITY_NAME":"豊橋市","S_NAME":"瓦町通二丁目","HCODE":8101,"AREA":53788.861,"KIGO_E":"","JINKO":327,"SETAI":118,"X_CODE":137.407591,"Y_CODE":34.759196},"geometry":{"type":"Polygon","coordinates":[[[137.407869,34.759844],[137.408054,34.759595],[137.408191,34.759681],[137.40823,34.759636],[137.408088,34.759548],[137.408705,34.758714],[137.408841,34.758567],[137.408852,34.758555],[137.408939,34.758443],[137.409221,34.758107],[137.408757,34.75791],[137.408259,34.757611],[137.407842,34.757345],[137.407643,34.757223],[137.407448,34.757496],[137.407619,34.757592],[137.407293,34.758036],[137.407144,34.758187],[137.407335,34.758304],[137.407174,34.758492],[137.406943,34.758751],[137.407018,34.758798],[137.406951,34.758872],[137.406787,34.759053],[137.4066,34.759265],[137.406378,34.759516],[137.406288,34.759625],[137.406539,34.760317],[137.406672,34.76068],[137.406771,34.760945],[137.406798,34.761019],[137.406968,34.761407],[137.407349,34.760968],[137.407625,34.760661],[137.408168,34.760041],[137.407869,34.759844]]]}},{"type":"Feature","id":"23201081001","properties":{"KEY_CODE":"23201081001","PREF":"23","CITY":"201","S_AREA":"081001","PREF_NAME":"愛知県","CITY_NAME":"豊橋市","S_NAME":"北岩田一丁目","HCODE":8101,"AREA":59979.41,"KIGO_E":"","JINKO":312,"SETAI":131,"X_CODE":137.434042,"Y_CODE":34.761351},"geometry":{"type":"Polygon","coordinates":[[[137.435869,34.760582],[137.435553,34.759483],[137.434546,34.759548],[137.434709,34.760096],[137.434571,34.760123],[137.434575,34.760138],[137.434792,34.760898],[137.433852,34.761169],[137.432901,34.761438],[137.432445,34.76157],[137.432457,34.761594],[137.43114,34.761942],[137.431218,34.762008],[137.431257,34.762061],[137.43135,34.762282],[137.431416,34.762723],[137.43163,34.762657],[137.431743,34.762632],[137.431866,34.76261],[137.431983,34.762586],[137.432066,34.762572],[137.432183,34.762548],[137.432721,34.762447],[137.433148,34.762403],[137.433268,34.762379],[137.434191,34.762151],[137.434664,34.762025],[137.434776,34.761988],[137.436014,34.761397],[137.436084,34.761364],[137.435871,34.760586],[137.435869,34.760582]]]}},{"type":"Feature","id":"23201081002","properties":{"KEY_CODE":"23201081002","PREF":"23","CITY":"201","S_AREA":"081002","PREF_NAME":"愛知県","CITY_NAME":"豊橋市","S_NAME":"北岩田二丁目","HCODE":8101,"AREA":84766.881,"KIGO_E":"","JINKO":667,"SETAI":225,"X_CODE":137.437956,"Y_CODE":34.759552},"geometry":{"type":"Polygon","coordinates":[[[137.441181,34.758367],[137.440969,34.75805],[137.439523,34.758641],[137.439505,34.758648],[137.438003,34.758788],[137.436245,34.758939],[137.435413,34.759006],[137.435423,34.759041],[137.435553,34.759483],[137.435869,34.760582],[137.435871,34.760586],[137.436084,34.761364],[137.43622,34.761301],[137.436342,34.761223],[137.438274,34.760288],[137.438303,34.760274],[137.438916,34.759985],[137.439745,34.759578],[137.440026,34.759466],[137.440658,34.759174],[137.440989,34.758997],[137.441098,34.758944],[137.44127,34.758865],[137.441266,34.758842],[137.441224,34.758593],[137.441198,34.758441],[137.441181,34.758367]]]}},{"type":"Feature","id":"232010830","properties":{"KEY_CODE":"232010830","PREF":"23","CITY":"201","S_AREA":"083000","PREF_NAME":"愛知県","CITY_NAME":"豊橋市","S_NAME":"北丘町","HCODE":8101,"AREA":1971.781,"KIGO_E":"","JINKO":17,"SETAI":5,"X_CODE":137.385653,"Y_CODE":34.745052},"geometry":{"type":"Polygon","coordinates":[[[137.385456,34.74546],[137.38565,34.745455],[137.385633,34.745234],[137.38571,34.745231],[137.385889,34.74512],[137.385713,34.744586],[137.385569,34.744765],[137.385546,34.744941],[137.385505,34.745097],[137.385483,34.745237],[137.385456,34.74546]]]}},{"type":"Feature","id":"232010840","properties":{"KEY_CODE":"232010840","PREF":"23","CITY":"201","S_AREA":"084000","PREF_NAME":"愛知県","CITY_NAME":"豊橋市","S_NAME":"北側町","HCODE":8101,"AREA":15027.758,"KIGO_E":"","JINKO":102,"SETAI":36,"X_CODE":137.374229,"Y_CODE":34.764591},"geometry":{"type":"Polygon","coordinates":[[[137.37542,34.7651],[137.375547,34.764619],[137.37498,34.764458],[137.375058,34.764285],[137.375077,34.76424],[137.374899,34.764189],[137.374888,34.764187],[137.374869,34.764236],[137.374798,34.764407],[137.374257,34.764245],[137.374185,34.764235],[137.373782,34.764242],[137.37379,34.764173],[137.37315,34.764122],[137.373134,34.764304],[137.373085,34.764821],[137.374052,34.764929],[137.374278,34.764842],[137.374748,34.764892],[137.37542,34.7651]]]}},{"type":"Feature","id":"232010850","properties":{"KEY_CODE":"232010850","PREF":"23","CITY":"201","S_AREA":"085000","PREF_NAME":"愛知県","CITY_NAME":"豊橋市","S_NAME":"北島町","HCODE":8101,"AREA":455413.397,"KIGO_E":"","JINKO":2038,"SETAI":915,"X_CODE":137.376883,"Y_CODE":34.775731},"geometry":{"type":"Polygon","coordinates":[[[137.373457,34.779571],[137.373467,34.779571],[137.37354,34.779572],[137.37363,34.779563],[137.373738,34.779557],[137.373889,34.779537],[137.373954,34.779531],[137.374871,34.779444],[137.375166,34.779416],[137.375467,34.779365],[137.375572,34.779347],[137.376296,34.779221],[137.376556,34.779166],[137.376627,34.77914],[137.376672,34.779127],[137.376763,34.779093],[137.376854,34.779048],[137.376937,34.779003],[137.377004,34.778961],[137.377061,34.778922],[137.377106,34.778891],[137.377214,34.778816],[137.377853,34.778404],[137.377999,34.778311],[137.37979,34.777167],[137.379794,34.777165],[137.379838,34.777137],[137.380713,34.776576],[137.380948,34.776425],[137.381011,34.776381],[137.380274,34.775757],[137.380414,34.775646],[137.380378,34.775339],[137.380333,34.775236],[137.380306,34.775163],[137.380243,34.775043],[137.38021,34.775049],[137.380202,34.775023],[137.379956,34.774364],[137.379797,34.774409],[137.37969,34.774137],[137.379469,34.774196],[137.379357,34.773937],[137.379476,34.773904],[137.379462,34.773865],[137.379442,34.773805],[137.379427,34.773616],[137.379853,34.773594],[137.37985,34.773542],[137.379868,34.773529],[137.380375,34.773304],[137.380576,34.773145],[137.380763,34.773088],[137.380906,34.773029],[137.380975,34.77299],[137.381266,34.772899],[137.381306,34.772873],[137.381533,34.772692],[137.381993,34.772327],[137.382401,34.772115],[137.382608,34.772049],[137.382563,34.771887],[137.382595,34.771789],[137.3826,34.771753],[137.382594,34.771486],[137.382597,34.771441],[137.382599,34.771387],[137.382314,34.771393],[137.381647,34.771629],[137.380738,34.771812],[137.380474,34.771857],[137.3798,34.772016],[137.379519,34.772005],[137.379028,34.772002],[137.37861,34.772],[137.377348,34.771996],[137.376744,34.77202],[137.376243,34.772013],[137.376192,34.772089],[137.375927,34.772489],[137.375559,34.773068],[137.375215,34.773573],[137.37512,34.773705],[137.373519,34.776217],[137.373236,34.776663],[137.373203,34.776715],[137.371446,34.779516],[137.372226,34.77951],[137.372624,34.779545],[137.372865,34.779568],[137.373138,34.779579],[137.373335,34.779582],[137.373457,34.779571]]]}},{"type":"Feature","id":"232010860","properties":{"KEY_CODE":"232010860","PREF":"23","CITY":"201","S_AREA":"086000","PREF_NAME":"愛知県","CITY_NAME":"豊橋市","S_NAME":"北山町","HCODE":8101,"AREA":336279.308,"KIGO_E":"","JINKO":2872,"SETAI":1229,"X_CODE":137.390837,"Y_CODE":34.735919},"geometry":{"type":"Polygon","coordinates":[[[137.397437,34.738243],[137.398111,34.737883],[137.399016,34.73738],[137.399478,34.737482],[137.399513,34.73749],[137.400531,34.736724],[137.400738,34.736566],[137.40035,34.73625],[137.400137,34.736323],[137.400003,34.736354],[137.399871,34.736369],[137.399752,34.736365],[137.399658,34.736342],[137.399589,34.736311],[137.399538,34.736269],[137.399497,34.736208],[137.399474,34.736126],[137.399478,34.736026],[137.399536,34.735819],[137.399389,34.735506],[137.399262,34.735295],[137.399241,34.73537],[137.399001,34.735749],[137.398803,34.736202],[137.398623,34.736513],[137.398149,34.736209],[137.397792,34.735978],[137.396987,34.735463],[137.397443,34.734832],[137.397896,34.734151],[137.397954,34.734046],[137.398956,34.732416],[137.398905,34.73238],[137.398899,34.732378],[137.398662,34.732282],[137.398278,34.732148],[137.39779,34.731984],[137.397615,34.73192],[137.397515,34.731873],[137.397123,34.731694],[137.396962,34.731628],[137.395988,34.731462],[137.396146,34.732542],[137.396196,34.732849],[137.396237,34.733118],[137.396353,34.73386],[137.396423,34.734342],[137.396651,34.735857],[137.396587,34.735947],[137.396115,34.736529],[137.395922,34.736748],[137.395656,34.737058],[137.395442,34.737305],[137.395343,34.737415],[137.394312,34.737375],[137.393932,34.737365],[137.393886,34.737364],[137.392872,34.737323],[137.392315,34.737299],[137.392251,34.737297],[137.391873,34.737282],[137.391914,34.737013],[137.391589,34.737018],[137.391579,34.736644],[137.392103,34.736618],[137.39209,34.736371],[137.39206,34.735878],[137.392016,34.735331],[137.39201,34.735126],[137.390989,34.735169],[137.389896,34.735212],[137.389889,34.735162],[137.389659,34.735176],[137.389717,34.735695],[137.389674,34.735695],[137.389679,34.735828],[137.389609,34.735832],[137.389614,34.736008],[137.38951,34.736008],[137.389529,34.73618],[137.389529,34.736184],[137.389572,34.736179],[137.389605,34.736176],[137.389605,34.736178],[137.38961,34.736473],[137.38947,34.736482],[137.388851,34.736503],[137.388845,34.736749],[137.388864,34.737125],[137.388874,34.737677],[137.388909,34.738551],[137.388951,34.739271],[137.389059,34.739268],[137.389124,34.739268],[137.3895,34.739186],[137.389866,34.73918],[137.390188,34.739179],[137.390755,34.739164],[137.390756,34.738956],[137.390851,34.738945],[137.391253,34.738994],[137.391254,34.738795],[137.39161,34.738794],[137.391608,34.738761],[137.39161,34.738721],[137.39166,34.738382],[137.391668,34.73833],[137.391752,34.737992],[137.392326,34.737912],[137.392683,34.738003],[137.392796,34.738022],[137.392924,34.738041],[137.393087,34.738065],[137.393087,34.738065],[137.393131,34.738069],[137.393173,34.738075],[137.393255,34.738081],[137.393525,34.738106],[137.393649,34.738119],[137.393766,34.738136],[137.393815,34.738138],[137.39385,34.73814],[137.393894,34.738142],[137.394058,34.738152],[137.394135,34.738154],[137.394143,34.738155],[137.394147,34.738154],[137.394222,34.738156],[137.394272,34.738151],[137.394369,34.738148],[137.394399,34.73834],[137.394423,34.738542],[137.394006,34.739028],[137.393974,34.739077],[137.393857,34.739852],[137.393772,34.740342],[137.394073,34.740219],[137.394428,34.740079],[137.394545,34.740044],[137.394841,34.739987],[137.395423,34.739876],[137.395612,34.739841],[137.396554,34.739337],[137.396613,34.739301],[137.396914,34.739139],[137.397304,34.738444],[137.397437,34.738243]]]}},{"type":"Feature","id":"232010870","properties":{"KEY_CODE":"232010870","PREF":"23","CITY":"201","S_AREA":"087000","PREF_NAME":"愛知県","CITY_NAME":"豊橋市","S_NAME":"絹田町","HCODE":8101,"AREA":49159.782,"KIGO_E":"","JINKO":401,"SETAI":167,"X_CODE":137.379365,"Y_CODE":34.768737},"geometry":{"type":"Polygon","coordinates":[[[137.380403,34.769981],[137.380373,34.769324],[137.3804,34.768957],[137.380489,34.768127],[137.380516,34.767746],[137.380372,34.767676],[137.380116,34.767563],[137.380011,34.767751],[137.379809,34.767682],[137.379927,34.767474],[137.379252,34.767179],[137.378922,34.767719],[137.378714,34.768059],[137.378693,34.768094],[137.378147,34.76884],[137.377737,34.769503],[137.377666,34.769617],[137.37777,34.769626],[137.378185,34.769659],[137.379463,34.76975],[137.379375,34.769935],[137.379571,34.769932],[137.37958,34.76976],[137.379926,34.769779],[137.379916,34.769973],[137.380403,34.769981]]]}},{"type":"Feature","id":"232010880","properties":{"KEY_CODE":"232010880","PREF":"23","CITY":"201","S_AREA":"088000","PREF_NAME":"愛知県","CITY_NAME":"豊橋市","S_NAME":"清須町","HCODE":8101,"AREA":1059724.666,"KIGO_E":"","JINKO":574,"SETAI":205,"X_CODE":137.352396,"Y_CODE":34.781407},"geometry":{"type":"Polygon","coordinates":[[[137.357105,34.782934],[137.356928,34.782619],[137.356637,34.782726],[137.356582,34.782684],[137.356427,34.782564],[137.356282,34.78245],[137.356186,34.78237],[137.356073,34.78228],[137.355963,34.782163],[137.355854,34.781987],[137.355827,34.781845],[137.355832,34.781654],[137.355852,34.781551],[137.356001,34.781558],[137.356286,34.781604],[137.356243,34.781458],[137.356201,34.781313],[137.35619,34.781217],[137.356205,34.781065],[137.356216,34.780891],[137.356212,34.78082],[137.356204,34.780626],[137.356144,34.780427],[137.356127,34.780356],[137.35612,34.780102],[137.356098,34.780005],[137.355854,34.779858],[137.35563,34.779727],[137.355406,34.779565],[137.355386,34.779497],[137.355406,34.779423],[137.355465,34.779352],[137.355555,34.779299],[137.355638,34.779267],[137.355659,34.77904],[137.35569,34.778844],[137.355804,34.778718],[137.355983,34.778446],[137.355999,34.778374],[137.355931,34.778271],[137.355823,34.778087],[137.3557,34.777909],[137.355556,34.777685],[137.355335,34.777204],[137.355217,34.777245],[137.355173,34.777152],[137.354882,34.777248],[137.35491,34.777158],[137.354977,34.775598],[137.354171,34.775579],[137.353387,34.775524],[137.353001,34.775526],[137.352726,34.775529],[137.352551,34.775534],[137.347424,34.775648],[137.346456,34.775671],[137.346456,34.775745],[137.346452,34.775822],[137.346324,34.776911],[137.346244,34.777615],[137.346299,34.777792],[137.346226,34.777859],[137.34618,34.777901],[137.346097,34.777992],[137.346023,34.778066],[137.345989,34.778164],[137.345969,34.778253],[137.345965,34.778372],[137.345952,34.778514],[137.345943,34.778706],[137.345932,34.778894],[137.345925,34.779111],[137.345933,34.779368],[137.345962,34.779602],[137.345997,34.779814],[137.346045,34.779932],[137.346208,34.780224],[137.346049,34.780463],[137.346227,34.780578],[137.346394,34.780688],[137.346566,34.780884],[137.34756,34.78188],[137.347884,34.782325],[137.348183,34.782737],[137.348827,34.783074],[137.349014,34.783171],[137.348595,34.78374],[137.348916,34.783916],[137.349136,34.784144],[137.349335,34.784346],[137.34961,34.784579],[137.349836,34.784781],[137.350073,34.784955],[137.350396,34.785226],[137.350525,34.785322],[137.350795,34.785524],[137.351222,34.785773],[137.351541,34.78593],[137.351996,34.786124],[137.352446,34.786278],[137.352917,34.78645],[137.353367,34.786631],[137.353951,34.786917],[137.354444,34.787067],[137.354823,34.787242],[137.355066,34.787417],[137.355358,34.787592],[137.355687,34.787839],[137.356042,34.788119],[137.356427,34.78829],[137.356708,34.788411],[137.356721,34.788418],[137.356806,34.788467],[137.356995,34.788576],[137.357248,34.788769],[137.35754,34.788903],[137.357876,34.78902],[137.358196,34.789127],[137.358428,34.789226],[137.358467,34.789243],[137.359244,34.78805],[137.359206,34.787802],[137.359163,34.787598],[137.359109,34.787245],[137.359057,34.786925],[137.359015,34.786813],[137.358967,34.786775],[137.358881,34.786724],[137.358784,34.786671],[137.358725,34.786611],[137.358686,34.786495],[137.358593,34.786237],[137.358506,34.785998],[137.358424,34.785769],[137.35836,34.785514],[137.358303,34.785342],[137.358208,34.785122],[137.358064,34.784798],[137.358001,34.784604],[137.357931,34.784426],[137.357882,34.784376],[137.357724,34.78429],[137.35765,34.784228],[137.357574,34.784151],[137.357562,34.784073],[137.35758,34.783941],[137.357572,34.783848],[137.357525,34.783753],[137.357453,34.783628],[137.357405,34.783374],[137.357392,34.783307],[137.357349,34.783183],[137.357217,34.783052],[137.357105,34.782934]]]}},{"type":"Feature","id":"232010890","properties":{"KEY_CODE":"232010890","PREF":"23","CITY":"201","S_AREA":"089000","PREF_NAME":"愛知県","CITY_NAME":"豊橋市","S_NAME":"草間町","HCODE":8101,"AREA":726281.911,"KIGO_E":"","JINKO":4818,"SETAI":2214,"X_CODE":137.379417,"Y_CODE":34.733402},"geometry":{"type":"Polygon","coordinates":[[[137.382301,34.737075],[137.382117,34.736908],[137.381958,34.737033],[137.381745,34.736844],[137.381919,34.73671],[137.381899,34.736692],[137.381452,34.7363],[137.38145,34.73624],[137.382961,34.73608],[137.382901,34.735608],[137.38284,34.735109],[137.38278,34.734659],[137.382722,34.734196],[137.382596,34.733469],[137.383179,34.733362],[137.383095,34.733],[137.383864,34.732792],[137.384653,34.732578],[137.384682,34.73257],[137.383545,34.730228],[137.38318,34.729651],[137.382893,34.729235],[137.382025,34.727988],[137.381203,34.728569],[137.381191,34.728577],[137.379665,34.72888],[137.379467,34.728616],[137.378688,34.728781],[137.378503,34.728848],[137.378301,34.728922],[137.37834,34.72897],[137.37839,34.729012],[137.37874,34.729285],[137.378903,34.729546],[137.379027,34.729887],[137.378957,34.729962],[137.378798,34.730132],[137.378765,34.730157],[137.378745,34.730184],[137.378726,34.730251],[137.378907,34.730296],[137.379143,34.730357],[137.379301,34.730384],[137.379438,34.730398],[137.379834,34.730453],[137.380003,34.730483],[137.379982,34.730549],[137.379953,34.730568],[137.379916,34.730575],[137.379493,34.730611],[137.379453,34.730624],[137.3794,34.730653],[137.378655,34.731283],[137.378476,34.731205],[137.377989,34.730995],[137.37793,34.730959],[137.377895,34.730924],[137.377868,34.730883],[137.377839,34.730819],[137.377654,34.730758],[137.377525,34.730738],[137.37742,34.730734],[137.377354,34.730748],[137.376987,34.730881],[137.376913,34.730898],[137.376787,34.730401],[137.376764,34.730361],[137.376708,34.730307],[137.376657,34.730282],[137.376322,34.730185],[137.376253,34.730168],[137.376192,34.73015],[137.376089,34.730122],[137.376051,34.730114],[137.375999,34.730101],[137.375733,34.730035],[137.375813,34.729612],[137.375998,34.729662],[137.376114,34.729528],[137.375853,34.729333],[137.375866,34.72918],[137.375878,34.72913],[137.375896,34.729086],[137.375927,34.729018],[137.375935,34.729001],[137.376012,34.728868],[137.376046,34.728831],[137.375554,34.728515],[137.375232,34.728397],[137.375027,34.728349],[137.374881,34.728601],[137.374694,34.728654],[137.374573,34.728766],[137.374562,34.729041],[137.374495,34.729562],[137.374494,34.729569],[137.374595,34.729636],[137.374677,34.729681],[137.374781,34.729737],[137.374854,34.729773],[137.37499,34.729835],[137.374957,34.729891],[137.374806,34.730113],[137.374749,34.730173],[137.374184,34.730593],[137.373556,34.731053],[137.374658,34.732074],[137.374544,34.732163],[137.374072,34.732497],[137.374827,34.733202],[137.374111,34.733736],[137.374371,34.733965],[137.374812,34.734363],[137.374988,34.73453],[137.375662,34.735132],[137.376399,34.735798],[137.376765,34.736119],[137.377807,34.73706],[137.378008,34.737241],[137.378354,34.737544],[137.379014,34.738134],[137.379765,34.738807],[137.37997,34.738989],[137.381044,34.73995],[137.381063,34.739935],[137.383455,34.738107],[137.382746,34.737486],[137.382301,34.737075]]]}},{"type":"Feature","id":"232010900","properties":{"KEY_CODE":"232010900","PREF":"23","CITY":"201","S_AREA":"090000","PREF_NAME":"愛知県","CITY_NAME":"豊橋市","S_NAME":"下条西町","HCODE":8101,"AREA":1664753.21,"KIGO_E":"","JINKO":634,"SETAI":203,"X_CODE":137.410592,"Y_CODE":34.799395},"geometry":{"type":"Polygon","coordinates":[[[137.420561,34.80699],[137.420628,34.806949],[137.420635,34.80695],[137.420094,34.80681],[137.420003,34.806759],[137.419809,34.806664],[137.419639,34.806598],[137.419379,34.806517],[137.419134,34.80646],[137.418819,34.806393],[137.41855,34.80634],[137.418421,34.806317],[137.417997,34.806238],[137.417652,34.806181],[137.416416,34.806134],[137.416193,34.805782],[137.415149,34.804027],[137.415065,34.803947],[137.414077,34.803128],[137.414454,34.802833],[137.413333,34.800993],[137.412934,34.800357],[137.412911,34.800323],[137.413261,34.800181],[137.413074,34.799889],[137.412833,34.8],[137.412646,34.79966],[137.412499,34.799385],[137.412845,34.799263],[137.413252,34.799121],[137.413654,34.798912],[137.41396,34.798686],[137.414182,34.798465],[137.414573,34.797876],[137.415093,34.797669],[137.414806,34.7972],[137.418072,34.79583],[137.417348,34.794991],[137.414984,34.792048],[137.413873,34.789631],[137.413888,34.789489],[137.412432,34.790035],[137.411515,34.79037],[137.409874,34.790981],[137.409696,34.79079],[137.409566,34.790651],[137.409489,34.790569],[137.40947,34.790549],[137.409127,34.791194],[137.408852,34.791713],[137.408664,34.792187],[137.40854,34.792694],[137.408375,34.79302],[137.408172,34.793313],[137.408113,34.793409],[137.405818,34.795966],[137.405597,34.796213],[137.405257,34.796634],[137.404762,34.797111],[137.40398,34.797936],[137.403915,34.798067],[137.403859,34.798168],[137.403732,34.79837],[137.403673,34.798491],[137.403624,34.79858],[137.403395,34.799059],[137.403363,34.799125],[137.40299,34.800024],[137.402827,34.800434],[137.402805,34.800515],[137.402756,34.80064],[137.402588,34.801152],[137.402468,34.801824],[137.402432,34.802277],[137.402561,34.802817],[137.402607,34.802918],[137.402774,34.803158],[137.402864,34.803302],[137.402974,34.80343],[137.403209,34.803704],[137.403651,34.803987],[137.403777,34.804043],[137.404366,34.804302],[137.404852,34.804401],[137.404991,34.804429],[137.405738,34.804698],[137.406782,34.805126],[137.407715,34.805384],[137.408198,34.805567],[137.408515,34.805662],[137.40912,34.805843],[137.409611,34.805966],[137.409976,34.806057],[137.410468,34.806095],[137.410862,34.806158],[137.411436,34.806336],[137.411653,34.806412],[137.412258,34.806666],[137.413192,34.807005],[137.414851,34.807716],[137.415139,34.807843],[137.417034,34.808863],[137.417424,34.809094],[137.417834,34.808297],[137.420179,34.807201],[137.420445,34.807061],[137.420561,34.80699]]]}},{"type":"Feature","id":"232010910","properties":{"KEY_CODE":"232010910","PREF":"23","CITY":"201","S_AREA":"091000","PREF_NAME":"愛知県","CITY_NAME":"豊橋市","S_NAME":"下条東町","HCODE":8101,"AREA":1991673.924,"KIGO_E":"","JINKO":764,"SETAI":245,"X_CODE":137.420722,"Y_CODE":34.798712},"geometry":{"type":"Polygon","coordinates":[[[137.425588,34.805298],[137.425763,34.8052],[137.425905,34.805364],[137.426623,34.806236],[137.42677,34.806149],[137.427126,34.805951],[137.427279,34.806135],[137.427514,34.806393],[137.427729,34.806269],[137.428493,34.805836],[137.428574,34.805933],[137.428624,34.805993],[137.428768,34.805919],[137.431527,34.804563],[137.431322,34.804373],[137.431131,34.804178],[137.431017,34.80404],[137.430784,34.803757],[137.430642,34.803586],[137.430482,34.803387],[137.430345,34.803255],[137.430239,34.80316],[137.430184,34.803113],[137.430028,34.802995],[137.429867,34.802893],[137.429592,34.802751],[137.429249,34.802614],[137.429008,34.802522],[137.428778,34.802442],[137.428617,34.802384],[137.428457,34.802337],[137.428131,34.802263],[137.42779,34.80221],[137.4272,34.802071],[137.427074,34.802021],[137.426614,34.801794],[137.426432,34.801673],[137.426276,34.801511],[137.426155,34.80123],[137.426128,34.801018],[137.426093,34.800704],[137.426079,34.800602],[137.426067,34.800519],[137.426027,34.800255],[137.425937,34.799566],[137.425887,34.799234],[137.425808,34.799093],[137.425699,34.798973],[137.425431,34.798779],[137.425128,34.798555],[137.424913,34.798408],[137.424759,34.798304],[137.424601,34.798224],[137.424428,34.798142],[137.424291,34.798092],[137.424181,34.798064],[137.424055,34.79803],[137.423981,34.798009],[137.423914,34.79799],[137.423362,34.797097],[137.423628,34.796982],[137.424556,34.796608],[137.424747,34.796851],[137.424896,34.796944],[137.425044,34.79703],[137.425204,34.79706],[137.425406,34.797088],[137.425677,34.79705],[137.425908,34.79701],[137.426078,34.796947],[137.426283,34.796912],[137.426385,34.796927],[137.426358,34.796991],[137.426443,34.797391],[137.426488,34.797516],[137.426521,34.797606],[137.426548,34.797684],[137.426635,34.797794],[137.4267,34.797863],[137.42679,34.797919],[137.426928,34.797975],[137.427022,34.798014],[137.427151,34.798072],[137.427267,34.798135],[137.427376,34.798209],[137.42743,34.798257],[137.42749,34.798318],[137.427636,34.79827],[137.427682,34.798359],[137.427887,34.798365],[137.427925,34.798358],[137.428,34.798333],[137.428095,34.798295],[137.428228,34.798264],[137.428442,34.798237],[137.428857,34.798228],[137.429043,34.798212],[137.429294,34.798174],[137.429461,34.798147],[137.429447,34.797894],[137.429307,34.797121],[137.429294,34.797043],[137.429273,34.796974],[137.429121,34.797024],[137.42886,34.797054],[137.428453,34.797054],[137.42822,34.797038],[137.428036,34.797051],[137.428033,34.796982],[137.427984,34.79666],[137.427902,34.796225],[137.427893,34.795885],[137.427905,34.795506],[137.427895,34.795289],[137.427903,34.795124],[137.425924,34.795393],[137.424555,34.79558],[137.42453,34.795649],[137.424493,34.795584],[137.424433,34.79551],[137.424092,34.79494],[137.423282,34.793668],[137.423822,34.793435],[137.423296,34.792596],[137.423244,34.792512],[137.423242,34.792507],[137.423613,34.792353],[137.4236,34.792326],[137.421935,34.789614],[137.419613,34.790592],[137.41796,34.787827],[137.417654,34.78725],[137.417226,34.786986],[137.413965,34.788353],[137.413921,34.789363],[137.413888,34.789489],[137.413873,34.789631],[137.414984,34.792048],[137.417348,34.794991],[137.418072,34.79583],[137.414806,34.7972],[137.415093,34.797669],[137.414573,34.797876],[137.414182,34.798465],[137.41396,34.798686],[137.413654,34.798912],[137.413252,34.799121],[137.412845,34.799263],[137.412499,34.799385],[137.412646,34.79966],[137.412833,34.8],[137.413074,34.799889],[137.413261,34.800181],[137.412911,34.800323],[137.412934,34.800357],[137.413333,34.800993],[137.414454,34.802833],[137.414077,34.803128],[137.415065,34.803947],[137.415149,34.804027],[137.416193,34.805782],[137.416416,34.806134],[137.417652,34.806181],[137.417997,34.806238],[137.418421,34.806317],[137.41855,34.80634],[137.418819,34.806393],[137.419134,34.80646],[137.419379,34.806517],[137.419639,34.806598],[137.419809,34.806664],[137.420003,34.806759],[137.420094,34.80681],[137.420635,34.80695],[137.422632,34.806982],[137.422894,34.806882],[137.425357,34.806153],[137.425225,34.805509],[137.425332,34.805453],[137.425411,34.805396],[137.425588,34.805298]]]}},{"type":"Feature","id":"232010920","properties":{"KEY_CODE":"232010920","PREF":"23","CITY":"201","S_AREA":"092000","PREF_NAME":"愛知県","CITY_NAME":"豊橋市","S_NAME":"小池町","HCODE":8101,"AREA":220658.087,"KIGO_E":"","JINKO":1130,"SETAI":569,"X_CODE":137.389152,"Y_CODE":34.749139},"geometry":{"type":"Polygon","coordinates":[[[137.387885,34.751464],[137.387909,34.751461],[137.387949,34.751463],[137.387991,34.751469],[137.388234,34.751192],[137.38832,34.751086],[137.388469,34.751367],[137.388792,34.751813],[137.389281,34.751541],[137.389442,34.751519],[137.389609,34.751498],[137.389958,34.751424],[137.38977,34.750749],[137.389919,34.750795],[137.389987,34.750806],[137.390104,34.750802],[137.390167,34.750792],[137.390614,34.750667],[137.390734,34.750645],[137.390781,34.750648],[137.390979,34.750462],[137.3915,34.749963],[137.392186,34.749287],[137.392432,34.749053],[137.393011,34.748502],[137.393413,34.748135],[137.394001,34.747582],[137.393164,34.747624],[137.39292,34.747641],[137.392449,34.747666],[137.392423,34.747667],[137.392411,34.747667],[137.392393,34.747668],[137.392286,34.747664],[137.391966,34.747665],[137.391872,34.747665],[137.391509,34.747663],[137.391467,34.747662],[137.391361,34.74776],[137.391018,34.74775],[137.391038,34.747643],[137.390339,34.747631],[137.390306,34.747631],[137.38987,34.747621],[137.389568,34.747617],[137.388524,34.747589],[137.387435,34.747541],[137.387377,34.747198],[137.38726,34.747205],[137.387233,34.747127],[137.386993,34.747169],[137.386931,34.747064],[137.386912,34.747008],[137.386868,34.746781],[137.38685,34.74676],[137.386826,34.746749],[137.386616,34.747204],[137.38615,34.74706],[137.386129,34.746931],[137.385869,34.746953],[137.385842,34.746907],[137.385742,34.746605],[137.385667,34.746594],[137.385407,34.746542],[137.385447,34.746908],[137.385463,34.746976],[137.385494,34.747056],[137.385534,34.747131],[137.385643,34.747363],[137.385685,34.747433],[137.385767,34.747551],[137.385864,34.748295],[137.385873,34.748437],[137.386136,34.748534],[137.386657,34.749137],[137.38673,34.749258],[137.38685,34.749408],[137.387097,34.74948],[137.387258,34.749923],[137.386772,34.750199],[137.387127,34.751001],[137.387167,34.751102],[137.387003,34.751104],[137.386969,34.75111],[137.386676,34.751112],[137.386659,34.751233],[137.386631,34.751333],[137.386583,34.751428],[137.386545,34.751498],[137.386719,34.751507],[137.387596,34.751895],[137.387647,34.751891],[137.387919,34.751886],[137.387817,34.751475],[137.387885,34.751464]]]}},{"type":"Feature","id":"232010930","properties":{"KEY_CODE":"232010930","PREF":"23","CITY":"201","S_AREA":"093000","PREF_NAME":"愛知県","CITY_NAME":"豊橋市","S_NAME":"小島町","HCODE":8101,"AREA":418954.904,"KIGO_E":"E2","JINKO":0,"SETAI":0,"X_CODE":137.442424,"Y_CODE":34.704329},"geometry":{"type":"Polygon","coordinates":[[[137.439202,34.707211],[137.439379,34.706989],[137.440496,34.707008],[137.441636,34.707019],[137.442481,34.707062],[137.44353,34.707062],[137.44433,34.707187],[137.44507,34.707323],[137.445726,34.70746],[137.445718,34.707237],[137.445684,34.707161],[137.445877,34.706291],[137.446311,34.705744],[137.446485,34.705474],[137.446574,34.705223],[137.446604,34.704813],[137.446715,34.704563],[137.44689,34.704345],[137.447019,34.704171],[137.447222,34.703971],[137.447302,34.703888],[137.447463,34.703679],[137.447169,34.703835],[137.446682,34.704039],[137.446428,34.704112],[137.446142,34.704203],[137.445364,34.704306],[137.444874,34.704258],[137.444409,34.70415],[137.443789,34.703895],[137.443375,34.703703],[137.443161,34.703668],[137.442719,34.703807],[137.442534,34.703914],[137.441932,34.70414],[137.441536,34.704297],[137.441448,34.704917],[137.441416,34.705127],[137.44136,34.705261],[137.441011,34.705517],[137.440898,34.705611],[137.440781,34.705818],[137.440141,34.705764],[137.440097,34.705664],[137.440106,34.705482],[137.44014,34.705279],[137.440183,34.705175],[137.44026,34.705085],[137.440549,34.704905],[137.440625,34.704774],[137.440711,34.70443],[137.44087,34.704172],[137.44099,34.70405],[137.441226,34.70384],[137.441509,34.703681],[137.441855,34.703615],[137.442246,34.703553],[137.442689,34.703287],[137.442915,34.70318],[137.443275,34.703041],[137.443655,34.702944],[137.444061,34.702927],[137.444562,34.702919],[137.445362,34.702737],[137.445979,34.702723],[137.446483,34.702702],[137.446913,34.702408],[137.446908,34.702219],[137.446955,34.702113],[137.447002,34.702058],[137.447243,34.701894],[137.447564,34.701737],[137.447774,34.701612],[137.447947,34.701487],[137.448085,34.701372],[137.448265,34.701171],[137.448353,34.701048],[137.448416,34.700771],[137.448466,34.700595],[137.448714,34.700384],[137.448911,34.700207],[137.44837,34.699664],[137.44821,34.699783],[137.448041,34.700018],[137.447935,34.700215],[137.447805,34.700513],[137.447555,34.700901],[137.44736,34.701153],[137.447213,34.701231],[137.447009,34.701276],[137.446848,34.701297],[137.446813,34.701139],[137.44671,34.700816],[137.446697,34.700686],[137.446908,34.700235],[137.44694,34.700114],[137.44693,34.699961],[137.446873,34.69982],[137.446602,34.699473],[137.446291,34.69964],[137.446392,34.699757],[137.446465,34.699998],[137.446491,34.700198],[137.446485,34.70038],[137.446437,34.700555],[137.446301,34.701382],[137.44584,34.701671],[137.445588,34.701674],[137.445241,34.701744],[137.444848,34.701833],[137.444641,34.701937],[137.444473,34.70203],[137.444369,34.701939],[137.444268,34.701898],[137.443856,34.701816],[137.443749,34.701808],[137.443562,34.701854],[137.443307,34.701912],[137.443044,34.701935],[137.442828,34.701984],[137.442658,34.702055],[137.442532,34.702131],[137.442303,34.702297],[137.441806,34.702544],[137.441611,34.702596],[137.441463,34.70261],[137.441384,34.702592],[137.441346,34.702545],[137.44134,34.702467],[137.441401,34.702331],[137.441583,34.70213],[137.442463,34.701571],[137.443127,34.701108],[137.443217,34.700864],[137.443298,34.700646],[137.443187,34.700279],[137.442937,34.700675],[137.44275,34.700962],[137.442486,34.701201],[137.441834,34.701622],[137.441507,34.701836],[137.441394,34.701841],[137.4413,34.701815],[137.441259,34.701774],[137.441207,34.701785],[137.441147,34.701778],[137.440935,34.701722],[137.441119,34.701257],[137.441294,34.700906],[137.441375,34.700849],[137.441407,34.700726],[137.441367,34.700517],[137.441385,34.700406],[137.441665,34.699874],[137.441708,34.69972],[137.441787,34.699205],[137.441758,34.699166],[137.441692,34.699153],[137.441633,34.699187],[137.441461,34.699448],[137.441207,34.699879],[137.440812,34.70058],[137.440747,34.700659],[137.440618,34.700633],[137.44051,34.700609],[137.440425,34.700583],[137.440333,34.700511],[137.440267,34.700428],[137.440226,34.700321],[137.440192,34.700146],[137.440191,34.699881],[137.440104,34.699807],[137.439878,34.699709],[137.439746,34.699681],[137.439657,34.699691],[137.439793,34.699967],[137.43982,34.700079],[137.439805,34.700321],[137.439844,34.700436],[137.440008,34.700629],[137.440136,34.700752],[137.440205,34.700847],[137.44027,34.701032],[137.440217,34.701126],[137.440221,34.701231],[137.440267,34.701622],[137.440188,34.702229],[137.44019,34.702566],[137.440065,34.702911],[137.440005,34.703116],[137.439963,34.703195],[137.439906,34.703251],[137.439821,34.703281],[137.439676,34.703266],[137.439477,34.703205],[137.439363,34.703129],[137.439266,34.702997],[137.439129,34.702718],[137.439004,34.702542],[137.438897,34.702483],[137.438446,34.702326],[137.438129,34.702198],[137.437887,34.70204],[137.437809,34.702011],[137.437717,34.70202],[137.437674,34.702073],[137.43774,34.702206],[137.437826,34.702279],[137.437972,34.702373],[137.437993,34.70249],[137.438073,34.702553],[137.438386,34.702634],[137.438642,34.702713],[137.438731,34.702768],[137.438778,34.702839],[137.438837,34.702972],[137.438937,34.703206],[137.439025,34.703601],[137.438987,34.703826],[137.438814,34.704349],[137.439163,34.704454],[137.43927,34.704536],[137.439334,34.704638],[137.439235,34.704976],[137.439144,34.705216],[137.438545,34.704979],[137.438395,34.704932],[137.438118,34.704906],[137.437433,34.704846],[137.437331,34.705067],[137.437308,34.705147],[137.437674,34.705249],[137.437738,34.705299],[137.437823,34.705413],[137.437859,34.705562],[137.43786,34.706212],[137.437831,34.706271],[137.437725,34.706288],[137.437505,34.706315],[137.437327,34.70633],[137.437171,34.706304],[137.437,34.706243],[137.436981,34.706303],[137.436936,34.706553],[137.437124,34.706587],[137.437234,34.706637],[137.437309,34.706713],[137.437341,34.706789],[137.437348,34.707263],[137.437506,34.707779],[137.437649,34.707931],[137.437834,34.708159],[137.438118,34.708504],[137.438208,34.708621],[137.438345,34.708922],[137.438336,34.708608],[137.438393,34.707711],[137.43897,34.707613],[137.439103,34.707359],[137.439202,34.707211]]]}},{"type":"Feature","id":"232010930","properties":{"KEY_CODE":"232010930","PREF":"23","CITY":"201","S_AREA":"093000","PREF_NAME":"愛知県","CITY_NAME":"豊橋市","S_NAME":"小島町","HCODE":8101,"AREA":3874879.116,"KIGO_E":"E1","JINKO":845,"SETAI":261,"X_CODE":137.446257,"Y_CODE":34.682422},"geometry":{"type":"Polygon","coordinates":[[[137.442732,34.696901],[137.442829,34.696744],[137.443,34.696543],[137.443911,34.696823],[137.444107,34.696859],[137.444256,34.69687],[137.445063,34.696821],[137.445552,34.69679],[137.44566,34.696765],[137.445693,34.696717],[137.445706,34.696669],[137.445681,34.696594],[137.44564,34.696517],[137.445562,34.696471],[137.445413,34.696442],[137.445333,34.696387],[137.445269,34.696308],[137.445227,34.696269],[137.445172,34.696237],[137.444979,34.696336],[137.444665,34.69648],[137.444506,34.696543],[137.444363,34.696559],[137.444282,34.696541],[137.444134,34.696429],[137.44401,34.696326],[137.443932,34.696224],[137.443883,34.696066],[137.44388,34.695888],[137.443909,34.695832],[137.444176,34.695719],[137.444438,34.695596],[137.444933,34.695288],[137.445223,34.695094],[137.445642,34.694776],[137.445792,34.694697],[137.446527,34.694348],[137.446891,34.694172],[137.447018,34.694091],[137.447214,34.693905],[137.447386,34.693689],[137.447816,34.692877],[137.448047,34.692431],[137.448133,34.692299],[137.448259,34.692203],[137.44851,34.69209],[137.448812,34.691963],[137.448998,34.692191],[137.449092,34.692414],[137.449397,34.693456],[137.449592,34.693213],[137.450045,34.692545],[137.45023,34.692303],[137.450704,34.691864],[137.451224,34.691442],[137.451407,34.691257],[137.451536,34.690979],[137.451608,34.690735],[137.451656,34.690252],[137.451744,34.689955],[137.451958,34.689637],[137.452016,34.689505],[137.45191,34.689295],[137.451871,34.689137],[137.451801,34.688793],[137.451851,34.687348],[137.45181,34.686602],[137.452049,34.68505],[137.451921,34.685023],[137.451937,34.684879],[137.452072,34.684891],[137.452115,34.684714],[137.451908,34.684688],[137.451655,34.684627],[137.451777,34.68407],[137.451927,34.683734],[137.451966,34.683217],[137.452001,34.682206],[137.452049,34.682089],[137.452268,34.681803],[137.452951,34.680968],[137.453333,34.680486],[137.453665,34.68],[137.453911,34.679866],[137.454198,34.679691],[137.454513,34.679567],[137.454589,34.679527],[137.454649,34.679383],[137.454717,34.679129],[137.454725,34.678952],[137.454868,34.678813],[137.455031,34.678784],[137.455173,34.678737],[137.455278,34.678683],[137.455374,34.678553],[137.455471,34.678459],[137.45558,34.678389],[137.455697,34.678338],[137.455917,34.678226],[137.455973,34.678152],[137.456001,34.678012],[137.456055,34.677777],[137.45624,34.677509],[137.456304,34.677255],[137.45636,34.677118],[137.45643,34.677059],[137.456822,34.676845],[137.456862,34.676758],[137.456964,34.676489],[137.457012,34.676281],[137.457019,34.676131],[137.456974,34.676001],[137.456828,34.675804],[137.456759,34.675667],[137.456734,34.675534],[137.456748,34.675382],[137.456796,34.675288],[137.456864,34.675208],[137.457002,34.675101],[137.457044,34.675042],[137.457019,34.674979],[137.456853,34.674809],[137.456646,34.674636],[137.456543,34.674557],[137.45647,34.674504],[137.45636,34.674267],[137.456172,34.67378],[137.456329,34.67364],[137.456585,34.673466],[137.457005,34.673292],[137.45715,34.673188],[137.457215,34.673092],[137.45733,34.672858],[137.457462,34.672721],[137.457827,34.672471],[137.457966,34.67233],[137.45803,34.672232],[137.458067,34.672074],[137.458103,34.671844],[137.458123,34.671605],[137.458144,34.671475],[137.458138,34.671061],[137.458208,34.67025],[137.458317,34.670237],[137.458304,34.670215],[137.458293,34.670207],[137.45826,34.670183],[137.458233,34.670175],[137.457965,34.670153],[137.457766,34.670123],[137.457676,34.670106],[137.457638,34.670098],[137.457603,34.67009],[137.457508,34.670058],[137.457425,34.670039],[137.457407,34.670037],[137.457077,34.669983],[137.457066,34.669982],[137.457046,34.669975],[137.456704,34.669864],[137.456578,34.669829],[137.456524,34.669817],[137.456469,34.669815],[137.456369,34.669818],[137.456275,34.669816],[137.456266,34.669814],[137.456227,34.66981],[137.456074,34.669788],[137.455808,34.669739],[137.455524,34.669709],[137.455453,34.669695],[137.455443,34.669694],[137.455368,34.669684],[137.45503,34.669672],[137.454805,34.669644],[137.454759,34.669636],[137.454717,34.669623],[137.454677,34.669615],[137.454246,34.669556],[137.453677,34.669459],[137.453494,34.669412],[137.453386,34.669389],[137.453184,34.669353],[137.452692,34.669265],[137.452531,34.669252],[137.452384,34.669229],[137.452349,34.669221],[137.451846,34.669097],[137.451392,34.668969],[137.451237,34.668914],[137.451166,34.668887],[137.451133,34.668875],[137.450941,34.66883],[137.450553,34.668755],[137.450509,34.668748],[137.450448,34.668745],[137.450394,34.668744],[137.450129,34.668749],[137.449474,34.668763],[137.449352,34.668758],[137.449005,34.668722],[137.44873,34.668687],[137.448602,34.668672],[137.448516,34.668661],[137.44848,34.668654],[137.448349,34.668629],[137.448183,34.668603],[137.448108,34.668595],[137.447998,34.668575],[137.447603,34.668519],[137.447505,34.668507],[137.44748,34.668502],[137.447447,34.668493],[137.447411,34.668479],[137.447354,34.66846],[137.447319,34.668448],[137.447262,34.668433],[137.447227,34.668429],[137.447175,34.668432],[137.447135,34.668435],[137.447084,34.668441],[137.447036,34.668442],[137.446922,34.66843],[137.446351,34.668357],[137.446279,34.668355],[137.446201,34.668357],[137.446143,34.668357],[137.446078,34.668348],[137.445978,34.668335],[137.445889,34.668336],[137.445816,34.668347],[137.445643,34.668345],[137.445627,34.668333],[137.445531,34.668312],[137.44547,34.668302],[137.445398,34.668306],[137.445347,34.66831],[137.445295,34.668305],[137.445253,34.668296],[137.445205,34.668289],[137.445165,34.668287],[137.445113,34.668289],[137.445072,34.668283],[137.445009,34.668267],[137.44495,34.66826],[137.44489,34.668263],[137.444814,34.668278],[137.444773,34.66828],[137.444743,34.668278],[137.444671,34.668257],[137.444374,34.668217],[137.444333,34.668211],[137.44427,34.668196],[137.444228,34.668193],[137.444217,34.668193],[137.4442,34.668192],[137.444127,34.668175],[137.443983,34.668153],[137.443932,34.66815],[137.443908,34.668149],[137.443884,34.668144],[137.443829,34.668127],[137.44359,34.669516],[137.443544,34.669648],[137.443494,34.669742],[137.443047,34.670586],[137.442949,34.67059],[137.442859,34.670608],[137.442869,34.671032],[137.442736,34.671257],[137.4427,34.67132],[137.442632,34.671424],[137.44247,34.671614],[137.442312,34.671831],[137.442187,34.672052],[137.442063,34.672292],[137.441939,34.672612],[137.441846,34.672868],[137.44179,34.673089],[137.441789,34.673627],[137.441325,34.674549],[137.441264,34.674711],[137.440941,34.674639],[137.440644,34.674606],[137.440671,34.674724],[137.440801,34.674987],[137.440975,34.675097],[137.440848,34.67525],[137.440719,34.675418],[137.440628,34.676344],[137.440564,34.67674],[137.440559,34.677377],[137.440595,34.677496],[137.440815,34.677814],[137.441067,34.678113],[137.441039,34.678202],[137.440866,34.678441],[137.440952,34.678725],[137.441171,34.679347],[137.441237,34.679544],[137.441212,34.680029],[137.441206,34.680231],[137.441256,34.680554],[137.44163,34.681866],[137.441678,34.682374],[137.441685,34.683142],[137.441724,34.68332],[137.441915,34.683706],[137.441337,34.683683],[137.441081,34.683681],[137.440999,34.683851],[137.440909,34.68396],[137.440386,34.684421],[137.439941,34.684786],[137.4395,34.685187],[137.439099,34.685605],[137.43899,34.685781],[137.438943,34.686174],[137.438938,34.686581],[137.438899,34.686653],[137.438538,34.687116],[137.438086,34.68752],[137.437866,34.687779],[137.4377,34.687914],[137.437523,34.688022],[137.437317,34.688127],[137.437158,34.688188],[137.437002,34.688213],[137.43675,34.688227],[137.436411,34.688238],[137.436228,34.688272],[137.436055,34.688324],[137.435882,34.688401],[137.435619,34.688629],[137.435684,34.689003],[137.435906,34.689873],[137.436096,34.690629],[137.436141,34.690724],[137.436197,34.69078],[137.436385,34.690914],[137.436459,34.690991],[137.436496,34.691042],[137.436504,34.691153],[137.436423,34.691319],[137.436346,34.691495],[137.43593,34.691986],[137.435779,34.692216],[137.435723,34.692347],[137.4357,34.692633],[137.435621,34.69291],[137.43545,34.69299],[137.435314,34.692997],[137.43517,34.693017],[137.435053,34.6931],[137.434932,34.693509],[137.43459,34.694709],[137.434674,34.694815],[137.434715,34.694919],[137.434737,34.695028],[137.434748,34.695206],[137.434819,34.695308],[137.435065,34.695536],[137.435288,34.695749],[137.43544,34.695894],[137.435513,34.696027],[137.435614,34.696347],[137.435691,34.696413],[137.435904,34.696514],[137.436476,34.696729],[137.436647,34.696748],[137.436963,34.696762],[137.437473,34.696796],[137.437942,34.697642],[137.438116,34.697635],[137.438428,34.697614],[137.438845,34.697727],[137.439808,34.697726],[137.439941,34.697686],[137.440043,34.697619],[137.440353,34.697373],[137.440455,34.697328],[137.440577,34.697286],[137.440759,34.697238],[137.440934,34.69723],[137.44115,34.697273],[137.441277,34.697318],[137.441385,34.69745],[137.44144,34.697479],[137.441506,34.697466],[137.441553,34.697429],[137.441589,34.697376],[137.441579,34.697275],[137.441478,34.696965],[137.441495,34.696913],[137.441616,34.696835],[137.441688,34.696816],[137.441751,34.696841],[137.441853,34.696979],[137.441961,34.697084],[137.442069,34.697152],[137.442143,34.69719],[137.442254,34.697254],[137.442354,34.697352],[137.442434,34.697457],[137.442427,34.697517],[137.442411,34.697583],[137.442384,34.697709],[137.442379,34.697789],[137.44242,34.697832],[137.442462,34.697852],[137.442622,34.697877],[137.443022,34.697885],[137.443575,34.69789],[137.4437,34.697871],[137.443757,34.697849],[137.443841,34.697812],[137.443978,34.697776],[137.443976,34.697742],[137.443921,34.697718],[137.443681,34.697692],[137.443347,34.697668],[137.443226,34.69762],[137.443096,34.697518],[137.442918,34.697329],[137.442738,34.696994],[137.442732,34.696901]]]}},{"type":"Feature","id":"232010940","properties":{"KEY_CODE":"232010940","PREF":"23","CITY":"201","S_AREA":"094000","PREF_NAME":"愛知県","CITY_NAME":"豊橋市","S_NAME":"小畷町","HCODE":8101,"AREA":117721.355,"KIGO_E":"","JINKO":539,"SETAI":276,"X_CODE":137.396202,"Y_CODE":34.758629},"geometry":{"type":"Polygon","coordinates":[[[137.398482,34.758457],[137.398765,34.758215],[137.398553,34.758043],[137.398352,34.758217],[137.39823,34.758091],[137.398333,34.757994],[137.398176,34.757825],[137.398058,34.757896],[137.39792,34.757989],[137.397798,34.757874],[137.397933,34.757775],[137.397773,34.75766],[137.397797,34.757632],[137.397631,34.7575],[137.397463,34.757663],[137.397402,34.757534],[137.397303,34.757473],[137.39725,34.757376],[137.397227,34.757295],[137.397217,34.757248],[137.397212,34.757182],[137.39711,34.75711],[137.397084,34.757124],[137.397064,34.757157],[137.397045,34.7572],[137.396967,34.757139],[137.396915,34.757175],[137.396815,34.757097],[137.396743,34.75717],[137.396568,34.757048],[137.396508,34.756962],[137.396275,34.756637],[137.396017,34.75679],[137.395894,34.75686],[137.395887,34.756864],[137.395517,34.757075],[137.395244,34.757231],[137.39505,34.757352],[137.394927,34.757205],[137.394722,34.757318],[137.394648,34.757227],[137.394364,34.757396],[137.394607,34.75768],[137.393599,34.758286],[137.393932,34.758657],[137.393945,34.75867],[137.394292,34.75908],[137.395011,34.759907],[137.395024,34.759923],[137.395372,34.760333],[137.395742,34.760759],[137.397244,34.759865],[137.397985,34.75942],[137.398127,34.75933],[137.39869,34.759005],[137.398877,34.758885],[137.398775,34.758769],[137.398778,34.758769],[137.398628,34.758601],[137.398482,34.758457]]]}},{"type":"Feature","id":"232010950","properties":{"KEY_CODE":"232010950","PREF":"23","CITY":"201","S_AREA":"095000","PREF_NAME":"愛知県","CITY_NAME":"豊橋市","S_NAME":"小浜町","HCODE":8101,"AREA":121650.533,"KIGO_E":"","JINKO":644,"SETAI":271,"X_CODE":137.367877,"Y_CODE":34.739649},"geometry":{"type":"Polygon","coordinates":[[[137.369261,34.740614],[137.37047,34.740544],[137.370571,34.740549],[137.370662,34.740562],[137.370748,34.740574],[137.370753,34.74055],[137.370761,34.740515],[137.371071,34.739823],[137.370963,34.739797],[137.370508,34.739642],[137.370507,34.739593],[137.370494,34.739552],[137.370282,34.739158],[137.370261,34.739094],[137.370261,34.739092],[137.370149,34.73883],[137.369771,34.738638],[137.369702,34.738585],[137.369576,34.73847],[137.369022,34.738259],[137.368906,34.738164],[137.368593,34.738048],[137.368492,34.738025],[137.368362,34.738024],[137.368254,34.738046],[137.367927,34.738187],[137.367366,34.738285],[137.367233,34.738315],[137.367119,34.738354],[137.366512,34.738612],[137.366471,34.738639],[137.366426,34.73868],[137.365761,34.739254],[137.36535,34.739604],[137.36533,34.739746],[137.365287,34.739793],[137.365144,34.739899],[137.365113,34.739911],[137.36495,34.739956],[137.364894,34.739979],[137.364843,34.740009],[137.364743,34.740094],[137.364738,34.740226],[137.364728,34.740276],[137.364659,34.740471],[137.364643,34.740493],[137.364576,34.740544],[137.364761,34.740688],[137.365125,34.740989],[137.365159,34.741022],[137.365294,34.74096],[137.365393,34.740927],[137.365647,34.74086],[137.365809,34.740832],[137.366106,34.74081],[137.366527,34.740784],[137.367397,34.740737],[137.36826,34.74068],[137.369261,34.740614]]]}},{"type":"Feature","id":"232010960","properties":{"KEY_CODE":"232010960","PREF":"23","CITY":"201","S_AREA":"096000","PREF_NAME":"愛知県","CITY_NAME":"豊橋市","S_NAME":"駒形町","HCODE":8101,"AREA":722060.63,"KIGO_E":"","JINKO":665,"SETAI":229,"X_CODE":137.365234,"Y_CODE":34.727597},"geometry":{"type":"Polygon","coordinates":[[[137.365598,34.730504],[137.365638,34.729486],[137.365878,34.729956],[137.365997,34.730082],[137.366389,34.73018],[137.366388,34.730046],[137.366686,34.729997],[137.368624,34.731039],[137.368619,34.731045],[137.369655,34.731616],[137.370533,34.730529],[137.370012,34.73005],[137.369948,34.729985],[137.369911,34.729948],[137.369805,34.729889],[137.36962,34.729779],[137.369508,34.729729],[137.368888,34.729489],[137.368904,34.729463],[137.36905,34.729242],[137.368906,34.728981],[137.368901,34.728777],[137.368946,34.728546],[137.368794,34.728505],[137.368854,34.728319],[137.369025,34.728301],[137.369123,34.728284],[137.369196,34.728282],[137.369437,34.728256],[137.369413,34.728142],[137.369411,34.728134],[137.369376,34.728128],[137.369339,34.728122],[137.369282,34.728119],[137.369229,34.728101],[137.369154,34.728078],[137.369089,34.728049],[137.368955,34.72799],[137.368864,34.727926],[137.368773,34.727846],[137.368295,34.727317],[137.369172,34.72678],[137.369161,34.726746],[137.369031,34.72657],[137.368781,34.726291],[137.368713,34.726218],[137.368498,34.725911],[137.368294,34.725584],[137.368285,34.725536],[137.368305,34.725486],[137.368324,34.725459],[137.368453,34.725399],[137.368712,34.725296],[137.368862,34.72526],[137.36925,34.725223],[137.370051,34.725204],[137.370025,34.725122],[137.370001,34.725081],[137.369967,34.725043],[137.369416,34.724651],[137.368483,34.724016],[137.368476,34.724022],[137.363196,34.720456],[137.361504,34.721005],[137.362322,34.722848],[137.362469,34.723059],[137.362608,34.723259],[137.36373,34.726673],[137.362886,34.726859],[137.362873,34.726983],[137.361785,34.726541],[137.361974,34.727289],[137.359679,34.727604],[137.359649,34.727909],[137.35971,34.72791],[137.3614,34.728965],[137.361675,34.729259],[137.362092,34.729755],[137.362925,34.730738],[137.363302,34.731251],[137.36355,34.731662],[137.363544,34.731701],[137.362711,34.732097],[137.362674,34.732144],[137.36266,34.732185],[137.362662,34.732235],[137.363778,34.734053],[137.363834,34.734115],[137.363903,34.734169],[137.364087,34.73426],[137.364134,34.734302],[137.364372,34.734835],[137.364671,34.735723],[137.366159,34.735268],[137.366238,34.734709],[137.366062,34.73233],[137.365756,34.731125],[137.365598,34.730504]]]}},{"type":"Feature","id":"232010970","properties":{"KEY_CODE":"232010970","PREF":"23","CITY":"201","S_AREA":"097000","PREF_NAME":"愛知県","CITY_NAME":"豊橋市","S_NAME":"小松町","HCODE":8101,"AREA":235836.412,"KIGO_E":"","JINKO":1460,"SETAI":672,"X_CODE":137.391648,"Y_CODE":34.741036},"geometry":{"type":"Polygon","coordinates":[[[137.392953,34.743867],[137.392944,34.743766],[137.393219,34.743594],[137.393219,34.743589],[137.393395,34.742467],[137.393436,34.742318],[137.393437,34.742306],[137.393553,34.741514],[137.393642,34.74104],[137.393772,34.740342],[137.393857,34.739852],[137.393974,34.739077],[137.394006,34.739028],[137.394423,34.738542],[137.394399,34.73834],[137.394369,34.738148],[137.394272,34.738151],[137.394222,34.738156],[137.394147,34.738154],[137.394143,34.738155],[137.394135,34.738154],[137.394058,34.738152],[137.393894,34.738142],[137.39385,34.73814],[137.393815,34.738138],[137.393766,34.738136],[137.393649,34.738119],[137.393525,34.738106],[137.393255,34.738081],[137.393173,34.738075],[137.393131,34.738069],[137.393087,34.738065],[137.393087,34.738065],[137.392924,34.738041],[137.392796,34.738022],[137.392683,34.738003],[137.392326,34.737912],[137.391752,34.737992],[137.391668,34.73833],[137.39166,34.738382],[137.39161,34.738721],[137.391608,34.738761],[137.39161,34.738794],[137.391254,34.738795],[137.391253,34.738994],[137.391252,34.739076],[137.390863,34.739155],[137.390755,34.739164],[137.390188,34.739179],[137.389866,34.73918],[137.3895,34.739186],[137.389124,34.739268],[137.389059,34.739268],[137.389078,34.739593],[137.389084,34.739887],[137.389094,34.740111],[137.389123,34.740433],[137.389137,34.740773],[137.389194,34.740781],[137.389211,34.741167],[137.389238,34.74161],[137.389271,34.742289],[137.389337,34.743288],[137.39042,34.743038],[137.390422,34.74306],[137.390432,34.743058],[137.390469,34.743512],[137.390506,34.743868],[137.391253,34.743844],[137.391255,34.743859],[137.39127,34.743998],[137.391305,34.744206],[137.39135,34.744385],[137.391365,34.744385],[137.392251,34.744355],[137.392227,34.744251],[137.392224,34.744153],[137.392953,34.743867]]]}},{"type":"Feature","id":"232010980","properties":{"KEY_CODE":"232010980","PREF":"23","CITY":"201","S_AREA":"098000","PREF_NAME":"愛知県","CITY_NAME":"豊橋市","S_NAME":"小松原町","HCODE":8101,"AREA":1709998.176,"KIGO_E":"","JINKO":349,"SETAI":78,"X_CODE":137.437289,"Y_CODE":34.677947},"geometry":{"type":"Polygon","coordinates":[[[137.434932,34.693509],[137.435053,34.6931],[137.43517,34.693017],[137.435314,34.692997],[137.43545,34.69299],[137.435621,34.69291],[137.4357,34.692633],[137.435723,34.692347],[137.435779,34.692216],[137.43593,34.691986],[137.436346,34.691495],[137.436423,34.691319],[137.436504,34.691153],[137.436496,34.691042],[137.436459,34.690991],[137.436385,34.690914],[137.436197,34.69078],[137.436141,34.690724],[137.436096,34.690629],[137.435906,34.689873],[137.435684,34.689003],[137.435619,34.688629],[137.435882,34.688401],[137.436055,34.688324],[137.436228,34.688272],[137.436411,34.688238],[137.43675,34.688227],[137.437002,34.688213],[137.437158,34.688188],[137.437317,34.688127],[137.437523,34.688022],[137.4377,34.687914],[137.437866,34.687779],[137.438086,34.68752],[137.438538,34.687116],[137.438899,34.686653],[137.438938,34.686581],[137.438943,34.686174],[137.43899,34.685781],[137.439099,34.685605],[137.4395,34.685187],[137.439941,34.684786],[137.440386,34.684421],[137.440909,34.68396],[137.440999,34.683851],[137.441081,34.683681],[137.441337,34.683683],[137.441915,34.683706],[137.441724,34.68332],[137.441685,34.683142],[137.441678,34.682374],[137.44163,34.681866],[137.441256,34.680554],[137.441206,34.680231],[137.441212,34.680029],[137.441237,34.679544],[137.441171,34.679347],[137.440952,34.678725],[137.440866,34.678441],[137.441039,34.678202],[137.441067,34.678113],[137.440815,34.677814],[137.440595,34.677496],[137.440559,34.677377],[137.440564,34.67674],[137.440628,34.676344],[137.440719,34.675418],[137.440848,34.67525],[137.440975,34.675097],[137.440801,34.674987],[137.440671,34.674724],[137.440644,34.674606],[137.440941,34.674639],[137.441264,34.674711],[137.441325,34.674549],[137.441789,34.673627],[137.44179,34.673089],[137.441846,34.672868],[137.441939,34.672612],[137.442063,34.672292],[137.442187,34.672052],[137.442312,34.671831],[137.44247,34.671614],[137.442632,34.671424],[137.4427,34.67132],[137.442736,34.671257],[137.442869,34.671032],[137.442859,34.670608],[137.442949,34.67059],[137.443047,34.670586],[137.443494,34.669742],[137.443544,34.669648],[137.44359,34.669516],[137.443829,34.668127],[137.443716,34.668103],[137.443482,34.668062],[137.443351,34.668038],[137.443229,34.668008],[137.443145,34.667996],[137.443095,34.667996],[137.443048,34.667993],[137.442992,34.667984],[137.442898,34.667968],[137.442813,34.667964],[137.442728,34.667972],[137.442706,34.667972],[137.442679,34.66797],[137.442631,34.667956],[137.44258,34.66794],[137.442561,34.667937],[137.442543,34.667937],[137.44249,34.667947],[137.442453,34.667949],[137.442432,34.667947],[137.442394,34.667939],[137.442306,34.667915],[137.442281,34.66791],[137.442181,34.667889],[137.44206,34.667874],[137.441995,34.667868],[137.441942,34.667858],[137.441801,34.667828],[137.441496,34.667784],[137.441398,34.667756],[137.441282,34.667743],[137.441093,34.667702],[137.441033,34.6677],[137.440987,34.66769],[137.440869,34.667649],[137.440859,34.667648],[137.440818,34.667641],[137.440773,34.66764],[137.440723,34.667634],[137.440688,34.667623],[137.440523,34.66755],[137.440513,34.667548],[137.440495,34.667543],[137.440475,34.667536],[137.440429,34.667532],[137.440392,34.667522],[137.44032,34.667489],[137.440253,34.667468],[137.440241,34.667468],[137.440181,34.667456],[137.439876,34.667358],[137.43982,34.667354],[137.439695,34.667295],[137.439004,34.66715],[137.438777,34.667098],[137.438683,34.667085],[137.438558,34.667078],[137.438527,34.667072],[137.438469,34.667052],[137.438304,34.667035],[137.438241,34.66702],[137.438095,34.667014],[137.437976,34.666995],[137.437889,34.667],[137.437859,34.667],[137.43777,34.666971],[137.4377,34.666977],[137.437672,34.666969],[137.437637,34.666942],[137.437603,34.666927],[137.437552,34.666922],[137.437542,34.666924],[137.437488,34.666924],[137.43746,34.66692],[137.437435,34.666916],[137.437425,34.666912],[137.436934,34.666839],[137.436794,34.66681],[137.436429,34.668207],[137.43634,34.668557],[137.436103,34.668836],[137.435974,34.668977],[137.435858,34.66907],[137.435513,34.669744],[137.435512,34.669838],[137.435639,34.670355],[137.434543,34.670563],[137.434105,34.670704],[137.434037,34.670727],[137.433928,34.670736],[137.433775,34.670722],[137.433628,34.670651],[137.433364,34.670578],[137.433057,34.670481],[137.432722,34.670441],[137.432427,34.670505],[137.432123,34.670563],[137.431801,34.670612],[137.431658,34.670739],[137.431594,34.6709],[137.43151,34.671077],[137.431476,34.671255],[137.431545,34.671404],[137.432128,34.671719],[137.432336,34.671883],[137.432524,34.67202],[137.432524,34.672049],[137.432502,34.672086],[137.43242,34.67212],[137.432288,34.672171],[137.432179,34.672357],[137.432098,34.672445],[137.431931,34.672823],[137.43189,34.673015],[137.431889,34.673123],[137.431916,34.673191],[137.431958,34.673255],[137.432039,34.673314],[137.432003,34.673618],[137.432033,34.67407],[137.432135,34.674341],[137.43221,34.67445],[137.432278,34.674501],[137.432363,34.674512],[137.432401,34.674689],[137.432422,34.674759],[137.432467,34.674832],[137.432909,34.675249],[137.432953,34.675271],[137.433011,34.675283],[137.433342,34.674968],[137.433447,34.674886],[137.43355,34.674875],[137.433754,34.674903],[137.433856,34.674953],[137.433875,34.67503],[137.433872,34.675224],[137.433851,34.675416],[137.433633,34.675349],[137.433464,34.675315],[137.433318,34.675327],[137.433216,34.675409],[137.433141,34.675502],[137.432909,34.675824],[137.432905,34.676044],[137.433027,34.676032],[137.43307,34.676027],[137.433181,34.676106],[137.433236,34.676197],[137.433263,34.676266],[137.433338,34.676457],[137.433385,34.67647],[137.433422,34.67649],[137.433721,34.676811],[137.434032,34.67707],[137.433695,34.677212],[137.433451,34.677471],[137.433322,34.677755],[137.43374,34.678488],[137.432229,34.67919],[137.432809,34.68008],[137.432466,34.680452],[137.432427,34.68058],[137.432451,34.680681],[137.432506,34.680895],[137.432432,34.68091],[137.432038,34.680993],[137.432189,34.681824],[137.432646,34.681876],[137.432707,34.681941],[137.432829,34.682203],[137.432984,34.682625],[137.433105,34.682843],[137.433255,34.683052],[137.433313,34.683133],[137.4337,34.683313],[137.434057,34.683498],[137.434233,34.683616],[137.434356,34.683728],[137.434488,34.683849],[137.434545,34.683967],[137.434568,34.685324],[137.436176,34.685338],[137.436007,34.686119],[137.435505,34.687137],[137.435305,34.687581],[137.435288,34.687682],[137.435331,34.68803],[137.43537,34.688211],[137.435347,34.688427],[137.43516,34.689181],[137.435013,34.689457],[137.434635,34.689837],[137.434506,34.690052],[137.434483,34.690135],[137.434721,34.69018],[137.43466,34.690414],[137.434407,34.690375],[137.434345,34.690597],[137.434339,34.690794],[137.434501,34.6912],[137.434636,34.691419],[137.434779,34.69164],[137.434878,34.691845],[137.434908,34.692102],[137.434866,34.692291],[137.4347,34.692726],[137.435015,34.692798],[137.43489,34.693111],[137.434586,34.693047],[137.434513,34.693222],[137.434299,34.693739],[137.433968,34.694348],[137.433898,34.694688],[137.433725,34.695796],[137.433709,34.696192],[137.433674,34.696463],[137.433602,34.696706],[137.433495,34.697003],[137.433838,34.697226],[137.434044,34.697324],[137.434151,34.697343],[137.436326,34.697553],[137.437164,34.69763],[137.437835,34.697693],[137.437942,34.697642],[137.437473,34.696796],[137.436963,34.696762],[137.436647,34.696748],[137.436476,34.696729],[137.435904,34.696514],[137.435691,34.696413],[137.435614,34.696347],[137.435513,34.696027],[137.43544,34.695894],[137.435288,34.695749],[137.435065,34.695536],[137.434819,34.695308],[137.434748,34.695206],[137.434737,34.695028],[137.434715,34.694919],[137.434674,34.694815],[137.43459,34.694709],[137.434932,34.693509]]]}},{"type":"Feature","id":"232010990","properties":{"KEY_CODE":"232010990","PREF":"23","CITY":"201","S_AREA":"099000","PREF_NAME":"愛知県","CITY_NAME":"豊橋市","S_NAME":"小向町","HCODE":8101,"AREA":445174.502,"KIGO_E":"","JINKO":1999,"SETAI":858,"X_CODE":137.357228,"Y_CODE":34.76574},"geometry":{"type":"Polygon","coordinates":[[[137.365653,34.770237],[137.365834,34.769488],[137.365991,34.768746],[137.366153,34.76805],[137.366202,34.76786],[137.364269,34.767547],[137.362976,34.767346],[137.361756,34.767157],[137.358933,34.766713],[137.359129,34.765826],[137.359171,34.765649],[137.359232,34.765394],[137.359294,34.765132],[137.359477,34.764363],[137.359487,34.764245],[137.35949,34.764219],[137.359561,34.764079],[137.359851,34.763591],[137.360078,34.763211],[137.360855,34.762223],[137.360808,34.762212],[137.36065,34.762156],[137.360397,34.762065],[137.360325,34.762032],[137.360197,34.761972],[137.359983,34.761878],[137.35914,34.761433],[137.358886,34.761275],[137.358821,34.761525],[137.358678,34.762059],[137.358678,34.76206],[137.358532,34.762607],[137.358313,34.763485],[137.358131,34.764028],[137.356587,34.76331],[137.356345,34.763197],[137.354818,34.762479],[137.354004,34.762097],[137.353853,34.762011],[137.353939,34.762562],[137.354046,34.762916],[137.35457,34.763882],[137.355082,34.764776],[137.355552,34.765553],[137.353574,34.767079],[137.355318,34.768647],[137.355828,34.769106],[137.356499,34.768474],[137.356496,34.768382],[137.356603,34.768279],[137.356651,34.768035],[137.356879,34.767296],[137.356928,34.767384],[137.356977,34.76747],[137.35702,34.767547],[137.357082,34.767631],[137.357163,34.767714],[137.357231,34.767762],[137.357365,34.767892],[137.357557,34.768056],[137.357653,34.768135],[137.357715,34.768215],[137.357774,34.768325],[137.357846,34.768527],[137.357903,34.768555],[137.358019,34.768569],[137.358158,34.768582],[137.358313,34.768607],[137.358505,34.768639],[137.358835,34.768697],[137.359226,34.768774],[137.359249,34.76878],[137.35945,34.768827],[137.359595,34.76887],[137.359714,34.76891],[137.359842,34.768947],[137.359914,34.768967],[137.360053,34.769016],[137.360131,34.769037],[137.360215,34.769064],[137.36036,34.769109],[137.360462,34.769149],[137.360542,34.769175],[137.360628,34.769202],[137.36074,34.76924],[137.360909,34.769314],[137.36114,34.769407],[137.361264,34.769441],[137.361451,34.769463],[137.361535,34.769494],[137.361657,34.769543],[137.361807,34.769602],[137.362007,34.769641],[137.362233,34.769683],[137.362468,34.76971],[137.362667,34.769707],[137.362951,34.769704],[137.36308,34.769733],[137.363243,34.769785],[137.363368,34.769829],[137.363423,34.769859],[137.363508,34.769906],[137.363589,34.76996],[137.363691,34.77001],[137.363856,34.770046],[137.364013,34.770065],[137.364153,34.770076],[137.364396,34.770087],[137.36462,34.770105],[137.364931,34.77013],[137.365653,34.770237]]]}},{"type":"Feature","id":"23201100001","properties":{"KEY_CODE":"23201100001","PREF":"23","CITY":"201","S_AREA":"100001","PREF_NAME":"愛知県","CITY_NAME":"豊橋市","S_NAME":"菰口町一丁目","HCODE":8101,"AREA":58632.486,"KIGO_E":"","JINKO":337,"SETAI":126,"X_CODE":137.374008,"Y_CODE":34.772098},"geometry":{"type":"Polygon","coordinates":[[[137.376243,34.772013],[137.376662,34.771356],[137.376326,34.771127],[137.376105,34.77141],[137.374226,34.771345],[137.373892,34.771345],[137.373702,34.771357],[137.373487,34.771368],[137.372382,34.771185],[137.372327,34.771945],[137.37229,34.772795],[137.372538,34.772809],[137.372167,34.773399],[137.37226,34.773388],[137.374132,34.772939],[137.375198,34.772468],[137.375499,34.772159],[137.375763,34.772138],[137.376192,34.772089],[137.376243,34.772013]]]}},{"type":"Feature","id":"23201100002","properties":{"KEY_CODE":"23201100002","PREF":"23","CITY":"201","S_AREA":"100002","PREF_NAME":"愛知県","CITY_NAME":"豊橋市","S_NAME":"菰口町二丁目","HCODE":8101,"AREA":25814.93,"KIGO_E":"","JINKO":160,"SETAI":73,"X_CODE":137.374181,"Y_CODE":34.771002},"geometry":{"type":"Polygon","coordinates":[[[137.376105,34.77141],[137.376326,34.771127],[137.376307,34.771073],[137.376291,34.77099],[137.376293,34.770914],[137.37426,34.770686],[137.373975,34.770647],[137.37319,34.770557],[137.37245,34.770406],[137.372382,34.771185],[137.373487,34.771368],[137.373702,34.771357],[137.373892,34.771345],[137.374226,34.771345],[137.376105,34.77141]]]}},{"type":"Feature","id":"23201100003","properties":{"KEY_CODE":"23201100003","PREF":"23","CITY":"201","S_AREA":"100003","PREF_NAME":"愛知県","CITY_NAME":"豊橋市","S_NAME":"菰口町三丁目","HCODE":8101,"AREA":111922.401,"KIGO_E":"","JINKO":256,"SETAI":118,"X_CODE":137.375265,"Y_CODE":34.769657},"geometry":{"type":"Polygon","coordinates":[[[137.377737,34.769503],[137.378147,34.76884],[137.377682,34.768737],[137.376225,34.768424],[137.375582,34.768283],[137.375565,34.768279],[137.375381,34.768582],[137.375048,34.768486],[137.374632,34.768523],[137.374612,34.768636],[137.373951,34.768539],[137.373917,34.768779],[137.373819,34.76877],[137.373819,34.768709],[137.373759,34.768702],[137.373757,34.768675],[137.373564,34.768655],[137.373563,34.768671],[137.37338,34.768646],[137.373338,34.76888],[137.373253,34.768869],[137.373266,34.768779],[137.373191,34.768771],[137.373173,34.768891],[137.372718,34.768836],[137.372539,34.769763],[137.37245,34.770406],[137.37319,34.770557],[137.373975,34.770647],[137.37426,34.770686],[137.376293,34.770914],[137.376291,34.77099],[137.376307,34.771073],[137.376326,34.771127],[137.376662,34.771356],[137.376716,34.771271],[137.376854,34.771053],[137.377318,34.770336],[137.37777,34.769626],[137.377666,34.769617],[137.377737,34.769503]]]}},{"type":"Feature","id":"23201100004","properties":{"KEY_CODE":"23201100004","PREF":"23","CITY":"201","S_AREA":"100004","PREF_NAME":"愛知県","CITY_NAME":"豊橋市","S_NAME":"菰口町四丁目","HCODE":8101,"AREA":48885.207,"KIGO_E":"","JINKO":459,"SETAI":210,"X_CODE":137.370784,"Y_CODE":34.768865},"geometry":{"type":"Polygon","coordinates":[[[137.372718,34.768836],[137.372732,34.768648],[137.372494,34.768625],[137.371657,34.768408],[137.371615,34.768656],[137.371401,34.768636],[137.371464,34.76835],[137.371196,34.768312],[137.371207,34.768237],[137.371007,34.768201],[137.371027,34.76808],[137.370914,34.76806],[137.369351,34.767813],[137.369295,34.768045],[137.369227,34.768334],[137.368981,34.769337],[137.370751,34.769561],[137.371021,34.769591],[137.371719,34.76967],[137.372539,34.769763],[137.372718,34.768836]]]}},{"type":"Feature","id":"23201100005","properties":{"KEY_CODE":"23201100005","PREF":"23","CITY":"201","S_AREA":"100005","PREF_NAME":"愛知県","CITY_NAME":"豊橋市","S_NAME":"菰口町五丁目","HCODE":8101,"AREA":73196.702,"KIGO_E":"","JINKO":529,"SETAI":265,"X_CODE":137.370085,"Y_CODE":34.770334},"geometry":{"type":"Polygon","coordinates":[[[137.368968,34.769336],[137.368924,34.76933],[137.368274,34.769794],[137.367823,34.770124],[137.367717,34.770186],[137.367593,34.770249],[137.367448,34.770316],[137.367299,34.770385],[137.367335,34.770469],[137.367415,34.770625],[137.367471,34.770746],[137.367583,34.770976],[137.368796,34.771022],[137.369524,34.771055],[137.370212,34.771083],[137.370356,34.771088],[137.370568,34.771103],[137.372382,34.771185],[137.37245,34.770406],[137.372539,34.769763],[137.371719,34.76967],[137.371021,34.769591],[137.370751,34.769561],[137.368981,34.769337],[137.368968,34.769336]]]}},{"type":"Feature","id":"23201100006","properties":{"KEY_CODE":"23201100006","PREF":"23","CITY":"201","S_AREA":"100006","PREF_NAME":"愛知県","CITY_NAME":"豊橋市","S_NAME":"菰口町六丁目","HCODE":8101,"AREA":78148.005,"KIGO_E":"","JINKO":408,"SETAI":207,"X_CODE":137.370498,"Y_CODE":34.772066},"geometry":{"type":"Polygon","coordinates":[[[137.368796,34.771022],[137.367583,34.770976],[137.367667,34.771197],[137.367759,34.771359],[137.367856,34.771504],[137.367954,34.771632],[137.368056,34.771776],[137.368104,34.771778],[137.368112,34.771837],[137.368193,34.771875],[137.368527,34.772239],[137.368677,34.772248],[137.369647,34.772284],[137.37009,34.772294],[137.370107,34.772501],[137.370472,34.772508],[137.370466,34.772714],[137.370466,34.772723],[137.370404,34.773761],[137.3707,34.773741],[137.371144,34.773638],[137.371343,34.773568],[137.371612,34.773512],[137.3719,34.773453],[137.37209,34.773419],[137.372167,34.773399],[137.372538,34.772809],[137.37229,34.772795],[137.372327,34.771945],[137.372382,34.771185],[137.370568,34.771103],[137.370356,34.771088],[137.370212,34.771083],[137.369524,34.771055],[137.368796,34.771022]]]}},{"type":"Feature","id":"232011070","properties":{"KEY_CODE":"232011070","PREF":"23","CITY":"201","S_AREA":"107000","PREF_NAME":"愛知県","CITY_NAME":"豊橋市","S_NAME":"呉服町","HCODE":8101,"AREA":19529.419,"KIGO_E":"","JINKO":116,"SETAI":54,"X_CODE":137.392357,"Y_CODE":34.765852},"geometry":{"type":"Polygon","coordinates":[[[137.393314,34.765402],[137.393245,34.765189],[137.393095,34.765215],[137.392962,34.765136],[137.392694,34.765208],[137.391617,34.765541],[137.391679,34.765676],[137.391227,34.765824],[137.391385,34.766101],[137.391685,34.766641],[137.391701,34.766664],[137.39213,34.766483],[137.39344,34.765936],[137.393438,34.765922],[137.393288,34.765509],[137.393276,34.765473],[137.393253,34.765416],[137.393314,34.765402]]]}},{"type":"Feature","id":"232011080","properties":{"KEY_CODE":"232011080","PREF":"23","CITY":"201","S_AREA":"108000","PREF_NAME":"愛知県","CITY_NAME":"豊橋市","S_NAME":"西郷町","HCODE":8101,"AREA":12912.422,"KIGO_E":"","JINKO":55,"SETAI":25,"X_CODE":137.406433,"Y_CODE":34.770179},"geometry":{"type":"Polygon","coordinates":[[[137.407063,34.770614],[137.407073,34.770051],[137.407082,34.769614],[137.406761,34.769651],[137.406179,34.769725],[137.40558,34.769959],[137.405592,34.769988],[137.405624,34.77009],[137.40565,34.770178],[137.405735,34.770273],[137.405806,34.770348],[137.405846,34.77039],[137.40611,34.770796],[137.406127,34.77079],[137.406738,34.77065],[137.407014,34.770619],[137.407063,34.770614]]]}},{"type":"Feature","id":"232011090","properties":{"KEY_CODE":"232011090","PREF":"23","CITY":"201","S_AREA":"109000","PREF_NAME":"愛知県","CITY_NAME":"豊橋市","S_NAME":"栄町","HCODE":8101,"AREA":40608.834,"KIGO_E":"","JINKO":354,"SETAI":145,"X_CODE":137.417877,"Y_CODE":34.763978},"geometry":{"type":"Polygon","coordinates":[[[137.419045,34.764804],[137.419006,34.764319],[137.418959,34.763903],[137.418712,34.763455],[137.418464,34.763008],[137.41833,34.762754],[137.418234,34.762576],[137.417817,34.76273],[137.417366,34.762917],[137.417582,34.763319],[137.417059,34.763513],[137.416534,34.763698],[137.416564,34.763992],[137.416611,34.76435],[137.416655,34.764704],[137.417186,34.764519],[137.417294,34.764485],[137.417405,34.765058],[137.417649,34.765039],[137.417664,34.765038],[137.418241,34.764984],[137.418385,34.764951],[137.419045,34.764804]]]}},{"type":"Feature","id":"232011100","properties":{"KEY_CODE":"232011100","PREF":"23","CITY":"201","S_AREA":"110000","PREF_NAME":"愛知県","CITY_NAME":"豊橋市","S_NAME":"佐藤町","HCODE":8101,"AREA":14868.297,"KIGO_E":"E1","JINKO":78,"SETAI":32,"X_CODE":137.412513,"Y_CODE":34.742236},"geometry":{"type":"Polygon","coordinates":[[[137.411576,34.742954],[137.41244,34.742626],[137.412486,34.742717],[137.412606,34.742679],[137.412588,34.742636],[137.41289,34.742542],[137.413134,34.74232],[137.413631,34.741768],[137.413754,34.741642],[137.413744,34.741618],[137.413613,34.741481],[137.413442,34.741513],[137.413165,34.741566],[137.412918,34.741807],[137.412853,34.741827],[137.412709,34.741825],[137.412574,34.741828],[137.412488,34.741831],[137.412448,34.741843],[137.412413,34.741867],[137.412266,34.742029],[137.412192,34.742097],[137.411687,34.742274],[137.41162,34.742284],[137.411515,34.742272],[137.411384,34.742251],[137.411382,34.742292],[137.411378,34.742504],[137.411576,34.742954]]]}},{"type":"Feature","id":"232011100","properties":{"KEY_CODE":"232011100","PREF":"23","CITY":"201","S_AREA":"110000","PREF_NAME":"愛知県","CITY_NAME":"豊橋市","S_NAME":"佐藤町","HCODE":8101,"AREA":131277.47,"KIGO_E":"E2","JINKO":0,"SETAI":0,"X_CODE":137.410053,"Y_CODE":34.738613},"geometry":{"type":"Polygon","coordinates":[[[137.411916,34.740269],[137.411927,34.739911],[137.411802,34.739651],[137.411782,34.739561],[137.41179,34.739525],[137.41182,34.739495],[137.411875,34.739481],[137.412055,34.739493],[137.412641,34.739352],[137.412846,34.739304],[137.413404,34.739065],[137.413516,34.739004],[137.413565,34.738963],[137.413585,34.738896],[137.413589,34.738835],[137.413577,34.738764],[137.413535,34.738693],[137.413466,34.738616],[137.413387,34.738552],[137.41324,34.738505],[137.413092,34.738491],[137.412848,34.738496],[137.412756,34.738494],[137.412657,34.738482],[137.412491,34.738441],[137.412419,34.738414],[137.412363,34.738387],[137.412322,34.738352],[137.412302,34.738298],[137.4123,34.738236],[137.412318,34.738147],[137.412351,34.738016],[137.412367,34.737914],[137.412371,34.737845],[137.41236,34.737771],[137.412344,34.73772],[137.412344,34.737695],[137.412325,34.737695],[137.412308,34.737703],[137.412279,34.73773],[137.411352,34.738363],[137.411262,34.738409],[137.411199,34.738417],[137.411141,34.738413],[137.411089,34.738402],[137.411027,34.738363],[137.410988,34.738336],[137.410861,34.738099],[137.41073,34.737849],[137.410698,34.73781],[137.410471,34.737677],[137.410352,34.737597],[137.410256,34.737549],[137.410091,34.737424],[137.409976,34.737332],[137.409877,34.737243],[137.40979,34.737142],[137.409706,34.737029],[137.409642,34.736961],[137.409598,34.73693],[137.409496,34.736893],[137.409005,34.736367],[137.407097,34.737549],[137.406896,34.737675],[137.407839,34.738568],[137.408595,34.739275],[137.409032,34.739693],[137.409994,34.740584],[137.410676,34.740103],[137.411182,34.740592],[137.411313,34.740689],[137.411916,34.740269]]]}},{"type":"Feature","id":"232011110","properties":{"KEY_CODE":"232011110","PREF":"23","CITY":"201","S_AREA":"111000","PREF_NAME":"愛知県","CITY_NAME":"豊橋市","S_NAME":"三本木町","HCODE":8101,"AREA":368375.762,"KIGO_E":"","JINKO":3525,"SETAI":1325,"X_CODE":137.396138,"Y_CODE":34.72346},"geometry":{"type":"Polygon","coordinates":[[[137.396392,34.727117],[137.396752,34.726484],[137.397172,34.725752],[137.397608,34.724973],[137.398139,34.72405],[137.398478,34.723435],[137.398578,34.723251],[137.399395,34.723046],[137.40021,34.722841],[137.400281,34.722825],[137.400172,34.722327],[137.400019,34.721665],[137.399881,34.72104],[137.399812,34.720723],[137.399722,34.720364],[137.3997,34.720261],[137.399682,34.720172],[137.399619,34.719886],[137.399385,34.719899],[137.399316,34.719101],[137.398082,34.718837],[137.398049,34.719204],[137.398006,34.719556],[137.398151,34.719972],[137.398252,34.72017],[137.398402,34.720399],[137.397777,34.720481],[137.397675,34.720132],[137.397634,34.719981],[137.397167,34.719931],[137.396854,34.719875],[137.396784,34.719859],[137.396622,34.719846],[137.396532,34.719847],[137.396275,34.719858],[137.396109,34.719787],[137.396141,34.71993],[137.396175,34.720078],[137.396249,34.720324],[137.396253,34.720353],[137.396292,34.720627],[137.396299,34.720823],[137.396298,34.720971],[137.396299,34.721106],[137.396297,34.721157],[137.396294,34.721212],[137.396287,34.721321],[137.396273,34.721416],[137.396457,34.721422],[137.39661,34.721438],[137.396992,34.72184],[137.397121,34.721968],[137.397137,34.722021],[137.396988,34.722024],[137.396735,34.722017],[137.396543,34.72201],[137.396415,34.722005],[137.395498,34.721981],[137.394787,34.721961],[137.394145,34.721911],[137.393222,34.721848],[137.392774,34.721818],[137.392666,34.722849],[137.392591,34.723635],[137.392529,34.724147],[137.392468,34.724712],[137.392593,34.724676],[137.392642,34.725031],[137.392739,34.725653],[137.392779,34.725972],[137.392848,34.72648],[137.392886,34.726914],[137.393118,34.72689],[137.393517,34.726853],[137.394602,34.726746],[137.39492,34.726719],[137.395043,34.727714],[137.395871,34.72803],[137.396216,34.727425],[137.396392,34.727117]]]}},{"type":"Feature","id":"232011120","properties":{"KEY_CODE":"232011120","PREF":"23","CITY":"201","S_AREA":"112000","PREF_NAME":"愛知県","CITY_NAME":"豊橋市","S_NAME":"潮崎町","HCODE":8101,"AREA":88314.469,"KIGO_E":"","JINKO":498,"SETAI":261,"X_CODE":137.369322,"Y_CODE":34.743877},"geometry":{"type":"Polygon","coordinates":[[[137.369027,34.745943],[137.369183,34.745818],[137.369253,34.745877],[137.369279,34.745859],[137.369364,34.745942],[137.369534,34.745815],[137.37003,34.745432],[137.370108,34.745501],[137.370268,34.745362],[137.37028,34.745371],[137.370661,34.745055],[137.370564,34.744965],[137.370975,34.744645],[137.370811,34.744494],[137.369757,34.743579],[137.371024,34.742594],[137.371213,34.742447],[137.371015,34.742285],[137.371087,34.742216],[137.370529,34.741814],[137.370222,34.74167],[137.370072,34.741775],[137.369708,34.742059],[137.369654,34.742013],[137.369437,34.742184],[137.369517,34.742253],[137.369313,34.742426],[137.369285,34.742404],[137.368819,34.742774],[137.368636,34.742616],[137.367518,34.743526],[137.367178,34.743804],[137.367263,34.743855],[137.367734,34.744355],[137.367789,34.74441],[137.367845,34.744448],[137.368135,34.744608],[137.368193,34.74465],[137.368217,34.744685],[137.368233,34.744744],[137.368294,34.745063],[137.368322,34.745171],[137.368343,34.745225],[137.36857,34.745577],[137.368633,34.745646],[137.368713,34.745713],[137.368776,34.745772],[137.368992,34.745972],[137.369027,34.745943]]]}},{"type":"Feature","id":"232011130","properties":{"KEY_CODE":"232011130","PREF":"23","CITY":"201","S_AREA":"113000","PREF_NAME":"愛知県","CITY_NAME":"豊橋市","S_NAME":"東雲町","HCODE":8101,"AREA":77048.935,"KIGO_E":"","JINKO":636,"SETAI":267,"X_CODE":137.413044,"Y_CODE":34.764849},"geometry":{"type":"Polygon","coordinates":[[[137.415991,34.765159],[137.416051,34.764849],[137.416157,34.764861],[137.416655,34.764704],[137.416611,34.76435],[137.416564,34.763992],[137.416534,34.763698],[137.416308,34.763425],[137.414999,34.764129],[137.414975,34.764145],[137.414245,34.76454],[137.413854,34.76476],[137.413843,34.764766],[137.413878,34.764812],[137.413773,34.764858],[137.413751,34.764821],[137.413681,34.764709],[137.413654,34.764679],[137.413599,34.764651],[137.413495,34.764612],[137.413071,34.764491],[137.412982,34.764466],[137.412684,34.764377],[137.412128,34.764207],[137.412071,34.764188],[137.411862,34.764262],[137.410233,34.764825],[137.41011,34.764878],[137.410053,34.764898],[137.409934,34.764942],[137.408504,34.765406],[137.40868,34.765745],[137.409074,34.765717],[137.409721,34.765664],[137.411001,34.765557],[137.412308,34.765457],[137.413214,34.765382],[137.415146,34.765231],[137.415167,34.765229],[137.415991,34.765159]]]}},{"type":"Feature","id":"232011140","properties":{"KEY_CODE":"232011140","PREF":"23","CITY":"201","S_AREA":"114000","PREF_NAME":"愛知県","CITY_NAME":"豊橋市","S_NAME":"下五井町","HCODE":8101,"AREA":1142892.004,"KIGO_E":"","JINKO":1009,"SETAI":410,"X_CODE":137.370233,"Y_CODE":34.788307},"geometry":{"type":"Polygon","coordinates":[[[137.383488,34.792571],[137.379908,34.790153],[137.379886,34.790176],[137.379076,34.791001],[137.377195,34.789722],[137.375282,34.788421],[137.374836,34.788834],[137.372596,34.787369],[137.372793,34.787122],[137.37341,34.786357],[137.373229,34.786215],[137.373088,34.786097],[137.37301,34.78603],[137.372968,34.785979],[137.372921,34.785893],[137.372888,34.785809],[137.372864,34.785736],[137.372856,34.785639],[137.372892,34.785491],[137.372975,34.785288],[137.373333,34.784436],[137.373187,34.784383],[137.372882,34.784271],[137.369515,34.783045],[137.36928,34.782946],[137.368338,34.78279],[137.367468,34.78267],[137.366008,34.782475],[137.365793,34.782453],[137.365624,34.782457],[137.365434,34.782495],[137.365211,34.7826],[137.363922,34.783224],[137.363852,34.783254],[137.363802,34.78328],[137.363733,34.78332],[137.363595,34.783426],[137.363523,34.783505],[137.363498,34.783558],[137.363464,34.783611],[137.363438,34.783681],[137.363417,34.78372],[137.363392,34.783793],[137.363398,34.78398],[137.363762,34.785802],[137.363795,34.785973],[137.363801,34.786062],[137.363765,34.786146],[137.363697,34.786253],[137.363582,34.786348],[137.363374,34.786496],[137.363186,34.786661],[137.363054,34.786787],[137.362845,34.786908],[137.362652,34.787015],[137.362453,34.787149],[137.362268,34.787291],[137.362026,34.787477],[137.361885,34.787569],[137.361639,34.787655],[137.361347,34.787725],[137.360924,34.787819],[137.36048,34.787898],[137.359937,34.78797],[137.359691,34.788001],[137.359244,34.78805],[137.358467,34.789243],[137.358617,34.789265],[137.359771,34.789539],[137.360414,34.789661],[137.360689,34.789735],[137.360711,34.789744],[137.360872,34.789809],[137.361433,34.790078],[137.361804,34.790171],[137.362286,34.790279],[137.363426,34.790611],[137.363455,34.790669],[137.363421,34.790759],[137.363712,34.791216],[137.363761,34.791289],[137.363902,34.791422],[137.364034,34.791502],[137.364841,34.791729],[137.364857,34.791733],[137.364953,34.791762],[137.36517,34.79129],[137.365259,34.791162],[137.364818,34.790817],[137.364839,34.790785],[137.364936,34.790687],[137.364531,34.79046],[137.364358,34.790362],[137.364441,34.790244],[137.364508,34.790154],[137.364571,34.790075],[137.364986,34.789565],[137.365235,34.789216],[137.365292,34.789241],[137.365421,34.789299],[137.365502,34.789356],[137.365594,34.789406],[137.365696,34.789463],[137.3659,34.789514],[137.366008,34.78955],[137.366073,34.789609],[137.366245,34.789829],[137.366371,34.789972],[137.366552,34.790097],[137.366818,34.790307],[137.367134,34.790525],[137.367313,34.790591],[137.367356,34.79049],[137.367396,34.790437],[137.36746,34.790371],[137.367559,34.79027],[137.367619,34.790289],[137.367735,34.79037],[137.367848,34.790434],[137.367955,34.79052],[137.368038,34.790593],[137.368142,34.790669],[137.368299,34.790735],[137.368475,34.790786],[137.368659,34.790806],[137.368769,34.790786],[137.368846,34.790762],[137.368936,34.790687],[137.368984,34.790638],[137.369063,34.790564],[137.369131,34.790545],[137.369196,34.790585],[137.36948,34.79077],[137.369555,34.790803],[137.369669,34.79066],[137.370113,34.790146],[137.370221,34.790196],[137.370355,34.790274],[137.370492,34.790364],[137.370538,34.790446],[137.370636,34.790542],[137.370731,34.790627],[137.37084,34.790697],[137.370942,34.790757],[137.371076,34.790819],[137.371188,34.790747],[137.371519,34.790542],[137.371576,34.790582],[137.371621,34.79067],[137.371697,34.79077],[137.371788,34.790835],[137.371913,34.790891],[137.371985,34.790916],[137.37207,34.790981],[137.372185,34.791031],[137.372272,34.791063],[137.372428,34.791037],[137.372555,34.790971],[137.372783,34.790884],[137.372836,34.790874],[137.372895,34.790861],[137.372974,34.790859],[137.373018,34.790875],[137.373061,34.79091],[137.373082,34.79096],[137.373133,34.790992],[137.373196,34.791012],[137.373336,34.791012],[137.373434,34.791025],[137.373479,34.79104],[137.373513,34.791067],[137.373532,34.791115],[137.373544,34.791179],[137.373591,34.791214],[137.373632,34.791221],[137.373674,34.791217],[137.373849,34.7912],[137.373982,34.7912],[137.3741,34.791233],[137.374289,34.79133],[137.374368,34.79136],[137.374539,34.791431],[137.374657,34.791492],[137.374712,34.791532],[137.374788,34.791609],[137.374851,34.791674],[137.374908,34.791699],[137.374989,34.791709],[137.375286,34.791704],[137.375417,34.791707],[137.375528,34.791682],[137.375605,34.791647],[137.375662,34.791633],[137.375723,34.791647],[137.37577,34.791697],[137.375876,34.791844],[137.37599,34.791989],[137.376064,34.792046],[137.376183,34.79211],[137.376188,34.792112],[137.376235,34.792137],[137.376265,34.792142],[137.376286,34.792129],[137.376314,34.792102],[137.376383,34.792042],[137.376438,34.792015],[137.376489,34.792021],[137.376558,34.792058],[137.376664,34.792144],[137.376869,34.79235],[137.376945,34.792406],[137.377081,34.792488],[137.377214,34.792565],[137.377287,34.792618],[137.377435,34.792714],[137.377576,34.792845],[137.377657,34.792914],[137.377804,34.79298],[137.378018,34.793067],[137.378203,34.793158],[137.378275,34.793204],[137.378306,34.79323],[137.378313,34.793291],[137.378321,34.793315],[137.37841,34.793376],[137.379111,34.793847],[137.379154,34.793889],[137.379191,34.79392],[137.379246,34.793979],[137.379379,34.794084],[137.379606,34.794185],[137.379762,34.794273],[137.379923,34.794365],[137.380099,34.794478],[137.380181,34.794517],[137.380283,34.794563],[137.380407,34.794644],[137.380499,34.794711],[137.380646,34.79482],[137.380732,34.794889],[137.380848,34.794943],[137.381015,34.795008],[137.381102,34.795063],[137.38119,34.795137],[137.381291,34.795158],[137.38137,34.795077],[137.381898,34.794575],[137.381915,34.794567],[137.381913,34.794561],[137.381909,34.794399],[137.382026,34.794228],[137.38236,34.793768],[137.382703,34.793433],[137.382863,34.793218],[137.383291,34.792789],[137.383488,34.792571]]]}},{"type":"Feature","id":"23201115000","properties":{"KEY_CODE":"23201115000","PREF":"23","CITY":"201","S_AREA":"115000","PREF_NAME":"愛知県","CITY_NAME":"豊橋市","S_NAME":"下地町","HCODE":8101,"AREA":1955744.73,"KIGO_E":"","JINKO":5881,"SETAI":2601,"X_CODE":137.385659,"Y_CODE":34.780203},"geometry":{"type":"Polygon","coordinates":[[[137.38838,34.787988],[137.388106,34.787418],[137.388796,34.787189],[137.389097,34.787109],[137.389115,34.787123],[137.389375,34.787134],[137.389378,34.787102],[137.389415,34.786819],[137.389455,34.786446],[137.389747,34.786302],[137.389874,34.786239],[137.389929,34.786202],[137.389971,34.786152],[137.390062,34.785821],[137.39007,34.785814],[137.390089,34.785796],[137.390524,34.78582],[137.39056,34.78546],[137.390709,34.785294],[137.390721,34.785201],[137.390792,34.785199],[137.390842,34.785172],[137.390955,34.785044],[137.390989,34.785013],[137.391034,34.784992],[137.391112,34.784841],[137.391152,34.784785],[137.391265,34.784665],[137.391406,34.784496],[137.391434,34.784473],[137.391901,34.784228],[137.391949,34.784185],[137.39206,34.784054],[137.392123,34.783953],[137.392291,34.783747],[137.39248,34.783606],[137.392579,34.783264],[137.392646,34.783032],[137.39281,34.782962],[137.392819,34.782958],[137.392862,34.782939],[137.392885,34.782906],[137.393006,34.782685],[137.393085,34.782607],[137.393127,34.782504],[137.393225,34.782305],[137.393273,34.782193],[137.393221,34.781178],[137.392829,34.780989],[137.392633,34.780864],[137.392407,34.780708],[137.392234,34.780577],[137.391763,34.780204],[137.391476,34.779923],[137.391272,34.77966],[137.391108,34.779486],[137.390916,34.779247],[137.39077,34.779018],[137.390691,34.778875],[137.390651,34.778761],[137.390609,34.778673],[137.390598,34.778626],[137.390598,34.778577],[137.390617,34.778468],[137.390682,34.778344],[137.391042,34.777785],[137.391895,34.776494],[137.392253,34.77589],[137.392281,34.775843],[137.393087,34.774335],[137.393487,34.773627],[137.393724,34.773163],[137.393945,34.772562],[137.393972,34.772398],[137.393972,34.772268],[137.393925,34.772041],[137.393866,34.771893],[137.393776,34.771734],[137.393686,34.77162],[137.393607,34.771534],[137.393477,34.771457],[137.393363,34.771402],[137.393043,34.771319],[137.392677,34.771235],[137.392204,34.771149],[137.391759,34.771105],[137.391662,34.771097],[137.391269,34.771067],[137.391006,34.771046],[137.390776,34.771028],[137.390636,34.771032],[137.39047,34.771037],[137.390342,34.771047],[137.389123,34.771226],[137.388836,34.77128],[137.388376,34.771383],[137.388008,34.77149],[137.387753,34.771579],[137.387344,34.771758],[137.386348,34.772197],[137.385951,34.772389],[137.385797,34.772473],[137.385404,34.772736],[137.384852,34.773144],[137.384826,34.773163],[137.384509,34.773415],[137.384477,34.77344],[137.384405,34.773496],[137.383864,34.773918],[137.383661,34.774076],[137.383561,34.774168],[137.383075,34.774612],[137.38279,34.774873],[137.382739,34.774919],[137.382702,34.77496],[137.38261,34.77506],[137.382224,34.775485],[137.382205,34.7755],[137.382172,34.775531],[137.381748,34.775853],[137.381647,34.775928],[137.381574,34.775991],[137.381011,34.776381],[137.380948,34.776425],[137.380713,34.776576],[137.379838,34.777137],[137.379794,34.777165],[137.37979,34.777167],[137.377999,34.778311],[137.377853,34.778404],[137.377214,34.778816],[137.377106,34.778891],[137.377061,34.778922],[137.377004,34.778961],[137.376937,34.779003],[137.376854,34.779048],[137.376763,34.779093],[137.376672,34.779127],[137.376627,34.77914],[137.376556,34.779166],[137.376296,34.779221],[137.375572,34.779347],[137.375467,34.779365],[137.375585,34.780374],[137.37562,34.780581],[137.375343,34.780659],[137.375206,34.780722],[137.375174,34.780745],[137.375007,34.780897],[137.374805,34.78097],[137.374742,34.78108],[137.375627,34.781444],[137.375667,34.781376],[137.3759,34.781477],[137.375846,34.78159],[137.375936,34.781663],[137.376837,34.78142],[137.376909,34.781412],[137.376986,34.781414],[137.377068,34.781418],[137.377209,34.781458],[137.376738,34.782044],[137.376624,34.782187],[137.376573,34.782251],[137.376743,34.78248],[137.37681,34.782542],[137.376906,34.782665],[137.377085,34.782928],[137.377139,34.782985],[137.377184,34.783021],[137.377238,34.783052],[137.377303,34.783088],[137.377364,34.783107],[137.377433,34.783117],[137.377511,34.78314],[137.377666,34.783241],[137.377753,34.783228],[137.377832,34.783232],[137.37792,34.783241],[137.377955,34.783255],[137.378023,34.783306],[137.378073,34.783363],[137.37808,34.783389],[137.377716,34.783761],[137.378324,34.784166],[137.377496,34.784915],[137.377447,34.784954],[137.378205,34.785463],[137.378209,34.785466],[137.378951,34.785993],[137.378685,34.78629],[137.37974,34.786336],[137.380369,34.786364],[137.380655,34.786377],[137.380851,34.786385],[137.380863,34.785911],[137.382224,34.785961],[137.382336,34.786],[137.383083,34.786033],[137.383088,34.786034],[137.383056,34.786536],[137.383007,34.787316],[137.382887,34.787315],[137.384668,34.788513],[137.385196,34.787991],[137.385263,34.787926],[137.385385,34.787998],[137.385623,34.788104],[137.3859,34.788219],[137.386112,34.788329],[137.385913,34.788573],[137.385865,34.788616],[137.385656,34.788774],[137.38562,34.788822],[137.385451,34.789139],[137.385387,34.789246],[137.38526,34.789402],[137.384977,34.789743],[137.384412,34.790337],[137.384914,34.790674],[137.386068,34.789544],[137.386491,34.78913],[137.386977,34.788648],[137.38776,34.788386],[137.38806,34.788291],[137.387981,34.788134],[137.38838,34.787988]],[[137.384671,34.774904],[137.385338,34.774345],[137.385352,34.774362],[137.386232,34.773627],[137.386618,34.773409],[137.386865,34.773773],[137.386765,34.773811],[137.386839,34.774011],[137.386697,34.774052],[137.386836,34.774409],[137.387001,34.774537],[137.386962,34.774645],[137.386907,34.774726],[137.386867,34.774767],[137.386825,34.77479],[137.386142,34.775038],[137.386022,34.775089],[137.385742,34.775236],[137.385628,34.775326],[137.385397,34.775582],[137.385286,34.775702],[137.385137,34.775918],[137.385028,34.776041],[137.384888,34.776147],[137.384904,34.776169],[137.384839,34.776188],[137.384582,34.776327],[137.384201,34.776583],[137.384078,34.776489],[137.383967,34.77659],[137.384022,34.776631],[137.384022,34.776632],[137.38408,34.776675],[137.383982,34.776771],[137.38391,34.776711],[137.383578,34.776912],[137.383255,34.776748],[137.383063,34.776939],[137.382996,34.776895],[137.382801,34.777127],[137.382709,34.777106],[137.382653,34.777108],[137.382609,34.777125],[137.38241,34.777365],[137.38235,34.777391],[137.3823,34.777431],[137.382268,34.777486],[137.382206,34.777632],[137.382139,34.777883],[137.382126,34.777906],[137.382107,34.777924],[137.382028,34.777952],[137.38202,34.777954],[137.382005,34.777958],[137.381939,34.778127],[137.381885,34.778252],[137.381857,34.778309],[137.381761,34.778474],[137.381899,34.778575],[137.381716,34.778776],[137.381675,34.778937],[137.381454,34.779141],[137.381607,34.779228],[137.381389,34.779439],[137.381346,34.779411],[137.381248,34.779502],[137.381127,34.779419],[137.380925,34.77939],[137.380969,34.779351],[137.380984,34.779324],[137.380873,34.779263],[137.380843,34.779278],[137.3808,34.779331],[137.380664,34.779447],[137.38061,34.779511],[137.380578,34.779582],[137.38046,34.779856],[137.380081,34.779796],[137.380036,34.779537],[137.380022,34.77948],[137.379996,34.77942],[137.379708,34.77896],[137.380135,34.778837],[137.380265,34.778785],[137.380551,34.778673],[137.380764,34.778578],[137.380829,34.778538],[137.380916,34.778471],[137.381276,34.778152],[137.381652,34.777746],[137.382629,34.77669],[137.383363,34.775968],[137.384061,34.775409],[137.384671,34.774904]]]}},{"type":"Feature","id":"23201115001","properties":{"KEY_CODE":"23201115001","PREF":"23","CITY":"201","S_AREA":"115001","PREF_NAME":"愛知県","CITY_NAME":"豊橋市","S_NAME":"下地町一丁目","HCODE":8101,"AREA":15525.806,"KIGO_E":"","JINKO":122,"SETAI":41,"X_CODE":137.386253,"Y_CODE":34.774313},"geometry":{"type":"Polygon","coordinates":[[[137.386865,34.773773],[137.386618,34.773409],[137.386232,34.773627],[137.385352,34.774362],[137.38563,34.774651],[137.386022,34.775089],[137.386142,34.775038],[137.386825,34.77479],[137.386867,34.774767],[137.386907,34.774726],[137.386962,34.774645],[137.387001,34.774537],[137.386836,34.774409],[137.386697,34.774052],[137.386839,34.774011],[137.386765,34.773811],[137.386865,34.773773]]]}},{"type":"Feature","id":"23201115002","properties":{"KEY_CODE":"23201115002","PREF":"23","CITY":"201","S_AREA":"115002","PREF_NAME":"愛知県","CITY_NAME":"豊橋市","S_NAME":"下地町二丁目","HCODE":8101,"AREA":16544.272,"KIGO_E":"","JINKO":125,"SETAI":42,"X_CODE":137.385044,"Y_CODE":34.775243},"geometry":{"type":"Polygon","coordinates":[[[137.385352,34.774362],[137.385338,34.774345],[137.384671,34.774904],[137.384061,34.775409],[137.384888,34.776147],[137.385028,34.776041],[137.385137,34.775918],[137.385286,34.775702],[137.385397,34.775582],[137.385628,34.775326],[137.385742,34.775236],[137.386022,34.775089],[137.38563,34.774651],[137.385352,34.774362]]]}},{"type":"Feature","id":"23201115003","properties":{"KEY_CODE":"23201115003","PREF":"23","CITY":"201","S_AREA":"115003","PREF_NAME":"愛知県","CITY_NAME":"豊橋市","S_NAME":"下地町三丁目","HCODE":8101,"AREA":16620.106,"KIGO_E":"","JINKO":110,"SETAI":39,"X_CODE":137.383782,"Y_CODE":34.776246},"geometry":{"type":"Polygon","coordinates":[[[137.383063,34.776939],[137.383255,34.776748],[137.383578,34.776912],[137.38391,34.776711],[137.383982,34.776771],[137.38408,34.776675],[137.384022,34.776632],[137.384022,34.776631],[137.383967,34.77659],[137.384078,34.776489],[137.384201,34.776583],[137.384582,34.776327],[137.384839,34.776188],[137.384904,34.776169],[137.384888,34.776147],[137.384061,34.775409],[137.383363,34.775968],[137.382629,34.77669],[137.382838,34.776798],[137.382996,34.776895],[137.383063,34.776939]]]}},{"type":"Feature","id":"23201115004","properties":{"KEY_CODE":"23201115004","PREF":"23","CITY":"201","S_AREA":"115004","PREF_NAME":"愛知県","CITY_NAME":"豊橋市","S_NAME":"下地町四丁目","HCODE":8101,"AREA":8011.127,"KIGO_E":"","JINKO":46,"SETAI":17,"X_CODE":137.382074,"Y_CODE":34.777594},"geometry":{"type":"Polygon","coordinates":[[[137.382653,34.777108],[137.382709,34.777106],[137.382801,34.777127],[137.382996,34.776895],[137.382838,34.776798],[137.382629,34.77669],[137.381652,34.777746],[137.381276,34.778152],[137.381761,34.778474],[137.381857,34.778309],[137.381885,34.778252],[137.381939,34.778127],[137.382005,34.777958],[137.38202,34.777954],[137.382028,34.777952],[137.382107,34.777924],[137.382126,34.777906],[137.382139,34.777883],[137.382206,34.777632],[137.382268,34.777486],[137.3823,34.777431],[137.38235,34.777391],[137.38241,34.777365],[137.382609,34.777125],[137.382653,34.777108]]]}},{"type":"Feature","id":"23201115005","properties":{"KEY_CODE":"23201115005","PREF":"23","CITY":"201","S_AREA":"115005","PREF_NAME":"愛知県","CITY_NAME":"豊橋市","S_NAME":"下地町五丁目","HCODE":8101,"AREA":17881.595,"KIGO_E":"","JINKO":155,"SETAI":60,"X_CODE":137.380826,"Y_CODE":34.779003},"geometry":{"type":"Polygon","coordinates":[[[137.380843,34.779278],[137.380873,34.779263],[137.380984,34.779324],[137.380969,34.779351],[137.380925,34.77939],[137.381127,34.779419],[137.381248,34.779502],[137.381346,34.779411],[137.381389,34.779439],[137.381607,34.779228],[137.381454,34.779141],[137.381675,34.778937],[137.381716,34.778776],[137.381899,34.778575],[137.381761,34.778474],[137.381276,34.778152],[137.380916,34.778471],[137.380829,34.778538],[137.380764,34.778578],[137.380551,34.778673],[137.380265,34.778785],[137.380135,34.778837],[137.379708,34.77896],[137.379996,34.77942],[137.380022,34.77948],[137.380036,34.779537],[137.380081,34.779796],[137.38046,34.779856],[137.380578,34.779582],[137.38061,34.779511],[137.380664,34.779447],[137.3808,34.779331],[137.380843,34.779278]]]}},{"type":"Feature","id":"232011210","properties":{"KEY_CODE":"232011210","PREF":"23","CITY":"201","S_AREA":"121000","PREF_NAME":"愛知県","CITY_NAME":"豊橋市","S_NAME":"白河町","HCODE":8101,"AREA":93542.591,"KIGO_E":"","JINKO":167,"SETAI":86,"X_CODE":137.380485,"Y_CODE":34.761128},"geometry":{"type":"Polygon","coordinates":[[[137.382663,34.76167],[137.383131,34.761043],[137.383164,34.761008],[137.382827,34.760884],[137.382787,34.760874],[137.382755,34.760876],[137.38273,34.760895],[137.382712,34.760919],[137.38245,34.761124],[137.382402,34.761141],[137.381507,34.761169],[137.381466,34.761167],[137.381738,34.760688],[137.382094,34.76012],[137.381357,34.759994],[137.380597,34.759892],[137.380522,34.759883],[137.379786,34.759794],[137.379739,34.759785],[137.379393,34.759747],[137.378691,34.75966],[137.378032,34.761165],[137.378245,34.761271],[137.379526,34.761945],[137.379552,34.761958],[137.379563,34.761964],[137.37958,34.76197],[137.380226,34.762229],[137.380259,34.762242],[137.380551,34.762359],[137.380911,34.762507],[137.381817,34.76288],[137.381881,34.762906],[137.382168,34.762447],[137.382663,34.76167]]]}},{"type":"Feature","id":"232011220","properties":{"KEY_CODE":"232011220","PREF":"23","CITY":"201","S_AREA":"122000","PREF_NAME":"愛知県","CITY_NAME":"豊橋市","S_NAME":"城下町","HCODE":8101,"AREA":2789127.931,"KIGO_E":"","JINKO":382,"SETAI":125,"X_CODE":137.344607,"Y_CODE":34.659551},"geometry":{"type":"Polygon","coordinates":[[[137.339761,34.675107],[137.340181,34.674115],[137.341053,34.671881],[137.341186,34.671612],[137.34129,34.67135],[137.341426,34.671249],[137.341724,34.671078],[137.342111,34.670823],[137.343415,34.669379],[137.343658,34.669072],[137.343776,34.668895],[137.343894,34.668615],[137.34396,34.66827],[137.343988,34.667859],[137.344033,34.667689],[137.344101,34.667462],[137.34417,34.66733],[137.344253,34.667245],[137.344415,34.667101],[137.344621,34.667003],[137.344815,34.666949],[137.345117,34.666933],[137.345679,34.666946],[137.345937,34.666932],[137.346097,34.666907],[137.346192,34.666884],[137.346318,34.666821],[137.346379,34.66678],[137.346451,34.666705],[137.346463,34.666594],[137.346424,34.666497],[137.346299,34.666165],[137.346261,34.666033],[137.346257,34.665907],[137.346276,34.665809],[137.346337,34.665724],[137.346401,34.665661],[137.346489,34.66561],[137.346626,34.665553],[137.346714,34.665538],[137.347021,34.665521],[137.347358,34.665601],[137.347605,34.665747],[137.348097,34.664913],[137.348778,34.664161],[137.349236,34.663623],[137.349447,34.663317],[137.34978,34.662269],[137.349911,34.661857],[137.350069,34.660822],[137.351146,34.661114],[137.351453,34.660394],[137.351647,34.660445],[137.351908,34.659883],[137.353225,34.656747],[137.35317,34.656707],[137.353151,34.656675],[137.353217,34.656355],[137.353314,34.656],[137.353372,34.655879],[137.353551,34.655982],[137.353623,34.655737],[137.353689,34.655431],[137.353685,34.654879],[137.353687,34.654761],[137.353768,34.654577],[137.353835,34.654344],[137.353898,34.65387],[137.353949,34.653714],[137.354172,34.653523],[137.354481,34.653263],[137.35459,34.653123],[137.354674,34.652986],[137.354768,34.652766],[137.354912,34.652614],[137.355155,34.652433],[137.355592,34.652071],[137.355809,34.651927],[137.355849,34.651748],[137.355906,34.651665],[137.35597,34.651607],[137.356068,34.651553],[137.356172,34.651519],[137.356311,34.65146],[137.356448,34.651338],[137.356596,34.650773],[137.356469,34.650751],[137.356212,34.650715],[137.356131,34.650706],[137.356014,34.650694],[137.355767,34.650662],[137.355745,34.650657],[137.355663,34.650638],[137.355541,34.650624],[137.355401,34.650618],[137.355317,34.650607],[137.35529,34.650602],[137.35527,34.650589],[137.35525,34.650579],[137.355212,34.650558],[137.355137,34.650536],[137.354991,34.650503],[137.354935,34.650495],[137.354893,34.650488],[137.354852,34.650482],[137.354668,34.650426],[137.354423,34.650372],[137.354156,34.650306],[137.354066,34.650276],[137.353891,34.650237],[137.353794,34.65021],[137.353739,34.6502],[137.353642,34.650185],[137.353474,34.650178],[137.353385,34.650161],[137.353372,34.650161],[137.353356,34.650165],[137.353344,34.650172],[137.353318,34.650148],[137.353302,34.650137],[137.353242,34.650125],[137.352924,34.650005],[137.352716,34.649973],[137.352608,34.649954],[137.352482,34.64993],[137.352308,34.649888],[137.352123,34.649842],[137.351882,34.64978],[137.351298,34.649628],[137.350872,34.649532],[137.350152,34.649351],[137.349705,34.649266],[137.349422,34.649195],[137.349036,34.649111],[137.348832,34.649061],[137.348658,34.649018],[137.348526,34.648991],[137.348372,34.648968],[137.347917,34.648871],[137.347528,34.648777],[137.347475,34.648768],[137.347142,34.648735],[137.346631,34.648658],[137.346378,34.648618],[137.346181,34.648575],[137.346106,34.648552],[137.345896,34.648493],[137.345887,34.648489],[137.345593,34.648413],[137.345402,34.64837],[137.345326,34.648358],[137.345232,34.648335],[137.345214,34.648337],[137.345157,34.648321],[137.345144,34.648312],[137.34508,34.648288],[137.344935,34.648249],[137.344706,34.648198],[137.344698,34.648198],[137.344421,34.64813],[137.344225,34.648103],[137.344169,34.648093],[137.34416,34.648089],[137.343879,34.648046],[137.343763,34.648011],[137.343697,34.647995],[137.343489,34.647951],[137.34333,34.647925],[137.343182,34.647915],[137.3431,34.647893],[137.342986,34.647837],[137.3429,34.647813],[137.342802,34.647798],[137.342649,34.647772],[137.342456,34.647727],[137.342227,34.647687],[137.342042,34.647649],[137.341829,34.647613],[137.341745,34.647592],[137.341593,34.647527],[137.34153,34.647504],[137.341199,34.64783],[137.340608,34.648335],[137.340594,34.648407],[137.340609,34.648505],[137.340815,34.649223],[137.34091,34.649526],[137.340877,34.649818],[137.340815,34.650159],[137.340805,34.650463],[137.341148,34.650509],[137.341047,34.650698],[137.341008,34.650854],[137.34101,34.651374],[137.341062,34.651416],[137.341165,34.651444],[137.341624,34.651584],[137.341819,34.651873],[137.341927,34.65202],[137.342212,34.652145],[137.342444,34.652233],[137.34199,34.652343],[137.34193,34.65238],[137.341884,34.652441],[137.341776,34.652597],[137.34155,34.652925],[137.341448,34.653008],[137.341362,34.653159],[137.340667,34.653646],[137.340728,34.653729],[137.340714,34.654467],[137.34092,34.654776],[137.340992,34.655178],[137.340849,34.65531],[137.340846,34.655823],[137.340517,34.655876],[137.340234,34.655993],[137.340063,34.656175],[137.339911,34.656536],[137.339741,34.657031],[137.339377,34.658056],[137.3393,34.658389],[137.339548,34.658415],[137.339745,34.658423],[137.339748,34.658471],[137.339535,34.659915],[137.339516,34.660108],[137.339397,34.660744],[137.339275,34.661071],[137.338448,34.662315],[137.337896,34.663084],[137.337615,34.663317],[137.337206,34.663626],[137.337246,34.663814],[137.336819,34.664546],[137.33682,34.66501],[137.336806,34.665047],[137.336656,34.665321],[137.33665,34.665356],[137.336536,34.665489],[137.33634,34.665678],[137.336259,34.66582],[137.336401,34.665885],[137.336131,34.666295],[137.336215,34.66633],[137.336101,34.666524],[137.335938,34.666465],[137.335417,34.666974],[137.335235,34.667054],[137.335222,34.667193],[137.335151,34.667416],[137.334483,34.668099],[137.334466,34.668274],[137.334538,34.668478],[137.334726,34.668837],[137.334835,34.669072],[137.334825,34.669207],[137.334501,34.669665],[137.334451,34.669757],[137.334406,34.669874],[137.334493,34.669879],[137.33474,34.670015],[137.335008,34.670234],[137.335087,34.67032],[137.335192,34.670402],[137.335317,34.670609],[137.335384,34.670723],[137.335439,34.670857],[137.335502,34.670995],[137.33568,34.671262],[137.33626,34.671577],[137.336314,34.671608],[137.336598,34.671831],[137.336975,34.672127],[137.337035,34.672174],[137.337335,34.672463],[137.337459,34.672772],[137.337472,34.672938],[137.337572,34.673089],[137.337631,34.673155],[137.337865,34.673265],[137.338128,34.673406],[137.338369,34.673766],[137.338357,34.673897],[137.338257,34.673963],[137.338037,34.674157],[137.338175,34.674367],[137.338357,34.674288],[137.338542,34.674281],[137.338738,34.67432],[137.338796,34.674371],[137.338999,34.674458],[137.339007,34.674549],[137.339098,34.674578],[137.339176,34.674612],[137.339221,34.67465],[137.339302,34.674802],[137.339357,34.674922],[137.339761,34.675107]]]}},{"type":"Feature","id":"232011230","properties":{"KEY_CODE":"232011230","PREF":"23","CITY":"201","S_AREA":"123000","PREF_NAME":"愛知県","CITY_NAME":"豊橋市","S_NAME":"城山町","HCODE":8101,"AREA":38548.188,"KIGO_E":"","JINKO":160,"SETAI":64,"X_CODE":137.369819,"Y_CODE":34.725945},"geometry":{"type":"Polygon","coordinates":[[[137.370679,34.72562],[137.371067,34.725592],[137.371216,34.725599],[137.371315,34.725609],[137.371399,34.725634],[137.371513,34.725685],[137.371396,34.725164],[137.370829,34.725292],[137.370679,34.725003],[137.370051,34.725204],[137.36925,34.725223],[137.368862,34.72526],[137.368712,34.725296],[137.368453,34.725399],[137.368324,34.725459],[137.368305,34.725486],[137.368285,34.725536],[137.368294,34.725584],[137.368498,34.725911],[137.368713,34.726218],[137.368781,34.726291],[137.369031,34.72657],[137.369161,34.726746],[137.369172,34.72678],[137.369189,34.726838],[137.369213,34.726882],[137.369318,34.727023],[137.369531,34.726974],[137.369715,34.726923],[137.369912,34.726882],[137.370163,34.72688],[137.370519,34.726797],[137.370828,34.726726],[137.370859,34.726708],[137.370863,34.726679],[137.370812,34.726411],[137.370761,34.726114],[137.370679,34.72562]]]}},{"type":"Feature","id":"232011240","properties":{"KEY_CODE":"232011240","PREF":"23","CITY":"201","S_AREA":"124000","PREF_NAME":"愛知県","CITY_NAME":"豊橋市","S_NAME":"新川町","HCODE":8101,"AREA":20458.177,"KIGO_E":"","JINKO":141,"SETAI":78,"X_CODE":137.388943,"Y_CODE":34.761247},"geometry":{"type":"Polygon","coordinates":[[[137.388831,34.760693],[137.388117,34.760621],[137.388052,34.761129],[137.387959,34.761849],[137.388683,34.761786],[137.389563,34.761717],[137.389982,34.761678],[137.389942,34.760997],[137.389926,34.7608],[137.389382,34.760755],[137.389291,34.760744],[137.388831,34.760693]]]}},{"type":"Feature","id":"232011250","properties":{"KEY_CODE":"232011250","PREF":"23","CITY":"201","S_AREA":"125000","PREF_NAME":"愛知県","CITY_NAME":"豊橋市","S_NAME":"新栄町","HCODE":8101,"AREA":644095.065,"KIGO_E":"","JINKO":4495,"SETAI":2005,"X_CODE":137.364494,"Y_CODE":34.764983},"geometry":{"type":"Polygon","coordinates":[[[137.368274,34.769794],[137.368924,34.76933],[137.368968,34.769336],[137.368981,34.769337],[137.369227,34.768334],[137.369295,34.768045],[137.369351,34.767813],[137.369455,34.767275],[137.369464,34.767232],[137.369553,34.766883],[137.36969,34.766293],[137.369778,34.765914],[137.369789,34.765862],[137.36981,34.765768],[137.369887,34.765414],[137.369896,34.765376],[137.369962,34.765073],[137.369983,34.764978],[137.370028,34.764781],[137.370066,34.764582],[137.370084,34.7645],[137.3698,34.764453],[137.369509,34.764405],[137.36888,34.764301],[137.368719,34.764275],[137.368678,34.764275],[137.368083,34.76412],[137.367464,34.763955],[137.366236,34.763277],[137.365649,34.762953],[137.365065,34.762646],[137.364004,34.762073],[137.364456,34.761504],[137.365232,34.760527],[137.365647,34.760023],[137.365322,34.759794],[137.36497,34.759631],[137.364893,34.759496],[137.364535,34.759485],[137.364265,34.759479],[137.364264,34.759499],[137.363984,34.759486],[137.363519,34.759528],[137.363206,34.759597],[137.362925,34.759663],[137.362679,34.759743],[137.362427,34.759818],[137.362196,34.759911],[137.361947,34.760047],[137.361892,34.760086],[137.361806,34.760149],[137.361727,34.760215],[137.361571,34.760351],[137.361308,34.760615],[137.36078,34.761125],[137.360576,34.761306],[137.359983,34.761878],[137.360197,34.761972],[137.360325,34.762032],[137.360397,34.762065],[137.36065,34.762156],[137.360808,34.762212],[137.360855,34.762223],[137.360078,34.763211],[137.359851,34.763591],[137.359561,34.764079],[137.35949,34.764219],[137.359487,34.764245],[137.359477,34.764363],[137.359294,34.765132],[137.359232,34.765394],[137.359171,34.765649],[137.359129,34.765826],[137.358933,34.766713],[137.361756,34.767157],[137.362976,34.767346],[137.364269,34.767547],[137.366202,34.76786],[137.366153,34.76805],[137.365991,34.768746],[137.365834,34.769488],[137.365653,34.770237],[137.365806,34.770261],[137.365982,34.770307],[137.366071,34.770347],[137.366182,34.770382],[137.366297,34.770431],[137.366466,34.770486],[137.366626,34.770505],[137.366794,34.770503],[137.366954,34.770498],[137.367111,34.770468],[137.367217,34.770424],[137.367299,34.770385],[137.367448,34.770316],[137.367593,34.770249],[137.367717,34.770186],[137.367823,34.770124],[137.368274,34.769794]]]}},{"type":"Feature","id":"232011260","properties":{"KEY_CODE":"232011260","PREF":"23","CITY":"201","S_AREA":"126000","PREF_NAME":"愛知県","CITY_NAME":"豊橋市","S_NAME":"新西浜町","HCODE":8101,"AREA":1234831.713,"KIGO_E":"","JINKO":0,"SETAI":0,"X_CODE":137.316308,"Y_CODE":34.784038},"geometry":{"type":"Polygon","coordinates":[[[137.326874,34.787007],[137.326534,34.786786],[137.326708,34.786619],[137.326718,34.786586],[137.326719,34.786526],[137.326708,34.786485],[137.326692,34.786453],[137.32666,34.786434],[137.326657,34.786426],[137.326629,34.786383],[137.326594,34.786349],[137.326541,34.786246],[137.326514,34.786217],[137.326467,34.786177],[137.32642,34.786138],[137.326207,34.785956],[137.326094,34.785851],[137.325904,34.785689],[137.325777,34.785589],[137.325671,34.785496],[137.325471,34.785338],[137.325344,34.78521],[137.325185,34.785084],[137.324862,34.784845],[137.324694,34.784708],[137.324654,34.784678],[137.324504,34.784566],[137.324406,34.784483],[137.324264,34.784388],[137.324178,34.78432],[137.324121,34.784258],[137.324055,34.7842],[137.323919,34.784092],[137.323815,34.784007],[137.32372,34.783917],[137.323401,34.783647],[137.32318,34.783479],[137.322988,34.783338],[137.322904,34.783272],[137.322696,34.783111],[137.322531,34.782989],[137.322425,34.782903],[137.32225,34.782745],[137.322104,34.78264],[137.321909,34.782491],[137.32207,34.782356],[137.322057,34.782345],[137.321897,34.782479],[137.321796,34.782394],[137.321753,34.782344],[137.321731,34.7823],[137.321731,34.782291],[137.321726,34.782266],[137.321729,34.782215],[137.32241,34.781635],[137.322434,34.781615],[137.322489,34.781574],[137.322502,34.78157],[137.322526,34.781569],[137.322545,34.781571],[137.322667,34.781595],[137.322685,34.781596],[137.322692,34.781595],[137.322698,34.781591],[137.322699,34.781584],[137.322699,34.781575],[137.322692,34.781569],[137.32256,34.781533],[137.322487,34.781508],[137.322452,34.781494],[137.322427,34.781478],[137.322384,34.781451],[137.322371,34.781447],[137.322362,34.781445],[137.322354,34.781445],[137.32235,34.781449],[137.322349,34.781453],[137.32235,34.781462],[137.32236,34.781476],[137.322409,34.781514],[137.32242,34.781526],[137.322431,34.781551],[137.32243,34.781564],[137.322423,34.781579],[137.322413,34.781591],[137.32236,34.781635],[137.321858,34.782058],[137.321846,34.782065],[137.321703,34.782095],[137.321581,34.782107],[137.321519,34.782107],[137.321427,34.782094],[137.321383,34.78207],[137.321109,34.781819],[137.320865,34.781637],[137.320617,34.781441],[137.320456,34.781308],[137.320374,34.781229],[137.320299,34.781142],[137.320233,34.781091],[137.320202,34.781072],[137.320161,34.781058],[137.320097,34.781045],[137.320073,34.781035],[137.320057,34.781023],[137.319976,34.780935],[137.31991,34.780879],[137.319737,34.780749],[137.319715,34.780722],[137.319697,34.780677],[137.319675,34.780657],[137.319638,34.780635],[137.31952,34.780578],[137.319497,34.780561],[137.319471,34.780529],[137.319465,34.780513],[137.319459,34.780492],[137.319457,34.780446],[137.319786,34.780179],[137.319849,34.780213],[137.319868,34.78019],[137.319806,34.780154],[137.319796,34.780151],[137.319781,34.780152],[137.319771,34.780157],[137.319763,34.780163],[137.319395,34.780457],[137.319334,34.780506],[137.31764,34.780246],[137.316685,34.780095],[137.315442,34.7799],[137.311198,34.779228],[137.309517,34.778967],[137.308639,34.778831],[137.306483,34.784716],[137.314328,34.786499],[137.314324,34.786508],[137.31395,34.787525],[137.314382,34.787617],[137.314753,34.787467],[137.314635,34.787671],[137.31447,34.788007],[137.314503,34.788117],[137.315162,34.788254],[137.315357,34.78814],[137.316897,34.788461],[137.317475,34.788573],[137.318147,34.788628],[137.318721,34.788616],[137.319264,34.788545],[137.319656,34.788464],[137.319962,34.788372],[137.320248,34.788262],[137.320509,34.788144],[137.322789,34.786994],[137.324331,34.789652],[137.324727,34.789439],[137.324953,34.789292],[137.325661,34.788592],[137.32616,34.788046],[137.326408,34.787703],[137.326636,34.787378],[137.326874,34.787007]]]}},{"type":"Feature","id":"232011270","properties":{"KEY_CODE":"232011270","PREF":"23","CITY":"201","S_AREA":"127000","PREF_NAME":"愛知県","CITY_NAME":"豊橋市","S_NAME":"新本町","HCODE":8101,"AREA":39396.0,"KIGO_E":"","JINKO":338,"SETAI":140,"X_CODE":137.386995,"Y_CODE":34.766749},"geometry":{"type":"Polygon","coordinates":[[[137.388132,34.767635],[137.388006,34.767145],[137.387992,34.767094],[137.387917,34.76678],[137.388146,34.766722],[137.388125,34.766626],[137.388114,34.766575],[137.388104,34.766541],[137.388094,34.766543],[137.387959,34.766575],[137.38785,34.766603],[137.387757,34.76631],[137.387749,34.766282],[137.38767,34.765946],[137.387662,34.765916],[137.387611,34.765697],[137.387054,34.765721],[137.387035,34.765559],[137.386339,34.765587],[137.386329,34.765527],[137.386125,34.765534],[137.386111,34.765958],[137.386043,34.765963],[137.386051,34.766233],[137.386052,34.766244],[137.386057,34.766459],[137.386086,34.766579],[137.386153,34.766852],[137.3862,34.766844],[137.38623,34.766951],[137.38627,34.7671],[137.386252,34.767103],[137.385892,34.767168],[137.385899,34.767196],[137.385972,34.767504],[137.385986,34.767563],[137.386231,34.767515],[137.386276,34.767742],[137.386493,34.767702],[137.386519,34.767705],[137.386526,34.767736],[137.386605,34.767723],[137.386603,34.767718],[137.386581,34.767639],[137.386705,34.767625],[137.386769,34.767878],[137.388153,34.767709],[137.388132,34.767635]]]}},{"type":"Feature","id":"232011280","properties":{"KEY_CODE":"232011280","PREF":"23","CITY":"201","S_AREA":"128000","PREF_NAME":"愛知県","CITY_NAME":"豊橋市","S_NAME":"神明町","HCODE":8101,"AREA":48978.035,"KIGO_E":"","JINKO":332,"SETAI":148,"X_CODE":137.391165,"Y_CODE":34.762703},"geometry":{"type":"Polygon","coordinates":[[[137.392303,34.762675],[137.392102,34.761755],[137.39216,34.761778],[137.392102,34.76154],[137.391386,34.761581],[137.390902,34.761609],[137.389982,34.761678],[137.389993,34.76184],[137.389996,34.761887],[137.390001,34.761964],[137.390055,34.762794],[137.390058,34.762833],[137.39006,34.762865],[137.390103,34.763224],[137.390133,34.763463],[137.390151,34.763792],[137.390185,34.763858],[137.391197,34.763784],[137.391787,34.763746],[137.391977,34.763734],[137.392394,34.763717],[137.392349,34.763264],[137.39235,34.763241],[137.392303,34.762675]]]}},{"type":"Feature","id":"232011290","properties":{"KEY_CODE":"232011290","PREF":"23","CITY":"201","S_AREA":"129000","PREF_NAME":"愛知県","CITY_NAME":"豊橋市","S_NAME":"新吉町","HCODE":8101,"AREA":51231.234,"KIGO_E":"","JINKO":228,"SETAI":101,"X_CODE":137.393137,"Y_CODE":34.763539},"geometry":{"type":"Polygon","coordinates":[[[137.39328,34.765183],[137.393317,34.765177],[137.39333,34.765208],[137.394055,34.76506],[137.394041,34.765012],[137.394178,34.764985],[137.394206,34.764979],[137.39396,34.763617],[137.393869,34.763128],[137.393789,34.762631],[137.393783,34.762591],[137.394119,34.762561],[137.394051,34.762519],[137.393993,34.762488],[137.393385,34.762162],[137.39284,34.761889],[137.392791,34.761865],[137.392773,34.761856],[137.392202,34.761575],[137.39217,34.761561],[137.392126,34.761547],[137.392102,34.76154],[137.39216,34.761778],[137.392102,34.761755],[137.392303,34.762675],[137.39235,34.763241],[137.392349,34.763264],[137.392394,34.763717],[137.392443,34.764194],[137.392464,34.764353],[137.392523,34.76457],[137.392601,34.764861],[137.392694,34.765208],[137.392962,34.765136],[137.393095,34.765215],[137.393245,34.765189],[137.39328,34.765183]]]}},{"type":"Feature","id":"232011300","properties":{"KEY_CODE":"232011300","PREF":"23","CITY":"201","S_AREA":"130000","PREF_NAME":"愛知県","CITY_NAME":"豊橋市","S_NAME":"神野新田町","HCODE":8101,"AREA":10335664.752,"KIGO_E":"","JINKO":7120,"SETAI":3368,"X_CODE":137.338758,"Y_CODE":34.745721},"geometry":{"type":"Polygon","coordinates":[[[137.333602,34.761449],[137.333834,34.760468],[137.335358,34.760716],[137.335895,34.760131],[137.33605,34.759972],[137.336199,34.758632],[137.33621,34.758564],[137.336246,34.7585],[137.342542,34.751822],[137.343912,34.75038],[137.347059,34.746989],[137.350145,34.748986],[137.351608,34.749908],[137.351783,34.75016],[137.352053,34.750754],[137.352123,34.750835],[137.352422,34.751046],[137.352658,34.751182],[137.352691,34.751074],[137.352989,34.75053],[137.353038,34.750415],[137.353203,34.750226],[137.353391,34.75004],[137.353474,34.749948],[137.353674,34.749648],[137.353948,34.749226],[137.354169,34.748868],[137.354401,34.74838],[137.354464,34.74831],[137.354772,34.747978],[137.355016,34.747575],[137.355102,34.747475],[137.355284,34.747288],[137.355436,34.747173],[137.356046,34.74693],[137.356112,34.746877],[137.356466,34.7464],[137.356885,34.746226],[137.357034,34.74614],[137.35678,34.745704],[137.358998,34.745968],[137.359082,34.746031],[137.359271,34.745396],[137.359278,34.74537],[137.359326,34.745249],[137.359385,34.745127],[137.359452,34.745023],[137.359494,34.74497],[137.360126,34.744329],[137.360243,34.7442],[137.360238,34.744047],[137.360276,34.743777],[137.360288,34.743729],[137.36107,34.742301],[137.3611,34.742229],[137.361125,34.74213],[137.36127,34.741188],[137.361384,34.740631],[137.361441,34.740366],[137.361467,34.740314],[137.361506,34.740264],[137.36176,34.740111],[137.361946,34.740093],[137.362153,34.74003],[137.362425,34.739967],[137.362809,34.739878],[137.362875,34.739852],[137.36343,34.739422],[137.363542,34.739331],[137.364317,34.738916],[137.364401,34.738867],[137.364541,34.738777],[137.364696,34.738574],[137.364763,34.738431],[137.364781,34.738267],[137.364815,34.738159],[137.364886,34.738007],[137.364996,34.737396],[137.365015,34.737017],[137.364976,34.736538],[137.364845,34.736174],[137.364671,34.735723],[137.364372,34.734835],[137.364134,34.734302],[137.364087,34.73426],[137.363903,34.734169],[137.363834,34.734115],[137.363778,34.734053],[137.362662,34.732235],[137.36266,34.732185],[137.362674,34.732144],[137.362711,34.732097],[137.363544,34.731701],[137.36355,34.731662],[137.363302,34.731251],[137.362925,34.730738],[137.362092,34.729755],[137.361675,34.729259],[137.3614,34.728965],[137.35971,34.72791],[137.359649,34.727909],[137.359294,34.727924],[137.359168,34.727916],[137.358247,34.727725],[137.357846,34.727611],[137.357512,34.727533],[137.356775,34.727434],[137.355627,34.727323],[137.35507,34.727224],[137.353981,34.727119],[137.353612,34.72704],[137.353386,34.726604],[137.353149,34.726494],[137.353148,34.726503],[137.353132,34.726521],[137.353094,34.726545],[137.353039,34.726578],[137.352975,34.726617],[137.352904,34.726663],[137.352828,34.726715],[137.352745,34.726773],[137.352663,34.726832],[137.352591,34.726884],[137.352565,34.726905],[137.352179,34.727149],[137.352142,34.727184],[137.352126,34.727206],[137.352103,34.727243],[137.352059,34.727302],[137.352055,34.727302],[137.351931,34.727305],[137.351834,34.727366],[137.351918,34.727364],[137.3518,34.727442],[137.351773,34.727445],[137.351691,34.727456],[137.351675,34.727466],[137.35137,34.727657],[137.351366,34.727676],[137.351363,34.727697],[137.351363,34.727721],[137.351034,34.72793],[137.350197,34.72846],[137.348845,34.729317],[137.348715,34.729399],[137.348504,34.729533],[137.348448,34.729639],[137.348166,34.730231],[137.347862,34.730864],[137.347785,34.731026],[137.347733,34.731134],[137.347594,34.731442],[137.347595,34.731452],[137.347524,34.731641],[137.347655,34.731679],[137.348799,34.732083],[137.349219,34.732808],[137.349761,34.733726],[137.349632,34.733814],[137.349605,34.733835],[137.349606,34.733833],[137.349526,34.733724],[137.349482,34.733682],[137.349135,34.733571],[137.347353,34.733062],[137.344526,34.732193],[137.334123,34.734109],[137.322334,34.736247],[137.321451,34.736413],[137.321332,34.736436],[137.321152,34.736467],[137.320731,34.736533],[137.320678,34.736553],[137.320641,34.736584],[137.320627,34.736625],[137.320694,34.741984],[137.320713,34.746251],[137.320716,34.746342],[137.320722,34.74703],[137.320737,34.748225],[137.320738,34.748344],[137.320761,34.750086],[137.320788,34.751306],[137.320815,34.753293],[137.320832,34.754593],[137.320855,34.755453],[137.320906,34.755452],[137.320903,34.755579],[137.320893,34.755977],[137.320931,34.756547],[137.321003,34.76182],[137.321016,34.762679],[137.321064,34.764546],[137.321086,34.76662],[137.321083,34.768115],[137.321136,34.771013],[137.321267,34.771113],[137.325879,34.770868],[137.326404,34.770806],[137.327529,34.770728],[137.327648,34.770723],[137.32869,34.770674],[137.329919,34.770571],[137.330152,34.77055],[137.331214,34.770518],[137.330931,34.769967],[137.330702,34.769605],[137.330537,34.769302],[137.330358,34.769246],[137.330039,34.768412],[137.330069,34.768151],[137.330197,34.767872],[137.330534,34.767203],[137.330718,34.766836],[137.330905,34.766457],[137.331049,34.76605],[137.331259,34.765677],[137.331701,34.765115],[137.331958,34.764884],[137.332262,34.76486],[137.33227,34.764571],[137.332667,34.764118],[137.333071,34.763691],[137.333602,34.761449]]]}},{"type":"Feature","id":"232011310","properties":{"KEY_CODE":"232011310","PREF":"23","CITY":"201","S_AREA":"131000","PREF_NAME":"愛知県","CITY_NAME":"豊橋市","S_NAME":"神野ふ頭町","HCODE":8101,"AREA":1009296.77,"KIGO_E":"","JINKO":0,"SETAI":0,"X_CODE":137.333012,"Y_CODE":34.732348},"geometry":{"type":"Polygon","coordinates":[[[137.334123,34.734109],[137.344526,34.732193],[137.347353,34.733062],[137.349135,34.733571],[137.349482,34.733682],[137.349526,34.733724],[137.349606,34.733833],[137.349605,34.733835],[137.349632,34.733814],[137.349761,34.733726],[137.349219,34.732808],[137.347575,34.732161],[137.347425,34.732118],[137.34744,34.732068],[137.347338,34.732032],[137.347322,34.732073],[137.347193,34.73202],[137.346607,34.731781],[137.346531,34.73175],[137.346426,34.731706],[137.346289,34.731651],[137.346163,34.731593],[137.346017,34.731534],[137.345911,34.731493],[137.345843,34.731461],[137.343873,34.730638],[137.341974,34.729845],[137.338839,34.728547],[137.338822,34.728549],[137.338593,34.728591],[137.33568,34.729117],[137.331288,34.729909],[137.33104,34.729954],[137.330412,34.730069],[137.3299,34.730164],[137.328825,34.730356],[137.32905,34.73124],[137.327495,34.73152],[137.326551,34.731691],[137.325463,34.731886],[137.324556,34.732051],[137.32377,34.732195],[137.320318,34.732833],[137.320398,34.733148],[137.320711,34.734323],[137.320715,34.734336],[137.320742,34.734439],[137.320801,34.73464],[137.321338,34.735994],[137.321428,34.736333],[137.321451,34.736413],[137.322334,34.736247],[137.334123,34.734109]]]}},{"type":"Feature","id":"232011320","properties":{"KEY_CODE":"232011320","PREF":"23","CITY":"201","S_AREA":"132000","PREF_NAME":"愛知県","CITY_NAME":"豊橋市","S_NAME":"杉山町","HCODE":8101,"AREA":8244685.108,"KIGO_E":"","JINKO":4076,"SETAI":1275,"X_CODE":137.322272,"Y_CODE":34.676594},"geometry":{"type":"Polygon","coordinates":[[[137.315515,34.695172],[137.315568,34.695164],[137.316579,34.69523],[137.316587,34.695231],[137.316589,34.695214],[137.316618,34.695217],[137.316617,34.69523],[137.31664,34.695232],[137.317062,34.695262],[137.317176,34.695514],[137.317439,34.695537],[137.317607,34.695307],[137.318557,34.695378],[137.318594,34.695376],[137.318625,34.695367],[137.319239,34.695105],[137.321712,34.694047],[137.321874,34.693973],[137.322342,34.693766],[137.32239,34.693748],[137.324438,34.692966],[137.324533,34.693225],[137.325105,34.692881],[137.325369,34.692647],[137.325819,34.692208],[137.32638,34.69153],[137.326754,34.691114],[137.326956,34.690939],[137.327073,34.690883],[137.32718,34.690837],[137.327454,34.690708],[137.327843,34.69056],[137.328328,34.690374],[137.328776,34.690168],[137.328914,34.690079],[137.329116,34.689739],[137.329395,34.689381],[137.329903,34.688835],[137.330338,34.68844],[137.331397,34.687744],[137.332425,34.687197],[137.332654,34.68706],[137.332764,34.686951],[137.333152,34.68642],[137.333293,34.686175],[137.333331,34.685973],[137.333292,34.685498],[137.333277,34.68527],[137.333377,34.685035],[137.333837,34.684257],[137.334363,34.683506],[137.334539,34.683226],[137.334619,34.682522],[137.334711,34.682363],[137.33476,34.682306],[137.334813,34.682256],[137.334972,34.682125],[137.335504,34.681796],[137.335985,34.681502],[137.336084,34.681414],[137.336267,34.681227],[137.336391,34.681062],[137.33663,34.680784],[137.337076,34.680155],[137.337742,34.679492],[137.337812,34.679416],[137.337862,34.67934],[137.338017,34.679077],[137.338179,34.678691],[137.338305,34.678335],[137.338328,34.678117],[137.338389,34.677729],[137.338418,34.677596],[137.338505,34.677399],[137.338793,34.67706],[137.339005,34.676852],[137.339228,34.676583],[137.339393,34.676233],[137.339477,34.675943],[137.33953,34.67582],[137.339599,34.675523],[137.339677,34.67533],[137.339761,34.675107],[137.339357,34.674922],[137.339302,34.674802],[137.339221,34.67465],[137.339176,34.674612],[137.339098,34.674578],[137.339007,34.674549],[137.338999,34.674458],[137.338796,34.674371],[137.338738,34.67432],[137.338542,34.674281],[137.338357,34.674288],[137.338175,34.674367],[137.338037,34.674157],[137.338257,34.673963],[137.338357,34.673897],[137.338369,34.673766],[137.338128,34.673406],[137.337865,34.673265],[137.337631,34.673155],[137.337572,34.673089],[137.337472,34.672938],[137.337459,34.672772],[137.337335,34.672463],[137.337035,34.672174],[137.336975,34.672127],[137.336598,34.671831],[137.336314,34.671608],[137.33626,34.671577],[137.33568,34.671262],[137.335502,34.670995],[137.335439,34.670857],[137.335384,34.670723],[137.335317,34.670609],[137.335192,34.670402],[137.335087,34.67032],[137.335008,34.670234],[137.33474,34.670015],[137.334493,34.669879],[137.334406,34.669874],[137.334451,34.669757],[137.334501,34.669665],[137.334825,34.669207],[137.334835,34.669072],[137.334726,34.668837],[137.334538,34.668478],[137.334466,34.668274],[137.334483,34.668099],[137.335151,34.667416],[137.335222,34.667193],[137.335235,34.667054],[137.335417,34.666974],[137.335938,34.666465],[137.336101,34.666524],[137.336215,34.66633],[137.336131,34.666295],[137.336401,34.665885],[137.336259,34.66582],[137.33634,34.665678],[137.336536,34.665489],[137.33665,34.665356],[137.336656,34.665321],[137.336806,34.665047],[137.33682,34.66501],[137.336819,34.664546],[137.337246,34.663814],[137.337206,34.663626],[137.335924,34.662526],[137.335115,34.662008],[137.334211,34.661657],[137.333899,34.661644],[137.33355,34.661579],[137.333157,34.661545],[137.332669,34.661328],[137.33248,34.661245],[137.33129,34.661326],[137.330624,34.661415],[137.330267,34.66148],[137.329186,34.661228],[137.328455,34.660992],[137.32825,34.66084],[137.328084,34.66091],[137.32766,34.66099],[137.326956,34.66139],[137.32689,34.661433],[137.326767,34.661496],[137.326563,34.661479],[137.326321,34.661447],[137.326227,34.661415],[137.326151,34.661324],[137.326024,34.661208],[137.325938,34.661127],[137.325786,34.66099],[137.325602,34.660969],[137.325349,34.661002],[137.32491,34.660841],[137.324123,34.660598],[137.323823,34.660592],[137.323339,34.66071],[137.322449,34.661036],[137.321704,34.66131],[137.321334,34.66141],[137.319143,34.661752],[137.318406,34.661868],[137.317677,34.662227],[137.31719,34.662362],[137.316912,34.662442],[137.316878,34.662451],[137.316609,34.662527],[137.315701,34.66247],[137.314836,34.66242],[137.313543,34.663097],[137.312686,34.663243],[137.312162,34.663219],[137.311795,34.66308],[137.311321,34.663145],[137.310988,34.66341],[137.310404,34.663682],[137.309821,34.663807],[137.309366,34.663883],[137.30845,34.664037],[137.308054,34.66419],[137.307437,34.664178],[137.307416,34.664235],[137.307394,34.664276],[137.307341,34.664306],[137.306701,34.664497],[137.306663,34.664572],[137.306536,34.664827],[137.306417,34.664937],[137.306332,34.665015],[137.306254,34.66523],[137.306164,34.665515],[137.306103,34.665725],[137.306028,34.665991],[137.306058,34.666036],[137.306426,34.666056],[137.306624,34.666229],[137.306998,34.666487],[137.306005,34.666985],[137.306266,34.667272],[137.306301,34.667605],[137.306246,34.667796],[137.306533,34.668192],[137.306582,34.668423],[137.306559,34.668605],[137.307308,34.669337],[137.307416,34.669455],[137.3075,34.669545],[137.307533,34.669706],[137.307581,34.669921],[137.307745,34.670124],[137.307804,34.670156],[137.307967,34.670244],[137.308299,34.670467],[137.308619,34.670971],[137.308841,34.671087],[137.30891,34.671289],[137.308981,34.671498],[137.30899,34.671556],[137.309067,34.671782],[137.309469,34.672233],[137.309678,34.672579],[137.310042,34.672901],[137.310266,34.6731],[137.310395,34.673229],[137.310453,34.673305],[137.310371,34.674112],[137.310349,34.674157],[137.310334,34.674187],[137.310019,34.675547],[137.309941,34.675906],[137.309857,34.676237],[137.3098,34.676305],[137.309292,34.676736],[137.308767,34.67705],[137.307759,34.677601],[137.307281,34.677854],[137.306682,34.678244],[137.306957,34.67835],[137.306922,34.678637],[137.306973,34.678751],[137.306974,34.678768],[137.307063,34.679132],[137.307265,34.67959],[137.307994,34.680767],[137.308272,34.681181],[137.308333,34.681258],[137.308396,34.681323],[137.308443,34.681367],[137.308498,34.681418],[137.30853,34.681442],[137.308617,34.681505],[137.308664,34.681534],[137.308759,34.68158],[137.309453,34.681886],[137.309521,34.681916],[137.310138,34.682181],[137.310332,34.682257],[137.310365,34.68227],[137.310424,34.682287],[137.310486,34.682302],[137.31055,34.682315],[137.310657,34.682328],[137.31087,34.682331],[137.310925,34.682325],[137.310951,34.682321],[137.311031,34.682302],[137.311067,34.682285],[137.311106,34.68226],[137.312024,34.681608],[137.311997,34.681582],[137.312118,34.681487],[137.312091,34.681463],[137.312122,34.681441],[137.312146,34.681461],[137.312252,34.681377],[137.312391,34.68149],[137.311931,34.68188],[137.311617,34.682148],[137.311451,34.682296],[137.311406,34.682345],[137.31139,34.682371],[137.311371,34.682427],[137.311357,34.682486],[137.311343,34.682554],[137.311307,34.682829],[137.311281,34.683088],[137.31129,34.683166],[137.311331,34.683275],[137.311411,34.683424],[137.312071,34.684512],[137.312517,34.685246],[137.312908,34.685863],[137.312955,34.685943],[137.313057,34.686095],[137.313116,34.686185],[137.313225,34.686335],[137.31373,34.686949],[137.313754,34.686939],[137.313774,34.686961],[137.313755,34.686973],[137.31377,34.68699],[137.314324,34.687603],[137.31449,34.68778],[137.314559,34.687835],[137.314646,34.687896],[137.314797,34.687983],[137.315027,34.688095],[137.315086,34.688124],[137.31529,34.688214],[137.315341,34.68824],[137.315337,34.688247],[137.316219,34.688705],[137.316271,34.688727],[137.316325,34.688745],[137.316407,34.688768],[137.316858,34.68884],[137.316933,34.688836],[137.317028,34.688823],[137.317202,34.68879],[137.318351,34.68867],[137.318381,34.688658],[137.319226,34.688162],[137.319289,34.688125],[137.319342,34.68809],[137.319393,34.68805],[137.319432,34.688011],[137.319651,34.687775],[137.319741,34.687679],[137.319878,34.687555],[137.319972,34.687477],[137.320416,34.687876],[137.320456,34.687911],[137.320407,34.687952],[137.320388,34.687967],[137.320398,34.687976],[137.320364,34.688003],[137.320355,34.687995],[137.320339,34.688009],[137.320309,34.688032],[137.320285,34.68805],[137.319573,34.68813],[137.319226,34.68835],[137.318442,34.688848],[137.316828,34.689003],[137.316656,34.688962],[137.316622,34.688958],[137.316131,34.688951],[137.315694,34.68894],[137.315016,34.689044],[137.314931,34.689071],[137.314717,34.689163],[137.312054,34.690344],[137.311045,34.690784],[137.310165,34.691169],[137.30975,34.691353],[137.309521,34.691454],[137.309445,34.691488],[137.309362,34.691503],[137.309076,34.691652],[137.308289,34.692003],[137.308425,34.692182],[137.31132,34.696008],[137.311483,34.696224],[137.311534,34.696259],[137.311785,34.696202],[137.311816,34.696194],[137.312494,34.696007],[137.315515,34.695172]]]}},{"type":"Feature","id":"232011330","properties":{"KEY_CODE":"232011330","PREF":"23","CITY":"201","S_AREA":"133000","PREF_NAME":"愛知県","CITY_NAME":"豊橋市","S_NAME":"嵩山町","HCODE":8101,"AREA":8938077.706,"KIGO_E":"","JINKO":1415,"SETAI":471,"X_CODE":137.475931,"Y_CODE":34.799374},"geometry":{"type":"Polygon","coordinates":[[[137.470031,34.815419],[137.470394,34.815243],[137.470624,34.815156],[137.470808,34.815114],[137.47108,34.815131],[137.472009,34.815356],[137.472215,34.81539],[137.472384,34.815285],[137.473166,34.814452],[137.473624,34.813799],[137.473682,34.813779],[137.473734,34.813791],[137.474235,34.813881],[137.474544,34.81388],[137.474644,34.813859],[137.474934,34.813719],[137.476558,34.813473],[137.47674,34.813421],[137.477056,34.81327],[137.477396,34.813171],[137.47793,34.813081],[137.479214,34.812428],[137.480282,34.811795],[137.481701,34.811905],[137.482004,34.811868],[137.482781,34.811635],[137.484123,34.811458],[137.48473,34.811476],[137.485292,34.811492],[137.485637,34.811511],[137.485978,34.811519],[137.487015,34.81153],[137.487039,34.811407],[137.487347,34.810853],[137.48738,34.810409],[137.487491,34.809694],[137.487458,34.809132],[137.487782,34.808893],[137.488108,34.808666],[137.48833,34.808427],[137.48856,34.808106],[137.488738,34.807959],[137.48918,34.807714],[137.489415,34.807478],[137.48945,34.80715],[137.489464,34.806842],[137.489607,34.806459],[137.489787,34.806082],[137.489917,34.805885],[137.490124,34.805676],[137.490781,34.805294],[137.491018,34.805129],[137.491155,34.804975],[137.491302,34.80476],[137.491402,34.804725],[137.49205,34.804679],[137.492224,34.804595],[137.492577,34.804355],[137.493034,34.803935],[137.493318,34.803626],[137.493536,34.803462],[137.493678,34.803356],[137.493914,34.802872],[137.494035,34.802555],[137.494051,34.80225],[137.494095,34.802136],[137.494242,34.801998],[137.49434,34.801925],[137.494374,34.801815],[137.494312,34.801651],[137.494335,34.8014],[137.49418,34.801135],[137.493918,34.800784],[137.493859,34.800675],[137.493823,34.800257],[137.493795,34.800126],[137.493528,34.799693],[137.493351,34.799007],[137.493323,34.798799],[137.493244,34.79856],[137.49324,34.798226],[137.493185,34.798003],[137.493111,34.797813],[137.493056,34.797558],[137.492991,34.797291],[137.492912,34.797109],[137.492781,34.796953],[137.492618,34.796816],[137.492446,34.796719],[137.492343,34.79659],[137.492214,34.796392],[137.492103,34.796163],[137.492019,34.796095],[137.491837,34.796063],[137.491557,34.796019],[137.491449,34.795942],[137.49138,34.795813],[137.491401,34.795495],[137.491432,34.795404],[137.491584,34.795249],[137.491623,34.795164],[137.491688,34.794862],[137.491741,34.794696],[137.491937,34.794485],[137.49203,34.794387],[137.492039,34.794266],[137.492031,34.794061],[137.492098,34.793701],[137.492103,34.793075],[137.492141,34.792751],[137.49216,34.792483],[137.492068,34.792267],[137.492072,34.792089],[137.492373,34.791782],[137.492865,34.791329],[137.49304,34.79111],[137.493154,34.790759],[137.493281,34.790435],[137.493326,34.790133],[137.49334,34.789955],[137.493281,34.789789],[137.493108,34.789611],[137.492859,34.789205],[137.492878,34.789116],[137.492919,34.788956],[137.492941,34.788328],[137.492939,34.787789],[137.492972,34.78762],[137.493053,34.787353],[137.493149,34.787119],[137.493138,34.786864],[137.493165,34.786786],[137.492484,34.786613],[137.492386,34.786563],[137.49221,34.78638],[137.491981,34.786162],[137.491792,34.78597],[137.491672,34.785836],[137.491658,34.785623],[137.491543,34.785364],[137.491134,34.785118],[137.490442,34.784662],[137.490121,34.784486],[137.489521,34.78425],[137.489016,34.784025],[137.488589,34.783901],[137.488017,34.783765],[137.487453,34.783711],[137.487132,34.78369],[137.486819,34.783661],[137.486293,34.783673],[137.486052,34.783663],[137.485767,34.783626],[137.48532,34.783607],[137.485081,34.783489],[137.484581,34.783337],[137.484184,34.783157],[137.483775,34.783053],[137.483621,34.783005],[137.483091,34.782716],[137.482376,34.782413],[137.481976,34.782365],[137.481582,34.782386],[137.481423,34.782419],[137.48063,34.782691],[137.480191,34.782886],[137.478887,34.783532],[137.478452,34.783786],[137.478309,34.783909],[137.477965,34.784359],[137.477698,34.784685],[137.477033,34.785544],[137.476894,34.785793],[137.476797,34.785842],[137.476664,34.785866],[137.475837,34.78597],[137.475623,34.786035],[137.475402,34.786175],[137.475149,34.786375],[137.475012,34.786412],[137.474895,34.786402],[137.474739,34.786338],[137.474575,34.786226],[137.474426,34.786167],[137.474224,34.786125],[137.474094,34.786152],[137.473872,34.786222],[137.471846,34.787024],[137.471601,34.787093],[137.470503,34.787285],[137.470317,34.787343],[137.469737,34.787579],[137.469217,34.787847],[137.468989,34.787973],[137.468778,34.78805],[137.466576,34.788942],[137.466355,34.789023],[137.465776,34.789062],[137.465389,34.789155],[137.465117,34.789272],[137.464624,34.789576],[137.464264,34.789993],[137.464061,34.790216],[137.463959,34.790325],[137.463879,34.790434],[137.463661,34.790795],[137.463393,34.791398],[137.463168,34.791808],[137.462887,34.792298],[137.462467,34.793107],[137.461224,34.7943],[137.460436,34.794677],[137.460197,34.795025],[137.459999,34.795415],[137.459818,34.795685],[137.459148,34.796111],[137.458336,34.796612],[137.458017,34.796999],[137.457326,34.797828],[137.457154,34.798],[137.456887,34.798289],[137.456715,34.798447],[137.456543,34.798552],[137.456235,34.79865],[137.453469,34.798967],[137.45342,34.799024],[137.453406,34.799088],[137.453404,34.799156],[137.453412,34.799324],[137.45345,34.799421],[137.453493,34.799511],[137.453579,34.799709],[137.453614,34.799761],[137.453636,34.799813],[137.453673,34.799873],[137.453725,34.799937],[137.453789,34.800008],[137.453848,34.800047],[137.453916,34.800062],[137.453987,34.800064],[137.454071,34.800046],[137.454149,34.800031],[137.454223,34.800018],[137.454312,34.80001],[137.454404,34.800002],[137.454465,34.800014],[137.454517,34.800033],[137.454571,34.800068],[137.45462,34.800106],[137.454672,34.800153],[137.454724,34.800201],[137.454769,34.800251],[137.45483,34.800305],[137.454913,34.800365],[137.454993,34.800412],[137.455061,34.800433],[137.455136,34.80044],[137.455237,34.800438],[137.455317,34.800428],[137.455385,34.800426],[137.455456,34.800443],[137.455504,34.800464],[137.455573,34.800487],[137.455646,34.800508],[137.455735,34.800517],[137.455848,34.800519],[137.455963,34.800501],[137.456071,34.800476],[137.456177,34.800445],[137.456292,34.800394],[137.456397,34.800355],[137.456501,34.80033],[137.456618,34.800325],[137.456754,34.800337],[137.456872,34.800355],[137.456692,34.802313],[137.456692,34.80238],[137.456691,34.802579],[137.456929,34.803053],[137.457078,34.80335],[137.45733,34.803828],[137.456867,34.803984],[137.456463,34.804116],[137.457391,34.805944],[137.457808,34.8058],[137.458242,34.805647],[137.458981,34.807067],[137.459011,34.807144],[137.459476,34.807045],[137.459472,34.807077],[137.459533,34.807361],[137.459102,34.807463],[137.459083,34.80747],[137.459013,34.807504],[137.459035,34.80752],[137.459331,34.807548],[137.459573,34.80759],[137.459677,34.807619],[137.459867,34.807696],[137.460049,34.807791],[137.460384,34.807968],[137.460681,34.808153],[137.460951,34.808311],[137.461074,34.808421],[137.461219,34.808563],[137.46117,34.808553],[137.461121,34.808564],[137.461094,34.808604],[137.461075,34.808691],[137.461363,34.809023],[137.461487,34.809403],[137.461605,34.809777],[137.461725,34.810118],[137.461828,34.81048],[137.46189,34.810902],[137.461908,34.81127],[137.461839,34.812249],[137.461743,34.813342],[137.461658,34.813577],[137.461513,34.813769],[137.462133,34.813896],[137.462498,34.814049],[137.462688,34.814122],[137.462919,34.81427],[137.463159,34.81446],[137.46341,34.814644],[137.463518,34.814691],[137.464414,34.814782],[137.464858,34.814844],[137.465901,34.815279],[137.466441,34.815479],[137.466843,34.815495],[137.467425,34.815476],[137.468071,34.815422],[137.468944,34.815416],[137.469447,34.815514],[137.469668,34.815522],[137.470031,34.815419]]]}},{"type":"Feature","id":"232011340","properties":{"KEY_CODE":"232011340","PREF":"23","CITY":"201","S_AREA":"134000","PREF_NAME":"愛知県","CITY_NAME":"豊橋市","S_NAME":"住吉町","HCODE":8101,"AREA":74620.003,"KIGO_E":"","JINKO":543,"SETAI":228,"X_CODE":137.410159,"Y_CODE":34.762784},"geometry":{"type":"Polygon","coordinates":[[[137.410233,34.764825],[137.410143,34.764619],[137.41029,34.764565],[137.410392,34.764647],[137.410645,34.764478],[137.410623,34.764439],[137.410707,34.764387],[137.410733,34.764413],[137.410776,34.764415],[137.410825,34.764405],[137.410881,34.764383],[137.410858,34.764345],[137.410977,34.764281],[137.411212,34.76411],[137.411252,34.764148],[137.411505,34.76396],[137.410996,34.76352],[137.41101,34.763512],[137.411055,34.763481],[137.41132,34.763364],[137.411799,34.763184],[137.411981,34.763132],[137.411907,34.762958],[137.411618,34.762592],[137.411426,34.762348],[137.411389,34.762371],[137.411222,34.762148],[137.411081,34.761823],[137.411021,34.761841],[137.410861,34.761491],[137.410812,34.761496],[137.410647,34.761209],[137.410561,34.761059],[137.41044,34.760891],[137.410226,34.760982],[137.409887,34.761125],[137.409998,34.761354],[137.409716,34.761453],[137.409603,34.761241],[137.409463,34.761298],[137.409586,34.761502],[137.409324,34.761632],[137.409145,34.761411],[137.409131,34.761419],[137.408938,34.761549],[137.409024,34.761659],[137.408952,34.761709],[137.409074,34.761847],[137.409012,34.761898],[137.408883,34.761992],[137.408695,34.761972],[137.408627,34.762015],[137.408644,34.762041],[137.408585,34.762089],[137.408604,34.762118],[137.408465,34.762178],[137.408429,34.762137],[137.408152,34.762309],[137.408451,34.762625],[137.408857,34.763049],[137.409131,34.763337],[137.409397,34.763617],[137.409687,34.7639],[137.409941,34.764183],[137.409661,34.764393],[137.409943,34.764681],[137.410006,34.764656],[137.41011,34.764878],[137.410233,34.764825]]]}},{"type":"Feature","id":"232011350","properties":{"KEY_CODE":"232011350","PREF":"23","CITY":"201","S_AREA":"135000","PREF_NAME":"愛知県","CITY_NAME":"豊橋市","S_NAME":"関屋町","HCODE":8101,"AREA":101850.953,"KIGO_E":"","JINKO":458,"SETAI":210,"X_CODE":137.388588,"Y_CODE":34.769836},"geometry":{"type":"Polygon","coordinates":[[[137.389123,34.771226],[137.390342,34.771047],[137.39047,34.771037],[137.390572,34.770385],[137.390528,34.769288],[137.390495,34.768731],[137.389623,34.768881],[137.389543,34.768727],[137.388543,34.768915],[137.388486,34.768708],[137.388475,34.768664],[137.388224,34.767697],[137.388153,34.767709],[137.386769,34.767878],[137.386868,34.768331],[137.387123,34.768288],[137.387198,34.768603],[137.387199,34.768604],[137.387225,34.7686],[137.387356,34.768708],[137.387383,34.768701],[137.387465,34.768847],[137.387494,34.76884],[137.387643,34.769097],[137.387583,34.769122],[137.387285,34.769219],[137.387044,34.769288],[137.386781,34.76935],[137.386913,34.769646],[137.386881,34.769658],[137.386868,34.769874],[137.387116,34.770057],[137.38696,34.770086],[137.386967,34.770115],[137.387098,34.770657],[137.386938,34.770694],[137.387038,34.771102],[137.387135,34.771083],[137.387225,34.771374],[137.387336,34.771733],[137.387344,34.771758],[137.387753,34.771579],[137.388008,34.77149],[137.388376,34.771383],[137.388836,34.77128],[137.389123,34.771226]]]}},{"type":"Feature","id":"232011360","properties":{"KEY_CODE":"232011360","PREF":"23","CITY":"201","S_AREA":"136000","PREF_NAME":"愛知県","CITY_NAME":"豊橋市","S_NAME":"高師石塚町","HCODE":8101,"AREA":43666.303,"KIGO_E":"","JINKO":301,"SETAI":159,"X_CODE":137.390602,"Y_CODE":34.744874},"geometry":{"type":"Polygon","coordinates":[[[137.390848,34.746889],[137.390997,34.746791],[137.391057,34.746851],[137.391103,34.746822],[137.39117,34.746795],[137.391231,34.74678],[137.391257,34.746704],[137.391425,34.74606],[137.391503,34.745778],[137.391525,34.745655],[137.391561,34.745499],[137.391568,34.745356],[137.391551,34.745178],[137.391506,34.745007],[137.391405,34.74464],[137.39135,34.744385],[137.391305,34.744206],[137.39127,34.743998],[137.391255,34.743859],[137.391253,34.743844],[137.390506,34.743868],[137.390469,34.743512],[137.390432,34.743058],[137.390422,34.74306],[137.39042,34.743038],[137.389337,34.743288],[137.389372,34.743906],[137.389391,34.744462],[137.390467,34.744435],[137.390482,34.744676],[137.390505,34.744675],[137.390506,34.744697],[137.390521,34.745033],[137.390521,34.745044],[137.390502,34.745045],[137.390521,34.745571],[137.390533,34.745912],[137.390266,34.74624],[137.390545,34.747013],[137.390614,34.747108],[137.390848,34.746889]]]}},{"type":"Feature","id":"232011370","properties":{"KEY_CODE":"232011370","PREF":"23","CITY":"201","S_AREA":"137000","PREF_NAME":"愛知県","CITY_NAME":"豊橋市","S_NAME":"高師町","HCODE":8101,"AREA":18789.813,"KIGO_E":"E3","JINKO":0,"SETAI":0,"X_CODE":137.410125,"Y_CODE":34.734979},"geometry":{"type":"Polygon","coordinates":[[[137.411094,34.73467],[137.411622,34.734431],[137.41167,34.734457],[137.411966,34.734271],[137.411898,34.734218],[137.411721,34.734139],[137.411502,34.734038],[137.411338,34.733903],[137.410875,34.73431],[137.410739,34.734378],[137.410418,34.734434],[137.410268,34.734514],[137.40998,34.734655],[137.409863,34.734726],[137.409766,34.734786],[137.409515,34.734961],[137.408507,34.735735],[137.408501,34.73575],[137.409243,34.736201],[137.409405,34.735744],[137.409459,34.735642],[137.409759,34.735371],[137.409854,34.735303],[137.410249,34.735122],[137.410263,34.735116],[137.410795,34.734851],[137.411094,34.73467]]]}},{"type":"Feature","id":"232011370","properties":{"KEY_CODE":"232011370","PREF":"23","CITY":"201","S_AREA":"137000","PREF_NAME":"愛知県","CITY_NAME":"豊橋市","S_NAME":"高師町","HCODE":8101,"AREA":4964.304,"KIGO_E":"E5","JINKO":0,"SETAI":0,"X_CODE":137.416394,"Y_CODE":34.73694},"geometry":{"type":"Polygon","coordinates":[[[137.416483,34.736574],[137.416351,34.736503],[137.416247,34.73658],[137.416189,34.736646],[137.416103,34.736718],[137.416098,34.736727],[137.415891,34.737118],[137.416188,34.737255],[137.416371,34.737307],[137.416443,34.737303],[137.416949,34.73698],[137.416639,34.736674],[137.416483,34.736574]]]}},{"type":"Feature","id":"232011370","properties":{"KEY_CODE":"232011370","PREF":"23","CITY":"201","S_AREA":"137000","PREF_NAME":"愛知県","CITY_NAME":"豊橋市","S_NAME":"高師町","HCODE":8101,"AREA":48747.585,"KIGO_E":"E4","JINKO":0,"SETAI":0,"X_CODE":137.418748,"Y_CODE":34.738675},"geometry":{"type":"Polygon","coordinates":[[[137.419632,34.736207],[137.419545,34.735952],[137.41934,34.736024],[137.419357,34.736333],[137.419395,34.7364],[137.419446,34.736491],[137.419467,34.736522],[137.419309,34.736637],[137.419511,34.736814],[137.418998,34.737138],[137.418994,34.737141],[137.419033,34.737179],[137.419033,34.737179],[137.419151,34.737291],[137.419149,34.737293],[137.419146,34.737294],[137.419099,34.737311],[137.419039,34.737315],[137.419036,34.737315],[137.418758,34.737333],[137.418553,34.737363],[137.418395,34.737404],[137.418278,34.737456],[137.418237,34.737479],[137.41885,34.738149],[137.418642,34.738229],[137.418194,34.738352],[137.41748,34.738512],[137.417946,34.74044],[137.418788,34.740256],[137.419073,34.740031],[137.419592,34.739618],[137.419473,34.738602],[137.419517,34.73855],[137.41913,34.738083],[137.41907,34.738016],[137.41968,34.737642],[137.419552,34.737498],[137.419651,34.737436],[137.419521,34.737302],[137.419517,34.73729],[137.419828,34.737107],[137.419656,34.736941],[137.419745,34.736884],[137.419968,34.736517],[137.419632,34.736207]]]}},{"type":"Feature","id":"232011370","properties":{"KEY_CODE":"232011370","PREF":"23","CITY":"201","S_AREA":"137000","PREF_NAME":"愛知県","CITY_NAME":"豊橋市","S_NAME":"高師町","HCODE":8101,"AREA":86443.195,"KIGO_E":"E2","JINKO":0,"SETAI":0,"X_CODE":137.413263,"Y_CODE":34.740494},"geometry":{"type":"Polygon","coordinates":[[[137.412574,34.741828],[137.412709,34.741825],[137.412853,34.741827],[137.412918,34.741807],[137.413165,34.741566],[137.413442,34.741513],[137.413613,34.741481],[137.414097,34.741378],[137.414832,34.741197],[137.415242,34.741089],[137.415149,34.740559],[137.415102,34.740294],[137.41504,34.739955],[137.415032,34.739909],[137.414944,34.739366],[137.414855,34.738849],[137.414238,34.738967],[137.41378,34.739069],[137.413687,34.739095],[137.412846,34.739304],[137.412641,34.739352],[137.412055,34.739493],[137.411875,34.739481],[137.41182,34.739495],[137.41179,34.739525],[137.411782,34.739561],[137.411802,34.739651],[137.411927,34.739911],[137.411916,34.740269],[137.411313,34.740689],[137.41149,34.740821],[137.411384,34.742251],[137.411515,34.742272],[137.41162,34.742284],[137.411687,34.742274],[137.412192,34.742097],[137.412266,34.742029],[137.412413,34.741867],[137.412448,34.741843],[137.412488,34.741831],[137.412574,34.741828]]]}},{"type":"Feature","id":"232011370","properties":{"KEY_CODE":"232011370","PREF":"23","CITY":"201","S_AREA":"137000","PREF_NAME":"愛知県","CITY_NAME":"豊橋市","S_NAME":"高師町","HCODE":8101,"AREA":457133.818,"KIGO_E":"E1","JINKO":3473,"SETAI":1533,"X_CODE":137.383797,"Y_CODE":34.726616},"geometry":{"type":"Polygon","coordinates":[[[137.38645,34.725609],[137.386433,34.724727],[137.386433,34.724719],[137.386426,34.724426],[137.386413,34.723933],[137.386406,34.723756],[137.386406,34.723682],[137.386379,34.722989],[137.386378,34.722637],[137.385123,34.722665],[137.384208,34.722684],[137.38388,34.72269],[137.383543,34.722697],[137.382629,34.722709],[137.382466,34.722767],[137.382398,34.722801],[137.382248,34.722914],[137.382057,34.72296],[137.381498,34.723028],[137.381132,34.723055],[137.381008,34.723075],[137.380909,34.723085],[137.380823,34.7231],[137.380721,34.723125],[137.380632,34.723183],[137.380564,34.723244],[137.380111,34.723258],[137.379957,34.723266],[137.380041,34.723695],[137.37926,34.724129],[137.379444,34.724478],[137.379571,34.724762],[137.379587,34.724745],[137.379614,34.724796],[137.380738,34.726925],[137.380832,34.726987],[137.381546,34.727464],[137.381645,34.727543],[137.381717,34.727609],[137.381802,34.7277],[137.381842,34.727752],[137.381888,34.727791],[137.382025,34.727988],[137.382893,34.729235],[137.38318,34.729651],[137.383545,34.730228],[137.384682,34.73257],[137.384653,34.732578],[137.384761,34.732882],[137.384892,34.733441],[137.384916,34.733378],[137.384957,34.733312],[137.385155,34.733055],[137.385292,34.73289],[137.385607,34.732384],[137.385702,34.7322],[137.385785,34.732036],[137.385905,34.731731],[137.386133,34.731113],[137.38639,34.730453],[137.386502,34.730104],[137.386545,34.729857],[137.38656,34.729592],[137.386485,34.727674],[137.38648,34.727074],[137.386469,34.72657],[137.386463,34.726076],[137.38645,34.725609]]]}},{"type":"Feature","id":"232011370","properties":{"KEY_CODE":"232011370","PREF":"23","CITY":"201","S_AREA":"137000","PREF_NAME":"愛知県","CITY_NAME":"豊橋市","S_NAME":"高師町","HCODE":8101,"AREA":1944.629,"KIGO_E":"E6","JINKO":0,"SETAI":0,"X_CODE":137.408847,"Y_CODE":34.734437},"geometry":{"type":"Polygon","coordinates":[[[137.409006,34.734674],[137.409006,34.734561],[137.409088,34.73455],[137.409046,34.73428],[137.4091,34.734279],[137.409073,34.734122],[137.408901,34.734144],[137.408929,34.734273],[137.408623,34.734326],[137.408637,34.734438],[137.4085,34.734461],[137.408542,34.73463],[137.408815,34.734596],[137.408856,34.734686],[137.409006,34.734674]]]}},{"type":"Feature","id":"232011380","properties":{"KEY_CODE":"232011380","PREF":"23","CITY":"201","S_AREA":"138000","PREF_NAME":"愛知県","CITY_NAME":"豊橋市","S_NAME":"高師本郷町","HCODE":8101,"AREA":691822.15,"KIGO_E":"","JINKO":2164,"SETAI":830,"X_CODE":137.394828,"Y_CODE":34.716786},"geometry":{"type":"Polygon","coordinates":[[[137.396249,34.720324],[137.396175,34.720078],[137.396141,34.71993],[137.396109,34.719787],[137.396275,34.719858],[137.396532,34.719847],[137.396622,34.719846],[137.396784,34.719859],[137.396854,34.719875],[137.397167,34.719931],[137.397634,34.719981],[137.397675,34.720132],[137.397777,34.720481],[137.398402,34.720399],[137.398252,34.72017],[137.398151,34.719972],[137.398006,34.719556],[137.398049,34.719204],[137.398082,34.718837],[137.398045,34.718831],[137.398055,34.718784],[137.39809,34.718469],[137.397988,34.718532],[137.397923,34.718526],[137.397728,34.718365],[137.397659,34.71835],[137.397644,34.718489],[137.397251,34.718531],[137.397413,34.718803],[137.397463,34.718879],[137.397187,34.71902],[137.397148,34.718937],[137.396998,34.718705],[137.396803,34.718775],[137.396798,34.718776],[137.396607,34.718775],[137.396613,34.71872],[137.396648,34.718491],[137.397141,34.718296],[137.397188,34.717959],[137.398155,34.718056],[137.398214,34.716689],[137.39823,34.716326],[137.398238,34.715688],[137.39824,34.715572],[137.398244,34.715117],[137.401046,34.715232],[137.400566,34.713488],[137.400471,34.713165],[137.400507,34.71291],[137.400139,34.712778],[137.399384,34.712531],[137.398691,34.712303],[137.398193,34.712236],[137.397831,34.712205],[137.397397,34.71219],[137.396915,34.712201],[137.396465,34.712216],[137.39605,34.712196],[137.39605,34.712325],[137.396046,34.712485],[137.396031,34.712659],[137.396014,34.71279],[137.396002,34.712888],[137.395978,34.713046],[137.395963,34.713147],[137.394825,34.713304],[137.393858,34.713429],[137.393103,34.713519],[137.392385,34.713617],[137.391521,34.713737],[137.390803,34.71383],[137.390288,34.713909],[137.390189,34.713925],[137.39028,34.714389],[137.390356,34.714772],[137.390377,34.714871],[137.390367,34.715025],[137.39036,34.715143],[137.390349,34.715235],[137.390349,34.715318],[137.390371,34.715394],[137.3904,34.715472],[137.390411,34.715516],[137.390445,34.715575],[137.39046,34.715631],[137.390447,34.715722],[137.390435,34.715848],[137.39043,34.715966],[137.390409,34.716107],[137.390395,34.716179],[137.390361,34.716259],[137.390319,34.716352],[137.390276,34.716464],[137.390237,34.716572],[137.390234,34.716665],[137.390329,34.717008],[137.390357,34.717167],[137.390135,34.717086],[137.390033,34.717423],[137.390331,34.717496],[137.390278,34.717634],[137.390225,34.717796],[137.390206,34.71793],[137.390216,34.718003],[137.390225,34.718151],[137.390235,34.718175],[137.390258,34.718231],[137.390289,34.718325],[137.390314,34.718403],[137.390339,34.718464],[137.390099,34.718549],[137.389978,34.718589],[137.389929,34.718557],[137.389847,34.71855],[137.38982,34.718548],[137.389812,34.718586],[137.389722,34.718977],[137.389442,34.718992],[137.389292,34.719],[137.389514,34.719505],[137.389678,34.719839],[137.389915,34.719983],[137.390058,34.720064],[137.390317,34.720212],[137.390355,34.720112],[137.390373,34.720068],[137.390575,34.720077],[137.390753,34.720082],[137.390942,34.720084],[137.391096,34.720083],[137.391468,34.720163],[137.391609,34.720166],[137.391695,34.720162],[137.39184,34.720153],[137.392016,34.720136],[137.392256,34.720119],[137.392432,34.720117],[137.392651,34.720146],[137.392817,34.720179],[137.392869,34.720192],[137.392932,34.720212],[137.392935,34.720212],[137.392928,34.720293],[137.392928,34.720293],[137.39287,34.720938],[137.392828,34.721295],[137.392774,34.721818],[137.393222,34.721848],[137.394145,34.721911],[137.394787,34.721961],[137.395498,34.721981],[137.396415,34.722005],[137.396543,34.72201],[137.396735,34.722017],[137.396988,34.722024],[137.397137,34.722021],[137.397121,34.721968],[137.396992,34.72184],[137.39661,34.721438],[137.396457,34.721422],[137.396273,34.721416],[137.396287,34.721321],[137.396294,34.721212],[137.396297,34.721157],[137.396299,34.721106],[137.396298,34.720971],[137.396299,34.720823],[137.396292,34.720627],[137.396253,34.720353],[137.396249,34.720324]]]}},{"type":"Feature","id":"232011390","properties":{"KEY_CODE":"232011390","PREF":"23","CITY":"201","S_AREA":"139000","PREF_NAME":"愛知県","CITY_NAME":"豊橋市","S_NAME":"高洲町","HCODE":8101,"AREA":1464631.303,"KIGO_E":"","JINKO":817,"SETAI":323,"X_CODE":137.349392,"Y_CODE":34.769905},"geometry":{"type":"Polygon","coordinates":[[[137.353001,34.775526],[137.353387,34.775524],[137.354171,34.775579],[137.354194,34.775271],[137.354196,34.775021],[137.354232,34.774675],[137.354264,34.77389],[137.354413,34.773885],[137.354554,34.773841],[137.354673,34.77381],[137.354832,34.773744],[137.355048,34.77364],[137.35521,34.773558],[137.355314,34.773521],[137.355429,34.773504],[137.355513,34.773505],[137.355517,34.773269],[137.355528,34.772987],[137.355532,34.772823],[137.355551,34.772623],[137.355589,34.772469],[137.35565,34.772246],[137.355679,34.772117],[137.355706,34.772014],[137.355712,34.772003],[137.355712,34.772],[137.355717,34.771994],[137.355794,34.771885],[137.35599,34.771681],[137.356309,34.771379],[137.356508,34.771183],[137.356624,34.771076],[137.356539,34.770415],[137.356478,34.770107],[137.356491,34.769632],[137.356495,34.769414],[137.356506,34.769042],[137.356502,34.768838],[137.356499,34.768683],[137.356499,34.768474],[137.355828,34.769106],[137.355318,34.768647],[137.353574,34.767079],[137.355552,34.765553],[137.355082,34.764776],[137.35457,34.763882],[137.354046,34.762916],[137.353939,34.762562],[137.353853,34.762011],[137.35371,34.761886],[137.353497,34.761692],[137.353277,34.761483],[137.352494,34.761739],[137.351342,34.762303],[137.350519,34.762719],[137.349575,34.763141],[137.348798,34.763462],[137.348688,34.763642],[137.348365,34.764136],[137.347999,34.764665],[137.347609,34.765096],[137.347054,34.765555],[137.34679,34.765758],[137.34571,34.766379],[137.345133,34.766708],[137.344441,34.767113],[137.343932,34.767329],[137.343748,34.767423],[137.343442,34.768072],[137.342772,34.76944],[137.342847,34.77031],[137.34201,34.770359],[137.341428,34.771201],[137.341498,34.771776],[137.341598,34.772997],[137.342376,34.773467],[137.342074,34.775045],[137.342645,34.775684],[137.34399,34.775692],[137.346456,34.775671],[137.347424,34.775648],[137.352551,34.775534],[137.352726,34.775529],[137.353001,34.775526]]]}},{"type":"Feature","id":"232011400","properties":{"KEY_CODE":"232011400","PREF":"23","CITY":"201","S_AREA":"140000","PREF_NAME":"愛知県","CITY_NAME":"豊橋市","S_NAME":"高田町","HCODE":8101,"AREA":415882.46,"KIGO_E":"","JINKO":96,"SETAI":30,"X_CODE":137.418142,"Y_CODE":34.719368},"geometry":{"type":"Polygon","coordinates":[[[137.422586,34.721302],[137.423136,34.71981],[137.421438,34.719842],[137.419054,34.719511],[137.419044,34.719158],[137.419049,34.718934],[137.41991,34.718615],[137.419703,34.718205],[137.419639,34.718091],[137.419537,34.717926],[137.419515,34.717879],[137.419511,34.71787],[137.419509,34.717867],[137.419475,34.717796],[137.419378,34.717639],[137.419279,34.717459],[137.419158,34.717323],[137.419077,34.717241],[137.419006,34.717165],[137.418944,34.717095],[137.418885,34.717029],[137.418858,34.716985],[137.418851,34.716958],[137.41893,34.716514],[137.419047,34.716234],[137.419379,34.715498],[137.419522,34.715202],[137.419562,34.715138],[137.419601,34.715116],[137.419676,34.715094],[137.419798,34.715088],[137.419922,34.715079],[137.42001,34.715053],[137.420092,34.714988],[137.420137,34.714919],[137.420173,34.71482],[137.420161,34.714734],[137.419975,34.714453],[137.418855,34.714596],[137.418751,34.714605],[137.418676,34.71419],[137.418616,34.713832],[137.418488,34.71385],[137.418451,34.713638],[137.418446,34.713632],[137.418438,34.713628],[137.418423,34.713625],[137.41839,34.713625],[137.418121,34.713694],[137.418144,34.713877],[137.418208,34.714235],[137.418226,34.714396],[137.418206,34.714456],[137.418161,34.71452],[137.418115,34.714568],[137.418043,34.714633],[137.417957,34.714727],[137.417888,34.714833],[137.417822,34.715065],[137.417725,34.715323],[137.41768,34.715365],[137.417615,34.715391],[137.417483,34.715415],[137.417367,34.715663],[137.417258,34.715852],[137.416671,34.715922],[137.416282,34.715968],[137.416449,34.716145],[137.416917,34.716641],[137.415802,34.716767],[137.41565,34.716805],[137.415333,34.716951],[137.414986,34.717044],[137.414905,34.717079],[137.414789,34.717179],[137.414283,34.717263],[137.414145,34.717572],[137.414077,34.717733],[137.413976,34.717973],[137.414324,34.718167],[137.414051,34.720497],[137.416523,34.721357],[137.416602,34.721481],[137.41702,34.721618],[137.416627,34.722408],[137.417302,34.722645],[137.417793,34.722765],[137.418538,34.722955],[137.422074,34.722633],[137.422586,34.721302]]]}},{"type":"Feature","id":"232011410","properties":{"KEY_CODE":"232011410","PREF":"23","CITY":"201","S_AREA":"141000","PREF_NAME":"愛知県","CITY_NAME":"豊橋市","S_NAME":"高塚町","HCODE":8101,"AREA":4418421.299,"KIGO_E":"","JINKO":572,"SETAI":171,"X_CODE":137.399795,"Y_CODE":34.672149},"geometry":{"type":"Polygon","coordinates":[[[137.397571,34.689358],[137.39843,34.68785],[137.398441,34.68783],[137.398515,34.687672],[137.398599,34.6875],[137.3987,34.687204],[137.398787,34.686756],[137.398982,34.686685],[137.399394,34.686512],[137.399621,34.686413],[137.399748,34.686337],[137.399955,34.686113],[137.400112,34.685947],[137.40019,34.685859],[137.400273,34.68582],[137.400376,34.685794],[137.400717,34.685817],[137.401065,34.68575],[137.401386,34.685645],[137.401512,34.685587],[137.401633,34.685478],[137.401856,34.685177],[137.402048,34.684971],[137.402148,34.684939],[137.402945,34.684827],[137.403768,34.681178],[137.404386,34.680605],[137.404875,34.680057],[137.405236,34.679476],[137.405207,34.679223],[137.405115,34.678848],[137.40516,34.678551],[137.405308,34.678191],[137.405496,34.677933],[137.405683,34.677717],[137.405855,34.677548],[137.406038,34.677415],[137.406128,34.677324],[137.406157,34.67726],[137.406165,34.677222],[137.406052,34.67708],[137.405799,34.676877],[137.405397,34.676629],[137.405207,34.676488],[137.40515,34.67638],[137.405079,34.676038],[137.404801,34.675802],[137.404672,34.675547],[137.404508,34.675327],[137.404539,34.675146],[137.404618,34.674977],[137.404791,34.674682],[137.404941,34.674466],[137.405339,34.674043],[137.406465,34.672911],[137.406569,34.672882],[137.408582,34.671734],[137.408872,34.671594],[137.409017,34.671515],[137.409218,34.671331],[137.411093,34.669987],[137.41058,34.669864],[137.410871,34.669129],[137.411208,34.66921],[137.411332,34.668848],[137.411002,34.668772],[137.411169,34.668326],[137.411292,34.668029],[137.411237,34.667932],[137.411207,34.667879],[137.411149,34.667826],[137.411001,34.667738],[137.410871,34.667655],[137.410775,34.667562],[137.410709,34.66748],[137.410685,34.6673],[137.410653,34.667168],[137.410627,34.666963],[137.410617,34.666588],[137.410678,34.66652],[137.410782,34.666466],[137.410926,34.666422],[137.411329,34.666449],[137.411697,34.666463],[137.411896,34.666404],[137.41268,34.666123],[137.412756,34.666112],[137.413253,34.666139],[137.413403,34.665736],[137.41475,34.665047],[137.415274,34.662645],[137.4152,34.66262],[137.415124,34.662605],[137.415055,34.662587],[137.414954,34.662587],[137.414906,34.66257],[137.41486,34.662541],[137.414835,34.662529],[137.41482,34.662527],[137.414756,34.662545],[137.414744,34.662546],[137.41473,34.662542],[137.414603,34.662488],[137.414585,34.662485],[137.414566,34.662487],[137.414527,34.662503],[137.414497,34.662507],[137.414477,34.662507],[137.414452,34.662498],[137.414383,34.662458],[137.414355,34.662446],[137.414284,34.662448],[137.414117,34.662465],[137.413921,34.662473],[137.413713,34.662481],[137.413634,34.662482],[137.413519,34.662475],[137.4131,34.662435],[137.412971,34.662412],[137.412698,34.66235],[137.412374,34.662268],[137.412181,34.662214],[137.412132,34.662195],[137.412035,34.662156],[137.411889,34.662115],[137.4118,34.662097],[137.411548,34.662046],[137.411449,34.662032],[137.41138,34.662025],[137.410862,34.662003],[137.410364,34.662001],[137.410114,34.66201],[137.410072,34.662012],[137.409898,34.66205],[137.409849,34.662053],[137.40981,34.662047],[137.409673,34.662001],[137.409436,34.661932],[137.409378,34.661924],[137.40919,34.661908],[137.40907,34.661897],[137.408566,34.661822],[137.408524,34.661821],[137.408465,34.66183],[137.408409,34.661852],[137.408382,34.661858],[137.408359,34.661859],[137.408339,34.661861],[137.408329,34.66186],[137.408276,34.661857],[137.408243,34.661865],[137.408219,34.661853],[137.408215,34.66183],[137.408206,34.661823],[137.408177,34.661814],[137.408158,34.661812],[137.408134,34.661804],[137.408108,34.661788],[137.408067,34.661747],[137.40802,34.661728],[137.407719,34.661642],[137.406872,34.661442],[137.406792,34.661418],[137.406734,34.661398],[137.406641,34.661347],[137.406624,34.661345],[137.406506,34.661322],[137.406235,34.661281],[137.406111,34.661242],[137.405998,34.661216],[137.405953,34.661207],[137.405856,34.661188],[137.405736,34.661169],[137.405648,34.661136],[137.405577,34.661125],[137.405556,34.661124],[137.40549,34.661106],[137.405439,34.661098],[137.405329,34.661089],[137.405254,34.661067],[137.404998,34.661018],[137.403668,34.660769],[137.403237,34.660678],[137.40317,34.660666],[137.402946,34.660618],[137.402839,34.66059],[137.402427,34.660502],[137.402117,34.660445],[137.401803,34.660349],[137.401662,34.660292],[137.401553,34.660258],[137.401354,34.660205],[137.401238,34.660162],[137.401002,34.6601],[137.400893,34.660072],[137.400574,34.660017],[137.400258,34.659965],[137.399606,34.659882],[137.399415,34.659851],[137.399252,34.659812],[137.399222,34.659805],[137.399169,34.659793],[137.399009,34.659758],[137.398647,34.659666],[137.398275,34.659603],[137.398123,34.65958],[137.39772,34.659516],[137.397599,34.659494],[137.397339,34.659454],[137.39717,34.659424],[137.39671,34.659354],[137.396509,34.659317],[137.396148,34.659292],[137.39595,34.659256],[137.395932,34.659251],[137.395805,34.659232],[137.395601,34.659194],[137.39498,34.65909],[137.394207,34.658935],[137.394073,34.658919],[137.39395,34.658898],[137.39394,34.658896],[137.393851,34.658868],[137.393778,34.658859],[137.393633,34.658835],[137.393444,34.658797],[137.393334,34.65878],[137.393136,34.658739],[137.393093,34.658735],[137.393084,34.658811],[137.392993,34.65889],[137.392966,34.65903],[137.392927,34.659163],[137.392852,34.659311],[137.392804,34.659372],[137.392721,34.659444],[137.392588,34.659539],[137.392507,34.659635],[137.392401,34.659824],[137.392339,34.65996],[137.392224,34.660049],[137.39221,34.660083],[137.392224,34.660118],[137.392284,34.660151],[137.392586,34.660235],[137.392739,34.660396],[137.392805,34.660628],[137.392759,34.66095],[137.392784,34.661058],[137.392919,34.661244],[137.393006,34.661379],[137.392891,34.66272],[137.392926,34.66308],[137.392936,34.663408],[137.392642,34.663872],[137.392418,34.664237],[137.39201,34.664687],[137.391651,34.66512],[137.39174,34.665416],[137.391711,34.665857],[137.391888,34.666441],[137.392171,34.667088],[137.391501,34.666987],[137.390736,34.66685],[137.390549,34.66681],[137.389685,34.666512],[137.389626,34.666492],[137.389217,34.668339],[137.388808,34.668131],[137.389281,34.669298],[137.389337,34.669436],[137.389424,34.669669],[137.389482,34.669946],[137.3895,34.670094],[137.389511,34.670168],[137.389725,34.670229],[137.389825,34.670306],[137.390107,34.670779],[137.390254,34.671032],[137.390496,34.671252],[137.390857,34.671357],[137.391249,34.671476],[137.39142,34.671497],[137.391527,34.671508],[137.39172,34.671502],[137.391984,34.671513],[137.392101,34.671544],[137.392237,34.671606],[137.392319,34.671724],[137.392394,34.671844],[137.392406,34.672042],[137.392433,34.672362],[137.392413,34.672775],[137.392378,34.673041],[137.392316,34.673131],[137.392198,34.673232],[137.392091,34.6733],[137.391756,34.673596],[137.391705,34.673789],[137.391706,34.674105],[137.391515,34.674189],[137.391558,34.67441],[137.39157,34.67462],[137.391531,34.674738],[137.391015,34.675843],[137.390612,34.676621],[137.390531,34.676875],[137.390171,34.678052],[137.389876,34.67909],[137.389669,34.679829],[137.389641,34.680045],[137.389656,34.680304],[137.389719,34.680636],[137.389935,34.681235],[137.39013,34.681662],[137.392872,34.682205],[137.394601,34.682584],[137.395628,34.682465],[137.396754,34.682341],[137.396753,34.682519],[137.39675,34.682617],[137.396718,34.68275],[137.396654,34.682906],[137.396605,34.683142],[137.396568,34.683554],[137.396562,34.683699],[137.396516,34.683947],[137.396481,34.684189],[137.396425,34.684983],[137.396536,34.685682],[137.396043,34.685675],[137.396034,34.685875],[137.396268,34.685888],[137.396605,34.685905],[137.396633,34.686221],[137.396656,34.686518],[137.396643,34.68669],[137.396566,34.686951],[137.396602,34.687001],[137.396635,34.687083],[137.396609,34.687198],[137.39658,34.687272],[137.396513,34.68737],[137.39648,34.687476],[137.396424,34.687587],[137.396274,34.687791],[137.396073,34.688078],[137.39529,34.688226],[137.395254,34.687943],[137.39423,34.688164],[137.394854,34.690327],[137.395194,34.691631],[137.39418,34.693832],[137.393602,34.695052],[137.393441,34.695339],[137.39355,34.695311],[137.394899,34.694957],[137.395261,34.694814],[137.395602,34.694716],[137.395787,34.694705],[137.3961,34.694686],[137.396175,34.69465],[137.396334,34.694561],[137.396459,34.694409],[137.397086,34.693261],[137.397172,34.693206],[137.397273,34.693165],[137.397539,34.693057],[137.397403,34.692524],[137.397278,34.692447],[137.39723,34.692363],[137.397216,34.692256],[137.397244,34.692123],[137.397368,34.691986],[137.397509,34.691914],[137.397357,34.691889],[137.397253,34.691832],[137.397242,34.691771],[137.397373,34.691527],[137.397487,34.691327],[137.397485,34.691195],[137.397394,34.690981],[137.397276,34.690745],[137.396755,34.690197],[137.39715,34.689887],[137.397349,34.689682],[137.397571,34.689358]]]}},{"type":"Feature","id":"23201142001","properties":{"KEY_CODE":"23201142001","PREF":"23","CITY":"201","S_AREA":"142001","PREF_NAME":"愛知県","CITY_NAME":"豊橋市","S_NAME":"忠興一丁目","HCODE":8101,"AREA":152251.938,"KIGO_E":"","JINKO":836,"SETAI":331,"X_CODE":137.431896,"Y_CODE":34.775545},"geometry":{"type":"Polygon","coordinates":[[[137.433089,34.777424],[137.433107,34.777393],[137.433133,34.777372],[137.433383,34.777245],[137.433452,34.777215],[137.433509,34.777171],[137.433565,34.777109],[137.433704,34.776939],[137.434125,34.776391],[137.434269,34.776177],[137.43443,34.775931],[137.434806,34.775549],[137.434991,34.775386],[137.435414,34.77512],[137.435561,34.775008],[137.435723,34.774857],[137.435801,34.774773],[137.435883,34.774658],[137.435965,34.774514],[137.434688,34.774489],[137.434096,34.77447],[137.432567,34.774372],[137.432565,34.77441],[137.432026,34.774385],[137.431419,34.774361],[137.430262,34.774303],[137.4299,34.774286],[137.428584,34.774231],[137.428699,34.775076],[137.428783,34.775587],[137.428834,34.775994],[137.428834,34.775996],[137.428926,34.776599],[137.429999,34.776584],[137.430504,34.77658],[137.43154,34.776571],[137.432009,34.776564],[137.431966,34.777402],[137.432431,34.777399],[137.433089,34.777424]]]}},{"type":"Feature","id":"23201142002","properties":{"KEY_CODE":"23201142002","PREF":"23","CITY":"201","S_AREA":"142002","PREF_NAME":"愛知県","CITY_NAME":"豊橋市","S_NAME":"忠興二丁目","HCODE":8101,"AREA":111442.898,"KIGO_E":"","JINKO":715,"SETAI":278,"X_CODE":137.430938,"Y_CODE":34.778292},"geometry":{"type":"Polygon","coordinates":[[[137.433089,34.777424],[137.432431,34.777399],[137.431966,34.777402],[137.432009,34.776564],[137.43154,34.776571],[137.430504,34.77658],[137.429999,34.776584],[137.428926,34.776599],[137.429061,34.777098],[137.429184,34.777554],[137.429401,34.77834],[137.429544,34.778887],[137.429801,34.779869],[137.429922,34.780334],[137.431077,34.780128],[137.43231,34.779919],[137.432188,34.779557],[137.432671,34.779555],[137.43266,34.779012],[137.432638,34.778443],[137.432659,34.778328],[137.432686,34.778261],[137.4327,34.778224],[137.433089,34.777424]]]}},{"type":"Feature","id":"23201142003","properties":{"KEY_CODE":"23201142003","PREF":"23","CITY":"201","S_AREA":"142003","PREF_NAME":"愛知県","CITY_NAME":"豊橋市","S_NAME":"忠興三丁目","HCODE":8101,"AREA":114213.173,"KIGO_E":"","JINKO":542,"SETAI":226,"X_CODE":137.431695,"Y_CODE":34.782362},"geometry":{"type":"Polygon","coordinates":[[[137.432459,34.780339],[137.43231,34.779919],[137.431077,34.780128],[137.429922,34.780334],[137.43004,34.78078],[137.430289,34.781711],[137.430733,34.783351],[137.430936,34.784092],[137.431151,34.784927],[137.432164,34.784741],[137.433266,34.784533],[137.433258,34.784481],[137.433029,34.782943],[137.432917,34.78216],[137.432804,34.781378],[137.432765,34.781246],[137.432459,34.780339]]]}},{"type":"Feature","id":"232011450","properties":{"KEY_CODE":"232011450","PREF":"23","CITY":"201","S_AREA":"145000","PREF_NAME":"愛知県","CITY_NAME":"豊橋市","S_NAME":"立花町","HCODE":8101,"AREA":63057.282,"KIGO_E":"","JINKO":258,"SETAI":122,"X_CODE":137.376708,"Y_CODE":34.760353},"geometry":{"type":"Polygon","coordinates":[[[137.376604,34.759321],[137.375502,34.75913],[137.375334,34.759891],[137.37523,34.7603],[137.375184,34.760496],[137.375048,34.760917],[137.374984,34.761173],[137.374941,34.761348],[137.374935,34.761359],[137.374914,34.761406],[137.376,34.761368],[137.377713,34.761298],[137.378245,34.761271],[137.378032,34.761165],[137.378691,34.75966],[137.378349,34.759593],[137.377331,34.759439],[137.376604,34.759321]]]}},{"type":"Feature","id":"232011460","properties":{"KEY_CODE":"232011460","PREF":"23","CITY":"201","S_AREA":"146000","PREF_NAME":"愛知県","CITY_NAME":"豊橋市","S_NAME":"多米町","HCODE":8101,"AREA":5762563.545,"KIGO_E":"","JINKO":1185,"SETAI":251,"X_CODE":137.469457,"Y_CODE":34.761734},"geometry":{"type":"Polygon","coordinates":[[[137.474478,34.774657],[137.474874,34.774628],[137.47518,34.77463],[137.475393,34.774645],[137.475736,34.774644],[137.47593,34.774646],[137.476172,34.774656],[137.476325,34.774675],[137.476336,34.774592],[137.476393,34.774479],[137.476525,34.774335],[137.476824,34.77399],[137.477359,34.773262],[137.477777,34.772727],[137.478152,34.772448],[137.478468,34.772118],[137.478808,34.771844],[137.47909,34.771592],[137.47915,34.771353],[137.479069,34.771089],[137.47852,34.770285],[137.477815,34.769282],[137.47748,34.768664],[137.477227,34.7683],[137.477037,34.768107],[137.476948,34.767897],[137.476957,34.767819],[137.476987,34.767574],[137.477129,34.767015],[137.477213,34.766688],[137.47721,34.766521],[137.477157,34.766286],[137.477109,34.766138],[137.477108,34.76599],[137.47715,34.765842],[137.477175,34.765668],[137.477175,34.76555],[137.477207,34.765095],[137.477217,34.764725],[137.47729,34.764503],[137.47731,34.764337],[137.477257,34.764211],[137.477151,34.764111],[137.477021,34.763913],[137.476962,34.763761],[137.476814,34.763221],[137.476799,34.762964],[137.476834,34.762865],[137.477232,34.762177],[137.477179,34.761411],[137.477191,34.761309],[137.477282,34.760937],[137.477475,34.760427],[137.477469,34.760297],[137.477442,34.760013],[137.477362,34.759835],[137.477173,34.759623],[137.476967,34.759501],[137.476744,34.759393],[137.476781,34.759151],[137.476793,34.758934],[137.476723,34.75874],[137.476582,34.758531],[137.476386,34.758349],[137.476338,34.758284],[137.476659,34.758039],[137.476934,34.757811],[137.477119,34.75754],[137.477311,34.757232],[137.47737,34.757051],[137.477417,34.756916],[137.477422,34.75681],[137.477422,34.756701],[137.477398,34.756653],[137.477367,34.756612],[137.477305,34.756574],[137.477208,34.756527],[137.476832,34.756411],[137.476478,34.75629],[137.476246,34.756203],[137.476092,34.756047],[137.475933,34.755882],[137.475717,34.755734],[137.47551,34.755561],[137.475304,34.755439],[137.475005,34.75529],[137.474857,34.755173],[137.474857,34.755038],[137.474909,34.754811],[137.474997,34.754549],[137.475092,34.753675],[137.475155,34.75324],[137.475261,34.75293],[137.475299,34.752773],[137.475335,34.75269],[137.475378,34.752524],[137.475397,34.75236],[137.475405,34.752229],[137.475357,34.752007],[137.475348,34.751891],[137.475357,34.751735],[137.475372,34.751582],[137.475383,34.751517],[137.475422,34.751457],[137.475473,34.751405],[137.475513,34.751379],[137.475543,34.751351],[137.475557,34.751328],[137.475554,34.751289],[137.47554,34.75125],[137.475509,34.751213],[137.47548,34.751186],[137.475446,34.751163],[137.475384,34.751133],[137.475238,34.75105],[137.475174,34.750995],[137.475075,34.750903],[137.474949,34.750762],[137.474836,34.750636],[137.474484,34.750334],[137.474283,34.750067],[137.47421,34.750003],[137.474001,34.749819],[137.473552,34.749443],[137.473166,34.749229],[137.472739,34.74892],[137.472424,34.748677],[137.472265,34.748488],[137.47218,34.748397],[137.472104,34.748605],[137.471861,34.748891],[137.471454,34.749166],[137.470839,34.749501],[137.470119,34.749798],[137.469683,34.749907],[137.469335,34.749942],[137.469002,34.749953],[137.468656,34.750052],[137.468176,34.750302],[137.467597,34.750686],[137.467509,34.750765],[137.467506,34.750747],[137.467375,34.750833],[137.466893,34.751132],[137.466814,34.751193],[137.466707,34.751245],[137.466465,34.751402],[137.466348,34.751506],[137.466285,34.751531],[137.466189,34.751571],[137.466105,34.751594],[137.466004,34.751567],[137.465924,34.751556],[137.465807,34.751588],[137.465709,34.751645],[137.465636,34.751707],[137.465596,34.751732],[137.465563,34.751738],[137.465474,34.751749],[137.465396,34.751761],[137.465291,34.751792],[137.465137,34.751859],[137.464998,34.751938],[137.464872,34.752024],[137.46481,34.752067],[137.464717,34.752106],[137.464591,34.752153],[137.464574,34.75217],[137.464529,34.752253],[137.464371,34.752309],[137.464197,34.752347],[137.464046,34.752387],[137.46395,34.752387],[137.463735,34.752357],[137.463549,34.752339],[137.463438,34.752357],[137.46329,34.752443],[137.46309,34.752456],[137.462942,34.752518],[137.462786,34.752622],[137.46269,34.752702],[137.462668,34.752788],[137.462676,34.752941],[137.462695,34.753146],[137.462637,34.753293],[137.462444,34.753434],[137.462081,34.753582],[137.461854,34.753712],[137.461024,34.754448],[137.460957,34.754506],[137.460927,34.754579],[137.460903,34.754604],[137.460843,34.754622],[137.460763,34.754625],[137.460731,34.754666],[137.460679,34.754691],[137.460619,34.754693],[137.460486,34.754649],[137.460436,34.754644],[137.460381,34.75466],[137.460324,34.754695],[137.460118,34.754809],[137.459976,34.75491],[137.459878,34.755067],[137.459576,34.755613],[137.459427,34.755951],[137.459407,34.756011],[137.459365,34.756054],[137.459305,34.756083],[137.458783,34.75627],[137.458857,34.756432],[137.458978,34.756636],[137.459184,34.75719],[137.456402,34.757068],[137.456301,34.758586],[137.457876,34.758656],[137.457815,34.758461],[137.45781,34.758449],[137.457763,34.758311],[137.457692,34.758186],[137.457644,34.758124],[137.457691,34.757921],[137.458157,34.757644],[137.458979,34.757681],[137.458907,34.757868],[137.458925,34.758069],[137.45895,34.758307],[137.458928,34.758508],[137.458873,34.758924],[137.458872,34.758931],[137.458801,34.759202],[137.458706,34.759352],[137.458556,34.759468],[137.458783,34.759729],[137.458863,34.759972],[137.458864,34.759978],[137.458934,34.76011],[137.459206,34.760625],[137.459189,34.760766],[137.459176,34.760809],[137.460481,34.7612],[137.460598,34.761248],[137.460813,34.761407],[137.460995,34.761589],[137.461144,34.761673],[137.461269,34.761708],[137.46144,34.761711],[137.461685,34.761704],[137.462026,34.762284],[137.462259,34.762716],[137.462391,34.762976],[137.462439,34.76319],[137.462438,34.763369],[137.46244,34.763586],[137.461721,34.763879],[137.461566,34.763944],[137.461282,34.764394],[137.461211,34.764542],[137.461149,34.76474],[137.461035,34.765288],[137.46093,34.765836],[137.460945,34.765995],[137.460938,34.766393],[137.460942,34.766416],[137.460929,34.766417],[137.460793,34.766375],[137.460621,34.766201],[137.460238,34.765813],[137.459773,34.765354],[137.459772,34.765353],[137.459547,34.765085],[137.459464,34.764843],[137.459423,34.764634],[137.459227,34.764517],[137.459059,34.764455],[137.458887,34.7644],[137.458792,34.764343],[137.458703,34.764294],[137.458565,34.764289],[137.458465,34.764304],[137.458285,34.764324],[137.458054,34.764388],[137.457681,34.764523],[137.457596,34.764523],[137.457414,34.76448],[137.457071,34.764332],[137.456807,34.764191],[137.456513,34.764861],[137.456458,34.764949],[137.456344,34.765046],[137.456255,34.7651],[137.455966,34.765082],[137.455012,34.765019],[137.454911,34.764829],[137.454911,34.764762],[137.454911,34.764592],[137.454952,34.764417],[137.455019,34.764292],[137.455066,34.764077],[137.454752,34.763845],[137.454696,34.763693],[137.454595,34.763471],[137.454583,34.76335],[137.454605,34.763184],[137.45463,34.76296],[137.454621,34.762697],[137.454697,34.762391],[137.4547,34.762377],[137.4547,34.762377],[137.454492,34.762378],[137.454262,34.762345],[137.454037,34.762264],[137.453881,34.762175],[137.453655,34.762039],[137.453554,34.76199],[137.453588,34.761988],[137.453584,34.761816],[137.453581,34.76176],[137.453174,34.761786],[137.451559,34.761894],[137.450943,34.761944],[137.449659,34.761998],[137.448301,34.762018],[137.448298,34.762209],[137.447976,34.762433],[137.447719,34.762594],[137.44745,34.762692],[137.447105,34.762877],[137.446738,34.763118],[137.44669,34.76312],[137.446454,34.763],[137.446343,34.762004],[137.44593,34.762],[137.445373,34.761997],[137.44481,34.761988],[137.443267,34.761975],[137.442578,34.76198],[137.441774,34.762059],[137.441475,34.762604],[137.441201,34.763106],[137.441029,34.763704],[137.440483,34.764205],[137.440479,34.764209],[137.440068,34.764588],[137.439814,34.765046],[137.440098,34.765355],[137.43978,34.765677],[137.439883,34.766099],[137.439371,34.766404],[137.439326,34.76666],[137.439273,34.76671],[137.439175,34.766933],[137.439122,34.767016],[137.438817,34.766979],[137.438691,34.766943],[137.438574,34.766872],[137.437507,34.766098],[137.437409,34.766004],[137.437215,34.765987],[137.437231,34.765875],[137.436217,34.765552],[137.435838,34.765345],[137.435456,34.765112],[137.434935,34.764754],[137.434326,34.764285],[137.43418,34.764132],[137.433802,34.763802],[137.433697,34.763752],[137.433488,34.763695],[137.433153,34.763584],[137.432898,34.763454],[137.432497,34.763304],[137.43226,34.763288],[137.432082,34.763318],[137.431891,34.763382],[137.431635,34.763484],[137.431474,34.763523],[137.431117,34.763556],[137.430762,34.763574],[137.43054,34.763514],[137.430388,34.763405],[137.430283,34.763511],[137.430203,34.763571],[137.43016,34.763602],[137.430024,34.763681],[137.429735,34.763811],[137.430673,34.764259],[137.430768,34.764316],[137.43105,34.764417],[137.431378,34.764569],[137.431389,34.764919],[137.43182,34.765852],[137.432077,34.766385],[137.432182,34.766382],[137.432226,34.766385],[137.432263,34.766412],[137.43232,34.766553],[137.432356,34.766638],[137.432239,34.767152],[137.432338,34.767333],[137.432502,34.767633],[137.432681,34.767959],[137.432823,34.768321],[137.432925,34.76849],[137.43313,34.768609],[137.433259,34.768919],[137.43352,34.769556],[137.433589,34.769724],[137.433999,34.769699],[137.434079,34.76969],[137.434301,34.769662],[137.434695,34.769611],[137.434881,34.769594],[137.435076,34.769587],[137.435304,34.769646],[137.435514,34.769715],[137.43569,34.769747],[137.435905,34.769749],[137.436118,34.76976],[137.436265,34.769765],[137.436382,34.769779],[137.436455,34.769778],[137.436615,34.769853],[137.436807,34.769952],[137.436965,34.770049],[137.43705,34.770066],[137.437159,34.770088],[137.437269,34.770077],[137.437405,34.770043],[137.437541,34.769986],[137.437652,34.769959],[137.4378,34.76995],[137.438173,34.76993],[137.438369,34.769951],[137.438558,34.769996],[137.438674,34.770057],[137.438744,34.770112],[137.438744,34.770161],[137.43871,34.770221],[137.438679,34.770308],[137.438656,34.770396],[137.438656,34.770463],[137.438682,34.770508],[137.438722,34.770545],[137.438774,34.770566],[137.438829,34.770566],[137.438923,34.770512],[137.439019,34.770445],[137.439105,34.770406],[137.439163,34.770378],[137.439236,34.770369],[137.439301,34.770367],[137.439403,34.77033],[137.439465,34.770297],[137.439528,34.770263],[137.439562,34.770228],[137.439588,34.770181],[137.439588,34.770103],[137.439589,34.770014],[137.439596,34.769968],[137.439614,34.769947],[137.439828,34.769951],[137.439915,34.769944],[137.439988,34.769875],[137.440036,34.769796],[137.440153,34.769508],[137.440212,34.769491],[137.440287,34.769517],[137.440357,34.769605],[137.440438,34.76979],[137.440487,34.770064],[137.440458,34.770112],[137.440434,34.770151],[137.440429,34.770196],[137.440442,34.770263],[137.440461,34.770327],[137.440511,34.77039],[137.440615,34.770441],[137.440731,34.770482],[137.441083,34.770548],[137.441423,34.770582],[137.44192,34.770585],[137.442409,34.77059],[137.442837,34.770452],[137.443058,34.770381],[137.443421,34.770249],[137.443426,34.770249],[137.443891,34.770263],[137.444317,34.770321],[137.444986,34.7704],[137.445154,34.770401],[137.4453,34.770385],[137.44552,34.770322],[137.445648,34.770278],[137.445792,34.770247],[137.445949,34.770221],[137.4461,34.770221],[137.446249,34.770244],[137.446586,34.770271],[137.446863,34.770297],[137.447149,34.770321],[137.44733,34.770366],[137.447772,34.770528],[137.448165,34.770617],[137.448265,34.77067],[137.448356,34.770731],[137.44844,34.77078],[137.448502,34.770787],[137.448589,34.770771],[137.44867,34.770736],[137.448902,34.770631],[137.448953,34.770612],[137.449052,34.770588],[137.449262,34.770502],[137.449651,34.770489],[137.450507,34.770516],[137.450856,34.770544],[137.45125,34.770568],[137.451602,34.77065],[137.451782,34.770695],[137.451949,34.770723],[137.452286,34.770862],[137.452288,34.770864],[137.452607,34.771076],[137.45282,34.771262],[137.453149,34.771352],[137.453365,34.771397],[137.453843,34.771471],[137.454257,34.771584],[137.454768,34.771796],[137.454918,34.77191],[137.455007,34.771978],[137.455214,34.772016],[137.455246,34.772007],[137.455467,34.771947],[137.456049,34.771737],[137.456245,34.771699],[137.456474,34.771623],[137.457162,34.771532],[137.457471,34.771504],[137.457911,34.771457],[137.458198,34.771426],[137.458669,34.771403],[137.458908,34.771523],[137.459504,34.771988],[137.459764,34.772152],[137.460004,34.772191],[137.4603,34.77214],[137.460837,34.77193],[137.460861,34.77192],[137.460885,34.771914],[137.461449,34.771724],[137.46169,34.771689],[137.461912,34.771694],[137.462357,34.77178],[137.462595,34.771832],[137.462718,34.771852],[137.462854,34.771863],[137.463044,34.771866],[137.463316,34.771844],[137.463794,34.771763],[137.464475,34.771586],[137.464743,34.7715],[137.464938,34.771469],[137.465153,34.771446],[137.465321,34.771465],[137.465482,34.771504],[137.465991,34.771615],[137.466183,34.771661],[137.466431,34.77173],[137.466656,34.771798],[137.466765,34.771833],[137.466975,34.7719],[137.467314,34.772028],[137.467559,34.772136],[137.467852,34.772254],[137.468244,34.772446],[137.468383,34.772522],[137.468729,34.772746],[137.469173,34.773093],[137.469682,34.773449],[137.470172,34.773651],[137.470619,34.773764],[137.471024,34.77375],[137.47134,34.773861],[137.471491,34.773988],[137.471599,34.774106],[137.472224,34.774868],[137.47231,34.77495],[137.472394,34.775005],[137.472492,34.775046],[137.472615,34.77507],[137.47301,34.775011],[137.473437,34.774879],[137.473886,34.774732],[137.474111,34.774675],[137.474478,34.774657]]]}},{"type":"Feature","id":"23201147001","properties":{"KEY_CODE":"23201147001","PREF":"23","CITY":"201","S_AREA":"147001","PREF_NAME":"愛知県","CITY_NAME":"豊橋市","S_NAME":"多米中町一丁目","HCODE":8101,"AREA":149218.224,"KIGO_E":"","JINKO":1091,"SETAI":404,"X_CODE":137.443673,"Y_CODE":34.760301},"geometry":{"type":"Polygon","coordinates":[[[137.442578,34.76198],[137.443267,34.761975],[137.44481,34.761988],[137.445373,34.761997],[137.44593,34.762],[137.445954,34.761158],[137.445955,34.760893],[137.445966,34.760549],[137.445971,34.760293],[137.445982,34.759379],[137.445808,34.75924],[137.445484,34.759038],[137.445371,34.758991],[137.445154,34.758891],[137.444792,34.758748],[137.444492,34.75865],[137.444177,34.758571],[137.443809,34.758507],[137.443306,34.758479],[137.443004,34.758482],[137.442521,34.758519],[137.442122,34.758601],[137.44191,34.75865],[137.441833,34.75869],[137.441542,34.758764],[137.441266,34.758842],[137.44127,34.758865],[137.441507,34.760351],[137.441576,34.760794],[137.441774,34.762059],[137.442578,34.76198]]]}},{"type":"Feature","id":"23201147002","properties":{"KEY_CODE":"23201147002","PREF":"23","CITY":"201","S_AREA":"147002","PREF_NAME":"愛知県","CITY_NAME":"豊橋市","S_NAME":"多米中町二丁目","HCODE":8101,"AREA":159012.62,"KIGO_E":"","JINKO":996,"SETAI":372,"X_CODE":137.44938,"Y_CODE":34.760489},"geometry":{"type":"Polygon","coordinates":[[[137.451559,34.761894],[137.451609,34.761219],[137.451663,34.76065],[137.451686,34.760128],[137.451716,34.759586],[137.451745,34.759066],[137.451788,34.758389],[137.449888,34.758298],[137.449066,34.758258],[137.448756,34.757808],[137.44863,34.757615],[137.448525,34.757467],[137.448511,34.757738],[137.448471,34.758492],[137.448441,34.758921],[137.448425,34.759079],[137.448395,34.759484],[137.448386,34.759712],[137.448371,34.760001],[137.448299,34.760991],[137.448292,34.761257],[137.446759,34.761186],[137.445954,34.761158],[137.44593,34.762],[137.446343,34.762004],[137.446454,34.763],[137.44669,34.76312],[137.446738,34.763118],[137.447105,34.762877],[137.44745,34.762692],[137.447719,34.762594],[137.447976,34.762433],[137.448298,34.762209],[137.448301,34.762018],[137.449659,34.761998],[137.450943,34.761944],[137.451559,34.761894]]]}},{"type":"Feature","id":"23201147003","properties":{"KEY_CODE":"23201147003","PREF":"23","CITY":"201","S_AREA":"147003","PREF_NAME":"愛知県","CITY_NAME":"豊橋市","S_NAME":"多米中町三丁目","HCODE":8101,"AREA":56649.097,"KIGO_E":"","JINKO":1228,"SETAI":560,"X_CODE":137.447168,"Y_CODE":34.760029},"geometry":{"type":"Polygon","coordinates":[[[137.447007,34.758863],[137.445994,34.758825],[137.445988,34.758969],[137.445982,34.759379],[137.445971,34.760293],[137.445966,34.760549],[137.445955,34.760893],[137.445954,34.761158],[137.446759,34.761186],[137.448292,34.761257],[137.448299,34.760991],[137.448371,34.760001],[137.448386,34.759712],[137.448395,34.759484],[137.448425,34.759079],[137.448441,34.758921],[137.447007,34.758863]]]}},{"type":"Feature","id":"23201147004","properties":{"KEY_CODE":"23201147004","PREF":"23","CITY":"201","S_AREA":"147004","PREF_NAME":"愛知県","CITY_NAME":"豊橋市","S_NAME":"多米中町四丁目","HCODE":8101,"AREA":138379.688,"KIGO_E":"","JINKO":936,"SETAI":372,"X_CODE":137.445456,"Y_CODE":34.757768},"geometry":{"type":"Polygon","coordinates":[[[137.445988,34.758969],[137.445994,34.758825],[137.447007,34.758863],[137.448441,34.758921],[137.448471,34.758492],[137.448511,34.757738],[137.448525,34.757467],[137.448262,34.757095],[137.448106,34.756853],[137.448039,34.756728],[137.447983,34.756586],[137.447949,34.756334],[137.447958,34.756077],[137.447492,34.756178],[137.445404,34.756633],[137.444902,34.756747],[137.443435,34.75708],[137.441463,34.757847],[137.440969,34.75805],[137.441181,34.758367],[137.441198,34.758441],[137.441224,34.758593],[137.441266,34.758842],[137.441542,34.758764],[137.441833,34.75869],[137.44191,34.75865],[137.442122,34.758601],[137.442521,34.758519],[137.443004,34.758482],[137.443306,34.758479],[137.443809,34.758507],[137.444177,34.758571],[137.444492,34.75865],[137.444792,34.758748],[137.445154,34.758891],[137.445371,34.758991],[137.445484,34.759038],[137.445808,34.75924],[137.445982,34.759379],[137.445988,34.758969]]]}},{"type":"Feature","id":"23201151001","properties":{"KEY_CODE":"23201151001","PREF":"23","CITY":"201","S_AREA":"151001","PREF_NAME":"愛知県","CITY_NAME":"豊橋市","S_NAME":"多米西町一丁目","HCODE":8101,"AREA":119035.138,"KIGO_E":"","JINKO":606,"SETAI":271,"X_CODE":137.434716,"Y_CODE":34.763451},"geometry":{"type":"Polygon","coordinates":[[[137.436661,34.763708],[137.436387,34.762687],[137.436349,34.762545],[137.436254,34.762248],[137.436014,34.761397],[137.434776,34.761988],[137.434664,34.762025],[137.434191,34.762151],[137.433268,34.762379],[137.433148,34.762403],[137.432721,34.762447],[137.432183,34.762548],[137.432066,34.762572],[137.431983,34.762586],[137.431866,34.76261],[137.431743,34.762632],[137.43163,34.762657],[137.431416,34.762723],[137.431331,34.762755],[137.431205,34.762815],[137.431066,34.762891],[137.430728,34.763113],[137.430573,34.763226],[137.430423,34.763357],[137.430404,34.763382],[137.430388,34.763405],[137.43054,34.763514],[137.430762,34.763574],[137.431117,34.763556],[137.431474,34.763523],[137.431635,34.763484],[137.431891,34.763382],[137.432082,34.763318],[137.43226,34.763288],[137.432497,34.763304],[137.432898,34.763454],[137.433153,34.763584],[137.433488,34.763695],[137.433697,34.763752],[137.433802,34.763802],[137.43418,34.764132],[137.434326,34.764285],[137.434935,34.764754],[137.435456,34.765112],[137.435838,34.765345],[137.436217,34.765552],[137.437231,34.765875],[137.437285,34.7659],[137.437052,34.765101],[137.436801,34.764229],[137.436661,34.763708]]]}},{"type":"Feature","id":"23201151002","properties":{"KEY_CODE":"23201151002","PREF":"23","CITY":"201","S_AREA":"151002","PREF_NAME":"愛知県","CITY_NAME":"豊橋市","S_NAME":"多米西町二丁目","HCODE":8101,"AREA":152165.248,"KIGO_E":"","JINKO":1021,"SETAI":377,"X_CODE":137.438818,"Y_CODE":34.764165},"geometry":{"type":"Polygon","coordinates":[[[137.439883,34.766099],[137.43978,34.765677],[137.440098,34.765355],[137.439814,34.765046],[137.440068,34.764588],[137.440479,34.764209],[137.440483,34.764205],[137.441029,34.763704],[137.441201,34.763106],[137.441475,34.762604],[137.441774,34.762059],[137.440457,34.762221],[137.43865,34.762431],[137.436387,34.762687],[137.436661,34.763708],[137.436801,34.764229],[137.437052,34.765101],[137.437285,34.7659],[137.437231,34.765875],[137.437215,34.765987],[137.437409,34.766004],[137.437507,34.766098],[137.438574,34.766872],[137.438691,34.766943],[137.438817,34.766979],[137.439122,34.767016],[137.439175,34.766933],[137.439273,34.76671],[137.439326,34.76666],[137.439371,34.766404],[137.439883,34.766099]]]}},{"type":"Feature","id":"23201151003","properties":{"KEY_CODE":"23201151003","PREF":"23","CITY":"201","S_AREA":"151003","PREF_NAME":"愛知県","CITY_NAME":"豊橋市","S_NAME":"多米西町三丁目","HCODE":8101,"AREA":129126.687,"KIGO_E":"","JINKO":1035,"SETAI":411,"X_CODE":137.439217,"Y_CODE":34.761136},"geometry":{"type":"Polygon","coordinates":[[[137.441507,34.760351],[137.44127,34.758865],[137.441098,34.758944],[137.440989,34.758997],[137.440658,34.759174],[137.440026,34.759466],[137.439745,34.759578],[137.438916,34.759985],[137.438303,34.760274],[137.438274,34.760288],[137.436342,34.761223],[137.43622,34.761301],[137.436084,34.761364],[137.436014,34.761397],[137.436254,34.762248],[137.436349,34.762545],[137.436387,34.762687],[137.43865,34.762431],[137.440457,34.762221],[137.441774,34.762059],[137.441576,34.760794],[137.441507,34.760351]]]}},{"type":"Feature","id":"23201154001","properties":{"KEY_CODE":"23201154001","PREF":"23","CITY":"201","S_AREA":"154001","PREF_NAME":"愛知県","CITY_NAME":"豊橋市","S_NAME":"多米東町一丁目","HCODE":8101,"AREA":163756.605,"KIGO_E":"","JINKO":912,"SETAI":337,"X_CODE":137.454084,"Y_CODE":34.760237},"geometry":{"type":"Polygon","coordinates":[[[137.45683,34.761723],[137.456812,34.761524],[137.456725,34.761273],[137.456661,34.761138],[137.456638,34.761081],[137.45622,34.760057],[137.45625,34.759507],[137.456301,34.758586],[137.455667,34.758558],[137.453677,34.758472],[137.451788,34.758389],[137.451745,34.759066],[137.451716,34.759586],[137.451686,34.760128],[137.451663,34.76065],[137.451609,34.761219],[137.451559,34.761894],[137.453174,34.761786],[137.453581,34.76176],[137.454058,34.761729],[137.454673,34.761751],[137.455218,34.761879],[137.45675,34.76224],[137.45679,34.762153],[137.45683,34.761723]]]}},{"type":"Feature","id":"23201154002","properties":{"KEY_CODE":"23201154002","PREF":"23","CITY":"201","S_AREA":"154002","PREF_NAME":"愛知県","CITY_NAME":"豊橋市","S_NAME":"多米東町二丁目","HCODE":8101,"AREA":168389.81,"KIGO_E":"","JINKO":1190,"SETAI":423,"X_CODE":137.45782,"Y_CODE":34.763678},"geometry":{"type":"Polygon","coordinates":[[[137.461282,34.764394],[137.461566,34.763944],[137.461721,34.763879],[137.46244,34.763586],[137.461358,34.763332],[137.460227,34.763066],[137.459902,34.762988],[137.458642,34.762683],[137.458638,34.762682],[137.45769,34.762453],[137.45675,34.76224],[137.455218,34.761879],[137.454673,34.761751],[137.454058,34.761729],[137.453581,34.76176],[137.453584,34.761816],[137.453588,34.761988],[137.453554,34.76199],[137.453655,34.762039],[137.453881,34.762175],[137.454037,34.762264],[137.454262,34.762345],[137.454492,34.762378],[137.4547,34.762377],[137.4547,34.762377],[137.454697,34.762391],[137.454621,34.762697],[137.45463,34.76296],[137.454605,34.763184],[137.454583,34.76335],[137.454595,34.763471],[137.454696,34.763693],[137.454752,34.763845],[137.455066,34.764077],[137.455019,34.764292],[137.454952,34.764417],[137.454911,34.764592],[137.454911,34.764762],[137.454911,34.764829],[137.455012,34.765019],[137.455966,34.765082],[137.456255,34.7651],[137.456344,34.765046],[137.456458,34.764949],[137.456513,34.764861],[137.456807,34.764191],[137.457071,34.764332],[137.457414,34.76448],[137.457596,34.764523],[137.457681,34.764523],[137.458054,34.764388],[137.458285,34.764324],[137.458465,34.764304],[137.458565,34.764289],[137.458703,34.764294],[137.458792,34.764343],[137.458887,34.7644],[137.459059,34.764455],[137.459227,34.764517],[137.459423,34.764634],[137.459464,34.764843],[137.459547,34.765085],[137.459772,34.765353],[137.459773,34.765354],[137.460238,34.765813],[137.460621,34.766201],[137.460793,34.766375],[137.460929,34.766417],[137.460942,34.766416],[137.460938,34.766393],[137.460945,34.765995],[137.46093,34.765836],[137.461035,34.765288],[137.461149,34.76474],[137.461211,34.764542],[137.461282,34.764394]]]}},{"type":"Feature","id":"23201154003","properties":{"KEY_CODE":"23201154003","PREF":"23","CITY":"201","S_AREA":"154003","PREF_NAME":"愛知県","CITY_NAME":"豊橋市","S_NAME":"多米東町三丁目","HCODE":8101,"AREA":166838.28,"KIGO_E":"","JINKO":940,"SETAI":360,"X_CODE":137.458769,"Y_CODE":34.760965},"geometry":{"type":"Polygon","coordinates":[[[137.462026,34.762284],[137.461685,34.761704],[137.46144,34.761711],[137.461269,34.761708],[137.461144,34.761673],[137.460995,34.761589],[137.460813,34.761407],[137.460598,34.761248],[137.460481,34.7612],[137.459176,34.760809],[137.459189,34.760766],[137.459206,34.760625],[137.458934,34.76011],[137.458864,34.759978],[137.458863,34.759972],[137.458783,34.759729],[137.458556,34.759468],[137.458706,34.759352],[137.458801,34.759202],[137.458872,34.758931],[137.458873,34.758924],[137.458928,34.758508],[137.45895,34.758307],[137.458925,34.758069],[137.458907,34.757868],[137.458979,34.757681],[137.458157,34.757644],[137.457691,34.757921],[137.457644,34.758124],[137.457692,34.758186],[137.457763,34.758311],[137.45781,34.758449],[137.457815,34.758461],[137.457876,34.758656],[137.456301,34.758586],[137.45625,34.759507],[137.45622,34.760057],[137.456638,34.761081],[137.456661,34.761138],[137.456725,34.761273],[137.456812,34.761524],[137.45683,34.761723],[137.45679,34.762153],[137.45675,34.76224],[137.45769,34.762453],[137.458638,34.762682],[137.458642,34.762683],[137.459902,34.762988],[137.460227,34.763066],[137.461358,34.763332],[137.46244,34.763586],[137.462438,34.763369],[137.462439,34.76319],[137.462391,34.762976],[137.462259,34.762716],[137.462026,34.762284]]]}},{"type":"Feature","id":"232011570","properties":{"KEY_CODE":"232011570","PREF":"23","CITY":"201","S_AREA":"157000","PREF_NAME":"愛知県","CITY_NAME":"豊橋市","S_NAME":"大国町","HCODE":8101,"AREA":48904.038,"KIGO_E":"","JINKO":343,"SETAI":124,"X_CODE":137.39092,"Y_CODE":34.760438},"geometry":{"type":"Polygon","coordinates":[[[137.391869,34.759214],[137.391833,34.759214],[137.390402,34.759278],[137.390191,34.75929],[137.389812,34.759309],[137.389905,34.760519],[137.389926,34.7608],[137.389942,34.760997],[137.389982,34.761678],[137.390902,34.761609],[137.391386,34.761581],[137.392102,34.76154],[137.391934,34.760674],[137.391927,34.760471],[137.391917,34.760223],[137.391891,34.75986],[137.391871,34.759261],[137.391869,34.759214]]]}},{"type":"Feature","id":"232011580","properties":{"KEY_CODE":"232011580","PREF":"23","CITY":"201","S_AREA":"158000","PREF_NAME":"愛知県","CITY_NAME":"豊橋市","S_NAME":"談合町","HCODE":8101,"AREA":20174.773,"KIGO_E":"","JINKO":177,"SETAI":85,"X_CODE":137.397248,"Y_CODE":34.764077},"geometry":{"type":"Polygon","coordinates":[[[137.398254,34.764447],[137.398153,34.76409],[137.398598,34.764069],[137.398658,34.76389],[137.398449,34.763851],[137.39716,34.763561],[137.396548,34.763425],[137.396236,34.763357],[137.396277,34.763811],[137.396414,34.763805],[137.396423,34.763937],[137.396323,34.763944],[137.396343,34.764171],[137.396469,34.764167],[137.396599,34.764813],[137.396882,34.764763],[137.396871,34.764726],[137.397296,34.764642],[137.398208,34.764454],[137.398254,34.764447]]]}},{"type":"Feature","id":"232011590","properties":{"KEY_CODE":"232011590","PREF":"23","CITY":"201","S_AREA":"159000","PREF_NAME":"愛知県","CITY_NAME":"豊橋市","S_NAME":"築地町","HCODE":8101,"AREA":24388.108,"KIGO_E":"","JINKO":101,"SETAI":44,"X_CODE":137.371986,"Y_CODE":34.761757},"geometry":{"type":"Polygon","coordinates":[[[137.373013,34.762166],[137.373233,34.761746],[137.373284,34.761658],[137.373377,34.761479],[137.373242,34.761463],[137.373059,34.761804],[137.372718,34.761735],[137.372857,34.761406],[137.372241,34.761253],[137.371694,34.761107],[137.371056,34.760939],[137.371015,34.76093],[137.370684,34.761584],[137.370668,34.761618],[137.371326,34.761932],[137.371313,34.762056],[137.371985,34.762392],[137.372221,34.762483],[137.372278,34.762524],[137.372636,34.762712],[137.372843,34.762449],[137.373013,34.762166]]]}},{"type":"Feature","id":"232011600","properties":{"KEY_CODE":"232011600","PREF":"23","CITY":"201","S_AREA":"160000","PREF_NAME":"愛知県","CITY_NAME":"豊橋市","S_NAME":"寺沢町","HCODE":8101,"AREA":2612428.057,"KIGO_E":"","JINKO":767,"SETAI":251,"X_CODE":137.429818,"Y_CODE":34.682783},"geometry":{"type":"Polygon","coordinates":[[[137.43144,34.69682],[137.433602,34.696706],[137.433674,34.696463],[137.433709,34.696192],[137.433725,34.695796],[137.433898,34.694688],[137.433968,34.694348],[137.434299,34.693739],[137.434513,34.693222],[137.434586,34.693047],[137.43489,34.693111],[137.435015,34.692798],[137.4347,34.692726],[137.434866,34.692291],[137.434908,34.692102],[137.434878,34.691845],[137.434779,34.69164],[137.434636,34.691419],[137.434501,34.6912],[137.434339,34.690794],[137.434345,34.690597],[137.434407,34.690375],[137.43466,34.690414],[137.434721,34.69018],[137.434483,34.690135],[137.434506,34.690052],[137.434635,34.689837],[137.435013,34.689457],[137.43516,34.689181],[137.435347,34.688427],[137.43537,34.688211],[137.435331,34.68803],[137.435288,34.687682],[137.435305,34.687581],[137.435505,34.687137],[137.436007,34.686119],[137.436176,34.685338],[137.434568,34.685324],[137.434545,34.683967],[137.434488,34.683849],[137.434356,34.683728],[137.434233,34.683616],[137.434057,34.683498],[137.4337,34.683313],[137.433313,34.683133],[137.433255,34.683052],[137.433105,34.682843],[137.432984,34.682625],[137.432829,34.682203],[137.432707,34.681941],[137.432646,34.681876],[137.432189,34.681824],[137.432038,34.680993],[137.432432,34.68091],[137.432506,34.680895],[137.432451,34.680681],[137.432427,34.68058],[137.432466,34.680452],[137.432809,34.68008],[137.432229,34.67919],[137.43374,34.678488],[137.433322,34.677755],[137.433451,34.677471],[137.433695,34.677212],[137.434032,34.67707],[137.433721,34.676811],[137.433422,34.67649],[137.433385,34.67647],[137.433338,34.676457],[137.433263,34.676266],[137.433236,34.676197],[137.433181,34.676106],[137.43307,34.676027],[137.433027,34.676032],[137.432905,34.676044],[137.432909,34.675824],[137.433141,34.675502],[137.433216,34.675409],[137.433318,34.675327],[137.433464,34.675315],[137.433633,34.675349],[137.433851,34.675416],[137.433872,34.675224],[137.433875,34.67503],[137.433856,34.674953],[137.433754,34.674903],[137.43355,34.674875],[137.433447,34.674886],[137.433342,34.674968],[137.433011,34.675283],[137.432953,34.675271],[137.432909,34.675249],[137.432467,34.674832],[137.432422,34.674759],[137.432401,34.674689],[137.432363,34.674512],[137.432278,34.674501],[137.43221,34.67445],[137.432135,34.674341],[137.432033,34.67407],[137.432003,34.673618],[137.432039,34.673314],[137.431958,34.673255],[137.431916,34.673191],[137.431889,34.673123],[137.43189,34.673015],[137.431931,34.672823],[137.432098,34.672445],[137.432179,34.672357],[137.432288,34.672171],[137.43242,34.67212],[137.432502,34.672086],[137.432524,34.672049],[137.432524,34.67202],[137.432336,34.671883],[137.432128,34.671719],[137.431545,34.671404],[137.431476,34.671255],[137.43151,34.671077],[137.431594,34.6709],[137.431658,34.670739],[137.431801,34.670612],[137.432123,34.670563],[137.432427,34.670505],[137.432722,34.670441],[137.433057,34.670481],[137.433364,34.670578],[137.433628,34.670651],[137.433775,34.670722],[137.433928,34.670736],[137.434037,34.670727],[137.434105,34.670704],[137.434543,34.670563],[137.435639,34.670355],[137.435512,34.669838],[137.435513,34.669744],[137.435858,34.66907],[137.435974,34.668977],[137.436103,34.668836],[137.43634,34.668557],[137.436429,34.668207],[137.436794,34.66681],[137.436719,34.666808],[137.436625,34.666798],[137.436458,34.666783],[137.436326,34.666765],[137.436278,34.66675],[137.436225,34.666718],[137.436206,34.666712],[137.436148,34.666711],[137.436101,34.666707],[137.43609,34.666704],[137.436079,34.666702],[137.43596,34.666655],[137.435939,34.666648],[137.43589,34.666642],[137.43584,34.666643],[137.435805,34.666649],[137.435736,34.666646],[137.43571,34.666638],[137.435639,34.666608],[137.435582,34.666611],[137.435523,34.666605],[137.435472,34.666588],[137.435398,34.666549],[137.43535,34.666533],[137.435265,34.666526],[137.435206,34.666529],[137.435169,34.666527],[137.435126,34.666514],[137.435077,34.666491],[137.43503,34.666475],[137.434983,34.666475],[137.434968,34.66648],[137.43492,34.666478],[137.43491,34.666476],[137.434786,34.66644],[137.434732,34.666431],[137.434616,34.666431],[137.434522,34.666402],[137.434424,34.666399],[137.434353,34.666391],[137.434272,34.666368],[137.434233,34.66636],[137.434069,34.666351],[137.433961,34.666311],[137.433841,34.6663],[137.433817,34.666292],[137.433754,34.666269],[137.433739,34.666265],[137.433704,34.66626],[137.433619,34.666257],[137.433574,34.666262],[137.43354,34.666257],[137.433405,34.666213],[137.433363,34.666206],[137.433295,34.666202],[137.433273,34.666201],[137.433254,34.666198],[137.433185,34.66617],[137.433173,34.666166],[137.433158,34.666164],[137.433032,34.666157],[137.432942,34.666135],[137.432858,34.666124],[137.432818,34.666122],[137.432775,34.666115],[137.432732,34.666105],[137.432679,34.666084],[137.432636,34.666064],[137.432567,34.666044],[137.432538,34.666039],[137.432441,34.666041],[137.432421,34.666039],[137.432394,34.666033],[137.432341,34.666012],[137.432314,34.666007],[137.432294,34.666007],[137.432248,34.666013],[137.432197,34.666011],[137.432186,34.666009],[137.432113,34.665977],[137.43209,34.665968],[137.43207,34.665965],[137.431989,34.665963],[137.431958,34.665959],[137.431831,34.66592],[137.431743,34.665912],[137.431715,34.665909],[137.431688,34.6659],[137.431539,34.665852],[137.431476,34.665841],[137.431311,34.665817],[137.431226,34.665797],[137.431148,34.665792],[137.431115,34.665786],[137.431077,34.665771],[137.431044,34.665764],[137.430972,34.665763],[137.430917,34.665761],[137.430827,34.665759],[137.430795,34.665752],[137.430736,34.665729],[137.430721,34.665723],[137.430701,34.665722],[137.430642,34.665721],[137.430617,34.665717],[137.43059,34.665708],[137.430438,34.66565],[137.430329,34.665626],[137.430245,34.665591],[137.430228,34.665587],[137.43021,34.665586],[137.430163,34.66559],[137.430123,34.665596],[137.430113,34.665596],[137.430086,34.66559],[137.42999,34.665548],[137.4299,34.665529],[137.42987,34.665527],[137.429821,34.665512],[137.429791,34.665493],[137.429747,34.66548],[137.429676,34.665481],[137.429658,34.66548],[137.429622,34.665471],[137.429462,34.665408],[137.429274,34.665368],[137.429215,34.66535],[137.429132,34.665313],[137.429093,34.665304],[137.42903,34.665309],[137.428993,34.665303],[137.428951,34.665291],[137.42885,34.665253],[137.428702,34.665209],[137.428601,34.665206],[137.428573,34.665201],[137.428476,34.665172],[137.428292,34.665112],[137.42825,34.665101],[137.428208,34.665101],[137.42806,34.665102],[137.427785,34.665173],[137.427719,34.66525],[137.42768,34.665332],[137.42763,34.665466],[137.427474,34.665612],[137.427358,34.665771],[137.427342,34.665973],[137.427363,34.666092],[137.427334,34.666213],[137.427189,34.66648],[137.427135,34.666579],[137.427052,34.666666],[137.426789,34.666964],[137.426718,34.667082],[137.426693,34.667146],[137.426688,34.667348],[137.426667,34.667534],[137.42667,34.667699],[137.426695,34.667774],[137.426795,34.667924],[137.426886,34.668064],[137.426887,34.668115],[137.426824,34.668195],[137.426215,34.668617],[137.426139,34.668514],[137.425955,34.668423],[137.425782,34.668479],[137.42573,34.66862],[137.425752,34.668857],[137.425895,34.669016],[137.426076,34.669139],[137.426291,34.669308],[137.426161,34.669667],[137.425858,34.669661],[137.425769,34.669891],[137.425139,34.669878],[137.424854,34.670343],[137.425108,34.670502],[137.425546,34.670679],[137.425843,34.67076],[137.426143,34.670897],[137.426237,34.670933],[137.426331,34.671009],[137.42638,34.671086],[137.426416,34.671186],[137.426447,34.671293],[137.426443,34.671518],[137.4264,34.671691],[137.426371,34.671776],[137.426331,34.671887],[137.426287,34.671971],[137.42613,34.672161],[137.425972,34.67231],[137.426168,34.672534],[137.426446,34.672835],[137.427435,34.672587],[137.427525,34.672763],[137.427536,34.672856],[137.427646,34.67291],[137.427733,34.672965],[137.427757,34.673007],[137.427755,34.673083],[137.427534,34.673345],[137.427422,34.673515],[137.427376,34.67366],[137.427385,34.673726],[137.427813,34.673884],[137.42786,34.674475],[137.427673,34.674487],[137.427382,34.674524],[137.427024,34.674605],[137.426845,34.675173],[137.426553,34.675301],[137.426314,34.675476],[137.426396,34.675726],[137.426514,34.677263],[137.426521,34.67905],[137.42653,34.679786],[137.426453,34.680569],[137.426398,34.681072],[137.426373,34.681194],[137.426297,34.681459],[137.426286,34.681662],[137.426298,34.681853],[137.426261,34.682085],[137.426238,34.682443],[137.426872,34.682654],[137.427751,34.68284],[137.429015,34.683106],[137.428095,34.684961],[137.427169,34.686845],[137.427078,34.686992],[137.426948,34.687117],[137.426468,34.6874],[137.426158,34.687588],[137.425944,34.687746],[137.423415,34.690177],[137.423325,34.690318],[137.423313,34.690379],[137.42331,34.691107],[137.423311,34.691275],[137.423268,34.691418],[137.423244,34.69169],[137.42332,34.691748],[137.424596,34.692801],[137.424339,34.69318],[137.424129,34.69344],[137.423964,34.69359],[137.423532,34.693895],[137.422624,34.694574],[137.421212,34.69577],[137.421069,34.695886],[137.420809,34.696051],[137.420558,34.696204],[137.421066,34.696393],[137.421581,34.696596],[137.422359,34.696715],[137.423145,34.696843],[137.423576,34.696911],[137.423963,34.697015],[137.424481,34.697144],[137.424797,34.697039],[137.425601,34.696764],[137.425748,34.696781],[137.426063,34.696891],[137.426206,34.696918],[137.427446,34.697049],[137.427611,34.697096],[137.428048,34.697274],[137.428584,34.69749],[137.428705,34.697528],[137.429508,34.697462],[137.429636,34.697439],[137.429745,34.697404],[137.430765,34.696915],[137.430908,34.69687],[137.431033,34.696839],[137.43144,34.69682]]]}},{"type":"Feature","id":"232011610","properties":{"KEY_CODE":"232011610","PREF":"23","CITY":"201","S_AREA":"161000","PREF_NAME":"愛知県","CITY_NAME":"豊橋市","S_NAME":"天伯町","HCODE":8101,"AREA":4622828.09,"KIGO_E":"","JINKO":4764,"SETAI":2343,"X_CODE":137.413811,"Y_CODE":34.707347},"geometry":{"type":"Polygon","coordinates":[[[137.421438,34.719842],[137.423136,34.71981],[137.424575,34.719828],[137.424478,34.719308],[137.426105,34.719203],[137.426144,34.718019],[137.426169,34.717837],[137.4262,34.717604],[137.426162,34.717504],[137.426063,34.717265],[137.426034,34.717154],[137.426007,34.717086],[137.425954,34.716951],[137.425569,34.716984],[137.425482,34.716025],[137.425204,34.716048],[137.425343,34.715857],[137.424092,34.71503],[137.424199,34.714837],[137.424427,34.714382],[137.424543,34.714193],[137.424693,34.714026],[137.423503,34.713719],[137.42204,34.713336],[137.422415,34.712422],[137.421828,34.712269],[137.422485,34.710688],[137.423066,34.71086],[137.423238,34.710449],[137.423474,34.709887],[137.423643,34.709991],[137.423899,34.709658],[137.42415,34.709338],[137.42443,34.709002],[137.424843,34.708505],[137.424922,34.708409],[137.425144,34.708136],[137.425316,34.708182],[137.425544,34.708257],[137.425852,34.708364],[137.425952,34.708388],[137.426035,34.708386],[137.42663,34.708237],[137.426934,34.708253],[137.427043,34.708247],[137.427237,34.708236],[137.430775,34.708517],[137.430842,34.708361],[137.430856,34.708228],[137.430847,34.707775],[137.430898,34.707637],[137.430997,34.707486],[137.431041,34.707198],[137.431191,34.706026],[137.431198,34.705619],[137.430271,34.705652],[137.430182,34.705674],[137.430086,34.705723],[137.429985,34.705793],[137.429902,34.705831],[137.429803,34.705845],[137.42927,34.705811],[137.428851,34.705821],[137.427419,34.7059],[137.427297,34.706023],[137.427152,34.706138],[137.426955,34.706269],[137.426862,34.706282],[137.426683,34.706266],[137.426316,34.706202],[137.42447,34.705946],[137.425094,34.704841],[137.425326,34.704311],[137.425356,34.704221],[137.425342,34.704158],[137.42509,34.70388],[137.424857,34.703599],[137.424767,34.703665],[137.424669,34.703744],[137.424575,34.703865],[137.424425,34.704092],[137.423477,34.7031],[137.423142,34.702671],[137.422747,34.702109],[137.422646,34.702004],[137.422551,34.701951],[137.422185,34.701834],[137.422075,34.701693],[137.421523,34.701388],[137.421452,34.701325],[137.42191,34.700406],[137.421968,34.700373],[137.422078,34.700345],[137.424369,34.699964],[137.424172,34.699061],[137.424168,34.698967],[137.424264,34.69864],[137.424303,34.698483],[137.423963,34.697015],[137.423576,34.696911],[137.423145,34.696843],[137.422359,34.696715],[137.421581,34.696596],[137.421066,34.696393],[137.420558,34.696204],[137.418091,34.697293],[137.417044,34.697754],[137.41474,34.698775],[137.414593,34.698856],[137.414776,34.698036],[137.415074,34.696655],[137.414746,34.696767],[137.41435,34.696933],[137.413922,34.697119],[137.413705,34.697191],[137.41351,34.697233],[137.412751,34.697237],[137.412341,34.697226],[137.412054,34.697266],[137.411725,34.697328],[137.411128,34.697387],[137.41044,34.697441],[137.409529,34.697468],[137.409134,34.69747],[137.409014,34.697474],[137.408906,34.697477],[137.40854,34.697389],[137.408091,34.697128],[137.407891,34.697007],[137.407491,34.696879],[137.406887,34.696704],[137.40653,34.69665],[137.406175,34.696657],[137.405833,34.696725],[137.405533,34.696857],[137.404961,34.697218],[137.404389,34.697622],[137.404484,34.697917],[137.40452,34.698403],[137.404306,34.698409],[137.403909,34.698505],[137.403364,34.698631],[137.403369,34.698885],[137.403341,34.698952],[137.403301,34.698991],[137.403134,34.699065],[137.402983,34.69911],[137.403084,34.699835],[137.403073,34.700583],[137.40302,34.701005],[137.401828,34.702489],[137.401931,34.702794],[137.402024,34.703045],[137.401788,34.703344],[137.402112,34.703505],[137.401673,34.704039],[137.401115,34.704773],[137.40009,34.706031],[137.39936,34.706288],[137.398989,34.7064],[137.398333,34.706563],[137.39817,34.706621],[137.398205,34.706667],[137.39881,34.707327],[137.398922,34.70746],[137.398909,34.707782],[137.398862,34.708429],[137.399573,34.708475],[137.399697,34.708464],[137.399989,34.708463],[137.400166,34.70849],[137.400318,34.708554],[137.402199,34.709576],[137.402165,34.709691],[137.401913,34.710438],[137.401537,34.710869],[137.401458,34.710922],[137.401061,34.711073],[137.401008,34.711113],[137.400954,34.711185],[137.400781,34.711604],[137.400664,34.712043],[137.400507,34.71291],[137.400656,34.712955],[137.400853,34.713012],[137.401207,34.713133],[137.401435,34.713215],[137.401631,34.713293],[137.401812,34.713402],[137.402038,34.713574],[137.402297,34.713786],[137.402621,34.714037],[137.402628,34.714043],[137.402824,34.714216],[137.403047,34.714338],[137.403256,34.71444],[137.403448,34.714509],[137.403637,34.71456],[137.403861,34.714632],[137.404193,34.714755],[137.404413,34.714831],[137.404668,34.714905],[137.405179,34.715066],[137.405518,34.715177],[137.406277,34.715425],[137.408312,34.716093],[137.408563,34.716204],[137.409527,34.716526],[137.410515,34.716846],[137.4111,34.717009],[137.4113,34.71706],[137.411542,34.717115],[137.411864,34.717154],[137.412344,34.717219],[137.412886,34.717345],[137.413839,34.71765],[137.414077,34.717733],[137.414145,34.717572],[137.414283,34.717263],[137.414789,34.717179],[137.414905,34.717079],[137.414986,34.717044],[137.415333,34.716951],[137.41565,34.716805],[137.415802,34.716767],[137.416917,34.716641],[137.416449,34.716145],[137.416282,34.715968],[137.416671,34.715922],[137.417258,34.715852],[137.417367,34.715663],[137.417483,34.715415],[137.417615,34.715391],[137.41768,34.715365],[137.417725,34.715323],[137.417822,34.715065],[137.417888,34.714833],[137.417957,34.714727],[137.418043,34.714633],[137.418115,34.714568],[137.418161,34.71452],[137.418206,34.714456],[137.418226,34.714396],[137.418208,34.714235],[137.418144,34.713877],[137.418121,34.713694],[137.41839,34.713625],[137.418423,34.713625],[137.418438,34.713628],[137.418446,34.713632],[137.418451,34.713638],[137.418488,34.71385],[137.418616,34.713832],[137.418676,34.71419],[137.418751,34.714605],[137.418855,34.714596],[137.419975,34.714453],[137.420161,34.714734],[137.420173,34.71482],[137.420137,34.714919],[137.420092,34.714988],[137.42001,34.715053],[137.419922,34.715079],[137.419798,34.715088],[137.419676,34.715094],[137.419601,34.715116],[137.419562,34.715138],[137.419522,34.715202],[137.419379,34.715498],[137.419047,34.716234],[137.41893,34.716514],[137.418851,34.716958],[137.418858,34.716985],[137.418885,34.717029],[137.418944,34.717095],[137.419006,34.717165],[137.419077,34.717241],[137.419158,34.717323],[137.419279,34.717459],[137.419378,34.717639],[137.419475,34.717796],[137.419509,34.717867],[137.419511,34.71787],[137.419515,34.717879],[137.419537,34.717926],[137.419639,34.718091],[137.419703,34.718205],[137.41991,34.718615],[137.419049,34.718934],[137.419044,34.719158],[137.419054,34.719511],[137.421438,34.719842]]]}},{"type":"Feature","id":"232011620","properties":{"KEY_CODE":"232011620","PREF":"23","CITY":"201","S_AREA":"162000","PREF_NAME":"愛知県","CITY_NAME":"豊橋市","S_NAME":"伝馬町","HCODE":8101,"AREA":92921.555,"KIGO_E":"","JINKO":574,"SETAI":234,"X_CODE":137.41104,"Y_CODE":34.75703},"geometry":{"type":"Polygon","coordinates":[[[137.411682,34.758663],[137.411923,34.758296],[137.412142,34.758389],[137.412344,34.758072],[137.412312,34.758058],[137.412519,34.757734],[137.412682,34.757506],[137.412787,34.757554],[137.412969,34.7573],[137.413261,34.757087],[137.41307,34.756967],[137.412466,34.756686],[137.4126,34.756529],[137.41229,34.756153],[137.412236,34.756078],[137.412345,34.755965],[137.412113,34.755808],[137.412085,34.755842],[137.411953,34.755733],[137.411905,34.755773],[137.411668,34.755578],[137.411733,34.755524],[137.411683,34.755483],[137.411816,34.755366],[137.411359,34.755175],[137.411382,34.755138],[137.410884,34.754913],[137.410749,34.75507],[137.410169,34.755828],[137.409768,34.756391],[137.409633,34.756606],[137.408888,34.757701],[137.408864,34.757736],[137.408757,34.75791],[137.409221,34.758107],[137.409398,34.75787],[137.409928,34.758131],[137.409903,34.758168],[137.410067,34.758276],[137.410112,34.758237],[137.410495,34.758416],[137.410452,34.758486],[137.410574,34.758547],[137.41054,34.758601],[137.410763,34.758701],[137.410848,34.758545],[137.411199,34.758676],[137.411179,34.758716],[137.411556,34.758864],[137.411682,34.758663]]]}},{"type":"Feature","id":"232011630","properties":{"KEY_CODE":"232011630","PREF":"23","CITY":"201","S_AREA":"163000","PREF_NAME":"愛知県","CITY_NAME":"豊橋市","S_NAME":"東光町","HCODE":8101,"AREA":75651.528,"KIGO_E":"","JINKO":561,"SETAI":247,"X_CODE":137.420153,"Y_CODE":34.76313},"geometry":{"type":"Polygon","coordinates":[[[137.421548,34.7619],[137.421584,34.76133],[137.421224,34.761462],[137.42027,34.761806],[137.420246,34.761817],[137.419339,34.762159],[137.419317,34.762168],[137.418234,34.762576],[137.41833,34.762754],[137.418464,34.763008],[137.418712,34.763455],[137.418959,34.763903],[137.419006,34.764319],[137.419045,34.764804],[137.419972,34.764577],[137.421453,34.76426],[137.421492,34.763705],[137.421504,34.762976],[137.421526,34.762438],[137.421548,34.7619]]]}},{"type":"Feature","id":"232011640","properties":{"KEY_CODE":"232011640","PREF":"23","CITY":"201","S_AREA":"164000","PREF_NAME":"愛知県","CITY_NAME":"豊橋市","S_NAME":"東郷町","HCODE":8101,"AREA":122599.083,"KIGO_E":"","JINKO":806,"SETAI":349,"X_CODE":137.411595,"Y_CODE":34.766948},"geometry":{"type":"Polygon","coordinates":[[[137.413465,34.765877],[137.413214,34.765382],[137.412308,34.765457],[137.411001,34.765557],[137.409721,34.765664],[137.409074,34.765717],[137.409273,34.765946],[137.40951,34.766216],[137.409047,34.766481],[137.409182,34.766703],[137.409613,34.767426],[137.409641,34.767465],[137.409722,34.767613],[137.410323,34.768638],[137.410812,34.768584],[137.411298,34.768536],[137.411669,34.768488],[137.412172,34.768384],[137.412381,34.768346],[137.412986,34.768227],[137.413792,34.768205],[137.413795,34.76817],[137.413836,34.767963],[137.413904,34.767622],[137.41383,34.76722],[137.413712,34.766582],[137.413635,34.766205],[137.413626,34.766177],[137.413465,34.765877]]]}},{"type":"Feature","id":"232011650","properties":{"KEY_CODE":"232011650","PREF":"23","CITY":"201","S_AREA":"165000","PREF_NAME":"愛知県","CITY_NAME":"豊橋市","S_NAME":"富本町","HCODE":8101,"AREA":68707.598,"KIGO_E":"","JINKO":665,"SETAI":354,"X_CODE":137.384821,"Y_CODE":34.74358},"geometry":{"type":"Polygon","coordinates":[[[137.385256,34.747747],[137.385283,34.747734],[137.385283,34.747735],[137.385351,34.747699],[137.385469,34.747638],[137.385767,34.747551],[137.385685,34.747433],[137.385643,34.747363],[137.385534,34.747131],[137.385494,34.747056],[137.385463,34.746976],[137.385447,34.746908],[137.385407,34.746542],[137.385667,34.746594],[137.385647,34.746378],[137.3854,34.746392],[137.385395,34.746196],[137.385592,34.746181],[137.385574,34.74603],[137.385389,34.746026],[137.385421,34.745742],[137.385456,34.74546],[137.385483,34.745237],[137.385505,34.745097],[137.385546,34.744941],[137.385569,34.744765],[137.385713,34.744586],[137.385605,34.742626],[137.385582,34.742241],[137.385559,34.741942],[137.38553,34.741418],[137.385516,34.741113],[137.384906,34.741133],[137.383557,34.74218],[137.383883,34.742474],[137.383665,34.742632],[137.383145,34.742216],[137.382865,34.742425],[137.382714,34.742544],[137.382793,34.742609],[137.382827,34.742639],[137.383112,34.742887],[137.383276,34.743032],[137.383614,34.743333],[137.383686,34.743396],[137.383826,34.743286],[137.384104,34.743059],[137.384567,34.74347],[137.384575,34.743486],[137.384577,34.743503],[137.384586,34.743541],[137.384601,34.743569],[137.38462,34.743584],[137.384661,34.743615],[137.384681,34.743627],[137.384745,34.743696],[137.385134,34.744396],[137.385058,34.744411],[137.385081,34.744727],[137.385181,34.744731],[137.385199,34.744748],[137.385228,34.745153],[137.384648,34.745728],[137.384865,34.746327],[137.384839,34.74634],[137.384617,34.74645],[137.384968,34.746774],[137.385049,34.74684],[137.385129,34.74693],[137.38515,34.746964],[137.385207,34.747067],[137.385256,34.747175],[137.385214,34.747309],[137.385107,34.747345],[137.385096,34.747407],[137.384961,34.74741],[137.385011,34.747645],[137.385035,34.747774],[137.385256,34.747747]]]}},{"type":"Feature","id":"232011660","properties":{"KEY_CODE":"232011660","PREF":"23","CITY":"201","S_AREA":"166000","PREF_NAME":"愛知県","CITY_NAME":"豊橋市","S_NAME":"豊岡町","HCODE":8101,"AREA":136513.531,"KIGO_E":"","JINKO":572,"SETAI":235,"X_CODE":137.420502,"Y_CODE":34.757641},"geometry":{"type":"Polygon","coordinates":[[[137.420816,34.759458],[137.42168,34.759195],[137.422345,34.759221],[137.422382,34.758272],[137.422394,34.757351],[137.422414,34.756867],[137.422424,34.756478],[137.422468,34.755285],[137.421845,34.755356],[137.421828,34.755845],[137.421128,34.756024],[137.420685,34.75614],[137.420571,34.755907],[137.42033,34.755968],[137.419162,34.756273],[137.418735,34.756382],[137.417934,34.756594],[137.418129,34.757051],[137.418407,34.757662],[137.418607,34.758111],[137.418674,34.758268],[137.418848,34.758679],[137.419036,34.759082],[137.419048,34.759105],[137.419404,34.759895],[137.420816,34.759458]]]}},{"type":"Feature","id":"232011670","properties":{"KEY_CODE":"232011670","PREF":"23","CITY":"201","S_AREA":"167000","PREF_NAME":"愛知県","CITY_NAME":"豊橋市","S_NAME":"問屋町","HCODE":8101,"AREA":241738.042,"KIGO_E":"","JINKO":2,"SETAI":1,"X_CODE":137.335883,"Y_CODE":34.76288},"geometry":{"type":"Polygon","coordinates":[[[137.339704,34.761936],[137.338185,34.761202],[137.336938,34.760586],[137.33683,34.76052],[137.33605,34.759972],[137.335895,34.760131],[137.335358,34.760716],[137.333834,34.760468],[137.333602,34.761449],[137.333071,34.763691],[137.332667,34.764118],[137.335871,34.766107],[137.336677,34.765252],[137.337529,34.76433],[137.33828,34.763506],[137.339128,34.762573],[137.339704,34.761936]]]}},{"type":"Feature","id":"232011680","properties":{"KEY_CODE":"232011680","PREF":"23","CITY":"201","S_AREA":"168000","PREF_NAME":"愛知県","CITY_NAME":"豊橋市","S_NAME":"堂浦町","HCODE":8101,"AREA":12029.354,"KIGO_E":"","JINKO":27,"SETAI":11,"X_CODE":137.389109,"Y_CODE":34.752864},"geometry":{"type":"Polygon","coordinates":[[[137.389443,34.753466],[137.38955,34.753136],[137.389604,34.752933],[137.389617,34.752753],[137.389617,34.752561],[137.389602,34.752313],[137.389519,34.75186],[137.389349,34.752023],[137.38907,34.752325],[137.388811,34.75263],[137.388293,34.753279],[137.388226,34.753352],[137.389046,34.753492],[137.38907,34.753408],[137.389443,34.753466]]]}},{"type":"Feature","id":"232011690","properties":{"KEY_CODE":"232011690","PREF":"23","CITY":"201","S_AREA":"169000","PREF_NAME":"愛知県","CITY_NAME":"豊橋市","S_NAME":"堂坂町","HCODE":8101,"AREA":55974.784,"KIGO_E":"","JINKO":610,"SETAI":253,"X_CODE":137.378953,"Y_CODE":34.74974},"geometry":{"type":"Polygon","coordinates":[[[137.379599,34.750419],[137.380076,34.750249],[137.380159,34.750406],[137.380267,34.750369],[137.380183,34.750202],[137.380582,34.750055],[137.3806,34.75009],[137.3806,34.75009],[137.380602,34.75009],[137.38088,34.749989],[137.380736,34.749773],[137.380498,34.749408],[137.380399,34.749264],[137.380254,34.749052],[137.380022,34.748707],[137.379678,34.748219],[137.37886,34.748502],[137.378653,34.748573],[137.378922,34.749089],[137.377366,34.749629],[137.377436,34.749758],[137.376892,34.749985],[137.377025,34.750184],[137.377196,34.750451],[137.377269,34.750484],[137.377317,34.750518],[137.37753,34.750677],[137.377784,34.750822],[137.37781,34.750848],[137.378274,34.751064],[137.378333,34.751081],[137.378231,34.750935],[137.37841,34.750865],[137.378398,34.750846],[137.3796,34.750421],[137.379599,34.750419]]]}},{"type":"Feature","id":"23201170001","properties":{"KEY_CODE":"23201170001","PREF":"23","CITY":"201","S_AREA":"170001","PREF_NAME":"愛知県","CITY_NAME":"豊橋市","S_NAME":"中岩田一丁目","HCODE":8101,"AREA":119153.863,"KIGO_E":"","JINKO":485,"SETAI":184,"X_CODE":137.424675,"Y_CODE":34.755441},"geometry":{"type":"Polygon","coordinates":[[[137.426675,34.756743],[137.4267,34.756354],[137.42673,34.755446],[137.426794,34.754098],[137.424565,34.754017],[137.423203,34.753984],[137.422538,34.753973],[137.422468,34.755285],[137.422424,34.756478],[137.422414,34.756867],[137.422919,34.756783],[137.423822,34.75665],[137.424403,34.756521],[137.424783,34.75645],[137.425072,34.756425],[137.425866,34.756394],[137.426095,34.756982],[137.426507,34.757879],[137.427094,34.757792],[137.42683,34.757208],[137.426724,34.756973],[137.426688,34.756863],[137.426675,34.756743]]]}},{"type":"Feature","id":"23201170002","properties":{"KEY_CODE":"23201170002","PREF":"23","CITY":"201","S_AREA":"170002","PREF_NAME":"愛知県","CITY_NAME":"豊橋市","S_NAME":"中岩田二丁目","HCODE":8101,"AREA":109449.439,"KIGO_E":"","JINKO":716,"SETAI":278,"X_CODE":137.424722,"Y_CODE":34.752763},"geometry":{"type":"Polygon","coordinates":[[[137.423301,34.751458],[137.42265,34.751438],[137.422604,34.752411],[137.422538,34.753973],[137.423203,34.753984],[137.424565,34.754017],[137.426794,34.754098],[137.426821,34.753545],[137.426862,34.752548],[137.426904,34.751566],[137.426315,34.751547],[137.424666,34.75149],[137.423301,34.751458]]]}},{"type":"Feature","id":"23201170003","properties":{"KEY_CODE":"23201170003","PREF":"23","CITY":"201","S_AREA":"170003","PREF_NAME":"愛知県","CITY_NAME":"豊橋市","S_NAME":"中岩田三丁目","HCODE":8101,"AREA":149238.873,"KIGO_E":"","JINKO":1318,"SETAI":529,"X_CODE":137.424792,"Y_CODE":34.749773},"geometry":{"type":"Polygon","coordinates":[[[137.425464,34.748083],[137.424971,34.747934],[137.424825,34.747909],[137.424182,34.747801],[137.424123,34.747795],[137.424093,34.747792],[137.423937,34.747801],[137.423879,34.747814],[137.423586,34.747914],[137.423519,34.747933],[137.423439,34.747949],[137.423162,34.748016],[137.423105,34.748029],[137.423055,34.748031],[137.423003,34.748022],[137.422929,34.748],[137.422891,34.747994],[137.422831,34.747988],[137.422769,34.747993],[137.422709,34.749306],[137.422653,34.751421],[137.42265,34.751438],[137.423301,34.751458],[137.424666,34.75149],[137.426315,34.751547],[137.426904,34.751566],[137.426941,34.750689],[137.42696,34.750373],[137.42697,34.750036],[137.426984,34.749635],[137.426993,34.74943],[137.427005,34.749238],[137.42702,34.748934],[137.427036,34.748555],[137.427033,34.748451],[137.426539,34.748414],[137.426447,34.748398],[137.425464,34.748083]]]}},{"type":"Feature","id":"23201170004","properties":{"KEY_CODE":"23201170004","PREF":"23","CITY":"201","S_AREA":"170004","PREF_NAME":"愛知県","CITY_NAME":"豊橋市","S_NAME":"中岩田四丁目","HCODE":8101,"AREA":90617.531,"KIGO_E":"","JINKO":412,"SETAI":160,"X_CODE":137.428,"Y_CODE":34.756011},"geometry":{"type":"Polygon","coordinates":[[[137.429585,34.75784],[137.429316,34.757043],[137.429165,34.756287],[137.429112,34.755587],[137.42914,34.754604],[137.429171,34.754229],[137.426794,34.754098],[137.42673,34.755446],[137.4267,34.756354],[137.426675,34.756743],[137.426688,34.756863],[137.426724,34.756973],[137.42683,34.757208],[137.427094,34.757792],[137.427636,34.757719],[137.428016,34.757667],[137.42808,34.757862],[137.428256,34.757859],[137.429585,34.75784]]]}},{"type":"Feature","id":"23201170005","properties":{"KEY_CODE":"23201170005","PREF":"23","CITY":"201","S_AREA":"170005","PREF_NAME":"愛知県","CITY_NAME":"豊橋市","S_NAME":"中岩田五丁目","HCODE":8101,"AREA":83034.644,"KIGO_E":"","JINKO":912,"SETAI":329,"X_CODE":137.428059,"Y_CODE":34.752445},"geometry":{"type":"Polygon","coordinates":[[[137.427884,34.750715],[137.426941,34.750689],[137.426904,34.751566],[137.426862,34.752548],[137.426821,34.753545],[137.426794,34.754098],[137.429171,34.754229],[137.429174,34.754188],[137.429193,34.753687],[137.429211,34.753204],[137.429213,34.753153],[137.429236,34.752695],[137.429248,34.752404],[137.429259,34.752139],[137.429276,34.75164],[137.429276,34.751617],[137.429294,34.751193],[137.429312,34.750764],[137.428714,34.750743],[137.427884,34.750715]]]}},{"type":"Feature","id":"23201170006","properties":{"KEY_CODE":"23201170006","PREF":"23","CITY":"201","S_AREA":"170006","PREF_NAME":"愛知県","CITY_NAME":"豊橋市","S_NAME":"中岩田六丁目","HCODE":8101,"AREA":52414.098,"KIGO_E":"","JINKO":1338,"SETAI":531,"X_CODE":137.42816,"Y_CODE":34.749637},"geometry":{"type":"Polygon","coordinates":[[[137.427824,34.748508],[137.427033,34.748451],[137.427036,34.748555],[137.42702,34.748934],[137.427005,34.749238],[137.426993,34.74943],[137.426984,34.749635],[137.42697,34.750036],[137.42696,34.750373],[137.426941,34.750689],[137.427884,34.750715],[137.428714,34.750743],[137.429312,34.750764],[137.429345,34.750095],[137.429352,34.749945],[137.429359,34.749708],[137.42937,34.749457],[137.429381,34.749219],[137.429387,34.748953],[137.429464,34.748863],[137.429104,34.748636],[137.429046,34.748612],[137.428954,34.748594],[137.428432,34.748553],[137.427824,34.748508]]]}},{"type":"Feature","id":"232011760","properties":{"KEY_CODE":"232011760","PREF":"23","CITY":"201","S_AREA":"176000","PREF_NAME":"愛知県","CITY_NAME":"豊橋市","S_NAME":"中郷町","HCODE":8101,"AREA":100732.469,"KIGO_E":"","JINKO":952,"SETAI":478,"X_CODE":137.381841,"Y_CODE":34.755189},"geometry":{"type":"Polygon","coordinates":[[[137.382172,34.757483],[137.382264,34.756706],[137.382675,34.756722],[137.382317,34.755839],[137.38229,34.755804],[137.382306,34.755016],[137.382305,34.754752],[137.382371,34.754216],[137.382424,34.753699],[137.382424,34.753699],[137.381857,34.753651],[137.380936,34.753584],[137.380926,34.753581],[137.380973,34.753061],[137.378883,34.752898],[137.379141,34.753257],[137.379174,34.7533],[137.379283,34.753471],[137.379147,34.754755],[137.379681,34.754796],[137.37985,34.754811],[137.379856,34.754661],[137.379803,34.754599],[137.379878,34.754571],[137.379903,34.754429],[137.379914,34.754395],[137.380113,34.754294],[137.380173,34.754395],[137.380332,34.754318],[137.380378,34.754348],[137.380377,34.754465],[137.380651,34.754471],[137.380649,34.754603],[137.380777,34.754605],[137.38078,34.754661],[137.380885,34.754664],[137.38088,34.754885],[137.381223,34.754888],[137.381397,34.754983],[137.381375,34.75523],[137.381926,34.75522],[137.38192,34.755484],[137.382095,34.755506],[137.382062,34.755751],[137.381971,34.755731],[137.38186,34.755708],[137.381837,34.755873],[137.381729,34.755868],[137.381718,34.756051],[137.381607,34.756046],[137.381622,34.755958],[137.381264,34.755958],[137.381277,34.755816],[137.381298,34.755761],[137.381336,34.755619],[137.381374,34.755507],[137.380848,34.755437],[137.38087,34.755291],[137.380557,34.755239],[137.380491,34.755132],[137.380261,34.755139],[137.380263,34.755087],[137.380122,34.755085],[137.38012,34.755158],[137.379961,34.755151],[137.379941,34.755179],[137.379907,34.755198],[137.379882,34.75523],[137.37964,34.755117],[137.379647,34.755188],[137.379689,34.755353],[137.37964,34.755896],[137.379577,34.756527],[137.379523,34.757059],[137.379569,34.757064],[137.380172,34.757145],[137.381163,34.757245],[137.381795,34.757314],[137.381875,34.757357],[137.382172,34.757483]]]}},{"type":"Feature","id":"232011770","properties":{"KEY_CODE":"232011770","PREF":"23","CITY":"201","S_AREA":"177000","PREF_NAME":"愛知県","CITY_NAME":"豊橋市","S_NAME":"中柴町","HCODE":8101,"AREA":37468.98,"KIGO_E":"","JINKO":278,"SETAI":131,"X_CODE":137.388936,"Y_CODE":34.759719},"geometry":{"type":"Polygon","coordinates":[[[137.389905,34.760519],[137.389812,34.759309],[137.389787,34.75898],[137.389788,34.75898],[137.389786,34.758938],[137.389768,34.758676],[137.38976,34.758676],[137.389433,34.758689],[137.389415,34.75869],[137.389358,34.758695],[137.388437,34.758752],[137.387874,34.758782],[137.387909,34.759405],[137.388057,34.759399],[137.388074,34.759585],[137.388071,34.759705],[137.388051,34.75989],[137.388036,34.760012],[137.387955,34.760603],[137.388117,34.760621],[137.388831,34.760693],[137.389291,34.760744],[137.389382,34.760755],[137.389926,34.7608],[137.389905,34.760519]]]}},{"type":"Feature","id":"232011780","properties":{"KEY_CODE":"232011780","PREF":"23","CITY":"201","S_AREA":"178000","PREF_NAME":"愛知県","CITY_NAME":"豊橋市","S_NAME":"中世古町","HCODE":8101,"AREA":50200.602,"KIGO_E":"","JINKO":316,"SETAI":118,"X_CODE":137.395092,"Y_CODE":34.763995},"geometry":{"type":"Polygon","coordinates":[[[137.396599,34.764813],[137.396469,34.764167],[137.396343,34.764171],[137.396323,34.763944],[137.396423,34.763937],[137.396414,34.763805],[137.396277,34.763811],[137.396236,34.763357],[137.396229,34.76327],[137.395707,34.763163],[137.394726,34.762937],[137.394534,34.762823],[137.394139,34.762574],[137.394119,34.762561],[137.393783,34.762591],[137.393789,34.762631],[137.393869,34.763128],[137.39396,34.763617],[137.394206,34.764979],[137.394255,34.765276],[137.394919,34.765135],[137.39494,34.76513],[137.396599,34.764813]]]}},{"type":"Feature","id":"232011790","properties":{"KEY_CODE":"232011790","PREF":"23","CITY":"201","S_AREA":"179000","PREF_NAME":"愛知県","CITY_NAME":"豊橋市","S_NAME":"中野町","HCODE":8101,"AREA":451488.319,"KIGO_E":"","JINKO":1892,"SETAI":886,"X_CODE":137.372486,"Y_CODE":34.734604},"geometry":{"type":"Polygon","coordinates":[[[137.376765,34.736119],[137.376399,34.735798],[137.375662,34.735132],[137.374988,34.73453],[137.374812,34.734363],[137.374371,34.733965],[137.374111,34.733736],[137.374827,34.733202],[137.374072,34.732497],[137.374544,34.732163],[137.374658,34.732074],[137.373556,34.731053],[137.372975,34.731496],[137.372614,34.731769],[137.372257,34.732039],[137.37222,34.732029],[137.372166,34.73198],[137.371397,34.731289],[137.371366,34.731261],[137.370533,34.730529],[137.369655,34.731616],[137.368619,34.731045],[137.368624,34.731039],[137.366686,34.729997],[137.366388,34.730046],[137.366389,34.73018],[137.365997,34.730082],[137.365878,34.729956],[137.365638,34.729486],[137.365598,34.730504],[137.365756,34.731125],[137.366062,34.73233],[137.366238,34.734709],[137.366367,34.734698],[137.366379,34.734464],[137.366383,34.734245],[137.366395,34.73423],[137.36659,34.734097],[137.366594,34.734086],[137.366576,34.733985],[137.366587,34.733922],[137.366652,34.733876],[137.366763,34.733866],[137.366843,34.734294],[137.367603,34.734179],[137.368638,34.734744],[137.370017,34.733025],[137.371642,34.734532],[137.37201,34.735297],[137.372549,34.736386],[137.372611,34.736341],[137.372976,34.736074],[137.373168,34.735937],[137.3734,34.736149],[137.373731,34.73588],[137.373899,34.736015],[137.374046,34.735915],[137.374325,34.736167],[137.374818,34.735779],[137.375554,34.736448],[137.376017,34.736087],[137.376529,34.736547],[137.376117,34.736857],[137.376773,34.737438],[137.377218,34.737829],[137.376493,34.738387],[137.375611,34.739046],[137.375612,34.739047],[137.375939,34.739354],[137.377094,34.740372],[137.377181,34.740448],[137.377394,34.740631],[137.377682,34.740883],[137.378674,34.741738],[137.378698,34.74172],[137.378762,34.74167],[137.379722,34.740946],[137.379965,34.740765],[137.378981,34.739884],[137.378885,34.739799],[137.378689,34.739623],[137.379765,34.738807],[137.379014,34.738134],[137.378354,34.737544],[137.378008,34.737241],[137.377807,34.73706],[137.376765,34.736119]]]}},{"type":"Feature","id":"232011800","properties":{"KEY_CODE":"232011800","PREF":"23","CITY":"201","S_AREA":"180000","PREF_NAME":"愛知県","CITY_NAME":"豊橋市","S_NAME":"仲ノ町","HCODE":8101,"AREA":79963.008,"KIGO_E":"","JINKO":526,"SETAI":214,"X_CODE":137.413925,"Y_CODE":34.758984},"geometry":{"type":"Polygon","coordinates":[[[137.415868,34.760284],[137.415682,34.759767],[137.415502,34.759313],[137.415318,34.758837],[137.414992,34.758142],[137.414807,34.758098],[137.414627,34.758025],[137.414399,34.757902],[137.41428,34.757835],[137.414093,34.757721],[137.413928,34.757607],[137.413897,34.757586],[137.413515,34.757255],[137.413261,34.757087],[137.412969,34.7573],[137.412787,34.757554],[137.412682,34.757506],[137.412519,34.757734],[137.412312,34.758058],[137.412344,34.758072],[137.412142,34.758389],[137.411923,34.758296],[137.411682,34.758663],[137.411896,34.758754],[137.411902,34.758757],[137.411798,34.758946],[137.412687,34.759342],[137.412808,34.759163],[137.412819,34.759168],[137.413143,34.75931],[137.413332,34.759662],[137.41346,34.759608],[137.413694,34.760003],[137.413761,34.759976],[137.414026,34.76041],[137.413802,34.760484],[137.414172,34.760888],[137.41418,34.760896],[137.414619,34.760734],[137.415483,34.760422],[137.415868,34.760284]]]}},{"type":"Feature","id":"232011810","properties":{"KEY_CODE":"232011810","PREF":"23","CITY":"201","S_AREA":"181000","PREF_NAME":"愛知県","CITY_NAME":"豊橋市","S_NAME":"中橋良町","HCODE":8101,"AREA":61043.931,"KIGO_E":"","JINKO":409,"SETAI":181,"X_CODE":137.382378,"Y_CODE":34.747883},"geometry":{"type":"Polygon","coordinates":[[[137.381414,34.748647],[137.38169,34.748551],[137.381701,34.748568],[137.381805,34.748728],[137.381846,34.748713],[137.383071,34.748279],[137.383601,34.748106],[137.383619,34.748143],[137.384125,34.747977],[137.384109,34.747941],[137.384108,34.74794],[137.385011,34.747645],[137.384961,34.74741],[137.384887,34.747119],[137.384851,34.747081],[137.384796,34.74707],[137.384687,34.747081],[137.384487,34.747136],[137.384353,34.746868],[137.383652,34.746715],[137.383655,34.746713],[137.383475,34.746678],[137.383437,34.746682],[137.38338,34.74669],[137.383352,34.746674],[137.38292,34.746788],[137.382778,34.746844],[137.382664,34.746875],[137.38261,34.746885],[137.382723,34.747163],[137.38254,34.747235],[137.381129,34.747711],[137.379678,34.748219],[137.380022,34.748707],[137.380254,34.749052],[137.380399,34.749264],[137.380827,34.749116],[137.381515,34.748829],[137.381414,34.748647]]]}},{"type":"Feature","id":"232011820","properties":{"KEY_CODE":"232011820","PREF":"23","CITY":"201","S_AREA":"182000","PREF_NAME":"愛知県","CITY_NAME":"豊橋市","S_NAME":"中浜町","HCODE":8101,"AREA":168459.136,"KIGO_E":"","JINKO":913,"SETAI":446,"X_CODE":137.373361,"Y_CODE":34.740874},"geometry":{"type":"Polygon","coordinates":[[[137.373789,34.742365],[137.374179,34.741991],[137.374216,34.742013],[137.374558,34.741664],[137.37457,34.741646],[137.374564,34.741617],[137.374605,34.741566],[137.374756,34.74141],[137.374838,34.741473],[137.375387,34.740935],[137.375437,34.740974],[137.375767,34.74069],[137.375803,34.740719],[137.375902,34.740798],[137.375964,34.740746],[137.376245,34.740515],[137.37626,34.740503],[137.376563,34.740773],[137.377094,34.740372],[137.375939,34.739354],[137.375612,34.739047],[137.375611,34.739046],[137.374956,34.738959],[137.374835,34.738968],[137.374727,34.738966],[137.374592,34.73896],[137.37455,34.73897],[137.373938,34.739144],[137.373219,34.739305],[137.372445,34.739474],[137.372217,34.739521],[137.372167,34.739525],[137.372058,34.739517],[137.371882,34.739507],[137.371443,34.739442],[137.371402,34.73943],[137.371343,34.739406],[137.371301,34.739399],[137.371256,34.739401],[137.371224,34.739413],[137.371011,34.7396],[137.370983,34.739645],[137.370969,34.739688],[137.370963,34.739797],[137.371071,34.739823],[137.370761,34.740515],[137.370753,34.74055],[137.370748,34.740574],[137.370753,34.740613],[137.370781,34.740669],[137.370792,34.740747],[137.370666,34.741045],[137.370502,34.741012],[137.370317,34.741468],[137.370301,34.741516],[137.370255,34.74151],[137.370202,34.741656],[137.370222,34.74167],[137.370529,34.741814],[137.371087,34.742216],[137.371015,34.742285],[137.371213,34.742447],[137.371578,34.742165],[137.37272,34.742858],[137.373682,34.743631],[137.373699,34.743616],[137.374147,34.743251],[137.374574,34.742871],[137.373789,34.742365]]]}},{"type":"Feature","id":"232011830","properties":{"KEY_CODE":"232011830","PREF":"23","CITY":"201","S_AREA":"183000","PREF_NAME":"愛知県","CITY_NAME":"豊橋市","S_NAME":"中原町","HCODE":8101,"AREA":1919391.799,"KIGO_E":"","JINKO":1035,"SETAI":390,"X_CODE":137.474539,"Y_CODE":34.724708},"geometry":{"type":"Polygon","coordinates":[[[137.469372,34.732073],[137.469427,34.732054],[137.469481,34.732059],[137.469765,34.732186],[137.469938,34.732265],[137.47052,34.732564],[137.470714,34.732577],[137.471124,34.732592],[137.471579,34.732603],[137.471661,34.732585],[137.471979,34.732416],[137.472211,34.73227],[137.472439,34.731877],[137.472469,34.731855],[137.47251,34.731859],[137.472828,34.73201],[137.473518,34.732409],[137.473804,34.73251],[137.474331,34.732612],[137.474537,34.732609],[137.474662,34.732591],[137.474775,34.732554],[137.474876,34.732507],[137.474955,34.732436],[137.475037,34.732377],[137.475125,34.732231],[137.475289,34.731701],[137.475363,34.731376],[137.475377,34.731124],[137.475368,34.730757],[137.475406,34.730435],[137.475617,34.730353],[137.475745,34.730321],[137.47585,34.730328],[137.4764,34.730558],[137.476457,34.730921],[137.476611,34.731156],[137.476661,34.731194],[137.476768,34.731221],[137.47713,34.731221],[137.47821,34.73171],[137.479176,34.730297],[137.479475,34.729859],[137.479569,34.729743],[137.479773,34.729592],[137.480091,34.729423],[137.480321,34.72933],[137.480661,34.728033],[137.481027,34.726639],[137.48205,34.726574],[137.48217,34.726551],[137.482247,34.726519],[137.482299,34.726481],[137.48238,34.726409],[137.482425,34.726342],[137.482462,34.726161],[137.482474,34.72604],[137.482467,34.72565],[137.482343,34.724919],[137.482358,34.72447],[137.482368,34.724177],[137.482476,34.723554],[137.482626,34.723038],[137.482609,34.722916],[137.482524,34.722836],[137.482409,34.722765],[137.482305,34.722739],[137.482205,34.722724],[137.482141,34.722699],[137.482101,34.722646],[137.482072,34.722453],[137.481836,34.721953],[137.481685,34.721646],[137.481657,34.721449],[137.481669,34.721305],[137.481787,34.721023],[137.482031,34.720659],[137.482439,34.720051],[137.482572,34.719878],[137.482748,34.719749],[137.483347,34.7195],[137.48405,34.719169],[137.484544,34.718896],[137.484886,34.718612],[137.485355,34.718235],[137.483156,34.716647],[137.482931,34.716751],[137.482758,34.716869],[137.48239,34.71722],[137.481812,34.717794],[137.480983,34.717219],[137.480722,34.717165],[137.480276,34.717237],[137.478539,34.717127],[137.478467,34.717682],[137.477256,34.717592],[137.477091,34.718517],[137.475616,34.718403],[137.47561,34.718443],[137.475437,34.719637],[137.474513,34.71999],[137.474343,34.720196],[137.473875,34.72017],[137.473374,34.720136],[137.47359,34.720396],[137.473253,34.720506],[137.473058,34.720189],[137.472854,34.720211],[137.472416,34.720266],[137.472057,34.720259],[137.470919,34.720169],[137.470864,34.720619],[137.469762,34.720638],[137.469151,34.720763],[137.467229,34.721074],[137.466949,34.7211],[137.466561,34.721095],[137.466231,34.721067],[137.465015,34.721264],[137.463942,34.721477],[137.463911,34.721483],[137.463494,34.722493],[137.463511,34.722683],[137.463568,34.724068],[137.463583,34.724257],[137.463606,34.724593],[137.463822,34.725221],[137.463791,34.725502],[137.466714,34.724993],[137.466838,34.726271],[137.466853,34.726429],[137.466814,34.726678],[137.466967,34.727353],[137.467028,34.72744],[137.467154,34.727522],[137.467276,34.727556],[137.467422,34.72757],[137.467579,34.727546],[137.46813,34.727272],[137.468396,34.727144],[137.468624,34.726991],[137.469314,34.7264],[137.469504,34.72631],[137.469585,34.726271],[137.469696,34.726231],[137.469879,34.726191],[137.4699,34.72608],[137.469928,34.725954],[137.469953,34.725839],[137.469997,34.725713],[137.470101,34.725566],[137.470244,34.725482],[137.470491,34.725434],[137.47089,34.725458],[137.47167,34.72587],[137.472451,34.725292],[137.472646,34.72553],[137.472975,34.725976],[137.473021,34.726079],[137.47305,34.7263],[137.473021,34.726511],[137.472924,34.726761],[137.472827,34.726787],[137.472719,34.726788],[137.472515,34.726761],[137.472363,34.726733],[137.472214,34.72681],[137.471981,34.726957],[137.471728,34.727127],[137.471613,34.727174],[137.471137,34.727719],[137.470871,34.728009],[137.470609,34.728316],[137.470488,34.728511],[137.4704,34.728766],[137.470358,34.728937],[137.470179,34.728647],[137.47012,34.728564],[137.469987,34.728492],[137.469887,34.72847],[137.469754,34.728467],[137.469546,34.728499],[137.469442,34.7285],[137.469297,34.728483],[137.469214,34.728703],[137.469081,34.728702],[137.468956,34.728726],[137.468871,34.728765],[137.468772,34.728858],[137.468631,34.728922],[137.468436,34.728962],[137.46812,34.729031],[137.467566,34.729249],[137.467289,34.72936],[137.467087,34.729466],[137.466986,34.729587],[137.466952,34.729719],[137.466941,34.729914],[137.4669,34.730097],[137.466804,34.730214],[137.466675,34.730311],[137.466567,34.730423],[137.466842,34.730487],[137.467655,34.731192],[137.467862,34.731411],[137.468102,34.731781],[137.468367,34.732187],[137.468848,34.732695],[137.4691,34.732954],[137.46897,34.732782],[137.468935,34.732679],[137.468857,34.732548],[137.46886,34.732468],[137.469041,34.732352],[137.469178,34.732245],[137.469372,34.732073]]]}},{"type":"Feature","id":"232011840","properties":{"KEY_CODE":"232011840","PREF":"23","CITY":"201","S_AREA":"184000","PREF_NAME":"愛知県","CITY_NAME":"豊橋市","S_NAME":"中松山町","HCODE":8101,"AREA":26413.514,"KIGO_E":"","JINKO":191,"SETAI":82,"X_CODE":137.389053,"Y_CODE":34.757749},"geometry":{"type":"Polygon","coordinates":[[[137.389707,34.757779],[137.389631,34.756617],[137.389173,34.756633],[137.388701,34.756931],[137.388673,34.756948],[137.388269,34.757204],[137.388336,34.757854],[137.388415,34.758571],[137.388417,34.758584],[137.388434,34.758726],[137.388437,34.758752],[137.389358,34.758695],[137.389415,34.75869],[137.389433,34.758689],[137.38976,34.758676],[137.389768,34.758676],[137.389738,34.758273],[137.389718,34.757954],[137.389707,34.757779]]]}},{"type":"Feature","id":"232011850","properties":{"KEY_CODE":"232011850","PREF":"23","CITY":"201","S_AREA":"185000","PREF_NAME":"愛知県","CITY_NAME":"豊橋市","S_NAME":"長瀬町","HCODE":8101,"AREA":434487.958,"KIGO_E":"","JINKO":364,"SETAI":89,"X_CODE":137.401355,"Y_CODE":34.793749},"geometry":{"type":"Polygon","coordinates":[[[137.407067,34.79199],[137.407239,34.791747],[137.407462,34.791993],[137.407759,34.791724],[137.405437,34.791768],[137.403497,34.791843],[137.403464,34.791353],[137.401699,34.79141],[137.401617,34.7898],[137.401315,34.789762],[137.401303,34.789656],[137.401099,34.789696],[137.400935,34.789729],[137.400714,34.789645],[137.400507,34.789569],[137.400489,34.789635],[137.400469,34.789711],[137.400417,34.789847],[137.400359,34.789954],[137.400303,34.790056],[137.400182,34.790162],[137.399501,34.790412],[137.399404,34.790416],[137.399256,34.790579],[137.399093,34.790714],[137.398914,34.790866],[137.398786,34.791028],[137.398728,34.791124],[137.398658,34.791393],[137.398595,34.79147],[137.39836,34.791528],[137.398198,34.791692],[137.398028,34.791948],[137.397692,34.792597],[137.397678,34.792801],[137.397643,34.792906],[137.397546,34.79302],[137.397467,34.793152],[137.397386,34.793291],[137.397718,34.793349],[137.397837,34.793577],[137.397799,34.793756],[137.397599,34.794041],[137.397636,34.79446],[137.397683,34.794594],[137.397873,34.795124],[137.398041,34.795587],[137.398176,34.795965],[137.398375,34.796244],[137.399061,34.797195],[137.399844,34.79779],[137.400776,34.797743],[137.400993,34.797724],[137.401366,34.797664],[137.401489,34.797628],[137.401956,34.797565],[137.402125,34.797539],[137.40209,34.797205],[137.402463,34.797064],[137.402566,34.796844],[137.40267,34.796704],[137.403034,34.796581],[137.403361,34.796035],[137.403789,34.795284],[137.403551,34.7952],[137.403955,34.794391],[137.404029,34.79425],[137.403886,34.794179],[137.404435,34.793373],[137.404935,34.793237],[137.405607,34.793193],[137.406729,34.793106],[137.407309,34.793092],[137.407678,34.792625],[137.407302,34.792223],[137.407039,34.792074],[137.407067,34.79199]]]}},{"type":"Feature","id":"232011860","properties":{"KEY_CODE":"232011860","PREF":"23","CITY":"201","S_AREA":"186000","PREF_NAME":"愛知県","CITY_NAME":"豊橋市","S_NAME":"浪ノ上町","HCODE":8101,"AREA":86915.636,"KIGO_E":"","JINKO":748,"SETAI":294,"X_CODE":137.423958,"Y_CODE":34.786973},"geometry":{"type":"Polygon","coordinates":[[[137.425327,34.787527],[137.426175,34.787248],[137.427227,34.786719],[137.427341,34.786665],[137.427493,34.786602],[137.427643,34.786569],[137.427205,34.786401],[137.426962,34.786278],[137.425916,34.785719],[137.425368,34.785933],[137.423832,34.786516],[137.423395,34.786664],[137.423379,34.786628],[137.422861,34.78682],[137.422517,34.7865],[137.422303,34.786265],[137.42226,34.786239],[137.422152,34.786197],[137.422065,34.78617],[137.422012,34.786143],[137.42197,34.786109],[137.421931,34.78607],[137.421897,34.786025],[137.421859,34.786378],[137.421435,34.786569],[137.421469,34.786615],[137.421251,34.786718],[137.421217,34.786667],[137.420189,34.787163],[137.420219,34.787486],[137.420226,34.787501],[137.420251,34.787512],[137.420574,34.787501],[137.420826,34.78748],[137.421162,34.787439],[137.421625,34.787576],[137.421835,34.787631],[137.422323,34.787748],[137.423395,34.788006],[137.423528,34.788045],[137.423604,34.788083],[137.423683,34.788147],[137.423723,34.788185],[137.424036,34.788049],[137.42413,34.788009],[137.424913,34.787675],[137.425327,34.787527]]]}},{"type":"Feature","id":"232011870","properties":{"KEY_CODE":"232011870","PREF":"23","CITY":"201","S_AREA":"187000","PREF_NAME":"愛知県","CITY_NAME":"豊橋市","S_NAME":"西赤沢町","HCODE":8101,"AREA":3735050.621,"KIGO_E":"","JINKO":481,"SETAI":109,"X_CODE":137.353736,"Y_CODE":34.666635},"geometry":{"type":"Polygon","coordinates":[[[137.363431,34.678283],[137.363755,34.677824],[137.363841,34.677788],[137.363995,34.677786],[137.364964,34.677778],[137.365069,34.677778],[137.365094,34.677778],[137.36534,34.677902],[137.36561,34.67803],[137.365679,34.677862],[137.365733,34.67767],[137.365752,34.677527],[137.365751,34.677358],[137.365739,34.677234],[137.365702,34.677121],[137.365677,34.676994],[137.365672,34.676937],[137.365639,34.676933],[137.365234,34.677181],[137.365024,34.676922],[137.364723,34.676551],[137.364626,34.676436],[137.364544,34.676315],[137.364454,34.676169],[137.364379,34.676243],[137.364241,34.676362],[137.364053,34.676475],[137.363888,34.676546],[137.363746,34.67659],[137.363588,34.676604],[137.363472,34.676609],[137.363382,34.676611],[137.36312,34.676607],[137.362954,34.676589],[137.362748,34.676559],[137.362666,34.676544],[137.362689,34.676171],[137.362594,34.676158],[137.36134,34.676105],[137.361648,34.67565],[137.36168,34.67529],[137.361692,34.674902],[137.36105,34.674877],[137.360545,34.674811],[137.360122,34.674699],[137.359912,34.674541],[137.360044,34.672633],[137.360861,34.672703],[137.360978,34.671851],[137.360092,34.671769],[137.36087,34.665928],[137.360218,34.665747],[137.360428,34.665227],[137.361359,34.663842],[137.361756,34.663263],[137.362258,34.662621],[137.362398,34.662342],[137.362058,34.661043],[137.362106,34.660779],[137.362112,34.660674],[137.363356,34.660102],[137.36337,34.660048],[137.36327,34.659864],[137.36285,34.6595],[137.362428,34.659121],[137.362727,34.658791],[137.362916,34.658689],[137.362926,34.658577],[137.362945,34.658487],[137.36303,34.658358],[137.363138,34.658273],[137.363244,34.658127],[137.363134,34.657941],[137.363097,34.657655],[137.362936,34.657577],[137.362893,34.657467],[137.36284,34.657386],[137.362837,34.657173],[137.362902,34.657092],[137.362934,34.656946],[137.362903,34.656825],[137.36285,34.65668],[137.362727,34.656498],[137.362962,34.656479],[137.363137,34.656337],[137.363245,34.656221],[137.363204,34.656066],[137.363226,34.65576],[137.363222,34.655673],[137.36324,34.655563],[137.363313,34.655443],[137.363384,34.655405],[137.363492,34.655324],[137.363537,34.655253],[137.363557,34.655183],[137.363563,34.65509],[137.363551,34.654962],[137.363544,34.654905],[137.36349,34.654829],[137.363443,34.654782],[137.363482,34.654754],[137.363622,34.654671],[137.363791,34.654709],[137.363918,34.654755],[137.364046,34.654714],[137.364064,34.654601],[137.364063,34.654496],[137.364045,34.654451],[137.36401,34.654422],[137.363914,34.654409],[137.363795,34.654397],[137.363764,34.654365],[137.363754,34.65432],[137.363793,34.654247],[137.363889,34.654199],[137.364027,34.654173],[137.364417,34.654016],[137.364438,34.653878],[137.364237,34.653734],[137.364066,34.653717],[137.363909,34.653736],[137.363732,34.65377],[137.363604,34.653741],[137.363567,34.653661],[137.363571,34.65361],[137.36364,34.653546],[137.364015,34.653537],[137.364198,34.653468],[137.363896,34.652676],[137.363734,34.652596],[137.363511,34.65253],[137.3626,34.652303],[137.362562,34.652291],[137.362526,34.652272],[137.362468,34.652231],[137.362392,34.652187],[137.36233,34.652156],[137.362226,34.652117],[137.361911,34.652017],[137.361682,34.651948],[137.361638,34.651933],[137.36163,34.651931],[137.361307,34.651811],[137.361076,34.651743],[137.360679,34.651648],[137.360472,34.651602],[137.360394,34.65158],[137.360208,34.651515],[137.360122,34.651492],[137.360068,34.651482],[137.360042,34.651476],[137.359967,34.651459],[137.359912,34.651448],[137.359798,34.651411],[137.359398,34.65131],[137.359289,34.651286],[137.359134,34.651251],[137.358768,34.651178],[137.358687,34.651149],[137.35861,34.651131],[137.358464,34.651108],[137.358222,34.651037],[137.358124,34.651024],[137.35796,34.651013],[137.357892,34.651005],[137.357798,34.650987],[137.357486,34.650916],[137.357408,34.650906],[137.357271,34.650896],[137.357228,34.650889],[137.357136,34.65087],[137.357091,34.65086],[137.356858,34.650811],[137.356768,34.650794],[137.356596,34.650773],[137.356448,34.651338],[137.356311,34.65146],[137.356172,34.651519],[137.356068,34.651553],[137.35597,34.651607],[137.355906,34.651665],[137.355849,34.651748],[137.355809,34.651927],[137.355592,34.652071],[137.355155,34.652433],[137.354912,34.652614],[137.354768,34.652766],[137.354674,34.652986],[137.35459,34.653123],[137.354481,34.653263],[137.354172,34.653523],[137.353949,34.653714],[137.353898,34.65387],[137.353835,34.654344],[137.353768,34.654577],[137.353687,34.654761],[137.353685,34.654879],[137.353689,34.655431],[137.353623,34.655737],[137.353551,34.655982],[137.353372,34.655879],[137.353314,34.656],[137.353217,34.656355],[137.353151,34.656675],[137.35317,34.656707],[137.353225,34.656747],[137.351908,34.659883],[137.351647,34.660445],[137.351453,34.660394],[137.351146,34.661114],[137.350069,34.660822],[137.349911,34.661857],[137.34978,34.662269],[137.349447,34.663317],[137.349236,34.663623],[137.348778,34.664161],[137.348097,34.664913],[137.347605,34.665747],[137.347358,34.665601],[137.347021,34.665521],[137.346714,34.665538],[137.346626,34.665553],[137.346489,34.66561],[137.346401,34.665661],[137.346337,34.665724],[137.346276,34.665809],[137.346257,34.665907],[137.346261,34.666033],[137.346299,34.666165],[137.346424,34.666497],[137.346463,34.666594],[137.346451,34.666705],[137.346379,34.66678],[137.346318,34.666821],[137.346192,34.666884],[137.346097,34.666907],[137.345937,34.666932],[137.345679,34.666946],[137.345117,34.666933],[137.344815,34.666949],[137.344621,34.667003],[137.344415,34.667101],[137.344253,34.667245],[137.34417,34.66733],[137.344101,34.667462],[137.344033,34.667689],[137.343988,34.667859],[137.34396,34.66827],[137.343894,34.668615],[137.343776,34.668895],[137.343658,34.669072],[137.343415,34.669379],[137.342111,34.670823],[137.341724,34.671078],[137.341426,34.671249],[137.34129,34.67135],[137.341186,34.671612],[137.341053,34.671881],[137.340181,34.674115],[137.339761,34.675107],[137.339677,34.67533],[137.339599,34.675523],[137.33953,34.67582],[137.339477,34.675943],[137.339393,34.676233],[137.339228,34.676583],[137.339005,34.676852],[137.338793,34.67706],[137.338505,34.677399],[137.338418,34.677596],[137.338389,34.677729],[137.338328,34.678117],[137.338305,34.678335],[137.338572,34.678256],[137.339375,34.6782],[137.339634,34.67818],[137.339828,34.678137],[137.340223,34.678011],[137.340325,34.678011],[137.340438,34.678009],[137.341157,34.678152],[137.341664,34.678377],[137.341978,34.677863],[137.343636,34.678485],[137.343848,34.678074],[137.344373,34.677118],[137.34608,34.677744],[137.346247,34.677452],[137.346989,34.677716],[137.347862,34.676071],[137.348244,34.675353],[137.352316,34.67551],[137.354902,34.675599],[137.357553,34.675729],[137.358139,34.67691],[137.357109,34.677253],[137.356992,34.67778],[137.357168,34.678092],[137.357169,34.678093],[137.357381,34.678068],[137.357394,34.678112],[137.35771,34.678048],[137.357797,34.678031],[137.357787,34.678058],[137.35862,34.677929],[137.359209,34.677871],[137.359615,34.677873],[137.359776,34.677878],[137.360031,34.677918],[137.360307,34.677993],[137.360505,34.678159],[137.3606,34.678074],[137.361337,34.678285],[137.361908,34.67844],[137.361863,34.678469],[137.36184,34.678493],[137.36176,34.678563],[137.361704,34.67864],[137.361689,34.678731],[137.361711,34.678793],[137.362037,34.679225],[137.362564,34.678968],[137.362725,34.678879],[137.362839,34.678721],[137.362982,34.678521],[137.363033,34.678457],[137.363375,34.678336],[137.363423,34.678294],[137.363431,34.678283]]]}},{"type":"Feature","id":"23201188001","properties":{"KEY_CODE":"23201188001","PREF":"23","CITY":"201","S_AREA":"188001","PREF_NAME":"愛知県","CITY_NAME":"豊橋市","S_NAME":"西岩田一丁目","HCODE":8101,"AREA":70867.734,"KIGO_E":"","JINKO":446,"SETAI":198,"X_CODE":137.41742,"Y_CODE":34.75523},"geometry":{"type":"Polygon","coordinates":[[[137.419162,34.756273],[137.41893,34.75539],[137.418999,34.753869],[137.4184,34.753934],[137.417801,34.754071],[137.416541,34.754457],[137.415075,34.754908],[137.415254,34.755299],[137.415259,34.75531],[137.415271,34.75533],[137.415354,34.755488],[137.415522,34.755758],[137.415622,34.755882],[137.415829,34.756083],[137.416078,34.755908],[137.416583,34.756303],[137.4167,34.756223],[137.417257,34.755822],[137.417273,34.75584],[137.417934,34.756594],[137.418735,34.756382],[137.419162,34.756273]]]}},{"type":"Feature","id":"23201188002","properties":{"KEY_CODE":"23201188002","PREF":"23","CITY":"201","S_AREA":"188002","PREF_NAME":"愛知県","CITY_NAME":"豊橋市","S_NAME":"西岩田二丁目","HCODE":8101,"AREA":67117.931,"KIGO_E":"","JINKO":470,"SETAI":188,"X_CODE":137.417155,"Y_CODE":34.7532},"geometry":{"type":"Polygon","coordinates":[[[137.416541,34.754457],[137.417801,34.754071],[137.4184,34.753934],[137.418999,34.753869],[137.419027,34.753342],[137.419072,34.752295],[137.418021,34.752266],[137.417843,34.752252],[137.417721,34.752232],[137.416634,34.751939],[137.415722,34.751686],[137.415652,34.751667],[137.415054,34.751749],[137.415096,34.752206],[137.415806,34.752277],[137.416576,34.752411],[137.416542,34.752839],[137.416489,34.753317],[137.41644,34.753791],[137.416406,34.754129],[137.41617,34.754122],[137.41524,34.754117],[137.414845,34.754216],[137.414818,34.754413],[137.414835,34.754412],[137.414851,34.75442],[137.415075,34.754908],[137.416541,34.754457]]]}},{"type":"Feature","id":"23201188003","properties":{"KEY_CODE":"23201188003","PREF":"23","CITY":"201","S_AREA":"188003","PREF_NAME":"愛知県","CITY_NAME":"豊橋市","S_NAME":"西岩田三丁目","HCODE":8101,"AREA":75033.348,"KIGO_E":"","JINKO":435,"SETAI":183,"X_CODE":137.417217,"Y_CODE":34.751135},"geometry":{"type":"Polygon","coordinates":[[[137.419072,34.752295],[137.419057,34.751337],[137.41895,34.750879],[137.418699,34.749739],[137.417986,34.749965],[137.41785,34.750007],[137.417573,34.750064],[137.417014,34.7502],[137.415819,34.750443],[137.415518,34.750524],[137.415262,34.750624],[137.415075,34.750726],[137.414983,34.750803],[137.414964,34.750818],[137.4149,34.750898],[137.414869,34.75095],[137.414837,34.751016],[137.414758,34.751361],[137.414731,34.751436],[137.414688,34.751477],[137.41447,34.751593],[137.414402,34.751617],[137.415054,34.751749],[137.415652,34.751667],[137.415722,34.751686],[137.416634,34.751939],[137.417721,34.752232],[137.417843,34.752252],[137.418021,34.752266],[137.419072,34.752295]]]}},{"type":"Feature","id":"23201188004","properties":{"KEY_CODE":"23201188004","PREF":"23","CITY":"201","S_AREA":"188004","PREF_NAME":"愛知県","CITY_NAME":"豊橋市","S_NAME":"西岩田四丁目","HCODE":8101,"AREA":71261.089,"KIGO_E":"","JINKO":371,"SETAI":145,"X_CODE":137.4206,"Y_CODE":34.754931},"geometry":{"type":"Polygon","coordinates":[[[137.42033,34.755968],[137.420571,34.755907],[137.420685,34.75614],[137.421128,34.756024],[137.421828,34.755845],[137.421845,34.755356],[137.422468,34.755285],[137.422538,34.753973],[137.421918,34.753954],[137.420639,34.75391],[137.418999,34.753869],[137.41893,34.75539],[137.419162,34.756273],[137.42033,34.755968]]]}},{"type":"Feature","id":"23201188005","properties":{"KEY_CODE":"23201188005","PREF":"23","CITY":"201","S_AREA":"188005","PREF_NAME":"愛知県","CITY_NAME":"豊橋市","S_NAME":"西岩田五丁目","HCODE":8101,"AREA":91382.217,"KIGO_E":"","JINKO":447,"SETAI":184,"X_CODE":137.420822,"Y_CODE":34.752648},"geometry":{"type":"Polygon","coordinates":[[[137.42076,34.751379],[137.419057,34.751337],[137.419072,34.752295],[137.419027,34.753342],[137.418999,34.753869],[137.420639,34.75391],[137.421918,34.753954],[137.422538,34.753973],[137.422604,34.752411],[137.42265,34.751438],[137.422653,34.751421],[137.422016,34.751414],[137.42076,34.751379]]]}},{"type":"Feature","id":"23201188006","properties":{"KEY_CODE":"23201188006","PREF":"23","CITY":"201","S_AREA":"188006","PREF_NAME":"愛知県","CITY_NAME":"豊橋市","S_NAME":"西岩田六丁目","HCODE":8101,"AREA":105708.547,"KIGO_E":"","JINKO":812,"SETAI":346,"X_CODE":137.421061,"Y_CODE":34.749924},"geometry":{"type":"Polygon","coordinates":[[[137.422203,34.747858],[137.422144,34.747856],[137.422034,34.747862],[137.421842,34.747887],[137.421745,34.747918],[137.421637,34.747972],[137.420701,34.748668],[137.420265,34.749015],[137.420145,34.749111],[137.420084,34.749163],[137.419668,34.749389],[137.419324,34.74956],[137.419225,34.749617],[137.418937,34.7497],[137.418865,34.749715],[137.418759,34.749725],[137.418699,34.749739],[137.41895,34.750879],[137.419057,34.751337],[137.42076,34.751379],[137.422016,34.751414],[137.422653,34.751421],[137.422709,34.749306],[137.422769,34.747993],[137.422712,34.747978],[137.422277,34.747866],[137.422203,34.747858]]]}},{"type":"Feature","id":"23201194001","properties":{"KEY_CODE":"23201194001","PREF":"23","CITY":"201","S_AREA":"194001","PREF_NAME":"愛知県","CITY_NAME":"豊橋市","S_NAME":"西小鷹野一丁目","HCODE":8101,"AREA":137313.657,"KIGO_E":"","JINKO":937,"SETAI":374,"X_CODE":137.423751,"Y_CODE":34.769177},"geometry":{"type":"Polygon","coordinates":[[[137.425485,34.767459],[137.424925,34.766735],[137.42386,34.767238],[137.423838,34.767249],[137.422748,34.767783],[137.422615,34.767866],[137.422418,34.768009],[137.4223,34.768112],[137.422218,34.768193],[137.422151,34.768284],[137.421933,34.768676],[137.421891,34.768752],[137.421871,34.76927],[137.421849,34.769848],[137.421811,34.771007],[137.421811,34.771011],[137.421783,34.771924],[137.423151,34.771383],[137.423357,34.771222],[137.424452,34.770366],[137.424963,34.76997],[137.425487,34.769563],[137.426456,34.768809],[137.425897,34.768068],[137.425891,34.76806],[137.425485,34.767459]]]}},{"type":"Feature","id":"23201194002","properties":{"KEY_CODE":"23201194002","PREF":"23","CITY":"201","S_AREA":"194002","PREF_NAME":"愛知県","CITY_NAME":"豊橋市","S_NAME":"西小鷹野二丁目","HCODE":8101,"AREA":103691.57,"KIGO_E":"","JINKO":640,"SETAI":244,"X_CODE":137.425396,"Y_CODE":34.770945},"geometry":{"type":"Polygon","coordinates":[[[137.42684,34.769271],[137.426456,34.768809],[137.425487,34.769563],[137.424963,34.76997],[137.424452,34.770366],[137.423357,34.771222],[137.423151,34.771383],[137.421783,34.771924],[137.42177,34.772361],[137.422366,34.772384],[137.424043,34.772182],[137.425523,34.771918],[137.426946,34.771675],[137.428138,34.771465],[137.428036,34.771167],[137.427945,34.770951],[137.427794,34.770623],[137.427637,34.770343],[137.42735,34.769921],[137.427211,34.76975],[137.426911,34.769357],[137.42684,34.769272],[137.42684,34.769271]]]}},{"type":"Feature","id":"23201194003","properties":{"KEY_CODE":"23201194003","PREF":"23","CITY":"201","S_AREA":"194003","PREF_NAME":"愛知県","CITY_NAME":"豊橋市","S_NAME":"西小鷹野三丁目","HCODE":8101,"AREA":141809.542,"KIGO_E":"","JINKO":911,"SETAI":389,"X_CODE":137.4254,"Y_CODE":34.77303},"geometry":{"type":"Polygon","coordinates":[[[137.428331,34.772529],[137.428302,34.772283],[137.428211,34.771765],[137.428138,34.771465],[137.426946,34.771675],[137.425523,34.771918],[137.424043,34.772182],[137.422366,34.772384],[137.42177,34.772361],[137.421732,34.773229],[137.421727,34.773329],[137.421705,34.773944],[137.422305,34.773968],[137.423965,34.77404],[137.425438,34.774093],[137.427049,34.774166],[137.428584,34.774231],[137.428579,34.774192],[137.428485,34.773607],[137.428426,34.773145],[137.428362,34.772803],[137.428341,34.772583],[137.428331,34.772529]]]}},{"type":"Feature","id":"23201194004","properties":{"KEY_CODE":"23201194004","PREF":"23","CITY":"201","S_AREA":"194004","PREF_NAME":"愛知県","CITY_NAME":"豊橋市","S_NAME":"西小鷹野四丁目","HCODE":8101,"AREA":160616.087,"KIGO_E":"","JINKO":1116,"SETAI":475,"X_CODE":137.42535,"Y_CODE":34.775232},"geometry":{"type":"Polygon","coordinates":[[[137.428926,34.776599],[137.428834,34.775996],[137.428834,34.775994],[137.428783,34.775587],[137.428699,34.775076],[137.428584,34.774231],[137.427049,34.774166],[137.425438,34.774093],[137.423965,34.77404],[137.422305,34.773968],[137.421705,34.773944],[137.421627,34.776025],[137.422226,34.776043],[137.423896,34.776088],[137.425374,34.776058],[137.42553,34.776682],[137.425897,34.776617],[137.427011,34.776611],[137.428926,34.776599]]]}},{"type":"Feature","id":"232011980","properties":{"KEY_CODE":"232011980","PREF":"23","CITY":"201","S_AREA":"198000","PREF_NAME":"愛知県","CITY_NAME":"豊橋市","S_NAME":"西小田原町","HCODE":8101,"AREA":52588.488,"KIGO_E":"","JINKO":419,"SETAI":235,"X_CODE":137.384889,"Y_CODE":34.760272},"geometry":{"type":"Polygon","coordinates":[[[137.385635,34.758985],[137.38488,34.758663],[137.38426,34.75956],[137.384164,34.759695],[137.384142,34.759722],[137.383788,34.760184],[137.383777,34.760198],[137.383196,34.760974],[137.384084,34.761347],[137.385215,34.761516],[137.385739,34.761596],[137.385852,34.76087],[137.385912,34.760425],[137.385987,34.75991],[137.386085,34.759177],[137.385635,34.758985]]]}},{"type":"Feature","id":"232011990","properties":{"KEY_CODE":"232011990","PREF":"23","CITY":"201","S_AREA":"199000","PREF_NAME":"愛知県","CITY_NAME":"豊橋市","S_NAME":"錦町","HCODE":8101,"AREA":77461.945,"KIGO_E":"","JINKO":744,"SETAI":323,"X_CODE":137.374437,"Y_CODE":34.7579},"geometry":{"type":"Polygon","coordinates":[[[137.375334,34.759891],[137.375502,34.75913],[137.375586,34.758662],[137.375715,34.758059],[137.375833,34.757464],[137.375867,34.757302],[137.375948,34.756894],[137.375992,34.756685],[137.375543,34.756627],[137.374643,34.756523],[137.373946,34.756441],[137.373051,34.75635],[137.373102,34.756757],[137.373087,34.757044],[137.373022,34.757338],[137.37305,34.757903],[137.373064,34.75843],[137.373071,34.758821],[137.373831,34.759188],[137.374051,34.759291],[137.374262,34.759389],[137.374493,34.759495],[137.374678,34.759238],[137.374769,34.759238],[137.374545,34.759523],[137.374615,34.759557],[137.375334,34.759891]]]}},{"type":"Feature","id":"232012000","properties":{"KEY_CODE":"232012000","PREF":"23","CITY":"201","S_AREA":"200000","PREF_NAME":"愛知県","CITY_NAME":"豊橋市","S_NAME":"西口町","HCODE":8101,"AREA":304618.33,"KIGO_E":"","JINKO":1542,"SETAI":640,"X_CODE":137.416163,"Y_CODE":34.741964},"geometry":{"type":"Polygon","coordinates":[[[137.412957,34.744935],[137.413719,34.744885],[137.413781,34.745043],[137.41415,34.744994],[137.414491,34.744782],[137.414704,34.744663],[137.414826,34.744599],[137.415076,34.74451],[137.415175,34.744475],[137.415179,34.744471],[137.415431,34.744374],[137.415845,34.744218],[137.415972,34.744167],[137.416282,34.744048],[137.41642,34.744002],[137.416656,34.743938],[137.416744,34.743906],[137.416793,34.743888],[137.417082,34.743732],[137.417284,34.744034],[137.417523,34.743894],[137.41828,34.743406],[137.418776,34.743065],[137.420103,34.742172],[137.419916,34.741848],[137.419965,34.741679],[137.420003,34.741556],[137.420047,34.741414],[137.42008,34.741327],[137.420124,34.741236],[137.419667,34.740965],[137.420553,34.74031],[137.420257,34.740064],[137.419592,34.739618],[137.419073,34.740031],[137.418788,34.740256],[137.417946,34.74044],[137.41748,34.738512],[137.417042,34.738624],[137.416935,34.738635],[137.416284,34.738646],[137.416131,34.738656],[137.415977,34.738671],[137.415733,34.738703],[137.415603,34.738725],[137.415253,34.738787],[137.414855,34.738849],[137.414944,34.739366],[137.415032,34.739909],[137.41504,34.739955],[137.415102,34.740294],[137.415149,34.740559],[137.415242,34.741089],[137.414832,34.741197],[137.414097,34.741378],[137.413613,34.741481],[137.413744,34.741618],[137.413754,34.741642],[137.413631,34.741768],[137.413134,34.74232],[137.41289,34.742542],[137.412588,34.742636],[137.412606,34.742679],[137.412486,34.742717],[137.41244,34.742626],[137.411576,34.742954],[137.411635,34.743063],[137.411847,34.743348],[137.411958,34.743474],[137.412259,34.743869],[137.41261,34.745058],[137.412781,34.744969],[137.412855,34.744947],[137.412957,34.744935]]]}},{"type":"Feature","id":"232012010","properties":{"KEY_CODE":"232012010","PREF":"23","CITY":"201","S_AREA":"201000","PREF_NAME":"愛知県","CITY_NAME":"豊橋市","S_NAME":"西小池町","HCODE":8101,"AREA":58732.728,"KIGO_E":"","JINKO":316,"SETAI":157,"X_CODE":137.386091,"Y_CODE":34.751725},"geometry":{"type":"Polygon","coordinates":[[[137.386193,34.753641],[137.387647,34.751891],[137.387596,34.751895],[137.386719,34.751507],[137.386545,34.751498],[137.386583,34.751428],[137.386631,34.751333],[137.386659,34.751233],[137.386676,34.751112],[137.386969,34.75111],[137.387003,34.751104],[137.387167,34.751102],[137.387127,34.751001],[137.386772,34.750199],[137.385932,34.750231],[137.385288,34.750242],[137.384815,34.750198],[137.384772,34.750654],[137.384709,34.751096],[137.385318,34.751135],[137.385347,34.751531],[137.38535,34.751921],[137.385351,34.751936],[137.385358,34.752094],[137.385436,34.753485],[137.38552,34.7535],[137.386168,34.753636],[137.386193,34.753641]]]}},{"type":"Feature","id":"232012020","properties":{"KEY_CODE":"232012020","PREF":"23","CITY":"201","S_AREA":"202000","PREF_NAME":"愛知県","CITY_NAME":"豊橋市","S_NAME":"西新町","HCODE":8101,"AREA":34572.022,"KIGO_E":"","JINKO":154,"SETAI":60,"X_CODE":137.400264,"Y_CODE":34.764951},"geometry":{"type":"Polygon","coordinates":[[[137.399093,34.763985],[137.398658,34.76389],[137.398598,34.764069],[137.399182,34.764717],[137.399555,34.765153],[137.399586,34.765186],[137.399654,34.765259],[137.399749,34.765365],[137.399859,34.765847],[137.39987,34.765895],[137.401685,34.76582],[137.401576,34.765495],[137.401391,34.764971],[137.401371,34.76494],[137.401191,34.764647],[137.401181,34.764632],[137.40105,34.764434],[137.401027,34.76441],[137.400981,34.764389],[137.399742,34.764109],[137.399093,34.763985]]]}},{"type":"Feature","id":"232012030","properties":{"KEY_CODE":"232012030","PREF":"23","CITY":"201","S_AREA":"203000","PREF_NAME":"愛知県","CITY_NAME":"豊橋市","S_NAME":"西高師町","HCODE":8101,"AREA":889690.818,"KIGO_E":"","JINKO":3457,"SETAI":1384,"X_CODE":137.386647,"Y_CODE":34.71662},"geometry":{"type":"Polygon","coordinates":[[[137.386344,34.721331],[137.386326,34.720306],[137.386851,34.720363],[137.38809,34.720515],[137.389316,34.720657],[137.389541,34.720685],[137.390135,34.720752],[137.390317,34.720212],[137.390058,34.720064],[137.389915,34.719983],[137.389678,34.719839],[137.389514,34.719505],[137.389292,34.719],[137.389442,34.718992],[137.389722,34.718977],[137.389812,34.718586],[137.38982,34.718548],[137.389847,34.71855],[137.389929,34.718557],[137.389978,34.718589],[137.390099,34.718549],[137.390339,34.718464],[137.390314,34.718403],[137.390289,34.718325],[137.390258,34.718231],[137.390235,34.718175],[137.390225,34.718151],[137.390216,34.718003],[137.390206,34.71793],[137.390225,34.717796],[137.390278,34.717634],[137.390331,34.717496],[137.390033,34.717423],[137.390135,34.717086],[137.390357,34.717167],[137.390329,34.717008],[137.390234,34.716665],[137.390237,34.716572],[137.390276,34.716464],[137.390319,34.716352],[137.390361,34.716259],[137.390395,34.716179],[137.390409,34.716107],[137.39043,34.715966],[137.390435,34.715848],[137.390447,34.715722],[137.39046,34.715631],[137.390445,34.715575],[137.390411,34.715516],[137.3904,34.715472],[137.390371,34.715394],[137.390349,34.715318],[137.390349,34.715235],[137.39036,34.715143],[137.390367,34.715025],[137.390377,34.714871],[137.390356,34.714772],[137.39028,34.714389],[137.390189,34.713925],[137.390288,34.713909],[137.390803,34.71383],[137.391521,34.713737],[137.392385,34.713617],[137.393103,34.713519],[137.393858,34.713429],[137.394825,34.713304],[137.395963,34.713147],[137.395978,34.713046],[137.396002,34.712888],[137.396014,34.71279],[137.396031,34.712659],[137.396046,34.712485],[137.39605,34.712325],[137.39605,34.712196],[137.396015,34.71219],[137.396011,34.712208],[137.396011,34.712196],[137.395962,34.712193],[137.395955,34.712193],[137.395562,34.712137],[137.395409,34.712136],[137.395262,34.712129],[137.394754,34.712103],[137.394361,34.712053],[137.394176,34.712006],[137.393421,34.711952],[137.393142,34.711936],[137.392852,34.711899],[137.392569,34.711869],[137.392405,34.711836],[137.39202,34.711701],[137.390967,34.711352],[137.390642,34.71122],[137.390342,34.711145],[137.390147,34.711098],[137.389964,34.711076],[137.389726,34.711066],[137.389469,34.711064],[137.38926,34.711079],[137.389044,34.711099],[137.388866,34.711159],[137.388711,34.711224],[137.388539,34.711326],[137.388376,34.711458],[137.386498,34.712477],[137.386454,34.7125],[137.386129,34.712648],[137.385839,34.712769],[137.385716,34.71283],[137.385437,34.712969],[137.385043,34.713153],[137.38451,34.71341],[137.384457,34.713436],[137.384093,34.713654],[137.383651,34.713893],[137.383254,34.714106],[137.382813,34.714348],[137.382307,34.71463],[137.381871,34.714801],[137.381427,34.714974],[137.381034,34.715121],[137.380698,34.715271],[137.380399,34.715343],[137.380472,34.715463],[137.382178,34.717871],[137.381704,34.718327],[137.38141,34.71856],[137.381306,34.718626],[137.381245,34.71867],[137.381155,34.718714],[137.380756,34.71886],[137.380584,34.718891],[137.380453,34.718903],[137.380582,34.719067],[137.380673,34.719186],[137.380757,34.71933],[137.38082,34.71948],[137.380889,34.719649],[137.380916,34.719795],[137.380915,34.720115],[137.38087,34.720379],[137.380769,34.720737],[137.380593,34.721272],[137.380801,34.721309],[137.380951,34.721148],[137.380957,34.721074],[137.381103,34.721073],[137.381155,34.720962],[137.381486,34.720961],[137.381714,34.720952],[137.382347,34.721045],[137.382479,34.720635],[137.382582,34.720672],[137.38261,34.721672],[137.382618,34.722312],[137.382629,34.722709],[137.383543,34.722697],[137.38388,34.72269],[137.384208,34.722684],[137.385123,34.722665],[137.386378,34.722637],[137.386368,34.722348],[137.386349,34.721636],[137.386344,34.721331]]]}},{"type":"Feature","id":"232012040","properties":{"KEY_CODE":"232012040","PREF":"23","CITY":"201","S_AREA":"204000","PREF_NAME":"愛知県","CITY_NAME":"豊橋市","S_NAME":"西七根町","HCODE":8101,"AREA":3711231.175,"KIGO_E":"","JINKO":1483,"SETAI":429,"X_CODE":137.412632,"Y_CODE":34.678568},"geometry":{"type":"Polygon","coordinates":[[[137.412054,34.697266],[137.412341,34.697226],[137.412751,34.697237],[137.41351,34.697233],[137.413473,34.696915],[137.41347,34.695912],[137.413496,34.69573],[137.413559,34.695546],[137.413893,34.695062],[137.413953,34.694696],[137.413106,34.694854],[137.411153,34.694759],[137.411297,34.693062],[137.411475,34.693059],[137.412313,34.69327],[137.412548,34.69328],[137.413535,34.691635],[137.413582,34.691109],[137.413218,34.691103],[137.413215,34.690613],[137.413196,34.689956],[137.413171,34.688999],[137.413144,34.688059],[137.413456,34.688039],[137.413354,34.687448],[137.41326,34.687204],[137.413117,34.686956],[137.412751,34.686721],[137.41256,34.686639],[137.412431,34.685815],[137.41262,34.68565],[137.412931,34.685376],[137.413287,34.685366],[137.413554,34.685347],[137.413706,34.685331],[137.414028,34.685343],[137.414221,34.685306],[137.414217,34.684984],[137.41437,34.68495],[137.414786,34.684728],[137.414884,34.684695],[137.415029,34.684721],[137.415613,34.684893],[137.415779,34.685039],[137.416008,34.685237],[137.416419,34.685337],[137.416683,34.685379],[137.416822,34.685371],[137.417005,34.685331],[137.417065,34.684955],[137.41746,34.684852],[137.417663,34.684734],[137.418403,34.684168],[137.41816,34.683712],[137.418297,34.683528],[137.41845,34.682781],[137.418364,34.68275],[137.417813,34.682696],[137.417829,34.682571],[137.418144,34.68245],[137.418226,34.682395],[137.418265,34.682329],[137.418064,34.682193],[137.41798,34.682114],[137.417935,34.68201],[137.417854,34.681834],[137.417834,34.681698],[137.417898,34.681547],[137.417978,34.681418],[137.418174,34.681221],[137.418297,34.681221],[137.418361,34.681199],[137.418387,34.681138],[137.418449,34.680993],[137.419362,34.681026],[137.419336,34.680735],[137.418411,34.680584],[137.41842,34.680305],[137.418645,34.680235],[137.418535,34.679677],[137.418189,34.679834],[137.41762,34.680155],[137.417213,34.680402],[137.416542,34.680366],[137.416505,34.679793],[137.417093,34.679486],[137.41735,34.679179],[137.41867,34.677868],[137.419037,34.677487],[137.418567,34.677185],[137.419256,34.67645],[137.419937,34.675711],[137.419467,34.674808],[137.419402,34.674722],[137.419642,34.674732],[137.419676,34.674699],[137.419774,34.673944],[137.419355,34.673919],[137.419332,34.674189],[137.41931,34.674254],[137.419277,34.674295],[137.41923,34.674337],[137.419153,34.674344],[137.419052,34.674303],[137.418932,34.674224],[137.418697,34.674151],[137.418661,34.674104],[137.418658,34.674004],[137.418785,34.673751],[137.418797,34.673673],[137.418721,34.673507],[137.418352,34.67338],[137.418614,34.673305],[137.419035,34.673],[137.419133,34.672977],[137.419393,34.672964],[137.419939,34.673075],[137.420128,34.673135],[137.420321,34.673166],[137.42055,34.673187],[137.420826,34.673203],[137.420986,34.673186],[137.421173,34.673176],[137.421544,34.673253],[137.421786,34.673349],[137.421973,34.673445],[137.422155,34.67346],[137.422295,34.673462],[137.422437,34.673447],[137.422529,34.673423],[137.422641,34.673342],[137.422576,34.673044],[137.422583,34.672927],[137.422802,34.672513],[137.422769,34.672395],[137.422641,34.672225],[137.422461,34.672094],[137.422186,34.671919],[137.422327,34.671619],[137.422448,34.671193],[137.422396,34.670766],[137.422416,34.670648],[137.422525,34.670451],[137.422622,34.670357],[137.423384,34.669678],[137.423834,34.669477],[137.424091,34.669287],[137.424258,34.669054],[137.424402,34.668763],[137.424543,34.668648],[137.424358,34.668278],[137.424294,34.668199],[137.423812,34.667862],[137.423737,34.667778],[137.423684,34.66748],[137.423598,34.667343],[137.423493,34.66727],[137.423373,34.667218],[137.423189,34.667178],[137.422307,34.666972],[137.422262,34.666882],[137.422109,34.666568],[137.4221,34.666081],[137.422075,34.66589],[137.422151,34.665717],[137.42217,34.665592],[137.422151,34.665358],[137.422167,34.665279],[137.422271,34.665196],[137.422535,34.665089],[137.422551,34.664868],[137.422546,34.664599],[137.422642,34.66454],[137.42265,34.664487],[137.422593,34.664397],[137.422577,34.664328],[137.422621,34.664275],[137.422665,34.664195],[137.422668,34.664116],[137.422636,34.664063],[137.422581,34.663998],[137.422534,34.664005],[137.422377,34.663963],[137.422321,34.663952],[137.422215,34.663947],[137.422079,34.663914],[137.422041,34.663914],[137.421978,34.663923],[137.421945,34.663925],[137.421808,34.663859],[137.421796,34.663855],[137.421778,34.663853],[137.421759,34.663857],[137.421713,34.663882],[137.42169,34.663886],[137.421553,34.66386],[137.42151,34.663859],[137.421402,34.663863],[137.421289,34.663859],[137.421232,34.663837],[137.421172,34.66381],[137.421142,34.663805],[137.421081,34.663804],[137.420969,34.663793],[137.420901,34.66379],[137.420853,34.663782],[137.420825,34.663776],[137.420719,34.663729],[137.420669,34.663716],[137.420634,34.663714],[137.420579,34.663719],[137.420509,34.663737],[137.420493,34.663737],[137.420184,34.663645],[137.420102,34.66363],[137.419954,34.663618],[137.419858,34.6636],[137.41971,34.663562],[137.4196,34.663544],[137.41945,34.663502],[137.41926,34.663458],[137.419034,34.663414],[137.418787,34.663378],[137.418777,34.663375],[137.418514,34.663351],[137.418292,34.663322],[137.417542,34.663121],[137.417425,34.663082],[137.417377,34.663068],[137.417201,34.663019],[137.417141,34.662997],[137.417069,34.662969],[137.417034,34.662957],[137.416987,34.662949],[137.416906,34.662936],[137.416852,34.662928],[137.416804,34.662917],[137.416519,34.662829],[137.416281,34.662763],[137.415829,34.662647],[137.415758,34.662637],[137.415691,34.662642],[137.415558,34.662671],[137.415532,34.662677],[137.415506,34.662675],[137.415425,34.662659],[137.415345,34.662661],[137.415274,34.662645],[137.41475,34.665047],[137.413403,34.665736],[137.413253,34.666139],[137.412756,34.666112],[137.41268,34.666123],[137.411896,34.666404],[137.411697,34.666463],[137.411329,34.666449],[137.410926,34.666422],[137.410782,34.666466],[137.410678,34.66652],[137.410617,34.666588],[137.410627,34.666963],[137.410653,34.667168],[137.410685,34.6673],[137.410709,34.66748],[137.410775,34.667562],[137.410871,34.667655],[137.411001,34.667738],[137.411149,34.667826],[137.411207,34.667879],[137.411237,34.667932],[137.411292,34.668029],[137.411169,34.668326],[137.411002,34.668772],[137.411332,34.668848],[137.411208,34.66921],[137.410871,34.669129],[137.41058,34.669864],[137.411093,34.669987],[137.409218,34.671331],[137.409017,34.671515],[137.408872,34.671594],[137.408582,34.671734],[137.406569,34.672882],[137.406465,34.672911],[137.405339,34.674043],[137.404941,34.674466],[137.404791,34.674682],[137.404618,34.674977],[137.404539,34.675146],[137.404508,34.675327],[137.404672,34.675547],[137.404801,34.675802],[137.405079,34.676038],[137.40515,34.67638],[137.405207,34.676488],[137.405397,34.676629],[137.405799,34.676877],[137.406052,34.67708],[137.406165,34.677222],[137.406157,34.67726],[137.406128,34.677324],[137.406038,34.677415],[137.405855,34.677548],[137.405683,34.677717],[137.405496,34.677933],[137.405308,34.678191],[137.40516,34.678551],[137.405115,34.678848],[137.405207,34.679223],[137.405236,34.679476],[137.404875,34.680057],[137.404386,34.680605],[137.403768,34.681178],[137.402945,34.684827],[137.403188,34.684898],[137.403195,34.68502],[137.403143,34.686288],[137.402129,34.687672],[137.403172,34.688198],[137.403225,34.688209],[137.403496,34.688266],[137.403777,34.688355],[137.404036,34.688337],[137.404555,34.688318],[137.407472,34.68833],[137.405742,34.690803],[137.405859,34.690872],[137.406692,34.691389],[137.408187,34.6927],[137.407332,34.693098],[137.407415,34.693857],[137.407412,34.693968],[137.40743,34.694082],[137.407501,34.694278],[137.407588,34.694389],[137.40765,34.694502],[137.407685,34.694648],[137.407686,34.69481],[137.407607,34.695232],[137.407543,34.695642],[137.407454,34.695888],[137.407305,34.6961],[137.407146,34.6963],[137.407019,34.696352],[137.406874,34.696369],[137.406708,34.696349],[137.406753,34.696423],[137.406843,34.696509],[137.406919,34.696563],[137.406887,34.696704],[137.407491,34.696879],[137.407891,34.697007],[137.408091,34.697128],[137.40854,34.697389],[137.408906,34.697477],[137.409014,34.697474],[137.409134,34.69747],[137.409529,34.697468],[137.41044,34.697441],[137.411128,34.697387],[137.411725,34.697328],[137.412054,34.697266]]]}},{"type":"Feature","id":"232012050","properties":{"KEY_CODE":"232012050","PREF":"23","CITY":"201","S_AREA":"205000","PREF_NAME":"愛知県","CITY_NAME":"豊橋市","S_NAME":"西橋良町","HCODE":8101,"AREA":48503.125,"KIGO_E":"","JINKO":226,"SETAI":114,"X_CODE":137.379696,"Y_CODE":34.751133},"geometry":{"type":"Polygon","coordinates":[[[137.381094,34.751991],[137.381214,34.750835],[137.381236,34.750554],[137.381238,34.750532],[137.380994,34.750159],[137.380977,34.750134],[137.38088,34.749989],[137.380602,34.75009],[137.3806,34.75009],[137.3806,34.75009],[137.380582,34.750055],[137.380183,34.750202],[137.380267,34.750369],[137.380159,34.750406],[137.380076,34.750249],[137.379599,34.750419],[137.3796,34.750421],[137.378398,34.750846],[137.37841,34.750865],[137.378231,34.750935],[137.378333,34.751081],[137.378274,34.751064],[137.37781,34.750848],[137.377784,34.750822],[137.37753,34.750677],[137.377317,34.750518],[137.377269,34.750484],[137.377207,34.750462],[137.378118,34.751798],[137.379221,34.751865],[137.379793,34.751902],[137.381094,34.751991]]]}},{"type":"Feature","id":"232012060","properties":{"KEY_CODE":"232012060","PREF":"23","CITY":"201","S_AREA":"206000","PREF_NAME":"愛知県","CITY_NAME":"豊橋市","S_NAME":"西羽田町","HCODE":8101,"AREA":149428.394,"KIGO_E":"","JINKO":813,"SETAI":339,"X_CODE":137.372011,"Y_CODE":34.759915},"geometry":{"type":"Polygon","coordinates":[[[137.373059,34.761804],[137.373242,34.761463],[137.373377,34.761479],[137.373439,34.761477],[137.373879,34.761371],[137.373877,34.761395],[137.374935,34.761359],[137.374941,34.761348],[137.374984,34.761173],[137.375048,34.760917],[137.375184,34.760496],[137.37523,34.7603],[137.375334,34.759891],[137.374615,34.759557],[137.374545,34.759523],[137.374769,34.759238],[137.374678,34.759238],[137.374493,34.759495],[137.374262,34.759389],[137.374051,34.759291],[137.373831,34.759188],[137.373071,34.758821],[137.372934,34.758765],[137.372715,34.758641],[137.372524,34.758518],[137.372332,34.758383],[137.372154,34.758214],[137.371997,34.758039],[137.371832,34.758554],[137.370835,34.758254],[137.370704,34.758365],[137.370088,34.758319],[137.369861,34.758283],[137.369857,34.758281],[137.369802,34.758275],[137.369777,34.758286],[137.369661,34.758335],[137.369618,34.758354],[137.369499,34.758299],[137.369461,34.75834],[137.369461,34.758367],[137.369462,34.75866],[137.369556,34.758665],[137.369552,34.758836],[137.369577,34.758836],[137.36956,34.759049],[137.369294,34.75903],[137.369348,34.75937],[137.369202,34.759397],[137.368914,34.759304],[137.368864,34.759359],[137.368817,34.759429],[137.368785,34.7595],[137.368703,34.759475],[137.368688,34.759471],[137.36867,34.759625],[137.368728,34.75964],[137.368751,34.759638],[137.368654,34.759935],[137.36865,34.759989],[137.36854,34.759989],[137.368433,34.760241],[137.369068,34.760414],[137.370731,34.760855],[137.371015,34.76093],[137.371056,34.760939],[137.371694,34.761107],[137.372241,34.761253],[137.372857,34.761406],[137.372718,34.761735],[137.373059,34.761804]]]}},{"type":"Feature","id":"232012070","properties":{"KEY_CODE":"232012070","PREF":"23","CITY":"201","S_AREA":"207000","PREF_NAME":"愛知県","CITY_NAME":"豊橋市","S_NAME":"西松山町","HCODE":8101,"AREA":71435.193,"KIGO_E":"","JINKO":297,"SETAI":144,"X_CODE":137.38684,"Y_CODE":34.758057},"geometry":{"type":"Polygon","coordinates":[[[137.386687,34.756453],[137.386445,34.756343],[137.386254,34.756632],[137.386202,34.756707],[137.385882,34.75718],[137.385766,34.757342],[137.38488,34.758663],[137.385635,34.758985],[137.386085,34.759177],[137.386355,34.759291],[137.386602,34.759364],[137.38684,34.759407],[137.387045,34.759425],[137.387226,34.759433],[137.387398,34.759425],[137.387831,34.759411],[137.387909,34.759405],[137.387874,34.758782],[137.388437,34.758752],[137.388434,34.758726],[137.388417,34.758584],[137.388415,34.758571],[137.388336,34.757854],[137.388269,34.757204],[137.387283,34.756734],[137.386687,34.756453]]]}},{"type":"Feature","id":"232012080","properties":{"KEY_CODE":"232012080","PREF":"23","CITY":"201","S_AREA":"208000","PREF_NAME":"愛知県","CITY_NAME":"豊橋市","S_NAME":"西幸町","HCODE":8101,"AREA":1667408.389,"KIGO_E":"","JINKO":5173,"SETAI":1897,"X_CODE":137.411383,"Y_CODE":34.72808},"geometry":{"type":"Polygon","coordinates":[[[137.409863,34.734726],[137.40998,34.734655],[137.410268,34.734514],[137.410418,34.734434],[137.410739,34.734378],[137.410875,34.73431],[137.411338,34.733903],[137.411502,34.734038],[137.411721,34.734139],[137.411898,34.734218],[137.411966,34.734271],[137.41167,34.734457],[137.411622,34.734431],[137.411094,34.73467],[137.410795,34.734851],[137.410263,34.735116],[137.410249,34.735122],[137.409854,34.735303],[137.409759,34.735371],[137.409459,34.735642],[137.409405,34.735744],[137.409243,34.736201],[137.40942,34.736089],[137.410066,34.735683],[137.412101,34.734431],[137.413079,34.733852],[137.413085,34.733848],[137.414111,34.73321],[137.415133,34.732611],[137.418331,34.731053],[137.418371,34.731036],[137.419111,34.730765],[137.419414,34.730648],[137.419783,34.730515],[137.421275,34.73001],[137.421897,34.729819],[137.421744,34.729539],[137.421718,34.729398],[137.421659,34.728957],[137.421387,34.727284],[137.420159,34.727441],[137.419423,34.727599],[137.419233,34.727617],[137.419052,34.727445],[137.418899,34.727281],[137.418814,34.727159],[137.41878,34.727063],[137.418746,34.726762],[137.418719,34.726625],[137.41865,34.726426],[137.41856,34.726255],[137.418415,34.72608],[137.418289,34.725946],[137.418198,34.725866],[137.418121,34.72582],[137.417846,34.725767],[137.41735,34.725653],[137.417127,34.725571],[137.416255,34.72523],[137.415963,34.725116],[137.415962,34.725116],[137.415975,34.725089],[137.416794,34.723379],[137.416641,34.723343],[137.416233,34.723229],[137.416063,34.723171],[137.415812,34.723063],[137.415444,34.722902],[137.414465,34.722462],[137.413702,34.722109],[137.413228,34.721888],[137.412859,34.721684],[137.412275,34.721339],[137.412106,34.721234],[137.411927,34.721123],[137.41178,34.721024],[137.411577,34.720904],[137.411369,34.720806],[137.411255,34.720742],[137.411191,34.720704],[137.410931,34.720542],[137.410661,34.720406],[137.409611,34.71999],[137.409638,34.720076],[137.409695,34.720251],[137.409712,34.720368],[137.409717,34.720539],[137.409699,34.720677],[137.409668,34.720797],[137.409482,34.721206],[137.409297,34.721559],[137.409204,34.721737],[137.408947,34.722122],[137.408817,34.722413],[137.407664,34.722067],[137.406748,34.722536],[137.406211,34.722682],[137.406161,34.72271],[137.406098,34.722763],[137.405759,34.723245],[137.405562,34.72323],[137.403487,34.723074],[137.403367,34.72346],[137.403363,34.723473],[137.402856,34.725125],[137.404196,34.725641],[137.40471,34.72584],[137.405326,34.726082],[137.406429,34.7265],[137.405591,34.728041],[137.405582,34.728056],[137.40498,34.729115],[137.404719,34.72959],[137.404444,34.730065],[137.404276,34.730368],[137.404201,34.730506],[137.403846,34.731112],[137.403841,34.731121],[137.403402,34.731924],[137.403348,34.732022],[137.402712,34.733187],[137.402679,34.733247],[137.403524,34.733154],[137.404131,34.733091],[137.40548,34.732991],[137.405726,34.732971],[137.405901,34.732956],[137.406705,34.73289],[137.406714,34.732889],[137.40735,34.732832],[137.407602,34.733316],[137.407828,34.733582],[137.407859,34.73356],[137.408356,34.733179],[137.408469,34.733357],[137.407999,34.733795],[137.407807,34.734166],[137.407668,34.734259],[137.407597,34.73433],[137.407554,34.734404],[137.407517,34.734506],[137.407514,34.734732],[137.407507,34.734791],[137.407421,34.735029],[137.407379,34.735301],[137.407396,34.735444],[137.407418,34.735633],[137.407646,34.735986],[137.407624,34.73601],[137.407658,34.73607],[137.407696,34.736126],[137.407743,34.736165],[137.407778,34.73619],[137.407813,34.736209],[137.407881,34.736216],[137.407941,34.736223],[137.408027,34.736217],[137.408078,34.736206],[137.408121,34.7362],[137.408165,34.736194],[137.408244,34.736043],[137.408354,34.735909],[137.408501,34.73575],[137.408507,34.735735],[137.409515,34.734961],[137.409766,34.734786],[137.409863,34.734726]],[[137.408856,34.734686],[137.408815,34.734596],[137.408542,34.73463],[137.4085,34.734461],[137.408637,34.734438],[137.408623,34.734326],[137.408929,34.734273],[137.408901,34.734144],[137.409073,34.734122],[137.4091,34.734279],[137.409046,34.73428],[137.409088,34.73455],[137.409006,34.734561],[137.409006,34.734674],[137.408856,34.734686]]]}},{"type":"Feature","id":"232012090","properties":{"KEY_CODE":"232012090","PREF":"23","CITY":"201","S_AREA":"209000","PREF_NAME":"愛知県","CITY_NAME":"豊橋市","S_NAME":"西山町","HCODE":8101,"AREA":880702.485,"KIGO_E":"","JINKO":426,"SETAI":136,"X_CODE":137.452815,"Y_CODE":34.697607},"geometry":{"type":"Polygon","coordinates":[[[137.45252,34.704037],[137.452546,34.703953],[137.45252,34.703869],[137.4522,34.703533],[137.452492,34.703311],[137.452825,34.7037],[137.452953,34.703752],[137.453042,34.703794],[137.453155,34.7038],[137.453151,34.703791],[137.453571,34.703634],[137.453849,34.703576],[137.453913,34.703567],[137.453912,34.703268],[137.453782,34.702846],[137.453778,34.702723],[137.453736,34.702529],[137.453681,34.702432],[137.453601,34.702348],[137.453473,34.702271],[137.453395,34.702094],[137.453156,34.701561],[137.452868,34.700883],[137.45245,34.700238],[137.45322,34.70042],[137.453633,34.701086],[137.453729,34.701364],[137.453934,34.701489],[137.454087,34.70155],[137.45441,34.701551],[137.454486,34.702137],[137.454815,34.702273],[137.454878,34.702251],[137.455004,34.702138],[137.455094,34.702147],[137.455236,34.702181],[137.455299,34.702216],[137.455357,34.702355],[137.455431,34.702411],[137.455536,34.702419],[137.455683,34.702375],[137.455767,34.702371],[137.455815,34.702423],[137.455997,34.702633],[137.456092,34.702668],[137.45625,34.702633],[137.456349,34.702559],[137.456443,34.702419],[137.456576,34.702108],[137.456686,34.701956],[137.456807,34.701821],[137.456865,34.701756],[137.457034,34.701445],[137.457065,34.701306],[137.457054,34.701171],[137.456948,34.700898],[137.456864,34.700737],[137.456771,34.700557],[137.456639,34.700467],[137.456523,34.70041],[137.456259,34.699998],[137.45648,34.699967],[137.456674,34.699867],[137.456784,34.699723],[137.456792,34.699703],[137.456841,34.699584],[137.456862,34.699437],[137.456876,34.699133],[137.456592,34.698696],[137.456479,34.698507],[137.456156,34.697939],[137.456095,34.69783],[137.456074,34.697748],[137.45608,34.697625],[137.456346,34.69708],[137.456397,34.696334],[137.456375,34.696227],[137.456296,34.69605],[137.456296,34.695876],[137.456372,34.695412],[137.456396,34.695264],[137.456555,34.695002],[137.456728,34.694502],[137.456626,34.694213],[137.456553,34.694068],[137.45645,34.693974],[137.456361,34.693956],[137.456266,34.693939],[137.456229,34.693895],[137.456221,34.693828],[137.456186,34.693713],[137.456021,34.693558],[137.455718,34.693329],[137.455625,34.6933],[137.455555,34.693259],[137.455297,34.692795],[137.455207,34.692712],[137.454932,34.692553],[137.454824,34.692476],[137.454771,34.692401],[137.454728,34.692175],[137.454734,34.691765],[137.454528,34.691322],[137.454303,34.690786],[137.454145,34.690597],[137.454293,34.690393],[137.454613,34.689645],[137.454405,34.689601],[137.454001,34.689607],[137.453757,34.68928],[137.452665,34.689225],[137.452637,34.68952],[137.452016,34.689505],[137.451958,34.689637],[137.451744,34.689955],[137.451656,34.690252],[137.451608,34.690735],[137.451536,34.690979],[137.451407,34.691257],[137.451224,34.691442],[137.450704,34.691864],[137.45023,34.692303],[137.450045,34.692545],[137.449592,34.693213],[137.449397,34.693456],[137.449545,34.6942],[137.449561,34.694708],[137.449584,34.695437],[137.449589,34.695771],[137.449588,34.696306],[137.449611,34.696862],[137.449599,34.697595],[137.449618,34.69799],[137.449816,34.699035],[137.449841,34.699139],[137.450267,34.699605],[137.44971,34.700687],[137.449492,34.701197],[137.449436,34.701524],[137.449407,34.70194],[137.449514,34.702427],[137.449479,34.702825],[137.449473,34.703292],[137.449432,34.703815],[137.449392,34.704782],[137.449463,34.70475],[137.449692,34.704623],[137.449908,34.704507],[137.450061,34.704401],[137.450201,34.704274],[137.450391,34.704116],[137.450774,34.704041],[137.450775,34.704294],[137.450571,34.704389],[137.450904,34.704936],[137.450294,34.70558],[137.450295,34.705696],[137.450295,34.705833],[137.450386,34.706148],[137.450526,34.706264],[137.450972,34.706168],[137.451876,34.705881],[137.452029,34.705849],[137.452284,34.705838],[137.452552,34.705796],[137.452743,34.705774],[137.452998,34.705731],[137.453329,34.705657],[137.453584,34.705593],[137.453443,34.705246],[137.452598,34.704469],[137.452483,34.704395],[137.452304,34.704101],[137.45252,34.704037]]]}},{"type":"Feature","id":"232012100","properties":{"KEY_CODE":"232012100","PREF":"23","CITY":"201","S_AREA":"210000","PREF_NAME":"愛知県","CITY_NAME":"豊橋市","S_NAME":"仁連木町","HCODE":8101,"AREA":226166.296,"KIGO_E":"","JINKO":1135,"SETAI":461,"X_CODE":137.414137,"Y_CODE":34.770011},"geometry":{"type":"Polygon","coordinates":[[[137.414977,34.772149],[137.415377,34.772122],[137.415609,34.772123],[137.415914,34.772104],[137.416136,34.772086],[137.416491,34.772057],[137.416759,34.77206],[137.416881,34.772056],[137.416879,34.772023],[137.416862,34.771437],[137.416873,34.770714],[137.416892,34.770169],[137.416914,34.769581],[137.416944,34.768767],[137.416948,34.768705],[137.416974,34.767735],[137.416974,34.767714],[137.415616,34.767972],[137.414328,34.768195],[137.414273,34.768197],[137.413792,34.768205],[137.412986,34.768227],[137.412381,34.768346],[137.412172,34.768384],[137.411669,34.768488],[137.411298,34.768536],[137.410812,34.768584],[137.410323,34.768638],[137.410695,34.769384],[137.410731,34.769451],[137.411028,34.770015],[137.411248,34.770466],[137.411557,34.771083],[137.41184,34.771679],[137.411869,34.771685],[137.411936,34.7717],[137.412495,34.771864],[137.412878,34.77194],[137.412909,34.771946],[137.412993,34.771969],[137.41325,34.77202],[137.413562,34.772067],[137.41386,34.772109],[137.414097,34.772118],[137.414125,34.772119],[137.414653,34.772137],[137.414977,34.772149]]]}},{"type":"Feature","id":"232012110","properties":{"KEY_CODE":"232012110","PREF":"23","CITY":"201","S_AREA":"211000","PREF_NAME":"愛知県","CITY_NAME":"豊橋市","S_NAME":"野黒町","HCODE":8101,"AREA":22723.045,"KIGO_E":"","JINKO":160,"SETAI":76,"X_CODE":137.382328,"Y_CODE":34.758852},"geometry":{"type":"Polygon","coordinates":[[[137.383184,34.757917],[137.382414,34.757582],[137.382029,34.758413],[137.381789,34.758984],[137.381357,34.759994],[137.382094,34.76012],[137.382297,34.759782],[137.382597,34.759282],[137.382898,34.758756],[137.383271,34.758125],[137.383346,34.757993],[137.383184,34.757917]]]}},{"type":"Feature","id":"232012120","properties":{"KEY_CODE":"232012120","PREF":"23","CITY":"201","S_AREA":"212000","PREF_NAME":"愛知県","CITY_NAME":"豊橋市","S_NAME":"野田町","HCODE":8101,"AREA":277665.66,"KIGO_E":"","JINKO":1610,"SETAI":655,"X_CODE":137.371575,"Y_CODE":34.775273},"geometry":{"type":"Polygon","coordinates":[[[137.373236,34.776663],[137.373519,34.776217],[137.37512,34.773705],[137.375215,34.773573],[137.375559,34.773068],[137.375927,34.772489],[137.376192,34.772089],[137.375763,34.772138],[137.375499,34.772159],[137.375198,34.772468],[137.374132,34.772939],[137.37226,34.773388],[137.372167,34.773399],[137.37209,34.773419],[137.3719,34.773453],[137.371612,34.773512],[137.371343,34.773568],[137.371144,34.773638],[137.3707,34.773741],[137.370404,34.773761],[137.370466,34.772723],[137.370466,34.772714],[137.370472,34.772508],[137.370107,34.772501],[137.37009,34.772294],[137.369647,34.772284],[137.368677,34.772248],[137.368657,34.772556],[137.368701,34.772723],[137.368704,34.772736],[137.368704,34.77377],[137.368699,34.77478],[137.368699,34.774802],[137.368714,34.774949],[137.368901,34.775587],[137.368904,34.775595],[137.369,34.776303],[137.369305,34.77628],[137.369248,34.776504],[137.369375,34.776727],[137.369156,34.777623],[137.36972,34.777737],[137.370881,34.77794],[137.370527,34.779327],[137.371446,34.779516],[137.373203,34.776715],[137.373236,34.776663]]]}},{"type":"Feature","id":"232012130","properties":{"KEY_CODE":"232012130","PREF":"23","CITY":"201","S_AREA":"213000","PREF_NAME":"愛知県","CITY_NAME":"豊橋市","S_NAME":"野依町","HCODE":8101,"AREA":5013900.234,"KIGO_E":"","JINKO":3002,"SETAI":818,"X_CODE":137.3859,"Y_CODE":34.700517},"geometry":{"type":"Polygon","coordinates":[[[137.38963,34.709531],[137.38975,34.709526],[137.393125,34.709527],[137.393081,34.708799],[137.393287,34.708762],[137.393552,34.708702],[137.393722,34.708622],[137.393787,34.70858],[137.394005,34.708571],[137.394373,34.708421],[137.394495,34.708354],[137.394592,34.708268],[137.394653,34.708178],[137.394714,34.708027],[137.394791,34.707827],[137.394849,34.707692],[137.394927,34.707562],[137.395001,34.707441],[137.395115,34.707295],[137.395291,34.707107],[137.395384,34.707027],[137.395533,34.706963],[137.395592,34.706941],[137.395635,34.706925],[137.395797,34.7069],[137.395838,34.706859],[137.396136,34.706469],[137.396193,34.706386],[137.396272,34.70628],[137.396361,34.706219],[137.396495,34.706165],[137.396642,34.706115],[137.396737,34.706063],[137.396877,34.705988],[137.396971,34.705926],[137.397062,34.705873],[137.397149,34.705815],[137.39723,34.705767],[137.397286,34.705816],[137.397373,34.705892],[137.397522,34.706023],[137.397665,34.706159],[137.39817,34.706621],[137.398333,34.706563],[137.398989,34.7064],[137.39936,34.706288],[137.40009,34.706031],[137.401115,34.704773],[137.401673,34.704039],[137.402112,34.703505],[137.401788,34.703344],[137.402024,34.703045],[137.401931,34.702794],[137.401828,34.702489],[137.40302,34.701005],[137.403073,34.700583],[137.403084,34.699835],[137.402983,34.69911],[137.403134,34.699065],[137.403301,34.698991],[137.403341,34.698952],[137.403369,34.698885],[137.403364,34.698631],[137.403909,34.698505],[137.404306,34.698409],[137.40452,34.698403],[137.404484,34.697917],[137.404389,34.697622],[137.404961,34.697218],[137.405533,34.696857],[137.405833,34.696725],[137.406175,34.696657],[137.40653,34.69665],[137.406887,34.696704],[137.406919,34.696563],[137.406843,34.696509],[137.406753,34.696423],[137.406708,34.696349],[137.4065,34.696285],[137.406343,34.696209],[137.406172,34.696116],[137.405996,34.696044],[137.405828,34.696005],[137.405678,34.695987],[137.405567,34.695991],[137.405442,34.696026],[137.405092,34.696143],[137.405041,34.696151],[137.404881,34.696129],[137.404719,34.696091],[137.404562,34.69603],[137.404508,34.695994],[137.404302,34.695581],[137.403545,34.695739],[137.403458,34.695596],[137.402982,34.695669],[137.40286,34.695419],[137.401364,34.695785],[137.401273,34.694985],[137.401399,34.694796],[137.399909,34.694858],[137.398371,34.694921],[137.397927,34.69494],[137.396903,34.694983],[137.394816,34.695601],[137.39445,34.695491],[137.394349,34.695484],[137.393396,34.695402],[137.393441,34.695339],[137.393602,34.695052],[137.393407,34.694269],[137.390639,34.694474],[137.390637,34.694474],[137.390648,34.694603],[137.390712,34.695364],[137.390496,34.695521],[137.390012,34.695814],[137.389867,34.695874],[137.389152,34.695865],[137.388683,34.695973],[137.388373,34.696149],[137.388271,34.696181],[137.38782,34.696185],[137.38773,34.696196],[137.38748,34.696294],[137.387393,34.696318],[137.387356,34.696321],[137.38718,34.696141],[137.387141,34.696155],[137.386997,34.69631],[137.386952,34.696331],[137.386813,34.696373],[137.386748,34.696403],[137.386626,34.696479],[137.386521,34.696556],[137.386396,34.696649],[137.386297,34.696703],[137.386164,34.696742],[137.38607,34.696742],[137.386016,34.69672],[137.385715,34.696347],[137.385576,34.696188],[137.385446,34.696053],[137.385284,34.695897],[137.384968,34.695605],[137.384413,34.695735],[137.384285,34.695623],[137.384138,34.695585],[137.383814,34.695473],[137.383675,34.695416],[137.383303,34.69515],[137.383235,34.695086],[137.383174,34.695014],[137.383122,34.694943],[137.383087,34.694867],[137.38306,34.694754],[137.383027,34.694552],[137.383172,34.694348],[137.383395,34.694022],[137.383702,34.693547],[137.38382,34.693429],[137.383899,34.693313],[137.383917,34.693267],[137.383983,34.692908],[137.383992,34.692859],[137.38399,34.692446],[137.383851,34.692255],[137.38375,34.692134],[137.383734,34.692094],[137.383726,34.692055],[137.383724,34.692017],[137.383728,34.691981],[137.383745,34.69195],[137.383775,34.691933],[137.383817,34.691934],[137.383859,34.691948],[137.383963,34.691993],[137.383956,34.691908],[137.38411,34.691726],[137.384203,34.691608],[137.384272,34.691499],[137.384345,34.691336],[137.384409,34.691214],[137.384432,34.691128],[137.384452,34.690997],[137.384461,34.690895],[137.384406,34.690472],[137.384356,34.690093],[137.384322,34.689775],[137.384302,34.68955],[137.38428,34.689219],[137.384267,34.688956],[137.384278,34.688832],[137.384438,34.688164],[137.383911,34.688379],[137.383779,34.688414],[137.383648,34.68842],[137.38354,34.688407],[137.383439,34.688378],[137.383333,34.688308],[137.383267,34.688251],[137.38312,34.688128],[137.38295,34.687979],[137.382826,34.687922],[137.382223,34.687797],[137.381266,34.6876],[137.380795,34.687503],[137.38045,34.687438],[137.379905,34.687326],[137.379762,34.687256],[137.379317,34.687014],[137.379202,34.686953],[137.378398,34.686811],[137.377597,34.686668],[137.377169,34.686484],[137.376993,34.686443],[137.376649,34.686493],[137.376528,34.686506],[137.375759,34.68653],[137.375388,34.686521],[137.374114,34.686487],[137.373822,34.686431],[137.373436,34.686331],[137.372983,34.686202],[137.37279,34.686162],[137.372642,34.686169],[137.372576,34.686166],[137.372449,34.686166],[137.372428,34.686189],[137.372301,34.686624],[137.372242,34.686822],[137.37219,34.686993],[137.372137,34.687229],[137.372103,34.687448],[137.37208,34.687552],[137.372049,34.687593],[137.371984,34.687612],[137.371846,34.687648],[137.371769,34.688342],[137.37173,34.68847],[137.371648,34.688577],[137.371751,34.688856],[137.371796,34.688992],[137.371793,34.689027],[137.371769,34.689069],[137.371694,34.689208],[137.371687,34.689267],[137.371691,34.6893],[137.371726,34.68934],[137.37181,34.689398],[137.371918,34.689439],[137.372038,34.68945],[137.372158,34.689484],[137.37221,34.689559],[137.37229,34.689747],[137.372103,34.689798],[137.371749,34.689905],[137.371486,34.690103],[137.371477,34.690148],[137.371477,34.690149],[137.371554,34.690282],[137.371641,34.690437],[137.37179,34.690681],[137.371848,34.690792],[137.371888,34.690854],[137.371919,34.690898],[137.371972,34.690981],[137.372155,34.691306],[137.372191,34.691665],[137.372205,34.691841],[137.37219,34.691876],[137.37214,34.691906],[137.371481,34.692246],[137.37203,34.692414],[137.372448,34.692522],[137.372611,34.69272],[137.372874,34.69308],[137.373182,34.69381],[137.373402,34.694369],[137.373523,34.694666],[137.37359,34.694954],[137.374915,34.695916],[137.375261,34.696178],[137.375941,34.696705],[137.377086,34.697453],[137.37795,34.698016],[137.379528,34.699047],[137.379739,34.699179],[137.380155,34.700472],[137.380278,34.700826],[137.380674,34.702095],[137.380532,34.702119],[137.380025,34.702235],[137.379641,34.702317],[137.379335,34.702369],[137.378992,34.702561],[137.378732,34.702714],[137.378483,34.702538],[137.378328,34.702408],[137.378165,34.702223],[137.377868,34.70213],[137.377741,34.7021],[137.377433,34.702046],[137.377079,34.701993],[137.376652,34.70192],[137.37625,34.70182],[137.375463,34.701511],[137.3742,34.701078],[137.373534,34.700826],[137.373205,34.70068],[137.373967,34.699832],[137.374356,34.699399],[137.373935,34.699156],[137.373185,34.69872],[137.371076,34.6975],[137.371683,34.696818],[137.371835,34.696787],[137.371737,34.696582],[137.37171,34.69665],[137.371355,34.696282],[137.371417,34.696243],[137.371212,34.695647],[137.371438,34.695249],[137.371063,34.695056],[137.370939,34.694991],[137.370598,34.69543],[137.37046,34.695639],[137.370456,34.695675],[137.370428,34.695917],[137.370379,34.696273],[137.370349,34.696488],[137.370245,34.696738],[137.369245,34.696173],[137.369095,34.696365],[137.368699,34.69614],[137.368327,34.695927],[137.36746,34.695408],[137.367348,34.695937],[137.367111,34.697142],[137.368277,34.69782],[137.368251,34.697963],[137.36889,34.698378],[137.368999,34.69836],[137.36911,34.698409],[137.370082,34.698945],[137.370718,34.699364],[137.371296,34.699695],[137.371855,34.700081],[137.372008,34.700136],[137.372574,34.700394],[137.372763,34.700477],[137.372878,34.70053],[137.37305,34.700614],[137.372957,34.700902],[137.372863,34.701176],[137.372746,34.701552],[137.372669,34.701785],[137.372362,34.702572],[137.372352,34.702613],[137.372375,34.702643],[137.373877,34.703178],[137.373915,34.703598],[137.37542,34.704187],[137.375584,34.704244],[137.375679,34.704253],[137.376176,34.704241],[137.376655,34.70422],[137.376765,34.704215],[137.376974,34.704206],[137.377215,34.704491],[137.377479,34.704814],[137.377344,34.704892],[137.377171,34.70498],[137.377102,34.705013],[137.377469,34.705371],[137.377561,34.705309],[137.377997,34.705007],[137.37818,34.705228],[137.379335,34.705326],[137.379064,34.705468],[137.378963,34.70553],[137.378485,34.706238],[137.378257,34.706621],[137.378124,34.706935],[137.378059,34.707066],[137.378032,34.707168],[137.378046,34.707495],[137.378047,34.707641],[137.37802,34.707754],[137.377925,34.707889],[137.377788,34.707991],[137.377498,34.70815],[137.377327,34.708318],[137.377172,34.708528],[137.377064,34.70872],[137.377019,34.70882],[137.377033,34.708837],[137.377068,34.708838],[137.377204,34.708778],[137.37736,34.708732],[137.377519,34.70869],[137.377643,34.708662],[137.37777,34.708637],[137.377978,34.708632],[137.378195,34.708669],[137.378531,34.708768],[137.37881,34.708841],[137.37895,34.708864],[137.379029,34.708861],[137.379167,34.708822],[137.379398,34.70872],[137.379443,34.708781],[137.37949,34.708836],[137.379547,34.708905],[137.379595,34.708972],[137.379659,34.709056],[137.379753,34.709169],[137.379866,34.709318],[137.379947,34.70942],[137.380005,34.709473],[137.380075,34.709536],[137.380124,34.709574],[137.380216,34.709643],[137.380333,34.709701],[137.380438,34.709749],[137.380569,34.709787],[137.380694,34.70982],[137.380618,34.7102],[137.380569,34.710369],[137.380502,34.71055],[137.380301,34.711284],[137.38018,34.711483],[137.380087,34.711577],[137.380019,34.711673],[137.379907,34.711875],[137.379835,34.712043],[137.379775,34.7122],[137.379631,34.712447],[137.37951,34.712603],[137.379275,34.71285],[137.37897,34.713055],[137.378633,34.713239],[137.378298,34.713385],[137.37808,34.713445],[137.377837,34.71348],[137.377538,34.713494],[137.377214,34.713534],[137.376952,34.713614],[137.376624,34.713757],[137.376322,34.713938],[137.376264,34.713994],[137.376074,34.714241],[137.375983,34.714421],[137.375903,34.714501],[137.375719,34.714606],[137.375604,34.714659],[137.375181,34.714824],[137.375104,34.714867],[137.37436,34.715471],[137.374073,34.715776],[137.37538,34.715874],[137.375785,34.715908],[137.376238,34.715944],[137.376661,34.715974],[137.377153,34.715989],[137.377498,34.715948],[137.377921,34.715874],[137.37808,34.715839],[137.378196,34.715816],[137.378633,34.715723],[137.378862,34.715675],[137.379072,34.71563],[137.379139,34.715616],[137.379528,34.71553],[137.379881,34.715451],[137.380399,34.715343],[137.380698,34.715271],[137.381034,34.715121],[137.381427,34.714974],[137.381871,34.714801],[137.382307,34.71463],[137.382813,34.714348],[137.383254,34.714106],[137.383651,34.713893],[137.384093,34.713654],[137.384457,34.713436],[137.38451,34.71341],[137.385043,34.713153],[137.385437,34.712969],[137.385716,34.71283],[137.385839,34.712769],[137.386129,34.712648],[137.386454,34.7125],[137.386498,34.712477],[137.388376,34.711458],[137.388539,34.711326],[137.388711,34.711224],[137.388866,34.711159],[137.388924,34.711072],[137.389312,34.710248],[137.389434,34.710032],[137.389544,34.709764],[137.38963,34.709531]]]}},{"type":"Feature","id":"232012140","properties":{"KEY_CODE":"232012140","PREF":"23","CITY":"201","S_AREA":"214000","PREF_NAME":"愛知県","CITY_NAME":"豊橋市","S_NAME":"橋良町","HCODE":8101,"AREA":233544.268,"KIGO_E":"E1","JINKO":933,"SETAI":386,"X_CODE":137.382307,"Y_CODE":34.740673},"geometry":{"type":"Polygon","coordinates":[[[137.382865,34.742425],[137.383145,34.742216],[137.383665,34.742632],[137.383883,34.742474],[137.383557,34.74218],[137.384906,34.741133],[137.385516,34.741113],[137.385448,34.739389],[137.385402,34.738062],[137.384662,34.738072],[137.383789,34.738104],[137.383455,34.738107],[137.381063,34.739935],[137.381044,34.73995],[137.37997,34.738989],[137.379765,34.738807],[137.378689,34.739623],[137.378885,34.739799],[137.378981,34.739884],[137.379965,34.740765],[137.379722,34.740946],[137.378762,34.74167],[137.379187,34.742047],[137.379579,34.742383],[137.379976,34.742729],[137.380366,34.743072],[137.380761,34.743421],[137.381162,34.743785],[137.381631,34.743422],[137.382089,34.74305],[137.382462,34.742744],[137.382714,34.742544],[137.382865,34.742425]]]}},{"type":"Feature","id":"232012140","properties":{"KEY_CODE":"232012140","PREF":"23","CITY":"201","S_AREA":"214000","PREF_NAME":"愛知県","CITY_NAME":"豊橋市","S_NAME":"橋良町","HCODE":8101,"AREA":6082.908,"KIGO_E":"E2","JINKO":0,"SETAI":0,"X_CODE":137.384592,"Y_CODE":34.746855},"geometry":{"type":"Polygon","coordinates":[[[137.385256,34.747175],[137.385207,34.747067],[137.38515,34.746964],[137.385129,34.74693],[137.385049,34.74684],[137.384968,34.746774],[137.384617,34.74645],[137.384513,34.74653],[137.384398,34.746485],[137.384271,34.746638],[137.383963,34.74647],[137.383828,34.746588],[137.383655,34.746713],[137.383652,34.746715],[137.384353,34.746868],[137.384487,34.747136],[137.384687,34.747081],[137.384796,34.74707],[137.384851,34.747081],[137.384887,34.747119],[137.384961,34.74741],[137.385096,34.747407],[137.385107,34.747345],[137.385214,34.747309],[137.385256,34.747175]]]}},{"type":"Feature","id":"232012150","properties":{"KEY_CODE":"232012150","PREF":"23","CITY":"201","S_AREA":"215000","PREF_NAME":"愛知県","CITY_NAME":"豊橋市","S_NAME":"柱一番町","HCODE":8101,"AREA":57562.046,"KIGO_E":"","JINKO":518,"SETAI":211,"X_CODE":137.383693,"Y_CODE":34.745516},"geometry":{"type":"Polygon","coordinates":[[[137.38292,34.746788],[137.383352,34.746674],[137.38338,34.74669],[137.383437,34.746682],[137.383475,34.746678],[137.383655,34.746713],[137.383828,34.746588],[137.383963,34.74647],[137.384271,34.746638],[137.384398,34.746485],[137.384513,34.74653],[137.384617,34.74645],[137.384839,34.74634],[137.384865,34.746327],[137.384648,34.745728],[137.385228,34.745153],[137.385199,34.744748],[137.385181,34.744731],[137.385081,34.744727],[137.385058,34.744411],[137.385134,34.744396],[137.384745,34.743696],[137.384476,34.743836],[137.384599,34.744065],[137.383979,34.744432],[137.38403,34.744475],[137.383802,34.744611],[137.383542,34.744779],[137.383547,34.744806],[137.383343,34.744903],[137.383293,34.74486],[137.382829,34.745051],[137.382769,34.744992],[137.382568,34.745124],[137.382406,34.744971],[137.381778,34.745318],[137.382135,34.745713],[137.382078,34.745763],[137.382343,34.746203],[137.382476,34.746654],[137.382515,34.746648],[137.38261,34.746885],[137.382664,34.746875],[137.382778,34.746844],[137.38292,34.746788]]]}},{"type":"Feature","id":"232012160","properties":{"KEY_CODE":"232012160","PREF":"23","CITY":"201","S_AREA":"216000","PREF_NAME":"愛知県","CITY_NAME":"豊橋市","S_NAME":"柱二番町","HCODE":8101,"AREA":136007.707,"KIGO_E":"","JINKO":736,"SETAI":316,"X_CODE":137.379936,"Y_CODE":34.746576},"geometry":{"type":"Polygon","coordinates":[[[137.381129,34.747711],[137.38254,34.747235],[137.382723,34.747163],[137.38261,34.746885],[137.382515,34.746648],[137.382476,34.746654],[137.382343,34.746203],[137.382078,34.745763],[137.382135,34.745713],[137.381778,34.745318],[137.381703,34.745353],[137.381515,34.745119],[137.381532,34.745087],[137.381315,34.744946],[137.381207,34.744877],[137.38109,34.744926],[137.380912,34.744878],[137.380565,34.744423],[137.380068,34.744723],[137.380158,34.74483],[137.379972,34.744927],[137.379869,34.7448],[137.379239,34.745132],[137.37776,34.745825],[137.377326,34.745831],[137.377301,34.746097],[137.37759,34.746079],[137.377599,34.746159],[137.377642,34.746344],[137.377603,34.746404],[137.377585,34.746436],[137.377575,34.746468],[137.377583,34.746511],[137.377608,34.746556],[137.377672,34.746658],[137.377602,34.746668],[137.377604,34.74667],[137.377773,34.746889],[137.377758,34.746897],[137.377615,34.746966],[137.377672,34.747047],[137.377673,34.747049],[137.37762,34.747092],[137.377636,34.747186],[137.377661,34.747323],[137.377682,34.747495],[137.377852,34.747482],[137.377852,34.74753],[137.377881,34.7476],[137.377846,34.747673],[137.377874,34.747791],[137.378007,34.74782],[137.378167,34.748143],[137.378148,34.74818],[137.378133,34.74821],[137.3784,34.748654],[137.378653,34.748573],[137.37886,34.748502],[137.379678,34.748219],[137.381129,34.747711]]]}},{"type":"Feature","id":"232012170","properties":{"KEY_CODE":"232012170","PREF":"23","CITY":"201","S_AREA":"217000","PREF_NAME":"愛知県","CITY_NAME":"豊橋市","S_NAME":"柱三番町","HCODE":8101,"AREA":70361.349,"KIGO_E":"","JINKO":295,"SETAI":127,"X_CODE":137.37683,"Y_CODE":34.748537},"geometry":{"type":"Polygon","coordinates":[[[137.378922,34.749089],[137.378653,34.748573],[137.3784,34.748654],[137.378133,34.74821],[137.378148,34.74818],[137.378167,34.748143],[137.378007,34.74782],[137.377874,34.747791],[137.377846,34.747673],[137.377881,34.7476],[137.377852,34.74753],[137.377852,34.747482],[137.377682,34.747495],[137.377661,34.747323],[137.377636,34.747186],[137.377583,34.747191],[137.377549,34.747183],[137.377279,34.747184],[137.377275,34.747256],[137.377209,34.747258],[137.376941,34.747252],[137.376943,34.747282],[137.376095,34.747249],[137.376082,34.747484],[137.376013,34.747519],[137.375835,34.747371],[137.374968,34.748024],[137.374713,34.748227],[137.374898,34.74838],[137.375852,34.749204],[137.376199,34.74951],[137.376154,34.74958],[137.376333,34.749675],[137.37626,34.749767],[137.376448,34.749862],[137.376476,34.749897],[137.376522,34.749983],[137.376572,34.750055],[137.376651,34.750143],[137.376745,34.750206],[137.376897,34.750278],[137.376981,34.75034],[137.377032,34.750375],[137.377087,34.750402],[137.377196,34.750451],[137.377025,34.750184],[137.376892,34.749985],[137.377436,34.749758],[137.377366,34.749629],[137.378922,34.749089]]]}},{"type":"Feature","id":"232012180","properties":{"KEY_CODE":"232012180","PREF":"23","CITY":"201","S_AREA":"218000","PREF_NAME":"愛知県","CITY_NAME":"豊橋市","S_NAME":"柱四番町","HCODE":8101,"AREA":52157.019,"KIGO_E":"","JINKO":376,"SETAI":179,"X_CODE":137.374814,"Y_CODE":34.749856},"geometry":{"type":"Polygon","coordinates":[[[137.375028,34.751151],[137.375888,34.750064],[137.37617,34.750236],[137.376255,34.750272],[137.376436,34.750307],[137.377023,34.750396],[137.377207,34.750462],[137.377269,34.750484],[137.377196,34.750451],[137.377087,34.750402],[137.377032,34.750375],[137.376981,34.75034],[137.376897,34.750278],[137.376745,34.750206],[137.376651,34.750143],[137.376572,34.750055],[137.376522,34.749983],[137.376476,34.749897],[137.376448,34.749862],[137.37626,34.749767],[137.376333,34.749675],[137.376154,34.74958],[137.376199,34.74951],[137.375852,34.749204],[137.374898,34.74838],[137.374713,34.748227],[137.374499,34.748388],[137.374695,34.748556],[137.374247,34.74913],[137.37396,34.749491],[137.37377,34.749379],[137.373483,34.749699],[137.373174,34.749512],[137.372935,34.749783],[137.372865,34.749859],[137.373144,34.750034],[137.373181,34.750078],[137.373358,34.750289],[137.373572,34.75052],[137.373744,34.750732],[137.373914,34.75067],[137.373973,34.750642],[137.374006,34.750626],[137.37404,34.750593],[137.374046,34.750588],[137.374059,34.750574],[137.374354,34.75075],[137.374466,34.750817],[137.374502,34.750849],[137.37441,34.750954],[137.37445,34.751025],[137.374476,34.751037],[137.374496,34.751049],[137.374527,34.751081],[137.374556,34.75114],[137.374594,34.751177],[137.374638,34.751221],[137.374677,34.751268],[137.374904,34.751305],[137.375028,34.751151]]]}},{"type":"Feature","id":"232012190","properties":{"KEY_CODE":"232012190","PREF":"23","CITY":"201","S_AREA":"219000","PREF_NAME":"愛知県","CITY_NAME":"豊橋市","S_NAME":"柱五番町","HCODE":8101,"AREA":64199.824,"KIGO_E":"","JINKO":401,"SETAI":183,"X_CODE":137.372978,"Y_CODE":34.748263},"geometry":{"type":"Polygon","coordinates":[[[137.372935,34.749783],[137.373174,34.749512],[137.373483,34.749699],[137.37377,34.749379],[137.37396,34.749491],[137.374247,34.74913],[137.374695,34.748556],[137.374499,34.748388],[137.374713,34.748227],[137.373997,34.747631],[137.374034,34.747598],[137.373872,34.747456],[137.373857,34.747468],[137.373328,34.747045],[137.373139,34.747194],[137.372768,34.746855],[137.372963,34.746708],[137.372786,34.746544],[137.372205,34.747002],[137.372196,34.74701],[137.371883,34.747301],[137.371657,34.747519],[137.371586,34.747597],[137.371547,34.74764],[137.371425,34.747782],[137.371301,34.747934],[137.371099,34.748167],[137.371241,34.748308],[137.371273,34.748329],[137.371309,34.748338],[137.371562,34.748375],[137.371617,34.748393],[137.371659,34.748418],[137.37172,34.74849],[137.371797,34.748611],[137.371825,34.748656],[137.371871,34.748741],[137.371971,34.748881],[137.372084,34.749028],[137.372223,34.749193],[137.372236,34.749207],[137.372311,34.749308],[137.372322,34.749335],[137.37234,34.749377],[137.372457,34.74956],[137.3725,34.749602],[137.372707,34.749507],[137.372935,34.749783]]]}},{"type":"Feature","id":"232012200","properties":{"KEY_CODE":"232012200","PREF":"23","CITY":"201","S_AREA":"220000","PREF_NAME":"愛知県","CITY_NAME":"豊橋市","S_NAME":"柱六番町","HCODE":8101,"AREA":71223.064,"KIGO_E":"","JINKO":465,"SETAI":202,"X_CODE":137.375036,"Y_CODE":34.746737},"geometry":{"type":"Polygon","coordinates":[[[137.374968,34.748024],[137.375835,34.747371],[137.376013,34.747519],[137.376082,34.747484],[137.376095,34.747249],[137.376943,34.747282],[137.376941,34.747252],[137.377209,34.747258],[137.377275,34.747256],[137.377279,34.747184],[137.377549,34.747183],[137.377583,34.747191],[137.377636,34.747186],[137.37762,34.747092],[137.377673,34.747049],[137.377672,34.747047],[137.377615,34.746966],[137.377758,34.746897],[137.377773,34.746889],[137.377604,34.74667],[137.377602,34.746668],[137.377672,34.746658],[137.377608,34.746556],[137.377583,34.746511],[137.377575,34.746468],[137.377585,34.746436],[137.377603,34.746404],[137.377642,34.746344],[137.377599,34.746159],[137.37759,34.746079],[137.377301,34.746097],[137.377277,34.746336],[137.376722,34.746325],[137.376707,34.746511],[137.376408,34.746505],[137.376404,34.746448],[137.37612,34.746502],[137.375635,34.74607],[137.375528,34.746149],[137.375336,34.745989],[137.375367,34.745962],[137.374449,34.745223],[137.374129,34.745472],[137.373867,34.745678],[137.373026,34.746355],[137.372991,34.746383],[137.372786,34.746544],[137.372963,34.746708],[137.372768,34.746855],[137.373139,34.747194],[137.373328,34.747045],[137.373857,34.747468],[137.373872,34.747456],[137.374034,34.747598],[137.373997,34.747631],[137.374713,34.748227],[137.374968,34.748024]]]}},{"type":"Feature","id":"232012210","properties":{"KEY_CODE":"232012210","PREF":"23","CITY":"201","S_AREA":"221000","PREF_NAME":"愛知県","CITY_NAME":"豊橋市","S_NAME":"柱七番町","HCODE":8101,"AREA":88013.707,"KIGO_E":"","JINKO":757,"SETAI":349,"X_CODE":137.376797,"Y_CODE":34.74488},"geometry":{"type":"Polygon","coordinates":[[[137.376707,34.746511],[137.376722,34.746325],[137.377277,34.746336],[137.377301,34.746097],[137.377326,34.745831],[137.37776,34.745825],[137.379239,34.745132],[137.379093,34.744967],[137.378818,34.745085],[137.378331,34.744298],[137.378376,34.744279],[137.378312,34.744138],[137.378213,34.74405],[137.378191,34.744018],[137.378058,34.743728],[137.377951,34.743768],[137.377727,34.743797],[137.377726,34.74348],[137.377801,34.743467],[137.377764,34.74332],[137.377901,34.74329],[137.37782,34.742973],[137.377753,34.742988],[137.377627,34.743008],[137.377579,34.743011],[137.37748,34.743018],[137.377326,34.743017],[137.377205,34.743003],[137.37709,34.742977],[137.37698,34.742946],[137.376916,34.743741],[137.376632,34.743593],[137.376437,34.743496],[137.376262,34.743411],[137.376225,34.743395],[137.375692,34.744182],[137.375623,34.744286],[137.375591,34.744328],[137.375504,34.744386],[137.375099,34.74471],[137.374794,34.744951],[137.374636,34.745073],[137.374449,34.745223],[137.375367,34.745962],[137.375336,34.745989],[137.375528,34.746149],[137.375635,34.74607],[137.37612,34.746502],[137.376404,34.746448],[137.376408,34.746505],[137.376707,34.746511]]]}},{"type":"Feature","id":"232012220","properties":{"KEY_CODE":"232012220","PREF":"23","CITY":"201","S_AREA":"222000","PREF_NAME":"愛知県","CITY_NAME":"豊橋市","S_NAME":"柱八番町","HCODE":8101,"AREA":83191.99,"KIGO_E":"","JINKO":484,"SETAI":220,"X_CODE":137.379025,"Y_CODE":34.743205},"geometry":{"type":"Polygon","coordinates":[[[137.379239,34.745132],[137.379869,34.7448],[137.379972,34.744927],[137.380158,34.74483],[137.380068,34.744723],[137.380565,34.744423],[137.381347,34.743956],[137.381162,34.743785],[137.380761,34.743421],[137.380366,34.743072],[137.379976,34.742729],[137.379579,34.742383],[137.379187,34.742047],[137.378762,34.74167],[137.378698,34.74172],[137.378674,34.741738],[137.377682,34.740883],[137.376861,34.74156],[137.377215,34.741847],[137.377731,34.74228],[137.378025,34.742913],[137.377914,34.742954],[137.37782,34.742973],[137.377901,34.74329],[137.377764,34.74332],[137.377801,34.743467],[137.377726,34.74348],[137.377727,34.743797],[137.377951,34.743768],[137.378058,34.743728],[137.378191,34.744018],[137.378213,34.74405],[137.378312,34.744138],[137.378376,34.744279],[137.378331,34.744298],[137.378818,34.745085],[137.379093,34.744967],[137.379239,34.745132]]]}},{"type":"Feature","id":"232012230","properties":{"KEY_CODE":"232012230","PREF":"23","CITY":"201","S_AREA":"223000","PREF_NAME":"愛知県","CITY_NAME":"豊橋市","S_NAME":"柱九番町","HCODE":8101,"AREA":62749.489,"KIGO_E":"","JINKO":565,"SETAI":318,"X_CODE":137.382654,"Y_CODE":34.744025},"geometry":{"type":"Polygon","coordinates":[[[137.381778,34.745318],[137.382406,34.744971],[137.382568,34.745124],[137.382769,34.744992],[137.382829,34.745051],[137.383293,34.74486],[137.383343,34.744903],[137.383547,34.744806],[137.383542,34.744779],[137.383802,34.744611],[137.38403,34.744475],[137.383979,34.744432],[137.384599,34.744065],[137.384476,34.743836],[137.384745,34.743696],[137.384681,34.743627],[137.384661,34.743615],[137.38462,34.743584],[137.384601,34.743569],[137.384586,34.743541],[137.384577,34.743503],[137.384575,34.743486],[137.384567,34.74347],[137.384104,34.743059],[137.383826,34.743286],[137.383686,34.743396],[137.383614,34.743333],[137.383276,34.743032],[137.383112,34.742887],[137.382827,34.742639],[137.382793,34.742609],[137.382714,34.742544],[137.382462,34.742744],[137.382089,34.74305],[137.381631,34.743422],[137.381162,34.743785],[137.381347,34.743956],[137.380565,34.744423],[137.380912,34.744878],[137.38109,34.744926],[137.381207,34.744877],[137.381315,34.744946],[137.381532,34.745087],[137.381515,34.745119],[137.381703,34.745353],[137.381778,34.745318]]]}},{"type":"Feature","id":"232012240","properties":{"KEY_CODE":"232012240","PREF":"23","CITY":"201","S_AREA":"224000","PREF_NAME":"愛知県","CITY_NAME":"豊橋市","S_NAME":"畑ケ田町","HCODE":8101,"AREA":468178.905,"KIGO_E":"","JINKO":68,"SETAI":20,"X_CODE":137.396338,"Y_CODE":34.709897},"geometry":{"type":"Polygon","coordinates":[[[137.400507,34.71291],[137.400664,34.712043],[137.400781,34.711604],[137.400954,34.711185],[137.401008,34.711113],[137.401061,34.711073],[137.401458,34.710922],[137.401537,34.710869],[137.401913,34.710438],[137.402165,34.709691],[137.402199,34.709576],[137.400318,34.708554],[137.400166,34.70849],[137.399989,34.708463],[137.399697,34.708464],[137.399573,34.708475],[137.398862,34.708429],[137.398909,34.707782],[137.398922,34.70746],[137.39881,34.707327],[137.398205,34.706667],[137.39817,34.706621],[137.397665,34.706159],[137.397522,34.706023],[137.397373,34.705892],[137.397286,34.705816],[137.39723,34.705767],[137.397149,34.705815],[137.397062,34.705873],[137.396971,34.705926],[137.396877,34.705988],[137.396737,34.706063],[137.396642,34.706115],[137.396495,34.706165],[137.396361,34.706219],[137.396272,34.70628],[137.396193,34.706386],[137.396136,34.706469],[137.395838,34.706859],[137.395797,34.7069],[137.395635,34.706925],[137.395592,34.706941],[137.395533,34.706963],[137.395384,34.707027],[137.395291,34.707107],[137.395115,34.707295],[137.395001,34.707441],[137.394927,34.707562],[137.394849,34.707692],[137.394791,34.707827],[137.394714,34.708027],[137.394653,34.708178],[137.394592,34.708268],[137.394495,34.708354],[137.394373,34.708421],[137.394005,34.708571],[137.393787,34.70858],[137.393722,34.708622],[137.393552,34.708702],[137.393287,34.708762],[137.393081,34.708799],[137.393125,34.709527],[137.38975,34.709526],[137.38963,34.709531],[137.389544,34.709764],[137.389434,34.710032],[137.389312,34.710248],[137.388924,34.711072],[137.388866,34.711159],[137.389044,34.711099],[137.38926,34.711079],[137.389469,34.711064],[137.389726,34.711066],[137.389964,34.711076],[137.390147,34.711098],[137.390342,34.711145],[137.390642,34.71122],[137.390967,34.711352],[137.39202,34.711701],[137.392405,34.711836],[137.392569,34.711869],[137.392852,34.711899],[137.393142,34.711936],[137.393421,34.711952],[137.394176,34.712006],[137.394361,34.712053],[137.394754,34.712103],[137.395262,34.712129],[137.395409,34.712136],[137.395562,34.712137],[137.395955,34.712193],[137.395962,34.712193],[137.396011,34.712196],[137.396011,34.712208],[137.396015,34.71219],[137.39605,34.712196],[137.396465,34.712216],[137.396915,34.712201],[137.397397,34.71219],[137.397831,34.712205],[137.398193,34.712236],[137.398691,34.712303],[137.399384,34.712531],[137.400139,34.712778],[137.400507,34.71291]]]}},{"type":"Feature","id":"232012250","properties":{"KEY_CODE":"232012250","PREF":"23","CITY":"201","S_AREA":"225000","PREF_NAME":"愛知県","CITY_NAME":"豊橋市","S_NAME":"羽田町","HCODE":8101,"AREA":34880.816,"KIGO_E":"","JINKO":220,"SETAI":101,"X_CODE":137.377626,"Y_CODE":34.764117},"geometry":{"type":"Polygon","coordinates":[[[137.377403,34.763581],[137.375986,34.763165],[137.375794,34.763779],[137.375687,34.764143],[137.376481,34.764314],[137.377054,34.764441],[137.37785,34.764622],[137.378225,34.764704],[137.378813,34.76482],[137.379176,34.764879],[137.379628,34.764922],[137.379865,34.764473],[137.379132,34.764148],[137.378603,34.763933],[137.37784,34.763708],[137.377403,34.763581]]]}},{"type":"Feature","id":"23201226001","properties":{"KEY_CODE":"23201226001","PREF":"23","CITY":"201","S_AREA":"226001","PREF_NAME":"愛知県","CITY_NAME":"豊橋市","S_NAME":"八町通一丁目","HCODE":8101,"AREA":29034.654,"KIGO_E":"","JINKO":134,"SETAI":75,"X_CODE":137.389446,"Y_CODE":34.768115},"geometry":{"type":"Polygon","coordinates":[[[137.388543,34.768915],[137.389543,34.768727],[137.389623,34.768881],[137.390495,34.768731],[137.390406,34.767781],[137.390406,34.767757],[137.390391,34.767206],[137.389422,34.767426],[137.388617,34.767609],[137.388224,34.767697],[137.388475,34.768664],[137.388486,34.768708],[137.388543,34.768915]]]}},{"type":"Feature","id":"23201226002","properties":{"KEY_CODE":"23201226002","PREF":"23","CITY":"201","S_AREA":"226002","PREF_NAME":"愛知県","CITY_NAME":"豊橋市","S_NAME":"八町通二丁目","HCODE":8101,"AREA":31659.193,"KIGO_E":"","JINKO":59,"SETAI":25,"X_CODE":137.391422,"Y_CODE":34.76778},"geometry":{"type":"Polygon","coordinates":[[[137.392734,34.767948],[137.39253,34.767363],[137.391971,34.767474],[137.391964,34.767455],[137.391657,34.766686],[137.390554,34.767134],[137.390391,34.767206],[137.390406,34.767757],[137.390406,34.767781],[137.390495,34.768731],[137.391281,34.768549],[137.392056,34.768372],[137.392834,34.768217],[137.392747,34.767992],[137.392734,34.767948]]]}},{"type":"Feature","id":"23201226003","properties":{"KEY_CODE":"23201226003","PREF":"23","CITY":"201","S_AREA":"226003","PREF_NAME":"愛知県","CITY_NAME":"豊橋市","S_NAME":"八町通三丁目","HCODE":8101,"AREA":65326.02,"KIGO_E":"","JINKO":330,"SETAI":147,"X_CODE":137.393802,"Y_CODE":34.767221},"geometry":{"type":"Polygon","coordinates":[[[137.395618,34.768231],[137.395424,34.767536],[137.395418,34.767516],[137.395225,34.766819],[137.395103,34.766077],[137.393534,34.766426],[137.393447,34.765968],[137.39344,34.765936],[137.39213,34.766483],[137.391701,34.766664],[137.391657,34.766686],[137.391964,34.767455],[137.391971,34.767474],[137.39253,34.767363],[137.392734,34.767948],[137.392747,34.767992],[137.392834,34.768217],[137.393387,34.768168],[137.393893,34.768277],[137.393955,34.768298],[137.394136,34.768342],[137.394354,34.768376],[137.394554,34.768387],[137.394828,34.76838],[137.39543,34.768282],[137.395618,34.768231]]]}},{"type":"Feature","id":"23201226004","properties":{"KEY_CODE":"23201226004","PREF":"23","CITY":"201","S_AREA":"226004","PREF_NAME":"愛知県","CITY_NAME":"豊橋市","S_NAME":"八町通四丁目","HCODE":8101,"AREA":49725.833,"KIGO_E":"","JINKO":307,"SETAI":123,"X_CODE":137.396404,"Y_CODE":34.766965},"geometry":{"type":"Polygon","coordinates":[[[137.397175,34.765782],[137.397138,34.765656],[137.397122,34.765658],[137.39693,34.765691],[137.396924,34.76567],[137.395103,34.766077],[137.395225,34.766819],[137.395418,34.767516],[137.395424,34.767536],[137.395618,34.768231],[137.395838,34.768176],[137.396764,34.768057],[137.397178,34.767996],[137.397755,34.767946],[137.397354,34.766408],[137.39735,34.766393],[137.397338,34.76635],[137.397175,34.765782]]]}},{"type":"Feature","id":"23201226005","properties":{"KEY_CODE":"23201226005","PREF":"23","CITY":"201","S_AREA":"226005","PREF_NAME":"愛知県","CITY_NAME":"豊橋市","S_NAME":"八町通五丁目","HCODE":8101,"AREA":82038.593,"KIGO_E":"","JINKO":393,"SETAI":163,"X_CODE":137.399062,"Y_CODE":34.767183},"geometry":{"type":"Polygon","coordinates":[[[137.400353,34.76799],[137.400311,34.767808],[137.400201,34.767283],[137.400024,34.766554],[137.39987,34.765895],[137.399859,34.765847],[137.399749,34.765365],[137.399654,34.765259],[137.399029,34.765393],[137.398497,34.765508],[137.397175,34.765782],[137.397338,34.76635],[137.39735,34.766393],[137.397354,34.766408],[137.397755,34.767946],[137.398463,34.767977],[137.398494,34.767973],[137.39928,34.767869],[137.399304,34.767889],[137.399666,34.768243],[137.399698,34.768541],[137.399702,34.768579],[137.399748,34.769024],[137.399527,34.769038],[137.399618,34.769855],[137.399623,34.769887],[137.399857,34.769867],[137.400464,34.76972],[137.400675,34.769667],[137.400609,34.769198],[137.400601,34.769136],[137.400553,34.768847],[137.400546,34.768807],[137.400353,34.76799]]]}},{"type":"Feature","id":"232012310","properties":{"KEY_CODE":"232012310","PREF":"23","CITY":"201","S_AREA":"231000","PREF_NAME":"愛知県","CITY_NAME":"豊橋市","S_NAME":"花園町","HCODE":8101,"AREA":35081.755,"KIGO_E":"","JINKO":119,"SETAI":57,"X_CODE":137.387431,"Y_CODE":34.765102},"geometry":{"type":"Polygon","coordinates":[[[137.388164,34.765909],[137.388365,34.765865],[137.388387,34.765912],[137.388543,34.765875],[137.388543,34.765872],[137.388534,34.765842],[137.388685,34.765821],[137.388639,34.76561],[137.388598,34.76545],[137.38868,34.76544],[137.38864,34.765273],[137.388736,34.765262],[137.388669,34.764785],[137.388837,34.764775],[137.388813,34.7644],[137.387372,34.764503],[137.386659,34.764551],[137.386284,34.764576],[137.386269,34.764414],[137.385896,34.764426],[137.385913,34.764792],[137.385905,34.764949],[137.385952,34.764946],[137.38595,34.76499],[137.385962,34.765534],[137.386125,34.765534],[137.386329,34.765527],[137.386339,34.765587],[137.387035,34.765559],[137.387054,34.765721],[137.387611,34.765697],[137.387662,34.765916],[137.387896,34.765877],[137.387936,34.766025],[137.38818,34.765977],[137.388177,34.765965],[137.388164,34.765909]]]}},{"type":"Feature","id":"232012320","properties":{"KEY_CODE":"232012320","PREF":"23","CITY":"201","S_AREA":"232000","PREF_NAME":"愛知県","CITY_NAME":"豊橋市","S_NAME":"花田町","HCODE":8101,"AREA":15884.807,"KIGO_E":"E4","JINKO":0,"SETAI":0,"X_CODE":137.38084,"Y_CODE":34.755116},"geometry":{"type":"Polygon","coordinates":[[[137.381718,34.756051],[137.381729,34.755868],[137.381837,34.755873],[137.38186,34.755708],[137.381971,34.755731],[137.382062,34.755751],[137.382095,34.755506],[137.38192,34.755484],[137.381926,34.75522],[137.381375,34.75523],[137.381397,34.754983],[137.381223,34.754888],[137.38088,34.754885],[137.380885,34.754664],[137.38078,34.754661],[137.380777,34.754605],[137.380649,34.754603],[137.380651,34.754471],[137.380377,34.754465],[137.380378,34.754348],[137.380332,34.754318],[137.380173,34.754395],[137.380113,34.754294],[137.379914,34.754395],[137.379903,34.754429],[137.379878,34.754571],[137.379803,34.754599],[137.379856,34.754661],[137.37985,34.754811],[137.379681,34.754796],[137.37964,34.755117],[137.379882,34.75523],[137.379907,34.755198],[137.379941,34.755179],[137.379961,34.755151],[137.38012,34.755158],[137.380122,34.755085],[137.380263,34.755087],[137.380261,34.755139],[137.380491,34.755132],[137.380557,34.755239],[137.38087,34.755291],[137.380848,34.755437],[137.381374,34.755507],[137.381336,34.755619],[137.381298,34.755761],[137.381277,34.755816],[137.381264,34.755958],[137.381622,34.755958],[137.381607,34.756046],[137.381718,34.756051]]]}},{"type":"Feature","id":"232012320","properties":{"KEY_CODE":"232012320","PREF":"23","CITY":"201","S_AREA":"232000","PREF_NAME":"愛知県","CITY_NAME":"豊橋市","S_NAME":"花田町","HCODE":8101,"AREA":45861.853,"KIGO_E":"E2","JINKO":0,"SETAI":0,"X_CODE":137.377099,"Y_CODE":34.756104},"geometry":{"type":"Polygon","coordinates":[[[137.378992,34.756925],[137.378566,34.756465],[137.378574,34.756465],[137.378505,34.756384],[137.37846,34.756331],[137.378423,34.756264],[137.378382,34.75619],[137.378362,34.75615],[137.378358,34.756106],[137.378327,34.756027],[137.378701,34.755914],[137.37866,34.755688],[137.378428,34.755262],[137.377945,34.755393],[137.377347,34.755399],[137.376776,34.755402],[137.37663,34.755382],[137.376447,34.755342],[137.376252,34.755296],[137.376187,34.75529],[137.376087,34.755298],[137.375823,34.755373],[137.375858,34.755487],[137.375817,34.755499],[137.375761,34.755523],[137.375691,34.755536],[137.375716,34.755627],[137.375399,34.755675],[137.375308,34.755764],[137.37533,34.755832],[137.375297,34.755879],[137.375271,34.755969],[137.375285,34.756055],[137.375297,34.756159],[137.375318,34.756237],[137.375374,34.756365],[137.375533,34.756611],[137.375543,34.756627],[137.375992,34.756685],[137.375997,34.756663],[137.377168,34.756801],[137.379086,34.757017],[137.378992,34.756925]]]}},{"type":"Feature","id":"232012320","properties":{"KEY_CODE":"232012320","PREF":"23","CITY":"201","S_AREA":"232000","PREF_NAME":"愛知県","CITY_NAME":"豊橋市","S_NAME":"花田町","HCODE":8101,"AREA":55978.102,"KIGO_E":"E3","JINKO":0,"SETAI":0,"X_CODE":137.38326,"Y_CODE":34.759461},"geometry":{"type":"Polygon","coordinates":[[[137.382755,34.760876],[137.382787,34.760874],[137.382827,34.760884],[137.383164,34.761008],[137.383196,34.760974],[137.383777,34.760198],[137.383788,34.760184],[137.384142,34.759722],[137.384164,34.759695],[137.38426,34.75956],[137.38488,34.758663],[137.384718,34.758592],[137.384727,34.758504],[137.384181,34.758269],[137.384123,34.757962],[137.38371,34.758016],[137.383695,34.757899],[137.38387,34.757602],[137.383818,34.757485],[137.383761,34.757376],[137.383589,34.757391],[137.383004,34.757477],[137.383184,34.757917],[137.383346,34.757993],[137.383271,34.758125],[137.382898,34.758756],[137.382597,34.759282],[137.382297,34.759782],[137.382094,34.76012],[137.381738,34.760688],[137.381466,34.761167],[137.381507,34.761169],[137.382402,34.761141],[137.38245,34.761124],[137.382712,34.760919],[137.38273,34.760895],[137.382755,34.760876]]]}},{"type":"Feature","id":"232012320","properties":{"KEY_CODE":"232012320","PREF":"23","CITY":"201","S_AREA":"232000","PREF_NAME":"愛知県","CITY_NAME":"豊橋市","S_NAME":"花田町","HCODE":8101,"AREA":4978.978,"KIGO_E":"E5","JINKO":0,"SETAI":0,"X_CODE":137.383385,"Y_CODE":34.756199},"geometry":{"type":"Polygon","coordinates":[[[137.383129,34.756602],[137.383505,34.756597],[137.383711,34.756603],[137.383667,34.756178],[137.383746,34.756157],[137.383612,34.7558],[137.383206,34.755731],[137.383174,34.755793],[137.383004,34.756178],[137.383168,34.756223],[137.383022,34.756613],[137.383129,34.756602]]]}},{"type":"Feature","id":"232012320","properties":{"KEY_CODE":"232012320","PREF":"23","CITY":"201","S_AREA":"232000","PREF_NAME":"愛知県","CITY_NAME":"豊橋市","S_NAME":"花田町","HCODE":8101,"AREA":839539.693,"KIGO_E":"E1","JINKO":5146,"SETAI":2270,"X_CODE":137.37311,"Y_CODE":34.764411},"geometry":{"type":"Polygon","coordinates":[[[137.373173,34.768891],[137.373191,34.768771],[137.373266,34.768779],[137.373253,34.768869],[137.373338,34.76888],[137.37338,34.768646],[137.373563,34.768671],[137.373564,34.768655],[137.373757,34.768675],[137.373759,34.768702],[137.373819,34.768709],[137.373819,34.76877],[137.373917,34.768779],[137.373951,34.768539],[137.374612,34.768636],[137.374632,34.768523],[137.375048,34.768486],[137.375381,34.768582],[137.375565,34.768279],[137.375582,34.768283],[137.376225,34.768424],[137.377682,34.768737],[137.378147,34.76884],[137.378693,34.768094],[137.378714,34.768059],[137.378922,34.767719],[137.379252,34.767179],[137.379927,34.767474],[137.379809,34.767682],[137.380011,34.767751],[137.380116,34.767563],[137.380372,34.767676],[137.380516,34.767746],[137.381127,34.76795],[137.381841,34.76825],[137.382801,34.768673],[137.382957,34.768741],[137.383096,34.768805],[137.383069,34.767614],[137.382922,34.767595],[137.382891,34.766704],[137.382822,34.766739],[137.382759,34.766763],[137.38269,34.766782],[137.382534,34.7668],[137.382007,34.766807],[137.381325,34.766797],[137.380831,34.766775],[137.38087,34.765864],[137.380877,34.765616],[137.380924,34.765404],[137.380459,34.765201],[137.380685,34.764833],[137.380692,34.764821],[137.380721,34.764774],[137.380952,34.764397],[137.381329,34.763791],[137.381496,34.763867],[137.382848,34.764476],[137.383424,34.763595],[137.383621,34.763283],[137.383669,34.762827],[137.383214,34.762623],[137.383086,34.762836],[137.382168,34.762447],[137.381881,34.762906],[137.381817,34.76288],[137.380911,34.762507],[137.380741,34.762872],[137.380469,34.762768],[137.380387,34.762943],[137.380345,34.763232],[137.380271,34.763476],[137.380262,34.763503],[137.380251,34.763528],[137.379934,34.764208],[137.379874,34.76437],[137.379865,34.764473],[137.379628,34.764922],[137.379176,34.764879],[137.378813,34.76482],[137.378225,34.764704],[137.37785,34.764622],[137.377054,34.764441],[137.376481,34.764314],[137.375687,34.764143],[137.375632,34.764307],[137.375547,34.764619],[137.37542,34.7651],[137.374748,34.764892],[137.374278,34.764842],[137.374052,34.764929],[137.373085,34.764821],[137.373134,34.764304],[137.37315,34.764122],[137.373194,34.763685],[137.373236,34.763144],[137.373255,34.762957],[137.372636,34.762712],[137.372278,34.762524],[137.372221,34.762483],[137.371985,34.762392],[137.371313,34.762056],[137.371326,34.761932],[137.370668,34.761618],[137.370684,34.761584],[137.371015,34.76093],[137.370731,34.760855],[137.369068,34.760414],[137.368433,34.760241],[137.36854,34.759989],[137.36865,34.759989],[137.368654,34.759935],[137.368751,34.759638],[137.368728,34.75964],[137.36867,34.759625],[137.368688,34.759471],[137.368703,34.759475],[137.368785,34.7595],[137.368817,34.759429],[137.368864,34.759359],[137.368914,34.759304],[137.369202,34.759397],[137.369348,34.75937],[137.369294,34.75903],[137.36956,34.759049],[137.369577,34.758836],[137.369552,34.758836],[137.369556,34.758665],[137.369462,34.75866],[137.369461,34.758367],[137.369461,34.75834],[137.369499,34.758299],[137.369618,34.758354],[137.369661,34.758335],[137.369777,34.758286],[137.369802,34.758275],[137.369857,34.758281],[137.369514,34.758092],[137.368937,34.757786],[137.368767,34.757699],[137.368623,34.757898],[137.368127,34.757638],[137.367701,34.757399],[137.367549,34.757599],[137.36726,34.757965],[137.367046,34.75824],[137.366953,34.758346],[137.366655,34.758727],[137.366361,34.759107],[137.365966,34.759582],[137.365011,34.759342],[137.364952,34.759489],[137.364893,34.759496],[137.36497,34.759631],[137.365322,34.759794],[137.365647,34.760023],[137.365232,34.760527],[137.364456,34.761504],[137.364004,34.762073],[137.365065,34.762646],[137.365649,34.762953],[137.366236,34.763277],[137.367464,34.763955],[137.368083,34.76412],[137.368678,34.764275],[137.368719,34.764275],[137.36888,34.764301],[137.369509,34.764405],[137.3698,34.764453],[137.370084,34.7645],[137.370066,34.764582],[137.370028,34.764781],[137.369983,34.764978],[137.369962,34.765073],[137.369896,34.765376],[137.369887,34.765414],[137.36981,34.765768],[137.369789,34.765862],[137.369778,34.765914],[137.36969,34.766293],[137.369553,34.766883],[137.369464,34.767232],[137.369455,34.767275],[137.369351,34.767813],[137.370914,34.76806],[137.371027,34.76808],[137.371007,34.768201],[137.371207,34.768237],[137.371196,34.768312],[137.371464,34.76835],[137.371401,34.768636],[137.371615,34.768656],[137.371657,34.768408],[137.372494,34.768625],[137.372732,34.768648],[137.372718,34.768836],[137.373173,34.768891]]]}},{"type":"Feature","id":"232012330","properties":{"KEY_CODE":"232012330","PREF":"23","CITY":"201","S_AREA":"233000","PREF_NAME":"愛知県","CITY_NAME":"豊橋市","S_NAME":"花田一番町","HCODE":8101,"AREA":65502.234,"KIGO_E":"","JINKO":405,"SETAI":245,"X_CODE":137.378975,"Y_CODE":34.76284},"geometry":{"type":"Polygon","coordinates":[[[137.380387,34.762943],[137.380469,34.762768],[137.380741,34.762872],[137.380911,34.762507],[137.380551,34.762359],[137.380259,34.762242],[137.380226,34.762229],[137.37958,34.76197],[137.379563,34.761964],[137.379552,34.761958],[137.379526,34.761945],[137.378245,34.761271],[137.377713,34.761298],[137.377699,34.762049],[137.37767,34.762899],[137.377517,34.763276],[137.377403,34.763581],[137.37784,34.763708],[137.378603,34.763933],[137.379132,34.764148],[137.379865,34.764473],[137.379874,34.76437],[137.379934,34.764208],[137.380251,34.763528],[137.380262,34.763503],[137.380271,34.763476],[137.380345,34.763232],[137.380387,34.762943]]]}},{"type":"Feature","id":"232012340","properties":{"KEY_CODE":"232012340","PREF":"23","CITY":"201","S_AREA":"234000","PREF_NAME":"愛知県","CITY_NAME":"豊橋市","S_NAME":"花田二番町","HCODE":8101,"AREA":75213.903,"KIGO_E":"","JINKO":434,"SETAI":181,"X_CODE":137.375686,"Y_CODE":34.76222},"geometry":{"type":"Polygon","coordinates":[[[137.377699,34.762049],[137.377713,34.761298],[137.376,34.761368],[137.374914,34.761406],[137.374935,34.761359],[137.373877,34.761395],[137.373879,34.761371],[137.373439,34.761477],[137.373377,34.761479],[137.373284,34.761658],[137.373233,34.761746],[137.373013,34.762166],[137.372843,34.762449],[137.373311,34.762524],[137.374377,34.762709],[137.375136,34.762899],[137.375986,34.763165],[137.377403,34.763581],[137.377517,34.763276],[137.37767,34.762899],[137.377699,34.762049]]]}},{"type":"Feature","id":"232012350","properties":{"KEY_CODE":"232012350","PREF":"23","CITY":"201","S_AREA":"235000","PREF_NAME":"愛知県","CITY_NAME":"豊橋市","S_NAME":"花田三番町","HCODE":8101,"AREA":42652.066,"KIGO_E":"","JINKO":379,"SETAI":167,"X_CODE":137.374418,"Y_CODE":34.763493},"geometry":{"type":"Polygon","coordinates":[[[137.375632,34.764307],[137.375687,34.764143],[137.375794,34.763779],[137.375986,34.763165],[137.375136,34.762899],[137.374377,34.762709],[137.373311,34.762524],[137.372843,34.762449],[137.372636,34.762712],[137.373255,34.762957],[137.373236,34.763144],[137.373194,34.763685],[137.37315,34.764122],[137.37379,34.764173],[137.373782,34.764242],[137.374185,34.764235],[137.374257,34.764245],[137.374798,34.764407],[137.374869,34.764236],[137.374888,34.764187],[137.374899,34.764189],[137.375077,34.76424],[137.375058,34.764285],[137.37498,34.764458],[137.375547,34.764619],[137.375632,34.764307]]]}},{"type":"Feature","id":"232012360","properties":{"KEY_CODE":"232012360","PREF":"23","CITY":"201","S_AREA":"236000","PREF_NAME":"愛知県","CITY_NAME":"豊橋市","S_NAME":"花中町","HCODE":8101,"AREA":200073.518,"KIGO_E":"","JINKO":1450,"SETAI":736,"X_CODE":137.384451,"Y_CODE":34.755412},"geometry":{"type":"Polygon","coordinates":[[[137.38488,34.758663],[137.385766,34.757342],[137.385882,34.75718],[137.386202,34.756707],[137.386254,34.756632],[137.386445,34.756343],[137.386315,34.756283],[137.386919,34.755339],[137.387195,34.754908],[137.387797,34.753984],[137.386219,34.753653],[137.386193,34.753641],[137.386168,34.753636],[137.38552,34.7535],[137.385436,34.753485],[137.384881,34.753382],[137.384765,34.753369],[137.383636,34.75328],[137.382486,34.75318],[137.381912,34.753133],[137.381046,34.753067],[137.380973,34.753061],[137.380926,34.753581],[137.380936,34.753584],[137.381857,34.753651],[137.382424,34.753699],[137.382424,34.753699],[137.382371,34.754216],[137.382305,34.754752],[137.382306,34.755016],[137.38229,34.755804],[137.382317,34.755839],[137.382675,34.756722],[137.382264,34.756706],[137.382172,34.757483],[137.382414,34.757582],[137.383184,34.757917],[137.383004,34.757477],[137.383589,34.757391],[137.383761,34.757376],[137.383818,34.757485],[137.38387,34.757602],[137.383695,34.757899],[137.38371,34.758016],[137.384123,34.757962],[137.384181,34.758269],[137.384727,34.758504],[137.384718,34.758592],[137.38488,34.758663]],[[137.383174,34.755793],[137.383206,34.755731],[137.383612,34.7558],[137.383746,34.756157],[137.383667,34.756178],[137.383711,34.756603],[137.383505,34.756597],[137.383129,34.756602],[137.383022,34.756613],[137.383168,34.756223],[137.383004,34.756178],[137.383174,34.755793]]]}},{"type":"Feature","id":"232012370","properties":{"KEY_CODE":"232012370","PREF":"23","CITY":"201","S_AREA":"237000","PREF_NAME":"愛知県","CITY_NAME":"豊橋市","S_NAME":"羽根井町","HCODE":8101,"AREA":114408.796,"KIGO_E":"","JINKO":855,"SETAI":356,"X_CODE":137.377556,"Y_CODE":34.75454},"geometry":{"type":"Polygon","coordinates":[[[137.379689,34.755353],[137.379647,34.755188],[137.37964,34.755117],[137.379681,34.754796],[137.379147,34.754755],[137.379283,34.753471],[137.379174,34.7533],[137.379141,34.753257],[137.378883,34.752898],[137.376628,34.75272],[137.376599,34.752937],[137.37671,34.753072],[137.376625,34.753793],[137.376621,34.75382],[137.374753,34.753684],[137.374743,34.753926],[137.374785,34.754095],[137.375218,34.755484],[137.375308,34.755764],[137.375399,34.755675],[137.375716,34.755627],[137.375691,34.755536],[137.375761,34.755523],[137.375817,34.755499],[137.375858,34.755487],[137.375823,34.755373],[137.376087,34.755298],[137.376187,34.75529],[137.376252,34.755296],[137.376447,34.755342],[137.37663,34.755382],[137.376776,34.755402],[137.377347,34.755399],[137.377945,34.755393],[137.378428,34.755262],[137.37866,34.755688],[137.378701,34.755914],[137.378327,34.756027],[137.378358,34.756106],[137.378362,34.75615],[137.378382,34.75619],[137.378423,34.756264],[137.37846,34.756331],[137.378505,34.756384],[137.378574,34.756465],[137.378566,34.756465],[137.378992,34.756925],[137.379086,34.757017],[137.379523,34.757059],[137.379577,34.756527],[137.37964,34.755896],[137.379689,34.755353]]]}},{"type":"Feature","id":"232012380","properties":{"KEY_CODE":"232012380","PREF":"23","CITY":"201","S_AREA":"238000","PREF_NAME":"愛知県","CITY_NAME":"豊橋市","S_NAME":"羽根井西町","HCODE":8101,"AREA":121156.873,"KIGO_E":"","JINKO":860,"SETAI":345,"X_CODE":137.373992,"Y_CODE":34.754619},"geometry":{"type":"Polygon","coordinates":[[[137.374743,34.753926],[137.374753,34.753684],[137.376621,34.75382],[137.376625,34.753793],[137.37671,34.753072],[137.376599,34.752937],[137.376628,34.75272],[137.373911,34.752521],[137.373812,34.752638],[137.373546,34.752986],[137.373349,34.753242],[137.373047,34.753618],[137.372494,34.754313],[137.3719,34.755079],[137.371566,34.75551],[137.371541,34.755542],[137.371086,34.756122],[137.37206,34.756232],[137.372875,34.756329],[137.373051,34.75635],[137.373946,34.756441],[137.374643,34.756523],[137.375543,34.756627],[137.375533,34.756611],[137.375374,34.756365],[137.375318,34.756237],[137.375297,34.756159],[137.375285,34.756055],[137.375271,34.755969],[137.375297,34.755879],[137.37533,34.755832],[137.375308,34.755764],[137.375218,34.755484],[137.374785,34.754095],[137.374743,34.753926]]]}},{"type":"Feature","id":"232012390","properties":{"KEY_CODE":"232012390","PREF":"23","CITY":"201","S_AREA":"239000","PREF_NAME":"愛知県","CITY_NAME":"豊橋市","S_NAME":"羽根井本町","HCODE":8101,"AREA":83680.992,"KIGO_E":"","JINKO":367,"SETAI":154,"X_CODE":137.377333,"Y_CODE":34.758138},"geometry":{"type":"Polygon","coordinates":[[[137.377168,34.756801],[137.375997,34.756663],[137.375992,34.756685],[137.375948,34.756894],[137.375867,34.757302],[137.375833,34.757464],[137.375715,34.758059],[137.375586,34.758662],[137.375502,34.75913],[137.376604,34.759321],[137.377331,34.759439],[137.378349,34.759593],[137.378691,34.75966],[137.378941,34.758592],[137.379019,34.758261],[137.378788,34.758221],[137.379048,34.757196],[137.379086,34.757017],[137.377168,34.756801]]]}},{"type":"Feature","id":"232012400","properties":{"KEY_CODE":"232012400","PREF":"23","CITY":"201","S_AREA":"240000","PREF_NAME":"愛知県","CITY_NAME":"豊橋市","S_NAME":"浜道町","HCODE":8101,"AREA":1004820.215,"KIGO_E":"","JINKO":1869,"SETAI":728,"X_CODE":137.40534,"Y_CODE":34.718702},"geometry":{"type":"Polygon","coordinates":[[[137.413806,34.72087],[137.413702,34.71996],[137.413715,34.719896],[137.413906,34.719505],[137.413949,34.719376],[137.413963,34.719273],[137.413969,34.719161],[137.413955,34.718987],[137.413888,34.718743],[137.41384,34.718614],[137.413832,34.718544],[137.413826,34.718391],[137.413848,34.718281],[137.413976,34.717973],[137.414077,34.717733],[137.413839,34.71765],[137.412886,34.717345],[137.412344,34.717219],[137.411864,34.717154],[137.411542,34.717115],[137.4113,34.71706],[137.4111,34.717009],[137.410515,34.716846],[137.409527,34.716526],[137.408563,34.716204],[137.408312,34.716093],[137.406277,34.715425],[137.405518,34.715177],[137.405179,34.715066],[137.404668,34.714905],[137.404413,34.714831],[137.404193,34.714755],[137.403861,34.714632],[137.403637,34.71456],[137.403448,34.714509],[137.403256,34.71444],[137.403047,34.714338],[137.402824,34.714216],[137.402628,34.714043],[137.402621,34.714037],[137.402297,34.713786],[137.402038,34.713574],[137.401812,34.713402],[137.401631,34.713293],[137.401435,34.713215],[137.401207,34.713133],[137.400853,34.713012],[137.400656,34.712955],[137.400507,34.71291],[137.400471,34.713165],[137.400566,34.713488],[137.401046,34.715232],[137.398244,34.715117],[137.39824,34.715572],[137.398238,34.715688],[137.39823,34.716326],[137.398214,34.716689],[137.398155,34.718056],[137.397188,34.717959],[137.397141,34.718296],[137.396648,34.718491],[137.396613,34.71872],[137.396607,34.718775],[137.396798,34.718776],[137.396803,34.718775],[137.396998,34.718705],[137.397148,34.718937],[137.397187,34.71902],[137.397463,34.718879],[137.397413,34.718803],[137.397251,34.718531],[137.397644,34.718489],[137.397659,34.71835],[137.397728,34.718365],[137.397923,34.718526],[137.397988,34.718532],[137.39809,34.718469],[137.398055,34.718784],[137.398045,34.718831],[137.398082,34.718837],[137.399316,34.719101],[137.399385,34.719899],[137.399619,34.719886],[137.399682,34.720172],[137.3997,34.720261],[137.399722,34.720364],[137.399812,34.720723],[137.399881,34.72104],[137.400019,34.721665],[137.400172,34.722327],[137.400281,34.722825],[137.401207,34.722613],[137.401841,34.722455],[137.403418,34.722063],[137.403825,34.721962],[137.403487,34.723074],[137.405562,34.72323],[137.405759,34.723245],[137.406098,34.722763],[137.406161,34.72271],[137.406211,34.722682],[137.406748,34.722536],[137.407664,34.722067],[137.408817,34.722413],[137.408947,34.722122],[137.409204,34.721737],[137.409297,34.721559],[137.409482,34.721206],[137.409668,34.720797],[137.409699,34.720677],[137.409717,34.720539],[137.409712,34.720368],[137.409695,34.720251],[137.409638,34.720076],[137.409611,34.71999],[137.410661,34.720406],[137.410931,34.720542],[137.411191,34.720704],[137.411255,34.720742],[137.411369,34.720806],[137.411577,34.720904],[137.41178,34.721024],[137.411927,34.721123],[137.412106,34.721234],[137.412275,34.721339],[137.412859,34.721684],[137.413228,34.721888],[137.413702,34.722109],[137.414465,34.722462],[137.415444,34.722902],[137.415812,34.723063],[137.416063,34.723171],[137.416233,34.723229],[137.416641,34.723343],[137.416755,34.72299],[137.416329,34.722893],[137.415738,34.722719],[137.415592,34.722664],[137.414942,34.722359],[137.414593,34.722154],[137.414408,34.722029],[137.414261,34.721917],[137.414148,34.721822],[137.414044,34.721709],[137.413799,34.721419],[137.413824,34.721147],[137.413806,34.72087]]]}},{"type":"Feature","id":"232012410","properties":{"KEY_CODE":"232012410","PREF":"23","CITY":"201","S_AREA":"241000","PREF_NAME":"愛知県","CITY_NAME":"豊橋市","S_NAME":"原町","HCODE":8101,"AREA":1505713.964,"KIGO_E":"","JINKO":483,"SETAI":199,"X_CODE":137.484503,"Y_CODE":34.710218},"geometry":{"type":"Polygon","coordinates":[[[137.487748,34.716703],[137.488045,34.715955],[137.488493,34.714745],[137.488622,34.714176],[137.488731,34.713389],[137.488812,34.712781],[137.488907,34.712516],[137.489032,34.71235],[137.489411,34.712035],[137.489657,34.711809],[137.489763,34.711605],[137.4898,34.711366],[137.489739,34.710325],[137.489641,34.709107],[137.489652,34.708597],[137.48989,34.707069],[137.490151,34.705401],[137.490294,34.704985],[137.490427,34.704786],[137.490656,34.704436],[137.491317,34.703705],[137.491287,34.703701],[137.490272,34.703553],[137.490523,34.702807],[137.490515,34.702672],[137.490455,34.702526],[137.48991,34.702413],[137.48978,34.702323],[137.489194,34.701985],[137.488923,34.701961],[137.488757,34.702013],[137.488565,34.702014],[137.488328,34.701981],[137.488043,34.701875],[137.487279,34.701686],[137.487059,34.701631],[137.486957,34.70159],[137.486855,34.701494],[137.486583,34.701373],[137.48643,34.701279],[137.486351,34.701264],[137.486291,34.701241],[137.48616,34.701122],[137.4858,34.700739],[137.485482,34.700915],[137.485315,34.701069],[137.485106,34.701188],[137.484779,34.701372],[137.48478,34.702396],[137.484481,34.703223],[137.484696,34.703369],[137.484303,34.703445],[137.483921,34.703207],[137.483804,34.703139],[137.483177,34.703735],[137.48303,34.703885],[137.482971,34.704013],[137.482897,34.70422],[137.482659,34.704695],[137.482343,34.705015],[137.482079,34.705325],[137.481861,34.705622],[137.481693,34.705822],[137.481553,34.705961],[137.481274,34.706304],[137.48111,34.706441],[137.48106,34.706499],[137.480957,34.706787],[137.480868,34.707184],[137.480795,34.707567],[137.480737,34.708116],[137.480688,34.70833],[137.480606,34.708618],[137.480538,34.708679],[137.480256,34.708787],[137.480101,34.708796],[137.479763,34.708714],[137.479676,34.708923],[137.479646,34.70908],[137.47964,34.709487],[137.479628,34.709876],[137.479551,34.710149],[137.479556,34.710351],[137.47927,34.710426],[137.479158,34.710469],[137.478663,34.7108],[137.478396,34.711029],[137.478296,34.711324],[137.478246,34.711395],[137.477992,34.71154],[137.477854,34.711616],[137.477742,34.711678],[137.477584,34.711845],[137.47751,34.711944],[137.477402,34.712066],[137.477178,34.712259],[137.476996,34.712414],[137.47688,34.712597],[137.476867,34.712675],[137.476988,34.712851],[137.477097,34.713046],[137.477187,34.713293],[137.477274,34.713578],[137.477436,34.713954],[137.477208,34.714035],[137.477761,34.715029],[137.477669,34.715056],[137.477599,34.715625],[137.477476,34.715616],[137.477423,34.716058],[137.47836,34.716128],[137.478632,34.716079],[137.478644,34.716146],[137.47864,34.716183],[137.478539,34.717127],[137.480276,34.717237],[137.480722,34.717165],[137.480983,34.717219],[137.481812,34.717794],[137.48239,34.71722],[137.482758,34.716869],[137.482931,34.716751],[137.483156,34.716647],[137.485355,34.718235],[137.485796,34.717993],[137.48632,34.717828],[137.48662,34.717712],[137.486898,34.717552],[137.487261,34.717286],[137.487533,34.71698],[137.487748,34.716703]]]}},{"type":"Feature","id":"232012420","properties":{"KEY_CODE":"232012420","PREF":"23","CITY":"201","S_AREA":"242000","PREF_NAME":"愛知県","CITY_NAME":"豊橋市","S_NAME":"東赤沢町","HCODE":8101,"AREA":2861372.711,"KIGO_E":"","JINKO":761,"SETAI":241,"X_CODE":137.367968,"Y_CODE":34.664457},"geometry":{"type":"Polygon","coordinates":[[[137.365234,34.677181],[137.365639,34.676933],[137.365672,34.676937],[137.365195,34.674731],[137.365181,34.674688],[137.365958,34.674691],[137.368403,34.674687],[137.370739,34.674732],[137.370846,34.674734],[137.370942,34.67418],[137.371044,34.673617],[137.371052,34.673576],[137.371226,34.672636],[137.371296,34.672391],[137.372056,34.672643],[137.373392,34.673138],[137.373445,34.672653],[137.373483,34.672505],[137.373555,34.67233],[137.373641,34.672158],[137.374136,34.671262],[137.37417,34.67118],[137.374188,34.671082],[137.374245,34.67024],[137.374047,34.67022],[137.373477,34.670138],[137.373444,34.668975],[137.373688,34.668631],[137.37391,34.66841],[137.374073,34.668207],[137.374169,34.668038],[137.374348,34.667707],[137.374396,34.66761],[137.374425,34.667179],[137.37444,34.666962],[137.374093,34.667182],[137.373717,34.667453],[137.373992,34.666347],[137.375289,34.664639],[137.375149,34.664526],[137.37462,34.66409],[137.374781,34.663609],[137.374837,34.663401],[137.375203,34.663106],[137.37608,34.662757],[137.376137,34.662603],[137.376033,34.662152],[137.375941,34.661853],[137.375867,34.661546],[137.375987,34.661311],[137.376094,34.661051],[137.376325,34.66085],[137.376407,34.660763],[137.376391,34.66069],[137.376344,34.660651],[137.376195,34.660642],[137.376082,34.660607],[137.376052,34.660557],[137.376048,34.660493],[137.376241,34.660097],[137.376301,34.660026],[137.376562,34.65987],[137.376622,34.659681],[137.376615,34.659608],[137.376572,34.659565],[137.376395,34.659487],[137.376308,34.65943],[137.376247,34.659327],[137.376221,34.659238],[137.376225,34.659136],[137.376255,34.659081],[137.376333,34.659015],[137.376446,34.658925],[137.37647,34.658882],[137.376481,34.658832],[137.37647,34.658779],[137.376418,34.658711],[137.376476,34.658627],[137.376484,34.658579],[137.376447,34.658531],[137.376114,34.658241],[137.376095,34.658193],[137.376112,34.658146],[137.376161,34.65812],[137.376372,34.658095],[137.376439,34.658066],[137.376473,34.657999],[137.376472,34.65779],[137.376434,34.657652],[137.376397,34.657608],[137.376346,34.657585],[137.376281,34.657583],[137.376169,34.657617],[137.376065,34.657631],[137.375984,34.657618],[137.375932,34.657588],[137.375894,34.657539],[137.375848,34.657395],[137.37575,34.657279],[137.375582,34.657159],[137.375575,34.657049],[137.375742,34.656811],[137.375758,34.656663],[137.375708,34.656538],[137.375587,34.656457],[137.375491,34.656382],[137.375086,34.656314],[137.37507,34.656271],[137.375073,34.65623],[137.375103,34.656147],[137.375135,34.656082],[137.375272,34.655981],[137.375459,34.655908],[137.375494,34.65584],[137.375494,34.655796],[137.375463,34.655758],[137.375298,34.655702],[137.37519,34.655631],[137.375114,34.655537],[137.375094,34.655457],[137.375097,34.655385],[137.375113,34.655318],[137.375172,34.655245],[137.375313,34.655144],[137.375449,34.654724],[137.37536,34.654708],[137.375317,34.654698],[137.375279,34.654684],[137.375176,34.654635],[137.375135,34.654624],[137.375074,34.654614],[137.375036,34.654601],[137.374977,34.654565],[137.374913,34.654549],[137.374876,34.654542],[137.374859,34.654537],[137.374805,34.654506],[137.37477,34.654493],[137.374722,34.65449],[137.374686,34.654479],[137.374635,34.654448],[137.374586,34.654441],[137.374559,34.654429],[137.374538,34.654425],[137.374489,34.654425],[137.374462,34.654421],[137.374434,34.654408],[137.374376,34.654375],[137.374355,34.654369],[137.374315,34.654367],[137.374289,34.654369],[137.374247,34.654368],[137.374231,34.654364],[137.374126,34.654308],[137.374091,34.654294],[137.374032,34.654282],[137.37392,34.654272],[137.373901,34.654268],[137.373555,34.654172],[137.373397,34.654142],[137.373101,34.654078],[137.373044,34.65407],[137.373004,34.654073],[137.372961,34.654078],[137.372922,34.654078],[137.372907,34.654069],[137.372873,34.654059],[137.372836,34.654052],[137.37277,34.654043],[137.37271,34.654041],[137.372665,34.654042],[137.372476,34.654053],[137.372415,34.654052],[137.372356,34.654046],[137.372325,34.654039],[137.372272,34.654027],[137.372249,34.654021],[137.372182,34.654003],[137.372111,34.653996],[137.372049,34.654],[137.372016,34.653999],[137.371993,34.653998],[137.371977,34.653996],[137.371917,34.653975],[137.37186,34.653965],[137.371739,34.653961],[137.371464,34.653935],[137.371368,34.653925],[137.370957,34.653869],[137.370375,34.653781],[137.369868,34.653719],[137.369764,34.653718],[137.369693,34.653701],[137.369672,34.653682],[137.369648,34.653668],[137.369621,34.653654],[137.369546,34.653622],[137.369496,34.653604],[137.369451,34.653591],[137.369363,34.653588],[137.369348,34.653584],[137.369298,34.653554],[137.369262,34.653552],[137.369214,34.653555],[137.369191,34.65355],[137.369165,34.653539],[137.369102,34.653506],[137.369027,34.653482],[137.368908,34.653451],[137.368859,34.653437],[137.368625,34.653371],[137.368546,34.653364],[137.368449,34.653365],[137.368409,34.653369],[137.368374,34.653369],[137.368254,34.65336],[137.368162,34.653353],[137.367958,34.653349],[137.367918,34.653351],[137.367833,34.653375],[137.367815,34.653378],[137.367795,34.653377],[137.367735,34.653369],[137.367352,34.653297],[137.367258,34.65328],[137.366938,34.653221],[137.366578,34.653158],[137.365988,34.653059],[137.365791,34.653029],[137.365395,34.65296],[137.364674,34.652846],[137.364388,34.652805],[137.364111,34.652753],[137.364075,34.652742],[137.363989,34.652709],[137.363896,34.652676],[137.364198,34.653468],[137.364015,34.653537],[137.36364,34.653546],[137.363571,34.65361],[137.363567,34.653661],[137.363604,34.653741],[137.363732,34.65377],[137.363909,34.653736],[137.364066,34.653717],[137.364237,34.653734],[137.364438,34.653878],[137.364417,34.654016],[137.364027,34.654173],[137.363889,34.654199],[137.363793,34.654247],[137.363754,34.65432],[137.363764,34.654365],[137.363795,34.654397],[137.363914,34.654409],[137.36401,34.654422],[137.364045,34.654451],[137.364063,34.654496],[137.364064,34.654601],[137.364046,34.654714],[137.363918,34.654755],[137.363791,34.654709],[137.363622,34.654671],[137.363482,34.654754],[137.363443,34.654782],[137.36349,34.654829],[137.363544,34.654905],[137.363551,34.654962],[137.363563,34.65509],[137.363557,34.655183],[137.363537,34.655253],[137.363492,34.655324],[137.363384,34.655405],[137.363313,34.655443],[137.36324,34.655563],[137.363222,34.655673],[137.363226,34.65576],[137.363204,34.656066],[137.363245,34.656221],[137.363137,34.656337],[137.362962,34.656479],[137.362727,34.656498],[137.36285,34.65668],[137.362903,34.656825],[137.362934,34.656946],[137.362902,34.657092],[137.362837,34.657173],[137.36284,34.657386],[137.362893,34.657467],[137.362936,34.657577],[137.363097,34.657655],[137.363134,34.657941],[137.363244,34.658127],[137.363138,34.658273],[137.36303,34.658358],[137.362945,34.658487],[137.362926,34.658577],[137.362916,34.658689],[137.362727,34.658791],[137.362428,34.659121],[137.36285,34.6595],[137.36327,34.659864],[137.36337,34.660048],[137.363356,34.660102],[137.362112,34.660674],[137.362106,34.660779],[137.362058,34.661043],[137.362398,34.662342],[137.362258,34.662621],[137.361756,34.663263],[137.361359,34.663842],[137.360428,34.665227],[137.360218,34.665747],[137.36087,34.665928],[137.360092,34.671769],[137.360978,34.671851],[137.360861,34.672703],[137.360044,34.672633],[137.359912,34.674541],[137.360122,34.674699],[137.360545,34.674811],[137.36105,34.674877],[137.361692,34.674902],[137.36168,34.67529],[137.361648,34.67565],[137.36134,34.676105],[137.362594,34.676158],[137.362689,34.676171],[137.362666,34.676544],[137.362748,34.676559],[137.362954,34.676589],[137.36312,34.676607],[137.363382,34.676611],[137.363472,34.676609],[137.363588,34.676604],[137.363746,34.67659],[137.363888,34.676546],[137.364053,34.676475],[137.364241,34.676362],[137.364379,34.676243],[137.364454,34.676169],[137.364544,34.676315],[137.364626,34.676436],[137.364723,34.676551],[137.365024,34.676922],[137.365234,34.677181]]]}},{"type":"Feature","id":"23201243001","properties":{"KEY_CODE":"23201243001","PREF":"23","CITY":"201","S_AREA":"243001","PREF_NAME":"愛知県","CITY_NAME":"豊橋市","S_NAME":"東岩田一丁目","HCODE":8101,"AREA":131768.913,"KIGO_E":"","JINKO":739,"SETAI":306,"X_CODE":137.430648,"Y_CODE":34.756662},"geometry":{"type":"Polygon","coordinates":[[[137.430611,34.754273],[137.429174,34.754188],[137.429171,34.754229],[137.42914,34.754604],[137.429112,34.755587],[137.429165,34.756287],[137.429316,34.757043],[137.429585,34.75784],[137.429649,34.758007],[137.42965,34.758009],[137.429852,34.758574],[137.430013,34.75901],[137.430223,34.759597],[137.430607,34.759516],[137.431079,34.759416],[137.431817,34.759338],[137.431882,34.758862],[137.431949,34.758382],[137.431963,34.75772],[137.431966,34.757687],[137.431964,34.75722],[137.431941,34.755764],[137.431942,34.75435],[137.43191,34.754348],[137.430632,34.754273],[137.430611,34.754273]]]}},{"type":"Feature","id":"23201243002","properties":{"KEY_CODE":"23201243002","PREF":"23","CITY":"201","S_AREA":"243002","PREF_NAME":"愛知県","CITY_NAME":"豊橋市","S_NAME":"東岩田二丁目","HCODE":8101,"AREA":187255.403,"KIGO_E":"","JINKO":993,"SETAI":398,"X_CODE":137.433717,"Y_CODE":34.757183},"geometry":{"type":"Polygon","coordinates":[[[137.432466,34.759901],[137.432857,34.759776],[137.4329,34.759881],[137.433231,34.759708],[137.433313,34.759677],[137.433226,34.759468],[137.43335,34.759452],[137.433428,34.759636],[137.433518,34.759622],[137.433605,34.759614],[137.434546,34.759548],[137.435553,34.759483],[137.435423,34.759041],[137.435413,34.759006],[137.436245,34.758939],[137.435794,34.757593],[137.435119,34.755574],[137.434784,34.754582],[137.434769,34.754539],[137.433145,34.754431],[137.431942,34.75435],[137.431941,34.755764],[137.431964,34.75722],[137.431966,34.757687],[137.431963,34.75772],[137.431949,34.758382],[137.431882,34.758862],[137.431817,34.759338],[137.432074,34.759315],[137.432155,34.759699],[137.432189,34.759815],[137.432301,34.759784],[137.432349,34.759929],[137.432466,34.759901]]]}},{"type":"Feature","id":"23201243003","properties":{"KEY_CODE":"23201243003","PREF":"23","CITY":"201","S_AREA":"243003","PREF_NAME":"愛知県","CITY_NAME":"豊橋市","S_NAME":"東岩田三丁目","HCODE":8101,"AREA":157919.768,"KIGO_E":"","JINKO":982,"SETAI":397,"X_CODE":137.432032,"Y_CODE":34.752805},"geometry":{"type":"Polygon","coordinates":[[[137.434251,34.752977],[137.433773,34.751538],[137.434694,34.751539],[137.434421,34.750865],[137.43439,34.750788],[137.434388,34.750725],[137.4344,34.75069],[137.434466,34.750583],[137.434394,34.750581],[137.434054,34.750503],[137.433929,34.750485],[137.433772,34.75047],[137.433432,34.750469],[137.433209,34.750493],[137.432894,34.750541],[137.43258,34.750429],[137.432939,34.751474],[137.432829,34.751498],[137.432835,34.75154],[137.432814,34.751569],[137.432474,34.75164],[137.432134,34.751686],[137.431893,34.751682],[137.430735,34.751651],[137.429276,34.751617],[137.429276,34.75164],[137.429259,34.752139],[137.429248,34.752404],[137.429236,34.752695],[137.429213,34.753153],[137.429211,34.753204],[137.429193,34.753687],[137.429174,34.754188],[137.430611,34.754273],[137.430632,34.754273],[137.43191,34.754348],[137.431942,34.75435],[137.433145,34.754431],[137.434769,34.754539],[137.434251,34.752977]]]}},{"type":"Feature","id":"23201243004","properties":{"KEY_CODE":"23201243004","PREF":"23","CITY":"201","S_AREA":"243004","PREF_NAME":"愛知県","CITY_NAME":"豊橋市","S_NAME":"東岩田四丁目","HCODE":8101,"AREA":66837.384,"KIGO_E":"","JINKO":720,"SETAI":302,"X_CODE":137.430793,"Y_CODE":34.750639},"geometry":{"type":"Polygon","coordinates":[[[137.429962,34.74916],[137.429464,34.748863],[137.429387,34.748953],[137.429381,34.749219],[137.42937,34.749457],[137.429359,34.749708],[137.429352,34.749945],[137.429345,34.750095],[137.429312,34.750764],[137.429294,34.751193],[137.429276,34.751617],[137.430735,34.751651],[137.431893,34.751682],[137.432134,34.751686],[137.432474,34.75164],[137.432814,34.751569],[137.432835,34.75154],[137.432829,34.751498],[137.432939,34.751474],[137.43258,34.750429],[137.432342,34.750353],[137.431869,34.750203],[137.431628,34.750149],[137.431547,34.750131],[137.431473,34.750092],[137.431406,34.750046],[137.430936,34.749644],[137.430817,34.749571],[137.43049,34.749414],[137.43036,34.749353],[137.430063,34.749223],[137.429962,34.74916]]]}},{"type":"Feature","id":"232012470","properties":{"KEY_CODE":"232012470","PREF":"23","CITY":"201","S_AREA":"247000","PREF_NAME":"愛知県","CITY_NAME":"豊橋市","S_NAME":"東大清水町","HCODE":8101,"AREA":381621.931,"KIGO_E":"","JINKO":151,"SETAI":40,"X_CODE":137.377441,"Y_CODE":34.684094},"geometry":{"type":"Polygon","coordinates":[[[137.381222,34.686499],[137.38137,34.686111],[137.380443,34.686106],[137.380141,34.686086],[137.379977,34.686042],[137.378632,34.685554],[137.378546,34.685518],[137.378658,34.68547],[137.378803,34.685409],[137.378955,34.685334],[137.379174,34.685213],[137.379529,34.684992],[137.380565,34.684292],[137.380762,34.684153],[137.38082,34.684079],[137.380827,34.684075],[137.380846,34.683988],[137.380776,34.683771],[137.380737,34.683626],[137.380777,34.683274],[137.381048,34.683248],[137.381159,34.683189],[137.3815,34.682839],[137.381783,34.68274],[137.381845,34.682718],[137.381904,34.682652],[137.382184,34.68225],[137.382298,34.682132],[137.382416,34.682017],[137.38191,34.681755],[137.381853,34.681685],[137.381269,34.681611],[137.381137,34.681614],[137.380988,34.681648],[137.380859,34.681704],[137.380323,34.681613],[137.379825,34.681513],[137.379765,34.681481],[137.379717,34.681106],[137.379145,34.680982],[137.378545,34.680989],[137.37794,34.6811],[137.377441,34.680855],[137.377145,34.681201],[137.376928,34.681213],[137.376985,34.6816],[137.376979,34.681695],[137.376928,34.681765],[137.376864,34.681796],[137.37676,34.681806],[137.376401,34.68177],[137.376274,34.681761],[137.376135,34.681726],[137.37605,34.681686],[137.375729,34.681509],[137.374863,34.682252],[137.374826,34.682366],[137.37505,34.682595],[137.374131,34.68332],[137.374046,34.683326],[137.373707,34.683251],[137.373622,34.683257],[137.373548,34.683291],[137.373358,34.683439],[137.373245,34.683581],[137.373221,34.683628],[137.37324,34.68369],[137.37338,34.683789],[137.373432,34.683849],[137.373489,34.684108],[137.373158,34.684657],[137.373017,34.685144],[137.372699,34.685659],[137.37279,34.686162],[137.372983,34.686202],[137.373436,34.686331],[137.373822,34.686431],[137.374114,34.686487],[137.375388,34.686521],[137.375759,34.68653],[137.376528,34.686506],[137.376649,34.686493],[137.376993,34.686443],[137.377169,34.686484],[137.377597,34.686668],[137.378398,34.686811],[137.379202,34.686953],[137.379317,34.687014],[137.379762,34.687256],[137.379905,34.687326],[137.38045,34.687438],[137.380795,34.687503],[137.38109,34.686817],[137.381222,34.686499]]]}},{"type":"Feature","id":"23201248001","properties":{"KEY_CODE":"23201248001","PREF":"23","CITY":"201","S_AREA":"248001","PREF_NAME":"愛知県","CITY_NAME":"豊橋市","S_NAME":"東小鷹野一丁目","HCODE":8101,"AREA":132697.16,"KIGO_E":"","JINKO":902,"SETAI":377,"X_CODE":137.427885,"Y_CODE":34.766106},"geometry":{"type":"Polygon","coordinates":[[[137.430673,34.764259],[137.429735,34.763811],[137.429353,34.763927],[137.428787,34.764098],[137.428213,34.764341],[137.427903,34.764531],[137.427898,34.764534],[137.427351,34.76498],[137.427204,34.765109],[137.426503,34.765727],[137.426317,34.765863],[137.425867,34.766206],[137.425736,34.766291],[137.424925,34.766735],[137.425485,34.767459],[137.425891,34.76806],[137.425897,34.768068],[137.426456,34.768809],[137.427238,34.768204],[137.428164,34.767477],[137.428628,34.766958],[137.42941,34.76609],[137.430142,34.765601],[137.430464,34.765336],[137.430665,34.765115],[137.430744,34.764973],[137.430778,34.764858],[137.430784,34.764735],[137.430768,34.764316],[137.430673,34.764259]]]}},{"type":"Feature","id":"23201248002","properties":{"KEY_CODE":"23201248002","PREF":"23","CITY":"201","S_AREA":"248002","PREF_NAME":"愛知県","CITY_NAME":"豊橋市","S_NAME":"東小鷹野二丁目","HCODE":8101,"AREA":144451.141,"KIGO_E":"","JINKO":778,"SETAI":321,"X_CODE":137.42989,"Y_CODE":34.767423},"geometry":{"type":"Polygon","coordinates":[[[137.432226,34.766385],[137.432182,34.766382],[137.432077,34.766385],[137.43182,34.765852],[137.431389,34.764919],[137.431378,34.764569],[137.43105,34.764417],[137.430768,34.764316],[137.430784,34.764735],[137.430778,34.764858],[137.430744,34.764973],[137.430665,34.765115],[137.430464,34.765336],[137.430142,34.765601],[137.42941,34.76609],[137.428628,34.766958],[137.428164,34.767477],[137.427238,34.768204],[137.426456,34.768809],[137.42684,34.769271],[137.42684,34.769272],[137.426911,34.769357],[137.427211,34.76975],[137.427816,34.769515],[137.429046,34.769053],[137.42965,34.768873],[137.430213,34.768709],[137.431395,34.76835],[137.431976,34.768177],[137.432681,34.767959],[137.432502,34.767633],[137.432338,34.767333],[137.432239,34.767152],[137.432356,34.766638],[137.43232,34.766553],[137.432263,34.766412],[137.432226,34.766385]]]}},{"type":"Feature","id":"23201248003","properties":{"KEY_CODE":"23201248003","PREF":"23","CITY":"201","S_AREA":"248003","PREF_NAME":"愛知県","CITY_NAME":"豊橋市","S_NAME":"東小鷹野三丁目","HCODE":8101,"AREA":127023.567,"KIGO_E":"","JINKO":977,"SETAI":396,"X_CODE":137.430547,"Y_CODE":34.769772},"geometry":{"type":"Polygon","coordinates":[[[137.432823,34.768321],[137.432681,34.767959],[137.431976,34.768177],[137.431395,34.76835],[137.430213,34.768709],[137.42965,34.768873],[137.429046,34.769053],[137.427816,34.769515],[137.427211,34.76975],[137.42735,34.769921],[137.427637,34.770343],[137.427794,34.770623],[137.427945,34.770951],[137.428036,34.771167],[137.428138,34.771465],[137.428747,34.771336],[137.429769,34.77109],[137.430384,34.770945],[137.43145,34.770706],[137.432171,34.770525],[137.433408,34.770306],[137.433402,34.770291],[137.433185,34.769753],[137.433589,34.769724],[137.43352,34.769556],[137.433259,34.768919],[137.43313,34.768609],[137.432925,34.76849],[137.432823,34.768321]]]}},{"type":"Feature","id":"23201248004","properties":{"KEY_CODE":"23201248004","PREF":"23","CITY":"201","S_AREA":"248004","PREF_NAME":"愛知県","CITY_NAME":"豊橋市","S_NAME":"東小鷹野四丁目","HCODE":8101,"AREA":151325.227,"KIGO_E":"","JINKO":1253,"SETAI":449,"X_CODE":137.430695,"Y_CODE":34.77253},"geometry":{"type":"Polygon","coordinates":[[[137.433463,34.770703],[137.433408,34.770306],[137.432171,34.770525],[137.43145,34.770706],[137.430384,34.770945],[137.429769,34.77109],[137.428747,34.771336],[137.428138,34.771465],[137.428211,34.771765],[137.428302,34.772283],[137.428331,34.772529],[137.428341,34.772583],[137.428362,34.772803],[137.428426,34.773145],[137.428485,34.773607],[137.428579,34.774192],[137.428584,34.774231],[137.4299,34.774286],[137.430262,34.774303],[137.431419,34.774361],[137.432026,34.774385],[137.432565,34.77441],[137.432567,34.774372],[137.432627,34.773327],[137.432709,34.771871],[137.432725,34.771532],[137.43274,34.771195],[137.432688,34.770884],[137.433326,34.770735],[137.433463,34.770703]]]}},{"type":"Feature","id":"232012520","properties":{"KEY_CODE":"232012520","PREF":"23","CITY":"201","S_AREA":"252000","PREF_NAME":"愛知県","CITY_NAME":"豊橋市","S_NAME":"東小田原町","HCODE":8101,"AREA":51835.324,"KIGO_E":"","JINKO":667,"SETAI":377,"X_CODE":137.386974,"Y_CODE":34.760595},"geometry":{"type":"Polygon","coordinates":[[[137.388074,34.759585],[137.388057,34.759399],[137.387909,34.759405],[137.387831,34.759411],[137.387398,34.759425],[137.387226,34.759433],[137.387045,34.759425],[137.38684,34.759407],[137.386602,34.759364],[137.386355,34.759291],[137.386085,34.759177],[137.385987,34.75991],[137.385912,34.760425],[137.385852,34.76087],[137.385739,34.761596],[137.386579,34.761723],[137.387256,34.761827],[137.387527,34.761869],[137.387573,34.761867],[137.387959,34.761849],[137.388052,34.761129],[137.388117,34.760621],[137.387955,34.760603],[137.388036,34.760012],[137.388051,34.75989],[137.388071,34.759705],[137.388074,34.759585]]]}},{"type":"Feature","id":"232012530","properties":{"KEY_CODE":"232012530","PREF":"23","CITY":"201","S_AREA":"253000","PREF_NAME":"愛知県","CITY_NAME":"豊橋市","S_NAME":"東小池町","HCODE":8101,"AREA":123308.4,"KIGO_E":"","JINKO":767,"SETAI":356,"X_CODE":137.393732,"Y_CODE":34.749981},"geometry":{"type":"Polygon","coordinates":[[[137.396078,34.748976],[137.395574,34.748303],[137.395564,34.748289],[137.395088,34.748452],[137.394599,34.747545],[137.394001,34.747582],[137.393413,34.748135],[137.393011,34.748502],[137.392432,34.749053],[137.392186,34.749287],[137.3915,34.749963],[137.391869,34.750234],[137.391988,34.750341],[137.392067,34.750424],[137.392415,34.750858],[137.392445,34.750913],[137.392456,34.750969],[137.39246,34.751301],[137.39249,34.752396],[137.392489,34.752472],[137.39245,34.752703],[137.392352,34.753047],[137.392042,34.753535],[137.391968,34.753641],[137.3918,34.753946],[137.391976,34.753839],[137.392249,34.753639],[137.39247,34.753458],[137.392591,34.75335],[137.392732,34.753191],[137.392868,34.753026],[137.392992,34.752867],[137.393107,34.752708],[137.393257,34.752468],[137.393386,34.752263],[137.39357,34.75196],[137.393804,34.751577],[137.393973,34.751299],[137.3941,34.751133],[137.394182,34.751028],[137.394336,34.750865],[137.394398,34.750805],[137.394536,34.750697],[137.394651,34.750622],[137.394793,34.750558],[137.394922,34.750511],[137.395053,34.75048],[137.395196,34.750462],[137.395162,34.750391],[137.395152,34.750301],[137.395154,34.750227],[137.395179,34.750141],[137.395203,34.750091],[137.395256,34.750056],[137.39554,34.749919],[137.395732,34.749787],[137.396117,34.749754],[137.396114,34.749717],[137.39609,34.749345],[137.396078,34.748976]]]}},{"type":"Feature","id":"232012540","properties":{"KEY_CODE":"232012540","PREF":"23","CITY":"201","S_AREA":"254000","PREF_NAME":"愛知県","CITY_NAME":"豊橋市","S_NAME":"東小浜町","HCODE":8101,"AREA":106602.534,"KIGO_E":"","JINKO":800,"SETAI":400,"X_CODE":137.375714,"Y_CODE":34.742578},"geometry":{"type":"Polygon","coordinates":[[[137.375692,34.744182],[137.376225,34.743395],[137.376262,34.743411],[137.376437,34.743496],[137.376632,34.743593],[137.376916,34.743741],[137.37698,34.742946],[137.37709,34.742977],[137.377205,34.743003],[137.377326,34.743017],[137.37748,34.743018],[137.377579,34.743011],[137.377627,34.743008],[137.377753,34.742988],[137.37782,34.742973],[137.377914,34.742954],[137.378025,34.742913],[137.377731,34.74228],[137.377215,34.741847],[137.376861,34.74156],[137.377682,34.740883],[137.377394,34.740631],[137.377181,34.740448],[137.377094,34.740372],[137.376563,34.740773],[137.37626,34.740503],[137.376245,34.740515],[137.375964,34.740746],[137.375902,34.740798],[137.375803,34.740719],[137.375767,34.74069],[137.375437,34.740974],[137.375387,34.740935],[137.374838,34.741473],[137.374756,34.74141],[137.374605,34.741566],[137.374564,34.741617],[137.37457,34.741646],[137.374558,34.741664],[137.374216,34.742013],[137.374179,34.741991],[137.373789,34.742365],[137.374574,34.742871],[137.374147,34.743251],[137.373699,34.743616],[137.373682,34.743631],[137.373446,34.743846],[137.373649,34.744011],[137.373683,34.743993],[137.374698,34.744797],[137.374652,34.744829],[137.374794,34.744951],[137.375099,34.74471],[137.375504,34.744386],[137.375591,34.744328],[137.375623,34.744286],[137.375692,34.744182]]]}},{"type":"Feature","id":"232012550","properties":{"KEY_CODE":"232012550","PREF":"23","CITY":"201","S_AREA":"255000","PREF_NAME":"愛知県","CITY_NAME":"豊橋市","S_NAME":"東新町","HCODE":8101,"AREA":115167.238,"KIGO_E":"","JINKO":743,"SETAI":342,"X_CODE":137.403115,"Y_CODE":34.763191},"geometry":{"type":"Polygon","coordinates":[[[137.404338,34.763598],[137.404381,34.763576],[137.404499,34.763741],[137.404653,34.763711],[137.404482,34.763503],[137.404793,34.763327],[137.405206,34.763086],[137.405719,34.762751],[137.405598,34.762657],[137.40555,34.76262],[137.404871,34.762143],[137.404472,34.761908],[137.404413,34.76185],[137.404125,34.76157],[137.404108,34.76155],[137.404087,34.761525],[137.403859,34.761432],[137.403602,34.761326],[137.403411,34.761581],[137.40335,34.761573],[137.403083,34.76151],[137.40296,34.76146],[137.402747,34.761367],[137.40262,34.761301],[137.402556,34.761252],[137.402524,34.761212],[137.402272,34.761368],[137.402233,34.761319],[137.402485,34.761175],[137.402465,34.76116],[137.402364,34.761113],[137.402315,34.761097],[137.402267,34.761089],[137.402193,34.761088],[137.402122,34.761102],[137.402065,34.761119],[137.401986,34.761149],[137.401834,34.761247],[137.401733,34.761303],[137.401583,34.761369],[137.401527,34.761385],[137.401455,34.761403],[137.401532,34.761574],[137.40155,34.761631],[137.40155,34.761658],[137.401545,34.76166],[137.401553,34.761681],[137.401563,34.761819],[137.401591,34.762211],[137.401604,34.762359],[137.401604,34.762362],[137.401606,34.762373],[137.401643,34.762617],[137.401693,34.762845],[137.401701,34.762883],[137.401708,34.762947],[137.401714,34.762975],[137.401826,34.763481],[137.401831,34.763504],[137.401834,34.763515],[137.401927,34.763922],[137.401958,34.76406],[137.401958,34.76406],[137.401995,34.764173],[137.40194,34.764199],[137.401973,34.764236],[137.401191,34.764647],[137.401371,34.76494],[137.401391,34.764971],[137.401576,34.765495],[137.402678,34.765234],[137.40354,34.765204],[137.403325,34.764792],[137.403956,34.764546],[137.404333,34.764423],[137.404432,34.764417],[137.404326,34.764182],[137.404605,34.764094],[137.404466,34.763768],[137.404338,34.763598]]]}},{"type":"Feature","id":"232012560","properties":{"KEY_CODE":"232012560","PREF":"23","CITY":"201","S_AREA":"256000","PREF_NAME":"愛知県","CITY_NAME":"豊橋市","S_NAME":"東高田町","HCODE":8101,"AREA":957313.252,"KIGO_E":"","JINKO":778,"SETAI":267,"X_CODE":137.42878,"Y_CODE":34.712816},"geometry":{"type":"Polygon","coordinates":[[[137.428741,34.716957],[137.428894,34.716929],[137.429003,34.71692],[137.429093,34.716928],[137.429222,34.716958],[137.429328,34.717026],[137.429468,34.717116],[137.42964,34.717231],[137.429852,34.717299],[137.430073,34.717344],[137.430351,34.717378],[137.430554,34.717435],[137.430842,34.717555],[137.431083,34.717682],[137.431385,34.717862],[137.431687,34.718064],[137.431877,34.718208],[137.432033,34.71832],[137.432309,34.718462],[137.432349,34.718294],[137.432328,34.718119],[137.432166,34.717642],[137.432175,34.717556],[137.432228,34.717429],[137.432395,34.717243],[137.432568,34.717105],[137.433023,34.71692],[137.433163,34.716809],[137.433263,34.716676],[137.433399,34.716211],[137.43342,34.715987],[137.433489,34.715865],[137.433593,34.715781],[137.43376,34.715736],[137.433845,34.715693],[137.434084,34.715488],[137.434311,34.715306],[137.434194,34.715168],[137.434187,34.714928],[137.434116,34.714804],[137.434083,34.714727],[137.43408,34.714656],[137.434077,34.714588],[137.434117,34.714427],[137.43417,34.714318],[137.434279,34.714227],[137.434351,34.714157],[137.434348,34.71404],[137.434385,34.713928],[137.434492,34.713766],[137.434523,34.713659],[137.434489,34.713332],[137.434531,34.713034],[137.434583,34.71263],[137.434647,34.712428],[137.434662,34.712212],[137.434608,34.711999],[137.434487,34.711767],[137.434469,34.711657],[137.434424,34.711333],[137.434428,34.711194],[137.434497,34.71108],[137.434548,34.710995],[137.434582,34.710924],[137.434571,34.710842],[137.434483,34.710745],[137.43425,34.710537],[137.433932,34.710169],[137.433395,34.709785],[137.43325,34.709334],[137.433066,34.709131],[137.432613,34.708661],[137.43219,34.708185],[137.432007,34.708068],[137.431649,34.707924],[137.430898,34.707637],[137.430847,34.707775],[137.430856,34.708228],[137.430842,34.708361],[137.430775,34.708517],[137.427237,34.708236],[137.427043,34.708247],[137.426934,34.708253],[137.42663,34.708237],[137.426035,34.708386],[137.425952,34.708388],[137.425852,34.708364],[137.425544,34.708257],[137.425316,34.708182],[137.425144,34.708136],[137.424922,34.708409],[137.424843,34.708505],[137.42443,34.709002],[137.42415,34.709338],[137.423899,34.709658],[137.423643,34.709991],[137.423474,34.709887],[137.423238,34.710449],[137.423066,34.71086],[137.422485,34.710688],[137.421828,34.712269],[137.422415,34.712422],[137.42204,34.713336],[137.423503,34.713719],[137.424693,34.714026],[137.424543,34.714193],[137.424427,34.714382],[137.424199,34.714837],[137.424092,34.71503],[137.425343,34.715857],[137.425204,34.716048],[137.425482,34.716025],[137.425569,34.716984],[137.425954,34.716951],[137.426007,34.717086],[137.426034,34.717154],[137.426063,34.717265],[137.426162,34.717504],[137.4262,34.717604],[137.426169,34.717837],[137.426144,34.718019],[137.426105,34.719203],[137.427521,34.719111],[137.42738,34.718698],[137.427343,34.718466],[137.427374,34.717296],[137.428741,34.716957]]]}},{"type":"Feature","id":"232012570","properties":{"KEY_CODE":"232012570","PREF":"23","CITY":"201","S_AREA":"257000","PREF_NAME":"愛知県","CITY_NAME":"豊橋市","S_NAME":"東七根町","HCODE":8101,"AREA":2742868.841,"KIGO_E":"","JINKO":400,"SETAI":141,"X_CODE":137.420901,"Y_CODE":34.683821},"geometry":{"type":"Polygon","coordinates":[[[137.418091,34.697293],[137.420558,34.696204],[137.420809,34.696051],[137.421069,34.695886],[137.421212,34.69577],[137.422624,34.694574],[137.423532,34.693895],[137.423964,34.69359],[137.424129,34.69344],[137.424339,34.69318],[137.424596,34.692801],[137.42332,34.691748],[137.423244,34.69169],[137.423268,34.691418],[137.423311,34.691275],[137.42331,34.691107],[137.423313,34.690379],[137.423325,34.690318],[137.423415,34.690177],[137.425944,34.687746],[137.426158,34.687588],[137.426468,34.6874],[137.426948,34.687117],[137.427078,34.686992],[137.427169,34.686845],[137.428095,34.684961],[137.429015,34.683106],[137.427751,34.68284],[137.426872,34.682654],[137.426238,34.682443],[137.426261,34.682085],[137.426298,34.681853],[137.426286,34.681662],[137.426297,34.681459],[137.426373,34.681194],[137.426398,34.681072],[137.426453,34.680569],[137.42653,34.679786],[137.426521,34.67905],[137.426514,34.677263],[137.426396,34.675726],[137.426314,34.675476],[137.426553,34.675301],[137.426845,34.675173],[137.427024,34.674605],[137.427382,34.674524],[137.427673,34.674487],[137.42786,34.674475],[137.427813,34.673884],[137.427385,34.673726],[137.427376,34.67366],[137.427422,34.673515],[137.427534,34.673345],[137.427755,34.673083],[137.427757,34.673007],[137.427733,34.672965],[137.427646,34.67291],[137.427536,34.672856],[137.427525,34.672763],[137.427435,34.672587],[137.426446,34.672835],[137.426168,34.672534],[137.425972,34.67231],[137.42613,34.672161],[137.426287,34.671971],[137.426331,34.671887],[137.426371,34.671776],[137.4264,34.671691],[137.426443,34.671518],[137.426447,34.671293],[137.426416,34.671186],[137.42638,34.671086],[137.426331,34.671009],[137.426237,34.670933],[137.426143,34.670897],[137.425843,34.67076],[137.425546,34.670679],[137.425108,34.670502],[137.424854,34.670343],[137.425139,34.669878],[137.425769,34.669891],[137.425858,34.669661],[137.426161,34.669667],[137.426291,34.669308],[137.426076,34.669139],[137.425895,34.669016],[137.425752,34.668857],[137.42573,34.66862],[137.425782,34.668479],[137.425955,34.668423],[137.426139,34.668514],[137.426215,34.668617],[137.426824,34.668195],[137.426887,34.668115],[137.426886,34.668064],[137.426795,34.667924],[137.426695,34.667774],[137.42667,34.667699],[137.426667,34.667534],[137.426688,34.667348],[137.426693,34.667146],[137.426718,34.667082],[137.426789,34.666964],[137.427052,34.666666],[137.427135,34.666579],[137.427189,34.66648],[137.427334,34.666213],[137.427363,34.666092],[137.427342,34.665973],[137.427358,34.665771],[137.427474,34.665612],[137.42763,34.665466],[137.42768,34.665332],[137.427719,34.66525],[137.427785,34.665173],[137.42806,34.665102],[137.427914,34.665045],[137.42785,34.665029],[137.42779,34.665026],[137.427658,34.665029],[137.427597,34.665024],[137.427551,34.665017],[137.42751,34.665006],[137.427454,34.664986],[137.427418,34.664978],[137.427345,34.664978],[137.427281,34.664977],[137.427228,34.664967],[137.427144,34.664951],[137.427086,34.664945],[137.42706,34.664945],[137.427018,34.664945],[137.426982,34.664942],[137.426947,34.664933],[137.426917,34.664925],[137.426852,34.664906],[137.426816,34.664905],[137.426781,34.664909],[137.426761,34.664912],[137.426739,34.664906],[137.426697,34.664885],[137.42668,34.664878],[137.426668,34.664879],[137.426636,34.664886],[137.426596,34.664886],[137.426564,34.664879],[137.426519,34.664857],[137.42645,34.664846],[137.426375,34.664841],[137.426332,34.664834],[137.426138,34.664784],[137.426044,34.664762],[137.42596,34.664744],[137.425918,34.664743],[137.425877,34.664739],[137.42584,34.664732],[137.425714,34.664693],[137.425565,34.664647],[137.425493,34.664632],[137.425442,34.664627],[137.425298,34.664631],[137.425231,34.664629],[137.425172,34.664619],[137.425105,34.664595],[137.425064,34.664582],[137.424998,34.664572],[137.424934,34.664569],[137.42487,34.664546],[137.424816,34.66452],[137.424749,34.664496],[137.424706,34.664491],[137.424601,34.664493],[137.424566,34.664481],[137.424469,34.664413],[137.424437,34.664396],[137.424407,34.664397],[137.424371,34.664405],[137.424348,34.664405],[137.424321,34.664396],[137.424256,34.664353],[137.424167,34.664305],[137.424148,34.664298],[137.424122,34.664296],[137.42409,34.6643],[137.424065,34.664298],[137.424038,34.664292],[137.424002,34.66427],[137.423946,34.664238],[137.423923,34.664233],[137.423804,34.664234],[137.423727,34.664199],[137.423697,34.664189],[137.423635,34.664178],[137.423534,34.664174],[137.423505,34.664171],[137.423469,34.664165],[137.423325,34.664129],[137.42328,34.664132],[137.42321,34.664159],[137.423169,34.664161],[137.423154,34.664157],[137.42308,34.664103],[137.423043,34.664084],[137.422991,34.664062],[137.422937,34.664051],[137.422889,34.664049],[137.422756,34.664],[137.422692,34.663977],[137.422655,34.663975],[137.42262,34.663991],[137.422581,34.663998],[137.422636,34.664063],[137.422668,34.664116],[137.422665,34.664195],[137.422621,34.664275],[137.422577,34.664328],[137.422593,34.664397],[137.42265,34.664487],[137.422642,34.66454],[137.422546,34.664599],[137.422551,34.664868],[137.422535,34.665089],[137.422271,34.665196],[137.422167,34.665279],[137.422151,34.665358],[137.42217,34.665592],[137.422151,34.665717],[137.422075,34.66589],[137.4221,34.666081],[137.422109,34.666568],[137.422262,34.666882],[137.422307,34.666972],[137.423189,34.667178],[137.423373,34.667218],[137.423493,34.66727],[137.423598,34.667343],[137.423684,34.66748],[137.423737,34.667778],[137.423812,34.667862],[137.424294,34.668199],[137.424358,34.668278],[137.424543,34.668648],[137.424402,34.668763],[137.424258,34.669054],[137.424091,34.669287],[137.423834,34.669477],[137.423384,34.669678],[137.422622,34.670357],[137.422525,34.670451],[137.422416,34.670648],[137.422396,34.670766],[137.422448,34.671193],[137.422327,34.671619],[137.422186,34.671919],[137.422461,34.672094],[137.422641,34.672225],[137.422769,34.672395],[137.422802,34.672513],[137.422583,34.672927],[137.422576,34.673044],[137.422641,34.673342],[137.422529,34.673423],[137.422437,34.673447],[137.422295,34.673462],[137.422155,34.67346],[137.421973,34.673445],[137.421786,34.673349],[137.421544,34.673253],[137.421173,34.673176],[137.420986,34.673186],[137.420826,34.673203],[137.42055,34.673187],[137.420321,34.673166],[137.420128,34.673135],[137.419939,34.673075],[137.419393,34.672964],[137.419133,34.672977],[137.419035,34.673],[137.418614,34.673305],[137.418352,34.67338],[137.418721,34.673507],[137.418797,34.673673],[137.418785,34.673751],[137.418658,34.674004],[137.418661,34.674104],[137.418697,34.674151],[137.418932,34.674224],[137.419052,34.674303],[137.419153,34.674344],[137.41923,34.674337],[137.419277,34.674295],[137.41931,34.674254],[137.419332,34.674189],[137.419355,34.673919],[137.419774,34.673944],[137.419676,34.674699],[137.419642,34.674732],[137.419402,34.674722],[137.419467,34.674808],[137.419937,34.675711],[137.419256,34.67645],[137.418567,34.677185],[137.419037,34.677487],[137.41867,34.677868],[137.41735,34.679179],[137.417093,34.679486],[137.416505,34.679793],[137.416542,34.680366],[137.417213,34.680402],[137.41762,34.680155],[137.418189,34.679834],[137.418535,34.679677],[137.418645,34.680235],[137.41842,34.680305],[137.418411,34.680584],[137.419336,34.680735],[137.419362,34.681026],[137.418449,34.680993],[137.418387,34.681138],[137.418361,34.681199],[137.418297,34.681221],[137.418174,34.681221],[137.417978,34.681418],[137.417898,34.681547],[137.417834,34.681698],[137.417854,34.681834],[137.417935,34.68201],[137.41798,34.682114],[137.418064,34.682193],[137.418265,34.682329],[137.418226,34.682395],[137.418144,34.68245],[137.417829,34.682571],[137.417813,34.682696],[137.418364,34.68275],[137.41845,34.682781],[137.418297,34.683528],[137.41816,34.683712],[137.418403,34.684168],[137.417663,34.684734],[137.41746,34.684852],[137.417065,34.684955],[137.417005,34.685331],[137.416822,34.685371],[137.416683,34.685379],[137.416419,34.685337],[137.416008,34.685237],[137.415779,34.685039],[137.415613,34.684893],[137.415029,34.684721],[137.414884,34.684695],[137.414786,34.684728],[137.41437,34.68495],[137.414217,34.684984],[137.414221,34.685306],[137.414028,34.685343],[137.413706,34.685331],[137.413554,34.685347],[137.413287,34.685366],[137.412931,34.685376],[137.41262,34.68565],[137.412431,34.685815],[137.41256,34.686639],[137.412751,34.686721],[137.413117,34.686956],[137.41326,34.687204],[137.413354,34.687448],[137.413456,34.688039],[137.413144,34.688059],[137.413171,34.688999],[137.413196,34.689956],[137.413215,34.690613],[137.413218,34.691103],[137.413582,34.691109],[137.413535,34.691635],[137.412548,34.69328],[137.412313,34.69327],[137.411475,34.693059],[137.411297,34.693062],[137.411153,34.694759],[137.413106,34.694854],[137.413953,34.694696],[137.413893,34.695062],[137.413559,34.695546],[137.413496,34.69573],[137.41347,34.695912],[137.413473,34.696915],[137.41351,34.697233],[137.413705,34.697191],[137.413922,34.697119],[137.41435,34.696933],[137.414746,34.696767],[137.415074,34.696655],[137.414776,34.698036],[137.414593,34.698856],[137.41474,34.698775],[137.417044,34.697754],[137.418091,34.697293]]]}},{"type":"Feature","id":"232012580","properties":{"KEY_CODE":"232012580","PREF":"23","CITY":"201","S_AREA":"258000","PREF_NAME":"愛知県","CITY_NAME":"豊橋市","S_NAME":"東橋良町","HCODE":8101,"AREA":56494.866,"KIGO_E":"","JINKO":671,"SETAI":367,"X_CODE":137.383072,"Y_CODE":34.748928},"geometry":{"type":"Polygon","coordinates":[[[137.382569,34.74959],[137.38355,34.749253],[137.384087,34.749282],[137.38484,34.749341],[137.384911,34.749347],[137.385256,34.749367],[137.385202,34.748574],[137.385078,34.748004],[137.385035,34.747774],[137.385011,34.747645],[137.384108,34.74794],[137.384109,34.747941],[137.384125,34.747977],[137.383619,34.748143],[137.383601,34.748106],[137.383071,34.748279],[137.381846,34.748713],[137.381805,34.748728],[137.381701,34.748568],[137.38169,34.748551],[137.381414,34.748647],[137.381515,34.748829],[137.380827,34.749116],[137.380399,34.749264],[137.380498,34.749408],[137.380736,34.749773],[137.38088,34.749989],[137.380977,34.750134],[137.381023,34.750118],[137.38241,34.749638],[137.382569,34.74959]]]}},{"type":"Feature","id":"232012590","properties":{"KEY_CODE":"232012590","PREF":"23","CITY":"201","S_AREA":"259000","PREF_NAME":"愛知県","CITY_NAME":"豊橋市","S_NAME":"東細谷町","HCODE":8101,"AREA":5254101.289,"KIGO_E":"","JINKO":836,"SETAI":292,"X_CODE":137.47988,"Y_CODE":34.692864},"geometry":{"type":"Polygon","coordinates":[[[137.474157,34.710651],[137.474412,34.710443],[137.474626,34.710518],[137.474882,34.710576],[137.475162,34.71061],[137.475402,34.710604],[137.475561,34.710577],[137.476257,34.71041],[137.476578,34.710342],[137.476845,34.710334],[137.477603,34.710333],[137.479177,34.710357],[137.479362,34.710352],[137.479556,34.710351],[137.479551,34.710149],[137.479628,34.709876],[137.47964,34.709487],[137.479646,34.70908],[137.479676,34.708923],[137.479763,34.708714],[137.480101,34.708796],[137.480256,34.708787],[137.480538,34.708679],[137.480606,34.708618],[137.480688,34.70833],[137.480737,34.708116],[137.480795,34.707567],[137.480868,34.707184],[137.480957,34.706787],[137.48106,34.706499],[137.48111,34.706441],[137.481274,34.706304],[137.481553,34.705961],[137.481693,34.705822],[137.481861,34.705622],[137.482079,34.705325],[137.482343,34.705015],[137.482659,34.704695],[137.482897,34.70422],[137.482971,34.704013],[137.48303,34.703885],[137.483177,34.703735],[137.483804,34.703139],[137.483921,34.703207],[137.484303,34.703445],[137.484696,34.703369],[137.484481,34.703223],[137.48478,34.702396],[137.484779,34.701372],[137.485106,34.701188],[137.485315,34.701069],[137.485482,34.700915],[137.4858,34.700739],[137.48616,34.701122],[137.486291,34.701241],[137.486351,34.701264],[137.48643,34.701279],[137.486583,34.701373],[137.486855,34.701494],[137.486957,34.70159],[137.487059,34.701631],[137.487279,34.701686],[137.488043,34.701875],[137.488328,34.701981],[137.488565,34.702014],[137.488757,34.702013],[137.488923,34.701961],[137.489194,34.701985],[137.48978,34.702323],[137.48991,34.702413],[137.490455,34.702526],[137.490515,34.702672],[137.490523,34.702807],[137.490272,34.703553],[137.491287,34.703701],[137.491527,34.703343],[137.491803,34.702809],[137.491961,34.702447],[137.491992,34.702257],[137.491982,34.701958],[137.491766,34.701177],[137.491446,34.700065],[137.491212,34.699217],[137.491079,34.698762],[137.490804,34.697454],[137.490672,34.696812],[137.490619,34.696538],[137.490606,34.696174],[137.490621,34.695984],[137.490648,34.695773],[137.490722,34.695456],[137.490779,34.695192],[137.490786,34.694954],[137.490309,34.694074],[137.490105,34.693628],[137.489923,34.692963],[137.489855,34.692705],[137.489786,34.692482],[137.489732,34.692314],[137.489559,34.691902],[137.489472,34.691667],[137.489398,34.691348],[137.489323,34.691128],[137.489207,34.69092],[137.489187,34.690816],[137.489084,34.690389],[137.489146,34.69017],[137.489171,34.690059],[137.489184,34.689841],[137.489109,34.689589],[137.489035,34.689277],[137.489047,34.689224],[137.489339,34.688953],[137.489378,34.688903],[137.489341,34.688762],[137.489287,34.68863],[137.489186,34.688534],[137.489098,34.688457],[137.489006,34.688376],[137.48868,34.688128],[137.488606,34.68802],[137.488483,34.687793],[137.488303,34.687455],[137.488242,34.687352],[137.488003,34.687246],[137.487934,34.687107],[137.487885,34.687013],[137.487784,34.686928],[137.48703,34.686498],[137.486979,34.686451],[137.486936,34.686383],[137.486847,34.686343],[137.486539,34.686235],[137.48646,34.686144],[137.486405,34.686048],[137.486231,34.685922],[137.486096,34.685857],[137.485992,34.685769],[137.485851,34.685608],[137.485742,34.685406],[137.485689,34.685242],[137.485601,34.684852],[137.485554,34.684638],[137.485473,34.684483],[137.485317,34.684368],[137.484569,34.684028],[137.484588,34.683896],[137.484591,34.68379],[137.484585,34.683677],[137.484603,34.683603],[137.484695,34.68345],[137.484737,34.683299],[137.484816,34.683097],[137.484879,34.682905],[137.485062,34.682508],[137.485169,34.682331],[137.485451,34.681962],[137.485608,34.681753],[137.485859,34.681332],[137.485936,34.680935],[137.485977,34.680577],[137.48602,34.680051],[137.486075,34.679798],[137.485941,34.679422],[137.485918,34.679198],[137.485866,34.679096],[137.485709,34.678933],[137.48554,34.678555],[137.485483,34.678302],[137.48529,34.678004],[137.484952,34.677596],[137.484745,34.677266],[137.484648,34.676957],[137.484571,34.676663],[137.484634,34.676328],[137.484797,34.675912],[137.48496,34.675564],[137.485079,34.675173],[137.485158,34.67476],[137.485238,34.674243],[137.485267,34.673935],[137.485169,34.673906],[137.485087,34.673882],[137.484968,34.673851],[137.484721,34.673805],[137.48458,34.673794],[137.484551,34.673791],[137.484343,34.673769],[137.483741,34.673692],[137.483261,34.673622],[137.483007,34.67359],[137.482881,34.673578],[137.482714,34.673562],[137.482366,34.67353],[137.482099,34.673498],[137.48193,34.673472],[137.481657,34.673438],[137.481561,34.673422],[137.481152,34.673337],[137.481013,34.673322],[137.480861,34.67331],[137.480624,34.673272],[137.480416,34.673246],[137.480133,34.673228],[137.480059,34.673219],[137.480049,34.673219],[137.47987,34.673193],[137.47975,34.673167],[137.479706,34.673155],[137.479648,34.673139],[137.47953,34.673107],[137.47935,34.673065],[137.478932,34.67299],[137.478603,34.672944],[137.478229,34.672893],[137.4779,34.672842],[137.477568,34.672811],[137.47728,34.672782],[137.476989,34.672741],[137.476546,34.675116],[137.476329,34.676346],[137.476454,34.676608],[137.476579,34.677058],[137.476632,34.677499],[137.476648,34.678062],[137.476528,34.678055],[137.476368,34.678066],[137.476212,34.678117],[137.476068,34.678196],[137.476047,34.678476],[137.475989,34.67853],[137.475842,34.678572],[137.475542,34.678633],[137.475371,34.678646],[137.475029,34.678602],[137.474861,34.678579],[137.474725,34.678444],[137.474675,34.678308],[137.474732,34.678104],[137.474707,34.678053],[137.474633,34.678019],[137.474472,34.677948],[137.474363,34.677869],[137.474272,34.677709],[137.474156,34.677581],[137.47407,34.677547],[137.474012,34.677537],[137.474006,34.6781],[137.473983,34.679452],[137.473952,34.681331],[137.473928,34.682641],[137.473916,34.682908],[137.473892,34.683032],[137.473663,34.683378],[137.473595,34.683617],[137.473519,34.684167],[137.473509,34.684224],[137.473459,34.684288],[137.473296,34.684381],[137.473116,34.684652],[137.473009,34.684823],[137.472885,34.68503],[137.473131,34.684955],[137.472763,34.685679],[137.472691,34.685722],[137.472617,34.685779],[137.472582,34.685848],[137.472565,34.685914],[137.472565,34.68599],[137.472594,34.686104],[137.472416,34.686484],[137.472161,34.686764],[137.471944,34.687148],[137.471872,34.687345],[137.471838,34.687531],[137.471812,34.687668],[137.47174,34.688086],[137.471666,34.688165],[137.47082,34.688817],[137.470755,34.688915],[137.470755,34.689164],[137.470755,34.689372],[137.470692,34.689633],[137.470651,34.689774],[137.470913,34.690072],[137.471141,34.690338],[137.471232,34.690508],[137.471281,34.690727],[137.471278,34.691056],[137.471248,34.692087],[137.471248,34.692907],[137.471266,34.69332],[137.471303,34.693487],[137.471686,34.693781],[137.472311,34.694142],[137.47275,34.694373],[137.472875,34.694393],[137.47384,34.694445],[137.473929,34.694472],[137.473936,34.694563],[137.473913,34.695054],[137.473909,34.695324],[137.474001,34.695575],[137.474183,34.695974],[137.474328,34.696346],[137.474459,34.696662],[137.474452,34.696821],[137.474424,34.696947],[137.474283,34.697183],[137.474155,34.69741],[137.474085,34.697687],[137.474005,34.69778],[137.473714,34.698069],[137.473554,34.698205],[137.473477,34.698467],[137.473264,34.698839],[137.473227,34.69895],[137.473186,34.69903],[137.473485,34.699258],[137.473318,34.69942],[137.473179,34.699497],[137.473026,34.69953],[137.472852,34.699556],[137.472784,34.699618],[137.47239,34.700108],[137.472198,34.700312],[137.472067,34.700377],[137.471783,34.700638],[137.47124,34.701183],[137.470702,34.701699],[137.470569,34.701984],[137.470358,34.702945],[137.470141,34.703732],[137.469971,34.703983],[137.469711,34.704392],[137.469711,34.704393],[137.469942,34.705254],[137.4701,34.705774],[137.47021,34.705879],[137.470307,34.706023],[137.470418,34.706266],[137.470498,34.706549],[137.470572,34.706759],[137.470626,34.706848],[137.4707,34.706908],[137.470807,34.707001],[137.471278,34.707456],[137.471258,34.707657],[137.471214,34.707789],[137.47114,34.707861],[137.470513,34.707737],[137.470455,34.707738],[137.470344,34.707824],[137.470266,34.707906],[137.470226,34.708004],[137.470008,34.708281],[137.469844,34.708567],[137.469858,34.708663],[137.46991,34.70884],[137.470039,34.709112],[137.470008,34.70918],[137.470074,34.709354],[137.470411,34.709426],[137.470467,34.709533],[137.470652,34.709972],[137.470782,34.710345],[137.47077,34.710518],[137.470725,34.711054],[137.472225,34.71156],[137.472636,34.711668],[137.472759,34.711654],[137.472899,34.711573],[137.473208,34.71134],[137.474157,34.710651]]]}},{"type":"Feature","id":"232012600","properties":{"KEY_CODE":"232012600","PREF":"23","CITY":"201","S_AREA":"260000","PREF_NAME":"愛知県","CITY_NAME":"豊橋市","S_NAME":"東松山町","HCODE":8101,"AREA":68002.591,"KIGO_E":"","JINKO":254,"SETAI":103,"X_CODE":137.390541,"Y_CODE":34.757487},"geometry":{"type":"Polygon","coordinates":[[[137.390402,34.759278],[137.391833,34.759214],[137.391869,34.759214],[137.391866,34.759167],[137.391827,34.758609],[137.39179,34.758039],[137.391771,34.757733],[137.391071,34.756703],[137.390559,34.756187],[137.390581,34.755827],[137.39058,34.755579],[137.390577,34.755505],[137.390539,34.755412],[137.390487,34.755336],[137.390428,34.755272],[137.390337,34.755217],[137.390196,34.755135],[137.39008,34.755083],[137.389919,34.755088],[137.389882,34.75471],[137.389768,34.754722],[137.389631,34.754727],[137.389607,34.755098],[137.389566,34.755686],[137.389565,34.755743],[137.389621,34.756482],[137.389631,34.756617],[137.389707,34.757779],[137.389718,34.757954],[137.389738,34.758273],[137.389768,34.758676],[137.389786,34.758938],[137.389788,34.75898],[137.389787,34.75898],[137.389812,34.759309],[137.390191,34.75929],[137.390402,34.759278]]]}},{"type":"Feature","id":"232012610","properties":{"KEY_CODE":"232012610","PREF":"23","CITY":"201","S_AREA":"261000","PREF_NAME":"愛知県","CITY_NAME":"豊橋市","S_NAME":"東幸町","HCODE":8101,"AREA":753679.588,"KIGO_E":"","JINKO":4770,"SETAI":1954,"X_CODE":137.417308,"Y_CODE":34.73452},"geometry":{"type":"Polygon","coordinates":[[[137.41748,34.738512],[137.418194,34.738352],[137.418642,34.738229],[137.41885,34.738149],[137.418237,34.737479],[137.418278,34.737456],[137.418395,34.737404],[137.418553,34.737363],[137.418758,34.737333],[137.419036,34.737315],[137.419039,34.737315],[137.419099,34.737311],[137.419146,34.737294],[137.419149,34.737293],[137.419151,34.737291],[137.419033,34.737179],[137.419033,34.737179],[137.418994,34.737141],[137.418998,34.737138],[137.419511,34.736814],[137.419309,34.736637],[137.419467,34.736522],[137.419446,34.736491],[137.419395,34.7364],[137.419357,34.736333],[137.41934,34.736024],[137.419545,34.735952],[137.419632,34.736207],[137.419968,34.736517],[137.419745,34.736884],[137.420051,34.736669],[137.420091,34.736505],[137.421068,34.735839],[137.421465,34.735447],[137.421836,34.735091],[137.422279,34.734577],[137.422335,34.734509],[137.422639,34.734135],[137.423093,34.733531],[137.422859,34.733298],[137.423096,34.733127],[137.42298,34.733007],[137.423185,34.732855],[137.422933,34.732601],[137.42343,34.732248],[137.423653,34.732091],[137.423552,34.731993],[137.423615,34.731922],[137.423719,34.731803],[137.423709,34.731762],[137.423699,34.731714],[137.423673,34.731455],[137.423681,34.731405],[137.423773,34.731168],[137.423818,34.731079],[137.42385,34.731036],[137.423901,34.731],[137.424271,34.730325],[137.424343,34.73031],[137.424589,34.730256],[137.42476,34.73021],[137.424797,34.7302],[137.425011,34.729691],[137.42546,34.728864],[137.424153,34.729188],[137.421897,34.729819],[137.421275,34.73001],[137.419783,34.730515],[137.419414,34.730648],[137.419111,34.730765],[137.418371,34.731036],[137.418331,34.731053],[137.415133,34.732611],[137.414111,34.73321],[137.413085,34.733848],[137.413079,34.733852],[137.412101,34.734431],[137.410066,34.735683],[137.40942,34.736089],[137.409243,34.736201],[137.409173,34.736252],[137.409005,34.736367],[137.409496,34.736893],[137.409598,34.73693],[137.409642,34.736961],[137.409706,34.737029],[137.40979,34.737142],[137.409877,34.737243],[137.409976,34.737332],[137.410091,34.737424],[137.410256,34.737549],[137.410352,34.737597],[137.410471,34.737677],[137.410698,34.73781],[137.41073,34.737849],[137.410861,34.738099],[137.410988,34.738336],[137.411027,34.738363],[137.411089,34.738402],[137.411141,34.738413],[137.411199,34.738417],[137.411262,34.738409],[137.411352,34.738363],[137.412279,34.73773],[137.412308,34.737703],[137.412325,34.737695],[137.412344,34.737695],[137.412344,34.73772],[137.41236,34.737771],[137.412371,34.737845],[137.412367,34.737914],[137.412351,34.738016],[137.412318,34.738147],[137.4123,34.738236],[137.412302,34.738298],[137.412322,34.738352],[137.412363,34.738387],[137.412419,34.738414],[137.412491,34.738441],[137.412657,34.738482],[137.412756,34.738494],[137.412848,34.738496],[137.413092,34.738491],[137.41324,34.738505],[137.413387,34.738552],[137.413466,34.738616],[137.413535,34.738693],[137.413577,34.738764],[137.413589,34.738835],[137.413585,34.738896],[137.413565,34.738963],[137.413516,34.739004],[137.413404,34.739065],[137.412846,34.739304],[137.413687,34.739095],[137.41378,34.739069],[137.414238,34.738967],[137.414855,34.738849],[137.415253,34.738787],[137.415603,34.738725],[137.415733,34.738703],[137.415977,34.738671],[137.416131,34.738656],[137.416284,34.738646],[137.416935,34.738635],[137.417042,34.738624],[137.41748,34.738512]],[[137.416247,34.73658],[137.416351,34.736503],[137.416483,34.736574],[137.416639,34.736674],[137.416949,34.73698],[137.416443,34.737303],[137.416371,34.737307],[137.416188,34.737255],[137.415891,34.737118],[137.416098,34.736727],[137.416103,34.736718],[137.416189,34.736646],[137.416247,34.73658]]]}},{"type":"Feature","id":"23201262001","properties":{"KEY_CODE":"23201262001","PREF":"23","CITY":"201","S_AREA":"262001","PREF_NAME":"愛知県","CITY_NAME":"豊橋市","S_NAME":"東森岡一丁目","HCODE":8101,"AREA":123591.417,"KIGO_E":"","JINKO":501,"SETAI":228,"X_CODE":137.429805,"Y_CODE":34.786046},"geometry":{"type":"Polygon","coordinates":[[[137.432007,34.78817],[137.431585,34.786562],[137.431365,34.785734],[137.431151,34.784927],[137.430936,34.784092],[137.430896,34.784099],[137.43041,34.784187],[137.430064,34.78425],[137.426611,34.784876],[137.426607,34.784874],[137.426552,34.784905],[137.42739,34.78561],[137.428109,34.786212],[137.428151,34.786247],[137.428169,34.786262],[137.4282,34.786288],[137.429367,34.787255],[137.429642,34.787481],[137.42991,34.787852],[137.430095,34.788045],[137.430214,34.787985],[137.430477,34.788398],[137.431399,34.788215],[137.432007,34.78817]]]}},{"type":"Feature","id":"23201262002","properties":{"KEY_CODE":"23201262002","PREF":"23","CITY":"201","S_AREA":"262002","PREF_NAME":"愛知県","CITY_NAME":"豊橋市","S_NAME":"東森岡二丁目","HCODE":8101,"AREA":85126.411,"KIGO_E":"","JINKO":312,"SETAI":140,"X_CODE":137.43282,"Y_CODE":34.786496},"geometry":{"type":"Polygon","coordinates":[[[137.434224,34.788136],[137.434439,34.788019],[137.434531,34.787964],[137.434701,34.787867],[137.433861,34.78614],[137.433567,34.78545],[137.433508,34.785283],[137.433266,34.784533],[137.432164,34.784741],[137.431151,34.784927],[137.431365,34.785734],[137.431585,34.786562],[137.432007,34.78817],[137.432751,34.788126],[137.433116,34.788123],[137.433607,34.788157],[137.43397,34.788186],[137.434062,34.78818],[137.434224,34.788136]]]}},{"type":"Feature","id":"23201264001","properties":{"KEY_CODE":"23201264001","PREF":"23","CITY":"201","S_AREA":"264001","PREF_NAME":"愛知県","CITY_NAME":"豊橋市","S_NAME":"東脇一丁目","HCODE":8101,"AREA":196039.345,"KIGO_E":"","JINKO":1212,"SETAI":491,"X_CODE":137.364758,"Y_CODE":34.754785},"geometry":{"type":"Polygon","coordinates":[[[137.367048,34.756972],[137.367029,34.75678],[137.367009,34.756634],[137.367085,34.756318],[137.367067,34.756273],[137.367022,34.75615],[137.366979,34.755949],[137.366966,34.755852],[137.366975,34.755738],[137.367,34.755661],[137.367079,34.755493],[137.367226,34.755475],[137.367699,34.75542],[137.368369,34.755346],[137.368752,34.754857],[137.368775,34.754825],[137.367713,34.75426],[137.366467,34.753577],[137.365453,34.753002],[137.363955,34.7522],[137.363273,34.753059],[137.362668,34.753803],[137.362483,34.753977],[137.362383,34.754025],[137.362349,34.754038],[137.362053,34.754101],[137.361048,34.754288],[137.361431,34.7552],[137.361578,34.755561],[137.361644,34.755722],[137.361886,34.756341],[137.362703,34.756196],[137.363727,34.756013],[137.363731,34.756012],[137.364339,34.7559],[137.36439,34.755892],[137.364611,34.755854],[137.364664,34.756113],[137.364791,34.756251],[137.36479,34.756321],[137.364976,34.756449],[137.365089,34.756589],[137.365248,34.756797],[137.365317,34.756914],[137.365766,34.756909],[137.366379,34.756915],[137.366923,34.75696],[137.367048,34.756972]]]}},{"type":"Feature","id":"23201264002","properties":{"KEY_CODE":"23201264002","PREF":"23","CITY":"201","S_AREA":"264002","PREF_NAME":"愛知県","CITY_NAME":"豊橋市","S_NAME":"東脇二丁目","HCODE":8101,"AREA":103519.069,"KIGO_E":"","JINKO":474,"SETAI":199,"X_CODE":137.361419,"Y_CODE":34.752261},"geometry":{"type":"Polygon","coordinates":[[[137.359932,34.750346],[137.359251,34.750036],[137.359327,34.750499],[137.359377,34.750863],[137.359384,34.750911],[137.359442,34.751247],[137.359446,34.751268],[137.359499,34.751579],[137.359569,34.752018],[137.359615,34.75212],[137.360449,34.753082],[137.360471,34.753108],[137.360769,34.753473],[137.360858,34.753598],[137.360899,34.7537],[137.360957,34.753878],[137.361012,34.754117],[137.361048,34.754288],[137.362053,34.754101],[137.362349,34.754038],[137.362383,34.754025],[137.362483,34.753977],[137.362668,34.753803],[137.363273,34.753059],[137.363955,34.7522],[137.362994,34.751668],[137.362848,34.751596],[137.362188,34.751308],[137.359932,34.750346]]]}},{"type":"Feature","id":"23201264003","properties":{"KEY_CODE":"23201264003","PREF":"23","CITY":"201","S_AREA":"264003","PREF_NAME":"愛知県","CITY_NAME":"豊橋市","S_NAME":"東脇三丁目","HCODE":8101,"AREA":225641.462,"KIGO_E":"","JINKO":819,"SETAI":359,"X_CODE":137.369395,"Y_CODE":34.75323},"geometry":{"type":"Polygon","coordinates":[[[137.373546,34.752986],[137.373812,34.752638],[137.373228,34.752594],[137.372863,34.75286],[137.371519,34.752762],[137.371113,34.752244],[137.370667,34.752021],[137.368491,34.75095],[137.367509,34.750489],[137.367463,34.750467],[137.367259,34.750668],[137.366858,34.751101],[137.36627,34.751737],[137.365845,34.752377],[137.365453,34.753002],[137.366467,34.753577],[137.367713,34.75426],[137.368775,34.754825],[137.368752,34.754857],[137.369817,34.755433],[137.371086,34.756122],[137.371541,34.755542],[137.371566,34.75551],[137.3719,34.755079],[137.372494,34.754313],[137.373047,34.753618],[137.373349,34.753242],[137.373546,34.752986]]]}},{"type":"Feature","id":"23201264004","properties":{"KEY_CODE":"23201264004","PREF":"23","CITY":"201","S_AREA":"264004","PREF_NAME":"愛知県","CITY_NAME":"豊橋市","S_NAME":"東脇四丁目","HCODE":8101,"AREA":197032.113,"KIGO_E":"","JINKO":1264,"SETAI":574,"X_CODE":137.363603,"Y_CODE":34.750286},"geometry":{"type":"Polygon","coordinates":[[[137.363172,34.748278],[137.361759,34.747562],[137.361527,34.747913],[137.361209,34.748382],[137.36066,34.749218],[137.360647,34.749238],[137.360294,34.749776],[137.360118,34.750044],[137.359932,34.750346],[137.362188,34.751308],[137.362848,34.751596],[137.362994,34.751668],[137.363955,34.7522],[137.365453,34.753002],[137.365845,34.752377],[137.36627,34.751737],[137.366858,34.751101],[137.367259,34.750668],[137.367463,34.750467],[137.367417,34.750446],[137.366901,34.750194],[137.366575,34.750035],[137.366092,34.749818],[137.365845,34.749707],[137.363865,34.748752],[137.363936,34.748658],[137.363172,34.748278]]]}},{"type":"Feature","id":"232012680","properties":{"KEY_CODE":"232012680","PREF":"23","CITY":"201","S_AREA":"268000","PREF_NAME":"愛知県","CITY_NAME":"豊橋市","S_NAME":"日色野町","HCODE":8101,"AREA":517503.835,"KIGO_E":"","JINKO":245,"SETAI":93,"X_CODE":137.346183,"Y_CODE":34.787176},"geometry":{"type":"Polygon","coordinates":[[[137.347465,34.785321],[137.347213,34.785147],[137.347033,34.785013],[137.346855,34.784878],[137.346729,34.78478],[137.346637,34.784691],[137.346563,34.784624],[137.346465,34.784527],[137.347231,34.784387],[137.347377,34.784358],[137.347597,34.784315],[137.347984,34.784258],[137.347996,34.784256],[137.348173,34.784235],[137.348236,34.784128],[137.348595,34.78374],[137.349014,34.783171],[137.348827,34.783074],[137.348183,34.782737],[137.347765,34.782526],[137.346395,34.781888],[137.345794,34.78163],[137.345523,34.781531],[137.344846,34.782764],[137.344677,34.784451],[137.343966,34.7844],[137.342973,34.784351],[137.342899,34.785218],[137.34159,34.785134],[137.34154,34.78561],[137.341559,34.785985],[137.341557,34.786176],[137.341638,34.786704],[137.341676,34.787051],[137.341763,34.787122],[137.341846,34.787202],[137.341916,34.78734],[137.341963,34.787411],[137.342245,34.787586],[137.342274,34.787612],[137.342232,34.787787],[137.342186,34.787945],[137.34216,34.788104],[137.342136,34.788235],[137.342143,34.78833],[137.342143,34.7884],[137.342166,34.788589],[137.342209,34.78873],[137.342254,34.788848],[137.342316,34.788968],[137.342326,34.788988],[137.342439,34.789004],[137.342541,34.78904],[137.342694,34.789113],[137.342928,34.789201],[137.343182,34.789283],[137.343301,34.789317],[137.343634,34.78939],[137.343921,34.789506],[137.34403,34.789563],[137.34416,34.789627],[137.34428,34.789696],[137.344377,34.789728],[137.344731,34.789737],[137.344942,34.789743],[137.345035,34.789754],[137.345214,34.789793],[137.345487,34.789859],[137.345726,34.789951],[137.346062,34.790083],[137.346211,34.790142],[137.34643,34.790258],[137.346522,34.790332],[137.346665,34.790473],[137.346836,34.79062],[137.347101,34.790846],[137.347349,34.790989],[137.347599,34.791117],[137.347691,34.791182],[137.34797,34.791416],[137.348088,34.791573],[137.348321,34.791913],[137.348575,34.792326],[137.348616,34.792375],[137.34867,34.79244],[137.348881,34.792628],[137.349019,34.792742],[137.349164,34.792791],[137.349326,34.792836],[137.34952,34.79291],[137.349742,34.793017],[137.349937,34.79315],[137.350243,34.793285],[137.350312,34.793316],[137.350447,34.793376],[137.350692,34.793527],[137.350929,34.793705],[137.351055,34.7938],[137.351114,34.79385],[137.351161,34.79389],[137.351478,34.794134],[137.351399,34.793952],[137.351332,34.793817],[137.351194,34.793631],[137.350991,34.793396],[137.350789,34.793185],[137.350713,34.793075],[137.350674,34.79298],[137.350663,34.792952],[137.350658,34.792853],[137.350587,34.792531],[137.350532,34.792318],[137.350476,34.792132],[137.350424,34.791993],[137.350341,34.79187],[137.350276,34.791786],[137.350201,34.791718],[137.350035,34.791646],[137.349961,34.791576],[137.349885,34.791448],[137.349807,34.791333],[137.349733,34.791242],[137.349617,34.791117],[137.34951,34.791006],[137.349392,34.790887],[137.34934,34.790817],[137.349262,34.790649],[137.349223,34.790494],[137.3492,34.790353],[137.3492,34.790111],[137.349198,34.789991],[137.349204,34.789851],[137.349247,34.789647],[137.349254,34.789626],[137.349275,34.789559],[137.349303,34.789468],[137.349428,34.789276],[137.349511,34.789099],[137.349546,34.788949],[137.349552,34.788799],[137.349503,34.788501],[137.349462,34.788314],[137.349439,34.788202],[137.349423,34.787949],[137.349249,34.787931],[137.349209,34.787886],[137.349162,34.787806],[137.349147,34.787656],[137.349166,34.787607],[137.349187,34.787542],[137.349266,34.787406],[137.349351,34.787189],[137.349372,34.787046],[137.349396,34.786953],[137.349512,34.786425],[137.349354,34.786349],[137.349179,34.786261],[137.348996,34.786157],[137.348858,34.786075],[137.34872,34.785983],[137.348557,34.785873],[137.348402,34.785784],[137.348168,34.785673],[137.347922,34.785572],[137.347652,34.785434],[137.347465,34.785321]]]}},{"type":"Feature","id":"232012690","properties":{"KEY_CODE":"232012690","PREF":"23","CITY":"201","S_AREA":"269000","PREF_NAME":"愛知県","CITY_NAME":"豊橋市","S_NAME":"平川町","HCODE":8101,"AREA":33673.883,"KIGO_E":"","JINKO":121,"SETAI":46,"X_CODE":137.422198,"Y_CODE":34.763008},"geometry":{"type":"Polygon","coordinates":[[[137.423219,34.763348],[137.42284,34.762422],[137.422161,34.762718],[137.422248,34.761342],[137.421584,34.76133],[137.421548,34.7619],[137.421526,34.762438],[137.421504,34.762976],[137.421492,34.763705],[137.421453,34.76426],[137.422089,34.764123],[137.422615,34.764],[137.423408,34.763819],[137.423219,34.763348]]]}},{"type":"Feature","id":"23201270001","properties":{"KEY_CODE":"23201270001","PREF":"23","CITY":"201","S_AREA":"270001","PREF_NAME":"愛知県","CITY_NAME":"豊橋市","S_NAME":"平川本町一丁目","HCODE":8101,"AREA":116272.549,"KIGO_E":"","JINKO":643,"SETAI":312,"X_CODE":137.423946,"Y_CODE":34.761707},"geometry":{"type":"Polygon","coordinates":[[[137.426137,34.763018],[137.425911,34.762399],[137.42573,34.761954],[137.425519,34.761444],[137.4253,34.760836],[137.425289,34.760803],[137.425328,34.760212],[137.423309,34.760166],[137.423338,34.759442],[137.423104,34.759369],[137.42305,34.759362],[137.423001,34.759362],[137.422415,34.759405],[137.422372,34.759414],[137.422329,34.759439],[137.42229,34.760152],[137.422248,34.761342],[137.422161,34.762718],[137.42284,34.762422],[137.423219,34.763348],[137.423408,34.763819],[137.425374,34.763365],[137.425562,34.763321],[137.425929,34.763123],[137.426137,34.763018]]]}},{"type":"Feature","id":"23201270002","properties":{"KEY_CODE":"23201270002","PREF":"23","CITY":"201","S_AREA":"270002","PREF_NAME":"愛知県","CITY_NAME":"豊橋市","S_NAME":"平川本町二丁目","HCODE":8101,"AREA":99470.799,"KIGO_E":"","JINKO":617,"SETAI":257,"X_CODE":137.426969,"Y_CODE":34.760731},"geometry":{"type":"Polygon","coordinates":[[[137.428182,34.760298],[137.428058,34.759982],[137.427905,34.759595],[137.42782,34.759378],[137.427404,34.758468],[137.427094,34.757792],[137.426507,34.757879],[137.426806,34.758624],[137.426708,34.758667],[137.426625,34.758702],[137.426514,34.758768],[137.4263,34.75894],[137.426113,34.759105],[137.425987,34.759243],[137.42586,34.759422],[137.425816,34.759512],[137.425806,34.759609],[137.425837,34.759683],[137.425963,34.75979],[137.42607,34.75984],[137.426196,34.759873],[137.426528,34.759915],[137.426746,34.759921],[137.42692,34.759911],[137.427241,34.759858],[137.427286,34.760107],[137.426704,34.760176],[137.426156,34.76022],[137.425848,34.760227],[137.425328,34.760212],[137.425289,34.760803],[137.4253,34.760836],[137.425519,34.761444],[137.42573,34.761954],[137.425911,34.762399],[137.426137,34.763018],[137.426946,34.762607],[137.428279,34.762174],[137.428856,34.76199],[137.428553,34.761221],[137.428548,34.761208],[137.428333,34.760683],[137.428182,34.760298]]]}},{"type":"Feature","id":"23201270003","properties":{"KEY_CODE":"23201270003","PREF":"23","CITY":"201","S_AREA":"270003","PREF_NAME":"愛知県","CITY_NAME":"豊橋市","S_NAME":"平川本町三丁目","HCODE":8101,"AREA":89635.786,"KIGO_E":"","JINKO":959,"SETAI":415,"X_CODE":137.429034,"Y_CODE":34.759672},"geometry":{"type":"Polygon","coordinates":[[[137.429649,34.758007],[137.429585,34.75784],[137.428256,34.757859],[137.42808,34.757862],[137.428016,34.757667],[137.427636,34.757719],[137.427094,34.757792],[137.427404,34.758468],[137.42782,34.759378],[137.427905,34.759595],[137.428058,34.759982],[137.428182,34.760298],[137.428333,34.760683],[137.428548,34.761208],[137.428553,34.761221],[137.428856,34.76199],[137.429286,34.761839],[137.429489,34.761752],[137.429774,34.761616],[137.430789,34.761106],[137.430699,34.760871],[137.43067,34.760774],[137.43051,34.760357],[137.43042,34.760121],[137.430402,34.760073],[137.430223,34.759597],[137.430013,34.75901],[137.429852,34.758574],[137.42965,34.758009],[137.429649,34.758007]]]}},{"type":"Feature","id":"232012730","properties":{"KEY_CODE":"232012730","PREF":"23","CITY":"201","S_AREA":"273000","PREF_NAME":"愛知県","CITY_NAME":"豊橋市","S_NAME":"平川南町","HCODE":8101,"AREA":53493.597,"KIGO_E":"","JINKO":374,"SETAI":145,"X_CODE":137.421043,"Y_CODE":34.760417},"geometry":{"type":"Polygon","coordinates":[[[137.421224,34.761462],[137.421584,34.76133],[137.422248,34.761342],[137.42229,34.760152],[137.422329,34.759439],[137.422345,34.759221],[137.42168,34.759195],[137.420816,34.759458],[137.419404,34.759895],[137.419742,34.760655],[137.419768,34.760712],[137.419928,34.761054],[137.419952,34.761107],[137.42027,34.761806],[137.421224,34.761462]]]}},{"type":"Feature","id":"23201274001","properties":{"KEY_CODE":"23201274001","PREF":"23","CITY":"201","S_AREA":"274001","PREF_NAME":"愛知県","CITY_NAME":"豊橋市","S_NAME":"広小路一丁目","HCODE":8101,"AREA":19659.565,"KIGO_E":"","JINKO":49,"SETAI":21,"X_CODE":137.38413,"Y_CODE":34.76427},"geometry":{"type":"Polygon","coordinates":[[[137.384287,34.764545],[137.384457,34.764526],[137.384442,34.764723],[137.38463,34.764723],[137.384636,34.764485],[137.384755,34.764484],[137.384751,34.764702],[137.384793,34.764703],[137.384835,34.764704],[137.385015,34.764705],[137.385023,34.764526],[137.385267,34.764532],[137.385267,34.76446],[137.385342,34.764457],[137.385334,34.764394],[137.385581,34.764387],[137.385575,34.764199],[137.385559,34.763919],[137.385498,34.763926],[137.385503,34.763967],[137.385216,34.763982],[137.385214,34.763937],[137.385021,34.763941],[137.385021,34.764003],[137.384295,34.763998],[137.384307,34.763817],[137.383939,34.763828],[137.383424,34.763595],[137.382848,34.764476],[137.382885,34.764492],[137.383273,34.764662],[137.383277,34.764738],[137.383279,34.764779],[137.383586,34.764766],[137.383599,34.764865],[137.383943,34.764856],[137.383955,34.764696],[137.384064,34.764695],[137.384082,34.764552],[137.384287,34.764545]]]}},{"type":"Feature","id":"23201274002","properties":{"KEY_CODE":"23201274002","PREF":"23","CITY":"201","S_AREA":"274002","PREF_NAME":"愛知県","CITY_NAME":"豊橋市","S_NAME":"広小路二丁目","HCODE":8101,"AREA":13692.622,"KIGO_E":"","JINKO":232,"SETAI":115,"X_CODE":137.386527,"Y_CODE":34.764105},"geometry":{"type":"Polygon","coordinates":[[[137.387372,34.764503],[137.387356,34.764307],[137.387337,34.764072],[137.387304,34.763667],[137.386507,34.763709],[137.38625,34.763725],[137.386245,34.763608],[137.385944,34.763621],[137.385927,34.763898],[137.385559,34.763919],[137.385575,34.764199],[137.385581,34.764387],[137.38584,34.764383],[137.385832,34.764429],[137.385896,34.764426],[137.386269,34.764414],[137.386284,34.764576],[137.386659,34.764551],[137.387372,34.764503]]]}},{"type":"Feature","id":"23201274003","properties":{"KEY_CODE":"23201274003","PREF":"23","CITY":"201","S_AREA":"274003","PREF_NAME":"愛知県","CITY_NAME":"豊橋市","S_NAME":"広小路三丁目","HCODE":8101,"AREA":24213.03,"KIGO_E":"","JINKO":463,"SETAI":218,"X_CODE":137.388753,"Y_CODE":34.763985},"geometry":{"type":"Polygon","coordinates":[[[137.390151,34.763792],[137.390133,34.763463],[137.387304,34.763667],[137.387337,34.764072],[137.387356,34.764307],[137.387372,34.764503],[137.388813,34.7644],[137.389086,34.764386],[137.390157,34.764314],[137.390192,34.764312],[137.390161,34.763933],[137.390155,34.763859],[137.390151,34.763792]]]}},{"type":"Feature","id":"232012770","properties":{"KEY_CODE":"232012770","PREF":"23","CITY":"201","S_AREA":"277000","PREF_NAME":"愛知県","CITY_NAME":"豊橋市","S_NAME":"福岡町","HCODE":8101,"AREA":28489.404,"KIGO_E":"","JINKO":184,"SETAI":101,"X_CODE":137.386325,"Y_CODE":34.74615},"geometry":{"type":"Polygon","coordinates":[[[137.387377,34.747198],[137.387133,34.745984],[137.386919,34.745758],[137.386734,34.745592],[137.386521,34.74541],[137.386448,34.745314],[137.386028,34.744919],[137.385713,34.744586],[137.385889,34.74512],[137.38571,34.745231],[137.385633,34.745234],[137.38565,34.745455],[137.385456,34.74546],[137.385421,34.745742],[137.385389,34.746026],[137.385574,34.74603],[137.385592,34.746181],[137.385395,34.746196],[137.3854,34.746392],[137.385647,34.746378],[137.385667,34.746594],[137.385742,34.746605],[137.385842,34.746907],[137.385869,34.746953],[137.386129,34.746931],[137.38615,34.74706],[137.386616,34.747204],[137.386826,34.746749],[137.38685,34.74676],[137.386868,34.746781],[137.386912,34.747008],[137.386931,34.747064],[137.386993,34.747169],[137.387233,34.747127],[137.38726,34.747205],[137.387377,34.747198]]]}},{"type":"Feature","id":"232012780","properties":{"KEY_CODE":"232012780","PREF":"23","CITY":"201","S_AREA":"278000","PREF_NAME":"愛知県","CITY_NAME":"豊橋市","S_NAME":"富久縞町","HCODE":8101,"AREA":1131618.741,"KIGO_E":"","JINKO":215,"SETAI":64,"X_CODE":137.337969,"Y_CODE":34.768465},"geometry":{"type":"Polygon","coordinates":[[[137.342645,34.775684],[137.342074,34.775045],[137.342376,34.773467],[137.341598,34.772997],[137.341498,34.771776],[137.341428,34.771201],[137.34201,34.770359],[137.342847,34.77031],[137.342772,34.76944],[137.343442,34.768072],[137.343748,34.767423],[137.343932,34.767329],[137.344441,34.767113],[137.345133,34.766708],[137.34571,34.766379],[137.343955,34.764778],[137.342349,34.763341],[137.341762,34.762915],[137.341575,34.762889],[137.340889,34.762509],[137.339704,34.761936],[137.339128,34.762573],[137.33828,34.763506],[137.337529,34.76433],[137.336677,34.765252],[137.335871,34.766107],[137.332667,34.764118],[137.33227,34.764571],[137.332262,34.76486],[137.331958,34.764884],[137.331701,34.765115],[137.331259,34.765677],[137.331049,34.76605],[137.330905,34.766457],[137.330718,34.766836],[137.330534,34.767203],[137.330197,34.767872],[137.330069,34.768151],[137.330039,34.768412],[137.330358,34.769246],[137.330537,34.769302],[137.330702,34.769605],[137.330931,34.769967],[137.331214,34.770518],[137.331313,34.770608],[137.331584,34.770747],[137.332002,34.770983],[137.332396,34.771169],[137.332716,34.771286],[137.333238,34.771453],[137.33384,34.771618],[137.334245,34.7717],[137.33679,34.772287],[137.33694,34.772612],[137.337198,34.772906],[137.337429,34.773096],[137.337693,34.773279],[137.337896,34.77337],[137.338145,34.773487],[137.338437,34.773695],[137.338638,34.773826],[137.338937,34.77565],[137.340109,34.775663],[137.340365,34.775661],[137.342416,34.775682],[137.342645,34.775684]]]}},{"type":"Feature","id":"232012790","properties":{"KEY_CODE":"232012790","PREF":"23","CITY":"201","S_AREA":"279000","PREF_NAME":"愛知県","CITY_NAME":"豊橋市","S_NAME":"藤沢町","HCODE":8101,"AREA":168808.353,"KIGO_E":"","JINKO":679,"SETAI":364,"X_CODE":137.371813,"Y_CODE":34.745048},"geometry":{"type":"Polygon","coordinates":[[[137.373026,34.746355],[137.373867,34.745678],[137.374129,34.745472],[137.374449,34.745223],[137.374636,34.745073],[137.374794,34.744951],[137.374652,34.744829],[137.374698,34.744797],[137.373683,34.743993],[137.373649,34.744011],[137.373446,34.743846],[137.373682,34.743631],[137.37272,34.742858],[137.371578,34.742165],[137.371213,34.742447],[137.371024,34.742594],[137.369757,34.743579],[137.370811,34.744494],[137.370975,34.744645],[137.370564,34.744965],[137.370661,34.745055],[137.37028,34.745371],[137.370268,34.745362],[137.370108,34.745501],[137.37003,34.745432],[137.369534,34.745815],[137.369364,34.745942],[137.369279,34.745859],[137.369253,34.745877],[137.369183,34.745818],[137.369027,34.745943],[137.368992,34.745972],[137.369046,34.746022],[137.369223,34.746183],[137.369272,34.746256],[137.36944,34.746504],[137.369491,34.746556],[137.369553,34.746603],[137.369629,34.746652],[137.369721,34.746712],[137.369902,34.746788],[137.369962,34.746822],[137.370017,34.746866],[137.370076,34.746947],[137.370127,34.747024],[137.37023,34.747156],[137.370292,34.747209],[137.370459,34.747339],[137.370535,34.747419],[137.370583,34.74748],[137.37061,34.747559],[137.370614,34.747611],[137.370603,34.747693],[137.370605,34.747744],[137.370619,34.747773],[137.370643,34.747804],[137.3707,34.747848],[137.370875,34.747948],[137.370932,34.747992],[137.370981,34.748044],[137.371053,34.748135],[137.371099,34.748167],[137.371301,34.747934],[137.371425,34.747782],[137.371547,34.74764],[137.371586,34.747597],[137.371657,34.747519],[137.371883,34.747301],[137.372196,34.74701],[137.372205,34.747002],[137.372786,34.746544],[137.372991,34.746383],[137.373026,34.746355]]]}},{"type":"Feature","id":"232012800","properties":{"KEY_CODE":"232012800","PREF":"23","CITY":"201","S_AREA":"280000","PREF_NAME":"愛知県","CITY_NAME":"豊橋市","S_NAME":"藤並町","HCODE":8101,"AREA":789859.914,"KIGO_E":"","JINKO":256,"SETAI":81,"X_CODE":137.422622,"Y_CODE":34.724101},"geometry":{"type":"Polygon","coordinates":[[[137.426394,34.727297],[137.426696,34.72694],[137.426917,34.726704],[137.427064,34.726584],[137.427052,34.726129],[137.426328,34.726158],[137.426243,34.725186],[137.426524,34.725222],[137.426736,34.725022],[137.426927,34.724969],[137.427073,34.724903],[137.427247,34.724849],[137.427367,34.724799],[137.42744,34.724733],[137.427481,34.724682],[137.427502,34.724624],[137.427524,34.724565],[137.427609,34.724491],[137.427645,34.724458],[137.42768,34.724362],[137.427678,34.724281],[137.427658,34.724198],[137.427722,34.724054],[137.427744,34.723994],[137.427689,34.723975],[137.427307,34.723845],[137.427225,34.723822],[137.427192,34.723786],[137.427169,34.723745],[137.427167,34.723662],[137.427244,34.723326],[137.427263,34.723219],[137.427267,34.723152],[137.427251,34.723048],[137.42726,34.722991],[137.427283,34.722908],[137.42746,34.722871],[137.427535,34.722856],[137.427597,34.722835],[137.427649,34.722809],[137.428145,34.722349],[137.428257,34.72224],[137.428219,34.721995],[137.428752,34.721451],[137.429009,34.721201],[137.428879,34.720998],[137.42796,34.719704],[137.427521,34.719111],[137.426105,34.719203],[137.424478,34.719308],[137.424575,34.719828],[137.423136,34.71981],[137.422586,34.721302],[137.422074,34.722633],[137.418538,34.722955],[137.417793,34.722765],[137.417302,34.722645],[137.416627,34.722408],[137.41702,34.721618],[137.416602,34.721481],[137.416523,34.721357],[137.414051,34.720497],[137.414324,34.718167],[137.413976,34.717973],[137.413848,34.718281],[137.413826,34.718391],[137.413832,34.718544],[137.41384,34.718614],[137.413888,34.718743],[137.413955,34.718987],[137.413969,34.719161],[137.413963,34.719273],[137.413949,34.719376],[137.413906,34.719505],[137.413715,34.719896],[137.413702,34.71996],[137.413806,34.72087],[137.413824,34.721147],[137.413799,34.721419],[137.414044,34.721709],[137.414148,34.721822],[137.414261,34.721917],[137.414408,34.722029],[137.414593,34.722154],[137.414942,34.722359],[137.415592,34.722664],[137.415738,34.722719],[137.416329,34.722893],[137.416755,34.72299],[137.416641,34.723343],[137.416794,34.723379],[137.415975,34.725089],[137.415962,34.725116],[137.415963,34.725116],[137.416255,34.72523],[137.417127,34.725571],[137.41735,34.725653],[137.417846,34.725767],[137.418121,34.72582],[137.418198,34.725866],[137.418289,34.725946],[137.418415,34.72608],[137.41856,34.726255],[137.41865,34.726426],[137.418719,34.726625],[137.418746,34.726762],[137.41878,34.727063],[137.418814,34.727159],[137.418899,34.727281],[137.419052,34.727445],[137.419233,34.727617],[137.419423,34.727599],[137.420159,34.727441],[137.421387,34.727284],[137.421659,34.728957],[137.421718,34.729398],[137.421744,34.729539],[137.421897,34.729819],[137.424153,34.729188],[137.42546,34.728864],[137.425469,34.728844],[137.425689,34.7284],[137.425937,34.727948],[137.426177,34.727593],[137.426394,34.727297]]]}},{"type":"Feature","id":"23201281001","properties":{"KEY_CODE":"23201281001","PREF":"23","CITY":"201","S_AREA":"281001","PREF_NAME":"愛知県","CITY_NAME":"豊橋市","S_NAME":"富士見台一丁目","HCODE":8101,"AREA":156082.685,"KIGO_E":"","JINKO":580,"SETAI":211,"X_CODE":137.358383,"Y_CODE":34.683069},"geometry":{"type":"Polygon","coordinates":[[[137.355485,34.684374],[137.355631,34.684287],[137.356375,34.684485],[137.357348,34.684695],[137.357741,34.684809],[137.358021,34.684298],[137.358136,34.684084],[137.35928,34.684508],[137.359328,34.684429],[137.359719,34.683746],[137.359793,34.683626],[137.359884,34.683466],[137.360038,34.683309],[137.360171,34.683203],[137.36031,34.683148],[137.360741,34.683],[137.362053,34.68258],[137.362243,34.682519],[137.362754,34.682578],[137.363023,34.682608],[137.363084,34.682615],[137.36311,34.681745],[137.363113,34.681677],[137.36256,34.681605],[137.36187,34.681515],[137.361421,34.681461],[137.361102,34.681416],[137.360963,34.681382],[137.360758,34.681305],[137.360524,34.68119],[137.360134,34.681642],[137.359945,34.681847],[137.359794,34.681989],[137.359636,34.682094],[137.359456,34.682197],[137.359283,34.682259],[137.358986,34.682311],[137.358781,34.682313],[137.358697,34.682309],[137.357244,34.682039],[137.357212,34.682035],[137.357203,34.682066],[137.355986,34.681838],[137.355905,34.682075],[137.355716,34.682663],[137.355643,34.682879],[137.355547,34.683178],[137.355495,34.683262],[137.355424,34.683344],[137.355296,34.683468],[137.355112,34.683591],[137.35503,34.68364],[137.354862,34.68377],[137.354449,34.684102],[137.354313,34.684212],[137.354237,34.684288],[137.354204,34.684351],[137.354194,34.684409],[137.354187,34.684457],[137.354185,34.6845],[137.354183,34.684534],[137.354185,34.684592],[137.354184,34.684646],[137.354174,34.684699],[137.354126,34.684782],[137.35408,34.684853],[137.355144,34.685103],[137.355084,34.684973],[137.355086,34.684858],[137.355102,34.684743],[137.355123,34.684667],[137.355212,34.684566],[137.355343,34.684467],[137.355485,34.684374]]]}},{"type":"Feature","id":"23201281002","properties":{"KEY_CODE":"23201281002","PREF":"23","CITY":"201","S_AREA":"281002","PREF_NAME":"愛知県","CITY_NAME":"豊橋市","S_NAME":"富士見台二丁目","HCODE":8101,"AREA":230406.479,"KIGO_E":"","JINKO":1422,"SETAI":529,"X_CODE":137.357388,"Y_CODE":34.680173},"geometry":{"type":"Polygon","coordinates":[[[137.359636,34.682094],[137.359794,34.681989],[137.359945,34.681847],[137.360134,34.681642],[137.360524,34.68119],[137.360448,34.681135],[137.360305,34.681018],[137.360137,34.680819],[137.360118,34.680769],[137.360096,34.680718],[137.36005,34.680645],[137.359993,34.680451],[137.359969,34.680144],[137.360031,34.679857],[137.36019,34.679342],[137.360395,34.678555],[137.360505,34.678159],[137.360307,34.677993],[137.360031,34.677918],[137.359776,34.677878],[137.359615,34.677873],[137.359209,34.677871],[137.35862,34.677929],[137.357787,34.678058],[137.357797,34.678031],[137.35771,34.678048],[137.357394,34.678112],[137.357381,34.678068],[137.357169,34.678093],[137.357168,34.678092],[137.356893,34.678131],[137.356873,34.67822],[137.356857,34.67829],[137.356852,34.678311],[137.356538,34.678362],[137.356334,34.678255],[137.355729,34.678345],[137.355222,34.678425],[137.355027,34.678445],[137.354863,34.678773],[137.355184,34.678835],[137.355023,34.679585],[137.35547,34.679618],[137.355411,34.679889],[137.355354,34.680111],[137.354746,34.680025],[137.354258,34.679949],[137.353608,34.681194],[137.3536,34.681209],[137.353527,34.681353],[137.352895,34.681877],[137.353122,34.682086],[137.353342,34.681704],[137.353669,34.681984],[137.35373,34.681922],[137.354125,34.6818],[137.354425,34.681731],[137.354621,34.681709],[137.354787,34.681702],[137.354851,34.681681],[137.35489,34.681628],[137.355007,34.68165],[137.355282,34.681716],[137.355221,34.681931],[137.355905,34.682075],[137.355986,34.681838],[137.357203,34.682066],[137.357212,34.682035],[137.357244,34.682039],[137.358697,34.682309],[137.358781,34.682313],[137.358986,34.682311],[137.359283,34.682259],[137.359456,34.682197],[137.359636,34.682094]]]}},{"type":"Feature","id":"23201281003","properties":{"KEY_CODE":"23201281003","PREF":"23","CITY":"201","S_AREA":"281003","PREF_NAME":"愛知県","CITY_NAME":"豊橋市","S_NAME":"富士見台三丁目","HCODE":8101,"AREA":127397.525,"KIGO_E":"","JINKO":1028,"SETAI":409,"X_CODE":137.36239,"Y_CODE":34.679663},"geometry":{"type":"Polygon","coordinates":[[[137.3646,34.679263],[137.364883,34.678955],[137.365098,34.678721],[137.365413,34.678309],[137.36561,34.67803],[137.36534,34.677902],[137.365094,34.677778],[137.365069,34.677778],[137.364964,34.677778],[137.363995,34.677786],[137.363841,34.677788],[137.363755,34.677824],[137.363431,34.678283],[137.363423,34.678294],[137.363375,34.678336],[137.363033,34.678457],[137.362982,34.678521],[137.362839,34.678721],[137.362725,34.678879],[137.362564,34.678968],[137.362037,34.679225],[137.361711,34.678793],[137.361689,34.678731],[137.361704,34.67864],[137.36176,34.678563],[137.36184,34.678493],[137.361863,34.678469],[137.361908,34.67844],[137.361337,34.678285],[137.3606,34.678074],[137.360505,34.678159],[137.360395,34.678555],[137.36019,34.679342],[137.360031,34.679857],[137.359969,34.680144],[137.359993,34.680451],[137.36005,34.680645],[137.360096,34.680718],[137.360118,34.680769],[137.360137,34.680819],[137.360305,34.681018],[137.360448,34.681135],[137.360524,34.68119],[137.360758,34.681305],[137.360963,34.681382],[137.361102,34.681416],[137.361421,34.681461],[137.36187,34.681515],[137.36256,34.681605],[137.363113,34.681677],[137.36312,34.681473],[137.363125,34.681328],[137.363126,34.681324],[137.363134,34.681227],[137.363185,34.681036],[137.36321,34.680968],[137.363223,34.68093],[137.363261,34.680847],[137.363283,34.68079],[137.363438,34.680549],[137.36356,34.6804],[137.363658,34.680283],[137.36393,34.680005],[137.364007,34.679924],[137.364065,34.679852],[137.3646,34.679263]]]}},{"type":"Feature","id":"23201281004","properties":{"KEY_CODE":"23201281004","PREF":"23","CITY":"201","S_AREA":"281004","PREF_NAME":"愛知県","CITY_NAME":"豊橋市","S_NAME":"富士見台四丁目","HCODE":8101,"AREA":121961.172,"KIGO_E":"","JINKO":986,"SETAI":364,"X_CODE":137.36873,"Y_CODE":34.677895},"geometry":{"type":"Polygon","coordinates":[[[137.36919,34.679251],[137.369186,34.678838],[137.369821,34.678854],[137.371132,34.67888],[137.371653,34.67888],[137.371656,34.677575],[137.371653,34.676927],[137.370322,34.67693],[137.370322,34.676691],[137.369811,34.67669],[137.369127,34.676693],[137.369133,34.676932],[137.368071,34.676937],[137.367536,34.67694],[137.367173,34.676935],[137.365996,34.676937],[137.365672,34.676937],[137.365677,34.676994],[137.365702,34.677121],[137.365739,34.677234],[137.365751,34.677358],[137.365752,34.677527],[137.365733,34.67767],[137.365679,34.677862],[137.36561,34.67803],[137.365413,34.678309],[137.365098,34.678721],[137.365342,34.678817],[137.365489,34.678728],[137.365677,34.67838],[137.366426,34.678593],[137.366464,34.678602],[137.367367,34.678854],[137.36882,34.679251],[137.36919,34.679251]]]}},{"type":"Feature","id":"23201281005","properties":{"KEY_CODE":"23201281005","PREF":"23","CITY":"201","S_AREA":"281005","PREF_NAME":"愛知県","CITY_NAME":"豊橋市","S_NAME":"富士見台五丁目","HCODE":8101,"AREA":142282.104,"KIGO_E":"","JINKO":1082,"SETAI":400,"X_CODE":137.368578,"Y_CODE":34.675743},"geometry":{"type":"Polygon","coordinates":[[[137.369133,34.676932],[137.369127,34.676693],[137.369811,34.67669],[137.370322,34.676691],[137.370322,34.67693],[137.371653,34.676927],[137.371644,34.676817],[137.371643,34.675832],[137.371638,34.675415],[137.371659,34.674811],[137.371684,34.674675],[137.371756,34.674285],[137.370942,34.67418],[137.370846,34.674734],[137.370739,34.674732],[137.368403,34.674687],[137.365958,34.674691],[137.365181,34.674688],[137.365195,34.674731],[137.365672,34.676937],[137.365996,34.676937],[137.367173,34.676935],[137.367536,34.67694],[137.368071,34.676937],[137.369133,34.676932]]]}},{"type":"Feature","id":"23201281006","properties":{"KEY_CODE":"23201281006","PREF":"23","CITY":"201","S_AREA":"281006","PREF_NAME":"愛知県","CITY_NAME":"豊橋市","S_NAME":"富士見台六丁目","HCODE":8101,"AREA":164038.525,"KIGO_E":"","JINKO":1326,"SETAI":521,"X_CODE":137.371783,"Y_CODE":34.677145},"geometry":{"type":"Polygon","coordinates":[[[137.372438,34.678883],[137.372465,34.678636],[137.3725,34.678394],[137.372531,34.678177],[137.372568,34.677898],[137.372578,34.677835],[137.372595,34.677723],[137.372639,34.677519],[137.372683,34.677395],[137.372758,34.677259],[137.372961,34.676917],[137.373153,34.676602],[137.373281,34.676392],[137.373297,34.67633],[137.373282,34.676054],[137.373274,34.675827],[137.373275,34.675706],[137.373289,34.675524],[137.373319,34.67533],[137.373379,34.675065],[137.373387,34.674934],[137.373375,34.674769],[137.373373,34.674748],[137.373341,34.674436],[137.373303,34.674108],[137.37329,34.673904],[137.373315,34.673718],[137.373346,34.673487],[137.373377,34.673246],[137.373392,34.673138],[137.372056,34.672643],[137.371296,34.672391],[137.371226,34.672636],[137.371052,34.673576],[137.371044,34.673617],[137.370942,34.67418],[137.371756,34.674285],[137.371684,34.674675],[137.371659,34.674811],[137.371638,34.675415],[137.371643,34.675832],[137.371644,34.676817],[137.371653,34.676927],[137.371656,34.677575],[137.371653,34.67888],[137.371132,34.67888],[137.369821,34.678854],[137.369186,34.678838],[137.36919,34.679251],[137.369193,34.679632],[137.369196,34.680102],[137.369206,34.680441],[137.369467,34.680477],[137.370088,34.680578],[137.371125,34.680721],[137.371345,34.680765],[137.371595,34.680843],[137.372331,34.681254],[137.372386,34.681311],[137.372423,34.681392],[137.372441,34.681839],[137.37259,34.681601],[137.372712,34.681414],[137.372782,34.681333],[137.372956,34.681152],[137.373249,34.680946],[137.373135,34.680883],[137.372884,34.680725],[137.372606,34.680549],[137.372521,34.680464],[137.37247,34.680337],[137.372395,34.679992],[137.372347,34.679724],[137.372352,34.679617],[137.372367,34.679457],[137.372409,34.679103],[137.372438,34.678883]]]}},{"type":"Feature","id":"232012880","properties":{"KEY_CODE":"232012880","PREF":"23","CITY":"201","S_AREA":"288000","PREF_NAME":"愛知県","CITY_NAME":"豊橋市","S_NAME":"富士見町","HCODE":8101,"AREA":871736.627,"KIGO_E":"","JINKO":425,"SETAI":168,"X_CODE":137.44461,"Y_CODE":34.699291},"geometry":{"type":"Polygon","coordinates":[[[137.449432,34.703815],[137.449473,34.703292],[137.449479,34.702825],[137.449514,34.702427],[137.449407,34.70194],[137.449436,34.701524],[137.449492,34.701197],[137.44971,34.700687],[137.450267,34.699605],[137.449841,34.699139],[137.449816,34.699035],[137.449618,34.69799],[137.449599,34.697595],[137.449611,34.696862],[137.449588,34.696306],[137.449589,34.695771],[137.449584,34.695437],[137.449561,34.694708],[137.449545,34.6942],[137.449397,34.693456],[137.449092,34.692414],[137.448998,34.692191],[137.448812,34.691963],[137.44851,34.69209],[137.448259,34.692203],[137.448133,34.692299],[137.448047,34.692431],[137.447816,34.692877],[137.447386,34.693689],[137.447214,34.693905],[137.447018,34.694091],[137.446891,34.694172],[137.446527,34.694348],[137.445792,34.694697],[137.445642,34.694776],[137.445223,34.695094],[137.444933,34.695288],[137.444438,34.695596],[137.444176,34.695719],[137.443909,34.695832],[137.44388,34.695888],[137.443883,34.696066],[137.443932,34.696224],[137.44401,34.696326],[137.444134,34.696429],[137.444282,34.696541],[137.444363,34.696559],[137.444506,34.696543],[137.444665,34.69648],[137.444979,34.696336],[137.445172,34.696237],[137.445227,34.696269],[137.445269,34.696308],[137.445333,34.696387],[137.445413,34.696442],[137.445562,34.696471],[137.44564,34.696517],[137.445681,34.696594],[137.445706,34.696669],[137.445693,34.696717],[137.44566,34.696765],[137.445552,34.69679],[137.445063,34.696821],[137.444256,34.69687],[137.444107,34.696859],[137.443911,34.696823],[137.443,34.696543],[137.442829,34.696744],[137.442732,34.696901],[137.442738,34.696994],[137.442918,34.697329],[137.443096,34.697518],[137.443226,34.69762],[137.443347,34.697668],[137.443681,34.697692],[137.443921,34.697718],[137.443976,34.697742],[137.443978,34.697776],[137.443841,34.697812],[137.443757,34.697849],[137.4437,34.697871],[137.443575,34.69789],[137.443022,34.697885],[137.442622,34.697877],[137.442462,34.697852],[137.44242,34.697832],[137.442379,34.697789],[137.442384,34.697709],[137.442411,34.697583],[137.442427,34.697517],[137.442434,34.697457],[137.442354,34.697352],[137.442254,34.697254],[137.442143,34.69719],[137.442069,34.697152],[137.441961,34.697084],[137.441853,34.696979],[137.441751,34.696841],[137.441688,34.696816],[137.441616,34.696835],[137.441495,34.696913],[137.441478,34.696965],[137.441579,34.697275],[137.441589,34.697376],[137.441553,34.697429],[137.441506,34.697466],[137.44144,34.697479],[137.441385,34.69745],[137.441277,34.697318],[137.44115,34.697273],[137.440934,34.69723],[137.440759,34.697238],[137.440577,34.697286],[137.440455,34.697328],[137.440353,34.697373],[137.440043,34.697619],[137.439941,34.697686],[137.439808,34.697726],[137.438845,34.697727],[137.438428,34.697614],[137.438116,34.697635],[137.437942,34.697642],[137.437835,34.697693],[137.437164,34.69763],[137.436326,34.697553],[137.434151,34.697343],[137.434044,34.697324],[137.433838,34.697226],[137.433495,34.697003],[137.433407,34.697133],[137.432951,34.697577],[137.43259,34.697899],[137.432456,34.697952],[137.432211,34.697956],[137.431994,34.697982],[137.432073,34.698047],[137.433058,34.698486],[137.433596,34.698615],[137.43416,34.698727],[137.436014,34.699058],[137.437813,34.699379],[137.437901,34.699188],[137.437986,34.699073],[137.43817,34.69895],[137.438409,34.69881],[137.438723,34.699513],[137.439317,34.699567],[137.439593,34.699624],[137.439657,34.699691],[137.439746,34.699681],[137.439878,34.699709],[137.440104,34.699807],[137.440191,34.699881],[137.440192,34.700146],[137.440226,34.700321],[137.440267,34.700428],[137.440333,34.700511],[137.440425,34.700583],[137.44051,34.700609],[137.440618,34.700633],[137.440747,34.700659],[137.440812,34.70058],[137.441207,34.699879],[137.441461,34.699448],[137.441633,34.699187],[137.441692,34.699153],[137.441758,34.699166],[137.441787,34.699205],[137.441708,34.69972],[137.441665,34.699874],[137.441385,34.700406],[137.441367,34.700517],[137.441407,34.700726],[137.441375,34.700849],[137.441294,34.700906],[137.441119,34.701257],[137.440935,34.701722],[137.441147,34.701778],[137.441207,34.701785],[137.441259,34.701774],[137.4413,34.701815],[137.441394,34.701841],[137.441507,34.701836],[137.441834,34.701622],[137.442486,34.701201],[137.44275,34.700962],[137.442937,34.700675],[137.443187,34.700279],[137.443298,34.700646],[137.443217,34.700864],[137.443127,34.701108],[137.442463,34.701571],[137.441583,34.70213],[137.441401,34.702331],[137.44134,34.702467],[137.441346,34.702545],[137.441384,34.702592],[137.441463,34.70261],[137.441611,34.702596],[137.441806,34.702544],[137.442303,34.702297],[137.442532,34.702131],[137.442658,34.702055],[137.442828,34.701984],[137.443044,34.701935],[137.443307,34.701912],[137.443562,34.701854],[137.443749,34.701808],[137.443856,34.701816],[137.444268,34.701898],[137.444369,34.701939],[137.444473,34.70203],[137.444641,34.701937],[137.444848,34.701833],[137.445241,34.701744],[137.445588,34.701674],[137.44584,34.701671],[137.446301,34.701382],[137.446437,34.700555],[137.446485,34.70038],[137.446491,34.700198],[137.446465,34.699998],[137.446392,34.699757],[137.446291,34.69964],[137.446602,34.699473],[137.446873,34.69982],[137.44693,34.699961],[137.44694,34.700114],[137.446908,34.700235],[137.446697,34.700686],[137.44671,34.700816],[137.446813,34.701139],[137.446848,34.701297],[137.447009,34.701276],[137.447213,34.701231],[137.44736,34.701153],[137.447555,34.700901],[137.447805,34.700513],[137.447935,34.700215],[137.448041,34.700018],[137.44821,34.699783],[137.44837,34.699664],[137.448911,34.700207],[137.448714,34.700384],[137.448466,34.700595],[137.448416,34.700771],[137.448353,34.701048],[137.448265,34.701171],[137.448085,34.701372],[137.447947,34.701487],[137.447774,34.701612],[137.447564,34.701737],[137.447243,34.701894],[137.447002,34.702058],[137.446955,34.702113],[137.446908,34.702219],[137.446913,34.702408],[137.446483,34.702702],[137.445979,34.702723],[137.445362,34.702737],[137.444562,34.702919],[137.444061,34.702927],[137.443655,34.702944],[137.443275,34.703041],[137.442915,34.70318],[137.442689,34.703287],[137.442246,34.703553],[137.441855,34.703615],[137.441509,34.703681],[137.441226,34.70384],[137.44099,34.70405],[137.44087,34.704172],[137.440711,34.70443],[137.440625,34.704774],[137.440549,34.704905],[137.44026,34.705085],[137.440183,34.705175],[137.44014,34.705279],[137.440106,34.705482],[137.440097,34.705664],[137.440141,34.705764],[137.440781,34.705818],[137.440898,34.705611],[137.441011,34.705517],[137.44136,34.705261],[137.441416,34.705127],[137.441448,34.704917],[137.441536,34.704297],[137.441932,34.70414],[137.442534,34.703914],[137.442719,34.703807],[137.443161,34.703668],[137.443375,34.703703],[137.443789,34.703895],[137.444409,34.70415],[137.444874,34.704258],[137.445364,34.704306],[137.446142,34.704203],[137.446428,34.704112],[137.446682,34.704039],[137.447169,34.703835],[137.447463,34.703679],[137.447302,34.703888],[137.447222,34.703971],[137.447019,34.704171],[137.44689,34.704345],[137.446715,34.704563],[137.446604,34.704813],[137.446574,34.705223],[137.446485,34.705474],[137.446311,34.705744],[137.44745,34.70596],[137.447551,34.705812],[137.447656,34.70572],[137.447766,34.705703],[137.448099,34.705673],[137.448261,34.705634],[137.448417,34.70558],[137.448533,34.705538],[137.448783,34.705405],[137.449385,34.704956],[137.449392,34.704782],[137.449432,34.703815]]]}},{"type":"Feature","id":"232012890","properties":{"KEY_CODE":"232012890","PREF":"23","CITY":"201","S_AREA":"289000","PREF_NAME":"愛知県","CITY_NAME":"豊橋市","S_NAME":"二川町","HCODE":8101,"AREA":1412892.301,"KIGO_E":"","JINKO":3462,"SETAI":1302,"X_CODE":137.452594,"Y_CODE":34.71978},"geometry":{"type":"Polygon","coordinates":[[[137.45204,34.733068],[137.452478,34.733001],[137.452645,34.733009],[137.4527,34.732849],[137.452718,34.732729],[137.452688,34.732615],[137.452652,34.732362],[137.452648,34.732165],[137.452657,34.731842],[137.45269,34.731492],[137.45269,34.73149],[137.45276,34.730698],[137.452516,34.730626],[137.452649,34.730156],[137.452726,34.729761],[137.452711,34.729514],[137.45299,34.729479],[137.453114,34.729487],[137.453246,34.728936],[137.453506,34.728964],[137.453521,34.728648],[137.453653,34.728648],[137.453592,34.728141],[137.453442,34.727811],[137.453409,34.727736],[137.453339,34.727537],[137.453331,34.727445],[137.453355,34.727399],[137.453227,34.727206],[137.453051,34.72698],[137.453024,34.726856],[137.453047,34.726706],[137.453108,34.726535],[137.453173,34.726375],[137.453272,34.726158],[137.4533,34.726058],[137.453311,34.725945],[137.453287,34.725824],[137.453868,34.725683],[137.454254,34.725604],[137.454144,34.725299],[137.454406,34.725146],[137.454526,34.725096],[137.454543,34.724802],[137.454814,34.724722],[137.454912,34.724606],[137.455062,34.724526],[137.455411,34.724387],[137.455551,34.724301],[137.45576,34.724148],[137.455879,34.723972],[137.455974,34.723906],[137.455978,34.723754],[137.456007,34.723579],[137.45606,34.72335],[137.456099,34.723259],[137.456151,34.723136],[137.456259,34.72298],[137.456008,34.722718],[137.455651,34.722405],[137.455816,34.722317],[137.456006,34.72227],[137.456213,34.722219],[137.456431,34.72219],[137.456619,34.722195],[137.456848,34.722231],[137.456994,34.722133],[137.457081,34.722041],[137.458266,34.721852],[137.458474,34.721695],[137.458885,34.72183],[137.459825,34.722103],[137.46026,34.722165],[137.46077,34.72218],[137.461137,34.722149],[137.461504,34.722085],[137.461759,34.722067],[137.461849,34.722058],[137.46143,34.720809],[137.461335,34.720551],[137.461267,34.7204],[137.461263,34.720384],[137.46036,34.7206],[137.459655,34.720775],[137.459563,34.72081],[137.459064,34.721188],[137.458962,34.721267],[137.458956,34.721055],[137.458816,34.720608],[137.457928,34.720637],[137.457466,34.720626],[137.45681,34.720581],[137.455088,34.720461],[137.455108,34.719575],[137.455144,34.719308],[137.455409,34.718939],[137.456126,34.717923],[137.456243,34.717691],[137.456588,34.717068],[137.456813,34.716668],[137.456988,34.716307],[137.45711,34.71591],[137.457185,34.715518],[137.457224,34.715193],[137.457163,34.714948],[137.457041,34.71472],[137.456594,34.714208],[137.456532,34.714029],[137.456503,34.713817],[137.456513,34.713617],[137.456592,34.713433],[137.45669,34.713273],[137.456799,34.713144],[137.45695,34.713033],[137.457172,34.712963],[137.457619,34.712898],[137.457344,34.712734],[137.457005,34.712523],[137.456689,34.71239],[137.456536,34.712367],[137.45628,34.712387],[137.455951,34.71244],[137.455408,34.711777],[137.455159,34.711461],[137.45569,34.710839],[137.455577,34.710716],[137.455531,34.710639],[137.455449,34.710505],[137.455354,34.710174],[137.455075,34.710249],[137.454364,34.710381],[137.454014,34.710038],[137.453687,34.709785],[137.453493,34.709575],[137.453225,34.710127],[137.452923,34.710577],[137.452121,34.710954],[137.451697,34.711086],[137.451476,34.71117],[137.451101,34.711423],[137.450705,34.711636],[137.450551,34.711687],[137.450304,34.711719],[137.450032,34.711778],[137.449803,34.711851],[137.449666,34.711997],[137.449443,34.712345],[137.449421,34.712542],[137.449412,34.71288],[137.449196,34.713263],[137.449159,34.713426],[137.448267,34.713462],[137.448282,34.714553],[137.44828,34.71509],[137.448208,34.715289],[137.448396,34.715357],[137.448328,34.715514],[137.448141,34.715447],[137.447981,34.715882],[137.447943,34.716047],[137.447885,34.716345],[137.44787,34.716531],[137.447886,34.716596],[137.448087,34.717387],[137.448111,34.717574],[137.448098,34.717698],[137.448057,34.717822],[137.447922,34.718138],[137.447786,34.718484],[137.447957,34.718505],[137.448002,34.718957],[137.447982,34.719051],[137.447933,34.719169],[137.447892,34.719357],[137.447659,34.71952],[137.447898,34.719848],[137.447854,34.720152],[137.44785,34.720209],[137.447789,34.720416],[137.447629,34.720698],[137.447598,34.720803],[137.447617,34.72117],[137.447717,34.721623],[137.447996,34.722301],[137.448186,34.722756],[137.448246,34.722854],[137.448413,34.723127],[137.448447,34.723202],[137.448463,34.723264],[137.448518,34.723441],[137.44873,34.723982],[137.448858,34.723944],[137.449012,34.724198],[137.44923,34.724747],[137.449641,34.724669],[137.449682,34.72481],[137.449861,34.724802],[137.450015,34.725195],[137.450139,34.725525],[137.449633,34.725659],[137.449457,34.725712],[137.449363,34.725779],[137.449296,34.725848],[137.449195,34.72595],[137.449134,34.725974],[137.449032,34.725996],[137.448844,34.726021],[137.449021,34.726716],[137.449346,34.726651],[137.449488,34.726624],[137.449587,34.726615],[137.449604,34.726617],[137.449706,34.726654],[137.449787,34.726752],[137.449931,34.72694],[137.450024,34.72704],[137.45016,34.727187],[137.450243,34.727254],[137.45036,34.727449],[137.450511,34.727689],[137.450629,34.72789],[137.450686,34.727977],[137.450795,34.728094],[137.451008,34.72828],[137.45131,34.728528],[137.4515,34.728743],[137.451627,34.728965],[137.451652,34.729038],[137.451709,34.729248],[137.451687,34.729446],[137.451632,34.72977],[137.451518,34.729956],[137.451435,34.730097],[137.451387,34.730194],[137.45139,34.730264],[137.451202,34.731162],[137.451091,34.731838],[137.450879,34.732894],[137.450605,34.734162],[137.45072,34.734211],[137.450816,34.734295],[137.450926,34.734424],[137.450997,34.734541],[137.451325,34.734496],[137.452729,34.734417],[137.452706,34.734328],[137.452657,34.734002],[137.452634,34.733712],[137.452628,34.733469],[137.452417,34.733339],[137.45204,34.733068]]]}},{"type":"Feature","id":"232012900","properties":{"KEY_CODE":"232012900","PREF":"23","CITY":"201","S_AREA":"290000","PREF_NAME":"愛知県","CITY_NAME":"豊橋市","S_NAME":"札木町","HCODE":8101,"AREA":40277.735,"KIGO_E":"","JINKO":229,"SETAI":119,"X_CODE":137.389779,"Y_CODE":34.766734},"geometry":{"type":"Polygon","coordinates":[[[137.391685,34.766641],[137.391385,34.766101],[137.391227,34.765824],[137.391096,34.765588],[137.390605,34.765727],[137.390466,34.765751],[137.390506,34.766183],[137.390309,34.766192],[137.389795,34.766214],[137.389506,34.766287],[137.389474,34.766215],[137.388125,34.766626],[137.388146,34.766722],[137.387917,34.76678],[137.387992,34.767094],[137.388006,34.767145],[137.388132,34.767635],[137.388153,34.767709],[137.388224,34.767697],[137.388617,34.767609],[137.389422,34.767426],[137.390391,34.767206],[137.390554,34.767134],[137.391657,34.766686],[137.391701,34.766664],[137.391685,34.766641]]]}},{"type":"Feature","id":"232012910","properties":{"KEY_CODE":"232012910","PREF":"23","CITY":"201","S_AREA":"291000","PREF_NAME":"愛知県","CITY_NAME":"豊橋市","S_NAME":"船渡町","HCODE":8101,"AREA":1579839.61,"KIGO_E":"","JINKO":1390,"SETAI":663,"X_CODE":137.352735,"Y_CODE":34.718436},"geometry":{"type":"Polygon","coordinates":[[[137.350887,34.726346],[137.350929,34.726291],[137.350947,34.726263],[137.350956,34.726244],[137.350972,34.726216],[137.351012,34.7261],[137.351017,34.726052],[137.351031,34.72602],[137.351051,34.726001],[137.351068,34.725973],[137.351081,34.725946],[137.351094,34.725928],[137.351106,34.725914],[137.351108,34.725904],[137.351097,34.725868],[137.35108,34.72583],[137.351065,34.725798],[137.351054,34.725762],[137.351042,34.725724],[137.35103,34.725682],[137.351023,34.725637],[137.351024,34.725589],[137.351027,34.72554],[137.351009,34.725465],[137.351106,34.725094],[137.351215,34.724773],[137.351419,34.724787],[137.352049,34.72483],[137.352128,34.724835],[137.352206,34.724688],[137.352273,34.724593],[137.353647,34.723155],[137.353986,34.722967],[137.354155,34.722843],[137.35437,34.722642],[137.355241,34.721776],[137.355633,34.721383],[137.356031,34.721008],[137.356333,34.720758],[137.356684,34.720506],[137.356896,34.720329],[137.357219,34.720177],[137.357518,34.719989],[137.357989,34.719742],[137.358493,34.719458],[137.358705,34.719391],[137.359874,34.718856],[137.361597,34.718146],[137.361671,34.71812],[137.361656,34.718053],[137.361578,34.717699],[137.361467,34.717189],[137.361407,34.716891],[137.361397,34.716638],[137.361351,34.716495],[137.361231,34.716304],[137.361168,34.716187],[137.361145,34.716136],[137.361124,34.716092],[137.361103,34.716043],[137.361066,34.715948],[137.360953,34.715665],[137.360873,34.715406],[137.360757,34.715034],[137.360636,34.714698],[137.360559,34.714566],[137.360436,34.714387],[137.360391,34.714304],[137.360174,34.713758],[137.36012,34.7136],[137.360027,34.713377],[137.359871,34.713125],[137.359648,34.712796],[137.359756,34.712742],[137.359848,34.712695],[137.359947,34.71265],[137.360028,34.71261],[137.359831,34.712322],[137.359664,34.712072],[137.359549,34.711889],[137.359357,34.71158],[137.35892,34.710947],[137.358422,34.710263],[137.358074,34.709778],[137.357971,34.709625],[137.357379,34.709896],[137.356904,34.710137],[137.356147,34.710501],[137.355853,34.710653],[137.355079,34.711033],[137.354664,34.711237],[137.354914,34.711557],[137.354145,34.711931],[137.353575,34.712217],[137.353039,34.712485],[137.35269,34.712637],[137.352296,34.712847],[137.351978,34.713134],[137.351648,34.713368],[137.351242,34.71364],[137.350942,34.713886],[137.3508,34.713999],[137.350471,34.714354],[137.35033,34.714394],[137.350041,34.714502],[137.349992,34.71456],[137.349983,34.714744],[137.349952,34.714991],[137.349483,34.715273],[137.349075,34.715559],[137.349018,34.715637],[137.348778,34.716143],[137.348495,34.716751],[137.34819,34.717401],[137.348069,34.717671],[137.347458,34.717795],[137.346974,34.717897],[137.346969,34.717876],[137.346851,34.717418],[137.346069,34.71753],[137.34614,34.717968],[137.346207,34.718386],[137.346249,34.718623],[137.346263,34.71886],[137.346168,34.71886],[137.345806,34.718893],[137.34519,34.718992],[137.345285,34.719249],[137.345393,34.719496],[137.345805,34.720035],[137.345858,34.720154],[137.345911,34.72028],[137.345847,34.720331],[137.345803,34.720517],[137.345776,34.720708],[137.345786,34.720789],[137.345829,34.720878],[137.34586,34.720929],[137.34587,34.721003],[137.34584,34.721113],[137.345722,34.72099],[137.345544,34.720765],[137.345434,34.720619],[137.345352,34.720506],[137.344957,34.720608],[137.344902,34.720642],[137.34482,34.72071],[137.344602,34.720789],[137.344013,34.720766],[137.343881,34.720593],[137.342474,34.720909],[137.343321,34.722097],[137.343815,34.722864],[137.343856,34.722909],[137.344677,34.724057],[137.34491,34.724349],[137.34611,34.725009],[137.347725,34.725844],[137.348203,34.726064],[137.348927,34.726361],[137.349126,34.726331],[137.349756,34.726579],[137.349789,34.72661],[137.349826,34.726637],[137.349865,34.72666],[137.349887,34.72667],[137.349931,34.726688],[137.349954,34.726695],[137.349978,34.726702],[137.350001,34.726706],[137.350025,34.72671],[137.35005,34.726713],[137.350074,34.726715],[137.350098,34.726716],[137.350123,34.726715],[137.350147,34.726713],[137.350172,34.72671],[137.350196,34.726707],[137.350219,34.726702],[137.350243,34.726696],[137.350266,34.726688],[137.350289,34.72668],[137.350311,34.726671],[137.350331,34.726661],[137.350352,34.72665],[137.350372,34.726638],[137.35039,34.726625],[137.350409,34.726611],[137.350425,34.726596],[137.350442,34.726581],[137.350545,34.726549],[137.350601,34.726533],[137.350673,34.726505],[137.350707,34.726488],[137.350768,34.726451],[137.350814,34.726414],[137.350852,34.726379],[137.350887,34.726346]]]}},{"type":"Feature","id":"232012920","properties":{"KEY_CODE":"232012920","PREF":"23","CITY":"201","S_AREA":"292000","PREF_NAME":"愛知県","CITY_NAME":"豊橋市","S_NAME":"舟原町","HCODE":8101,"AREA":95559.625,"KIGO_E":"","JINKO":624,"SETAI":286,"X_CODE":137.400141,"Y_CODE":34.76289},"geometry":{"type":"Polygon","coordinates":[[[137.401354,34.761218],[137.40098,34.760897],[137.400813,34.760994],[137.400559,34.761141],[137.400539,34.76112],[137.400085,34.761392],[137.39972,34.761606],[137.399086,34.761977],[137.399062,34.761992],[137.398554,34.762293],[137.39786,34.762696],[137.397847,34.762703],[137.397569,34.762863],[137.398449,34.763851],[137.398658,34.76389],[137.399093,34.763985],[137.399742,34.764109],[137.400981,34.764389],[137.401027,34.76441],[137.40105,34.764434],[137.401181,34.764632],[137.401191,34.764647],[137.401973,34.764236],[137.40194,34.764199],[137.401995,34.764173],[137.401958,34.76406],[137.401958,34.76406],[137.401927,34.763922],[137.401834,34.763515],[137.401831,34.763504],[137.401826,34.763481],[137.401714,34.762975],[137.401708,34.762947],[137.401701,34.762883],[137.401693,34.762845],[137.401643,34.762617],[137.401606,34.762373],[137.401604,34.762362],[137.401604,34.762359],[137.401591,34.762211],[137.401563,34.761819],[137.401553,34.761681],[137.401545,34.76166],[137.40155,34.761658],[137.40155,34.761631],[137.401532,34.761574],[137.401455,34.761403],[137.401354,34.761218]]]}},{"type":"Feature","id":"232012930","properties":{"KEY_CODE":"232012930","PREF":"23","CITY":"201","S_AREA":"293000","PREF_NAME":"愛知県","CITY_NAME":"豊橋市","S_NAME":"船町","HCODE":8101,"AREA":142251.788,"KIGO_E":"","JINKO":887,"SETAI":393,"X_CODE":137.3822,"Y_CODE":34.77357},"geometry":{"type":"Polygon","coordinates":[[[137.38261,34.77506],[137.382702,34.77496],[137.382739,34.774919],[137.38279,34.774873],[137.383075,34.774612],[137.383561,34.774168],[137.383661,34.774076],[137.383864,34.773918],[137.384405,34.773496],[137.384477,34.77344],[137.384509,34.773415],[137.384826,34.773163],[137.384456,34.772776],[137.384316,34.772629],[137.384063,34.771866],[137.384001,34.771869],[137.383959,34.771686],[137.384002,34.771666],[137.384137,34.771648],[137.384238,34.771638],[137.384157,34.771331],[137.384076,34.77128],[137.384062,34.77123],[137.384019,34.771065],[137.383878,34.770604],[137.383218,34.770744],[137.383181,34.770753],[137.382637,34.77086],[137.382685,34.771386],[137.382599,34.771387],[137.382597,34.771441],[137.382594,34.771486],[137.3826,34.771753],[137.382595,34.771789],[137.382563,34.771887],[137.382608,34.772049],[137.382401,34.772115],[137.381993,34.772327],[137.381533,34.772692],[137.381306,34.772873],[137.381266,34.772899],[137.380975,34.77299],[137.380906,34.773029],[137.380763,34.773088],[137.380576,34.773145],[137.380375,34.773304],[137.379868,34.773529],[137.37985,34.773542],[137.379853,34.773594],[137.379427,34.773616],[137.379442,34.773805],[137.379462,34.773865],[137.379476,34.773904],[137.379357,34.773937],[137.379469,34.774196],[137.37969,34.774137],[137.379797,34.774409],[137.379956,34.774364],[137.380202,34.775023],[137.38021,34.775049],[137.380243,34.775043],[137.380306,34.775163],[137.380333,34.775236],[137.380378,34.775339],[137.380414,34.775646],[137.380274,34.775757],[137.381011,34.776381],[137.381574,34.775991],[137.381647,34.775928],[137.381748,34.775853],[137.382172,34.775531],[137.382205,34.7755],[137.382224,34.775485],[137.38261,34.77506]]]}},{"type":"Feature","id":"232012940","properties":{"KEY_CODE":"232012940","PREF":"23","CITY":"201","S_AREA":"294000","PREF_NAME":"愛知県","CITY_NAME":"豊橋市","S_NAME":"豊栄町","HCODE":8101,"AREA":1445694.111,"KIGO_E":"","JINKO":663,"SETAI":265,"X_CODE":137.431404,"Y_CODE":34.702371},"geometry":{"type":"Polygon","coordinates":[[[137.433514,34.706009],[137.433567,34.705955],[137.43363,34.705971],[137.433705,34.706001],[137.433773,34.706064],[137.433805,34.706138],[137.433813,34.706255],[137.433829,34.706542],[137.43386,34.706604],[137.433933,34.706651],[137.434017,34.706647],[137.434425,34.706329],[137.434514,34.706342],[137.434571,34.706402],[137.434571,34.706529],[137.434302,34.706974],[137.434222,34.707231],[137.43418,34.707507],[137.434199,34.708334],[137.434252,34.708578],[137.434478,34.70901],[137.434707,34.709281],[137.435684,34.709009],[137.436167,34.708932],[137.436204,34.708902],[137.436122,34.708565],[137.437497,34.70817],[137.437622,34.70817],[137.437834,34.708159],[137.437649,34.707931],[137.437506,34.707779],[137.437348,34.707263],[137.437341,34.706789],[137.437309,34.706713],[137.437234,34.706637],[137.437124,34.706587],[137.436936,34.706553],[137.436981,34.706303],[137.437,34.706243],[137.437171,34.706304],[137.437327,34.70633],[137.437505,34.706315],[137.437725,34.706288],[137.437831,34.706271],[137.43786,34.706212],[137.437859,34.705562],[137.437823,34.705413],[137.437738,34.705299],[137.437674,34.705249],[137.437308,34.705147],[137.437331,34.705067],[137.437433,34.704846],[137.438118,34.704906],[137.438395,34.704932],[137.438545,34.704979],[137.439144,34.705216],[137.439235,34.704976],[137.439334,34.704638],[137.43927,34.704536],[137.439163,34.704454],[137.438814,34.704349],[137.438987,34.703826],[137.439025,34.703601],[137.438937,34.703206],[137.438837,34.702972],[137.438778,34.702839],[137.438731,34.702768],[137.438642,34.702713],[137.438386,34.702634],[137.438073,34.702553],[137.437993,34.70249],[137.437972,34.702373],[137.437826,34.702279],[137.43774,34.702206],[137.437674,34.702073],[137.437717,34.70202],[137.437809,34.702011],[137.437887,34.70204],[137.438129,34.702198],[137.438446,34.702326],[137.438897,34.702483],[137.439004,34.702542],[137.439129,34.702718],[137.439266,34.702997],[137.439363,34.703129],[137.439477,34.703205],[137.439676,34.703266],[137.439821,34.703281],[137.439906,34.703251],[137.439963,34.703195],[137.440005,34.703116],[137.440065,34.702911],[137.44019,34.702566],[137.440188,34.702229],[137.440267,34.701622],[137.440221,34.701231],[137.440217,34.701126],[137.44027,34.701032],[137.440205,34.700847],[137.440136,34.700752],[137.440008,34.700629],[137.439844,34.700436],[137.439805,34.700321],[137.43982,34.700079],[137.439793,34.699967],[137.439657,34.699691],[137.439593,34.699624],[137.439317,34.699567],[137.438723,34.699513],[137.438409,34.69881],[137.43817,34.69895],[137.437986,34.699073],[137.437901,34.699188],[137.437813,34.699379],[137.436014,34.699058],[137.43416,34.698727],[137.433596,34.698615],[137.433058,34.698486],[137.432073,34.698047],[137.431994,34.697982],[137.432211,34.697956],[137.432456,34.697952],[137.43259,34.697899],[137.432951,34.697577],[137.433407,34.697133],[137.433495,34.697003],[137.433602,34.696706],[137.43144,34.69682],[137.431033,34.696839],[137.430908,34.69687],[137.430765,34.696915],[137.429745,34.697404],[137.429636,34.697439],[137.429508,34.697462],[137.428705,34.697528],[137.428584,34.69749],[137.428048,34.697274],[137.427611,34.697096],[137.427446,34.697049],[137.426206,34.696918],[137.426063,34.696891],[137.425748,34.696781],[137.425601,34.696764],[137.424797,34.697039],[137.424481,34.697144],[137.423963,34.697015],[137.424303,34.698483],[137.424264,34.69864],[137.424168,34.698967],[137.424172,34.699061],[137.424369,34.699964],[137.422078,34.700345],[137.421968,34.700373],[137.42191,34.700406],[137.421452,34.701325],[137.421523,34.701388],[137.422075,34.701693],[137.422185,34.701834],[137.422551,34.701951],[137.422646,34.702004],[137.422747,34.702109],[137.423142,34.702671],[137.423477,34.7031],[137.424425,34.704092],[137.424575,34.703865],[137.424669,34.703744],[137.424767,34.703665],[137.424857,34.703599],[137.42509,34.70388],[137.425342,34.704158],[137.425356,34.704221],[137.425326,34.704311],[137.425094,34.704841],[137.42447,34.705946],[137.426316,34.706202],[137.426683,34.706266],[137.426862,34.706282],[137.426955,34.706269],[137.427152,34.706138],[137.427297,34.706023],[137.427419,34.7059],[137.428851,34.705821],[137.42927,34.705811],[137.429803,34.705845],[137.429902,34.705831],[137.429985,34.705793],[137.430086,34.705723],[137.430182,34.705674],[137.430271,34.705652],[137.431198,34.705619],[137.431191,34.706026],[137.431041,34.707198],[137.430997,34.707486],[137.430898,34.707637],[137.431649,34.707924],[137.432007,34.708068],[137.43219,34.708185],[137.432613,34.708661],[137.433066,34.709131],[137.43325,34.709334],[137.433395,34.709785],[137.433932,34.710169],[137.433865,34.710012],[137.433823,34.709829],[137.433824,34.709692],[137.433874,34.709539],[137.433898,34.709421],[137.433866,34.709234],[137.433752,34.708734],[137.433614,34.708161],[137.433617,34.707803],[137.433733,34.707519],[137.433745,34.707409],[137.433714,34.707217],[137.433656,34.706993],[137.433502,34.706715],[137.433512,34.706511],[137.433516,34.70625],[137.433483,34.706101],[137.433514,34.706009]]]}},{"type":"Feature","id":"232012950","properties":{"KEY_CODE":"232012950","PREF":"23","CITY":"201","S_AREA":"295000","PREF_NAME":"愛知県","CITY_NAME":"豊橋市","S_NAME":"豊清町","HCODE":8101,"AREA":1572179.71,"KIGO_E":"","JINKO":533,"SETAI":169,"X_CODE":137.470239,"Y_CODE":34.714155},"geometry":{"type":"Polygon","coordinates":[[[137.465015,34.721264],[137.466231,34.721067],[137.466561,34.721095],[137.466949,34.7211],[137.467229,34.721074],[137.469151,34.720763],[137.469762,34.720638],[137.470864,34.720619],[137.470919,34.720169],[137.472057,34.720259],[137.472416,34.720266],[137.472854,34.720211],[137.473058,34.720189],[137.473253,34.720506],[137.47359,34.720396],[137.473374,34.720136],[137.473875,34.72017],[137.474343,34.720196],[137.474513,34.71999],[137.475437,34.719637],[137.47561,34.718443],[137.475616,34.718403],[137.477091,34.718517],[137.477256,34.717592],[137.478467,34.717682],[137.478539,34.717127],[137.47864,34.716183],[137.478644,34.716146],[137.478632,34.716079],[137.47836,34.716128],[137.477423,34.716058],[137.477476,34.715616],[137.477599,34.715625],[137.477669,34.715056],[137.477761,34.715029],[137.477208,34.714035],[137.477436,34.713954],[137.477274,34.713578],[137.477187,34.713293],[137.477097,34.713046],[137.476988,34.712851],[137.476867,34.712675],[137.47688,34.712597],[137.476996,34.712414],[137.477178,34.712259],[137.477402,34.712066],[137.47751,34.711944],[137.477584,34.711845],[137.477742,34.711678],[137.477854,34.711616],[137.477992,34.71154],[137.478246,34.711395],[137.478296,34.711324],[137.478396,34.711029],[137.478663,34.7108],[137.479158,34.710469],[137.47927,34.710426],[137.479556,34.710351],[137.479362,34.710352],[137.479177,34.710357],[137.477603,34.710333],[137.476845,34.710334],[137.476578,34.710342],[137.476257,34.71041],[137.475561,34.710577],[137.475402,34.710604],[137.475162,34.71061],[137.474882,34.710576],[137.474626,34.710518],[137.474412,34.710443],[137.474157,34.710651],[137.473208,34.71134],[137.472899,34.711573],[137.472759,34.711654],[137.472636,34.711668],[137.472225,34.71156],[137.470725,34.711054],[137.47077,34.710518],[137.470782,34.710345],[137.470652,34.709972],[137.470467,34.709533],[137.470411,34.709426],[137.470074,34.709354],[137.470008,34.70918],[137.470039,34.709112],[137.46991,34.70884],[137.469858,34.708663],[137.469844,34.708567],[137.470008,34.708281],[137.470226,34.708004],[137.470266,34.707906],[137.470344,34.707824],[137.470455,34.707738],[137.470513,34.707737],[137.47114,34.707861],[137.471214,34.707789],[137.471258,34.707657],[137.471278,34.707456],[137.470807,34.707001],[137.4707,34.706908],[137.470626,34.706848],[137.470572,34.706759],[137.470498,34.706549],[137.470418,34.706266],[137.470307,34.706023],[137.47021,34.705879],[137.4701,34.705774],[137.469942,34.705254],[137.469711,34.704393],[137.468137,34.704437],[137.467213,34.705376],[137.465418,34.707153],[137.464077,34.70755],[137.463825,34.707605],[137.464153,34.707851],[137.464334,34.707982],[137.464469,34.70811],[137.46467,34.708231],[137.464855,34.708299],[137.46501,34.708329],[137.465211,34.708335],[137.465412,34.708486],[137.465415,34.708796],[137.465355,34.70913],[137.465286,34.709313],[137.464945,34.709464],[137.464794,34.709556],[137.464733,34.70964],[137.464704,34.709718],[137.464692,34.709803],[137.464717,34.70988],[137.464775,34.709944],[137.464946,34.710009],[137.465176,34.710026],[137.465313,34.710025],[137.465444,34.710048],[137.465242,34.71019],[137.465162,34.710336],[137.465128,34.710452],[137.465114,34.71054],[137.465116,34.710646],[137.465137,34.710745],[137.465345,34.711224],[137.465676,34.711987],[137.465636,34.711989],[137.465286,34.711974],[137.465275,34.711977],[137.465044,34.712055],[137.464889,34.712177],[137.464836,34.712309],[137.46484,34.71245],[137.464857,34.712559],[137.464898,34.712643],[137.465018,34.712781],[137.465526,34.713272],[137.464812,34.713396],[137.463686,34.713597],[137.463945,34.713802],[137.464124,34.714031],[137.464256,34.714302],[137.464185,34.714303],[137.46394,34.714248],[137.463805,34.714193],[137.463709,34.714225],[137.463556,34.714328],[137.463289,34.714578],[137.463172,34.714731],[137.463,34.714937],[137.462912,34.715246],[137.462889,34.715323],[137.462839,34.715413],[137.462946,34.715979],[137.46311,34.716635],[137.463642,34.716599],[137.464181,34.716653],[137.464794,34.716739],[137.465104,34.716824],[137.465209,34.71692],[137.465307,34.717045],[137.465381,34.71717],[137.465401,34.717252],[137.465462,34.717613],[137.465312,34.717694],[137.465298,34.717864],[137.465877,34.718591],[137.465752,34.718668],[137.465604,34.718741],[137.465535,34.718774],[137.465246,34.719067],[137.465072,34.719242],[137.465138,34.719458],[137.463593,34.719846],[137.463644,34.71998],[137.463676,34.720055],[137.463717,34.720133],[137.463872,34.720361],[137.464243,34.720792],[137.464052,34.721215],[137.463993,34.721351],[137.463942,34.721477],[137.465015,34.721264]]]}},{"type":"Feature","id":"232012960","properties":{"KEY_CODE":"232012960","PREF":"23","CITY":"201","S_AREA":"296000","PREF_NAME":"愛知県","CITY_NAME":"豊橋市","S_NAME":"細谷町","HCODE":8101,"AREA":7053723.004,"KIGO_E":"","JINKO":1302,"SETAI":456,"X_CODE":137.463243,"Y_CODE":34.689507},"geometry":{"type":"Polygon","coordinates":[[[137.458357,34.712399],[137.458847,34.710226],[137.460693,34.709899],[137.460602,34.70954],[137.460472,34.708943],[137.461301,34.708618],[137.46279,34.708033],[137.463084,34.707936],[137.463571,34.707652],[137.463825,34.707605],[137.464077,34.70755],[137.465418,34.707153],[137.467213,34.705376],[137.468137,34.704437],[137.469711,34.704393],[137.469711,34.704392],[137.469971,34.703983],[137.470141,34.703732],[137.470358,34.702945],[137.470569,34.701984],[137.470702,34.701699],[137.47124,34.701183],[137.471783,34.700638],[137.472067,34.700377],[137.472198,34.700312],[137.47239,34.700108],[137.472784,34.699618],[137.472852,34.699556],[137.473026,34.69953],[137.473179,34.699497],[137.473318,34.69942],[137.473485,34.699258],[137.473186,34.69903],[137.473227,34.69895],[137.473264,34.698839],[137.473477,34.698467],[137.473554,34.698205],[137.473714,34.698069],[137.474005,34.69778],[137.474085,34.697687],[137.474155,34.69741],[137.474283,34.697183],[137.474424,34.696947],[137.474452,34.696821],[137.474459,34.696662],[137.474328,34.696346],[137.474183,34.695974],[137.474001,34.695575],[137.473909,34.695324],[137.473913,34.695054],[137.473936,34.694563],[137.473929,34.694472],[137.47384,34.694445],[137.472875,34.694393],[137.47275,34.694373],[137.472311,34.694142],[137.471686,34.693781],[137.471303,34.693487],[137.471266,34.69332],[137.471248,34.692907],[137.471248,34.692087],[137.471278,34.691056],[137.471281,34.690727],[137.471232,34.690508],[137.471141,34.690338],[137.470913,34.690072],[137.470651,34.689774],[137.470692,34.689633],[137.470755,34.689372],[137.470755,34.689164],[137.470755,34.688915],[137.47082,34.688817],[137.471666,34.688165],[137.47174,34.688086],[137.471812,34.687668],[137.471838,34.687531],[137.471872,34.687345],[137.471944,34.687148],[137.472161,34.686764],[137.472416,34.686484],[137.472594,34.686104],[137.472565,34.68599],[137.472565,34.685914],[137.472582,34.685848],[137.472617,34.685779],[137.472691,34.685722],[137.472763,34.685679],[137.473131,34.684955],[137.472885,34.68503],[137.473009,34.684823],[137.473116,34.684652],[137.473296,34.684381],[137.473459,34.684288],[137.473509,34.684224],[137.473519,34.684167],[137.473595,34.683617],[137.473663,34.683378],[137.473892,34.683032],[137.473916,34.682908],[137.473928,34.682641],[137.473952,34.681331],[137.473983,34.679452],[137.474006,34.6781],[137.474012,34.677537],[137.47407,34.677547],[137.474156,34.677581],[137.474272,34.677709],[137.474363,34.677869],[137.474472,34.677948],[137.474633,34.678019],[137.474707,34.678053],[137.474732,34.678104],[137.474675,34.678308],[137.474725,34.678444],[137.474861,34.678579],[137.475029,34.678602],[137.475371,34.678646],[137.475542,34.678633],[137.475842,34.678572],[137.475989,34.67853],[137.476047,34.678476],[137.476068,34.678196],[137.476212,34.678117],[137.476368,34.678066],[137.476528,34.678055],[137.476648,34.678062],[137.476632,34.677499],[137.476579,34.677058],[137.476454,34.676608],[137.476329,34.676346],[137.476546,34.675116],[137.476989,34.672741],[137.476778,34.672714],[137.476459,34.672691],[137.476376,34.672679],[137.47616,34.672647],[137.475847,34.672611],[137.47552,34.672574],[137.47525,34.672524],[137.475101,34.672494],[137.474965,34.672476],[137.474853,34.672462],[137.474693,34.672441],[137.474551,34.672422],[137.473849,34.672284],[137.473635,34.672251],[137.473425,34.672208],[137.473162,34.672165],[137.47282,34.672124],[137.472694,34.6721],[137.472373,34.672065],[137.472218,34.672042],[137.472082,34.672015],[137.471514,34.671913],[137.471256,34.671871],[137.470819,34.671823],[137.470745,34.671816],[137.470445,34.6718],[137.470023,34.671755],[137.469315,34.671694],[137.468717,34.67165],[137.468506,34.671623],[137.468292,34.671593],[137.468116,34.671566],[137.467918,34.671517],[137.467477,34.671437],[137.467319,34.671415],[137.466948,34.671376],[137.466628,34.67133],[137.466505,34.671322],[137.466465,34.671319],[137.466194,34.671316],[137.465984,34.671303],[137.465884,34.671289],[137.465761,34.671267],[137.465639,34.671251],[137.465578,34.671248],[137.465431,34.671248],[137.465118,34.671223],[137.46499,34.6712],[137.464896,34.671191],[137.464661,34.671163],[137.464643,34.671161],[137.46462,34.671154],[137.464512,34.671107],[137.464493,34.671101],[137.464478,34.671098],[137.464421,34.671095],[137.464311,34.671099],[137.464284,34.671099],[137.464245,34.671096],[137.464165,34.671087],[137.464067,34.671073],[137.463574,34.670978],[137.463209,34.670914],[137.462984,34.670892],[137.462739,34.670845],[137.462586,34.67082],[137.462541,34.670815],[137.462428,34.670804],[137.461638,34.670687],[137.461485,34.670656],[137.461399,34.670635],[137.461288,34.670602],[137.46108,34.670531],[137.46101,34.670513],[137.46092,34.670497],[137.460857,34.670492],[137.460822,34.670488],[137.460491,34.670479],[137.460434,34.670471],[137.460362,34.67046],[137.460309,34.670445],[137.460228,34.670421],[137.460189,34.670412],[137.460113,34.6704],[137.459687,34.67035],[137.459622,34.670344],[137.459415,34.670315],[137.459181,34.67028],[137.458895,34.670255],[137.458841,34.67025],[137.458699,34.67023],[137.458643,34.670224],[137.458564,34.67022],[137.458522,34.67022],[137.458481,34.67022],[137.458456,34.670224],[137.458437,34.670232],[137.458317,34.670237],[137.458208,34.67025],[137.458138,34.671061],[137.458144,34.671475],[137.458123,34.671605],[137.458103,34.671844],[137.458067,34.672074],[137.45803,34.672232],[137.457966,34.67233],[137.457827,34.672471],[137.457462,34.672721],[137.45733,34.672858],[137.457215,34.673092],[137.45715,34.673188],[137.457005,34.673292],[137.456585,34.673466],[137.456329,34.67364],[137.456172,34.67378],[137.45636,34.674267],[137.45647,34.674504],[137.456543,34.674557],[137.456646,34.674636],[137.456853,34.674809],[137.457019,34.674979],[137.457044,34.675042],[137.457002,34.675101],[137.456864,34.675208],[137.456796,34.675288],[137.456748,34.675382],[137.456734,34.675534],[137.456759,34.675667],[137.456828,34.675804],[137.456974,34.676001],[137.457019,34.676131],[137.457012,34.676281],[137.456964,34.676489],[137.456862,34.676758],[137.456822,34.676845],[137.45643,34.677059],[137.45636,34.677118],[137.456304,34.677255],[137.45624,34.677509],[137.456055,34.677777],[137.456001,34.678012],[137.455973,34.678152],[137.455917,34.678226],[137.455697,34.678338],[137.45558,34.678389],[137.455471,34.678459],[137.455374,34.678553],[137.455278,34.678683],[137.455173,34.678737],[137.455031,34.678784],[137.454868,34.678813],[137.454725,34.678952],[137.454717,34.679129],[137.454649,34.679383],[137.454589,34.679527],[137.454513,34.679567],[137.454198,34.679691],[137.453911,34.679866],[137.453665,34.68],[137.453333,34.680486],[137.452951,34.680968],[137.452268,34.681803],[137.452049,34.682089],[137.452001,34.682206],[137.451966,34.683217],[137.451927,34.683734],[137.451777,34.68407],[137.451655,34.684627],[137.451908,34.684688],[137.452115,34.684714],[137.452072,34.684891],[137.451937,34.684879],[137.451921,34.685023],[137.452049,34.68505],[137.45181,34.686602],[137.451851,34.687348],[137.451801,34.688793],[137.451871,34.689137],[137.45191,34.689295],[137.452016,34.689505],[137.452637,34.68952],[137.452665,34.689225],[137.453757,34.68928],[137.454001,34.689607],[137.454405,34.689601],[137.454613,34.689645],[137.454293,34.690393],[137.454145,34.690597],[137.454303,34.690786],[137.454528,34.691322],[137.454734,34.691765],[137.454728,34.692175],[137.454771,34.692401],[137.454824,34.692476],[137.454932,34.692553],[137.455207,34.692712],[137.455297,34.692795],[137.455555,34.693259],[137.455625,34.6933],[137.455718,34.693329],[137.456021,34.693558],[137.456186,34.693713],[137.456221,34.693828],[137.456229,34.693895],[137.456266,34.693939],[137.456361,34.693956],[137.45645,34.693974],[137.456553,34.694068],[137.456626,34.694213],[137.456728,34.694502],[137.456555,34.695002],[137.456396,34.695264],[137.456372,34.695412],[137.456296,34.695876],[137.456296,34.69605],[137.456375,34.696227],[137.456397,34.696334],[137.456346,34.69708],[137.45608,34.697625],[137.456074,34.697748],[137.456095,34.69783],[137.456156,34.697939],[137.456479,34.698507],[137.456592,34.698696],[137.456876,34.699133],[137.456862,34.699437],[137.456841,34.699584],[137.456792,34.699703],[137.456784,34.699723],[137.456674,34.699867],[137.45648,34.699967],[137.456259,34.699998],[137.456523,34.70041],[137.456639,34.700467],[137.456771,34.700557],[137.456864,34.700737],[137.456948,34.700898],[137.457054,34.701171],[137.457065,34.701306],[137.457034,34.701445],[137.456865,34.701756],[137.456807,34.701821],[137.456686,34.701956],[137.456576,34.702108],[137.456443,34.702419],[137.456349,34.702559],[137.45625,34.702633],[137.456092,34.702668],[137.455997,34.702633],[137.455815,34.702423],[137.455767,34.702371],[137.455683,34.702375],[137.455536,34.702419],[137.455431,34.702411],[137.455357,34.702355],[137.455299,34.702216],[137.455236,34.702181],[137.455094,34.702147],[137.455004,34.702138],[137.454878,34.702251],[137.454815,34.702273],[137.454486,34.702137],[137.45441,34.701551],[137.454087,34.70155],[137.453934,34.701489],[137.453729,34.701364],[137.453633,34.701086],[137.45322,34.70042],[137.45245,34.700238],[137.452868,34.700883],[137.453156,34.701561],[137.453395,34.702094],[137.453473,34.702271],[137.453601,34.702348],[137.453681,34.702432],[137.453736,34.702529],[137.453778,34.702723],[137.453782,34.702846],[137.453912,34.703268],[137.453913,34.703567],[137.453849,34.703576],[137.453571,34.703634],[137.453151,34.703791],[137.453155,34.7038],[137.453042,34.703794],[137.452953,34.703752],[137.452825,34.7037],[137.452492,34.703311],[137.4522,34.703533],[137.45252,34.703869],[137.452546,34.703953],[137.45252,34.704037],[137.452304,34.704101],[137.452483,34.704395],[137.452598,34.704469],[137.453443,34.705246],[137.453584,34.705593],[137.453329,34.705657],[137.452998,34.705731],[137.452743,34.705774],[137.452552,34.705796],[137.452284,34.705838],[137.452029,34.705849],[137.451876,34.705881],[137.450972,34.706168],[137.450526,34.706264],[137.450386,34.706148],[137.450295,34.705833],[137.450295,34.705696],[137.450294,34.70558],[137.450904,34.704936],[137.450571,34.704389],[137.450775,34.704294],[137.450774,34.704041],[137.450391,34.704116],[137.450201,34.704274],[137.450061,34.704401],[137.449908,34.704507],[137.449692,34.704623],[137.449463,34.70475],[137.449392,34.704782],[137.449385,34.704956],[137.448783,34.705405],[137.448533,34.705538],[137.448417,34.70558],[137.448261,34.705634],[137.448574,34.706173],[137.448646,34.706129],[137.448759,34.706082],[137.448828,34.706069],[137.449146,34.706181],[137.449507,34.706273],[137.44983,34.706322],[137.45005,34.706324],[137.450154,34.707021],[137.450238,34.707442],[137.450299,34.70761],[137.450355,34.70768],[137.450412,34.707744],[137.451553,34.707349],[137.451868,34.707797],[137.451883,34.707816],[137.451708,34.707994],[137.451603,34.708097],[137.451429,34.708223],[137.451331,34.708367],[137.451228,34.708481],[137.451051,34.708581],[137.451492,34.709607],[137.451711,34.709423],[137.451839,34.709306],[137.452067,34.709126],[137.452231,34.709045],[137.452422,34.709008],[137.452726,34.709015],[137.453064,34.709044],[137.453281,34.709016],[137.453241,34.709373],[137.453397,34.709387],[137.453535,34.708959],[137.453742,34.70894],[137.453493,34.709575],[137.453687,34.709785],[137.454014,34.710038],[137.454364,34.710381],[137.455075,34.710249],[137.455354,34.710174],[137.455449,34.710505],[137.455531,34.710639],[137.455577,34.710716],[137.45569,34.710839],[137.455159,34.711461],[137.455408,34.711777],[137.455951,34.71244],[137.45628,34.712387],[137.456536,34.712367],[137.456689,34.71239],[137.457005,34.712523],[137.457344,34.712734],[137.457619,34.712898],[137.457826,34.712853],[137.458026,34.712778],[137.458208,34.712664],[137.458357,34.712399]]]}},{"type":"Feature","id":"232012970","properties":{"KEY_CODE":"232012970","PREF":"23","CITY":"201","S_AREA":"297000","PREF_NAME":"愛知県","CITY_NAME":"豊橋市","S_NAME":"前芝町","HCODE":8101,"AREA":1423160.895,"KIGO_E":"","JINKO":1976,"SETAI":710,"X_CODE":137.338492,"Y_CODE":34.782414},"geometry":{"type":"Polygon","coordinates":[[[137.333358,34.790125],[137.3335,34.789663],[137.333544,34.78951],[137.333606,34.789323],[137.333652,34.789177],[137.333668,34.789127],[137.337014,34.788826],[137.337023,34.788738],[137.337019,34.78867],[137.337016,34.788548],[137.337018,34.788467],[137.336941,34.78838],[137.336957,34.788309],[137.337026,34.78817],[137.337119,34.788084],[137.33721,34.787955],[137.337291,34.787841],[137.33732,34.787739],[137.337365,34.787641],[137.337411,34.787514],[137.337451,34.787418],[137.337475,34.78734],[137.337616,34.787205],[137.337795,34.787045],[137.337865,34.786972],[137.33795,34.786976],[137.337956,34.786977],[137.338058,34.786971],[137.338176,34.786969],[137.338237,34.786954],[137.33868,34.786917],[137.340186,34.786809],[137.340309,34.786635],[137.340373,34.786543],[137.340434,34.78648],[137.340651,34.786503],[137.340876,34.786547],[137.341067,34.786558],[137.341166,34.78657],[137.341342,34.786614],[137.34149,34.786658],[137.341565,34.786681],[137.341638,34.786704],[137.341557,34.786176],[137.341559,34.785985],[137.34154,34.78561],[137.34159,34.785134],[137.342899,34.785218],[137.342973,34.784351],[137.343966,34.7844],[137.344677,34.784451],[137.344846,34.782764],[137.345523,34.781531],[137.345794,34.78163],[137.346395,34.781888],[137.347765,34.782526],[137.348183,34.782737],[137.347884,34.782325],[137.34756,34.78188],[137.346566,34.780884],[137.346394,34.780688],[137.346227,34.780578],[137.346049,34.780463],[137.346208,34.780224],[137.346045,34.779932],[137.345997,34.779814],[137.345962,34.779602],[137.345933,34.779368],[137.345925,34.779111],[137.345932,34.778894],[137.345943,34.778706],[137.345952,34.778514],[137.345965,34.778372],[137.345969,34.778253],[137.345989,34.778164],[137.346023,34.778066],[137.346097,34.777992],[137.34618,34.777901],[137.346226,34.777859],[137.346299,34.777792],[137.346244,34.777615],[137.346324,34.776911],[137.346452,34.775822],[137.346456,34.775745],[137.346456,34.775671],[137.34399,34.775692],[137.342645,34.775684],[137.342416,34.775682],[137.340365,34.775661],[137.340109,34.775663],[137.339962,34.776549],[137.339847,34.776887],[137.339789,34.776983],[137.33885,34.776995],[137.33874,34.777026],[137.338698,34.777246],[137.338643,34.777327],[137.338159,34.77749],[137.337927,34.777629],[137.337638,34.777812],[137.337443,34.777932],[137.337427,34.777991],[137.337386,34.778763],[137.336675,34.779067],[137.335243,34.779768],[137.334941,34.780051],[137.334921,34.780109],[137.334731,34.780099],[137.334543,34.780132],[137.334357,34.78016],[137.33423,34.780211],[137.334116,34.780268],[137.334007,34.780319],[137.333915,34.780363],[137.333697,34.780446],[137.333468,34.780479],[137.333268,34.780473],[137.333155,34.780461],[137.333058,34.780449],[137.332955,34.780437],[137.332877,34.780437],[137.332402,34.780391],[137.332031,34.780363],[137.331686,34.780427],[137.331307,34.78051],[137.330966,34.780645],[137.3307,34.780819],[137.330535,34.781002],[137.330232,34.780879],[137.330128,34.780922],[137.330069,34.781057],[137.330008,34.781153],[137.329938,34.781286],[137.32954,34.782035],[137.329482,34.782146],[137.329505,34.782314],[137.329696,34.782328],[137.329823,34.782316],[137.329942,34.782327],[137.33006,34.782325],[137.330196,34.782314],[137.330354,34.78229],[137.330479,34.782238],[137.330719,34.782213],[137.330953,34.7822],[137.331152,34.782183],[137.33121,34.782212],[137.331333,34.782272],[137.331514,34.782367],[137.331443,34.782615],[137.331333,34.782859],[137.331278,34.783003],[137.331231,34.783156],[137.331219,34.783257],[137.331187,34.78347],[137.33113,34.783552],[137.331041,34.783636],[137.331052,34.783736],[137.331043,34.783845],[137.330938,34.784066],[137.331016,34.784117],[137.332194,34.784753],[137.331938,34.785078],[137.331682,34.785399],[137.331493,34.785632],[137.332367,34.786118],[137.332163,34.7864],[137.332054,34.786502],[137.332073,34.786978],[137.331609,34.787545],[137.330827,34.788476],[137.330254,34.789122],[137.330121,34.789262],[137.32983,34.789506],[137.329965,34.790073],[137.330455,34.789944],[137.330551,34.789838],[137.330698,34.789671],[137.333358,34.790125]]]}},{"type":"Feature","id":"23201298001","properties":{"KEY_CODE":"23201298001","PREF":"23","CITY":"201","S_AREA":"298001","PREF_NAME":"愛知県","CITY_NAME":"豊橋市","S_NAME":"前田町一丁目","HCODE":8101,"AREA":64547.378,"KIGO_E":"","JINKO":469,"SETAI":234,"X_CODE":137.39582,"Y_CODE":34.762359},"geometry":{"type":"Polygon","coordinates":[[[137.396074,34.761165],[137.395742,34.760759],[137.394259,34.761633],[137.393385,34.762162],[137.393993,34.762488],[137.394051,34.762519],[137.394119,34.762561],[137.394139,34.762574],[137.394534,34.762823],[137.394726,34.762937],[137.395707,34.763163],[137.396229,34.76327],[137.396236,34.763357],[137.396548,34.763425],[137.39716,34.763561],[137.398449,34.763851],[137.397569,34.762863],[137.397213,34.762458],[137.396877,34.76207],[137.396837,34.762022],[137.396465,34.761613],[137.396074,34.761165]]]}},{"type":"Feature","id":"23201298002","properties":{"KEY_CODE":"23201298002","PREF":"23","CITY":"201","S_AREA":"298002","PREF_NAME":"愛知県","CITY_NAME":"豊橋市","S_NAME":"前田町二丁目","HCODE":8101,"AREA":103660.881,"KIGO_E":"","JINKO":708,"SETAI":327,"X_CODE":137.398271,"Y_CODE":34.760897},"geometry":{"type":"Polygon","coordinates":[[[137.400085,34.761392],[137.400539,34.76112],[137.400559,34.761141],[137.400813,34.760994],[137.40098,34.760897],[137.400545,34.760482],[137.400237,34.760256],[137.399995,34.760072],[137.399845,34.75995],[137.399403,34.759598],[137.398988,34.759249],[137.39869,34.759005],[137.398127,34.75933],[137.397985,34.75942],[137.397244,34.759865],[137.395742,34.760759],[137.396074,34.761165],[137.396465,34.761613],[137.396837,34.762022],[137.396877,34.76207],[137.397213,34.762458],[137.397569,34.762863],[137.397847,34.762703],[137.39786,34.762696],[137.398554,34.762293],[137.399062,34.761992],[137.399086,34.761977],[137.39972,34.761606],[137.400085,34.761392]]]}},{"type":"Feature","id":"232013020","properties":{"KEY_CODE":"232013020","PREF":"23","CITY":"201","S_AREA":"302000","PREF_NAME":"愛知県","CITY_NAME":"豊橋市","S_NAME":"前畑町","HCODE":8101,"AREA":99791.818,"KIGO_E":"","JINKO":579,"SETAI":234,"X_CODE":137.405677,"Y_CODE":34.765865},"geometry":{"type":"Polygon","coordinates":[[[137.406719,34.766843],[137.406695,34.766763],[137.406553,34.766262],[137.40729,34.766113],[137.407307,34.766019],[137.407579,34.765961],[137.407497,34.765749],[137.407376,34.765316],[137.407328,34.765192],[137.407299,34.765128],[137.407155,34.764709],[137.4071,34.764562],[137.40693,34.764078],[137.406844,34.763851],[137.406535,34.763956],[137.406555,34.763991],[137.40633,34.764089],[137.406122,34.763729],[137.40508,34.764144],[137.405001,34.764176],[137.404961,34.764342],[137.404789,34.764407],[137.404432,34.764417],[137.404568,34.764664],[137.404326,34.764865],[137.404179,34.764932],[137.404232,34.765024],[137.404322,34.764975],[137.404421,34.765088],[137.404564,34.765037],[137.404645,34.765269],[137.404419,34.765345],[137.404624,34.76575],[137.404678,34.765889],[137.403895,34.765933],[137.403915,34.76602],[137.404009,34.76639],[137.404069,34.766619],[137.404316,34.766805],[137.404549,34.766792],[137.404678,34.767219],[137.404239,34.767317],[137.4043,34.76749],[137.404364,34.767768],[137.404404,34.767982],[137.404443,34.768156],[137.404971,34.768017],[137.405272,34.767966],[137.405479,34.767914],[137.406014,34.76777],[137.406132,34.767729],[137.406486,34.767524],[137.406393,34.767303],[137.406354,34.767205],[137.406259,34.766969],[137.406246,34.766933],[137.406719,34.766843]]]}},{"type":"Feature","id":"232013030","properties":{"KEY_CODE":"232013030","PREF":"23","CITY":"201","S_AREA":"303000","PREF_NAME":"愛知県","CITY_NAME":"豊橋市","S_NAME":"牧野町","HCODE":8101,"AREA":391898.563,"KIGO_E":"","JINKO":2560,"SETAI":1004,"X_CODE":137.401491,"Y_CODE":34.735686},"geometry":{"type":"Polygon","coordinates":[[[137.402885,34.737582],[137.402578,34.73731],[137.402581,34.737307],[137.403274,34.736758],[137.404546,34.73576],[137.404236,34.735497],[137.405315,34.735582],[137.405324,34.735583],[137.405351,34.735585],[137.405396,34.735577],[137.405626,34.73552],[137.405779,34.735488],[137.405944,34.735454],[137.406091,34.73543],[137.406594,34.735435],[137.406571,34.735246],[137.406725,34.735226],[137.406803,34.73512],[137.40656,34.735145],[137.406545,34.734991],[137.406889,34.734951],[137.406926,34.734829],[137.406952,34.734733],[137.406989,34.734609],[137.406999,34.734505],[137.40698,34.734329],[137.40695,34.734172],[137.406621,34.7342],[137.40655,34.73421],[137.406483,34.734236],[137.406432,34.734254],[137.406449,34.734198],[137.40641,34.734151],[137.406448,34.734098],[137.406493,34.73405],[137.406541,34.733953],[137.406596,34.733863],[137.406639,34.733763],[137.406758,34.733634],[137.406749,34.733607],[137.406545,34.733043],[137.406705,34.73289],[137.405901,34.732956],[137.405726,34.732971],[137.40548,34.732991],[137.404131,34.733091],[137.403524,34.733154],[137.402679,34.733247],[137.401187,34.733641],[137.40109,34.733547],[137.40071,34.733252],[137.40055,34.733142],[137.400344,34.733],[137.40011,34.732876],[137.399938,34.73278],[137.399736,34.732677],[137.399566,34.732612],[137.399281,34.732517],[137.398956,34.732416],[137.397954,34.734046],[137.397896,34.734151],[137.397443,34.734832],[137.396987,34.735463],[137.397792,34.735978],[137.398149,34.736209],[137.398623,34.736513],[137.398803,34.736202],[137.399001,34.735749],[137.399241,34.73537],[137.399262,34.735295],[137.399389,34.735506],[137.399536,34.735819],[137.399478,34.736026],[137.399474,34.736126],[137.399497,34.736208],[137.399538,34.736269],[137.399589,34.736311],[137.399658,34.736342],[137.399752,34.736365],[137.399871,34.736369],[137.400003,34.736354],[137.400137,34.736323],[137.40035,34.73625],[137.400738,34.736566],[137.400531,34.736724],[137.399513,34.73749],[137.399478,34.737482],[137.399016,34.73738],[137.398111,34.737883],[137.397437,34.738243],[137.397304,34.738444],[137.397694,34.738673],[137.398074,34.739007],[137.398697,34.739552],[137.398718,34.739579],[137.398786,34.73967],[137.399155,34.740131],[137.399253,34.740236],[137.399318,34.740307],[137.399901,34.740846],[137.399974,34.740327],[137.399976,34.740238],[137.400005,34.740183],[137.400194,34.739952],[137.400514,34.739319],[137.400573,34.739253],[137.400658,34.739199],[137.400909,34.739054],[137.40106,34.738941],[137.401451,34.73864],[137.402885,34.737582]]]}},{"type":"Feature","id":"232013040","properties":{"KEY_CODE":"232013040","PREF":"23","CITY":"201","S_AREA":"304000","PREF_NAME":"愛知県","CITY_NAME":"豊橋市","S_NAME":"町畑町","HCODE":8101,"AREA":299420.366,"KIGO_E":"E1","JINKO":381,"SETAI":164,"X_CODE":137.387326,"Y_CODE":34.740479},"geometry":{"type":"Polygon","coordinates":[[[137.389078,34.739593],[137.389059,34.739268],[137.388951,34.739271],[137.388909,34.738551],[137.388874,34.737677],[137.388864,34.737125],[137.388845,34.736749],[137.388851,34.736503],[137.388434,34.736523],[137.387811,34.736551],[137.387804,34.736485],[137.387422,34.736503],[137.387368,34.735908],[137.38751,34.735875],[137.387975,34.73583],[137.388431,34.735776],[137.38872,34.735746],[137.38868,34.735496],[137.3884,34.735527],[137.388411,34.735618],[137.387573,34.735693],[137.387531,34.735738],[137.387064,34.735801],[137.387064,34.735795],[137.386903,34.735832],[137.386762,34.735845],[137.386764,34.735975],[137.386601,34.735993],[137.386614,34.736147],[137.38649,34.736154],[137.386511,34.736302],[137.386344,34.736316],[137.386376,34.736598],[137.385833,34.736627],[137.385858,34.736855],[137.38557,34.73686],[137.385528,34.737179],[137.385366,34.737193],[137.385402,34.738062],[137.385448,34.739389],[137.385516,34.741113],[137.38553,34.741418],[137.385559,34.741942],[137.385582,34.742241],[137.385605,34.742626],[137.385713,34.744586],[137.386294,34.74457],[137.387151,34.744535],[137.388578,34.744489],[137.389391,34.744462],[137.389372,34.743906],[137.389337,34.743288],[137.389271,34.742289],[137.389238,34.74161],[137.389211,34.741167],[137.389194,34.740781],[137.389137,34.740773],[137.389123,34.740433],[137.389094,34.740111],[137.389084,34.739887],[137.389078,34.739593]]]}},{"type":"Feature","id":"232013040","properties":{"KEY_CODE":"232013040","PREF":"23","CITY":"201","S_AREA":"304000","PREF_NAME":"愛知県","CITY_NAME":"豊橋市","S_NAME":"町畑町","HCODE":8101,"AREA":799.693,"KIGO_E":"E2","JINKO":0,"SETAI":0,"X_CODE":137.390967,"Y_CODE":34.739047},"geometry":{"type":"Polygon","coordinates":[[[137.391253,34.738994],[137.390851,34.738945],[137.390756,34.738956],[137.390755,34.739164],[137.390863,34.739155],[137.391252,34.739076],[137.391253,34.738994]]]}},{"type":"Feature","id":"232013050","properties":{"KEY_CODE":"232013050","PREF":"23","CITY":"201","S_AREA":"305000","PREF_NAME":"愛知県","CITY_NAME":"豊橋市","S_NAME":"松井町","HCODE":8101,"AREA":335746.481,"KIGO_E":"","JINKO":1266,"SETAI":521,"X_CODE":137.374186,"Y_CODE":34.723203},"geometry":{"type":"Polygon","coordinates":[[[137.378739,34.725641],[137.379571,34.724762],[137.379444,34.724478],[137.37926,34.724129],[137.378748,34.723479],[137.378305,34.72293],[137.378045,34.722606],[137.377958,34.722501],[137.377888,34.722406],[137.377845,34.722332],[137.377768,34.722192],[137.376921,34.722394],[137.376767,34.721981],[137.376831,34.721968],[137.376707,34.72164],[137.376687,34.721577],[137.376771,34.721557],[137.376661,34.721256],[137.376175,34.721362],[137.376031,34.721229],[137.375764,34.720981],[137.375707,34.720951],[137.375641,34.720946],[137.3755,34.720997],[137.375432,34.721007],[137.375351,34.720986],[137.375207,34.7209],[137.375102,34.72076],[137.375073,34.720685],[137.375033,34.720599],[137.37501,34.720523],[137.37498,34.720348],[137.374072,34.720484],[137.373061,34.720635],[137.373032,34.720642],[137.373072,34.720764],[137.373082,34.72089],[137.373065,34.721021],[137.373056,34.721219],[137.373059,34.721302],[137.373057,34.721349],[137.373061,34.721398],[137.373063,34.721475],[137.373058,34.721593],[137.373046,34.721699],[137.373029,34.721862],[137.372651,34.721602],[137.37193,34.721144],[137.37161,34.720913],[137.371155,34.721354],[137.36926,34.723241],[137.368483,34.724016],[137.369416,34.724651],[137.369967,34.725043],[137.370001,34.725081],[137.370025,34.725122],[137.370051,34.725204],[137.370679,34.725003],[137.371094,34.724852],[137.371207,34.724794],[137.371273,34.724759],[137.371338,34.724713],[137.371424,34.724651],[137.371331,34.724643],[137.371703,34.724345],[137.371932,34.724078],[137.371979,34.724015],[137.372194,34.724143],[137.372349,34.724247],[137.372414,34.724321],[137.372457,34.724363],[137.372505,34.7244],[137.372621,34.724471],[137.37275,34.724413],[137.372751,34.724412],[137.37293,34.724653],[137.373294,34.724496],[137.373979,34.72525],[137.373985,34.725244],[137.374749,34.724421],[137.375731,34.725047],[137.376556,34.725577],[137.377687,34.72497],[137.378739,34.725641]]]}},{"type":"Feature","id":"23201306001","properties":{"KEY_CODE":"23201306001","PREF":"23","CITY":"201","S_AREA":"306001","PREF_NAME":"愛知県","CITY_NAME":"豊橋市","S_NAME":"松葉町一丁目","HCODE":8101,"AREA":20393.818,"KIGO_E":"","JINKO":62,"SETAI":28,"X_CODE":137.384329,"Y_CODE":34.765172},"geometry":{"type":"Polygon","coordinates":[[[137.385017,34.765572],[137.385018,34.765537],[137.385348,34.765537],[137.385351,34.765475],[137.385313,34.765475],[137.385267,34.764532],[137.385023,34.764526],[137.385015,34.764705],[137.384835,34.764704],[137.384793,34.764703],[137.384751,34.764702],[137.384755,34.764484],[137.384636,34.764485],[137.38463,34.764723],[137.384442,34.764723],[137.384457,34.764526],[137.384287,34.764545],[137.384082,34.764552],[137.384064,34.764695],[137.383955,34.764696],[137.383943,34.764856],[137.383599,34.764865],[137.383586,34.764766],[137.383279,34.764779],[137.383302,34.765236],[137.383305,34.765286],[137.383257,34.765286],[137.383206,34.765553],[137.383193,34.76561],[137.384257,34.765699],[137.384259,34.765699],[137.385003,34.765758],[137.385012,34.765759],[137.385017,34.765572]]]}},{"type":"Feature","id":"23201306002","properties":{"KEY_CODE":"23201306002","PREF":"23","CITY":"201","S_AREA":"306002","PREF_NAME":"愛知県","CITY_NAME":"豊橋市","S_NAME":"松葉町二丁目","HCODE":8101,"AREA":18817.087,"KIGO_E":"","JINKO":73,"SETAI":36,"X_CODE":137.384116,"Y_CODE":34.766215},"geometry":{"type":"Polygon","coordinates":[[[137.385017,34.766643],[137.385012,34.765759],[137.385003,34.765758],[137.384259,34.765699],[137.384257,34.765699],[137.383193,34.76561],[137.383166,34.765846],[137.383262,34.765858],[137.383262,34.766027],[137.383317,34.766026],[137.383331,34.766329],[137.383335,34.76633],[137.383406,34.766329],[137.383409,34.766474],[137.383346,34.766477],[137.383338,34.766477],[137.383341,34.766539],[137.383226,34.766552],[137.383218,34.766701],[137.383249,34.766784],[137.384232,34.766754],[137.385018,34.766723],[137.385017,34.766671],[137.385017,34.766643]]]}},{"type":"Feature","id":"23201306003","properties":{"KEY_CODE":"23201306003","PREF":"23","CITY":"201","S_AREA":"306003","PREF_NAME":"愛知県","CITY_NAME":"豊橋市","S_NAME":"松葉町三丁目","HCODE":8101,"AREA":49559.214,"KIGO_E":"","JINKO":180,"SETAI":70,"X_CODE":137.384245,"Y_CODE":34.768028},"geometry":{"type":"Polygon","coordinates":[[[137.384715,34.769244],[137.38471,34.769049],[137.385026,34.769071],[137.385026,34.769029],[137.3853,34.769037],[137.3853,34.76907],[137.385621,34.769189],[137.385682,34.769175],[137.385562,34.768505],[137.385276,34.768519],[137.385264,34.768101],[137.38533,34.768092],[137.385327,34.768035],[137.385269,34.76804],[137.385276,34.767948],[137.385286,34.767894],[137.385267,34.767711],[137.385033,34.767761],[137.385032,34.767695],[137.385018,34.766723],[137.384232,34.766754],[137.383249,34.766784],[137.383269,34.766837],[137.38329,34.767053],[137.383292,34.767077],[137.38335,34.767078],[137.383371,34.767605],[137.383067,34.767581],[137.383069,34.767614],[137.383096,34.768805],[137.383678,34.769094],[137.384394,34.769245],[137.384715,34.769244]]]}},{"type":"Feature","id":"232013090","properties":{"KEY_CODE":"232013090","PREF":"23","CITY":"201","S_AREA":"309000","PREF_NAME":"愛知県","CITY_NAME":"豊橋市","S_NAME":"松村町","HCODE":8101,"AREA":45544.225,"KIGO_E":"","JINKO":421,"SETAI":196,"X_CODE":137.383175,"Y_CODE":34.75153},"geometry":{"type":"Polygon","coordinates":[[[137.384668,34.752284],[137.384682,34.752084],[137.384774,34.752086],[137.384791,34.752058],[137.385358,34.752094],[137.385351,34.751936],[137.38535,34.751921],[137.385347,34.751531],[137.385318,34.751135],[137.384709,34.751096],[137.383891,34.751036],[137.383186,34.750985],[137.382539,34.750939],[137.382198,34.750913],[137.381214,34.750835],[137.381094,34.751991],[137.381106,34.751992],[137.382409,34.752102],[137.382874,34.75214],[137.382881,34.751938],[137.38324,34.751965],[137.383239,34.751982],[137.383767,34.75201],[137.383796,34.751816],[137.384123,34.751849],[137.384086,34.752247],[137.384668,34.752284]]]}},{"type":"Feature","id":"232013100","properties":{"KEY_CODE":"232013100","PREF":"23","CITY":"201","S_AREA":"310000","PREF_NAME":"愛知県","CITY_NAME":"豊橋市","S_NAME":"馬見塚町","HCODE":8101,"AREA":308919.027,"KIGO_E":"","JINKO":1784,"SETAI":722,"X_CODE":137.357609,"Y_CODE":34.772435},"geometry":{"type":"Polygon","coordinates":[[[137.358355,34.776145],[137.358631,34.775177],[137.360001,34.77543],[137.360009,34.775267],[137.360079,34.774258],[137.360108,34.77361],[137.360184,34.772427],[137.360179,34.772427],[137.359046,34.772393],[137.359039,34.772252],[137.359008,34.772151],[137.358999,34.772074],[137.358984,34.771997],[137.358987,34.7719],[137.358996,34.771794],[137.359021,34.771618],[137.359044,34.77149],[137.359091,34.771242],[137.359127,34.771003],[137.359139,34.770747],[137.359152,34.770522],[137.359154,34.770494],[137.360282,34.770555],[137.360316,34.769773],[137.360316,34.769756],[137.36036,34.769109],[137.360215,34.769064],[137.360131,34.769037],[137.360053,34.769016],[137.359914,34.768967],[137.359842,34.768947],[137.359714,34.76891],[137.359595,34.76887],[137.35945,34.768827],[137.359249,34.76878],[137.359226,34.768774],[137.358835,34.768697],[137.358505,34.768639],[137.358313,34.768607],[137.358158,34.768582],[137.358019,34.768569],[137.357903,34.768555],[137.357846,34.768527],[137.357774,34.768325],[137.357715,34.768215],[137.357653,34.768135],[137.357557,34.768056],[137.357365,34.767892],[137.357231,34.767762],[137.357163,34.767714],[137.357082,34.767631],[137.35702,34.767547],[137.356977,34.76747],[137.356928,34.767384],[137.356879,34.767296],[137.356651,34.768035],[137.356603,34.768279],[137.356496,34.768382],[137.356499,34.768474],[137.356499,34.768683],[137.356502,34.768838],[137.356506,34.769042],[137.356495,34.769414],[137.356491,34.769632],[137.356478,34.770107],[137.356539,34.770415],[137.356624,34.771076],[137.356508,34.771183],[137.356309,34.771379],[137.35599,34.771681],[137.355794,34.771885],[137.355717,34.771994],[137.355712,34.772],[137.355712,34.772003],[137.355706,34.772014],[137.355679,34.772117],[137.35565,34.772246],[137.355589,34.772469],[137.355551,34.772623],[137.355532,34.772823],[137.355528,34.772987],[137.355517,34.773269],[137.355513,34.773505],[137.355429,34.773504],[137.355314,34.773521],[137.35521,34.773558],[137.355048,34.77364],[137.354832,34.773744],[137.354673,34.77381],[137.354554,34.773841],[137.354413,34.773885],[137.354264,34.77389],[137.354232,34.774675],[137.354196,34.775021],[137.354194,34.775271],[137.354171,34.775579],[137.354977,34.775598],[137.356337,34.77565],[137.356475,34.775663],[137.35745,34.775768],[137.358355,34.776145]]]}},{"type":"Feature","id":"232013110","properties":{"KEY_CODE":"232013110","PREF":"23","CITY":"201","S_AREA":"311000","PREF_NAME":"愛知県","CITY_NAME":"豊橋市","S_NAME":"御園町","HCODE":8101,"AREA":60186.414,"KIGO_E":"","JINKO":353,"SETAI":133,"X_CODE":137.40962,"Y_CODE":34.77036},"geometry":{"type":"Polygon","coordinates":[[[137.411028,34.770015],[137.410731,34.769451],[137.410408,34.769469],[137.40986,34.769362],[137.409164,34.769357],[137.408629,34.769369],[137.408267,34.769428],[137.408288,34.769787],[137.408309,34.77003],[137.407073,34.770051],[137.407063,34.770614],[137.407353,34.770619],[137.407742,34.770653],[137.408146,34.770724],[137.408646,34.770832],[137.409107,34.770948],[137.409386,34.771024],[137.409508,34.771058],[137.409843,34.771149],[137.409877,34.771159],[137.410594,34.771343],[137.411094,34.771478],[137.411815,34.771674],[137.41184,34.771679],[137.411557,34.771083],[137.411248,34.770466],[137.411028,34.770015]]]}},{"type":"Feature","id":"232013120","properties":{"KEY_CODE":"232013120","PREF":"23","CITY":"201","S_AREA":"312000","PREF_NAME":"愛知県","CITY_NAME":"豊橋市","S_NAME":"三ツ相町","HCODE":8101,"AREA":467985.324,"KIGO_E":"","JINKO":1913,"SETAI":700,"X_CODE":137.364632,"Y_CODE":34.775794},"geometry":{"type":"Polygon","coordinates":[[[137.369248,34.776504],[137.369305,34.77628],[137.369,34.776303],[137.368904,34.775595],[137.368901,34.775587],[137.368714,34.774949],[137.368699,34.774802],[137.368699,34.77478],[137.368704,34.77377],[137.36737,34.77375],[137.366015,34.773729],[137.364532,34.773695],[137.363364,34.773673],[137.363364,34.773648],[137.363423,34.773342],[137.36349,34.773043],[137.363541,34.772774],[137.363561,34.77267],[137.363587,34.772556],[137.362214,34.772508],[137.361521,34.772481],[137.360184,34.772427],[137.360108,34.77361],[137.360079,34.774258],[137.360009,34.775267],[137.360001,34.77543],[137.358631,34.775177],[137.358355,34.776145],[137.359116,34.776454],[137.360639,34.777073],[137.360958,34.777137],[137.361098,34.777167],[137.363424,34.777675],[137.366972,34.778543],[137.3684,34.778857],[137.370451,34.779309],[137.370527,34.779327],[137.370881,34.77794],[137.36972,34.777737],[137.369156,34.777623],[137.369375,34.776727],[137.369248,34.776504]]]}},{"type":"Feature","id":"232013130","properties":{"KEY_CODE":"232013130","PREF":"23","CITY":"201","S_AREA":"313000","PREF_NAME":"愛知県","CITY_NAME":"豊橋市","S_NAME":"三弥町","HCODE":8101,"AREA":944182.479,"KIGO_E":"","JINKO":273,"SETAI":91,"X_CODE":137.460996,"Y_CODE":34.715346},"geometry":{"type":"Polygon","coordinates":[[[137.463494,34.722493],[137.463911,34.721483],[137.463942,34.721477],[137.463993,34.721351],[137.464052,34.721215],[137.464243,34.720792],[137.463872,34.720361],[137.463717,34.720133],[137.463676,34.720055],[137.463644,34.71998],[137.463593,34.719846],[137.465138,34.719458],[137.465072,34.719242],[137.465246,34.719067],[137.465535,34.718774],[137.465604,34.718741],[137.465752,34.718668],[137.465877,34.718591],[137.465298,34.717864],[137.465312,34.717694],[137.465462,34.717613],[137.465401,34.717252],[137.465381,34.71717],[137.465307,34.717045],[137.465209,34.71692],[137.465104,34.716824],[137.464794,34.716739],[137.464181,34.716653],[137.463642,34.716599],[137.46311,34.716635],[137.462946,34.715979],[137.462839,34.715413],[137.462889,34.715323],[137.462912,34.715246],[137.463,34.714937],[137.463172,34.714731],[137.463289,34.714578],[137.463556,34.714328],[137.463709,34.714225],[137.463805,34.714193],[137.46394,34.714248],[137.464185,34.714303],[137.464256,34.714302],[137.464124,34.714031],[137.463945,34.713802],[137.463686,34.713597],[137.464812,34.713396],[137.465526,34.713272],[137.465018,34.712781],[137.464898,34.712643],[137.464857,34.712559],[137.46484,34.71245],[137.464836,34.712309],[137.464889,34.712177],[137.465044,34.712055],[137.465275,34.711977],[137.465286,34.711974],[137.465636,34.711989],[137.465676,34.711987],[137.465345,34.711224],[137.465137,34.710745],[137.465116,34.710646],[137.465114,34.71054],[137.465128,34.710452],[137.465162,34.710336],[137.465242,34.71019],[137.465444,34.710048],[137.465313,34.710025],[137.465176,34.710026],[137.464946,34.710009],[137.464775,34.709944],[137.464717,34.70988],[137.464692,34.709803],[137.464704,34.709718],[137.464733,34.70964],[137.464794,34.709556],[137.464945,34.709464],[137.465286,34.709313],[137.465355,34.70913],[137.465415,34.708796],[137.465412,34.708486],[137.465211,34.708335],[137.46501,34.708329],[137.464855,34.708299],[137.46467,34.708231],[137.464469,34.70811],[137.464334,34.707982],[137.464153,34.707851],[137.463825,34.707605],[137.463571,34.707652],[137.463084,34.707936],[137.46279,34.708033],[137.461301,34.708618],[137.460472,34.708943],[137.460602,34.70954],[137.460693,34.709899],[137.458847,34.710226],[137.458357,34.712399],[137.458208,34.712664],[137.458026,34.712778],[137.457826,34.712853],[137.457619,34.712898],[137.457172,34.712963],[137.45695,34.713033],[137.456799,34.713144],[137.45669,34.713273],[137.456592,34.713433],[137.456513,34.713617],[137.456503,34.713817],[137.456532,34.714029],[137.456594,34.714208],[137.457041,34.71472],[137.457163,34.714948],[137.457224,34.715193],[137.457185,34.715518],[137.45711,34.71591],[137.456988,34.716307],[137.456813,34.716668],[137.456588,34.717068],[137.456243,34.717691],[137.456126,34.717923],[137.455409,34.718939],[137.455144,34.719308],[137.455108,34.719575],[137.455088,34.720461],[137.45681,34.720581],[137.457466,34.720626],[137.457928,34.720637],[137.458816,34.720608],[137.458956,34.721055],[137.458962,34.721267],[137.459064,34.721188],[137.459563,34.72081],[137.459655,34.720775],[137.46036,34.7206],[137.461263,34.720384],[137.461267,34.7204],[137.461335,34.720551],[137.46143,34.720809],[137.461849,34.722058],[137.462029,34.722041],[137.462379,34.722077],[137.462578,34.722131],[137.462799,34.722236],[137.462987,34.722339],[137.463145,34.722436],[137.463354,34.722478],[137.463494,34.722493]]]}},{"type":"Feature","id":"23201314001","properties":{"KEY_CODE":"23201314001","PREF":"23","CITY":"201","S_AREA":"314001","PREF_NAME":"愛知県","CITY_NAME":"豊橋市","S_NAME":"緑ケ丘一丁目","HCODE":8101,"AREA":118241.996,"KIGO_E":"","JINKO":904,"SETAI":365,"X_CODE":137.4351,"Y_CODE":34.778689},"geometry":{"type":"Polygon","coordinates":[[[137.434193,34.77746],[137.433089,34.777424],[137.4327,34.778224],[137.432686,34.778261],[137.432659,34.778328],[137.432638,34.778443],[137.43266,34.779012],[137.432671,34.779555],[137.432188,34.779557],[137.43231,34.779919],[137.434143,34.77988],[137.435656,34.779831],[137.436174,34.779812],[137.436268,34.779809],[137.436371,34.779806],[137.436506,34.7798],[137.436661,34.77979],[137.436784,34.779773],[137.43694,34.779735],[137.437046,34.779698],[137.437082,34.779686],[137.437699,34.779483],[137.437722,34.777599],[137.437133,34.777574],[137.435698,34.777524],[137.434711,34.777482],[137.434193,34.77746]]]}},{"type":"Feature","id":"23201314002","properties":{"KEY_CODE":"23201314002","PREF":"23","CITY":"201","S_AREA":"314002","PREF_NAME":"愛知県","CITY_NAME":"豊橋市","S_NAME":"緑ケ丘二丁目","HCODE":8101,"AREA":97768.109,"KIGO_E":"","JINKO":935,"SETAI":375,"X_CODE":137.436031,"Y_CODE":34.776239},"geometry":{"type":"Polygon","coordinates":[[[137.436542,34.774531],[137.435965,34.774514],[137.435883,34.774658],[137.435801,34.774773],[137.435723,34.774857],[137.435561,34.775008],[137.435414,34.77512],[137.434991,34.775386],[137.434806,34.775549],[137.43443,34.775931],[137.434269,34.776177],[137.434125,34.776391],[137.433704,34.776939],[137.433565,34.777109],[137.433509,34.777171],[137.433452,34.777215],[137.433383,34.777245],[137.433133,34.777372],[137.433107,34.777393],[137.433089,34.777424],[137.434193,34.77746],[137.434711,34.777482],[137.435698,34.777524],[137.437133,34.777574],[137.437722,34.777599],[137.437715,34.776058],[137.437737,34.77455],[137.437193,34.77454],[137.4366,34.774533],[137.436542,34.774531]]]}},{"type":"Feature","id":"232013160","properties":{"KEY_CODE":"232013160","PREF":"23","CITY":"201","S_AREA":"316000","PREF_NAME":"愛知県","CITY_NAME":"豊橋市","S_NAME":"湊町","HCODE":8101,"AREA":90945.608,"KIGO_E":"","JINKO":273,"SETAI":98,"X_CODE":137.385464,"Y_CODE":34.771076},"geometry":{"type":"Polygon","coordinates":[[[137.386348,34.772197],[137.387344,34.771758],[137.387336,34.771733],[137.387225,34.771374],[137.387135,34.771083],[137.387038,34.771102],[137.386938,34.770694],[137.387098,34.770657],[137.386967,34.770115],[137.38696,34.770086],[137.387116,34.770057],[137.386868,34.769874],[137.386881,34.769658],[137.386913,34.769646],[137.386781,34.76935],[137.386425,34.769412],[137.386417,34.769739],[137.386184,34.769753],[137.386088,34.769493],[137.385745,34.769564],[137.385163,34.769676],[137.385007,34.769706],[137.38477,34.769733],[137.38434,34.76976],[137.383601,34.76977],[137.383878,34.770604],[137.384019,34.771065],[137.384062,34.77123],[137.384076,34.77128],[137.384157,34.771331],[137.384238,34.771638],[137.384137,34.771648],[137.384002,34.771666],[137.383959,34.771686],[137.384001,34.771869],[137.384063,34.771866],[137.384316,34.772629],[137.384456,34.772776],[137.384826,34.773163],[137.384852,34.773144],[137.385404,34.772736],[137.385797,34.772473],[137.385951,34.772389],[137.386348,34.772197]]]}},{"type":"Feature","id":"232013170","properties":{"KEY_CODE":"232013170","PREF":"23","CITY":"201","S_AREA":"317000","PREF_NAME":"愛知県","CITY_NAME":"豊橋市","S_NAME":"南旭町","HCODE":8101,"AREA":26130.198,"KIGO_E":"","JINKO":153,"SETAI":58,"X_CODE":137.403151,"Y_CODE":34.765539},"geometry":{"type":"Polygon","coordinates":[[[137.403211,34.766056],[137.403571,34.766025],[137.403915,34.76602],[137.403895,34.765933],[137.403854,34.765765],[137.404624,34.76575],[137.404419,34.765345],[137.40432,34.765178],[137.404232,34.765024],[137.404179,34.764932],[137.403956,34.764546],[137.403325,34.764792],[137.40354,34.765204],[137.402678,34.765234],[137.401576,34.765495],[137.401685,34.76582],[137.401794,34.766139],[137.402225,34.766057],[137.402278,34.766246],[137.40291,34.766126],[137.402901,34.766102],[137.403077,34.766085],[137.403211,34.766056]]]}},{"type":"Feature","id":"23201318001","properties":{"KEY_CODE":"23201318001","PREF":"23","CITY":"201","S_AREA":"318001","PREF_NAME":"愛知県","CITY_NAME":"豊橋市","S_NAME":"南牛川一丁目","HCODE":8101,"AREA":156583.003,"KIGO_E":"","JINKO":903,"SETAI":377,"X_CODE":137.419175,"Y_CODE":34.772422},"geometry":{"type":"Polygon","coordinates":[[[137.421705,34.773944],[137.421727,34.773329],[137.421732,34.773229],[137.42177,34.772361],[137.421783,34.771924],[137.421811,34.771011],[137.421811,34.771007],[137.421849,34.769848],[137.421871,34.76927],[137.421891,34.768752],[137.421581,34.769278],[137.421124,34.770067],[137.420985,34.77025],[137.420956,34.770286],[137.420849,34.770419],[137.420441,34.770814],[137.420251,34.770985],[137.420001,34.771178],[137.419705,34.771355],[137.419448,34.771492],[137.419152,34.771624],[137.418909,34.77172],[137.418667,34.771796],[137.418313,34.771892],[137.418213,34.771917],[137.417709,34.772001],[137.417459,34.772026],[137.416881,34.772056],[137.416759,34.77206],[137.416491,34.772057],[137.416136,34.772086],[137.415914,34.772104],[137.415609,34.772123],[137.415377,34.772122],[137.414977,34.772149],[137.414983,34.772234],[137.415013,34.772436],[137.415037,34.772548],[137.415093,34.772725],[137.41521,34.773039],[137.415238,34.773086],[137.415383,34.773289],[137.415406,34.773332],[137.415556,34.773695],[137.416157,34.773662],[137.416657,34.773661],[137.419063,34.773795],[137.420067,34.77385],[137.421094,34.773907],[137.421109,34.773908],[137.421705,34.773944]]]}},{"type":"Feature","id":"23201318002","properties":{"KEY_CODE":"23201318002","PREF":"23","CITY":"201","S_AREA":"318002","PREF_NAME":"愛知県","CITY_NAME":"豊橋市","S_NAME":"南牛川二丁目","HCODE":8101,"AREA":112685.691,"KIGO_E":"","JINKO":299,"SETAI":87,"X_CODE":137.419034,"Y_CODE":34.774845},"geometry":{"type":"Polygon","coordinates":[[[137.421627,34.776025],[137.421705,34.773944],[137.421109,34.773908],[137.421094,34.773907],[137.420067,34.77385],[137.419063,34.773795],[137.416657,34.773661],[137.416157,34.773662],[137.416254,34.773814],[137.416311,34.773928],[137.416395,34.774231],[137.416435,34.77445],[137.416459,34.774504],[137.416465,34.774518],[137.416553,34.774734],[137.416556,34.77474],[137.416523,34.77549],[137.416507,34.775836],[137.417411,34.775879],[137.417945,34.775896],[137.419766,34.775941],[137.419885,34.775939],[137.421023,34.77597],[137.421016,34.776004],[137.421627,34.776025]]]}},{"type":"Feature","id":"232013200","properties":{"KEY_CODE":"232013200","PREF":"23","CITY":"201","S_AREA":"320000","PREF_NAME":"愛知県","CITY_NAME":"豊橋市","S_NAME":"南大清水町","HCODE":8101,"AREA":2189505.325,"KIGO_E":"","JINKO":2778,"SETAI":771,"X_CODE":137.36495,"Y_CODE":34.687926},"geometry":{"type":"Polygon","coordinates":[[[137.367348,34.695937],[137.36746,34.695408],[137.368327,34.695927],[137.368699,34.69614],[137.368835,34.695926],[137.369434,34.694977],[137.369555,34.694742],[137.369382,34.694556],[137.36952,34.69444],[137.369042,34.693935],[137.368487,34.693777],[137.368245,34.693263],[137.368206,34.693204],[137.367514,34.693103],[137.367238,34.693059],[137.366744,34.692981],[137.366244,34.692903],[137.36598,34.692389],[137.365764,34.691958],[137.365793,34.691914],[137.365815,34.691849],[137.36585,34.691756],[137.365592,34.691412],[137.365545,34.691398],[137.365459,34.691417],[137.365334,34.691467],[137.36518,34.69152],[137.365111,34.691509],[137.365035,34.691462],[137.36495,34.691378],[137.364897,34.69129],[137.364849,34.691199],[137.364807,34.691097],[137.364764,34.690941],[137.364671,34.690648],[137.364505,34.690523],[137.364201,34.690279],[137.364511,34.69032],[137.364906,34.690371],[137.365141,34.6904],[137.365582,34.690433],[137.365702,34.69071],[137.36575,34.69074],[137.365952,34.690785],[137.36612,34.690824],[137.366111,34.690961],[137.366111,34.691036],[137.366288,34.691045],[137.366586,34.691056],[137.366902,34.691067],[137.367093,34.691061],[137.367385,34.69171],[137.369424,34.691691],[137.369651,34.691851],[137.369758,34.691891],[137.370227,34.691999],[137.370426,34.692028],[137.370814,34.692086],[137.371064,34.69214],[137.371254,34.69218],[137.371481,34.692246],[137.37214,34.691906],[137.37219,34.691876],[137.372205,34.691841],[137.372191,34.691665],[137.372155,34.691306],[137.371972,34.690981],[137.371919,34.690898],[137.371888,34.690854],[137.371848,34.690792],[137.37179,34.690681],[137.371641,34.690437],[137.371554,34.690282],[137.371477,34.690149],[137.371477,34.690148],[137.371486,34.690103],[137.371749,34.689905],[137.372103,34.689798],[137.37229,34.689747],[137.37221,34.689559],[137.372158,34.689484],[137.372038,34.68945],[137.371918,34.689439],[137.37181,34.689398],[137.371726,34.68934],[137.371691,34.6893],[137.371687,34.689267],[137.371694,34.689208],[137.371769,34.689069],[137.371793,34.689027],[137.371796,34.688992],[137.371751,34.688856],[137.371648,34.688577],[137.37173,34.68847],[137.371769,34.688342],[137.371846,34.687648],[137.371984,34.687612],[137.372049,34.687593],[137.37208,34.687552],[137.372103,34.687448],[137.372137,34.687229],[137.37219,34.686993],[137.372242,34.686822],[137.372301,34.686624],[137.372428,34.686189],[137.372449,34.686166],[137.372576,34.686166],[137.372642,34.686169],[137.37279,34.686162],[137.372699,34.685659],[137.373017,34.685144],[137.373158,34.684657],[137.373489,34.684108],[137.373432,34.683849],[137.37338,34.683789],[137.37324,34.68369],[137.373221,34.683628],[137.373245,34.683581],[137.373358,34.683439],[137.373548,34.683291],[137.373622,34.683257],[137.373707,34.683251],[137.374046,34.683326],[137.374131,34.68332],[137.37505,34.682595],[137.374826,34.682366],[137.374863,34.682252],[137.375729,34.681509],[137.375606,34.681422],[137.37544,34.681333],[137.374618,34.681929],[137.373383,34.682873],[137.373375,34.682827],[137.373347,34.68145],[137.37333,34.681214],[137.373316,34.68117],[137.373249,34.680946],[137.372956,34.681152],[137.372782,34.681333],[137.372712,34.681414],[137.37259,34.681601],[137.372441,34.681839],[137.372423,34.681392],[137.372386,34.681311],[137.372331,34.681254],[137.371595,34.680843],[137.371345,34.680765],[137.371125,34.680721],[137.370088,34.680578],[137.369467,34.680477],[137.369206,34.680441],[137.369196,34.680102],[137.369193,34.679632],[137.36919,34.679251],[137.36882,34.679251],[137.367367,34.678854],[137.366464,34.678602],[137.366426,34.678593],[137.365677,34.67838],[137.365489,34.678728],[137.365342,34.678817],[137.365098,34.678721],[137.364883,34.678955],[137.3646,34.679263],[137.364065,34.679852],[137.364007,34.679924],[137.36393,34.680005],[137.363658,34.680283],[137.36356,34.6804],[137.363438,34.680549],[137.363283,34.68079],[137.363261,34.680847],[137.363223,34.68093],[137.36321,34.680968],[137.363185,34.681036],[137.363134,34.681227],[137.363126,34.681324],[137.363125,34.681328],[137.36312,34.681473],[137.363113,34.681677],[137.36311,34.681745],[137.363084,34.682615],[137.363023,34.682608],[137.362754,34.682578],[137.362243,34.682519],[137.362053,34.68258],[137.360741,34.683],[137.36031,34.683148],[137.360171,34.683203],[137.360038,34.683309],[137.359884,34.683466],[137.359793,34.683626],[137.359719,34.683746],[137.359328,34.684429],[137.35928,34.684508],[137.358136,34.684084],[137.358021,34.684298],[137.357741,34.684809],[137.357348,34.684695],[137.356375,34.684485],[137.355631,34.684287],[137.355485,34.684374],[137.355343,34.684467],[137.355212,34.684566],[137.355123,34.684667],[137.355102,34.684743],[137.355086,34.684858],[137.355084,34.684973],[137.355144,34.685103],[137.355185,34.685396],[137.355208,34.685622],[137.355227,34.68575],[137.35528,34.685778],[137.355358,34.685819],[137.355447,34.685878],[137.355599,34.68602],[137.355758,34.68619],[137.356003,34.686536],[137.356239,34.686819],[137.356382,34.686944],[137.356513,34.68704],[137.356696,34.687148],[137.356911,34.68725],[137.357118,34.687337],[137.357315,34.687394],[137.357484,34.687415],[137.357806,34.687413],[137.357324,34.688514],[137.356909,34.689485],[137.35662,34.690124],[137.356462,34.690455],[137.356388,34.690678],[137.356336,34.690853],[137.356344,34.691061],[137.356389,34.691184],[137.356433,34.691283],[137.357375,34.692677],[137.357904,34.693349],[137.358332,34.693859],[137.358508,34.694069],[137.358802,34.694341],[137.359757,34.69512],[137.359914,34.695244],[137.360349,34.695444],[137.360528,34.695515],[137.361315,34.695856],[137.361621,34.695991],[137.362264,34.696278],[137.363675,34.69689],[137.364055,34.697056],[137.364071,34.697063],[137.364191,34.697122],[137.364722,34.697353],[137.365112,34.697523],[137.366338,34.697936],[137.368032,34.698537],[137.368114,34.69853],[137.36889,34.698378],[137.368251,34.697963],[137.368277,34.69782],[137.367111,34.697142],[137.367348,34.695937]]]}},{"type":"Feature","id":"232013210","properties":{"KEY_CODE":"232013210","PREF":"23","CITY":"201","S_AREA":"321000","PREF_NAME":"愛知県","CITY_NAME":"豊橋市","S_NAME":"南瓦町","HCODE":8101,"AREA":53770.003,"KIGO_E":"","JINKO":448,"SETAI":217,"X_CODE":137.40565,"Y_CODE":34.759452},"geometry":{"type":"Polygon","coordinates":[[[137.404108,34.76155],[137.404693,34.760802],[137.405138,34.761058],[137.405822,34.760256],[137.406202,34.759767],[137.406288,34.759625],[137.406378,34.759516],[137.4066,34.759265],[137.406787,34.759053],[137.406951,34.758872],[137.407018,34.758798],[137.406943,34.758751],[137.407174,34.758492],[137.407335,34.758304],[137.407144,34.758187],[137.407293,34.758036],[137.407619,34.757592],[137.407448,34.757496],[137.407643,34.757223],[137.407429,34.757102],[137.407046,34.757635],[137.40682,34.757469],[137.406669,34.757608],[137.406735,34.757653],[137.406575,34.757802],[137.406293,34.758049],[137.406275,34.758036],[137.405843,34.758416],[137.405849,34.758429],[137.405546,34.758613],[137.405487,34.758656],[137.405353,34.758524],[137.405334,34.758522],[137.405207,34.758602],[137.405334,34.758759],[137.404942,34.758995],[137.405194,34.759375],[137.404667,34.759913],[137.404423,34.760187],[137.404187,34.760431],[137.403343,34.761195],[137.403589,34.7613],[137.403614,34.76131],[137.403602,34.761326],[137.403859,34.761432],[137.404087,34.761525],[137.404108,34.76155]]]}},{"type":"Feature","id":"232013220","properties":{"KEY_CODE":"232013220","PREF":"23","CITY":"201","S_AREA":"322000","PREF_NAME":"愛知県","CITY_NAME":"豊橋市","S_NAME":"南小池町","HCODE":8101,"AREA":118004.363,"KIGO_E":"","JINKO":813,"SETAI":420,"X_CODE":137.388739,"Y_CODE":34.745971},"geometry":{"type":"Polygon","coordinates":[[[137.391038,34.747643],[137.391231,34.74678],[137.39117,34.746795],[137.391103,34.746822],[137.391057,34.746851],[137.390997,34.746791],[137.390848,34.746889],[137.390614,34.747108],[137.390545,34.747013],[137.390266,34.74624],[137.390533,34.745912],[137.390521,34.745571],[137.390502,34.745045],[137.390521,34.745044],[137.390521,34.745033],[137.390506,34.744697],[137.390505,34.744675],[137.390482,34.744676],[137.390467,34.744435],[137.389391,34.744462],[137.388578,34.744489],[137.387151,34.744535],[137.386294,34.74457],[137.385713,34.744586],[137.386028,34.744919],[137.386448,34.745314],[137.386521,34.74541],[137.386734,34.745592],[137.386919,34.745758],[137.387133,34.745984],[137.387377,34.747198],[137.387435,34.747541],[137.388524,34.747589],[137.389568,34.747617],[137.38987,34.747621],[137.390306,34.747631],[137.390339,34.747631],[137.391038,34.747643]]]}},{"type":"Feature","id":"232013230","properties":{"KEY_CODE":"232013230","PREF":"23","CITY":"201","S_AREA":"323000","PREF_NAME":"愛知県","CITY_NAME":"豊橋市","S_NAME":"南栄町","HCODE":8101,"AREA":234915.418,"KIGO_E":"","JINKO":2229,"SETAI":1104,"X_CODE":137.385068,"Y_CODE":34.735231},"geometry":{"type":"Polygon","coordinates":[[[137.385528,34.737179],[137.38557,34.73686],[137.385858,34.736855],[137.385833,34.736627],[137.386376,34.736598],[137.386344,34.736316],[137.386511,34.736302],[137.38649,34.736154],[137.386614,34.736147],[137.386601,34.735993],[137.386764,34.735975],[137.386762,34.735845],[137.386903,34.735832],[137.387064,34.735795],[137.387064,34.735801],[137.387531,34.735738],[137.387573,34.735693],[137.388411,34.735618],[137.3884,34.735527],[137.38868,34.735496],[137.388479,34.734261],[137.388362,34.733507],[137.38834,34.733354],[137.387855,34.733409],[137.387815,34.733154],[137.387558,34.733043],[137.38715,34.733109],[137.387143,34.73311],[137.38696,34.733139],[137.386717,34.733176],[137.385707,34.733327],[137.385357,34.733355],[137.385334,34.733179],[137.385292,34.73289],[137.385155,34.733055],[137.384957,34.733312],[137.384916,34.733378],[137.384892,34.733441],[137.384761,34.732882],[137.384653,34.732578],[137.383864,34.732792],[137.383095,34.733],[137.383179,34.733362],[137.382596,34.733469],[137.382722,34.734196],[137.38278,34.734659],[137.38284,34.735109],[137.382901,34.735608],[137.382961,34.73608],[137.38145,34.73624],[137.381452,34.7363],[137.381899,34.736692],[137.381919,34.73671],[137.381745,34.736844],[137.381958,34.737033],[137.382117,34.736908],[137.382301,34.737075],[137.382746,34.737486],[137.383455,34.738107],[137.383789,34.738104],[137.384662,34.738072],[137.385402,34.738062],[137.385366,34.737193],[137.385528,34.737179]]]}},{"type":"Feature","id":"23201324001","properties":{"KEY_CODE":"23201324001","PREF":"23","CITY":"201","S_AREA":"324001","PREF_NAME":"愛知県","CITY_NAME":"豊橋市","S_NAME":"南島町一丁目","HCODE":8101,"AREA":26846.964,"KIGO_E":"","JINKO":271,"SETAI":121,"X_CODE":137.379771,"Y_CODE":34.771028},"geometry":{"type":"Polygon","coordinates":[[[137.379926,34.769779],[137.37958,34.76976],[137.379571,34.769932],[137.379375,34.769935],[137.379361,34.769971],[137.379371,34.770318],[137.379397,34.770961],[137.378859,34.770986],[137.379028,34.772002],[137.379519,34.772005],[137.3798,34.772016],[137.380474,34.771857],[137.380471,34.77181],[137.38045,34.771371],[137.380451,34.770954],[137.38045,34.770934],[137.380415,34.770282],[137.380414,34.770249],[137.380403,34.769981],[137.379916,34.769973],[137.379926,34.769779]]]}},{"type":"Feature","id":"23201324002","properties":{"KEY_CODE":"23201324002","PREF":"23","CITY":"201","S_AREA":"324002","PREF_NAME":"愛知県","CITY_NAME":"豊橋市","S_NAME":"南島町二丁目","HCODE":8101,"AREA":51733.437,"KIGO_E":"","JINKO":296,"SETAI":135,"X_CODE":137.37805,"Y_CODE":34.770921},"geometry":{"type":"Polygon","coordinates":[[[137.376744,34.77202],[137.377348,34.771996],[137.37861,34.772],[137.379028,34.772002],[137.378859,34.770986],[137.379397,34.770961],[137.379371,34.770318],[137.379361,34.769971],[137.379375,34.769935],[137.379463,34.76975],[137.378185,34.769659],[137.37777,34.769626],[137.377318,34.770336],[137.376854,34.771053],[137.376716,34.771271],[137.376662,34.771356],[137.376243,34.772013],[137.376744,34.77202]]]}},{"type":"Feature","id":"232013260","properties":{"KEY_CODE":"232013260","PREF":"23","CITY":"201","S_AREA":"326000","PREF_NAME":"愛知県","CITY_NAME":"豊橋市","S_NAME":"南松山町","HCODE":8101,"AREA":79251.758,"KIGO_E":"","JINKO":317,"SETAI":147,"X_CODE":137.38824,"Y_CODE":34.755424},"geometry":{"type":"Polygon","coordinates":[[[137.389346,34.753643],[137.389443,34.753466],[137.38907,34.753408],[137.389046,34.753492],[137.388226,34.753352],[137.387977,34.753715],[137.387797,34.753984],[137.387195,34.754908],[137.386919,34.755339],[137.386315,34.756283],[137.386445,34.756343],[137.386687,34.756453],[137.387283,34.756734],[137.388269,34.757204],[137.388673,34.756948],[137.388701,34.756931],[137.389173,34.756633],[137.389631,34.756617],[137.389621,34.756482],[137.389565,34.755743],[137.389566,34.755686],[137.389607,34.755098],[137.389631,34.754727],[137.389602,34.754723],[137.389444,34.754703],[137.389313,34.754662],[137.389183,34.754598],[137.389045,34.754504],[137.388871,34.754353],[137.388866,34.754349],[137.389202,34.753882],[137.389346,34.753643]]]}},{"type":"Feature","id":"23201327000","properties":{"KEY_CODE":"23201327000","PREF":"23","CITY":"201","S_AREA":"327000","PREF_NAME":"愛知県","CITY_NAME":"豊橋市","S_NAME":"三ノ輪町字本興寺","HCODE":8101,"AREA":301543.229,"KIGO_E":"","JINKO":1294,"SETAI":548,"X_CODE":137.410291,"Y_CODE":34.749056},"geometry":{"type":"Polygon","coordinates":[[[137.407741,34.752569],[137.407925,34.752154],[137.408526,34.752333],[137.40892,34.751401],[137.409614,34.751633],[137.409702,34.751334],[137.410009,34.75036],[137.41034,34.750477],[137.410636,34.75059],[137.410734,34.750628],[137.410771,34.750653],[137.41081,34.75068],[137.410936,34.750764],[137.411028,34.750849],[137.411144,34.750988],[137.411231,34.751126],[137.411399,34.751298],[137.41145,34.751331],[137.411514,34.751372],[137.41155,34.751393],[137.411713,34.751484],[137.41196,34.751575],[137.412228,34.751646],[137.412491,34.751718],[137.41255,34.751727],[137.412573,34.751647],[137.412701,34.751216],[137.41327,34.749419],[137.413279,34.74939],[137.413317,34.749254],[137.413747,34.747691],[137.414021,34.746815],[137.414045,34.746719],[137.414065,34.746643],[137.413903,34.746599],[137.41338,34.746403],[137.413093,34.746306],[137.412882,34.746253],[137.412596,34.746225],[137.412411,34.746209],[137.412288,34.746213],[137.411964,34.746259],[137.410952,34.746451],[137.410535,34.74653],[137.409933,34.746656],[137.409619,34.746746],[137.409523,34.746788],[137.409431,34.746819],[137.409051,34.746935],[137.408946,34.74698],[137.408834,34.747037],[137.408771,34.747081],[137.408425,34.747354],[137.408105,34.747562],[137.407896,34.747697],[137.407651,34.747852],[137.407407,34.747976],[137.407158,34.748072],[137.406938,34.748132],[137.406509,34.748215],[137.406176,34.748242],[137.406015,34.748265],[137.405856,34.748308],[137.405742,34.748356],[137.405667,34.748405],[137.405555,34.748523],[137.405636,34.748523],[137.405751,34.748545],[137.406151,34.74867],[137.406314,34.748748],[137.406426,34.748818],[137.406562,34.748938],[137.406662,34.749011],[137.406737,34.749064],[137.406798,34.74909],[137.406868,34.749114],[137.406971,34.749142],[137.4075,34.749222],[137.407695,34.749284],[137.407888,34.749366],[137.407993,34.749419],[137.408081,34.74948],[137.408039,34.749651],[137.408003,34.749771],[137.407819,34.750309],[137.407442,34.750806],[137.407393,34.75088],[137.407355,34.750948],[137.407317,34.751042],[137.407256,34.751136],[137.407172,34.751258],[137.407109,34.751304],[137.407082,34.751321],[137.407029,34.751319],[137.407011,34.751348],[137.406847,34.75148],[137.406748,34.751627],[137.40664,34.751785],[137.406571,34.751842],[137.406403,34.751928],[137.406311,34.751981],[137.406252,34.75206],[137.406164,34.752185],[137.406301,34.752264],[137.406381,34.752292],[137.406525,34.752307],[137.406533,34.752218],[137.406614,34.752235],[137.406646,34.752278],[137.406706,34.752249],[137.407168,34.752367],[137.407222,34.752327],[137.407741,34.752569]]]}},{"type":"Feature","id":"23201327001","properties":{"KEY_CODE":"23201327001","PREF":"23","CITY":"201","S_AREA":"327001","PREF_NAME":"愛知県","CITY_NAME":"豊橋市","S_NAME":"三ノ輪町一丁目","HCODE":8101,"AREA":36721.924,"KIGO_E":"","JINKO":206,"SETAI":78,"X_CODE":137.409326,"Y_CODE":34.756184},"geometry":{"type":"Polygon","coordinates":[[[137.410884,34.754913],[137.410122,34.754562],[137.410031,34.754818],[137.409495,34.754706],[137.40936,34.755334],[137.408886,34.755954],[137.408592,34.756337],[137.407842,34.757345],[137.408259,34.757611],[137.408757,34.75791],[137.408864,34.757736],[137.408888,34.757701],[137.409633,34.756606],[137.409768,34.756391],[137.410169,34.755828],[137.410749,34.75507],[137.410884,34.754913]]]}},{"type":"Feature","id":"23201327002","properties":{"KEY_CODE":"23201327002","PREF":"23","CITY":"201","S_AREA":"327002","PREF_NAME":"愛知県","CITY_NAME":"豊橋市","S_NAME":"三ノ輪町二丁目","HCODE":8101,"AREA":83791.631,"KIGO_E":"","JINKO":628,"SETAI":245,"X_CODE":137.413252,"Y_CODE":34.754602},"geometry":{"type":"Polygon","coordinates":[[[137.41269,34.755968],[137.413516,34.755606],[137.413702,34.755541],[137.413779,34.755537],[137.414194,34.75554],[137.414433,34.755525],[137.414657,34.755495],[137.414782,34.755467],[137.415271,34.75533],[137.415259,34.75531],[137.415254,34.755299],[137.415075,34.754908],[137.414851,34.75442],[137.414835,34.754412],[137.414818,34.754413],[137.414845,34.754216],[137.41524,34.754117],[137.41617,34.754122],[137.416406,34.754129],[137.41644,34.753791],[137.416186,34.753781],[137.414945,34.753706],[137.414769,34.753688],[137.413612,34.753612],[137.412384,34.753524],[137.412383,34.753524],[137.411659,34.753404],[137.411342,34.754205],[137.411164,34.754512],[137.410978,34.754786],[137.410884,34.754913],[137.411382,34.755138],[137.411359,34.755175],[137.411816,34.755366],[137.411683,34.755483],[137.411733,34.755524],[137.411668,34.755578],[137.411905,34.755773],[137.411953,34.755733],[137.412085,34.755842],[137.412113,34.755808],[137.412345,34.755965],[137.412236,34.756078],[137.41229,34.756153],[137.41269,34.755968]]]}},{"type":"Feature","id":"23201327003","properties":{"KEY_CODE":"23201327003","PREF":"23","CITY":"201","S_AREA":"327003","PREF_NAME":"愛知県","CITY_NAME":"豊橋市","S_NAME":"三ノ輪町三丁目","HCODE":8101,"AREA":81075.64,"KIGO_E":"","JINKO":627,"SETAI":257,"X_CODE":137.414171,"Y_CODE":34.752762},"geometry":{"type":"Polygon","coordinates":[[[137.415054,34.751749],[137.414402,34.751617],[137.414353,34.751618],[137.413856,34.751583],[137.413609,34.751583],[137.413469,34.751599],[137.413149,34.751661],[137.412942,34.751691],[137.412805,34.751723],[137.412692,34.751738],[137.412597,34.751733],[137.412589,34.751733],[137.41255,34.751727],[137.412087,34.75246],[137.41191,34.752772],[137.411659,34.753404],[137.412383,34.753524],[137.412384,34.753524],[137.413612,34.753612],[137.414769,34.753688],[137.414945,34.753706],[137.416186,34.753781],[137.41644,34.753791],[137.416489,34.753317],[137.416542,34.752839],[137.416576,34.752411],[137.415806,34.752277],[137.415096,34.752206],[137.415054,34.751749]]]}},{"type":"Feature","id":"23201327004","properties":{"KEY_CODE":"23201327004","PREF":"23","CITY":"201","S_AREA":"327004","PREF_NAME":"愛知県","CITY_NAME":"豊橋市","S_NAME":"三ノ輪町四丁目","HCODE":8101,"AREA":44552.72,"KIGO_E":"","JINKO":331,"SETAI":138,"X_CODE":137.410003,"Y_CODE":34.753601},"geometry":{"type":"Polygon","coordinates":[[[137.410978,34.754786],[137.411164,34.754512],[137.411342,34.754205],[137.411659,34.753404],[137.410818,34.753133],[137.410199,34.75291],[137.410189,34.752907],[137.409677,34.75273],[137.408739,34.752399],[137.408526,34.752333],[137.408104,34.75332],[137.408669,34.753432],[137.40919,34.753535],[137.409716,34.753642],[137.40954,34.754481],[137.409495,34.754706],[137.410031,34.754818],[137.410122,34.754562],[137.410884,34.754913],[137.410978,34.754786]]]}},{"type":"Feature","id":"23201327005","properties":{"KEY_CODE":"23201327005","PREF":"23","CITY":"201","S_AREA":"327005","PREF_NAME":"愛知県","CITY_NAME":"豊橋市","S_NAME":"三ノ輪町五丁目","HCODE":8101,"AREA":63625.992,"KIGO_E":"","JINKO":397,"SETAI":149,"X_CODE":137.410583,"Y_CODE":34.75198},"geometry":{"type":"Polygon","coordinates":[[[137.412228,34.751646],[137.41196,34.751575],[137.411713,34.751484],[137.41155,34.751393],[137.411514,34.751372],[137.41145,34.751331],[137.411399,34.751298],[137.411231,34.751126],[137.411144,34.750988],[137.411028,34.750849],[137.410936,34.750764],[137.41081,34.75068],[137.410771,34.750653],[137.410734,34.750628],[137.410636,34.75059],[137.41034,34.750477],[137.410009,34.75036],[137.409702,34.751334],[137.409614,34.751633],[137.40892,34.751401],[137.408526,34.752333],[137.408739,34.752399],[137.409677,34.75273],[137.410189,34.752907],[137.410199,34.75291],[137.410818,34.753133],[137.411659,34.753404],[137.41191,34.752772],[137.412087,34.75246],[137.41255,34.751727],[137.412491,34.751718],[137.412228,34.751646]]]}},{"type":"Feature","id":"232013330","properties":{"KEY_CODE":"232013330","PREF":"23","CITY":"201","S_AREA":"333000","PREF_NAME":"愛知県","CITY_NAME":"豊橋市","S_NAME":"宮下町","HCODE":8101,"AREA":78479.03,"KIGO_E":"","JINKO":546,"SETAI":241,"X_CODE":137.417321,"Y_CODE":34.760642},"geometry":{"type":"Polygon","coordinates":[[[137.415809,34.76189],[137.416373,34.761681],[137.416537,34.761898],[137.41758,34.761524],[137.418692,34.761119],[137.419768,34.760712],[137.419742,34.760655],[137.419404,34.759895],[137.419048,34.759105],[137.417743,34.759583],[137.417213,34.759778],[137.416632,34.759997],[137.415868,34.760284],[137.415483,34.760422],[137.414619,34.760734],[137.415189,34.761506],[137.415244,34.761481],[137.415326,34.761602],[137.415263,34.761633],[137.415525,34.761996],[137.415809,34.76189]]]}},{"type":"Feature","id":"232013340","properties":{"KEY_CODE":"232013340","PREF":"23","CITY":"201","S_AREA":"334000","PREF_NAME":"愛知県","CITY_NAME":"豊橋市","S_NAME":"向山大池町","HCODE":8101,"AREA":199787.622,"KIGO_E":"","JINKO":612,"SETAI":260,"X_CODE":137.404652,"Y_CODE":34.756163},"geometry":{"type":"Polygon","coordinates":[[[137.405207,34.758602],[137.405334,34.758522],[137.405353,34.758524],[137.405487,34.758656],[137.405546,34.758613],[137.405849,34.758429],[137.405843,34.758416],[137.406275,34.758036],[137.406293,34.758049],[137.406575,34.757802],[137.406735,34.757653],[137.406669,34.757608],[137.40682,34.757469],[137.407046,34.757635],[137.407429,34.757102],[137.4078,34.75663],[137.407796,34.756603],[137.407676,34.756404],[137.407378,34.756017],[137.407351,34.755996],[137.407315,34.75599],[137.407206,34.755987],[137.407168,34.755981],[137.407148,34.755963],[137.407129,34.75593],[137.406972,34.75553],[137.406946,34.755481],[137.406862,34.755381],[137.405922,34.75448],[137.405878,34.754453],[137.405828,34.754432],[137.405477,34.754345],[137.405281,34.754272],[137.405125,34.7542],[137.405011,34.754117],[137.404902,34.754026],[137.4048,34.753919],[137.404734,34.75384],[137.404666,34.753759],[137.404628,34.753706],[137.404594,34.75365],[137.404573,34.753575],[137.404554,34.753471],[137.404531,34.753423],[137.404494,34.753396],[137.40426,34.753341],[137.404213,34.753338],[137.403991,34.753355],[137.403939,34.753347],[137.403875,34.753311],[137.403777,34.753233],[137.403409,34.75364],[137.403042,34.754057],[137.402565,34.754653],[137.402525,34.754838],[137.40247,34.75502],[137.40237,34.755269],[137.402311,34.755385],[137.402102,34.755692],[137.401427,34.756373],[137.40189,34.756703],[137.402084,34.756843],[137.40224,34.756713],[137.402431,34.756859],[137.402259,34.756971],[137.402405,34.757088],[137.402651,34.757279],[137.403074,34.757597],[137.403218,34.757507],[137.403378,34.757409],[137.403599,34.757617],[137.403338,34.757795],[137.403558,34.757961],[137.404009,34.758307],[137.404016,34.758312],[137.404021,34.758308],[137.404036,34.758318],[137.404463,34.75863],[137.404942,34.758995],[137.405334,34.758759],[137.405207,34.758602]]]}},{"type":"Feature","id":"232013350","properties":{"KEY_CODE":"232013350","PREF":"23","CITY":"201","S_AREA":"335000","PREF_NAME":"愛知県","CITY_NAME":"豊橋市","S_NAME":"向山台町","HCODE":8101,"AREA":72483.772,"KIGO_E":"","JINKO":512,"SETAI":231,"X_CODE":137.400917,"Y_CODE":34.758273},"geometry":{"type":"Polygon","coordinates":[[[137.401528,34.758978],[137.401869,34.758678],[137.402183,34.758417],[137.402031,34.758293],[137.402154,34.758167],[137.402184,34.758188],[137.402324,34.758056],[137.402449,34.758156],[137.403074,34.757597],[137.402651,34.757279],[137.402405,34.757088],[137.402259,34.756971],[137.402431,34.756859],[137.40224,34.756713],[137.402084,34.756843],[137.40189,34.756703],[137.401427,34.756373],[137.401115,34.756696],[137.400332,34.757512],[137.400046,34.757863],[137.399395,34.758718],[137.399365,34.758693],[137.399341,34.758668],[137.399316,34.758632],[137.398877,34.758885],[137.39869,34.759005],[137.398988,34.759249],[137.399403,34.759598],[137.399845,34.75995],[137.399995,34.760072],[137.400197,34.760018],[137.400329,34.759976],[137.400417,34.759938],[137.400476,34.759905],[137.400567,34.75985],[137.400686,34.759763],[137.401035,34.759461],[137.401465,34.759038],[137.401528,34.758978]]]}},{"type":"Feature","id":"232013360","properties":{"KEY_CODE":"232013360","PREF":"23","CITY":"201","S_AREA":"336000","PREF_NAME":"愛知県","CITY_NAME":"豊橋市","S_NAME":"向山町","HCODE":8101,"AREA":623526.39,"KIGO_E":"","JINKO":2025,"SETAI":813,"X_CODE":137.400965,"Y_CODE":34.753252},"geometry":{"type":"Polygon","coordinates":[[[137.398877,34.758885],[137.399316,34.758632],[137.399341,34.758668],[137.399365,34.758693],[137.399395,34.758718],[137.400046,34.757863],[137.400332,34.757512],[137.401115,34.756696],[137.401427,34.756373],[137.402102,34.755692],[137.402311,34.755385],[137.40237,34.755269],[137.40247,34.75502],[137.402525,34.754838],[137.402565,34.754653],[137.403042,34.754057],[137.403409,34.75364],[137.403777,34.753233],[137.403875,34.753311],[137.403939,34.753347],[137.403991,34.753355],[137.404213,34.753338],[137.40426,34.753341],[137.404494,34.753396],[137.404531,34.753423],[137.404554,34.753471],[137.404573,34.753575],[137.404594,34.75365],[137.404628,34.753706],[137.404666,34.753759],[137.404734,34.75384],[137.404821,34.753582],[137.404843,34.753566],[137.404871,34.753564],[137.404901,34.753571],[137.405017,34.753627],[137.405275,34.753099],[137.405399,34.752853],[137.405705,34.752578],[137.406136,34.752209],[137.406164,34.752185],[137.406252,34.75206],[137.406311,34.751981],[137.406403,34.751928],[137.406571,34.751842],[137.40664,34.751785],[137.406748,34.751627],[137.406847,34.75148],[137.407011,34.751348],[137.407029,34.751319],[137.407082,34.751321],[137.407109,34.751304],[137.407172,34.751258],[137.407256,34.751136],[137.407317,34.751042],[137.407355,34.750948],[137.407393,34.75088],[137.407442,34.750806],[137.407819,34.750309],[137.408003,34.749771],[137.408039,34.749651],[137.408081,34.74948],[137.407993,34.749419],[137.407888,34.749366],[137.407695,34.749284],[137.4075,34.749222],[137.406971,34.749142],[137.406868,34.749114],[137.406798,34.74909],[137.406737,34.749064],[137.406662,34.749011],[137.406562,34.748938],[137.406426,34.748818],[137.406314,34.748748],[137.406151,34.74867],[137.405751,34.748545],[137.405636,34.748523],[137.405555,34.748523],[137.405416,34.748641],[137.404898,34.749059],[137.404416,34.749456],[137.404222,34.749612],[137.403836,34.749933],[137.403709,34.750008],[137.40354,34.750086],[137.40344,34.750112],[137.403324,34.750152],[137.403234,34.75017],[137.403118,34.750185],[137.402951,34.750192],[137.402702,34.750187],[137.402664,34.750188],[137.402317,34.75017],[137.401949,34.750129],[137.401616,34.750067],[137.401482,34.75004],[137.401385,34.750027],[137.400938,34.74995],[137.400667,34.749915],[137.400319,34.749904],[137.40009,34.749932],[137.399868,34.749966],[137.399865,34.749967],[137.399585,34.75008],[137.39943,34.750145],[137.399311,34.750216],[137.399176,34.750336],[137.398437,34.750934],[137.398297,34.751049],[137.398173,34.751177],[137.398087,34.751236],[137.397923,34.751271],[137.397708,34.751267],[137.39755,34.751643],[137.397914,34.751622],[137.397997,34.75165],[137.39805,34.751677],[137.398095,34.751712],[137.398267,34.751844],[137.397789,34.752181],[137.397691,34.75225],[137.397644,34.752278],[137.397601,34.752295],[137.397471,34.752324],[137.397187,34.752447],[137.39716,34.7524],[137.397139,34.752386],[137.397111,34.752386],[137.397034,34.752515],[137.396958,34.752612],[137.39686,34.752708],[137.396742,34.752803],[137.396728,34.75283],[137.396728,34.752882],[137.396745,34.752901],[137.396801,34.752951],[137.39654,34.753155],[137.396525,34.753149],[137.396469,34.753059],[137.39645,34.753037],[137.39629,34.752896],[137.396081,34.753073],[137.396062,34.753106],[137.396062,34.753149],[137.396014,34.7532],[137.395941,34.753202],[137.395873,34.753261],[137.395867,34.753555],[137.395874,34.75383],[137.395867,34.753877],[137.395807,34.754017],[137.395407,34.7543],[137.395199,34.754188],[137.394857,34.754501],[137.395114,34.754692],[137.395111,34.754858],[137.395182,34.755269],[137.395235,34.755367],[137.395338,34.755492],[137.395327,34.755521],[137.395245,34.755694],[137.395269,34.755724],[137.395512,34.755949],[137.395573,34.756006],[137.395647,34.756066],[137.39586,34.756248],[137.396247,34.756597],[137.396275,34.756637],[137.396508,34.756962],[137.396568,34.757048],[137.396743,34.75717],[137.396815,34.757097],[137.396915,34.757175],[137.396967,34.757139],[137.397045,34.7572],[137.397064,34.757157],[137.397084,34.757124],[137.39711,34.75711],[137.397212,34.757182],[137.397217,34.757248],[137.397227,34.757295],[137.39725,34.757376],[137.397303,34.757473],[137.397402,34.757534],[137.397463,34.757663],[137.397631,34.7575],[137.397797,34.757632],[137.397773,34.75766],[137.397933,34.757775],[137.397798,34.757874],[137.39792,34.757989],[137.398058,34.757896],[137.398176,34.757825],[137.398333,34.757994],[137.39823,34.758091],[137.398352,34.758217],[137.398553,34.758043],[137.398765,34.758215],[137.398482,34.758457],[137.398628,34.758601],[137.398778,34.758769],[137.398775,34.758769],[137.398877,34.758885]]]}},{"type":"Feature","id":"232013370","properties":{"KEY_CODE":"232013370","PREF":"23","CITY":"201","S_AREA":"337000","PREF_NAME":"愛知県","CITY_NAME":"豊橋市","S_NAME":"向山西町","HCODE":8101,"AREA":110278.513,"KIGO_E":"","JINKO":746,"SETAI":314,"X_CODE":137.402766,"Y_CODE":34.759691},"geometry":{"type":"Polygon","coordinates":[[[137.403589,34.7613],[137.403343,34.761195],[137.404187,34.760431],[137.404423,34.760187],[137.404667,34.759913],[137.405194,34.759375],[137.404942,34.758995],[137.404463,34.75863],[137.404036,34.758318],[137.404021,34.758308],[137.404016,34.758312],[137.404009,34.758307],[137.403558,34.757961],[137.403338,34.757795],[137.403599,34.757617],[137.403378,34.757409],[137.403218,34.757507],[137.403074,34.757597],[137.402449,34.758156],[137.402324,34.758056],[137.402184,34.758188],[137.402154,34.758167],[137.402031,34.758293],[137.402183,34.758417],[137.401869,34.758678],[137.401528,34.758978],[137.401465,34.759038],[137.401035,34.759461],[137.400686,34.759763],[137.400567,34.75985],[137.400476,34.759905],[137.400417,34.759938],[137.400329,34.759976],[137.400197,34.760018],[137.399995,34.760072],[137.400237,34.760256],[137.400545,34.760482],[137.40098,34.760897],[137.401354,34.761218],[137.401455,34.761403],[137.401527,34.761385],[137.401583,34.761369],[137.401733,34.761303],[137.401834,34.761247],[137.401986,34.761149],[137.402065,34.761119],[137.402122,34.761102],[137.402193,34.761088],[137.402267,34.761089],[137.402315,34.761097],[137.402364,34.761113],[137.402465,34.76116],[137.402485,34.761175],[137.402233,34.761319],[137.402272,34.761368],[137.402524,34.761212],[137.402556,34.761252],[137.40262,34.761301],[137.402747,34.761367],[137.40296,34.76146],[137.403083,34.76151],[137.40335,34.761573],[137.403411,34.761581],[137.403602,34.761326],[137.403614,34.76131],[137.403589,34.7613]]]}},{"type":"Feature","id":"232013380","properties":{"KEY_CODE":"232013380","PREF":"23","CITY":"201","S_AREA":"338000","PREF_NAME":"愛知県","CITY_NAME":"豊橋市","S_NAME":"向山東町","HCODE":8101,"AREA":130993.249,"KIGO_E":"","JINKO":756,"SETAI":307,"X_CODE":137.407455,"Y_CODE":34.754253},"geometry":{"type":"Polygon","coordinates":[[[137.409716,34.753642],[137.40919,34.753535],[137.408669,34.753432],[137.408104,34.75332],[137.408526,34.752333],[137.407925,34.752154],[137.407741,34.752569],[137.407222,34.752327],[137.407168,34.752367],[137.406706,34.752249],[137.406646,34.752278],[137.406614,34.752235],[137.406533,34.752218],[137.406525,34.752307],[137.406381,34.752292],[137.406301,34.752264],[137.406164,34.752185],[137.406136,34.752209],[137.405705,34.752578],[137.405399,34.752853],[137.405275,34.753099],[137.405017,34.753627],[137.404901,34.753571],[137.404871,34.753564],[137.404843,34.753566],[137.404821,34.753582],[137.404734,34.75384],[137.4048,34.753919],[137.404902,34.754026],[137.405011,34.754117],[137.405125,34.7542],[137.405281,34.754272],[137.405477,34.754345],[137.405828,34.754432],[137.405878,34.754453],[137.405922,34.75448],[137.406862,34.755381],[137.406946,34.755481],[137.406972,34.75553],[137.407129,34.75593],[137.407148,34.755963],[137.407168,34.755981],[137.407206,34.755987],[137.407315,34.75599],[137.407351,34.755996],[137.407378,34.756017],[137.407676,34.756404],[137.407796,34.756603],[137.4078,34.75663],[137.407429,34.757102],[137.407643,34.757223],[137.407842,34.757345],[137.408592,34.756337],[137.408886,34.755954],[137.40936,34.755334],[137.409495,34.754706],[137.40954,34.754481],[137.409716,34.753642]]]}},{"type":"Feature","id":"232013390","properties":{"KEY_CODE":"232013390","PREF":"23","CITY":"201","S_AREA":"339000","PREF_NAME":"愛知県","CITY_NAME":"豊橋市","S_NAME":"向草間町","HCODE":8101,"AREA":309608.314,"KIGO_E":"","JINKO":1897,"SETAI":734,"X_CODE":137.37622,"Y_CODE":34.726591},"geometry":{"type":"Polygon","coordinates":[[[137.378688,34.728781],[137.379467,34.728616],[137.379665,34.72888],[137.381191,34.728577],[137.381203,34.728569],[137.382025,34.727988],[137.381888,34.727791],[137.381842,34.727752],[137.381802,34.7277],[137.381717,34.727609],[137.381645,34.727543],[137.381546,34.727464],[137.380832,34.726987],[137.380738,34.726925],[137.379614,34.724796],[137.379587,34.724745],[137.379571,34.724762],[137.378739,34.725641],[137.377687,34.72497],[137.376556,34.725577],[137.375731,34.725047],[137.374749,34.724421],[137.373985,34.725244],[137.373979,34.72525],[137.373294,34.724496],[137.37293,34.724653],[137.372751,34.724412],[137.37275,34.724413],[137.372621,34.724471],[137.372505,34.7244],[137.372457,34.724363],[137.372414,34.724321],[137.372349,34.724247],[137.372194,34.724143],[137.371979,34.724015],[137.371932,34.724078],[137.371703,34.724345],[137.371331,34.724643],[137.371424,34.724651],[137.371338,34.724713],[137.371273,34.724759],[137.371207,34.724794],[137.371094,34.724852],[137.370679,34.725003],[137.370829,34.725292],[137.371396,34.725164],[137.371513,34.725685],[137.371399,34.725634],[137.371315,34.725609],[137.371216,34.725599],[137.371067,34.725592],[137.370679,34.72562],[137.370761,34.726114],[137.370812,34.726411],[137.370863,34.726679],[137.371325,34.726792],[137.371409,34.727052],[137.371442,34.727097],[137.37154,34.727157],[137.371904,34.727318],[137.372086,34.727374],[137.372207,34.727406],[137.37232,34.727426],[137.372203,34.727625],[137.372778,34.727597],[137.37286,34.727597],[137.373123,34.727614],[137.373229,34.727609],[137.373451,34.727584],[137.373583,34.727604],[137.373848,34.727644],[137.373982,34.727638],[137.37443,34.727475],[137.374501,34.727438],[137.374555,34.727422],[137.374638,34.72742],[137.3747,34.727428],[137.374927,34.727496],[137.375138,34.727541],[137.375272,34.727557],[137.375435,34.727574],[137.375706,34.727637],[137.375997,34.727751],[137.376153,34.727809],[137.376285,34.727861],[137.376321,34.727906],[137.376445,34.728055],[137.376497,34.728088],[137.376612,34.728142],[137.376664,34.728175],[137.376976,34.728397],[137.376997,34.728412],[137.377319,34.728647],[137.377439,34.728543],[137.377472,34.728543],[137.377626,34.728655],[137.377677,34.728609],[137.377711,34.728622],[137.377883,34.728702],[137.377947,34.728702],[137.378123,34.728732],[137.378171,34.728752],[137.378223,34.7288],[137.378301,34.728922],[137.378503,34.728848],[137.378688,34.728781]]]}},{"type":"Feature","id":"23201340001","properties":{"KEY_CODE":"23201340001","PREF":"23","CITY":"201","S_AREA":"340001","PREF_NAME":"愛知県","CITY_NAME":"豊橋市","S_NAME":"牟呂町字松崎","HCODE":8101,"AREA":30651.102,"KIGO_E":"","JINKO":32,"SETAI":16,"X_CODE":137.372673,"Y_CODE":34.750488},"geometry":{"type":"Polygon","coordinates":[[[137.374354,34.75075],[137.374059,34.750574],[137.374046,34.750588],[137.37404,34.750593],[137.374006,34.750626],[137.373973,34.750642],[137.373914,34.75067],[137.373744,34.750732],[137.373572,34.75052],[137.373358,34.750289],[137.373181,34.750078],[137.373144,34.750034],[137.372865,34.749859],[137.372935,34.749783],[137.372707,34.749507],[137.3725,34.749602],[137.372457,34.74956],[137.372102,34.749684],[137.371619,34.749994],[137.37124,34.75025],[137.371019,34.750399],[137.371007,34.750407],[137.371387,34.7508],[137.371426,34.750815],[137.371427,34.750816],[137.371456,34.750827],[137.371508,34.750846],[137.371592,34.750865],[137.372257,34.750962],[137.372294,34.750966],[137.372713,34.751019],[137.373935,34.751171],[137.374677,34.751268],[137.374638,34.751221],[137.374594,34.751177],[137.374556,34.75114],[137.374527,34.751081],[137.374496,34.751049],[137.374476,34.751037],[137.37445,34.751025],[137.37441,34.750954],[137.374502,34.750849],[137.374466,34.750817],[137.374354,34.75075]]]}},{"type":"Feature","id":"23201340002","properties":{"KEY_CODE":"23201340002","PREF":"23","CITY":"201","S_AREA":"340002","PREF_NAME":"愛知県","CITY_NAME":"豊橋市","S_NAME":"牟呂町字内田","HCODE":8101,"AREA":1481949.75,"KIGO_E":"E2","JINKO":0,"SETAI":0,"X_CODE":137.345658,"Y_CODE":34.755273},"geometry":{"type":"Polygon","coordinates":[[[137.348532,34.757023],[137.350658,34.755168],[137.354033,34.757766],[137.354029,34.75777],[137.35627,34.759506],[137.356291,34.759463],[137.35618,34.758228],[137.355854,34.757111],[137.355638,34.756374],[137.355291,34.755132],[137.354295,34.754053],[137.354609,34.753583],[137.354229,34.753452],[137.353592,34.753305],[137.35282,34.753229],[137.352672,34.753366],[137.352413,34.753096],[137.352644,34.752482],[137.35276,34.752448],[137.352697,34.752272],[137.35268,34.752143],[137.352678,34.751979],[137.352672,34.751891],[137.352658,34.751182],[137.352422,34.751046],[137.352123,34.750835],[137.352053,34.750754],[137.351783,34.75016],[137.351608,34.749908],[137.350145,34.748986],[137.347059,34.746989],[137.343912,34.75038],[137.342542,34.751822],[137.336246,34.7585],[137.33621,34.758564],[137.336199,34.758632],[137.33605,34.759972],[137.33683,34.76052],[137.336938,34.760586],[137.338185,34.761202],[137.339704,34.761936],[137.340889,34.762509],[137.341575,34.762889],[137.341762,34.762915],[137.341903,34.762934],[137.343681,34.76134],[137.343937,34.761121],[137.345135,34.760065],[137.346729,34.75864],[137.348545,34.757035],[137.348532,34.757023]]]}},{"type":"Feature","id":"23201340002","properties":{"KEY_CODE":"23201340002","PREF":"23","CITY":"201","S_AREA":"340002","PREF_NAME":"愛知県","CITY_NAME":"豊橋市","S_NAME":"牟呂町字内田","HCODE":8101,"AREA":302780.605,"KIGO_E":"E1","JINKO":1849,"SETAI":663,"X_CODE":137.359116,"Y_CODE":34.760325},"geometry":{"type":"Polygon","coordinates":[[[137.358821,34.761525],[137.358886,34.761275],[137.35914,34.761433],[137.359983,34.761878],[137.360576,34.761306],[137.36078,34.761125],[137.361308,34.760615],[137.361571,34.760351],[137.361727,34.760215],[137.361806,34.760149],[137.361892,34.760086],[137.361947,34.760047],[137.362196,34.759911],[137.362427,34.759818],[137.362679,34.759743],[137.362925,34.759663],[137.363206,34.759597],[137.363519,34.759528],[137.363984,34.759486],[137.364264,34.759499],[137.364265,34.759479],[137.364295,34.759394],[137.364186,34.759374],[137.364256,34.759132],[137.363487,34.758934],[137.36395,34.758345],[137.364557,34.757588],[137.364708,34.757396],[137.364575,34.757333],[137.364723,34.757144],[137.364851,34.75721],[137.365154,34.756844],[137.365317,34.756914],[137.365248,34.756797],[137.365089,34.756589],[137.364976,34.756449],[137.36479,34.756321],[137.364791,34.756251],[137.364664,34.756113],[137.364611,34.755854],[137.36439,34.755892],[137.364339,34.7559],[137.363482,34.757007],[137.362867,34.757762],[137.36219,34.75859],[137.361239,34.758339],[137.361173,34.758322],[137.360372,34.758109],[137.360149,34.758055],[137.359345,34.758433],[137.359216,34.758522],[137.358647,34.758911],[137.358554,34.758976],[137.358117,34.759181],[137.357552,34.759412],[137.356694,34.759768],[137.356627,34.759796],[137.356034,34.760104],[137.355199,34.760538],[137.35402,34.761147],[137.353277,34.761483],[137.353497,34.761692],[137.35371,34.761886],[137.353853,34.762011],[137.354004,34.762097],[137.354818,34.762479],[137.356345,34.763197],[137.356587,34.76331],[137.358131,34.764028],[137.358313,34.763485],[137.358532,34.762607],[137.358678,34.76206],[137.358678,34.762059],[137.358821,34.761525]]]}},{"type":"Feature","id":"23201340003","properties":{"KEY_CODE":"23201340003","PREF":"23","CITY":"201","S_AREA":"340003","PREF_NAME":"愛知県","CITY_NAME":"豊橋市","S_NAME":"牟呂町字北汐田","HCODE":8101,"AREA":752715.249,"KIGO_E":"","JINKO":5104,"SETAI":2053,"X_CODE":137.366015,"Y_CODE":34.746809},"geometry":{"type":"Polygon","coordinates":[[[137.372863,34.75286],[137.373228,34.752594],[137.373812,34.752638],[137.373911,34.752521],[137.374045,34.752349],[137.374241,34.752101],[137.374468,34.751828],[137.374683,34.751564],[137.374904,34.751305],[137.374677,34.751268],[137.373935,34.751171],[137.372713,34.751019],[137.372294,34.750966],[137.372257,34.750962],[137.371592,34.750865],[137.371508,34.750846],[137.371456,34.750827],[137.371427,34.750816],[137.371426,34.750815],[137.371387,34.7508],[137.371007,34.750407],[137.371019,34.750399],[137.37124,34.75025],[137.371619,34.749994],[137.372102,34.749684],[137.372457,34.74956],[137.37234,34.749377],[137.372322,34.749335],[137.372311,34.749308],[137.372236,34.749207],[137.372223,34.749193],[137.372084,34.749028],[137.371971,34.748881],[137.371871,34.748741],[137.371825,34.748656],[137.371797,34.748611],[137.37172,34.74849],[137.371659,34.748418],[137.371617,34.748393],[137.371562,34.748375],[137.371309,34.748338],[137.371273,34.748329],[137.371241,34.748308],[137.371099,34.748167],[137.371053,34.748135],[137.370981,34.748044],[137.370932,34.747992],[137.370875,34.747948],[137.3707,34.747848],[137.370643,34.747804],[137.370619,34.747773],[137.370605,34.747744],[137.370603,34.747693],[137.370614,34.747611],[137.37061,34.747559],[137.370583,34.74748],[137.370535,34.747419],[137.370459,34.747339],[137.370292,34.747209],[137.37023,34.747156],[137.370127,34.747024],[137.370076,34.746947],[137.370017,34.746866],[137.369962,34.746822],[137.369902,34.746788],[137.369721,34.746712],[137.369629,34.746652],[137.369553,34.746603],[137.369491,34.746556],[137.36944,34.746504],[137.369272,34.746256],[137.369223,34.746183],[137.369046,34.746022],[137.368992,34.745972],[137.368776,34.745772],[137.368713,34.745713],[137.368633,34.745646],[137.36857,34.745577],[137.368343,34.745225],[137.368322,34.745171],[137.368294,34.745063],[137.368233,34.744744],[137.368217,34.744685],[137.368193,34.74465],[137.368135,34.744608],[137.367845,34.744448],[137.367789,34.74441],[137.367734,34.744355],[137.367263,34.743855],[137.367178,34.743804],[137.366773,34.743697],[137.366629,34.743629],[137.366523,34.743563],[137.366286,34.743492],[137.366158,34.743436],[137.36599,34.743341],[137.365779,34.743221],[137.365555,34.743118],[137.365418,34.743038],[137.365392,34.743063],[137.365238,34.743027],[137.365014,34.742987],[137.364887,34.742949],[137.364846,34.742932],[137.364687,34.742866],[137.364522,34.742442],[137.364569,34.742351],[137.364706,34.742095],[137.364732,34.742047],[137.364709,34.741976],[137.364659,34.741848],[137.364484,34.741508],[137.36458,34.741463],[137.36436,34.741146],[137.364345,34.741124],[137.36416,34.741292],[137.364095,34.741351],[137.362818,34.741072],[137.362499,34.740991],[137.362191,34.740903],[137.361875,34.740807],[137.361384,34.740631],[137.36127,34.741188],[137.361125,34.74213],[137.3611,34.742229],[137.36107,34.742301],[137.360288,34.743729],[137.360276,34.743777],[137.360238,34.744047],[137.360243,34.7442],[137.360126,34.744329],[137.359494,34.74497],[137.359452,34.745023],[137.359385,34.745127],[137.359326,34.745249],[137.359278,34.74537],[137.359271,34.745396],[137.359082,34.746031],[137.359864,34.746391],[137.359948,34.746465],[137.360426,34.746907],[137.360672,34.747031],[137.361759,34.747562],[137.363172,34.748278],[137.363936,34.748658],[137.363865,34.748752],[137.365845,34.749707],[137.366092,34.749818],[137.366575,34.750035],[137.366901,34.750194],[137.367417,34.750446],[137.367463,34.750467],[137.367509,34.750489],[137.368491,34.75095],[137.370667,34.752021],[137.371113,34.752244],[137.371519,34.752762],[137.372863,34.75286]]]}},{"type":"Feature","id":"23201340004","properties":{"KEY_CODE":"23201340004","PREF":"23","CITY":"201","S_AREA":"340004","PREF_NAME":"愛知県","CITY_NAME":"豊橋市","S_NAME":"牟呂町字扇田","HCODE":8101,"AREA":105472.364,"KIGO_E":"E1","JINKO":144,"SETAI":77,"X_CODE":137.37729,"Y_CODE":34.751904},"geometry":{"type":"Polygon","coordinates":[[[137.37617,34.750236],[137.375888,34.750064],[137.375028,34.751151],[137.374904,34.751305],[137.374683,34.751564],[137.374468,34.751828],[137.374241,34.752101],[137.374045,34.752349],[137.373911,34.752521],[137.376628,34.75272],[137.378883,34.752898],[137.380973,34.753061],[137.381046,34.753067],[137.381078,34.752734],[137.381003,34.752721],[137.381106,34.751992],[137.381094,34.751991],[137.379793,34.751902],[137.379221,34.751865],[137.378118,34.751798],[137.377207,34.750462],[137.377023,34.750396],[137.376436,34.750307],[137.376255,34.750272],[137.37617,34.750236]]]}},{"type":"Feature","id":"23201340004","properties":{"KEY_CODE":"23201340004","PREF":"23","CITY":"201","S_AREA":"340004","PREF_NAME":"愛知県","CITY_NAME":"豊橋市","S_NAME":"牟呂町字扇田","HCODE":8101,"AREA":4772.516,"KIGO_E":"E2","JINKO":0,"SETAI":0,"X_CODE":137.367844,"Y_CODE":34.757352},"geometry":{"type":"Polygon","coordinates":[[[137.368767,34.757699],[137.367029,34.75678],[137.367048,34.756972],[137.367079,34.757173],[137.36726,34.75727],[137.367318,34.757204],[137.367701,34.757399],[137.368127,34.757638],[137.368623,34.757898],[137.368767,34.757699]]]}},{"type":"Feature","id":"23201340005","properties":{"KEY_CODE":"23201340005","PREF":"23","CITY":"201","S_AREA":"340005","PREF_NAME":"愛知県","CITY_NAME":"豊橋市","S_NAME":"牟呂町字一本木","HCODE":8101,"AREA":70499.242,"KIGO_E":"","JINKO":682,"SETAI":265,"X_CODE":137.365598,"Y_CODE":34.758174},"geometry":{"type":"Polygon","coordinates":[[[137.365966,34.759582],[137.366361,34.759107],[137.366655,34.758727],[137.366953,34.758346],[137.367046,34.75824],[137.36726,34.757965],[137.367549,34.757599],[137.367701,34.757399],[137.367318,34.757204],[137.36726,34.75727],[137.367079,34.757173],[137.367048,34.756972],[137.366923,34.75696],[137.366379,34.756915],[137.365766,34.756909],[137.365317,34.756914],[137.365154,34.756844],[137.364851,34.75721],[137.364723,34.757144],[137.364575,34.757333],[137.364708,34.757396],[137.364557,34.757588],[137.36395,34.758345],[137.363487,34.758934],[137.364256,34.759132],[137.364186,34.759374],[137.364295,34.759394],[137.364265,34.759479],[137.364535,34.759485],[137.364893,34.759496],[137.364952,34.759489],[137.365011,34.759342],[137.365966,34.759582]]]}},{"type":"Feature","id":"23201340014","properties":{"KEY_CODE":"23201340014","PREF":"23","CITY":"201","S_AREA":"340014","PREF_NAME":"愛知県","CITY_NAME":"豊橋市","S_NAME":"牟呂町字作神","HCODE":8101,"AREA":1293.029,"KIGO_E":"","JINKO":9,"SETAI":4,"X_CODE":137.353662,"Y_CODE":34.749901},"geometry":{"type":"Polygon","coordinates":[[[137.353921,34.749756],[137.353674,34.749648],[137.353474,34.749948],[137.353391,34.75004],[137.353653,34.750152],[137.353921,34.749756]]]}},{"type":"Feature","id":"232013410","properties":{"KEY_CODE":"232013410","PREF":"23","CITY":"201","S_AREA":"341000","PREF_NAME":"愛知県","CITY_NAME":"豊橋市","S_NAME":"森岡町","HCODE":8101,"AREA":122457.729,"KIGO_E":"","JINKO":1096,"SETAI":459,"X_CODE":137.426836,"Y_CODE":34.788192},"geometry":{"type":"Polygon","coordinates":[[[137.427852,34.788881],[137.428622,34.788556],[137.428646,34.788586],[137.428703,34.788662],[137.430095,34.788045],[137.42991,34.787852],[137.429642,34.787481],[137.429367,34.787255],[137.4282,34.786288],[137.427643,34.786569],[137.427493,34.786602],[137.427341,34.786665],[137.427227,34.786719],[137.426175,34.787248],[137.425327,34.787527],[137.424913,34.787675],[137.42413,34.788009],[137.424036,34.788049],[137.423723,34.788185],[137.423798,34.788262],[137.424113,34.788683],[137.424204,34.788806],[137.424305,34.78898],[137.424404,34.789123],[137.424458,34.789195],[137.424496,34.789244],[137.424725,34.78954],[137.42482,34.78964],[137.424892,34.789697],[137.424987,34.789751],[137.425262,34.789852],[137.42553,34.789948],[137.425788,34.790055],[137.425813,34.790069],[137.426117,34.789953],[137.426339,34.789876],[137.426445,34.789818],[137.426626,34.789694],[137.426755,34.789585],[137.42693,34.789524],[137.427136,34.789365],[137.427415,34.789131],[137.427669,34.788983],[137.427852,34.788881]]]}},{"type":"Feature","id":"232013420","properties":{"KEY_CODE":"232013420","PREF":"23","CITY":"201","S_AREA":"342000","PREF_NAME":"愛知県","CITY_NAME":"豊橋市","S_NAME":"柳生町","HCODE":8101,"AREA":41535.608,"KIGO_E":"","JINKO":247,"SETAI":109,"X_CODE":137.387891,"Y_CODE":34.752672},"geometry":{"type":"Polygon","coordinates":[[[137.389514,34.751837],[137.389442,34.751519],[137.389281,34.751541],[137.388792,34.751813],[137.388469,34.751367],[137.38832,34.751086],[137.388234,34.751192],[137.387991,34.751469],[137.387949,34.751463],[137.387909,34.751461],[137.387885,34.751464],[137.387817,34.751475],[137.387919,34.751886],[137.387647,34.751891],[137.386193,34.753641],[137.386219,34.753653],[137.387797,34.753984],[137.387977,34.753715],[137.388226,34.753352],[137.388293,34.753279],[137.388811,34.75263],[137.38907,34.752325],[137.389349,34.752023],[137.389519,34.75186],[137.389514,34.751837]]]}},{"type":"Feature","id":"232013430","properties":{"KEY_CODE":"232013430","PREF":"23","CITY":"201","S_AREA":"343000","PREF_NAME":"愛知県","CITY_NAME":"豊橋市","S_NAME":"八通町","HCODE":8101,"AREA":82432.508,"KIGO_E":"","JINKO":871,"SETAI":373,"X_CODE":137.380411,"Y_CODE":34.758464},"geometry":{"type":"Polygon","coordinates":[[[137.379523,34.757059],[137.379086,34.757017],[137.379048,34.757196],[137.378788,34.758221],[137.379019,34.758261],[137.378941,34.758592],[137.378691,34.75966],[137.379393,34.759747],[137.379739,34.759785],[137.379786,34.759794],[137.380522,34.759883],[137.380597,34.759892],[137.381357,34.759994],[137.381789,34.758984],[137.382029,34.758413],[137.382414,34.757582],[137.382172,34.757483],[137.381875,34.757357],[137.381795,34.757314],[137.381163,34.757245],[137.380172,34.757145],[137.379569,34.757064],[137.379523,34.757059]]]}},{"type":"Feature","id":"232013440","properties":{"KEY_CODE":"232013440","PREF":"23","CITY":"201","S_AREA":"344000","PREF_NAME":"愛知県","CITY_NAME":"豊橋市","S_NAME":"山田町","HCODE":8101,"AREA":97692.569,"KIGO_E":"","JINKO":438,"SETAI":211,"X_CODE":137.392765,"Y_CODE":34.745973},"geometry":{"type":"Polygon","coordinates":[[[137.391361,34.74776],[137.391467,34.747662],[137.391509,34.747663],[137.391872,34.747665],[137.391966,34.747665],[137.392286,34.747664],[137.392393,34.747668],[137.392411,34.747667],[137.392423,34.747667],[137.392449,34.747666],[137.39292,34.747641],[137.393164,34.747624],[137.394001,34.747582],[137.394599,34.747545],[137.394454,34.747152],[137.394465,34.747141],[137.394313,34.746894],[137.394277,34.746841],[137.394084,34.746597],[137.393889,34.745896],[137.393778,34.74592],[137.393758,34.745919],[137.393718,34.745863],[137.393692,34.745818],[137.393626,34.74569],[137.393562,34.745548],[137.393507,34.74538],[137.393487,34.745322],[137.39428,34.745112],[137.394339,34.745083],[137.394395,34.745024],[137.394426,34.744955],[137.394551,34.744235],[137.394285,34.744251],[137.393749,34.744305],[137.393209,34.74449],[137.393183,34.744394],[137.393168,34.744297],[137.393219,34.743594],[137.392944,34.743766],[137.392953,34.743867],[137.392224,34.744153],[137.392227,34.744251],[137.392251,34.744355],[137.391365,34.744385],[137.39135,34.744385],[137.391405,34.74464],[137.391506,34.745007],[137.391551,34.745178],[137.391568,34.745356],[137.391561,34.745499],[137.391525,34.745655],[137.391503,34.745778],[137.391425,34.74606],[137.391257,34.746704],[137.391231,34.74678],[137.391038,34.747643],[137.391018,34.74775],[137.391361,34.74776]]]}},{"type":"Feature","id":"232013450","properties":{"KEY_CODE":"232013450","PREF":"23","CITY":"201","S_AREA":"345000","PREF_NAME":"愛知県","CITY_NAME":"豊橋市","S_NAME":"山田一番町","HCODE":8101,"AREA":142487.426,"KIGO_E":"","JINKO":800,"SETAI":405,"X_CODE":137.395712,"Y_CODE":34.744089},"geometry":{"type":"Polygon","coordinates":[[[137.395683,34.74599],[137.396013,34.745683],[137.396163,34.745536],[137.396674,34.745048],[137.397343,34.744417],[137.397968,34.74382],[137.398664,34.743176],[137.398928,34.742936],[137.399297,34.742593],[137.399848,34.742195],[137.400037,34.742052],[137.400425,34.741757],[137.400803,34.741517],[137.401209,34.741259],[137.401244,34.741237],[137.401194,34.741197],[137.401144,34.741157],[137.401115,34.741175],[137.400355,34.741638],[137.399893,34.741916],[137.399481,34.742154],[137.398474,34.742753],[137.397471,34.743366],[137.397138,34.743043],[137.395757,34.741761],[137.394819,34.742432],[137.394451,34.742697],[137.393943,34.743068],[137.393219,34.743589],[137.393219,34.743594],[137.393168,34.744297],[137.393183,34.744394],[137.393209,34.74449],[137.393749,34.744305],[137.394285,34.744251],[137.394551,34.744235],[137.394426,34.744955],[137.394395,34.745024],[137.394339,34.745083],[137.39428,34.745112],[137.393487,34.745322],[137.393507,34.74538],[137.393562,34.745548],[137.393626,34.74569],[137.393692,34.745818],[137.393718,34.745863],[137.393758,34.745919],[137.393778,34.74592],[137.393889,34.745896],[137.394084,34.746597],[137.394277,34.746841],[137.394313,34.746894],[137.394465,34.747141],[137.394848,34.746778],[137.395233,34.746416],[137.395483,34.746179],[137.395683,34.74599]]]}},{"type":"Feature","id":"232013460","properties":{"KEY_CODE":"232013460","PREF":"23","CITY":"201","S_AREA":"346000","PREF_NAME":"愛知県","CITY_NAME":"豊橋市","S_NAME":"山田二番町","HCODE":8101,"AREA":104151.31,"KIGO_E":"","JINKO":799,"SETAI":333,"X_CODE":137.395628,"Y_CODE":34.74079},"geometry":{"type":"Polygon","coordinates":[[[137.397694,34.738673],[137.397304,34.738444],[137.396914,34.739139],[137.396613,34.739301],[137.396554,34.739337],[137.395612,34.739841],[137.395423,34.739876],[137.394841,34.739987],[137.394545,34.740044],[137.394428,34.740079],[137.394073,34.740219],[137.393772,34.740342],[137.393642,34.74104],[137.393553,34.741514],[137.393437,34.742306],[137.393436,34.742318],[137.393395,34.742467],[137.393219,34.743589],[137.393943,34.743068],[137.394451,34.742697],[137.394819,34.742432],[137.395757,34.741761],[137.396692,34.74109],[137.397023,34.740835],[137.39744,34.740537],[137.397627,34.740404],[137.398718,34.739579],[137.398697,34.739552],[137.398074,34.739007],[137.397694,34.738673]]]}},{"type":"Feature","id":"232013470","properties":{"KEY_CODE":"232013470","PREF":"23","CITY":"201","S_AREA":"347000","PREF_NAME":"愛知県","CITY_NAME":"豊橋市","S_NAME":"山田三番町","HCODE":8101,"AREA":119372.315,"KIGO_E":"","JINKO":531,"SETAI":221,"X_CODE":137.398825,"Y_CODE":34.741171},"geometry":{"type":"Polygon","coordinates":[[[137.401018,34.741044],[137.401082,34.740827],[137.401128,34.740752],[137.401339,34.740411],[137.401379,34.740378],[137.401592,34.740276],[137.401497,34.740182],[137.401418,34.740036],[137.401369,34.73998],[137.401301,34.73984],[137.40144,34.739731],[137.401968,34.739097],[137.401451,34.73864],[137.40106,34.738941],[137.400909,34.739054],[137.400658,34.739199],[137.400573,34.739253],[137.400514,34.739319],[137.400194,34.739952],[137.400005,34.740183],[137.399976,34.740238],[137.399974,34.740327],[137.399901,34.740846],[137.399318,34.740307],[137.399253,34.740236],[137.399155,34.740131],[137.398786,34.73967],[137.398718,34.739579],[137.397627,34.740404],[137.39744,34.740537],[137.397023,34.740835],[137.396692,34.74109],[137.395757,34.741761],[137.397138,34.743043],[137.397471,34.743366],[137.398474,34.742753],[137.399481,34.742154],[137.399893,34.741916],[137.400355,34.741638],[137.401115,34.741175],[137.401144,34.741157],[137.401018,34.741044]]]}},{"type":"Feature","id":"232013480","properties":{"KEY_CODE":"232013480","PREF":"23","CITY":"201","S_AREA":"348000","PREF_NAME":"愛知県","CITY_NAME":"豊橋市","S_NAME":"弥生町","HCODE":8101,"AREA":572034.618,"KIGO_E":"","JINKO":4832,"SETAI":2112,"X_CODE":137.394201,"Y_CODE":34.733503},"geometry":{"type":"Polygon","coordinates":[[[137.395656,34.737058],[137.395922,34.736748],[137.396115,34.736529],[137.396587,34.735947],[137.396651,34.735857],[137.396423,34.734342],[137.396353,34.73386],[137.396237,34.733118],[137.396196,34.732849],[137.396146,34.732542],[137.395988,34.731462],[137.396962,34.731628],[137.397123,34.731694],[137.397515,34.731873],[137.397615,34.73192],[137.39779,34.731984],[137.398278,34.732148],[137.398662,34.732282],[137.398899,34.732378],[137.398905,34.73238],[137.398956,34.732416],[137.399281,34.732517],[137.399566,34.732612],[137.399736,34.732677],[137.399938,34.73278],[137.40011,34.732876],[137.400344,34.733],[137.40055,34.733142],[137.40071,34.733252],[137.40109,34.733547],[137.401187,34.733641],[137.402679,34.733247],[137.402712,34.733187],[137.403348,34.732022],[137.403402,34.731924],[137.403841,34.731121],[137.403846,34.731112],[137.402737,34.730685],[137.402598,34.730632],[137.402516,34.73061],[137.402412,34.730571],[137.402261,34.730513],[137.402157,34.730471],[137.402025,34.730457],[137.401959,34.730464],[137.401489,34.730572],[137.401337,34.730624],[137.400384,34.73093],[137.39964,34.731174],[137.399357,34.731264],[137.399318,34.731279],[137.399235,34.73129],[137.399186,34.7313],[137.399011,34.731351],[137.398804,34.731412],[137.398667,34.731452],[137.398607,34.731459],[137.398542,34.731466],[137.398407,34.731466],[137.398301,34.731477],[137.398105,34.731513],[137.398049,34.731509],[137.397999,34.731509],[137.397857,34.731482],[137.397388,34.731429],[137.397322,34.73142],[137.397084,34.731407],[137.396762,34.731327],[137.396713,34.731305],[137.396169,34.73104],[137.395738,34.730835],[137.395482,34.730738],[137.395388,34.730677],[137.395224,34.730597],[137.394919,34.730487],[137.394802,34.730453],[137.394596,34.730446],[137.394327,34.730471],[137.394209,34.730491],[137.393776,34.730563],[137.393489,34.730611],[137.393397,34.730613],[137.392972,34.730678],[137.392754,34.730721],[137.392563,34.730777],[137.392452,34.73081],[137.392298,34.730878],[137.392116,34.730984],[137.391873,34.73116],[137.391455,34.731494],[137.39123,34.731653],[137.391155,34.731705],[137.391062,34.731731],[137.390931,34.731757],[137.390725,34.731792],[137.390485,34.731834],[137.390212,34.731871],[137.389463,34.732007],[137.388615,34.732147],[137.387466,34.732332],[137.387446,34.732261],[137.38662,34.732386],[137.386555,34.732396],[137.386542,34.732452],[137.386323,34.73259],[137.385697,34.732723],[137.385334,34.733179],[137.385357,34.733355],[137.385707,34.733327],[137.386717,34.733176],[137.38696,34.733139],[137.387143,34.73311],[137.38715,34.733109],[137.387558,34.733043],[137.387815,34.733154],[137.387855,34.733409],[137.38834,34.733354],[137.388362,34.733507],[137.388479,34.734261],[137.38868,34.735496],[137.38872,34.735746],[137.388431,34.735776],[137.387975,34.73583],[137.38751,34.735875],[137.387368,34.735908],[137.387422,34.736503],[137.387804,34.736485],[137.387811,34.736551],[137.388434,34.736523],[137.388851,34.736503],[137.38947,34.736482],[137.38961,34.736473],[137.389605,34.736178],[137.389605,34.736176],[137.389572,34.736179],[137.389529,34.736184],[137.389529,34.73618],[137.38951,34.736008],[137.389614,34.736008],[137.389609,34.735832],[137.389679,34.735828],[137.389674,34.735695],[137.389717,34.735695],[137.389659,34.735176],[137.389889,34.735162],[137.389896,34.735212],[137.390989,34.735169],[137.39201,34.735126],[137.392016,34.735331],[137.39206,34.735878],[137.39209,34.736371],[137.392103,34.736618],[137.391579,34.736644],[137.391589,34.737018],[137.391914,34.737013],[137.391873,34.737282],[137.392251,34.737297],[137.392315,34.737299],[137.392872,34.737323],[137.393886,34.737364],[137.393932,34.737365],[137.394312,34.737375],[137.395343,34.737415],[137.395442,34.737305],[137.395656,34.737058]]]}},{"type":"Feature","id":"232013490","properties":{"KEY_CODE":"232013490","PREF":"23","CITY":"201","S_AREA":"349000","PREF_NAME":"愛知県","CITY_NAME":"豊橋市","S_NAME":"有楽町","HCODE":8101,"AREA":53064.053,"KIGO_E":"","JINKO":683,"SETAI":311,"X_CODE":137.38321,"Y_CODE":34.750223},"geometry":{"type":"Polygon","coordinates":[[[137.384087,34.749282],[137.38355,34.749253],[137.382569,34.74959],[137.38241,34.749638],[137.381023,34.750118],[137.380977,34.750134],[137.380994,34.750159],[137.381238,34.750532],[137.381236,34.750554],[137.381214,34.750835],[137.382198,34.750913],[137.382539,34.750939],[137.383186,34.750985],[137.383891,34.751036],[137.384709,34.751096],[137.384772,34.750654],[137.384815,34.750198],[137.38486,34.7498],[137.384843,34.749791],[137.384796,34.749779],[137.384839,34.74935],[137.38484,34.749341],[137.384087,34.749282]]]}},{"type":"Feature","id":"232013500","properties":{"KEY_CODE":"232013500","PREF":"23","CITY":"201","S_AREA":"350000","PREF_NAME":"愛知県","CITY_NAME":"豊橋市","S_NAME":"横須賀町","HCODE":8101,"AREA":784352.387,"KIGO_E":"","JINKO":1113,"SETAI":454,"X_CODE":137.368505,"Y_CODE":34.781238},"geometry":{"type":"Polygon","coordinates":[[[137.375227,34.784213],[137.375579,34.783684],[137.377328,34.784875],[137.377447,34.784954],[137.377496,34.784915],[137.378324,34.784166],[137.377716,34.783761],[137.37808,34.783389],[137.378073,34.783363],[137.378023,34.783306],[137.377955,34.783255],[137.37792,34.783241],[137.377832,34.783232],[137.377753,34.783228],[137.377666,34.783241],[137.377511,34.78314],[137.377433,34.783117],[137.377364,34.783107],[137.377303,34.783088],[137.377238,34.783052],[137.377184,34.783021],[137.377139,34.782985],[137.377085,34.782928],[137.376906,34.782665],[137.37681,34.782542],[137.376743,34.78248],[137.376573,34.782251],[137.376624,34.782187],[137.376738,34.782044],[137.377209,34.781458],[137.377068,34.781418],[137.376986,34.781414],[137.376909,34.781412],[137.376837,34.78142],[137.375936,34.781663],[137.375846,34.78159],[137.3759,34.781477],[137.375667,34.781376],[137.375627,34.781444],[137.374742,34.78108],[137.374805,34.78097],[137.375007,34.780897],[137.375174,34.780745],[137.375206,34.780722],[137.375343,34.780659],[137.37562,34.780581],[137.375585,34.780374],[137.375467,34.779365],[137.375166,34.779416],[137.374871,34.779444],[137.373954,34.779531],[137.373889,34.779537],[137.373738,34.779557],[137.37363,34.779563],[137.37354,34.779572],[137.373467,34.779571],[137.373457,34.779571],[137.373335,34.779582],[137.373138,34.779579],[137.372865,34.779568],[137.372624,34.779545],[137.372226,34.77951],[137.371446,34.779516],[137.370527,34.779327],[137.370451,34.779309],[137.3684,34.778857],[137.366972,34.778543],[137.363424,34.777675],[137.361098,34.777167],[137.360958,34.777137],[137.36053,34.77849],[137.360595,34.778501],[137.360561,34.778665],[137.360771,34.778713],[137.36063,34.779253],[137.36096,34.779325],[137.360536,34.780594],[137.360239,34.781508],[137.36009,34.782172],[137.360049,34.782163],[137.36004,34.78219],[137.359956,34.782171],[137.359865,34.782654],[137.363276,34.783175],[137.363852,34.783254],[137.363922,34.783224],[137.365211,34.7826],[137.365434,34.782495],[137.365624,34.782457],[137.365793,34.782453],[137.366008,34.782475],[137.367468,34.78267],[137.368338,34.78279],[137.36928,34.782946],[137.369515,34.783045],[137.372882,34.784271],[137.373187,34.784383],[137.373333,34.784436],[137.372975,34.785288],[137.372892,34.785491],[137.372856,34.785639],[137.372864,34.785736],[137.372888,34.785809],[137.372921,34.785893],[137.372968,34.785979],[137.37301,34.78603],[137.373088,34.786097],[137.373229,34.786215],[137.37341,34.786357],[137.373703,34.785995],[137.374453,34.785119],[137.374599,34.784966],[137.375227,34.784213]]]}},{"type":"Feature","id":"232013510","properties":{"KEY_CODE":"232013510","PREF":"23","CITY":"201","S_AREA":"351000","PREF_NAME":"愛知県","CITY_NAME":"豊橋市","S_NAME":"吉川町","HCODE":8101,"AREA":284751.88,"KIGO_E":"","JINKO":1671,"SETAI":725,"X_CODE":137.363981,"Y_CODE":34.771681},"geometry":{"type":"Polygon","coordinates":[[[137.367415,34.770625],[137.367335,34.770469],[137.367299,34.770385],[137.367217,34.770424],[137.367111,34.770468],[137.366954,34.770498],[137.366794,34.770503],[137.366626,34.770505],[137.366466,34.770486],[137.366297,34.770431],[137.366182,34.770382],[137.366071,34.770347],[137.365982,34.770307],[137.365806,34.770261],[137.365653,34.770237],[137.364931,34.77013],[137.36462,34.770105],[137.364396,34.770087],[137.364153,34.770076],[137.364013,34.770065],[137.363856,34.770046],[137.363691,34.77001],[137.363589,34.76996],[137.363508,34.769906],[137.363423,34.769859],[137.363368,34.769829],[137.363243,34.769785],[137.36308,34.769733],[137.362951,34.769704],[137.362667,34.769707],[137.362468,34.76971],[137.362233,34.769683],[137.362007,34.769641],[137.361807,34.769602],[137.361657,34.769543],[137.361535,34.769494],[137.361451,34.769463],[137.361264,34.769441],[137.36114,34.769407],[137.360909,34.769314],[137.36074,34.76924],[137.360628,34.769202],[137.360542,34.769175],[137.360462,34.769149],[137.36036,34.769109],[137.360316,34.769756],[137.360316,34.769773],[137.360282,34.770555],[137.359154,34.770494],[137.359152,34.770522],[137.359139,34.770747],[137.359127,34.771003],[137.359091,34.771242],[137.359044,34.77149],[137.359021,34.771618],[137.358996,34.771794],[137.358987,34.7719],[137.358984,34.771997],[137.358999,34.772074],[137.359008,34.772151],[137.359039,34.772252],[137.359046,34.772393],[137.360179,34.772427],[137.360184,34.772427],[137.361521,34.772481],[137.362214,34.772508],[137.363587,34.772556],[137.363561,34.77267],[137.363541,34.772774],[137.36349,34.773043],[137.363423,34.773342],[137.363364,34.773648],[137.363364,34.773673],[137.364532,34.773695],[137.366015,34.773729],[137.36737,34.77375],[137.368704,34.77377],[137.368704,34.772736],[137.368701,34.772723],[137.368657,34.772556],[137.368677,34.772248],[137.368527,34.772239],[137.368193,34.771875],[137.368112,34.771837],[137.368104,34.771778],[137.368056,34.771776],[137.367954,34.771632],[137.367856,34.771504],[137.367759,34.771359],[137.367667,34.771197],[137.367583,34.770976],[137.367471,34.770746],[137.367415,34.770625]]]}},{"type":"Feature","id":"232013520","properties":{"KEY_CODE":"232013520","PREF":"23","CITY":"201","S_AREA":"352000","PREF_NAME":"愛知県","CITY_NAME":"豊橋市","S_NAME":"吉前町","HCODE":8101,"AREA":367346.784,"KIGO_E":"","JINKO":438,"SETAI":117,"X_CODE":137.331563,"Y_CODE":34.77282},"geometry":{"type":"Polygon","coordinates":[[[137.331313,34.770608],[137.331214,34.770518],[137.330152,34.77055],[137.329919,34.770571],[137.32869,34.770674],[137.327648,34.770723],[137.327529,34.770728],[137.326404,34.770806],[137.325879,34.770868],[137.327841,34.774706],[137.327877,34.774763],[137.328594,34.774752],[137.330095,34.774704],[137.332545,34.774643],[137.333721,34.774615],[137.33581,34.774571],[137.336472,34.774396],[137.338638,34.773826],[137.338437,34.773695],[137.338145,34.773487],[137.337896,34.77337],[137.337693,34.773279],[137.337429,34.773096],[137.337198,34.772906],[137.33694,34.772612],[137.33679,34.772287],[137.334245,34.7717],[137.33384,34.771618],[137.333238,34.771453],[137.332716,34.771286],[137.332396,34.771169],[137.332002,34.770983],[137.331584,34.770747],[137.331313,34.770608]]]}},{"type":"Feature","id":"232013540","properties":{"KEY_CODE":"232013540","PREF":"23","CITY":"201","S_AREA":"354000","PREF_NAME":"愛知県","CITY_NAME":"豊橋市","S_NAME":"若松町","HCODE":8101,"AREA":845057.249,"KIGO_E":"E1","JINKO":2344,"SETAI":777,"X_CODE":137.402075,"Y_CODE":34.691439},"geometry":{"type":"Polygon","coordinates":[[[137.407305,34.6961],[137.407454,34.695888],[137.407543,34.695642],[137.407607,34.695232],[137.407686,34.69481],[137.407685,34.694648],[137.40765,34.694502],[137.407588,34.694389],[137.407501,34.694278],[137.40743,34.694082],[137.407412,34.693968],[137.407415,34.693857],[137.407332,34.693098],[137.408187,34.6927],[137.406692,34.691389],[137.405859,34.690872],[137.405742,34.690803],[137.407472,34.68833],[137.404555,34.688318],[137.404036,34.688337],[137.403777,34.688355],[137.403496,34.688266],[137.403225,34.688209],[137.403172,34.688198],[137.402129,34.687672],[137.403143,34.686288],[137.403195,34.68502],[137.403188,34.684898],[137.402945,34.684827],[137.402148,34.684939],[137.402048,34.684971],[137.401856,34.685177],[137.401633,34.685478],[137.401512,34.685587],[137.401386,34.685645],[137.401065,34.68575],[137.400717,34.685817],[137.400376,34.685794],[137.400273,34.68582],[137.40019,34.685859],[137.400112,34.685947],[137.399955,34.686113],[137.399748,34.686337],[137.399621,34.686413],[137.399394,34.686512],[137.398982,34.686685],[137.398787,34.686756],[137.3987,34.687204],[137.398599,34.6875],[137.398515,34.687672],[137.398441,34.68783],[137.39843,34.68785],[137.397571,34.689358],[137.397349,34.689682],[137.39715,34.689887],[137.396755,34.690197],[137.397276,34.690745],[137.397394,34.690981],[137.397485,34.691195],[137.397487,34.691327],[137.397373,34.691527],[137.397242,34.691771],[137.397253,34.691832],[137.397357,34.691889],[137.397509,34.691914],[137.397368,34.691986],[137.397244,34.692123],[137.397216,34.692256],[137.39723,34.692363],[137.397278,34.692447],[137.397403,34.692524],[137.397539,34.693057],[137.397273,34.693165],[137.397172,34.693206],[137.397086,34.693261],[137.396459,34.694409],[137.396334,34.694561],[137.396175,34.69465],[137.3961,34.694686],[137.395787,34.694705],[137.395602,34.694716],[137.395261,34.694814],[137.394899,34.694957],[137.39355,34.695311],[137.393441,34.695339],[137.393396,34.695402],[137.394349,34.695484],[137.39445,34.695491],[137.394816,34.695601],[137.396903,34.694983],[137.397927,34.69494],[137.398371,34.694921],[137.399909,34.694858],[137.401399,34.694796],[137.401273,34.694985],[137.401364,34.695785],[137.40286,34.695419],[137.402982,34.695669],[137.403458,34.695596],[137.403545,34.695739],[137.404302,34.695581],[137.404508,34.695994],[137.404562,34.69603],[137.404719,34.696091],[137.404881,34.696129],[137.405041,34.696151],[137.405092,34.696143],[137.405442,34.696026],[137.405567,34.695991],[137.405678,34.695987],[137.405828,34.696005],[137.405996,34.696044],[137.406172,34.696116],[137.406343,34.696209],[137.4065,34.696285],[137.406708,34.696349],[137.406874,34.696369],[137.407019,34.696352],[137.407146,34.6963],[137.407305,34.6961]]]}},{"type":"Feature","id":"232013540","properties":{"KEY_CODE":"232013540","PREF":"23","CITY":"201","S_AREA":"354000","PREF_NAME":"愛知県","CITY_NAME":"豊橋市","S_NAME":"若松町","HCODE":8101,"AREA":1782472.111,"KIGO_E":"E2","JINKO":0,"SETAI":0,"X_CODE":137.388708,"Y_CODE":34.688081},"geometry":{"type":"Polygon","coordinates":[[[137.387141,34.696155],[137.38718,34.696141],[137.387356,34.696321],[137.387393,34.696318],[137.38748,34.696294],[137.38773,34.696196],[137.38782,34.696185],[137.388271,34.696181],[137.388373,34.696149],[137.388683,34.695973],[137.389152,34.695865],[137.389867,34.695874],[137.390012,34.695814],[137.390496,34.695521],[137.390712,34.695364],[137.390648,34.694603],[137.390637,34.694474],[137.390639,34.694474],[137.393407,34.694269],[137.393602,34.695052],[137.39418,34.693832],[137.395194,34.691631],[137.394854,34.690327],[137.39423,34.688164],[137.395254,34.687943],[137.39529,34.688226],[137.396073,34.688078],[137.396274,34.687791],[137.396424,34.687587],[137.39648,34.687476],[137.396513,34.68737],[137.39658,34.687272],[137.396609,34.687198],[137.396635,34.687083],[137.396602,34.687001],[137.396566,34.686951],[137.396643,34.68669],[137.396656,34.686518],[137.396633,34.686221],[137.396605,34.685905],[137.396268,34.685888],[137.396034,34.685875],[137.396043,34.685675],[137.396536,34.685682],[137.396425,34.684983],[137.396481,34.684189],[137.396516,34.683947],[137.396562,34.683699],[137.396568,34.683554],[137.396605,34.683142],[137.396654,34.682906],[137.396718,34.68275],[137.39675,34.682617],[137.396753,34.682519],[137.396754,34.682341],[137.395628,34.682465],[137.394601,34.682584],[137.392872,34.682205],[137.39013,34.681662],[137.386143,34.681891],[137.386026,34.681669],[137.385997,34.681647],[137.385929,34.681625],[137.385756,34.681608],[137.385645,34.681596],[137.385585,34.681586],[137.385546,34.681551],[137.385311,34.680695],[137.385176,34.680675],[137.384902,34.681567],[137.384875,34.681588],[137.382955,34.681619],[137.382853,34.68178],[137.382759,34.682044],[137.382416,34.682017],[137.382298,34.682132],[137.382184,34.68225],[137.381904,34.682652],[137.381845,34.682718],[137.381783,34.68274],[137.3815,34.682839],[137.381159,34.683189],[137.381048,34.683248],[137.380777,34.683274],[137.380737,34.683626],[137.380776,34.683771],[137.380846,34.683988],[137.380827,34.684075],[137.38082,34.684079],[137.380762,34.684153],[137.380565,34.684292],[137.379529,34.684992],[137.379174,34.685213],[137.378955,34.685334],[137.378803,34.685409],[137.378658,34.68547],[137.378546,34.685518],[137.378632,34.685554],[137.379977,34.686042],[137.380141,34.686086],[137.380443,34.686106],[137.38137,34.686111],[137.381222,34.686499],[137.38109,34.686817],[137.380795,34.687503],[137.381266,34.6876],[137.382223,34.687797],[137.382826,34.687922],[137.38295,34.687979],[137.38312,34.688128],[137.383267,34.688251],[137.383333,34.688308],[137.383439,34.688378],[137.38354,34.688407],[137.383648,34.68842],[137.383779,34.688414],[137.383911,34.688379],[137.384438,34.688164],[137.384278,34.688832],[137.384267,34.688956],[137.38428,34.689219],[137.384302,34.68955],[137.384322,34.689775],[137.384356,34.690093],[137.384406,34.690472],[137.384461,34.690895],[137.384452,34.690997],[137.384432,34.691128],[137.384409,34.691214],[137.384345,34.691336],[137.384272,34.691499],[137.384203,34.691608],[137.38411,34.691726],[137.383956,34.691908],[137.383963,34.691993],[137.383859,34.691948],[137.383817,34.691934],[137.383775,34.691933],[137.383745,34.69195],[137.383728,34.691981],[137.383724,34.692017],[137.383726,34.692055],[137.383734,34.692094],[137.38375,34.692134],[137.383851,34.692255],[137.38399,34.692446],[137.383992,34.692859],[137.383983,34.692908],[137.383917,34.693267],[137.383899,34.693313],[137.38382,34.693429],[137.383702,34.693547],[137.383395,34.694022],[137.383172,34.694348],[137.383027,34.694552],[137.38306,34.694754],[137.383087,34.694867],[137.383122,34.694943],[137.383174,34.695014],[137.383235,34.695086],[137.383303,34.69515],[137.383675,34.695416],[137.383814,34.695473],[137.384138,34.695585],[137.384285,34.695623],[137.384413,34.695735],[137.384968,34.695605],[137.385284,34.695897],[137.385446,34.696053],[137.385576,34.696188],[137.385715,34.696347],[137.386016,34.69672],[137.38607,34.696742],[137.386164,34.696742],[137.386297,34.696703],[137.386396,34.696649],[137.386521,34.696556],[137.386626,34.696479],[137.386748,34.696403],[137.386813,34.696373],[137.386952,34.696331],[137.386997,34.69631],[137.387141,34.696155]]]}},{"type":"Feature","id":"232013550","properties":{"KEY_CODE":"232013550","PREF":"23","CITY":"201","S_AREA":"355001","PREF_NAME":"愛知県","CITY_NAME":"豊橋市","S_NAME":"神野西町","HCODE":8101,"AREA":1157033.585,"KIGO_E":"","JINKO":0,"SETAI":0,"X_CODE":137.314894,"Y_CODE":34.740028},"geometry":{"type":"Polygon","coordinates":[[[137.319044,34.745581],[137.319022,34.741073],[137.319018,34.740514],[137.31899,34.736766],[137.318991,34.736757],[137.319007,34.736566],[137.319018,34.736484],[137.319198,34.73498],[137.319198,34.734977],[137.319187,34.73493],[137.319311,34.734908],[137.320801,34.73464],[137.320742,34.734439],[137.319873,34.734594],[137.319311,34.734694],[137.319135,34.734725],[137.31871,34.733123],[137.318575,34.733148],[137.315816,34.733646],[137.315808,34.733649],[137.314522,34.733879],[137.313327,34.734097],[137.31327,34.734107],[137.31112,34.734499],[137.310392,34.734634],[137.309519,34.734795],[137.308058,34.735065],[137.308068,34.736579],[137.308099,34.739267],[137.308265,34.739266],[137.311887,34.739205],[137.311903,34.74057],[137.311905,34.741082],[137.311944,34.744634],[137.314186,34.744621],[137.314221,34.744621],[137.31424,34.745587],[137.3143,34.748532],[137.314678,34.748529],[137.319081,34.748491],[137.319079,34.748362],[137.319078,34.748243],[137.319044,34.745581]]]}},{"type":"Feature","id":"23201360001","properties":{"KEY_CODE":"23201360001","PREF":"23","CITY":"201","S_AREA":"360001","PREF_NAME":"愛知県","CITY_NAME":"豊橋市","S_NAME":"野依台一丁目","HCODE":8101,"AREA":329304.464,"KIGO_E":"","JINKO":1702,"SETAI":619,"X_CODE":137.376252,"Y_CODE":34.699368},"geometry":{"type":"Polygon","coordinates":[[[137.375941,34.696705],[137.375261,34.696178],[137.373119,34.696555],[137.372849,34.696593],[137.371835,34.696787],[137.371683,34.696818],[137.371076,34.6975],[137.373185,34.69872],[137.373935,34.699156],[137.374356,34.699399],[137.373967,34.699832],[137.373205,34.70068],[137.373534,34.700826],[137.3742,34.701078],[137.375463,34.701511],[137.37625,34.70182],[137.376652,34.70192],[137.377079,34.701993],[137.377433,34.702046],[137.377741,34.7021],[137.377868,34.70213],[137.378165,34.702223],[137.378328,34.702408],[137.378483,34.702538],[137.378732,34.702714],[137.378992,34.702561],[137.379335,34.702369],[137.379641,34.702317],[137.380025,34.702235],[137.380532,34.702119],[137.380674,34.702095],[137.380278,34.700826],[137.380155,34.700472],[137.379739,34.699179],[137.379528,34.699047],[137.37795,34.698016],[137.377086,34.697453],[137.375941,34.696705]]]}},{"type":"Feature","id":"23201360002","properties":{"KEY_CODE":"23201360002","PREF":"23","CITY":"201","S_AREA":"360002","PREF_NAME":"愛知県","CITY_NAME":"豊橋市","S_NAME":"野依台二丁目","HCODE":8101,"AREA":255824.102,"KIGO_E":"","JINKO":1288,"SETAI":663,"X_CODE":137.370224,"Y_CODE":34.693791},"geometry":{"type":"Polygon","coordinates":[[[137.372849,34.696593],[137.373119,34.696555],[137.375261,34.696178],[137.374915,34.695916],[137.37359,34.694954],[137.373523,34.694666],[137.373402,34.694369],[137.373182,34.69381],[137.372874,34.69308],[137.372611,34.69272],[137.372448,34.692522],[137.37203,34.692414],[137.371481,34.692246],[137.371254,34.69218],[137.371064,34.69214],[137.370814,34.692086],[137.370426,34.692028],[137.370227,34.691999],[137.369758,34.691891],[137.369651,34.691851],[137.369424,34.691691],[137.367385,34.69171],[137.367093,34.691061],[137.366902,34.691067],[137.366586,34.691056],[137.366288,34.691045],[137.366111,34.691036],[137.366111,34.690961],[137.36612,34.690824],[137.365952,34.690785],[137.36575,34.69074],[137.365702,34.69071],[137.365582,34.690433],[137.365141,34.6904],[137.364906,34.690371],[137.364511,34.69032],[137.364201,34.690279],[137.364505,34.690523],[137.364671,34.690648],[137.364764,34.690941],[137.364807,34.691097],[137.364849,34.691199],[137.364897,34.69129],[137.36495,34.691378],[137.365035,34.691462],[137.365111,34.691509],[137.36518,34.69152],[137.365334,34.691467],[137.365459,34.691417],[137.365545,34.691398],[137.365592,34.691412],[137.36585,34.691756],[137.365815,34.691849],[137.365793,34.691914],[137.365764,34.691958],[137.36598,34.692389],[137.366244,34.692903],[137.366744,34.692981],[137.367238,34.693059],[137.367514,34.693103],[137.368206,34.693204],[137.368245,34.693263],[137.368487,34.693777],[137.369042,34.693935],[137.36952,34.69444],[137.369382,34.694556],[137.369555,34.694742],[137.369434,34.694977],[137.368835,34.695926],[137.368699,34.69614],[137.369095,34.696365],[137.369245,34.696173],[137.370245,34.696738],[137.370349,34.696488],[137.370379,34.696273],[137.370428,34.695917],[137.370456,34.695675],[137.37046,34.695639],[137.370598,34.69543],[137.370939,34.694991],[137.371063,34.695056],[137.371438,34.695249],[137.371212,34.695647],[137.371417,34.696243],[137.371355,34.696282],[137.37171,34.69665],[137.371737,34.696582],[137.371835,34.696787],[137.372849,34.696593]]]}},{"type":"Feature","id":"23201371001","properties":{"KEY_CODE":"23201371001","PREF":"23","CITY":"201","S_AREA":"371001","PREF_NAME":"愛知県","CITY_NAME":"豊橋市","S_NAME":"飯村北一丁目","HCODE":8101,"AREA":109919.313,"KIGO_E":"","JINKO":586,"SETAI":240,"X_CODE":137.41819,"Y_CODE":34.74682},"geometry":{"type":"Polygon","coordinates":[[[137.419539,34.747012],[137.41954,34.746499],[137.41954,34.745541],[137.419541,34.74506],[137.419491,34.744915],[137.41932,34.744517],[137.418768,34.744631],[137.418417,34.744748],[137.41831,34.744792],[137.417901,34.745016],[137.417634,34.745187],[137.417344,34.745385],[137.416934,34.745673],[137.415916,34.746359],[137.415252,34.746707],[137.414908,34.746768],[137.414484,34.746763],[137.414725,34.746858],[137.415304,34.746938],[137.415846,34.747013],[137.416133,34.747018],[137.416486,34.747018],[137.416565,34.747113],[137.416606,34.747126],[137.417519,34.747408],[137.417631,34.747486],[137.417629,34.747653],[137.417774,34.74787],[137.418149,34.748351],[137.4185,34.748828],[137.418699,34.749739],[137.418759,34.749725],[137.418865,34.749715],[137.418937,34.7497],[137.419225,34.749617],[137.419324,34.74956],[137.419668,34.749389],[137.419595,34.749085],[137.41953,34.748732],[137.419534,34.748339],[137.419539,34.747496],[137.419539,34.747012]]]}},{"type":"Feature","id":"23201371002","properties":{"KEY_CODE":"23201371002","PREF":"23","CITY":"201","S_AREA":"371002","PREF_NAME":"愛知県","CITY_NAME":"豊橋市","S_NAME":"飯村北二丁目","HCODE":8101,"AREA":150453.463,"KIGO_E":"","JINKO":837,"SETAI":333,"X_CODE":137.421288,"Y_CODE":34.746327},"geometry":{"type":"Polygon","coordinates":[[[137.422034,34.747862],[137.422144,34.747856],[137.422203,34.747858],[137.422277,34.747866],[137.422712,34.747978],[137.422769,34.747993],[137.422779,34.747819],[137.422789,34.747557],[137.422873,34.747053],[137.423029,34.746504],[137.423198,34.746074],[137.423321,34.745834],[137.423628,34.745332],[137.424253,34.74456],[137.423494,34.744506],[137.422038,34.744414],[137.421501,34.744384],[137.420843,34.744371],[137.420089,34.744424],[137.41932,34.744517],[137.419491,34.744915],[137.419541,34.74506],[137.41954,34.745541],[137.41954,34.746499],[137.419539,34.747012],[137.419539,34.747496],[137.419534,34.748339],[137.41953,34.748732],[137.419595,34.749085],[137.419668,34.749389],[137.420084,34.749163],[137.420145,34.749111],[137.420265,34.749015],[137.420701,34.748668],[137.421637,34.747972],[137.421745,34.747918],[137.421842,34.747887],[137.422034,34.747862]]]}},{"type":"Feature","id":"23201371003","properties":{"KEY_CODE":"23201371003","PREF":"23","CITY":"201","S_AREA":"371003","PREF_NAME":"愛知県","CITY_NAME":"豊橋市","S_NAME":"飯村北三丁目","HCODE":8101,"AREA":144212.299,"KIGO_E":"","JINKO":775,"SETAI":294,"X_CODE":137.425339,"Y_CODE":34.746397},"geometry":{"type":"Polygon","coordinates":[[[137.427033,34.748451],[137.427075,34.747222],[137.427097,34.746929],[137.427159,34.746676],[137.427271,34.746371],[137.427522,34.745961],[137.428114,34.745245],[137.427036,34.744707],[137.426287,34.744672],[137.424962,34.744597],[137.424253,34.74456],[137.423628,34.745332],[137.423321,34.745834],[137.423198,34.746074],[137.423029,34.746504],[137.422873,34.747053],[137.422789,34.747557],[137.422779,34.747819],[137.422769,34.747993],[137.422831,34.747988],[137.422891,34.747994],[137.422929,34.748],[137.423003,34.748022],[137.423055,34.748031],[137.423105,34.748029],[137.423162,34.748016],[137.423439,34.747949],[137.423519,34.747933],[137.423586,34.747914],[137.423879,34.747814],[137.423937,34.747801],[137.424093,34.747792],[137.424123,34.747795],[137.424182,34.747801],[137.424825,34.747909],[137.424971,34.747934],[137.425464,34.748083],[137.426447,34.748398],[137.426539,34.748414],[137.427033,34.748451]]]}},{"type":"Feature","id":"23201371004","properties":{"KEY_CODE":"23201371004","PREF":"23","CITY":"201","S_AREA":"371004","PREF_NAME":"愛知県","CITY_NAME":"豊橋市","S_NAME":"飯村北四丁目","HCODE":8101,"AREA":142740.363,"KIGO_E":"","JINKO":209,"SETAI":81,"X_CODE":137.429589,"Y_CODE":34.747731},"geometry":{"type":"Polygon","coordinates":[[[137.429882,34.746145],[137.428114,34.745245],[137.427522,34.745961],[137.427271,34.746371],[137.427159,34.746676],[137.427097,34.746929],[137.427075,34.747222],[137.427033,34.748451],[137.427824,34.748508],[137.428432,34.748553],[137.428954,34.748594],[137.429046,34.748612],[137.429104,34.748636],[137.429464,34.748863],[137.429962,34.74916],[137.430063,34.749223],[137.43036,34.749353],[137.43049,34.749414],[137.430817,34.749571],[137.430936,34.749644],[137.431406,34.750046],[137.431473,34.750092],[137.431547,34.750131],[137.431628,34.750149],[137.431869,34.750203],[137.432342,34.750353],[137.43258,34.750429],[137.432121,34.74889],[137.431804,34.74813],[137.431549,34.747674],[137.431151,34.747183],[137.430861,34.74686],[137.430354,34.746449],[137.429882,34.746145]]]}},{"type":"Feature","id":"23201371005","properties":{"KEY_CODE":"23201371005","PREF":"23","CITY":"201","S_AREA":"371005","PREF_NAME":"愛知県","CITY_NAME":"豊橋市","S_NAME":"飯村北五丁目","HCODE":8101,"AREA":81384.145,"KIGO_E":"","JINKO":450,"SETAI":193,"X_CODE":137.430785,"Y_CODE":34.745961},"geometry":{"type":"Polygon","coordinates":[[[137.432163,34.74506],[137.431779,34.744502],[137.431447,34.744654],[137.43108,34.744765],[137.43084,34.744793],[137.430432,34.744805],[137.429088,34.744798],[137.428516,34.744796],[137.427036,34.744707],[137.428114,34.745245],[137.429882,34.746145],[137.430354,34.746449],[137.430861,34.74686],[137.431151,34.747183],[137.431549,34.747674],[137.431804,34.74813],[137.432121,34.74889],[137.43235,34.747911],[137.43243,34.747426],[137.432443,34.747246],[137.43242,34.746952],[137.432395,34.746725],[137.432302,34.745894],[137.432233,34.745508],[137.432219,34.745432],[137.432163,34.74506]]]}},{"type":"Feature","id":"23201376001","properties":{"KEY_CODE":"23201376001","PREF":"23","CITY":"201","S_AREA":"376001","PREF_NAME":"愛知県","CITY_NAME":"豊橋市","S_NAME":"飯村南一丁目","HCODE":8101,"AREA":57376.95,"KIGO_E":"","JINKO":299,"SETAI":118,"X_CODE":137.416799,"Y_CODE":34.745091},"geometry":{"type":"Polygon","coordinates":[[[137.418942,34.744062],[137.41828,34.743406],[137.417523,34.743894],[137.417284,34.744034],[137.417001,34.744224],[137.416136,34.744752],[137.415665,34.74503],[137.415224,34.745313],[137.41509,34.745448],[137.414935,34.745635],[137.414865,34.745769],[137.414843,34.745946],[137.414806,34.746111],[137.414747,34.746281],[137.414674,34.746418],[137.414484,34.746763],[137.414908,34.746768],[137.415252,34.746707],[137.415916,34.746359],[137.416934,34.745673],[137.417344,34.745385],[137.417634,34.745187],[137.417901,34.745016],[137.41831,34.744792],[137.418417,34.744748],[137.418768,34.744631],[137.41932,34.744517],[137.419173,34.74432],[137.418942,34.744062]]]}},{"type":"Feature","id":"23201376002","properties":{"KEY_CODE":"23201376002","PREF":"23","CITY":"201","S_AREA":"376002","PREF_NAME":"愛知県","CITY_NAME":"豊橋市","S_NAME":"飯村南二丁目","HCODE":8101,"AREA":159877.339,"KIGO_E":"","JINKO":872,"SETAI":366,"X_CODE":137.422047,"Y_CODE":34.743237},"geometry":{"type":"Polygon","coordinates":[[[137.427036,34.744707],[137.426049,34.744204],[137.425099,34.743606],[137.424505,34.743188],[137.423562,34.742379],[137.423587,34.742363],[137.422,34.74085],[137.421442,34.741223],[137.420953,34.741574],[137.420375,34.74199],[137.420103,34.742172],[137.418776,34.743065],[137.41828,34.743406],[137.418942,34.744062],[137.419173,34.74432],[137.41932,34.744517],[137.420089,34.744424],[137.420843,34.744371],[137.421501,34.744384],[137.422038,34.744414],[137.423494,34.744506],[137.424253,34.74456],[137.424962,34.744597],[137.426287,34.744672],[137.427036,34.744707]]]}},{"type":"Feature","id":"23201376003","properties":{"KEY_CODE":"23201376003","PREF":"23","CITY":"201","S_AREA":"376003","PREF_NAME":"愛知県","CITY_NAME":"豊橋市","S_NAME":"飯村南三丁目","HCODE":8101,"AREA":147056.072,"KIGO_E":"","JINKO":891,"SETAI":352,"X_CODE":137.428606,"Y_CODE":34.743367},"geometry":{"type":"Polygon","coordinates":[[[137.429666,34.741336],[137.429573,34.741103],[137.428313,34.741679],[137.426741,34.742409],[137.426048,34.742912],[137.425536,34.743283],[137.425099,34.743606],[137.426049,34.744204],[137.427036,34.744707],[137.428516,34.744796],[137.429088,34.744798],[137.430432,34.744805],[137.43084,34.744793],[137.43108,34.744765],[137.431447,34.744654],[137.431779,34.744502],[137.430575,34.742708],[137.430539,34.742655],[137.430301,34.742301],[137.429776,34.74155],[137.429666,34.741336]]]}},{"type":"Feature","id":"23201376004","properties":{"KEY_CODE":"23201376004","PREF":"23","CITY":"201","S_AREA":"376004","PREF_NAME":"愛知県","CITY_NAME":"豊橋市","S_NAME":"飯村南四丁目","HCODE":8101,"AREA":139226.551,"KIGO_E":"","JINKO":835,"SETAI":320,"X_CODE":137.425483,"Y_CODE":34.741252},"geometry":{"type":"Polygon","coordinates":[[[137.428313,34.741679],[137.42811,34.741362],[137.427848,34.740981],[137.42763,34.740664],[137.427356,34.740282],[137.426733,34.739374],[137.42636,34.738821],[137.426231,34.738639],[137.4256,34.739],[137.424846,34.739431],[137.424772,34.73949],[137.424532,34.739792],[137.424761,34.7399],[137.425443,34.740281],[137.425154,34.740475],[137.42466,34.740781],[137.424502,34.740836],[137.423501,34.741519],[137.423173,34.741218],[137.422949,34.741001],[137.42318,34.740815],[137.42291,34.740287],[137.422904,34.740252],[137.422864,34.739964],[137.422714,34.740122],[137.422415,34.740495],[137.422,34.74085],[137.423587,34.742363],[137.423562,34.742379],[137.424505,34.743188],[137.425099,34.743606],[137.425536,34.743283],[137.426048,34.742912],[137.426741,34.742409],[137.428313,34.741679]]]}},{"type":"Feature","id":"23201376005","properties":{"KEY_CODE":"23201376005","PREF":"23","CITY":"201","S_AREA":"376005","PREF_NAME":"愛知県","CITY_NAME":"豊橋市","S_NAME":"飯村南五丁目","HCODE":8101,"AREA":74577.342,"KIGO_E":"","JINKO":739,"SETAI":260,"X_CODE":137.428077,"Y_CODE":34.739528},"geometry":{"type":"Polygon","coordinates":[[[137.42878,34.737618],[137.428824,34.737414],[137.428685,34.737428],[137.428174,34.737632],[137.427976,34.737711],[137.427158,34.738096],[137.426335,34.738604],[137.426231,34.738639],[137.42636,34.738821],[137.426733,34.739374],[137.427356,34.740282],[137.42763,34.740664],[137.427848,34.740981],[137.42811,34.741362],[137.428313,34.741679],[137.429573,34.741103],[137.429478,34.740726],[137.429336,34.740224],[137.429328,34.740199],[137.429321,34.740176],[137.429292,34.740145],[137.429279,34.740121],[137.429277,34.740099],[137.429281,34.740057],[137.429308,34.739946],[137.429305,34.739902],[137.429258,34.739808],[137.429133,34.739658],[137.429102,34.739569],[137.429101,34.739568],[137.428858,34.739097],[137.428856,34.739087],[137.42877,34.738695],[137.428744,34.73844],[137.428749,34.738185],[137.428728,34.738058],[137.428658,34.737828],[137.42878,34.737618]]]}},{"type":"Feature","id":"23201391001","properties":{"KEY_CODE":"23201391001","PREF":"23","CITY":"201","S_AREA":"391001","PREF_NAME":"愛知県","CITY_NAME":"豊橋市","S_NAME":"佐藤一丁目","HCODE":8101,"AREA":174620.691,"KIGO_E":"","JINKO":1272,"SETAI":559,"X_CODE":137.402727,"Y_CODE":34.748493},"geometry":{"type":"Polygon","coordinates":[[[137.40009,34.749932],[137.400319,34.749904],[137.400667,34.749915],[137.400938,34.74995],[137.401385,34.750027],[137.401482,34.75004],[137.401616,34.750067],[137.401949,34.750129],[137.402317,34.75017],[137.402664,34.750188],[137.402702,34.750187],[137.402951,34.750192],[137.403118,34.750185],[137.403234,34.75017],[137.403324,34.750152],[137.40344,34.750112],[137.40354,34.750086],[137.403709,34.750008],[137.403836,34.749933],[137.404222,34.749612],[137.404416,34.749456],[137.404898,34.749059],[137.405416,34.748641],[137.405555,34.748523],[137.405667,34.748405],[137.405742,34.748356],[137.405856,34.748308],[137.406015,34.748265],[137.406176,34.748242],[137.406509,34.748215],[137.405392,34.747136],[137.404332,34.746155],[137.403909,34.745754],[137.402522,34.746812],[137.402147,34.747126],[137.401893,34.747339],[137.401606,34.747583],[137.401152,34.747969],[137.400718,34.748344],[137.40021,34.74879],[137.400044,34.748924],[137.399712,34.749209],[137.398869,34.749937],[137.398235,34.750488],[137.397411,34.751226],[137.397573,34.751252],[137.397708,34.751267],[137.397923,34.751271],[137.398087,34.751236],[137.398173,34.751177],[137.398297,34.751049],[137.398437,34.750934],[137.399176,34.750336],[137.399311,34.750216],[137.39943,34.750145],[137.399585,34.75008],[137.399865,34.749967],[137.399868,34.749966],[137.40009,34.749932]]]}},{"type":"Feature","id":"23201391002","properties":{"KEY_CODE":"23201391002","PREF":"23","CITY":"201","S_AREA":"391002","PREF_NAME":"愛知県","CITY_NAME":"豊橋市","S_NAME":"佐藤二丁目","HCODE":8101,"AREA":174216.873,"KIGO_E":"","JINKO":1158,"SETAI":513,"X_CODE":137.407198,"Y_CODE":34.745865},"geometry":{"type":"Polygon","coordinates":[[[137.407818,34.743699],[137.407363,34.743276],[137.405945,34.744275],[137.405611,34.744521],[137.404958,34.745],[137.403909,34.745754],[137.404332,34.746155],[137.405392,34.747136],[137.406509,34.748215],[137.406938,34.748132],[137.407158,34.748072],[137.407407,34.747976],[137.407651,34.747852],[137.407896,34.747697],[137.408105,34.747562],[137.408425,34.747354],[137.408771,34.747081],[137.408834,34.747037],[137.408946,34.74698],[137.409051,34.746935],[137.409431,34.746819],[137.409523,34.746788],[137.409619,34.746746],[137.409933,34.746656],[137.410535,34.74653],[137.410143,34.745623],[137.410117,34.745592],[137.410088,34.745559],[137.409602,34.745205],[137.409374,34.745058],[137.409229,34.744965],[137.408914,34.744744],[137.408682,34.744504],[137.407818,34.743699]]]}},{"type":"Feature","id":"23201391003","properties":{"KEY_CODE":"23201391003","PREF":"23","CITY":"201","S_AREA":"391003","PREF_NAME":"愛知県","CITY_NAME":"豊橋市","S_NAME":"佐藤三丁目","HCODE":8101,"AREA":163935.116,"KIGO_E":"","JINKO":888,"SETAI":347,"X_CODE":137.410401,"Y_CODE":34.743778},"geometry":{"type":"Polygon","coordinates":[[[137.411313,34.740689],[137.411182,34.740592],[137.409965,34.741448],[137.408908,34.742193],[137.408666,34.742366],[137.408247,34.742644],[137.407363,34.743276],[137.407818,34.743699],[137.408682,34.744504],[137.408914,34.744744],[137.409229,34.744965],[137.409374,34.745058],[137.409602,34.745205],[137.410088,34.745559],[137.410117,34.745592],[137.410143,34.745623],[137.410535,34.74653],[137.410952,34.746451],[137.411964,34.746259],[137.412288,34.746213],[137.412411,34.746209],[137.412644,34.745216],[137.412626,34.745133],[137.41261,34.745058],[137.412259,34.743869],[137.411958,34.743474],[137.411847,34.743348],[137.411635,34.743063],[137.411576,34.742954],[137.411378,34.742504],[137.411382,34.742292],[137.411384,34.742251],[137.41149,34.740821],[137.411313,34.740689]]]}},{"type":"Feature","id":"23201391004","properties":{"KEY_CODE":"23201391004","PREF":"23","CITY":"201","S_AREA":"391004","PREF_NAME":"愛知県","CITY_NAME":"豊橋市","S_NAME":"佐藤四丁目","HCODE":8101,"AREA":200675.175,"KIGO_E":"","JINKO":1163,"SETAI":445,"X_CODE":137.407161,"Y_CODE":34.740453},"geometry":{"type":"Polygon","coordinates":[[[137.411182,34.740592],[137.410676,34.740103],[137.409994,34.740584],[137.409032,34.739693],[137.408595,34.739275],[137.407839,34.738568],[137.406896,34.737675],[137.406436,34.737963],[137.405802,34.738359],[137.40577,34.738379],[137.40521,34.738722],[137.404592,34.7391],[137.404411,34.739213],[137.403536,34.739756],[137.404704,34.740822],[137.405921,34.74195],[137.406902,34.742856],[137.407363,34.743276],[137.408247,34.742644],[137.408666,34.742366],[137.408908,34.742193],[137.409965,34.741448],[137.411182,34.740592]]]}},{"type":"Feature","id":"23201391005","properties":{"KEY_CODE":"23201391005","PREF":"23","CITY":"201","S_AREA":"391005","PREF_NAME":"愛知県","CITY_NAME":"豊橋市","S_NAME":"佐藤五丁目","HCODE":8101,"AREA":184828.69,"KIGO_E":"","JINKO":905,"SETAI":338,"X_CODE":137.404133,"Y_CODE":34.742733},"geometry":{"type":"Polygon","coordinates":[[[137.404704,34.740822],[137.403536,34.739756],[137.403167,34.739984],[137.402776,34.74023],[137.401659,34.7409],[137.401248,34.741163],[137.402093,34.741952],[137.402166,34.742051],[137.40226,34.742204],[137.402271,34.742279],[137.402437,34.7432],[137.402586,34.74419],[137.402619,34.744359],[137.402665,34.744485],[137.402739,34.74463],[137.402791,34.744714],[137.40283,34.744757],[137.403456,34.745332],[137.403909,34.745754],[137.404958,34.745],[137.405611,34.744521],[137.405945,34.744275],[137.407363,34.743276],[137.406902,34.742856],[137.405921,34.74195],[137.404704,34.740822]]]}},{"type":"Feature","id":"23201401001","properties":{"KEY_CODE":"23201401001","PREF":"23","CITY":"201","S_AREA":"401001","PREF_NAME":"愛知県","CITY_NAME":"豊橋市","S_NAME":"つつじが丘一丁目","HCODE":8101,"AREA":90868.085,"KIGO_E":"","JINKO":462,"SETAI":261,"X_CODE":137.396556,"Y_CODE":34.749101},"geometry":{"type":"Polygon","coordinates":[[[137.398235,34.750488],[137.398869,34.749937],[137.398427,34.749518],[137.397821,34.748949],[137.396638,34.747817],[137.396203,34.747395],[137.395973,34.747157],[137.395723,34.746899],[137.3956,34.74678],[137.395233,34.746416],[137.394848,34.746778],[137.394465,34.747141],[137.394454,34.747152],[137.394599,34.747545],[137.395088,34.748452],[137.395564,34.748289],[137.395574,34.748303],[137.396078,34.748976],[137.39609,34.749345],[137.396114,34.749717],[137.396117,34.749754],[137.395732,34.749787],[137.39554,34.749919],[137.395256,34.750056],[137.395203,34.750091],[137.395179,34.750141],[137.395154,34.750227],[137.395152,34.750301],[137.395162,34.750391],[137.395196,34.750462],[137.3953,34.750461],[137.395427,34.750469],[137.395578,34.750499],[137.395783,34.750565],[137.395958,34.750641],[137.396189,34.750753],[137.39673,34.750997],[137.397073,34.751128],[137.39727,34.751191],[137.397411,34.751226],[137.398235,34.750488]]]}},{"type":"Feature","id":"23201401002","properties":{"KEY_CODE":"23201401002","PREF":"23","CITY":"201","S_AREA":"401002","PREF_NAME":"愛知県","CITY_NAME":"豊橋市","S_NAME":"つつじが丘二丁目","HCODE":8101,"AREA":155193.702,"KIGO_E":"","JINKO":881,"SETAI":308,"X_CODE":137.398163,"Y_CODE":34.747194},"geometry":{"type":"Polygon","coordinates":[[[137.398421,34.745416],[137.397343,34.744417],[137.396674,34.745048],[137.396163,34.745536],[137.396013,34.745683],[137.395683,34.74599],[137.395483,34.746179],[137.395233,34.746416],[137.3956,34.74678],[137.395723,34.746899],[137.395973,34.747157],[137.396203,34.747395],[137.396638,34.747817],[137.397821,34.748949],[137.398427,34.749518],[137.398869,34.749937],[137.399712,34.749209],[137.400044,34.748924],[137.40021,34.74879],[137.400718,34.748344],[137.401152,34.747969],[137.400757,34.74758],[137.400134,34.747],[137.39917,34.746108],[137.398434,34.745428],[137.398421,34.745416]]]}},{"type":"Feature","id":"23201401003","properties":{"KEY_CODE":"23201401003","PREF":"23","CITY":"201","S_AREA":"401003","PREF_NAME":"愛知県","CITY_NAME":"豊橋市","S_NAME":"つつじが丘三丁目","HCODE":8101,"AREA":227402.325,"KIGO_E":"","JINKO":1799,"SETAI":712,"X_CODE":137.400741,"Y_CODE":34.744612},"geometry":{"type":"Polygon","coordinates":[[[137.402093,34.741952],[137.401248,34.741163],[137.401194,34.741197],[137.401244,34.741237],[137.401209,34.741259],[137.400803,34.741517],[137.400425,34.741757],[137.400037,34.742052],[137.399848,34.742195],[137.399297,34.742593],[137.398928,34.742936],[137.398664,34.743176],[137.397968,34.74382],[137.397343,34.744417],[137.398421,34.745416],[137.398434,34.745428],[137.39917,34.746108],[137.400134,34.747],[137.400757,34.74758],[137.401152,34.747969],[137.401606,34.747583],[137.401893,34.747339],[137.402147,34.747126],[137.402522,34.746812],[137.403909,34.745754],[137.403456,34.745332],[137.40283,34.744757],[137.402791,34.744714],[137.402739,34.74463],[137.402665,34.744485],[137.402619,34.744359],[137.402586,34.74419],[137.402437,34.7432],[137.402271,34.742279],[137.40226,34.742204],[137.402166,34.742051],[137.402093,34.741952]]]}},{"type":"Feature","id":"232014110","properties":{"KEY_CODE":"232014110","PREF":"23","CITY":"201","S_AREA":"411000","PREF_NAME":"愛知県","CITY_NAME":"豊橋市","S_NAME":"西浜町","HCODE":8101,"AREA":199368.464,"KIGO_E":"","JINKO":1179,"SETAI":497,"X_CODE":137.330002,"Y_CODE":34.785501},"geometry":{"type":"Polygon","coordinates":[[[137.331514,34.782367],[137.331333,34.782272],[137.33121,34.782212],[137.331152,34.782183],[137.330953,34.7822],[137.330719,34.782213],[137.330479,34.782238],[137.330354,34.78229],[137.330196,34.782314],[137.33006,34.782325],[137.329942,34.782327],[137.329823,34.782316],[137.329696,34.782328],[137.329505,34.782314],[137.32954,34.782427],[137.32954,34.782495],[137.327982,34.784405],[137.327756,34.784689],[137.327469,34.78504],[137.327363,34.785269],[137.327348,34.78538],[137.327352,34.785464],[137.327383,34.785566],[137.327444,34.785622],[137.327558,34.785666],[137.328013,34.786611],[137.328267,34.786645],[137.328413,34.786671],[137.328565,34.786713],[137.328745,34.786789],[137.328913,34.786882],[137.329044,34.786982],[137.329216,34.787248],[137.329471,34.788032],[137.329675,34.78889],[137.329771,34.789294],[137.32983,34.789506],[137.330121,34.789262],[137.330254,34.789122],[137.330827,34.788476],[137.331609,34.787545],[137.332073,34.786978],[137.332054,34.786502],[137.332163,34.7864],[137.332367,34.786118],[137.331493,34.785632],[137.331682,34.785399],[137.331938,34.785078],[137.332194,34.784753],[137.331016,34.784117],[137.330938,34.784066],[137.331043,34.783845],[137.331052,34.783736],[137.331041,34.783636],[137.33113,34.783552],[137.331187,34.78347],[137.331219,34.783257],[137.331231,34.783156],[137.331278,34.783003],[137.331333,34.782859],[137.331443,34.782615],[137.331514,34.782367]]]}},{"type":"Feature","id":"232014210","properties":{"KEY_CODE":"232014210","PREF":"23","CITY":"201","S_AREA":"421000","PREF_NAME":"愛知県","CITY_NAME":"豊橋市","S_NAME":"前田中町","HCODE":8101,"AREA":93340.026,"KIGO_E":"","JINKO":724,"SETAI":320,"X_CODE":137.393488,"Y_CODE":34.7603},"geometry":{"type":"Polygon","coordinates":[[[137.393599,34.758286],[137.393551,34.758233],[137.392797,34.758715],[137.392413,34.758934],[137.391871,34.759261],[137.391891,34.75986],[137.391917,34.760223],[137.391927,34.760471],[137.391934,34.760674],[137.392102,34.76154],[137.392126,34.761547],[137.39217,34.761561],[137.392202,34.761575],[137.392773,34.761856],[137.392791,34.761865],[137.39284,34.761889],[137.393385,34.762162],[137.394259,34.761633],[137.395742,34.760759],[137.395372,34.760333],[137.395024,34.759923],[137.395011,34.759907],[137.394292,34.75908],[137.393945,34.75867],[137.393932,34.758657],[137.393599,34.758286]]]}},{"type":"Feature","id":"23201422001","properties":{"KEY_CODE":"23201422001","PREF":"23","CITY":"201","S_AREA":"422001","PREF_NAME":"愛知県","CITY_NAME":"豊橋市","S_NAME":"前田南町一丁目","HCODE":8101,"AREA":129577.028,"KIGO_E":"","JINKO":1036,"SETAI":501,"X_CODE":137.392385,"Y_CODE":34.75641},"geometry":{"type":"Polygon","coordinates":[[[137.392797,34.758715],[137.393551,34.758233],[137.393599,34.758286],[137.394607,34.75768],[137.394364,34.757396],[137.394648,34.757227],[137.394722,34.757318],[137.394927,34.757205],[137.394695,34.756927],[137.394338,34.756536],[137.393861,34.755976],[137.393612,34.755688],[137.393366,34.755404],[137.393012,34.754983],[137.392843,34.754801],[137.391976,34.753839],[137.3918,34.753946],[137.39175,34.753975],[137.391539,34.754088],[137.39086,34.754407],[137.390771,34.75445],[137.390474,34.754563],[137.39028,34.754632],[137.390087,34.754678],[137.38989,34.754709],[137.389882,34.75471],[137.389919,34.755088],[137.39008,34.755083],[137.390196,34.755135],[137.390337,34.755217],[137.390428,34.755272],[137.390487,34.755336],[137.390539,34.755412],[137.390577,34.755505],[137.39058,34.755579],[137.390581,34.755827],[137.390559,34.756187],[137.391071,34.756703],[137.391771,34.757733],[137.39179,34.758039],[137.391827,34.758609],[137.391866,34.759167],[137.391869,34.759214],[137.391871,34.759261],[137.392413,34.758934],[137.392797,34.758715]]]}},{"type":"Feature","id":"23201422002","properties":{"KEY_CODE":"23201422002","PREF":"23","CITY":"201","S_AREA":"422002","PREF_NAME":"愛知県","CITY_NAME":"豊橋市","S_NAME":"前田南町二丁目","HCODE":8101,"AREA":187118.42,"KIGO_E":"","JINKO":1170,"SETAI":495,"X_CODE":137.394864,"Y_CODE":34.753376},"geometry":{"type":"Polygon","coordinates":[[[137.394857,34.754501],[137.395199,34.754188],[137.395407,34.7543],[137.395807,34.754017],[137.395867,34.753877],[137.395874,34.75383],[137.395867,34.753555],[137.395873,34.753261],[137.395941,34.753202],[137.396014,34.7532],[137.396062,34.753149],[137.396062,34.753106],[137.396081,34.753073],[137.39629,34.752896],[137.39645,34.753037],[137.396469,34.753059],[137.396525,34.753149],[137.39654,34.753155],[137.396801,34.752951],[137.396745,34.752901],[137.396728,34.752882],[137.396728,34.75283],[137.396742,34.752803],[137.39686,34.752708],[137.396958,34.752612],[137.397034,34.752515],[137.397111,34.752386],[137.397139,34.752386],[137.39716,34.7524],[137.397187,34.752447],[137.397471,34.752324],[137.397601,34.752295],[137.397644,34.752278],[137.397691,34.75225],[137.397789,34.752181],[137.398267,34.751844],[137.398095,34.751712],[137.39805,34.751677],[137.397997,34.75165],[137.397914,34.751622],[137.39755,34.751643],[137.397708,34.751267],[137.397573,34.751252],[137.397411,34.751226],[137.39727,34.751191],[137.397073,34.751128],[137.39673,34.750997],[137.396189,34.750753],[137.395958,34.750641],[137.395783,34.750565],[137.395578,34.750499],[137.395427,34.750469],[137.3953,34.750461],[137.395196,34.750462],[137.395053,34.75048],[137.394922,34.750511],[137.394793,34.750558],[137.394651,34.750622],[137.394536,34.750697],[137.394398,34.750805],[137.394336,34.750865],[137.394182,34.751028],[137.3941,34.751133],[137.393973,34.751299],[137.393804,34.751577],[137.39357,34.75196],[137.393386,34.752263],[137.393257,34.752468],[137.393107,34.752708],[137.392992,34.752867],[137.392868,34.753026],[137.392732,34.753191],[137.392591,34.75335],[137.39247,34.753458],[137.392249,34.753639],[137.391976,34.753839],[137.392843,34.754801],[137.393012,34.754983],[137.393366,34.755404],[137.393612,34.755688],[137.393861,34.755976],[137.394338,34.756536],[137.394695,34.756927],[137.394927,34.757205],[137.39505,34.757352],[137.395244,34.757231],[137.395517,34.757075],[137.395887,34.756864],[137.395894,34.75686],[137.396017,34.75679],[137.396275,34.756637],[137.396247,34.756597],[137.39586,34.756248],[137.395647,34.756066],[137.395573,34.756006],[137.395512,34.755949],[137.395269,34.755724],[137.395245,34.755694],[137.395327,34.755521],[137.395338,34.755492],[137.395235,34.755367],[137.395182,34.755269],[137.395111,34.754858],[137.395114,34.754692],[137.394857,34.754501]]]}},{"type":"Feature","id":"232014310","properties":{"KEY_CODE":"232014310","PREF":"23","CITY":"201","S_AREA":"431000","PREF_NAME":"愛知県","CITY_NAME":"豊橋市","S_NAME":"牟呂市場町","HCODE":8101,"AREA":179938.196,"KIGO_E":"","JINKO":1116,"SETAI":478,"X_CODE":137.358407,"Y_CODE":34.747839},"geometry":{"type":"Polygon","coordinates":[[[137.360294,34.749776],[137.360647,34.749238],[137.36066,34.749218],[137.361209,34.748382],[137.361527,34.747913],[137.361759,34.747562],[137.360672,34.747031],[137.360426,34.746907],[137.359948,34.746465],[137.359864,34.746391],[137.359082,34.746031],[137.358998,34.745968],[137.35678,34.745704],[137.357034,34.74614],[137.356885,34.746226],[137.356466,34.7464],[137.356112,34.746877],[137.356046,34.74693],[137.355436,34.747173],[137.355284,34.747288],[137.355102,34.747475],[137.355016,34.747575],[137.354772,34.747978],[137.354864,34.748033],[137.355121,34.748187],[137.355316,34.748293],[137.355646,34.748457],[137.355965,34.748605],[137.356404,34.748793],[137.356526,34.748846],[137.356961,34.749037],[137.357443,34.749249],[137.358737,34.749816],[137.358981,34.749926],[137.359251,34.750036],[137.359201,34.749749],[137.360118,34.750044],[137.360294,34.749776]]]}},{"type":"Feature","id":"232014320","properties":{"KEY_CODE":"232014320","PREF":"23","CITY":"201","S_AREA":"432000","PREF_NAME":"愛知県","CITY_NAME":"豊橋市","S_NAME":"牟呂大西町","HCODE":8101,"AREA":192723.024,"KIGO_E":"","JINKO":989,"SETAI":357,"X_CODE":137.355724,"Y_CODE":34.753685},"geometry":{"type":"Polygon","coordinates":[[[137.35879,34.75615],[137.358459,34.755353],[137.358095,34.754528],[137.3579,34.754059],[137.357619,34.753331],[137.357571,34.753225],[137.357423,34.752938],[137.357302,34.752768],[137.357157,34.752616],[137.357064,34.752508],[137.356903,34.752347],[137.356721,34.752207],[137.355803,34.751775],[137.355316,34.751547],[137.355239,34.751513],[137.354334,34.751109],[137.352989,34.75053],[137.352691,34.751074],[137.352658,34.751182],[137.352672,34.751891],[137.352678,34.751979],[137.35268,34.752143],[137.352697,34.752272],[137.35276,34.752448],[137.352644,34.752482],[137.352413,34.753096],[137.352672,34.753366],[137.35282,34.753229],[137.353592,34.753305],[137.354229,34.753452],[137.354609,34.753583],[137.354295,34.754053],[137.355291,34.755132],[137.355638,34.756374],[137.35575,34.756305],[137.356003,34.756191],[137.356202,34.75611],[137.356576,34.75593],[137.356944,34.755781],[137.357014,34.755896],[137.357066,34.755961],[137.35715,34.756044],[137.357977,34.75669],[137.358475,34.757072],[137.358629,34.757194],[137.359152,34.75704],[137.359088,34.756899],[137.358809,34.756193],[137.35879,34.75615]]]}},{"type":"Feature","id":"232014330","properties":{"KEY_CODE":"232014330","PREF":"23","CITY":"201","S_AREA":"433000","PREF_NAME":"愛知県","CITY_NAME":"豊橋市","S_NAME":"牟呂公文町","HCODE":8101,"AREA":130009.48,"KIGO_E":"","JINKO":765,"SETAI":274,"X_CODE":137.359144,"Y_CODE":34.753674},"geometry":{"type":"Polygon","coordinates":[[[137.359499,34.751579],[137.359446,34.751268],[137.358917,34.751344],[137.357308,34.75157],[137.356757,34.751652],[137.357052,34.751839],[137.356721,34.752207],[137.356903,34.752347],[137.357064,34.752508],[137.357157,34.752616],[137.357302,34.752768],[137.357423,34.752938],[137.357571,34.753225],[137.357619,34.753331],[137.3579,34.754059],[137.358095,34.754528],[137.358459,34.755353],[137.35879,34.75615],[137.358809,34.756193],[137.359381,34.756042],[137.359871,34.755917],[137.360993,34.75561],[137.360878,34.755332],[137.361431,34.7552],[137.361048,34.754288],[137.361012,34.754117],[137.360957,34.753878],[137.360899,34.7537],[137.360858,34.753598],[137.360769,34.753473],[137.360471,34.753108],[137.360449,34.753082],[137.359615,34.75212],[137.359569,34.752018],[137.359499,34.751579]]]}},{"type":"Feature","id":"232014340","properties":{"KEY_CODE":"232014340","PREF":"23","CITY":"201","S_AREA":"434000","PREF_NAME":"愛知県","CITY_NAME":"豊橋市","S_NAME":"牟呂水神町","HCODE":8101,"AREA":92817.096,"KIGO_E":"","JINKO":662,"SETAI":278,"X_CODE":137.357414,"Y_CODE":34.757822},"geometry":{"type":"Polygon","coordinates":[[[137.357014,34.755896],[137.356944,34.755781],[137.356576,34.75593],[137.356202,34.75611],[137.356003,34.756191],[137.35575,34.756305],[137.355638,34.756374],[137.355854,34.757111],[137.35618,34.758228],[137.356291,34.759463],[137.35627,34.759506],[137.356627,34.759796],[137.356694,34.759768],[137.357552,34.759412],[137.358117,34.759181],[137.358554,34.758976],[137.358647,34.758911],[137.359216,34.758522],[137.359345,34.758433],[137.360149,34.758055],[137.359598,34.757884],[137.359334,34.757755],[137.359092,34.757568],[137.358844,34.75737],[137.358629,34.757194],[137.358475,34.757072],[137.357977,34.75669],[137.35715,34.756044],[137.357066,34.755961],[137.357014,34.755896]]]}},{"type":"Feature","id":"232014350","properties":{"KEY_CODE":"232014350","PREF":"23","CITY":"201","S_AREA":"435000","PREF_NAME":"愛知県","CITY_NAME":"豊橋市","S_NAME":"牟呂外神町","HCODE":8101,"AREA":102050.049,"KIGO_E":"","JINKO":625,"SETAI":218,"X_CODE":137.361258,"Y_CODE":34.756962},"geometry":{"type":"Polygon","coordinates":[[[137.363482,34.757007],[137.364339,34.7559],[137.363731,34.756012],[137.363727,34.756013],[137.362703,34.756196],[137.361886,34.756341],[137.361644,34.755722],[137.361578,34.755561],[137.361431,34.7552],[137.360878,34.755332],[137.360993,34.75561],[137.359871,34.755917],[137.359381,34.756042],[137.358809,34.756193],[137.359088,34.756899],[137.359152,34.75704],[137.358629,34.757194],[137.358844,34.75737],[137.359092,34.757568],[137.359334,34.757755],[137.359598,34.757884],[137.360149,34.758055],[137.360372,34.758109],[137.361173,34.758322],[137.361239,34.758339],[137.36219,34.75859],[137.362867,34.757762],[137.363482,34.757007]]]}},{"type":"Feature","id":"232014360","properties":{"KEY_CODE":"232014360","PREF":"23","CITY":"201","S_AREA":"436000","PREF_NAME":"愛知県","CITY_NAME":"豊橋市","S_NAME":"牟呂中村町","HCODE":8101,"AREA":146361.184,"KIGO_E":"","JINKO":742,"SETAI":264,"X_CODE":137.356213,"Y_CODE":34.750218},"geometry":{"type":"Polygon","coordinates":[[[137.359327,34.750499],[137.359251,34.750036],[137.358981,34.749926],[137.358737,34.749816],[137.357443,34.749249],[137.356961,34.749037],[137.356526,34.748846],[137.356404,34.748793],[137.355965,34.748605],[137.355646,34.748457],[137.355316,34.748293],[137.355121,34.748187],[137.354864,34.748033],[137.354772,34.747978],[137.354464,34.74831],[137.354401,34.74838],[137.354169,34.748868],[137.353948,34.749226],[137.353674,34.749648],[137.353921,34.749756],[137.353653,34.750152],[137.353391,34.75004],[137.353203,34.750226],[137.353038,34.750415],[137.352989,34.75053],[137.354334,34.751109],[137.355239,34.751513],[137.355316,34.751547],[137.355803,34.751775],[137.356721,34.752207],[137.357052,34.751839],[137.356757,34.751652],[137.357308,34.75157],[137.358917,34.751344],[137.359446,34.751268],[137.359442,34.751247],[137.359384,34.750911],[137.359377,34.750863],[137.359327,34.750499]]]}},{"type":"Feature","id":"232019990","properties":{"KEY_CODE":"232019990","PREF":"23","CITY":"201","S_AREA":"999000","PREF_NAME":"愛知県","CITY_NAME":"豊橋市","S_NAME":"豊橋港","HCODE":8154,"AREA":40847686.811,"KIGO_E":"","JINKO":0,"SETAI":0,"X_CODE":137.28546,"Y_CODE":34.744458},"geometry":{"type":"Polygon","coordinates":[[[137.327272,34.787264],[137.327435,34.787096],[137.327525,34.787021],[137.327597,34.786972],[137.327715,34.786916],[137.327843,34.786872],[137.327977,34.786849],[137.328013,34.786611],[137.327558,34.785666],[137.327444,34.785622],[137.327383,34.785566],[137.327352,34.785464],[137.327348,34.78538],[137.327363,34.785269],[137.327469,34.78504],[137.327756,34.784689],[137.327982,34.784405],[137.32954,34.782495],[137.32954,34.782427],[137.329505,34.782314],[137.329482,34.782146],[137.32954,34.782035],[137.329938,34.781286],[137.330008,34.781153],[137.330069,34.781057],[137.330128,34.780922],[137.330232,34.780879],[137.330535,34.781002],[137.3307,34.780819],[137.330966,34.780645],[137.331307,34.78051],[137.331686,34.780427],[137.332031,34.780363],[137.332402,34.780391],[137.332877,34.780437],[137.332955,34.780437],[137.333058,34.780449],[137.333155,34.780461],[137.333268,34.780473],[137.333468,34.780479],[137.333697,34.780446],[137.333915,34.780363],[137.334007,34.780319],[137.334116,34.780268],[137.33423,34.780211],[137.334357,34.78016],[137.334543,34.780132],[137.334731,34.780099],[137.334921,34.780109],[137.334941,34.780051],[137.335243,34.779768],[137.336675,34.779067],[137.337386,34.778763],[137.337427,34.777991],[137.337443,34.777932],[137.337638,34.777812],[137.337927,34.777629],[137.338159,34.77749],[137.338643,34.777327],[137.338698,34.777246],[137.33874,34.777026],[137.33885,34.776995],[137.339789,34.776983],[137.339847,34.776887],[137.339962,34.776549],[137.340109,34.775663],[137.338937,34.77565],[137.338638,34.773826],[137.336472,34.774396],[137.33581,34.774571],[137.333721,34.774615],[137.332545,34.774643],[137.330095,34.774704],[137.328594,34.774752],[137.327877,34.774763],[137.327841,34.774706],[137.325879,34.770868],[137.321267,34.771113],[137.321136,34.771013],[137.321083,34.768115],[137.321086,34.76662],[137.321064,34.764546],[137.321016,34.762679],[137.321003,34.76182],[137.320931,34.756547],[137.320893,34.755977],[137.320903,34.755579],[137.320906,34.755452],[137.320855,34.755453],[137.320832,34.754593],[137.320815,34.753293],[137.320788,34.751306],[137.320761,34.750086],[137.320738,34.748344],[137.320737,34.748225],[137.320722,34.74703],[137.320716,34.746342],[137.320713,34.746251],[137.320694,34.741984],[137.320627,34.736625],[137.320641,34.736584],[137.320678,34.736553],[137.320731,34.736533],[137.321152,34.736467],[137.321332,34.736436],[137.321451,34.736413],[137.321428,34.736333],[137.321338,34.735994],[137.320801,34.73464],[137.319311,34.734908],[137.319187,34.73493],[137.319198,34.734977],[137.319198,34.73498],[137.319018,34.736484],[137.319007,34.736566],[137.318991,34.736757],[137.31899,34.736766],[137.319018,34.740514],[137.319022,34.741073],[137.319044,34.745581],[137.319078,34.748243],[137.319079,34.748362],[137.319081,34.748491],[137.314678,34.748529],[137.3143,34.748532],[137.31424,34.745587],[137.314221,34.744621],[137.314186,34.744621],[137.311944,34.744634],[137.311905,34.741082],[137.311903,34.74057],[137.311887,34.739205],[137.308265,34.739266],[137.308099,34.739267],[137.308068,34.736579],[137.308058,34.735065],[137.309519,34.734795],[137.310392,34.734634],[137.31112,34.734499],[137.31327,34.734107],[137.313327,34.734097],[137.314522,34.733879],[137.315808,34.733649],[137.315816,34.733646],[137.318575,34.733148],[137.31871,34.733123],[137.319135,34.734725],[137.319311,34.734694],[137.319873,34.734594],[137.320742,34.734439],[137.320715,34.734336],[137.320711,34.734323],[137.320398,34.733148],[137.320318,34.732833],[137.32377,34.732195],[137.324556,34.732051],[137.325463,34.731886],[137.326551,34.731691],[137.327495,34.73152],[137.32905,34.73124],[137.328825,34.730356],[137.3299,34.730164],[137.330412,34.730069],[137.33104,34.729954],[137.331288,34.729909],[137.33568,34.729117],[137.338593,34.728591],[137.338822,34.728549],[137.338839,34.728547],[137.341974,34.729845],[137.343873,34.730638],[137.345843,34.731461],[137.345911,34.731493],[137.346017,34.731534],[137.346163,34.731593],[137.346289,34.731651],[137.346426,34.731706],[137.346531,34.73175],[137.346607,34.731781],[137.347193,34.73202],[137.347322,34.732073],[137.347338,34.732032],[137.34744,34.732068],[137.347425,34.732118],[137.347575,34.732161],[137.349219,34.732808],[137.348799,34.732083],[137.347655,34.731679],[137.347524,34.731641],[137.347595,34.731452],[137.347594,34.731442],[137.347733,34.731134],[137.347785,34.731026],[137.347862,34.730864],[137.348166,34.730231],[137.348448,34.729639],[137.348504,34.729533],[137.348715,34.729399],[137.348845,34.729317],[137.350197,34.72846],[137.351034,34.72793],[137.351363,34.727721],[137.351363,34.727697],[137.351366,34.727676],[137.35137,34.727657],[137.351675,34.727466],[137.351691,34.727456],[137.351773,34.727445],[137.3518,34.727442],[137.351918,34.727364],[137.351834,34.727366],[137.351931,34.727305],[137.352055,34.727302],[137.352059,34.727302],[137.352103,34.727243],[137.352126,34.727206],[137.352142,34.727184],[137.352179,34.727149],[137.352565,34.726905],[137.352591,34.726884],[137.352663,34.726832],[137.352745,34.726773],[137.352828,34.726715],[137.352904,34.726663],[137.352975,34.726617],[137.353039,34.726578],[137.353094,34.726545],[137.353132,34.726521],[137.353148,34.726503],[137.353149,34.726494],[137.353138,34.726468],[137.353112,34.726422],[137.353078,34.726361],[137.353043,34.726293],[137.35301,34.726223],[137.352981,34.726156],[137.352956,34.726095],[137.352936,34.726036],[137.352924,34.725974],[137.35292,34.725904],[137.352923,34.725823],[137.352928,34.725732],[137.352934,34.72564],[137.352934,34.72556],[137.35293,34.725495],[137.352929,34.725438],[137.35293,34.725408],[137.352935,34.725375],[137.352943,34.725365],[137.35298,34.725341],[137.353008,34.725332],[137.353061,34.725327],[137.353065,34.725319],[137.353065,34.725314],[137.353061,34.725308],[137.353058,34.725306],[137.352965,34.725311],[137.352948,34.725316],[137.352954,34.725292],[137.35297,34.725236],[137.352981,34.725178],[137.352986,34.725147],[137.352984,34.725079],[137.353006,34.724895],[137.352967,34.724892],[137.352565,34.724865],[137.352128,34.724835],[137.352049,34.72483],[137.351419,34.724787],[137.351215,34.724773],[137.351106,34.725094],[137.351009,34.725465],[137.351027,34.72554],[137.351024,34.725589],[137.351023,34.725637],[137.35103,34.725682],[137.351042,34.725724],[137.351054,34.725762],[137.351065,34.725798],[137.35108,34.72583],[137.351097,34.725868],[137.351108,34.725904],[137.351106,34.725914],[137.351094,34.725928],[137.351081,34.725946],[137.351068,34.725973],[137.351051,34.726001],[137.351031,34.72602],[137.351017,34.726052],[137.351012,34.7261],[137.350972,34.726216],[137.350956,34.726244],[137.350947,34.726263],[137.350929,34.726291],[137.350887,34.726346],[137.350852,34.726379],[137.350814,34.726414],[137.350768,34.726451],[137.350707,34.726488],[137.350673,34.726505],[137.350601,34.726533],[137.350545,34.726549],[137.350442,34.726581],[137.350425,34.726596],[137.350409,34.726611],[137.35039,34.726625],[137.350372,34.726638],[137.350352,34.72665],[137.350331,34.726661],[137.350311,34.726671],[137.350289,34.72668],[137.350266,34.726688],[137.350243,34.726696],[137.350219,34.726702],[137.350196,34.726707],[137.350172,34.72671],[137.350147,34.726713],[137.350123,34.726715],[137.350098,34.726716],[137.350074,34.726715],[137.35005,34.726713],[137.350025,34.72671],[137.350001,34.726706],[137.349978,34.726702],[137.349954,34.726695],[137.349931,34.726688],[137.349887,34.72667],[137.349865,34.72666],[137.349826,34.726637],[137.349789,34.72661],[137.349756,34.726579],[137.349126,34.726331],[137.348652,34.726542],[137.348013,34.726864],[137.347947,34.726898],[137.347841,34.726951],[137.347737,34.727008],[137.347659,34.727048],[137.347543,34.7271],[137.347405,34.727168],[137.347344,34.727199],[137.346981,34.727378],[137.344228,34.725893],[137.343863,34.726298],[137.342918,34.727347],[137.338354,34.724885],[137.338303,34.723018],[137.338283,34.722297],[137.33826,34.72132],[137.339259,34.721307],[137.33925,34.721128],[137.338261,34.721141],[137.337944,34.721145],[137.336371,34.721172],[137.336138,34.721176],[137.335664,34.721181],[137.332943,34.721211],[137.332942,34.720398],[137.332933,34.719003],[137.331486,34.71903],[137.331352,34.719125],[137.331379,34.720695],[137.331383,34.721195],[137.32973,34.721208],[137.329736,34.721541],[137.329822,34.721544],[137.329818,34.7225],[137.329741,34.722502],[137.329743,34.722651],[137.329722,34.72265],[137.329723,34.722769],[137.329736,34.722775],[137.329739,34.72303],[137.32974,34.723085],[137.329722,34.723088],[137.329725,34.723208],[137.32975,34.723208],[137.329753,34.723557],[137.329843,34.72358],[137.330213,34.723692],[137.330605,34.723816],[137.330727,34.723874],[137.330807,34.723933],[137.330855,34.724004],[137.330865,34.724074],[137.329767,34.724524],[137.329774,34.724683],[137.329009,34.724684],[137.328576,34.724689],[137.328125,34.724689],[137.328148,34.726411],[137.328145,34.727321],[137.328239,34.727322],[137.328239,34.727359],[137.328218,34.727359],[137.328217,34.72738],[137.328144,34.727379],[137.32814,34.727419],[137.328077,34.727422],[137.328065,34.727406],[137.328058,34.727388],[137.328058,34.725551],[137.328041,34.724695],[137.327482,34.724694],[137.322462,34.724715],[137.319293,34.724734],[137.319227,34.724734],[137.31758,34.724745],[137.317031,34.725003],[137.313279,34.725019],[137.313269,34.724825],[137.311104,34.724826],[137.310871,34.724826],[137.310864,34.725001],[137.310469,34.725005],[137.31044,34.724978],[137.310442,34.724603],[137.309519,34.724596],[137.309461,34.724596],[137.309455,34.724985],[137.309432,34.725003],[137.308343,34.724996],[137.308336,34.724804],[137.308561,34.724629],[137.308572,34.723056],[137.308576,34.722391],[137.308583,34.720491],[137.308359,34.720482],[137.308365,34.719566],[137.308373,34.718549],[137.308388,34.716876],[137.308516,34.716767],[137.308541,34.714248],[137.30895,34.714245],[137.308952,34.714041],[137.308968,34.712013],[137.308427,34.712003],[137.308427,34.711629],[137.308427,34.710939],[137.308438,34.709534],[137.308466,34.705828],[137.308455,34.705027],[137.308455,34.705],[137.308455,34.704252],[137.308956,34.704253],[137.308957,34.703951],[137.308906,34.703915],[137.308787,34.703912],[137.308748,34.703953],[137.308746,34.704005],[137.308463,34.704006],[137.308469,34.702649],[137.308457,34.702105],[137.308973,34.702109],[137.308974,34.702059],[137.308998,34.702037],[137.30952,34.701207],[137.309736,34.700864],[137.311063,34.70087],[137.31175,34.700874],[137.311753,34.700515],[137.311756,34.699988],[137.311272,34.699984],[137.31127,34.699938],[137.311758,34.699938],[137.311769,34.698334],[137.311806,34.698333],[137.311798,34.699603],[137.315752,34.69962],[137.316131,34.699935],[137.319248,34.699927],[137.322297,34.699914],[137.322295,34.700502],[137.322282,34.702299],[137.322281,34.702348],[137.323482,34.702353],[137.325584,34.70236],[137.326931,34.702358],[137.326952,34.70239],[137.327014,34.702396],[137.326629,34.701909],[137.326388,34.70157],[137.325068,34.701556],[137.324533,34.700499],[137.322421,34.696328],[137.322256,34.695995],[137.32183,34.695133],[137.322849,34.694598],[137.323411,34.69431],[137.323852,34.694071],[137.324406,34.693722],[137.324234,34.693434],[137.324551,34.693267],[137.324533,34.693225],[137.324438,34.692966],[137.32239,34.693748],[137.322342,34.693766],[137.321874,34.693973],[137.321712,34.694047],[137.319239,34.695105],[137.318625,34.695367],[137.318594,34.695376],[137.318557,34.695378],[137.317607,34.695307],[137.317439,34.695537],[137.317176,34.695514],[137.317062,34.695262],[137.31664,34.695232],[137.316617,34.69523],[137.316618,34.695217],[137.316589,34.695214],[137.316587,34.695231],[137.316579,34.69523],[137.315568,34.695164],[137.315515,34.695172],[137.312494,34.696007],[137.311816,34.696194],[137.311785,34.696202],[137.311534,34.696259],[137.311483,34.696224],[137.31132,34.696008],[137.308425,34.692182],[137.308289,34.692003],[137.309076,34.691652],[137.309362,34.691503],[137.309445,34.691488],[137.309521,34.691454],[137.30975,34.691353],[137.310165,34.691169],[137.311045,34.690784],[137.312054,34.690344],[137.314717,34.689163],[137.314931,34.689071],[137.315016,34.689044],[137.315694,34.68894],[137.316131,34.688951],[137.316622,34.688958],[137.316656,34.688962],[137.316828,34.689003],[137.318442,34.688848],[137.319226,34.68835],[137.319573,34.68813],[137.320285,34.68805],[137.320309,34.688032],[137.320339,34.688009],[137.320355,34.687995],[137.320364,34.688003],[137.320398,34.687976],[137.320388,34.687967],[137.320407,34.687952],[137.320456,34.687911],[137.320416,34.687876],[137.319972,34.687477],[137.319878,34.687555],[137.319741,34.687679],[137.319651,34.687775],[137.319432,34.688011],[137.319393,34.68805],[137.319342,34.68809],[137.319289,34.688125],[137.319226,34.688162],[137.318381,34.688658],[137.318351,34.68867],[137.317202,34.68879],[137.317028,34.688823],[137.316933,34.688836],[137.316858,34.68884],[137.316407,34.688768],[137.316325,34.688745],[137.316271,34.688727],[137.316219,34.688705],[137.315337,34.688247],[137.315341,34.68824],[137.31529,34.688214],[137.315086,34.688124],[137.315027,34.688095],[137.314797,34.687983],[137.314646,34.687896],[137.314559,34.687835],[137.31449,34.68778],[137.314324,34.687603],[137.31377,34.68699],[137.313755,34.686973],[137.313774,34.686961],[137.313754,34.686939],[137.31373,34.686949],[137.313225,34.686335],[137.313116,34.686185],[137.313057,34.686095],[137.312955,34.685943],[137.312908,34.685863],[137.312517,34.685246],[137.312071,34.684512],[137.311411,34.683424],[137.311331,34.683275],[137.31129,34.683166],[137.311281,34.683088],[137.311307,34.682829],[137.311343,34.682554],[137.311357,34.682486],[137.311371,34.682427],[137.31139,34.682371],[137.311406,34.682345],[137.311451,34.682296],[137.311617,34.682148],[137.311931,34.68188],[137.312391,34.68149],[137.312252,34.681377],[137.312146,34.681461],[137.312122,34.681441],[137.312091,34.681463],[137.312118,34.681487],[137.311997,34.681582],[137.312024,34.681608],[137.311106,34.68226],[137.311067,34.682285],[137.311031,34.682302],[137.310951,34.682321],[137.310925,34.682325],[137.31087,34.682331],[137.310657,34.682328],[137.31055,34.682315],[137.310486,34.682302],[137.310424,34.682287],[137.310365,34.68227],[137.310332,34.682257],[137.310138,34.682181],[137.309521,34.681916],[137.309453,34.681886],[137.308759,34.68158],[137.308664,34.681534],[137.308617,34.681505],[137.30853,34.681442],[137.308498,34.681418],[137.308443,34.681367],[137.308396,34.681323],[137.308333,34.681258],[137.308272,34.681181],[137.307994,34.680767],[137.307265,34.67959],[137.307063,34.679132],[137.306974,34.678768],[137.306973,34.678751],[137.306922,34.678637],[137.306957,34.67835],[137.306682,34.678244],[137.306618,34.679622],[137.306628,34.680116],[137.306633,34.680309],[137.30663,34.680372],[137.306624,34.6804],[137.306605,34.680445],[137.30658,34.68049],[137.306535,34.680557],[137.306504,34.680592],[137.306464,34.680629],[137.306375,34.680697],[137.30634,34.680722],[137.306295,34.680744],[137.306245,34.680763],[137.306175,34.680783],[137.306035,34.680809],[137.305585,34.680874],[137.305587,34.680891],[137.305033,34.680977],[137.305009,34.68098],[137.30488,34.681],[137.304401,34.681075],[137.304305,34.681167],[137.303445,34.681942],[137.302325,34.683047],[137.301344,34.684097],[137.300273,34.685289],[137.299115,34.686479],[137.300257,34.687248],[137.302396,34.688385],[137.303883,34.689161],[137.304437,34.689493],[137.30451,34.696016],[137.304676,34.710788],[137.304904,34.731142],[137.304695,34.731184],[137.300241,34.732081],[137.279645,34.736224],[137.278361,34.735883],[137.277716,34.735712],[137.277257,34.73559],[137.273084,34.734593],[137.268837,34.733428],[137.263937,34.732112],[137.262895,34.731832],[137.257956,34.730463],[137.252695,34.729164],[137.24652,34.727445],[137.246335,34.727394],[137.23988,34.725719],[137.234473,34.724235],[137.229591,34.723001],[137.224935,34.721712],[137.219206,34.720224],[137.215706,34.71928],[137.215329,34.719185],[137.213539,34.718733],[137.21325,34.718599],[137.212824,34.719243],[137.207388,34.727443],[137.21283,34.730864],[137.214851,34.732134],[137.278397,34.767071],[137.280146,34.768151],[137.306084,34.785798],[137.306413,34.784906],[137.30647,34.784751],[137.306483,34.784716],[137.308639,34.778831],[137.309517,34.778967],[137.311198,34.779228],[137.315442,34.7799],[137.316685,34.780095],[137.31764,34.780246],[137.319334,34.780506],[137.319395,34.780457],[137.319763,34.780163],[137.319771,34.780157],[137.319781,34.780152],[137.319796,34.780151],[137.319806,34.780154],[137.319868,34.78019],[137.319849,34.780213],[137.319786,34.780179],[137.319457,34.780446],[137.319459,34.780492],[137.319465,34.780513],[137.319471,34.780529],[137.319497,34.780561],[137.31952,34.780578],[137.319638,34.780635],[137.319675,34.780657],[137.319697,34.780677],[137.319715,34.780722],[137.319737,34.780749],[137.31991,34.780879],[137.319976,34.780935],[137.320057,34.781023],[137.320073,34.781035],[137.320097,34.781045],[137.320161,34.781058],[137.320202,34.781072],[137.320233,34.781091],[137.320299,34.781142],[137.320374,34.781229],[137.320456,34.781308],[137.320617,34.781441],[137.320865,34.781637],[137.321109,34.781819],[137.321383,34.78207],[137.321427,34.782094],[137.321519,34.782107],[137.321581,34.782107],[137.321703,34.782095],[137.321846,34.782065],[137.321858,34.782058],[137.32236,34.781635],[137.322413,34.781591],[137.322423,34.781579],[137.32243,34.781564],[137.322431,34.781551],[137.32242,34.781526],[137.322409,34.781514],[137.32236,34.781476],[137.32235,34.781462],[137.322349,34.781453],[137.32235,34.781449],[137.322354,34.781445],[137.322362,34.781445],[137.322371,34.781447],[137.322384,34.781451],[137.322427,34.781478],[137.322452,34.781494],[137.322487,34.781508],[137.32256,34.781533],[137.322692,34.781569],[137.322699,34.781575],[137.322699,34.781584],[137.322698,34.781591],[137.322692,34.781595],[137.322685,34.781596],[137.322667,34.781595],[137.322545,34.781571],[137.322526,34.781569],[137.322502,34.78157],[137.322489,34.781574],[137.322434,34.781615],[137.32241,34.781635],[137.321729,34.782215],[137.321726,34.782266],[137.321731,34.782291],[137.321731,34.7823],[137.321753,34.782344],[137.321796,34.782394],[137.321897,34.782479],[137.322057,34.782345],[137.32207,34.782356],[137.321909,34.782491],[137.322104,34.78264],[137.32225,34.782745],[137.322425,34.782903],[137.322531,34.782989],[137.322696,34.783111],[137.322904,34.783272],[137.322988,34.783338],[137.32318,34.783479],[137.323401,34.783647],[137.32372,34.783917],[137.323815,34.784007],[137.323919,34.784092],[137.324055,34.7842],[137.324121,34.784258],[137.324178,34.78432],[137.324264,34.784388],[137.324406,34.784483],[137.324504,34.784566],[137.324654,34.784678],[137.324694,34.784708],[137.324862,34.784845],[137.325185,34.785084],[137.325344,34.78521],[137.325471,34.785338],[137.325671,34.785496],[137.325777,34.785589],[137.325904,34.785689],[137.326094,34.785851],[137.326207,34.785956],[137.32642,34.786138],[137.326467,34.786177],[137.326514,34.786217],[137.326541,34.786246],[137.326594,34.786349],[137.326629,34.786383],[137.326657,34.786426],[137.32666,34.786434],[137.326692,34.786453],[137.326708,34.786485],[137.326719,34.786526],[137.326718,34.786586],[137.326708,34.786619],[137.326534,34.786786],[137.326874,34.787007],[137.327272,34.787264]]]}}]}