{"type":"FeatureCollection","name":"23207_豊川市","crs":{"type":"name","properties":{"name":"urn:ogc:def:crs:OGC:1.3:CRS84"}},"features":[{"type":"Feature","id":"23207001001","properties":{"KEY_CODE":"23207001001","PREF":"23","CITY":"207","S_AREA":"001001","PREF_NAME":"愛知県","CITY_NAME":"豊川市","S_NAME":"赤代町一丁目","HCODE":8101,"AREA":17181.33,"KIGO_E":"","JINKO":66,"SETAI":21,"X_CODE":137.380373,"Y_CODE":34.823554},"geometry":{"type":"Polygon","coordinates":[[[137.381104,34.824017],[137.381153,34.824006],[137.381376,34.823961],[137.38129,34.823695],[137.381022,34.822954],[137.380775,34.823029],[137.380891,34.823362],[137.380772,34.823398],[137.38066,34.823054],[137.380627,34.823064],[137.380397,34.823132],[137.38029,34.8229],[137.379952,34.822985],[137.37997,34.823027],[137.379771,34.823074],[137.379856,34.82328],[137.379529,34.82337],[137.379438,34.823139],[137.379312,34.823132],[137.379093,34.823498],[137.379572,34.823715],[137.380044,34.823899],[137.38033,34.824053],[137.380367,34.824073],[137.380675,34.824268],[137.380719,34.824303],[137.380887,34.824104],[137.380947,34.824143],[137.381007,34.824086],[137.381056,34.824042],[137.381104,34.824017]]]}},{"type":"Feature","id":"23207001002","properties":{"KEY_CODE":"23207001002","PREF":"23","CITY":"207","S_AREA":"001002","PREF_NAME":"愛知県","CITY_NAME":"豊川市","S_NAME":"赤代町二丁目","HCODE":8101,"AREA":32848.046,"KIGO_E":"","JINKO":433,"SETAI":203,"X_CODE":137.37966,"Y_CODE":34.822551},"geometry":{"type":"Polygon","coordinates":[[[137.379093,34.823498],[137.379312,34.823132],[137.379438,34.823139],[137.379529,34.82337],[137.379856,34.82328],[137.379771,34.823074],[137.37997,34.823027],[137.379952,34.822985],[137.38029,34.8229],[137.380397,34.823132],[137.380627,34.823064],[137.38066,34.823054],[137.380772,34.823398],[137.380891,34.823362],[137.380775,34.823029],[137.381022,34.822954],[137.380774,34.822258],[137.380531,34.821575],[137.379886,34.821743],[137.379162,34.821931],[137.378451,34.822116],[137.378691,34.822783],[137.378285,34.822902],[137.378162,34.823108],[137.379093,34.823498]]]}},{"type":"Feature","id":"23207001003","properties":{"KEY_CODE":"23207001003","PREF":"23","CITY":"207","S_AREA":"001003","PREF_NAME":"愛知県","CITY_NAME":"豊川市","S_NAME":"赤代町三丁目","HCODE":8101,"AREA":66645.911,"KIGO_E":"","JINKO":508,"SETAI":213,"X_CODE":137.378103,"Y_CODE":34.821675},"geometry":{"type":"Polygon","coordinates":[[[137.3803,34.820933],[137.380095,34.820377],[137.378,34.820928],[137.377225,34.821145],[137.375833,34.821534],[137.375486,34.821631],[137.375444,34.821831],[137.375437,34.821963],[137.375802,34.822105],[137.376145,34.822251],[137.377693,34.822902],[137.378162,34.823108],[137.378285,34.822902],[137.378691,34.822783],[137.378451,34.822116],[137.379162,34.821931],[137.379886,34.821743],[137.380531,34.821575],[137.3803,34.820933]]]}},{"type":"Feature","id":"23207002001","properties":{"KEY_CODE":"23207002001","PREF":"23","CITY":"207","S_AREA":"002001","PREF_NAME":"愛知県","CITY_NAME":"豊川市","S_NAME":"明野町一丁目","HCODE":8101,"AREA":56654.53,"KIGO_E":"","JINKO":602,"SETAI":232,"X_CODE":137.376398,"Y_CODE":34.816871},"geometry":{"type":"Polygon","coordinates":[[[137.37687,34.81804],[137.377024,34.817719],[137.37729,34.817802],[137.377435,34.817491],[137.377323,34.817425],[137.377639,34.816779],[137.377684,34.816793],[137.378022,34.816105],[137.377779,34.816036],[137.377485,34.815949],[137.377588,34.815727],[137.377404,34.815671],[137.377332,34.815838],[137.377003,34.815733],[137.377086,34.81553],[137.37691,34.815475],[137.376789,34.81575],[137.376217,34.815564],[137.376071,34.815916],[137.375631,34.8158],[137.375801,34.815476],[137.375584,34.8154],[137.375412,34.815724],[137.375289,34.815701],[137.375223,34.815824],[137.375175,34.815806],[137.375138,34.815893],[137.37518,34.815904],[137.375295,34.815954],[137.375185,34.816157],[137.375165,34.816151],[137.374899,34.816703],[137.374813,34.816683],[137.374663,34.816976],[137.374486,34.817314],[137.374774,34.817415],[137.37495,34.817099],[137.375114,34.816783],[137.37603,34.817075],[137.376153,34.817109],[137.375995,34.817466],[137.375767,34.817979],[137.375541,34.818496],[137.376553,34.818685],[137.37687,34.81804]]]}},{"type":"Feature","id":"23207002003","properties":{"KEY_CODE":"23207002003","PREF":"23","CITY":"207","S_AREA":"002003","PREF_NAME":"愛知県","CITY_NAME":"豊川市","S_NAME":"明野町三丁目","HCODE":8101,"AREA":12676.877,"KIGO_E":"","JINKO":144,"SETAI":54,"X_CODE":137.375261,"Y_CODE":34.817427},"geometry":{"type":"Polygon","coordinates":[[[137.37442,34.818058],[137.374672,34.817583],[137.375767,34.817979],[137.375995,34.817466],[137.376153,34.817109],[137.37603,34.817075],[137.375114,34.816783],[137.37495,34.817099],[137.374774,34.817415],[137.374486,34.817314],[137.374133,34.817957],[137.374201,34.817979],[137.37442,34.818058]]]}},{"type":"Feature","id":"23207002004","properties":{"KEY_CODE":"23207002004","PREF":"23","CITY":"207","S_AREA":"002004","PREF_NAME":"愛知県","CITY_NAME":"豊川市","S_NAME":"明野町四丁目","HCODE":8101,"AREA":6586.809,"KIGO_E":"","JINKO":98,"SETAI":30,"X_CODE":137.375104,"Y_CODE":34.818032},"geometry":{"type":"Polygon","coordinates":[[[137.375541,34.818496],[137.375767,34.817979],[137.374672,34.817583],[137.37442,34.818058],[137.375541,34.818496]]]}},{"type":"Feature","id":"23207003001","properties":{"KEY_CODE":"23207003001","PREF":"23","CITY":"207","S_AREA":"003001","PREF_NAME":"愛知県","CITY_NAME":"豊川市","S_NAME":"曙町一丁目","HCODE":8101,"AREA":14559.351,"KIGO_E":"","JINKO":55,"SETAI":30,"X_CODE":137.396366,"Y_CODE":34.834421},"geometry":{"type":"Polygon","coordinates":[[[137.397001,34.833665],[137.396644,34.833431],[137.39624,34.833983],[137.395982,34.83432],[137.395712,34.834708],[137.395468,34.835072],[137.395994,34.835435],[137.396436,34.834853],[137.396527,34.834708],[137.396975,34.83431],[137.397308,34.833973],[137.396961,34.833735],[137.397001,34.833665]]]}},{"type":"Feature","id":"23207003002","properties":{"KEY_CODE":"23207003002","PREF":"23","CITY":"207","S_AREA":"003002","PREF_NAME":"愛知県","CITY_NAME":"豊川市","S_NAME":"曙町二丁目","HCODE":8101,"AREA":14893.887,"KIGO_E":"","JINKO":172,"SETAI":75,"X_CODE":137.395681,"Y_CODE":34.833114},"geometry":{"type":"Polygon","coordinates":[[[137.395925,34.832823],[137.395014,34.832209],[137.394896,34.832509],[137.394747,34.83293],[137.395469,34.833434],[137.39624,34.833983],[137.396644,34.833431],[137.396694,34.833366],[137.395925,34.832823]]]}},{"type":"Feature","id":"23207003003","properties":{"KEY_CODE":"23207003003","PREF":"23","CITY":"207","S_AREA":"003003","PREF_NAME":"愛知県","CITY_NAME":"豊川市","S_NAME":"曙町三丁目","HCODE":8101,"AREA":22610.107,"KIGO_E":"","JINKO":158,"SETAI":77,"X_CODE":137.395179,"Y_CODE":34.83403},"geometry":{"type":"Polygon","coordinates":[[[137.395469,34.833434],[137.394747,34.83293],[137.394416,34.833778],[137.394245,34.834246],[137.395468,34.835072],[137.395712,34.834708],[137.395982,34.83432],[137.39624,34.833983],[137.395469,34.833434]]]}},{"type":"Feature","id":"23207003004","properties":{"KEY_CODE":"23207003004","PREF":"23","CITY":"207","S_AREA":"003004","PREF_NAME":"愛知県","CITY_NAME":"豊川市","S_NAME":"曙町四丁目","HCODE":8101,"AREA":38768.171,"KIGO_E":"","JINKO":221,"SETAI":88,"X_CODE":137.393793,"Y_CODE":34.833096},"geometry":{"type":"Polygon","coordinates":[[[137.395014,34.832209],[137.395103,34.832013],[137.394505,34.832065],[137.392747,34.832245],[137.392756,34.832401],[137.392796,34.832706],[137.39305,34.834359],[137.394245,34.834246],[137.394416,34.833778],[137.394747,34.83293],[137.394896,34.832509],[137.395014,34.832209]]]}},{"type":"Feature","id":"232070040","properties":{"KEY_CODE":"232070040","PREF":"23","CITY":"207","S_AREA":"004000","PREF_NAME":"愛知県","CITY_NAME":"豊川市","S_NAME":"旭町","HCODE":8101,"AREA":21669.404,"KIGO_E":"","JINKO":101,"SETAI":43,"X_CODE":137.394131,"Y_CODE":34.823192},"geometry":{"type":"Polygon","coordinates":[[[137.394711,34.823627],[137.394672,34.822775],[137.394673,34.822602],[137.394473,34.82259],[137.394485,34.822425],[137.394628,34.822421],[137.39463,34.822362],[137.394727,34.822357],[137.394728,34.822006],[137.394266,34.822064],[137.394241,34.822274],[137.394172,34.822561],[137.393563,34.822599],[137.393209,34.822717],[137.393209,34.823449],[137.393435,34.82344],[137.39343,34.823546],[137.393655,34.82355],[137.393659,34.823655],[137.39389,34.823662],[137.393892,34.823797],[137.394145,34.823799],[137.394153,34.823846],[137.394291,34.824066],[137.394553,34.824535],[137.394776,34.824442],[137.394614,34.824175],[137.394785,34.824152],[137.394893,34.824147],[137.39483,34.823996],[137.394819,34.823965],[137.394726,34.823765],[137.394711,34.823627]]]}},{"type":"Feature","id":"232070050","properties":{"KEY_CODE":"232070050","PREF":"23","CITY":"207","S_AREA":"005000","PREF_NAME":"愛知県","CITY_NAME":"豊川市","S_NAME":"麻生田町","HCODE":8101,"AREA":887442.919,"KIGO_E":"E1","JINKO":386,"SETAI":133,"X_CODE":137.417216,"Y_CODE":34.832917},"geometry":{"type":"Polygon","coordinates":[[[137.420089,34.83887],[137.420318,34.838602],[137.420379,34.838621],[137.420474,34.838671],[137.420535,34.838783],[137.420612,34.838792],[137.420766,34.837908],[137.420975,34.836464],[137.421153,34.835236],[137.42167,34.833919],[137.422224,34.834074],[137.422968,34.832451],[137.423544,34.832643],[137.423589,34.832518],[137.42414,34.832711],[137.424262,34.832427],[137.424788,34.832587],[137.425153,34.831793],[137.425581,34.830895],[137.425045,34.830716],[137.424434,34.830743],[137.423726,34.83224],[137.42264,34.83188],[137.422456,34.832246],[137.421849,34.832038],[137.422076,34.831636],[137.421627,34.831403],[137.420586,34.830866],[137.421074,34.83021],[137.420066,34.829623],[137.420342,34.829258],[137.419332,34.828748],[137.419624,34.82838],[137.415635,34.826332],[137.415513,34.825495],[137.415282,34.825579],[137.414706,34.825918],[137.414261,34.82626],[137.414046,34.826378],[137.414004,34.826392],[137.413914,34.826454],[137.413817,34.826606],[137.413743,34.826764],[137.413771,34.827023],[137.413911,34.827383],[137.412778,34.827766],[137.413554,34.829341],[137.413642,34.829362],[137.413537,34.829739],[137.414443,34.829878],[137.414081,34.831174],[137.414403,34.831335],[137.414263,34.831724],[137.414123,34.83196],[137.413841,34.832401],[137.413448,34.832852],[137.413102,34.833153],[137.413715,34.83386],[137.414096,34.83419],[137.414358,34.834339],[137.41484,34.834845],[137.414914,34.834947],[137.41524,34.835396],[137.415707,34.835688],[137.416086,34.835851],[137.416381,34.835948],[137.416562,34.836056],[137.416935,34.836596],[137.416985,34.836668],[137.417284,34.83718],[137.417139,34.838391],[137.4168,34.838366],[137.41677,34.838267],[137.416702,34.83823],[137.416597,34.8382],[137.415764,34.838102],[137.415463,34.838054],[137.415043,34.837949],[137.414968,34.837987],[137.414893,34.837974],[137.414885,34.837912],[137.414427,34.837691],[137.414239,34.837591],[137.414066,34.837499],[137.413938,34.837364],[137.413727,34.837129],[137.413614,34.837024],[137.413321,34.83682],[137.412734,34.836524],[137.412689,34.83645],[137.412629,34.83637],[137.412704,34.836302],[137.412456,34.83624],[137.412397,34.836191],[137.41219,34.83615],[137.411852,34.836063],[137.411722,34.836043],[137.41154,34.836022],[137.411118,34.835974],[137.410608,34.83592],[137.410469,34.835896],[137.410385,34.835858],[137.410249,34.835782],[137.410169,34.835684],[137.410101,34.83558],[137.410059,34.835479],[137.409991,34.835316],[137.409971,34.835287],[137.409696,34.835347],[137.409482,34.835394],[137.409503,34.835463],[137.409873,34.836603],[137.410342,34.837599],[137.410494,34.838152],[137.410686,34.838684],[137.411267,34.838622],[137.411784,34.838577],[137.41281,34.838499],[137.41394,34.838484],[137.41465,34.838485],[137.415201,34.838486],[137.417117,34.838568],[137.418396,34.838661],[137.420089,34.83887]]]}},{"type":"Feature","id":"232070050","properties":{"KEY_CODE":"232070050","PREF":"23","CITY":"207","S_AREA":"005000","PREF_NAME":"愛知県","CITY_NAME":"豊川市","S_NAME":"麻生田町","HCODE":8101,"AREA":82239.306,"KIGO_E":"E2","JINKO":0,"SETAI":0,"X_CODE":137.412735,"Y_CODE":34.843168},"geometry":{"type":"Polygon","coordinates":[[[137.412895,34.845054],[137.413059,34.84475],[137.413399,34.8444],[137.413276,34.844276],[137.413495,34.84411],[137.413628,34.844038],[137.413826,34.843952],[137.414019,34.843852],[137.414444,34.843697],[137.414368,34.843521],[137.414754,34.84338],[137.414941,34.84365],[137.415247,34.843517],[137.413815,34.842243],[137.412877,34.841441],[137.412151,34.84185],[137.412056,34.841834],[137.411954,34.841911],[137.411843,34.842083],[137.410994,34.842605],[137.410422,34.84157],[137.410112,34.841709],[137.410298,34.841926],[137.410562,34.842251],[137.410842,34.84263],[137.410895,34.842711],[137.411106,34.843033],[137.411446,34.843598],[137.411739,34.844106],[137.411815,34.844253],[137.411842,34.844307],[137.412131,34.844897],[137.412343,34.844818],[137.412572,34.845237],[137.412677,34.845213],[137.412895,34.845054]]]}},{"type":"Feature","id":"232070060","properties":{"KEY_CODE":"232070060","PREF":"23","CITY":"207","S_AREA":"006000","PREF_NAME":"愛知県","CITY_NAME":"豊川市","S_NAME":"市田町","HCODE":8101,"AREA":6838.468,"KIGO_E":"E2","JINKO":0,"SETAI":0,"X_CODE":137.372844,"Y_CODE":34.840571},"geometry":{"type":"Polygon","coordinates":[[[137.373295,34.840218],[137.37239,34.84021],[137.372399,34.840817],[137.372361,34.84082],[137.372361,34.841037],[137.372418,34.841022],[137.373431,34.840759],[137.373295,34.840218]]]}},{"type":"Feature","id":"232070060","properties":{"KEY_CODE":"232070060","PREF":"23","CITY":"207","S_AREA":"006000","PREF_NAME":"愛知県","CITY_NAME":"豊川市","S_NAME":"市田町","HCODE":8101,"AREA":2236870.189,"KIGO_E":"E1","JINKO":4515,"SETAI":1795,"X_CODE":137.359848,"Y_CODE":34.842037},"geometry":{"type":"Polygon","coordinates":[[[137.363987,34.849752],[137.364069,34.849572],[137.364069,34.849414],[137.364095,34.849143],[137.364163,34.848963],[137.364449,34.848433],[137.364671,34.847946],[137.36468,34.847925],[137.364981,34.8469],[137.364917,34.846747],[137.364676,34.846278],[137.364409,34.845791],[137.364254,34.845501],[137.364255,34.845501],[137.364032,34.845079],[137.363829,34.844693],[137.36383,34.844629],[137.363828,34.844629],[137.363537,34.844102],[137.363748,34.843398],[137.363921,34.842827],[137.364035,34.842517],[137.365469,34.842535],[137.365254,34.843895],[137.36705,34.844443],[137.367321,34.843452],[137.367395,34.843091],[137.367484,34.842464],[137.367473,34.842181],[137.369478,34.841778],[137.369355,34.841381],[137.369911,34.841312],[137.370046,34.841302],[137.370805,34.841254],[137.370833,34.84019],[137.367415,34.840159],[137.364101,34.840125],[137.364144,34.836238],[137.364188,34.8335],[137.364196,34.832942],[137.364215,34.831566],[137.362663,34.832007],[137.362657,34.83249],[137.362643,34.833494],[137.361567,34.833479],[137.36158,34.832779],[137.361174,34.832429],[137.361668,34.832274],[137.361567,34.832007],[137.361457,34.831895],[137.361375,34.831782],[137.36132,34.831636],[137.361243,34.831312],[137.361023,34.830717],[137.360361,34.830906],[137.360169,34.830473],[137.360031,34.830047],[137.359929,34.829707],[137.359909,34.829652],[137.359532,34.829278],[137.359105,34.828987],[137.358742,34.828743],[137.358375,34.828474],[137.358275,34.828427],[137.356893,34.828614],[137.357142,34.829311],[137.357226,34.829546],[137.357187,34.829602],[137.357236,34.829758],[137.357394,34.830219],[137.356347,34.830499],[137.356471,34.831652],[137.356488,34.832248],[137.356395,34.832245],[137.356406,34.833123],[137.356489,34.834005],[137.356316,34.834092],[137.356338,34.834525],[137.356315,34.834721],[137.356334,34.834974],[137.356386,34.835235],[137.3564,34.835486],[137.35653,34.835505],[137.356419,34.835937],[137.356327,34.836362],[137.356146,34.836913],[137.356023,34.837196],[137.35567,34.837179],[137.355611,34.837605],[137.355406,34.839879],[137.354181,34.839463],[137.354119,34.839715],[137.353922,34.840619],[137.353886,34.840782],[137.353183,34.840663],[137.352861,34.842569],[137.353556,34.842624],[137.353378,34.843855],[137.353364,34.843939],[137.35337,34.844208],[137.353281,34.844851],[137.353226,34.845153],[137.353213,34.845292],[137.353226,34.845388],[137.353306,34.845477],[137.353113,34.845531],[137.352953,34.846063],[137.352932,34.846125],[137.352751,34.846441],[137.352613,34.846619],[137.352237,34.846954],[137.35216,34.847006],[137.352646,34.847794],[137.352743,34.84793],[137.352884,34.848073],[137.353775,34.849238],[137.3541,34.849692],[137.354412,34.849704],[137.355599,34.849589],[137.355713,34.8496],[137.355818,34.849633],[137.356072,34.849753],[137.356257,34.849872],[137.356458,34.85004],[137.356879,34.850386],[137.357086,34.850529],[137.357534,34.850796],[137.357767,34.850888],[137.358147,34.851032],[137.358123,34.852442],[137.358431,34.853021],[137.358517,34.853283],[137.359389,34.853764],[137.359426,34.854028],[137.359509,34.854691],[137.359796,34.854703],[137.360102,34.854662],[137.360286,34.854568],[137.360506,34.854475],[137.360686,34.854413],[137.36085,34.854356],[137.360916,34.85433],[137.361021,34.854201],[137.361137,34.854123],[137.361339,34.853827],[137.361533,34.853664],[137.361745,34.853489],[137.36192,34.853379],[137.361963,34.853355],[137.362056,34.853301],[137.362146,34.853219],[137.362173,34.853147],[137.362189,34.853104],[137.362314,34.852853],[137.362532,34.852628],[137.362764,34.852481],[137.363242,34.852345],[137.363146,34.852108],[137.363091,34.851928],[137.363063,34.851725],[137.363071,34.851392],[137.363066,34.850623],[137.363073,34.850486],[137.36351,34.850237],[137.363715,34.85009],[137.363879,34.849921],[137.363987,34.849752]]]}},{"type":"Feature","id":"232070070","properties":{"KEY_CODE":"232070070","PREF":"23","CITY":"207","S_AREA":"007000","PREF_NAME":"愛知県","CITY_NAME":"豊川市","S_NAME":"稲荷通","HCODE":8101,"AREA":13596.451,"KIGO_E":"","JINKO":86,"SETAI":32,"X_CODE":137.397016,"Y_CODE":34.830629},"geometry":{"type":"Polygon","coordinates":[[[137.397466,34.830216],[137.397349,34.830122],[137.397211,34.830155],[137.397141,34.829928],[137.397291,34.829907],[137.397267,34.829767],[137.39694,34.829798],[137.396772,34.829069],[137.396555,34.829125],[137.396754,34.8303],[137.396724,34.83031],[137.396764,34.830709],[137.396838,34.831851],[137.397089,34.831817],[137.397182,34.831812],[137.397355,34.831799],[137.397342,34.831527],[137.397594,34.831502],[137.39732,34.83125],[137.397268,34.830948],[137.397473,34.830843],[137.397305,34.830614],[137.397398,34.830572],[137.397268,34.830333],[137.397466,34.830216]]]}},{"type":"Feature","id":"232070080","properties":{"KEY_CODE":"232070080","PREF":"23","CITY":"207","S_AREA":"008000","PREF_NAME":"愛知県","CITY_NAME":"豊川市","S_NAME":"院之子町","HCODE":8101,"AREA":659386.499,"KIGO_E":"","JINKO":79,"SETAI":22,"X_CODE":137.405788,"Y_CODE":34.809334},"geometry":{"type":"Polygon","coordinates":[[[137.407292,34.814873],[137.408459,34.812124],[137.409071,34.812296],[137.409286,34.811815],[137.409805,34.81198],[137.409872,34.811837],[137.410121,34.811283],[137.409019,34.810961],[137.409035,34.810912],[137.408497,34.810575],[137.408832,34.809849],[137.408304,34.809699],[137.408509,34.809239],[137.407493,34.80894],[137.407695,34.808467],[137.407256,34.808347],[137.407526,34.807734],[137.407029,34.807556],[137.40696,34.807453],[137.406975,34.807352],[137.407014,34.807285],[137.407672,34.807475],[137.407725,34.807447],[137.407902,34.807452],[137.409177,34.80783],[137.409684,34.806598],[137.410214,34.806748],[137.4111,34.807008],[137.411867,34.80728],[137.412896,34.807464],[137.414517,34.807739],[137.414851,34.807716],[137.413192,34.807005],[137.412258,34.806666],[137.411653,34.806412],[137.411436,34.806336],[137.410862,34.806158],[137.410468,34.806095],[137.409976,34.806057],[137.409611,34.805966],[137.40912,34.805843],[137.408515,34.805662],[137.408198,34.805567],[137.407715,34.805384],[137.406782,34.805126],[137.405738,34.804698],[137.404991,34.804429],[137.404852,34.804401],[137.404366,34.804302],[137.403777,34.804043],[137.403651,34.803987],[137.403209,34.803704],[137.402974,34.80343],[137.402864,34.803302],[137.402774,34.803158],[137.402607,34.802918],[137.402553,34.803053],[137.402431,34.803448],[137.402282,34.804046],[137.402228,34.804249],[137.402243,34.804474],[137.402253,34.804737],[137.401868,34.804791],[137.401673,34.80481],[137.401709,34.805138],[137.401844,34.805441],[137.401907,34.805772],[137.402336,34.807826],[137.402755,34.809723],[137.402843,34.810217],[137.402897,34.810686],[137.403037,34.811776],[137.403162,34.812733],[137.403311,34.813699],[137.403493,34.814211],[137.40376,34.814848],[137.404065,34.815178],[137.404325,34.815366],[137.404569,34.815494],[137.404725,34.81555],[137.404905,34.815594],[137.405156,34.81565],[137.405569,34.815731],[137.405597,34.815378],[137.405916,34.815367],[137.407097,34.815249],[137.407292,34.814873]]]}},{"type":"Feature","id":"23207009001","properties":{"KEY_CODE":"23207009001","PREF":"23","CITY":"207","S_AREA":"009001","PREF_NAME":"愛知県","CITY_NAME":"豊川市","S_NAME":"上野一丁目","HCODE":8101,"AREA":38414.439,"KIGO_E":"","JINKO":72,"SETAI":29,"X_CODE":137.411257,"Y_CODE":34.84128},"geometry":{"type":"Polygon","coordinates":[[[137.410994,34.842605],[137.411843,34.842083],[137.411954,34.841911],[137.412056,34.841834],[137.412151,34.84185],[137.412877,34.841441],[137.412365,34.841011],[137.412001,34.840673],[137.411553,34.840315],[137.409706,34.840522],[137.410422,34.84157],[137.410994,34.842605]]]}},{"type":"Feature","id":"23207009002","properties":{"KEY_CODE":"23207009002","PREF":"23","CITY":"207","S_AREA":"009002","PREF_NAME":"愛知県","CITY_NAME":"豊川市","S_NAME":"上野二丁目","HCODE":8101,"AREA":268822.869,"KIGO_E":"","JINKO":870,"SETAI":390,"X_CODE":137.415078,"Y_CODE":34.84049},"geometry":{"type":"Polygon","coordinates":[[[137.417029,34.844279],[137.416641,34.843991],[137.416737,34.843901],[137.416647,34.843563],[137.416631,34.843502],[137.416624,34.843275],[137.416641,34.843084],[137.416659,34.842802],[137.4167,34.842554],[137.4168,34.842299],[137.417158,34.841028],[137.417138,34.840806],[137.417113,34.840718],[137.417177,34.840643],[137.417279,34.840535],[137.417415,34.840368],[137.417569,34.840154],[137.417845,34.84007],[137.418457,34.840127],[137.419089,34.840188],[137.419107,34.840089],[137.41911,34.840072],[137.419268,34.839067],[137.419829,34.839137],[137.420089,34.83887],[137.418396,34.838661],[137.417117,34.838568],[137.415201,34.838486],[137.41465,34.838485],[137.41394,34.838484],[137.41281,34.838499],[137.411784,34.838577],[137.411267,34.838622],[137.410686,34.838684],[137.410775,34.83893],[137.410897,34.83935],[137.411031,34.83966],[137.411259,34.840001],[137.411385,34.840154],[137.411553,34.840315],[137.412001,34.840673],[137.412365,34.841011],[137.412877,34.841441],[137.413815,34.842243],[137.415247,34.843517],[137.415272,34.843556],[137.415416,34.843781],[137.415706,34.844212],[137.415962,34.844128],[137.416399,34.844516],[137.416453,34.844498],[137.416575,34.844456],[137.416745,34.844398],[137.417029,34.844279]]]}},{"type":"Feature","id":"23207009003","properties":{"KEY_CODE":"23207009003","PREF":"23","CITY":"207","S_AREA":"009003","PREF_NAME":"愛知県","CITY_NAME":"豊川市","S_NAME":"上野三丁目","HCODE":8101,"AREA":63853.705,"KIGO_E":"","JINKO":232,"SETAI":102,"X_CODE":137.417841,"Y_CODE":34.842832},"geometry":{"type":"Polygon","coordinates":[[[137.419632,34.843923],[137.419454,34.843786],[137.41855,34.843209],[137.418449,34.843089],[137.418357,34.843049],[137.41822,34.842925],[137.418098,34.842692],[137.417725,34.842171],[137.417642,34.841867],[137.417641,34.841518],[137.417698,34.840912],[137.41836,34.840962],[137.418457,34.840127],[137.417845,34.84007],[137.417569,34.840154],[137.417415,34.840368],[137.417279,34.840535],[137.417177,34.840643],[137.417113,34.840718],[137.417138,34.840806],[137.417158,34.841028],[137.4168,34.842299],[137.4167,34.842554],[137.416659,34.842802],[137.416641,34.843084],[137.416624,34.843275],[137.416631,34.843502],[137.416647,34.843563],[137.416737,34.843901],[137.416641,34.843991],[137.417029,34.844279],[137.417165,34.844373],[137.417179,34.844456],[137.417251,34.844603],[137.417327,34.844572],[137.417401,34.844542],[137.41746,34.844518],[137.418279,34.844186],[137.418942,34.843911],[137.41937,34.844653],[137.419534,34.844652],[137.420316,34.844628],[137.419973,34.844216],[137.419853,34.844096],[137.419632,34.843923]]]}},{"type":"Feature","id":"23207010003","properties":{"KEY_CODE":"23207010003","PREF":"23","CITY":"207","S_AREA":"010003","PREF_NAME":"愛知県","CITY_NAME":"豊川市","S_NAME":"牛久保駅通三丁目","HCODE":8101,"AREA":19111.227,"KIGO_E":"","JINKO":47,"SETAI":22,"X_CODE":137.378637,"Y_CODE":34.815518},"geometry":{"type":"Polygon","coordinates":[[[137.377923,34.816868],[137.378181,34.816381],[137.378487,34.81647],[137.378766,34.81657],[137.378784,34.81654],[137.378909,34.81627],[137.379093,34.815895],[137.37891,34.815829],[137.379068,34.815492],[137.37903,34.815475],[137.379162,34.815236],[137.379049,34.815195],[137.379133,34.815031],[137.379242,34.815071],[137.379385,34.814819],[137.379245,34.814773],[137.379385,34.814486],[137.379373,34.814452],[137.379177,34.814308],[137.378965,34.814118],[137.378784,34.814496],[137.378607,34.814459],[137.378524,34.814647],[137.378564,34.814665],[137.378434,34.814992],[137.378327,34.815236],[137.378295,34.815307],[137.378167,34.815583],[137.378513,34.815696],[137.378438,34.815872],[137.378254,34.815809],[137.3782,34.815955],[137.377871,34.81584],[137.377779,34.816036],[137.378022,34.816105],[137.377684,34.816793],[137.377923,34.816868]]]}},{"type":"Feature","id":"23207010004","properties":{"KEY_CODE":"23207010004","PREF":"23","CITY":"207","S_AREA":"010004","PREF_NAME":"愛知県","CITY_NAME":"豊川市","S_NAME":"牛久保駅通四丁目","HCODE":8101,"AREA":26091.889,"KIGO_E":"","JINKO":113,"SETAI":37,"X_CODE":137.377414,"Y_CODE":34.818119},"geometry":{"type":"Polygon","coordinates":[[[137.377357,34.818602],[137.377481,34.818346],[137.377659,34.818402],[137.378013,34.817714],[137.377789,34.817644],[137.377925,34.817353],[137.378319,34.817476],[137.378666,34.816777],[137.378391,34.816681],[137.378487,34.81647],[137.378181,34.816381],[137.377923,34.816868],[137.377684,34.816793],[137.377639,34.816779],[137.377323,34.817425],[137.377435,34.817491],[137.37729,34.817802],[137.377024,34.817719],[137.37687,34.81804],[137.376553,34.818685],[137.376649,34.818708],[137.376436,34.819195],[137.376716,34.819275],[137.376402,34.819868],[137.37657,34.819857],[137.377471,34.819597],[137.377198,34.819181],[137.377155,34.819113],[137.377357,34.818602]]]}},{"type":"Feature","id":"23207010005","properties":{"KEY_CODE":"23207010005","PREF":"23","CITY":"207","S_AREA":"010005","PREF_NAME":"愛知県","CITY_NAME":"豊川市","S_NAME":"牛久保駅通五丁目","HCODE":8101,"AREA":15043.712,"KIGO_E":"","JINKO":48,"SETAI":20,"X_CODE":137.375968,"Y_CODE":34.820516},"geometry":{"type":"Polygon","coordinates":[[[137.376162,34.820672],[137.376748,34.820247],[137.37657,34.819857],[137.376402,34.819868],[137.376716,34.819275],[137.376436,34.819195],[137.376359,34.819171],[137.376288,34.819298],[137.376353,34.819318],[137.376189,34.819702],[137.376016,34.820031],[137.375896,34.819983],[137.375614,34.820485],[137.375547,34.820458],[137.375468,34.820646],[137.375138,34.821162],[137.375386,34.821251],[137.375247,34.821526],[137.375262,34.821687],[137.375486,34.821631],[137.375833,34.821534],[137.375744,34.82128],[137.375805,34.821153],[137.376086,34.821088],[137.376071,34.820864],[137.376236,34.820843],[137.376162,34.820672]]]}},{"type":"Feature","id":"232070110","properties":{"KEY_CODE":"232070110","PREF":"23","CITY":"207","S_AREA":"011000","PREF_NAME":"愛知県","CITY_NAME":"豊川市","S_NAME":"牛久保町","HCODE":8101,"AREA":791858.344,"KIGO_E":"","JINKO":2386,"SETAI":1002,"X_CODE":137.383753,"Y_CODE":34.810055},"geometry":{"type":"Polygon","coordinates":[[[137.38165,34.814689],[137.381883,34.814259],[137.381964,34.814099],[137.382075,34.813864],[137.382424,34.814043],[137.382475,34.813973],[137.382608,34.814042],[137.38265,34.813986],[137.383014,34.81419],[137.383355,34.813841],[137.383642,34.813479],[137.383642,34.813409],[137.383693,34.81327],[137.383708,34.813202],[137.383738,34.813067],[137.383764,34.812991],[137.383788,34.812928],[137.383812,34.812875],[137.383845,34.812801],[137.383893,34.812728],[137.383965,34.812665],[137.384343,34.812926],[137.384693,34.81314],[137.384816,34.813018],[137.384992,34.812847],[137.385177,34.812644],[137.385312,34.812513],[137.385436,34.812402],[137.385551,34.812299],[137.385717,34.812058],[137.385919,34.811758],[137.38592,34.811659],[137.385927,34.811618],[137.385967,34.8116],[137.386028,34.811641],[137.386141,34.811715],[137.38622,34.811776],[137.386294,34.811806],[137.386415,34.8118],[137.386497,34.811736],[137.386656,34.811953],[137.386824,34.812113],[137.386973,34.812265],[137.387109,34.812394],[137.387223,34.812494],[137.387416,34.812651],[137.387667,34.812764],[137.387966,34.812873],[137.38823,34.812983],[137.388475,34.813057],[137.388714,34.813112],[137.388855,34.813158],[137.388974,34.813239],[137.389076,34.813306],[137.389143,34.813333],[137.389389,34.813475],[137.389622,34.813588],[137.389878,34.813698],[137.390096,34.813779],[137.390253,34.813824],[137.390432,34.813859],[137.390508,34.813862],[137.390591,34.813853],[137.390638,34.813803],[137.390757,34.813688],[137.390837,34.813689],[137.390896,34.813705],[137.391123,34.813444],[137.391555,34.812977],[137.391186,34.812767],[137.390036,34.812067],[137.387583,34.810524],[137.388681,34.809334],[137.389667,34.808285],[137.389151,34.807962],[137.389524,34.807564],[137.388638,34.807013],[137.388482,34.807162],[137.387901,34.80681],[137.387763,34.806948],[137.387405,34.806515],[137.387217,34.806711],[137.386729,34.806405],[137.386842,34.806281],[137.385805,34.805632],[137.385689,34.80576],[137.385199,34.805454],[137.385768,34.804887],[137.385226,34.804542],[137.384795,34.804994],[137.384313,34.80469],[137.383856,34.805229],[137.383432,34.804948],[137.383473,34.804903],[137.382965,34.804601],[137.382735,34.804833],[137.38216,34.805392],[137.381905,34.805623],[137.381812,34.805568],[137.381317,34.806078],[137.381925,34.806471],[137.381136,34.80727],[137.380578,34.807788],[137.380439,34.807875],[137.379967,34.807951],[137.379804,34.808254],[137.379638,34.808543],[137.379546,34.808736],[137.379618,34.808787],[137.379265,34.809163],[137.379176,34.80926],[137.378767,34.809688],[137.37843,34.810049],[137.377861,34.810676],[137.377928,34.810747],[137.377995,34.810834],[137.378066,34.810922],[137.378057,34.810987],[137.37826,34.811049],[137.378063,34.811419],[137.377728,34.811338],[137.377683,34.81146],[137.37746,34.811896],[137.377499,34.811918],[137.378013,34.812123],[137.378004,34.812356],[137.378301,34.812483],[137.378173,34.812586],[137.378094,34.812644],[137.377909,34.812768],[137.377922,34.813098],[137.37797,34.813279],[137.377946,34.813595],[137.37791,34.813971],[137.377999,34.814008],[137.37826,34.814095],[137.378358,34.814045],[137.378548,34.813974],[137.37871,34.813873],[137.378774,34.81382],[137.378767,34.813918],[137.37879,34.813963],[137.378867,34.81404],[137.378965,34.814118],[137.379177,34.814308],[137.379373,34.814452],[137.379385,34.814486],[137.379743,34.81462],[137.379755,34.814599],[137.380144,34.814751],[137.380875,34.815065],[137.380992,34.815007],[137.381087,34.814962],[137.381174,34.814924],[137.38125,34.814882],[137.381323,34.814851],[137.381487,34.814812],[137.381559,34.814788],[137.38165,34.814689]]]}},{"type":"Feature","id":"23207012002","properties":{"KEY_CODE":"23207012002","PREF":"23","CITY":"207","S_AREA":"012002","PREF_NAME":"愛知県","CITY_NAME":"豊川市","S_NAME":"駅前通二丁目","HCODE":8101,"AREA":15059.692,"KIGO_E":"","JINKO":88,"SETAI":38,"X_CODE":137.390114,"Y_CODE":34.822454},"geometry":{"type":"Polygon","coordinates":[[[137.389722,34.822713],[137.390004,34.822611],[137.390151,34.822819],[137.390308,34.822989],[137.391025,34.822575],[137.39111,34.822674],[137.391256,34.822474],[137.391145,34.822041],[137.391062,34.822064],[137.390918,34.822099],[137.390651,34.822206],[137.390516,34.82189],[137.390381,34.821929],[137.390342,34.821858],[137.390018,34.821985],[137.390084,34.822135],[137.38976,34.822241],[137.389692,34.822113],[137.389413,34.82221],[137.389095,34.822313],[137.389011,34.822305],[137.389039,34.822551],[137.388971,34.822585],[137.389212,34.823048],[137.389593,34.82286],[137.389553,34.822764],[137.389722,34.822713]]]}},{"type":"Feature","id":"23207012003","properties":{"KEY_CODE":"23207012003","PREF":"23","CITY":"207","S_AREA":"012003","PREF_NAME":"愛知県","CITY_NAME":"豊川市","S_NAME":"駅前通三丁目","HCODE":8101,"AREA":33803.767,"KIGO_E":"","JINKO":65,"SETAI":31,"X_CODE":137.387757,"Y_CODE":34.820034},"geometry":{"type":"Polygon","coordinates":[[[137.388473,34.821749],[137.389032,34.821578],[137.389098,34.82169],[137.389347,34.821607],[137.389302,34.821515],[137.389362,34.821495],[137.388911,34.820766],[137.388681,34.820358],[137.388541,34.820202],[137.38863,34.820121],[137.388548,34.820027],[137.388441,34.82011],[137.388149,34.819837],[137.388389,34.819645],[137.387859,34.819212],[137.387653,34.81938],[137.387432,34.819173],[137.387288,34.819021],[137.387396,34.81891],[137.387289,34.818874],[137.387211,34.818603],[137.386642,34.818744],[137.386316,34.818826],[137.385775,34.818957],[137.385621,34.818997],[137.385877,34.818971],[137.386191,34.819012],[137.386134,34.819381],[137.386516,34.81952],[137.386708,34.819598],[137.386845,34.819705],[137.387064,34.81987],[137.387698,34.820423],[137.387759,34.820367],[137.387937,34.820515],[137.387788,34.820672],[137.388289,34.821004],[137.388592,34.821185],[137.388282,34.821309],[137.388473,34.821749]]]}},{"type":"Feature","id":"23207012004","properties":{"KEY_CODE":"23207012004","PREF":"23","CITY":"207","S_AREA":"012004","PREF_NAME":"愛知県","CITY_NAME":"豊川市","S_NAME":"駅前通四丁目","HCODE":8101,"AREA":19381.59,"KIGO_E":"","JINKO":48,"SETAI":23,"X_CODE":137.387521,"Y_CODE":34.817402},"geometry":{"type":"Polygon","coordinates":[[[137.3871,34.818357],[137.387809,34.817516],[137.388035,34.81729],[137.388757,34.816512],[137.388469,34.816348],[137.388281,34.816254],[137.388054,34.816518],[137.387776,34.81637],[137.38772,34.816374],[137.387646,34.816339],[137.387309,34.816884],[137.387448,34.816932],[137.387343,34.817066],[137.387467,34.817131],[137.38742,34.817189],[137.387391,34.817224],[137.387255,34.817235],[137.386976,34.817538],[137.387027,34.817563],[137.386783,34.817826],[137.386892,34.81788],[137.386675,34.818105],[137.386624,34.818075],[137.386367,34.818377],[137.38655,34.818479],[137.386532,34.818501],[137.386642,34.818744],[137.387211,34.818603],[137.387248,34.818599],[137.387164,34.818398],[137.3871,34.818357]]]}},{"type":"Feature","id":"232070130","properties":{"KEY_CODE":"232070130","PREF":"23","CITY":"207","S_AREA":"013000","PREF_NAME":"愛知県","CITY_NAME":"豊川市","S_NAME":"大崎町","HCODE":8101,"AREA":1021024.1,"KIGO_E":"","JINKO":3290,"SETAI":1460,"X_CODE":137.373692,"Y_CODE":34.844283},"geometry":{"type":"Polygon","coordinates":[[[137.37494,34.84964],[137.374888,34.849478],[137.374848,34.849373],[137.374865,34.849264],[137.3749,34.849084],[137.374925,34.848954],[137.375088,34.848693],[137.375197,34.848552],[137.375302,34.848415],[137.375357,34.848347],[137.375591,34.848312],[137.375772,34.848262],[137.375974,34.848236],[137.376148,34.848226],[137.376296,34.848189],[137.376311,34.848112],[137.376348,34.848013],[137.376393,34.847749],[137.376477,34.847658],[137.376726,34.847512],[137.376823,34.847337],[137.376988,34.847083],[137.377085,34.846924],[137.377176,34.84677],[137.377293,34.846698],[137.377418,34.846662],[137.377434,34.846856],[137.377946,34.846812],[137.378128,34.846821],[137.378128,34.846753],[137.378455,34.84674],[137.378454,34.846294],[137.37894,34.846277],[137.37893,34.845915],[137.379463,34.845875],[137.379464,34.845636],[137.379973,34.845494],[137.380179,34.845442],[137.380403,34.84542],[137.380653,34.84542],[137.380903,34.845436],[137.381125,34.845445],[137.381266,34.845457],[137.381385,34.845472],[137.381403,34.845348],[137.381515,34.844742],[137.381691,34.844086],[137.381909,34.843409],[137.381945,34.843212],[137.381998,34.842922],[137.382056,34.842628],[137.382068,34.842445],[137.382092,34.842195],[137.382134,34.84198],[137.382185,34.841787],[137.382211,34.841648],[137.382297,34.841476],[137.382015,34.841536],[137.381624,34.841629],[137.381661,34.841562],[137.379586,34.841923],[137.378644,34.842087],[137.378646,34.840927],[137.378645,34.840649],[137.378644,34.840206],[137.378647,34.840149],[137.3787,34.839529],[137.377604,34.839513],[137.377591,34.840259],[137.376767,34.840253],[137.374091,34.84023],[137.373295,34.840218],[137.373431,34.840759],[137.372418,34.841022],[137.372361,34.841037],[137.372361,34.84082],[137.372399,34.840817],[137.37239,34.84021],[137.370833,34.84019],[137.370805,34.841254],[137.370046,34.841302],[137.369911,34.841312],[137.369355,34.841381],[137.369478,34.841778],[137.367473,34.842181],[137.367484,34.842464],[137.367395,34.843091],[137.367321,34.843452],[137.36705,34.844443],[137.365254,34.843895],[137.365469,34.842535],[137.364035,34.842517],[137.363921,34.842827],[137.363748,34.843398],[137.363537,34.844102],[137.363828,34.844629],[137.36383,34.844629],[137.3652,34.845082],[137.365235,34.84514],[137.36525,34.845214],[137.365281,34.845303],[137.365298,34.845377],[137.365326,34.845474],[137.365335,34.845485],[137.365383,34.845543],[137.365415,34.84558],[137.365503,34.845656],[137.365576,34.845712],[137.365675,34.845764],[137.365709,34.845821],[137.365726,34.845872],[137.365781,34.845996],[137.365858,34.846143],[137.365906,34.84623],[137.365974,34.846323],[137.366022,34.84656],[137.366049,34.846619],[137.366479,34.846789],[137.366752,34.846832],[137.366929,34.846704],[137.367096,34.84659],[137.367201,34.846517],[137.367234,34.846454],[137.367248,34.846384],[137.367277,34.846349],[137.367343,34.846317],[137.367416,34.8463],[137.367521,34.846298],[137.367695,34.846184],[137.367842,34.84608],[137.367952,34.845995],[137.368042,34.845915],[137.368195,34.845769],[137.368408,34.845783],[137.369482,34.846449],[137.369599,34.846525],[137.369631,34.846339],[137.369632,34.846334],[137.369695,34.846373],[137.369801,34.846429],[137.369898,34.846527],[137.369932,34.846561],[137.370177,34.846776],[137.370277,34.846861],[137.370347,34.846922],[137.370434,34.84698],[137.370695,34.847074],[137.3708,34.84737],[137.370877,34.847688],[137.371462,34.847503],[137.371582,34.847742],[137.371631,34.847752],[137.371685,34.84774],[137.371894,34.847684],[137.372037,34.848014],[137.372275,34.848568],[137.372343,34.848687],[137.372418,34.848805],[137.372431,34.84885],[137.372582,34.849595],[137.372944,34.849554],[137.372952,34.849559],[137.373115,34.850545],[137.374754,34.85035],[137.374817,34.850261],[137.374851,34.850191],[137.374883,34.849999],[137.374926,34.849871],[137.37494,34.849764],[137.37494,34.84964]]]}},{"type":"Feature","id":"232070140","properties":{"KEY_CODE":"232070140","PREF":"23","CITY":"207","S_AREA":"014000","PREF_NAME":"愛知県","CITY_NAME":"豊川市","S_NAME":"大堀町","HCODE":8101,"AREA":179028.238,"KIGO_E":"","JINKO":893,"SETAI":378,"X_CODE":137.400368,"Y_CODE":34.833617},"geometry":{"type":"Polygon","coordinates":[[[137.401612,34.831624],[137.401403,34.831182],[137.401115,34.831296],[137.400896,34.831375],[137.400675,34.831434],[137.400136,34.831524],[137.399689,34.83157],[137.399082,34.831632],[137.398876,34.831647],[137.398688,34.831673],[137.397868,34.831734],[137.397842,34.831738],[137.397711,34.83194],[137.397386,34.832368],[137.397868,34.832902],[137.398223,34.833284],[137.397615,34.833515],[137.397365,34.833609],[137.397551,34.83376],[137.397655,34.833829],[137.398905,34.834691],[137.399124,34.834843],[137.400967,34.836117],[137.403244,34.835609],[137.40272,34.834345],[137.402455,34.833705],[137.401859,34.832228],[137.401612,34.831624]]]}},{"type":"Feature","id":"23207015000","properties":{"KEY_CODE":"23207015000","PREF":"23","CITY":"207","S_AREA":"015000","PREF_NAME":"愛知県","CITY_NAME":"豊川市","S_NAME":"小田渕町卯足","HCODE":8101,"AREA":207283.021,"KIGO_E":"","JINKO":940,"SETAI":364,"X_CODE":137.346712,"Y_CODE":34.815395},"geometry":{"type":"Polygon","coordinates":[[[137.348607,34.816792],[137.350406,34.814681],[137.350131,34.814493],[137.349842,34.814122],[137.349531,34.814043],[137.349423,34.814014],[137.34921,34.81393],[137.349109,34.813906],[137.348974,34.813959],[137.348443,34.813723],[137.348218,34.813647],[137.348129,34.813633],[137.348055,34.81364],[137.347464,34.813343],[137.347315,34.813264],[137.347198,34.813248],[137.34711,34.813225],[137.3468,34.813176],[137.345922,34.812862],[137.345632,34.813252],[137.34518,34.813703],[137.344528,34.814368],[137.3445,34.814388],[137.344323,34.814317],[137.344219,34.814267],[137.343892,34.814148],[137.343771,34.8144],[137.343733,34.81456],[137.343846,34.814627],[137.343955,34.814716],[137.34397,34.81502],[137.343877,34.815019],[137.343851,34.815248],[137.34376,34.81548],[137.343476,34.815971],[137.343213,34.816414],[137.342994,34.816783],[137.342779,34.817147],[137.342682,34.817411],[137.342728,34.817627],[137.342852,34.817767],[137.342971,34.817885],[137.343106,34.817997],[137.344033,34.816772],[137.344091,34.816696],[137.345179,34.815298],[137.345488,34.815838],[137.345881,34.816458],[137.346252,34.816979],[137.346505,34.81741],[137.346722,34.817952],[137.346992,34.81845],[137.347276,34.818233],[137.347587,34.817948],[137.348607,34.816792]]]}},{"type":"Feature","id":"23207015002","properties":{"KEY_CODE":"23207015002","PREF":"23","CITY":"207","S_AREA":"015002","PREF_NAME":"愛知県","CITY_NAME":"豊川市","S_NAME":"小田渕町二丁目","HCODE":8101,"AREA":89691.396,"KIGO_E":"","JINKO":351,"SETAI":126,"X_CODE":137.345142,"Y_CODE":34.817832},"geometry":{"type":"Polygon","coordinates":[[[137.345488,34.815838],[137.345179,34.815298],[137.344091,34.816696],[137.344033,34.816772],[137.343106,34.817997],[137.343353,34.81813],[137.343677,34.818244],[137.344059,34.818457],[137.344082,34.81847],[137.344456,34.818684],[137.344702,34.818896],[137.344833,34.819142],[137.34487,34.81948],[137.344816,34.819816],[137.344662,34.820218],[137.344488,34.820506],[137.344276,34.820869],[137.344544,34.820722],[137.34474,34.820569],[137.34508,34.820332],[137.345262,34.82011],[137.345487,34.819766],[137.345731,34.819386],[137.346018,34.819099],[137.34643,34.81877],[137.346639,34.818649],[137.346696,34.818615],[137.346992,34.81845],[137.346722,34.817952],[137.346505,34.81741],[137.346252,34.816979],[137.345881,34.816458],[137.345488,34.815838]]]}},{"type":"Feature","id":"23207015003","properties":{"KEY_CODE":"23207015003","PREF":"23","CITY":"207","S_AREA":"015003","PREF_NAME":"愛知県","CITY_NAME":"豊川市","S_NAME":"小田渕町三丁目（四，七，八丁目含","HCODE":8101,"AREA":282201.084,"KIGO_E":"","JINKO":186,"SETAI":70,"X_CODE":137.341419,"Y_CODE":34.820348},"geometry":{"type":"Polygon","coordinates":[[[137.344276,34.820869],[137.344488,34.820506],[137.344662,34.820218],[137.344816,34.819816],[137.34487,34.81948],[137.344833,34.819142],[137.344702,34.818896],[137.344456,34.818684],[137.344082,34.81847],[137.344059,34.818457],[137.343677,34.818244],[137.343353,34.81813],[137.343106,34.817997],[137.342971,34.817885],[137.342852,34.817767],[137.342728,34.817627],[137.342682,34.817411],[137.342779,34.817147],[137.342994,34.816783],[137.343213,34.816414],[137.343476,34.815971],[137.34376,34.81548],[137.343851,34.815248],[137.343877,34.815019],[137.343713,34.815018],[137.343623,34.815019],[137.343321,34.815436],[137.34327,34.815403],[137.342944,34.815997],[137.342835,34.816134],[137.342557,34.816422],[137.341868,34.81713],[137.340004,34.819036],[137.339995,34.819045],[137.338083,34.820992],[137.337288,34.821784],[137.338237,34.822324],[137.339275,34.823021],[137.340813,34.82405],[137.342199,34.822487],[137.343259,34.821478],[137.343616,34.821144],[137.343824,34.821049],[137.344276,34.820869]]]}},{"type":"Feature","id":"23207015004","properties":{"KEY_CODE":"23207015004","PREF":"23","CITY":"207","S_AREA":"015004","PREF_NAME":"愛知県","CITY_NAME":"豊川市","S_NAME":"小田渕町四丁目（五，六，七丁目含","HCODE":8101,"AREA":273922.98,"KIGO_E":"","JINKO":188,"SETAI":101,"X_CODE":137.337179,"Y_CODE":34.824469},"geometry":{"type":"Polygon","coordinates":[[[137.339347,34.826869],[137.340284,34.826182],[137.340731,34.825791],[137.341415,34.825117],[137.340425,34.824462],[137.340813,34.82405],[137.339275,34.823021],[137.338237,34.822324],[137.337288,34.821784],[137.337167,34.821945],[137.336588,34.82266],[137.336258,34.822484],[137.336018,34.822513],[137.33581,34.822368],[137.33575,34.822302],[137.335693,34.822188],[137.335689,34.822088],[137.335634,34.822017],[137.335559,34.821979],[137.335474,34.821937],[137.335402,34.821879],[137.335338,34.82182],[137.335261,34.821826],[137.335192,34.821885],[137.335071,34.822016],[137.335025,34.822067],[137.334972,34.822105],[137.334904,34.82212],[137.334823,34.822111],[137.334677,34.822036],[137.334303,34.821721],[137.334278,34.821704],[137.334276,34.821702],[137.334275,34.821702],[137.334086,34.821902],[137.334142,34.821941],[137.334606,34.822262],[137.334266,34.822638],[137.332657,34.824417],[137.333636,34.825012],[137.3339,34.82472],[137.334708,34.825245],[137.334948,34.824912],[137.335851,34.825369],[137.335338,34.826104],[137.335315,34.826123],[137.335513,34.826157],[137.335298,34.826404],[137.336239,34.826609],[137.336431,34.826388],[137.33665,34.826475],[137.33642,34.826781],[137.336721,34.826798],[137.336883,34.826806],[137.336984,34.826878],[137.33708,34.827013],[137.337048,34.827265],[137.336989,34.827537],[137.336959,34.827694],[137.337023,34.827828],[137.337112,34.82794],[137.338991,34.825978],[137.339293,34.826146],[137.338892,34.826537],[137.339234,34.826787],[137.339347,34.826869]]]}},{"type":"Feature","id":"23207015006","properties":{"KEY_CODE":"23207015006","PREF":"23","CITY":"207","S_AREA":"015006","PREF_NAME":"愛知県","CITY_NAME":"豊川市","S_NAME":"小田渕町六丁目","HCODE":8101,"AREA":2269.086,"KIGO_E":"","JINKO":6,"SETAI":3,"X_CODE":137.336129,"Y_CODE":34.826614},"geometry":{"type":"Polygon","coordinates":[[[137.33642,34.826781],[137.33665,34.826475],[137.336431,34.826388],[137.336239,34.826609],[137.335298,34.826404],[137.336198,34.826868],[137.336284,34.82675],[137.33642,34.826781]]]}},{"type":"Feature","id":"23207016001","properties":{"KEY_CODE":"23207016001","PREF":"23","CITY":"207","S_AREA":"016001","PREF_NAME":"愛知県","CITY_NAME":"豊川市","S_NAME":"開運通一丁目","HCODE":8101,"AREA":22798.313,"KIGO_E":"","JINKO":233,"SETAI":101,"X_CODE":137.389504,"Y_CODE":34.825022},"geometry":{"type":"Polygon","coordinates":[[[137.388737,34.825903],[137.388979,34.825709],[137.389029,34.825752],[137.389235,34.825573],[137.389173,34.82552],[137.389343,34.825377],[137.389405,34.825434],[137.389475,34.825385],[137.389538,34.825472],[137.391058,34.824269],[137.391074,34.824257],[137.391131,34.824211],[137.390816,34.82392],[137.390796,34.823939],[137.390688,34.823824],[137.39022,34.823876],[137.390329,34.823957],[137.390068,34.824172],[137.39015,34.82424],[137.390014,34.824356],[137.389937,34.824286],[137.389871,34.824345],[137.389822,34.824318],[137.389756,34.82436],[137.389786,34.824405],[137.389634,34.824513],[137.389652,34.824572],[137.3894,34.824791],[137.389347,34.824752],[137.389249,34.824825],[137.389243,34.82483],[137.389161,34.824896],[137.389185,34.824925],[137.389144,34.824939],[137.388769,34.825097],[137.388799,34.82516],[137.388317,34.825505],[137.388262,34.825495],[137.388041,34.82561],[137.388136,34.825735],[137.388031,34.825819],[137.388049,34.825853],[137.387878,34.82599],[137.38812,34.826388],[137.388397,34.82617],[137.388737,34.825903]]]}},{"type":"Feature","id":"23207016002","properties":{"KEY_CODE":"23207016002","PREF":"23","CITY":"207","S_AREA":"016002","PREF_NAME":"愛知県","CITY_NAME":"豊川市","S_NAME":"開運通二丁目","HCODE":8101,"AREA":29744.313,"KIGO_E":"","JINKO":116,"SETAI":45,"X_CODE":137.385774,"Y_CODE":34.827819},"geometry":{"type":"Polygon","coordinates":[[[137.384438,34.829208],[137.384683,34.829106],[137.384724,34.829174],[137.38497,34.829061],[137.384915,34.828971],[137.38486,34.828869],[137.384928,34.828768],[137.385038,34.828723],[137.385079,34.828801],[137.385352,34.828688],[137.385297,34.828587],[137.38572,34.828406],[137.385523,34.828051],[137.385858,34.827789],[137.386078,34.827986],[137.387003,34.827257],[137.387752,34.826655],[137.387849,34.826585],[137.38812,34.826388],[137.387878,34.82599],[137.3877,34.826143],[137.387655,34.826109],[137.386248,34.827182],[137.38622,34.827138],[137.385593,34.827612],[137.38562,34.8277],[137.385382,34.827775],[137.385345,34.827905],[137.384351,34.828265],[137.3844,34.828369],[137.383731,34.828629],[137.384016,34.829124],[137.384188,34.829425],[137.384492,34.829298],[137.384438,34.829208]]]}},{"type":"Feature","id":"23207017001","properties":{"KEY_CODE":"23207017001","PREF":"23","CITY":"207","S_AREA":"017001","PREF_NAME":"愛知県","CITY_NAME":"豊川市","S_NAME":"金塚町一丁目","HCODE":8101,"AREA":47759.89,"KIGO_E":"","JINKO":347,"SETAI":140,"X_CODE":137.384856,"Y_CODE":34.816993},"geometry":{"type":"Polygon","coordinates":[[[137.386367,34.818377],[137.386624,34.818075],[137.386675,34.818105],[137.386892,34.81788],[137.386783,34.817826],[137.387027,34.817563],[137.386976,34.817538],[137.386737,34.817407],[137.386709,34.817379],[137.386693,34.817341],[137.386683,34.817303],[137.386676,34.817267],[137.386683,34.817243],[137.386868,34.817029],[137.386748,34.816885],[137.386729,34.816898],[137.386455,34.817234],[137.386027,34.816988],[137.386162,34.816834],[137.385997,34.816739],[137.385965,34.816775],[137.385757,34.816654],[137.385662,34.816756],[137.384621,34.816184],[137.384746,34.816064],[137.38428,34.815785],[137.384128,34.815962],[137.38402,34.81581],[137.383836,34.815691],[137.383453,34.816073],[137.382555,34.816913],[137.383313,34.817441],[137.383893,34.816881],[137.385155,34.817635],[137.386367,34.818377]]]}},{"type":"Feature","id":"23207017002","properties":{"KEY_CODE":"23207017002","PREF":"23","CITY":"207","S_AREA":"017002","PREF_NAME":"愛知県","CITY_NAME":"豊川市","S_NAME":"金塚町二丁目","HCODE":8101,"AREA":46571.623,"KIGO_E":"","JINKO":326,"SETAI":150,"X_CODE":137.384588,"Y_CODE":34.818148},"geometry":{"type":"Polygon","coordinates":[[[137.386316,34.818826],[137.386642,34.818744],[137.386532,34.818501],[137.38655,34.818479],[137.386367,34.818377],[137.385155,34.817635],[137.383893,34.816881],[137.383313,34.817441],[137.382555,34.816913],[137.382286,34.817182],[137.382594,34.817402],[137.382665,34.817367],[137.383171,34.81772],[137.383543,34.817997],[137.383804,34.818239],[137.383683,34.818267],[137.383698,34.818295],[137.383914,34.818858],[137.384067,34.818819],[137.38414,34.819034],[137.384061,34.819053],[137.384198,34.819366],[137.384398,34.819314],[137.384678,34.81924],[137.385621,34.818997],[137.385775,34.818957],[137.386316,34.818826]]]}},{"type":"Feature","id":"23207018001","properties":{"KEY_CODE":"23207018001","PREF":"23","CITY":"207","S_AREA":"018001","PREF_NAME":"愛知県","CITY_NAME":"豊川市","S_NAME":"金屋西町一丁目","HCODE":8101,"AREA":175439.28,"KIGO_E":"","JINKO":0,"SETAI":0,"X_CODE":137.380354,"Y_CODE":34.827825},"geometry":{"type":"Polygon","coordinates":[[[137.384016,34.829124],[137.383731,34.828629],[137.382696,34.826847],[137.38203,34.825691],[137.380385,34.825691],[137.38037,34.826276],[137.380365,34.826584],[137.378645,34.826567],[137.378665,34.827144],[137.37778,34.827142],[137.377765,34.827474],[137.376753,34.827464],[137.376678,34.827466],[137.376653,34.829111],[137.383744,34.829201],[137.384016,34.829124]]]}},{"type":"Feature","id":"23207018002","properties":{"KEY_CODE":"23207018002","PREF":"23","CITY":"207","S_AREA":"018002","PREF_NAME":"愛知県","CITY_NAME":"豊川市","S_NAME":"金屋西町二丁目","HCODE":8101,"AREA":28701.272,"KIGO_E":"","JINKO":567,"SETAI":250,"X_CODE":137.378929,"Y_CODE":34.82625},"geometry":{"type":"Polygon","coordinates":[[[137.378665,34.827144],[137.378645,34.826567],[137.380365,34.826584],[137.38037,34.826276],[137.380385,34.825691],[137.379551,34.825675],[137.379086,34.825667],[137.378671,34.825663],[137.377925,34.825641],[137.377815,34.825639],[137.377791,34.82656],[137.37778,34.827142],[137.378665,34.827144]]]}},{"type":"Feature","id":"23207018003","properties":{"KEY_CODE":"23207018003","PREF":"23","CITY":"207","S_AREA":"018003","PREF_NAME":"愛知県","CITY_NAME":"豊川市","S_NAME":"金屋西町三丁目","HCODE":8101,"AREA":18832.388,"KIGO_E":"","JINKO":5,"SETAI":3,"X_CODE":137.377257,"Y_CODE":34.826621},"geometry":{"type":"Polygon","coordinates":[[[137.37778,34.827142],[137.377791,34.82656],[137.377815,34.825639],[137.376702,34.825922],[137.376678,34.827466],[137.376753,34.827464],[137.377765,34.827474],[137.37778,34.827142]]]}},{"type":"Feature","id":"232070190","properties":{"KEY_CODE":"232070190","PREF":"23","CITY":"207","S_AREA":"019000","PREF_NAME":"愛知県","CITY_NAME":"豊川市","S_NAME":"金屋橋町","HCODE":8101,"AREA":68705.352,"KIGO_E":"","JINKO":399,"SETAI":177,"X_CODE":137.377432,"Y_CODE":34.823695},"geometry":{"type":"Polygon","coordinates":[[[137.378188,34.824611],[137.378209,34.824606],[137.378265,34.824751],[137.378682,34.82464],[137.378641,34.824538],[137.378884,34.824476],[137.378871,34.824418],[137.379422,34.824279],[137.379439,34.824323],[137.379518,34.824301],[137.379541,34.824315],[137.37957,34.824317],[137.379682,34.824286],[137.379679,34.824253],[137.380367,34.824073],[137.38033,34.824053],[137.380044,34.823899],[137.379572,34.823715],[137.379093,34.823498],[137.378162,34.823108],[137.377693,34.822902],[137.376145,34.822251],[137.375802,34.822105],[137.375437,34.821963],[137.375438,34.822011],[137.375438,34.822141],[137.375596,34.822522],[137.375566,34.82253],[137.376164,34.82407],[137.376388,34.824654],[137.376595,34.825201],[137.376873,34.825122],[137.376842,34.825008],[137.377693,34.824757],[137.377717,34.824736],[137.377784,34.824709],[137.377886,34.824685],[137.377952,34.824681],[137.378188,34.824611]]]}},{"type":"Feature","id":"232070200","properties":{"KEY_CODE":"232070200","PREF":"23","CITY":"207","S_AREA":"020000","PREF_NAME":"愛知県","CITY_NAME":"豊川市","S_NAME":"金屋町","HCODE":8101,"AREA":83348.828,"KIGO_E":"","JINKO":276,"SETAI":144,"X_CODE":137.386344,"Y_CODE":34.820704},"geometry":{"type":"Polygon","coordinates":[[[137.387015,34.822243],[137.38784,34.82202],[137.387805,34.821945],[137.388473,34.821749],[137.388282,34.821309],[137.388592,34.821185],[137.388289,34.821004],[137.387788,34.820672],[137.387937,34.820515],[137.387759,34.820367],[137.387698,34.820423],[137.387064,34.81987],[137.386845,34.819705],[137.386708,34.819598],[137.386516,34.81952],[137.386134,34.819381],[137.386191,34.819012],[137.385877,34.818971],[137.385621,34.818997],[137.384678,34.81924],[137.384398,34.819314],[137.384198,34.819366],[137.383932,34.819434],[137.384238,34.819914],[137.384455,34.819863],[137.384581,34.820052],[137.384724,34.820019],[137.385033,34.820502],[137.384879,34.820571],[137.384952,34.82068],[137.385159,34.820865],[137.385339,34.821067],[137.385566,34.821492],[137.38554,34.821536],[137.385926,34.822143],[137.385938,34.822139],[137.386053,34.822274],[137.386188,34.822543],[137.386268,34.822523],[137.386842,34.822343],[137.386824,34.822299],[137.387015,34.822243]]]}},{"type":"Feature","id":"23207021001","properties":{"KEY_CODE":"23207021001","PREF":"23","CITY":"207","S_AREA":"021001","PREF_NAME":"愛知県","CITY_NAME":"豊川市","S_NAME":"金屋本町一丁目","HCODE":8101,"AREA":47367.598,"KIGO_E":"","JINKO":281,"SETAI":119,"X_CODE":137.38301,"Y_CODE":34.822145},"geometry":{"type":"Polygon","coordinates":[[[137.383432,34.823345],[137.383921,34.823203],[137.383897,34.823134],[137.384238,34.823045],[137.384262,34.823097],[137.384296,34.823081],[137.3844,34.823031],[137.3847,34.822977],[137.384784,34.823094],[137.385002,34.82303],[137.384962,34.822937],[137.385133,34.82289],[137.385115,34.822848],[137.385485,34.82275],[137.385408,34.822569],[137.385346,34.822559],[137.385114,34.822162],[137.385093,34.822126],[137.385047,34.82205],[137.384979,34.821942],[137.384709,34.822054],[137.3846,34.822091],[137.384636,34.82223],[137.384692,34.822406],[137.384169,34.82258],[137.384127,34.822445],[137.383608,34.821974],[137.383483,34.822091],[137.383474,34.8221],[137.383256,34.821649],[137.383467,34.821496],[137.382888,34.821066],[137.38282,34.820902],[137.382107,34.821097],[137.382133,34.821168],[137.380531,34.821575],[137.380774,34.822258],[137.382407,34.821856],[137.38267,34.822488],[137.382739,34.822662],[137.382971,34.823234],[137.383233,34.823181],[137.383255,34.823273],[137.383383,34.823244],[137.383432,34.823345]]]}},{"type":"Feature","id":"23207021002","properties":{"KEY_CODE":"23207021002","PREF":"23","CITY":"207","S_AREA":"021002","PREF_NAME":"愛知県","CITY_NAME":"豊川市","S_NAME":"金屋本町二丁目","HCODE":8101,"AREA":46822.866,"KIGO_E":"","JINKO":258,"SETAI":135,"X_CODE":137.383399,"Y_CODE":34.820886},"geometry":{"type":"Polygon","coordinates":[[[137.384709,34.822054],[137.384979,34.821942],[137.384621,34.821378],[137.384257,34.820952],[137.384395,34.820815],[137.384183,34.820684],[137.384032,34.820457],[137.3842,34.820377],[137.383957,34.819987],[137.383814,34.820018],[137.383754,34.819856],[137.383633,34.819887],[137.383491,34.819544],[137.381632,34.819992],[137.381865,34.820519],[137.382107,34.821097],[137.38282,34.820902],[137.382888,34.821066],[137.383467,34.821496],[137.383256,34.821649],[137.383474,34.8221],[137.383483,34.822091],[137.383608,34.821974],[137.384127,34.822445],[137.384169,34.82258],[137.384692,34.822406],[137.384636,34.82223],[137.3846,34.822091],[137.384709,34.822054]]]}},{"type":"Feature","id":"23207021003","properties":{"KEY_CODE":"23207021003","PREF":"23","CITY":"207","S_AREA":"021003","PREF_NAME":"愛知県","CITY_NAME":"豊川市","S_NAME":"金屋本町三丁目","HCODE":8101,"AREA":29847.242,"KIGO_E":"","JINKO":280,"SETAI":119,"X_CODE":137.381894,"Y_CODE":34.822869},"geometry":{"type":"Polygon","coordinates":[[[137.382151,34.823638],[137.382779,34.823485],[137.382803,34.823518],[137.382904,34.823492],[137.382909,34.823504],[137.383075,34.823461],[137.382971,34.823234],[137.382739,34.822662],[137.38267,34.822488],[137.382407,34.821856],[137.380774,34.822258],[137.381022,34.822954],[137.38129,34.823695],[137.381376,34.823961],[137.381598,34.823902],[137.381666,34.823808],[137.382087,34.823678],[137.382151,34.823638]]]}},{"type":"Feature","id":"23207021004","properties":{"KEY_CODE":"23207021004","PREF":"23","CITY":"207","S_AREA":"021004","PREF_NAME":"愛知県","CITY_NAME":"豊川市","S_NAME":"金屋本町四丁目","HCODE":8101,"AREA":20836.628,"KIGO_E":"","JINKO":270,"SETAI":118,"X_CODE":137.381102,"Y_CODE":34.820782},"geometry":{"type":"Polygon","coordinates":[[[137.381865,34.820519],[137.381632,34.819992],[137.380095,34.820377],[137.3803,34.820933],[137.380531,34.821575],[137.382133,34.821168],[137.382107,34.821097],[137.381865,34.820519]]]}},{"type":"Feature","id":"23207022001","properties":{"KEY_CODE":"23207022001","PREF":"23","CITY":"207","S_AREA":"022001","PREF_NAME":"愛知県","CITY_NAME":"豊川市","S_NAME":"金屋元町一丁目","HCODE":8101,"AREA":57290.79,"KIGO_E":"","JINKO":472,"SETAI":220,"X_CODE":137.385092,"Y_CODE":34.824605},"geometry":{"type":"Polygon","coordinates":[[[137.38659,34.824297],[137.386426,34.824084],[137.386192,34.824105],[137.386177,34.823804],[137.386167,34.823808],[137.386151,34.823643],[137.386148,34.823635],[137.386327,34.823559],[137.386254,34.823437],[137.386136,34.823448],[137.38608,34.82346],[137.386074,34.823445],[137.385904,34.823479],[137.385786,34.823511],[137.385674,34.823554],[137.385554,34.823399],[137.385468,34.823441],[137.385439,34.823309],[137.385332,34.823343],[137.385316,34.823312],[137.385288,34.823318],[137.385275,34.823299],[137.385163,34.823331],[137.385178,34.823374],[137.384894,34.823491],[137.384228,34.823685],[137.384279,34.823798],[137.384025,34.823907],[137.383987,34.823829],[137.383815,34.823891],[137.383864,34.823971],[137.383634,34.82404],[137.383592,34.823955],[137.383349,34.824036],[137.383475,34.824271],[137.383586,34.824467],[137.38378,34.824806],[137.38449,34.826159],[137.384603,34.826106],[137.385481,34.825781],[137.385301,34.825458],[137.386109,34.825273],[137.386667,34.824992],[137.386824,34.824931],[137.386612,34.824605],[137.386761,34.824543],[137.38659,34.824297]]]}},{"type":"Feature","id":"23207022002","properties":{"KEY_CODE":"23207022002","PREF":"23","CITY":"207","S_AREA":"022002","PREF_NAME":"愛知県","CITY_NAME":"豊川市","S_NAME":"金屋元町二丁目","HCODE":8101,"AREA":47994.938,"KIGO_E":"","JINKO":233,"SETAI":80,"X_CODE":137.383011,"Y_CODE":34.82542},"geometry":{"type":"Polygon","coordinates":[[[137.38378,34.824806],[137.383586,34.824467],[137.383475,34.824271],[137.383349,34.824036],[137.382624,34.824275],[137.38257,34.824146],[137.38226,34.824232],[137.382325,34.824354],[137.382043,34.824503],[137.381896,34.824389],[137.381694,34.824462],[137.381829,34.824679],[137.381615,34.824761],[137.381804,34.824906],[137.381972,34.825183],[137.381736,34.825273],[137.381903,34.825513],[137.38203,34.825691],[137.382696,34.826847],[137.383004,34.826728],[137.383301,34.826615],[137.383697,34.826463],[137.38449,34.826159],[137.38378,34.824806]]]}},{"type":"Feature","id":"23207023001","properties":{"KEY_CODE":"23207023001","PREF":"23","CITY":"207","S_AREA":"023001","PREF_NAME":"愛知県","CITY_NAME":"豊川市","S_NAME":"川花町一丁目","HCODE":8101,"AREA":42761.277,"KIGO_E":"","JINKO":218,"SETAI":90,"X_CODE":137.365561,"Y_CODE":34.814558},"geometry":{"type":"Polygon","coordinates":[[[137.365499,34.81541],[137.366801,34.815317],[137.366767,34.813602],[137.366342,34.813611],[137.366357,34.813774],[137.366192,34.813786],[137.366189,34.813552],[137.365675,34.813567],[137.365624,34.813541],[137.365394,34.813551],[137.365439,34.813896],[137.364916,34.813947],[137.364875,34.813617],[137.364506,34.813644],[137.36448,34.813762],[137.364371,34.814427],[137.364195,34.815505],[137.365499,34.81541]]]}},{"type":"Feature","id":"23207023002","properties":{"KEY_CODE":"23207023002","PREF":"23","CITY":"207","S_AREA":"023002","PREF_NAME":"愛知県","CITY_NAME":"豊川市","S_NAME":"川花町二丁目","HCODE":8101,"AREA":41294.456,"KIGO_E":"","JINKO":273,"SETAI":133,"X_CODE":137.365457,"Y_CODE":34.816168},"geometry":{"type":"Polygon","coordinates":[[[137.3668,34.815688],[137.366801,34.815317],[137.365499,34.81541],[137.364195,34.815505],[137.363942,34.816933],[137.365379,34.816903],[137.366809,34.816874],[137.366807,34.816093],[137.3668,34.815688]]]}},{"type":"Feature","id":"23207023003","properties":{"KEY_CODE":"23207023003","PREF":"23","CITY":"207","S_AREA":"023003","PREF_NAME":"愛知県","CITY_NAME":"豊川市","S_NAME":"川花町三丁目","HCODE":8101,"AREA":45939.1,"KIGO_E":"","JINKO":524,"SETAI":212,"X_CODE":137.36558,"Y_CODE":34.81758},"geometry":{"type":"Polygon","coordinates":[[[137.367722,34.817324],[137.366809,34.816874],[137.365379,34.816903],[137.363942,34.816933],[137.363905,34.817222],[137.363866,34.817299],[137.363729,34.817575],[137.363616,34.8178],[137.366136,34.818635],[137.366424,34.818334],[137.366861,34.817889],[137.367287,34.817579],[137.367722,34.817324]]]}},{"type":"Feature","id":"232070240","properties":{"KEY_CODE":"232070240","PREF":"23","CITY":"207","S_AREA":"024000","PREF_NAME":"愛知県","CITY_NAME":"豊川市","S_NAME":"北浦町","HCODE":8101,"AREA":37324.754,"KIGO_E":"","JINKO":78,"SETAI":26,"X_CODE":137.393071,"Y_CODE":34.822039},"geometry":{"type":"Polygon","coordinates":[[[137.394172,34.822561],[137.394241,34.822274],[137.394266,34.822064],[137.394213,34.821457],[137.394204,34.821188],[137.394172,34.820991],[137.393948,34.821049],[137.393934,34.821005],[137.393638,34.821072],[137.39357,34.820928],[137.393449,34.820981],[137.39348,34.821031],[137.393183,34.82117],[137.391845,34.821551],[137.391961,34.821929],[137.392218,34.821906],[137.392114,34.822523],[137.391639,34.8225],[137.39163,34.822653],[137.39204,34.822737],[137.391915,34.823161],[137.392813,34.823166],[137.392819,34.822876],[137.393209,34.822717],[137.393563,34.822599],[137.394172,34.822561]]]}},{"type":"Feature","id":"232070250","properties":{"KEY_CODE":"232070250","PREF":"23","CITY":"207","S_AREA":"025000","PREF_NAME":"愛知県","CITY_NAME":"豊川市","S_NAME":"行明町","HCODE":8101,"AREA":1014350.877,"KIGO_E":"","JINKO":291,"SETAI":97,"X_CODE":137.398153,"Y_CODE":34.799861},"geometry":{"type":"Polygon","coordinates":[[[137.392831,34.806382],[137.392999,34.806131],[137.393142,34.806229],[137.393658,34.805715],[137.393503,34.805572],[137.393984,34.805034],[137.394303,34.805248],[137.394912,34.804896],[137.394699,34.804762],[137.395157,34.804526],[137.395227,34.804565],[137.395394,34.804401],[137.395349,34.804376],[137.39555,34.804145],[137.395083,34.803658],[137.394665,34.80336],[137.395103,34.803186],[137.395328,34.803079],[137.395513,34.80297],[137.395577,34.802365],[137.396483,34.802623],[137.397146,34.802474],[137.397419,34.803157],[137.397528,34.803829],[137.397576,34.804229],[137.398187,34.804586],[137.398608,34.804182],[137.398447,34.804069],[137.398374,34.803784],[137.398222,34.803574],[137.398089,34.802819],[137.398622,34.8027],[137.398652,34.80284],[137.399575,34.802754],[137.399549,34.803424],[137.399509,34.803865],[137.399616,34.803929],[137.399831,34.80397],[137.399934,34.803997],[137.400099,34.804177],[137.400627,34.80489],[137.400841,34.805289],[137.400897,34.805475],[137.400952,34.805654],[137.401051,34.805796],[137.401208,34.805886],[137.401344,34.805681],[137.401467,34.805568],[137.401661,34.805464],[137.401844,34.805441],[137.401709,34.805138],[137.401673,34.80481],[137.401868,34.804791],[137.402253,34.804737],[137.402243,34.804474],[137.402228,34.804249],[137.402282,34.804046],[137.402431,34.803448],[137.402553,34.803053],[137.402607,34.802918],[137.402561,34.802817],[137.402432,34.802277],[137.402468,34.801824],[137.402588,34.801152],[137.402756,34.80064],[137.402805,34.800515],[137.402827,34.800434],[137.40299,34.800024],[137.403363,34.799125],[137.403395,34.799059],[137.403624,34.79858],[137.403673,34.798491],[137.403732,34.79837],[137.403859,34.798168],[137.403915,34.798067],[137.40398,34.797936],[137.404762,34.797111],[137.405257,34.796634],[137.405597,34.796213],[137.405818,34.795966],[137.408113,34.793409],[137.408172,34.793313],[137.408375,34.79302],[137.40854,34.792694],[137.408664,34.792187],[137.408852,34.791713],[137.409127,34.791194],[137.40947,34.790549],[137.409082,34.790553],[137.408819,34.790593],[137.408524,34.790685],[137.408316,34.790794],[137.408216,34.790812],[137.408067,34.790829],[137.408289,34.791109],[137.408397,34.791232],[137.408082,34.7916],[137.407987,34.791499],[137.407759,34.791724],[137.407462,34.791993],[137.407239,34.791747],[137.407067,34.79199],[137.407039,34.792074],[137.407302,34.792223],[137.407678,34.792625],[137.407309,34.793092],[137.406729,34.793106],[137.405607,34.793193],[137.404935,34.793237],[137.404435,34.793373],[137.403886,34.794179],[137.404029,34.79425],[137.403955,34.794391],[137.403551,34.7952],[137.403789,34.795284],[137.403361,34.796035],[137.403034,34.796581],[137.40267,34.796704],[137.402566,34.796844],[137.402463,34.797064],[137.40209,34.797205],[137.402125,34.797539],[137.401956,34.797565],[137.401489,34.797628],[137.401366,34.797664],[137.400993,34.797724],[137.400776,34.797743],[137.399844,34.79779],[137.399061,34.797195],[137.398375,34.796244],[137.397401,34.796846],[137.396809,34.796857],[137.39681,34.796633],[137.396197,34.796607],[137.396168,34.797133],[137.395814,34.797104],[137.395814,34.796998],[137.395581,34.796998],[137.395575,34.7971],[137.395325,34.797088],[137.395348,34.796601],[137.394715,34.796569],[137.394704,34.796759],[137.394478,34.796763],[137.394461,34.79704],[137.393478,34.797016],[137.393456,34.797551],[137.393727,34.797552],[137.393727,34.797594],[137.393716,34.797816],[137.393703,34.798064],[137.392725,34.798034],[137.391259,34.79797],[137.391281,34.797508],[137.391117,34.797508],[137.391081,34.797964],[137.390738,34.797943],[137.390723,34.798308],[137.390371,34.798477],[137.390388,34.798609],[137.389528,34.7983],[137.389501,34.798346],[137.38949,34.798426],[137.38942,34.798484],[137.389309,34.798591],[137.391135,34.799164],[137.391176,34.799198],[137.391177,34.799266],[137.391163,34.799311],[137.390863,34.799503],[137.390768,34.799582],[137.3907,34.799717],[137.390734,34.799774],[137.391028,34.799866],[137.3909,34.800126],[137.390873,34.800184],[137.390881,34.800238],[137.390925,34.800294],[137.391173,34.800475],[137.39122,34.800545],[137.391226,34.80062],[137.391059,34.800794],[137.391236,34.801069],[137.39136,34.801361],[137.391087,34.801542],[137.390595,34.801833],[137.39118,34.802192],[137.391371,34.802504],[137.391484,34.803093],[137.390876,34.803086],[137.390691,34.803997],[137.391026,34.804016],[137.391184,34.80424],[137.39175,34.80542],[137.391707,34.805477],[137.391706,34.805561],[137.391762,34.805622],[137.391868,34.805635],[137.392134,34.806188],[137.392831,34.806382]]]}},{"type":"Feature","id":"232070260","properties":{"KEY_CODE":"232070260","PREF":"23","CITY":"207","S_AREA":"026000","PREF_NAME":"愛知県","CITY_NAME":"豊川市","S_NAME":"久保町","HCODE":8101,"AREA":275904.491,"KIGO_E":"","JINKO":861,"SETAI":424,"X_CODE":137.329606,"Y_CODE":34.836247},"geometry":{"type":"Polygon","coordinates":[[[137.331679,34.837649],[137.33246,34.837256],[137.332888,34.836602],[137.332874,34.836336],[137.332579,34.836301],[137.332585,34.83611],[137.33249,34.836102],[137.332419,34.836187],[137.332275,34.836107],[137.332067,34.83611],[137.331998,34.836082],[137.331914,34.83606],[137.331843,34.836057],[137.33191,34.835225],[137.331788,34.83521],[137.331824,34.835013],[137.331904,34.834885],[137.331971,34.8348],[137.33205,34.834657],[137.332055,34.834252],[137.332005,34.834133],[137.331481,34.8332],[137.331353,34.832964],[137.33128,34.832644],[137.330203,34.831943],[137.329862,34.832411],[137.329559,34.83286],[137.3295,34.832853],[137.329453,34.83292],[137.32925,34.833032],[137.32916,34.83309],[137.328954,34.833112],[137.32882,34.833168],[137.328587,34.833162],[137.328565,34.833193],[137.32832,34.833532],[137.328274,34.833619],[137.328303,34.8337],[137.32832,34.833768],[137.328336,34.833829],[137.328349,34.833897],[137.328354,34.833947],[137.328357,34.833995],[137.328377,34.834051],[137.32841,34.834096],[137.328224,34.83438],[137.328079,34.834502],[137.327993,34.834628],[137.327886,34.83481],[137.328249,34.834949],[137.328031,34.835294],[137.327383,34.836352],[137.32803,34.836582],[137.328215,34.836647],[137.328099,34.836828],[137.327609,34.837531],[137.326798,34.837227],[137.326778,34.83726],[137.326646,34.837473],[137.327037,34.837627],[137.327089,34.837726],[137.32714,34.837845],[137.327128,34.838054],[137.327066,34.838489],[137.327357,34.83862],[137.326309,34.839892],[137.326216,34.839943],[137.326029,34.840091],[137.326092,34.840121],[137.326442,34.840252],[137.326542,34.840334],[137.326734,34.840498],[137.326878,34.840583],[137.326959,34.840623],[137.327252,34.84044],[137.327529,34.840371],[137.32771,34.840281],[137.327781,34.840224],[137.327971,34.840038],[137.328153,34.839908],[137.328398,34.839697],[137.328636,34.839475],[137.328739,34.839333],[137.328748,34.83923],[137.328907,34.839182],[137.329587,34.838761],[137.330567,34.83824],[137.331679,34.837649]]]}},{"type":"Feature","id":"23207027001","properties":{"KEY_CODE":"23207027001","PREF":"23","CITY":"207","S_AREA":"027001","PREF_NAME":"愛知県","CITY_NAME":"豊川市","S_NAME":"光輝町一丁目","HCODE":8101,"AREA":15611.297,"KIGO_E":"","JINKO":120,"SETAI":54,"X_CODE":137.37739,"Y_CODE":34.813457},"geometry":{"type":"Polygon","coordinates":[[[137.37797,34.813279],[137.377922,34.813098],[137.377909,34.812768],[137.377839,34.81279],[137.377325,34.812605],[137.377293,34.812677],[137.377107,34.813055],[137.376911,34.813125],[137.376826,34.812971],[137.37668,34.813023],[137.376762,34.813178],[137.376225,34.813393],[137.376531,34.813498],[137.376544,34.813503],[137.376803,34.813592],[137.377189,34.813729],[137.377073,34.813984],[137.377274,34.814172],[137.377311,34.814184],[137.37783,34.814345],[137.377999,34.814008],[137.37791,34.813971],[137.377946,34.813595],[137.37797,34.813279]]]}},{"type":"Feature","id":"23207027002","properties":{"KEY_CODE":"23207027002","PREF":"23","CITY":"207","S_AREA":"027002","PREF_NAME":"愛知県","CITY_NAME":"豊川市","S_NAME":"光輝町二丁目","HCODE":8101,"AREA":26242.011,"KIGO_E":"","JINKO":158,"SETAI":46,"X_CODE":137.377454,"Y_CODE":34.814446},"geometry":{"type":"Polygon","coordinates":[[[137.378327,34.815236],[137.378434,34.814992],[137.378564,34.814665],[137.378524,34.814647],[137.378607,34.814459],[137.378784,34.814496],[137.378965,34.814118],[137.378867,34.81404],[137.37879,34.813963],[137.378767,34.813918],[137.378774,34.81382],[137.37871,34.813873],[137.378548,34.813974],[137.378358,34.814045],[137.37826,34.814095],[137.377999,34.814008],[137.37783,34.814345],[137.377311,34.814184],[137.377274,34.814172],[137.377073,34.813984],[137.377189,34.813729],[137.376803,34.813592],[137.376544,34.813503],[137.376531,34.813498],[137.376432,34.81375],[137.376423,34.813773],[137.376614,34.813837],[137.376558,34.813947],[137.376362,34.813879],[137.376293,34.814016],[137.37624,34.814119],[137.376225,34.814116],[137.376097,34.814376],[137.376121,34.814384],[137.376118,34.814392],[137.376118,34.814402],[137.37609,34.81446],[137.376081,34.81447],[137.376131,34.814485],[137.376067,34.814627],[137.376021,34.81472],[137.376019,34.814724],[137.376164,34.814775],[137.376172,34.814761],[137.37618,34.814744],[137.376316,34.814788],[137.376389,34.814812],[137.376399,34.814795],[137.376396,34.814794],[137.376443,34.814703],[137.376448,34.814705],[137.376451,34.814698],[137.376865,34.814823],[137.376877,34.814802],[137.376966,34.814828],[137.377005,34.81484],[137.377053,34.814855],[137.377197,34.814898],[137.377167,34.814968],[137.377474,34.815072],[137.377482,34.815075],[137.377505,34.81503],[137.377625,34.81507],[137.377613,34.815099],[137.378295,34.815307],[137.378327,34.815236]]]}},{"type":"Feature","id":"232070280","properties":{"KEY_CODE":"232070280","PREF":"23","CITY":"207","S_AREA":"028000","PREF_NAME":"愛知県","CITY_NAME":"豊川市","S_NAME":"柑子町","HCODE":8101,"AREA":363090.703,"KIGO_E":"","JINKO":166,"SETAI":47,"X_CODE":137.397869,"Y_CODE":34.805956},"geometry":{"type":"Polygon","coordinates":[[[137.402755,34.809723],[137.402336,34.807826],[137.401907,34.805772],[137.401844,34.805441],[137.401661,34.805464],[137.401467,34.805568],[137.401344,34.805681],[137.401208,34.805886],[137.401051,34.805796],[137.400952,34.805654],[137.400897,34.805475],[137.400841,34.805289],[137.400627,34.80489],[137.400099,34.804177],[137.399934,34.803997],[137.399831,34.80397],[137.399616,34.803929],[137.399509,34.803865],[137.399549,34.803424],[137.399575,34.802754],[137.398652,34.80284],[137.398622,34.8027],[137.398089,34.802819],[137.398222,34.803574],[137.398374,34.803784],[137.398447,34.804069],[137.398608,34.804182],[137.398187,34.804586],[137.397576,34.804229],[137.397528,34.803829],[137.397419,34.803157],[137.397146,34.802474],[137.396483,34.802623],[137.395577,34.802365],[137.395513,34.80297],[137.395328,34.803079],[137.395103,34.803186],[137.394665,34.80336],[137.395083,34.803658],[137.39555,34.804145],[137.395349,34.804376],[137.395394,34.804401],[137.395227,34.804565],[137.395157,34.804526],[137.394699,34.804762],[137.394912,34.804896],[137.394303,34.805248],[137.393984,34.805034],[137.393503,34.805572],[137.393658,34.805715],[137.393142,34.806229],[137.392999,34.806131],[137.392831,34.806382],[137.392134,34.806188],[137.392437,34.806724],[137.392096,34.807113],[137.392221,34.807222],[137.392367,34.80736],[137.392556,34.80744],[137.392897,34.807582],[137.393214,34.807308],[137.393251,34.807251],[137.393313,34.807187],[137.393419,34.807126],[137.393588,34.807112],[137.393744,34.807122],[137.393837,34.807141],[137.39534,34.808007],[137.396595,34.806641],[137.397603,34.807295],[137.396856,34.808117],[137.397655,34.808585],[137.398079,34.808079],[137.398157,34.808013],[137.399232,34.807174],[137.399709,34.807692],[137.399644,34.807729],[137.399944,34.808087],[137.399504,34.808638],[137.400349,34.809143],[137.400515,34.808314],[137.401057,34.808071],[137.401271,34.808521],[137.401103,34.808629],[137.40103,34.808992],[137.401181,34.80901],[137.401723,34.809077],[137.401951,34.809501],[137.402141,34.80979],[137.402755,34.809723]]]}},{"type":"Feature","id":"232070290","properties":{"KEY_CODE":"232070290","PREF":"23","CITY":"207","S_AREA":"029000","PREF_NAME":"愛知県","CITY_NAME":"豊川市","S_NAME":"国府町","HCODE":8101,"AREA":74203.024,"KIGO_E":"E2","JINKO":0,"SETAI":0,"X_CODE":137.335685,"Y_CODE":34.827495},"geometry":{"type":"Polygon","coordinates":[[[137.3368,34.828163],[137.337647,34.827785],[137.339347,34.826869],[137.339234,34.826787],[137.338892,34.826537],[137.339293,34.826146],[137.338991,34.825978],[137.337112,34.82794],[137.337023,34.827828],[137.336959,34.827694],[137.336989,34.827537],[137.337048,34.827265],[137.33708,34.827013],[137.336984,34.826878],[137.336883,34.826806],[137.336721,34.826798],[137.33642,34.826781],[137.336284,34.82675],[137.336198,34.826868],[137.335298,34.826404],[137.33477,34.827027],[137.334802,34.827053],[137.33464,34.827247],[137.333617,34.826606],[137.332806,34.827499],[137.333251,34.827772],[137.332429,34.82849],[137.332711,34.828658],[137.333488,34.827907],[137.333849,34.828148],[137.334196,34.827725],[137.335167,34.828334],[137.334622,34.829117],[137.335121,34.82891],[137.335533,34.828731],[137.336207,34.828418],[137.3368,34.828163]]]}},{"type":"Feature","id":"232070290","properties":{"KEY_CODE":"232070290","PREF":"23","CITY":"207","S_AREA":"029000","PREF_NAME":"愛知県","CITY_NAME":"豊川市","S_NAME":"国府町","HCODE":8101,"AREA":1195545.125,"KIGO_E":"E1","JINKO":3528,"SETAI":1395,"X_CODE":137.317896,"Y_CODE":34.833666},"geometry":{"type":"Polygon","coordinates":[[[137.322519,34.839554],[137.322595,34.839469],[137.322919,34.8395],[137.323208,34.83953],[137.323751,34.839691],[137.324016,34.839803],[137.324303,34.839953],[137.324689,34.840162],[137.324802,34.84023],[137.324857,34.840278],[137.324958,34.840332],[137.325013,34.840242],[137.32534,34.84015],[137.325708,34.84006],[137.325963,34.840176],[137.326029,34.840091],[137.326216,34.839943],[137.326309,34.839892],[137.327357,34.83862],[137.327066,34.838489],[137.327128,34.838054],[137.32714,34.837845],[137.327089,34.837726],[137.327037,34.837627],[137.326646,34.837473],[137.326778,34.83726],[137.326681,34.837202],[137.326465,34.837116],[137.326157,34.837032],[137.326062,34.837028],[137.325936,34.837087],[137.325779,34.836933],[137.325718,34.836885],[137.325615,34.836836],[137.325192,34.836905],[137.32522,34.836831],[137.324959,34.836711],[137.325005,34.836623],[137.324923,34.836466],[137.324758,34.836396],[137.324936,34.83624],[137.325147,34.836059],[137.325226,34.835965],[137.32548,34.836035],[137.325784,34.836031],[137.325753,34.836124],[137.325876,34.836139],[137.325912,34.836037],[137.326232,34.836015],[137.326233,34.835482],[137.326097,34.835472],[137.326213,34.835005],[137.326038,34.834967],[137.326095,34.834806],[137.326177,34.83483],[137.32646,34.834819],[137.326398,34.834599],[137.326271,34.834536],[137.326333,34.834449],[137.32651,34.834466],[137.32674,34.834124],[137.327033,34.833907],[137.327207,34.833972],[137.327033,34.834233],[137.327993,34.834628],[137.328079,34.834502],[137.328224,34.83438],[137.32841,34.834096],[137.328377,34.834051],[137.328357,34.833995],[137.328354,34.833947],[137.328349,34.833897],[137.328336,34.833829],[137.32832,34.833768],[137.328303,34.8337],[137.328274,34.833619],[137.32832,34.833532],[137.328565,34.833193],[137.328587,34.833162],[137.32882,34.833168],[137.328954,34.833112],[137.32916,34.83309],[137.32925,34.833032],[137.329453,34.83292],[137.3295,34.832853],[137.329559,34.83286],[137.329862,34.832411],[137.330203,34.831943],[137.330387,34.831713],[137.330585,34.831483],[137.330952,34.831117],[137.331643,34.830518],[137.330638,34.829816],[137.328814,34.828577],[137.32741,34.83011],[137.327028,34.830095],[137.326911,34.829859],[137.326806,34.82966],[137.326731,34.829535],[137.326649,34.829395],[137.326585,34.829266],[137.32651,34.829121],[137.326381,34.828909],[137.326261,34.828641],[137.326205,34.828543],[137.32616,34.82845],[137.326067,34.828312],[137.325931,34.82815],[137.32584,34.828077],[137.325294,34.82864],[137.325142,34.828574],[137.325086,34.828655],[137.325209,34.828722],[137.325141,34.82881],[137.324473,34.828239],[137.324624,34.828029],[137.32445,34.827946],[137.324296,34.828155],[137.32421,34.828042],[137.32395,34.827891],[137.323995,34.827784],[137.323858,34.827741],[137.323694,34.827879],[137.323599,34.828006],[137.323162,34.82731],[137.322946,34.827404],[137.322906,34.827179],[137.322879,34.827036],[137.322827,34.826999],[137.32284,34.826982],[137.322765,34.826868],[137.322589,34.826941],[137.322495,34.82696],[137.322525,34.827019],[137.322542,34.827145],[137.322362,34.827225],[137.322379,34.82739],[137.322347,34.827391],[137.322019,34.827432],[137.322169,34.82773],[137.321942,34.82781],[137.321928,34.827813],[137.321796,34.828003],[137.321776,34.828032],[137.321637,34.828171],[137.321819,34.828463],[137.322007,34.82882],[137.321902,34.82892],[137.322065,34.829167],[137.321984,34.829237],[137.321885,34.829375],[137.321752,34.829568],[137.321558,34.829822],[137.321488,34.829881],[137.321442,34.82991],[137.321317,34.829982],[137.321154,34.830088],[137.321007,34.830176],[137.320887,34.830251],[137.320771,34.83032],[137.320699,34.830349],[137.320631,34.830348],[137.320504,34.830322],[137.320318,34.830295],[137.320192,34.830268],[137.320062,34.830248],[137.31997,34.830225],[137.319899,34.830212],[137.319814,34.830211],[137.319696,34.83024],[137.319569,34.83029],[137.319442,34.830335],[137.319334,34.830404],[137.319286,34.830437],[137.319183,34.830581],[137.319033,34.830855],[137.31896,34.831088],[137.31894,34.831177],[137.3189,34.831414],[137.318791,34.831673],[137.318737,34.831752],[137.318655,34.831775],[137.318545,34.831797],[137.318409,34.831775],[137.31834,34.831786],[137.318235,34.831888],[137.318112,34.831996],[137.317921,34.832256],[137.317752,34.832481],[137.317506,34.832555],[137.317356,34.832564],[137.317253,34.832577],[137.317147,34.832581],[137.317067,34.832593],[137.316971,34.8326],[137.316876,34.832625],[137.316792,34.832643],[137.316729,34.832656],[137.316644,34.832662],[137.316581,34.832684],[137.316386,34.832737],[137.316378,34.83274],[137.316308,34.832763],[137.316203,34.832882],[137.316129,34.833043],[137.316065,34.833246],[137.316014,34.83328],[137.315781,34.833244],[137.31558,34.833223],[137.31525,34.833228],[137.31498,34.833273],[137.314623,34.833386],[137.314315,34.833516],[137.314192,34.833592],[137.314059,34.833704],[137.313899,34.833955],[137.31366,34.834426],[137.313537,34.83464],[137.313338,34.834917],[137.313099,34.835156],[137.313012,34.835218],[137.312509,34.835427],[137.312242,34.835634],[137.312165,34.835696],[137.311982,34.835865],[137.312679,34.836157],[137.312903,34.836265],[137.313122,34.836371],[137.313302,34.836462],[137.313465,34.83655],[137.313627,34.836622],[137.313833,34.836686],[137.314199,34.836793],[137.314551,34.836947],[137.314813,34.837042],[137.315004,34.837151],[137.315253,34.83721],[137.315463,34.837222],[137.315694,34.837207],[137.315899,34.837209],[137.316025,34.837207],[137.31643,34.837709],[137.316656,34.837935],[137.3168,34.837977],[137.317422,34.83803],[137.318119,34.837928],[137.318761,34.837916],[137.319683,34.837931],[137.319675,34.83788],[137.320552,34.838252],[137.320717,34.838387],[137.320787,34.838677],[137.320863,34.839079],[137.32084,34.839199],[137.320808,34.839324],[137.320878,34.839459],[137.320938,34.839618],[137.320991,34.839742],[137.320993,34.83975],[137.320999,34.83976],[137.32101,34.839779],[137.321047,34.83984],[137.321417,34.840234],[137.321577,34.840383],[137.321664,34.840437],[137.321854,34.840233],[137.322428,34.839659],[137.322519,34.839554]],[[137.321827,34.833412],[137.322552,34.832725],[137.322732,34.832632],[137.322821,34.832593],[137.322884,34.832567],[137.323032,34.832535],[137.323251,34.83251],[137.323419,34.832499],[137.323566,34.832502],[137.323815,34.832564],[137.324117,34.832695],[137.32455,34.83272],[137.324523,34.833141],[137.324487,34.833757],[137.324408,34.833937],[137.324178,34.83447],[137.323057,34.83424],[137.322817,34.83467],[137.322807,34.834843],[137.322699,34.835113],[137.322424,34.835012],[137.32121,34.834556],[137.321827,34.833412]]]}},{"type":"Feature","id":"23207030001","properties":{"KEY_CODE":"23207030001","PREF":"23","CITY":"207","S_AREA":"030001","PREF_NAME":"愛知県","CITY_NAME":"豊川市","S_NAME":"光明町一丁目","HCODE":8101,"AREA":57060.179,"KIGO_E":"","JINKO":166,"SETAI":69,"X_CODE":137.373316,"Y_CODE":34.8155},"geometry":{"type":"Polygon","coordinates":[[[137.373394,34.817801],[137.373348,34.817753],[137.373413,34.817754],[137.373473,34.817652],[137.373495,34.817608],[137.373598,34.81764],[137.374051,34.816739],[137.374105,34.816755],[137.374222,34.816515],[137.374153,34.816487],[137.374415,34.815975],[137.374468,34.815989],[137.374947,34.815115],[137.374893,34.815093],[137.375025,34.814815],[137.374912,34.81478],[137.374885,34.814829],[137.374797,34.814792],[137.373286,34.814276],[137.372975,34.814184],[137.372924,34.814311],[137.372797,34.814276],[137.372812,34.814241],[137.372462,34.814142],[137.372106,34.814653],[137.371627,34.815221],[137.371331,34.815505],[137.372271,34.815846],[137.373905,34.816462],[137.373587,34.817048],[137.372803,34.818494],[137.373013,34.818568],[137.37334,34.817992],[137.373283,34.817975],[137.373394,34.817801]]]}},{"type":"Feature","id":"23207030002","properties":{"KEY_CODE":"23207030002","PREF":"23","CITY":"207","S_AREA":"030002","PREF_NAME":"愛知県","CITY_NAME":"豊川市","S_NAME":"光明町二丁目","HCODE":8101,"AREA":65106.504,"KIGO_E":"","JINKO":345,"SETAI":130,"X_CODE":137.372019,"Y_CODE":34.816873},"geometry":{"type":"Polygon","coordinates":[[[137.372271,34.815846],[137.371331,34.815505],[137.37103,34.815706],[137.370534,34.815943],[137.369976,34.816225],[137.37076,34.81715],[137.370919,34.817329],[137.371128,34.817571],[137.371342,34.817757],[137.371817,34.818099],[137.372803,34.818494],[137.373587,34.817048],[137.373905,34.816462],[137.372271,34.815846]]]}},{"type":"Feature","id":"232070310","properties":{"KEY_CODE":"232070310","PREF":"23","CITY":"207","S_AREA":"031000","PREF_NAME":"愛知県","CITY_NAME":"豊川市","S_NAME":"小桜町","HCODE":8101,"AREA":73206.84,"KIGO_E":"","JINKO":374,"SETAI":156,"X_CODE":137.391398,"Y_CODE":34.831501},"geometry":{"type":"Polygon","coordinates":[[[137.394505,34.832065],[137.394485,34.831861],[137.394065,34.8319],[137.394022,34.831686],[137.393898,34.831597],[137.39384,34.83164],[137.393425,34.831693],[137.393241,34.831256],[137.393006,34.831074],[137.392927,34.831012],[137.392781,34.830921],[137.39272,34.830868],[137.392734,34.830854],[137.392568,34.830736],[137.392617,34.830687],[137.392544,34.830641],[137.392601,34.830571],[137.392492,34.830502],[137.392052,34.830919],[137.39101,34.830275],[137.391291,34.830009],[137.39111,34.829876],[137.391514,34.829493],[137.391335,34.82937],[137.391081,34.829624],[137.390962,34.829536],[137.390814,34.829677],[137.390914,34.82974],[137.39067,34.830015],[137.390613,34.829977],[137.390466,34.830146],[137.390606,34.83022],[137.39054,34.830304],[137.390434,34.830239],[137.390363,34.83031],[137.390644,34.830476],[137.390371,34.830778],[137.390176,34.831007],[137.389814,34.831403],[137.389518,34.831226],[137.38926,34.831514],[137.389471,34.831641],[137.389126,34.83199],[137.389057,34.831952],[137.38891,34.832121],[137.389407,34.832407],[137.389428,34.832567],[137.391216,34.832396],[137.392747,34.832245],[137.394505,34.832065]]]}},{"type":"Feature","id":"232070320","properties":{"KEY_CODE":"232070320","PREF":"23","CITY":"207","S_AREA":"032001","PREF_NAME":"愛知県","CITY_NAME":"豊川市","S_NAME":"寿通","HCODE":8101,"AREA":54686.212,"KIGO_E":"","JINKO":344,"SETAI":123,"X_CODE":137.372927,"Y_CODE":34.810467},"geometry":{"type":"Polygon","coordinates":[[[137.376433,34.812249],[137.376467,34.812166],[137.37655,34.812196],[137.376665,34.812006],[137.376728,34.812027],[137.376808,34.811865],[137.376789,34.811783],[137.376677,34.811738],[137.376703,34.811693],[137.376497,34.811615],[137.376467,34.811665],[137.376209,34.811564],[137.376245,34.811494],[137.374826,34.810962],[137.374107,34.810665],[137.374197,34.81053],[137.373899,34.810408],[137.372504,34.80984],[137.372401,34.810007],[137.372038,34.809864],[137.372246,34.809507],[137.37195,34.809387],[137.371923,34.809432],[137.371763,34.809365],[137.371712,34.809463],[137.371498,34.809385],[137.371177,34.809268],[137.370892,34.809158],[137.370814,34.809312],[137.370313,34.809109],[137.370256,34.809224],[137.369963,34.809113],[137.370029,34.809005],[137.369969,34.808976],[137.369502,34.808775],[137.369516,34.808873],[137.369381,34.808847],[137.369366,34.809051],[137.369192,34.809067],[137.369152,34.809347],[137.369314,34.809405],[137.369336,34.809366],[137.369548,34.809425],[137.369596,34.809353],[137.369654,34.809261],[137.370089,34.809436],[137.370142,34.809457],[137.370098,34.809539],[137.370054,34.809609],[137.370429,34.809765],[137.370332,34.809941],[137.371793,34.810515],[137.37187,34.810354],[137.372132,34.810456],[137.372113,34.810486],[137.372146,34.810492],[137.372346,34.810563],[137.372401,34.810584],[137.372354,34.810676],[137.372888,34.810868],[137.372925,34.810808],[137.373039,34.810866],[137.373075,34.810816],[137.373844,34.811113],[137.374527,34.81141],[137.374693,34.811487],[137.374636,34.811572],[137.37484,34.811679],[137.375146,34.811829],[137.375839,34.812102],[137.375954,34.811915],[137.376253,34.812021],[137.376183,34.812156],[137.376383,34.812234],[137.376433,34.812249]]]}},{"type":"Feature","id":"232070330","properties":{"KEY_CODE":"232070330","PREF":"23","CITY":"207","S_AREA":"033000","PREF_NAME":"愛知県","CITY_NAME":"豊川市","S_NAME":"御油町","HCODE":8101,"AREA":3516251.217,"KIGO_E":"","JINKO":8871,"SETAI":3537,"X_CODE":137.31505,"Y_CODE":34.845718},"geometry":{"type":"Polygon","coordinates":[[[137.323646,34.856745],[137.323892,34.856702],[137.323957,34.85671],[137.324011,34.856732],[137.324462,34.856559],[137.324933,34.856307],[137.32509,34.856215],[137.325248,34.856137],[137.325502,34.855913],[137.325502,34.855839],[137.32546,34.85553],[137.325456,34.855457],[137.325467,34.855371],[137.325582,34.855244],[137.325695,34.855142],[137.325786,34.85507],[137.325945,34.854934],[137.326383,34.854756],[137.326715,34.854572],[137.32696,34.854454],[137.327157,34.854281],[137.327188,34.854186],[137.327212,34.854122],[137.327202,34.854057],[137.327183,34.853985],[137.327153,34.853897],[137.32708,34.853812],[137.326964,34.853742],[137.326802,34.8537],[137.326736,34.853677],[137.326485,34.853609],[137.326396,34.853572],[137.326296,34.853497],[137.326183,34.853212],[137.326126,34.85314],[137.326092,34.853076],[137.326044,34.853032],[137.325985,34.852966],[137.325885,34.852898],[137.326063,34.852712],[137.326131,34.85262],[137.326171,34.852545],[137.326219,34.852463],[137.326262,34.852351],[137.326339,34.852179],[137.326388,34.851989],[137.326316,34.85157],[137.326237,34.851192],[137.32622,34.850984],[137.326225,34.850867],[137.326216,34.850625],[137.326208,34.850455],[137.326208,34.850335],[137.326216,34.850195],[137.326246,34.850051],[137.326276,34.849912],[137.326321,34.849804],[137.326379,34.849714],[137.326477,34.849618],[137.326576,34.849532],[137.326661,34.849451],[137.326736,34.849377],[137.326814,34.849315],[137.326848,34.849285],[137.326946,34.849229],[137.327332,34.849132],[137.327434,34.849091],[137.327474,34.849057],[137.327483,34.848947],[137.327517,34.848883],[137.327742,34.848674],[137.327876,34.848557],[137.327993,34.848486],[137.328106,34.848332],[137.328308,34.848186],[137.328449,34.848067],[137.328567,34.848],[137.328416,34.847719],[137.328252,34.847753],[137.327938,34.847843],[137.327405,34.848024],[137.327282,34.848024],[137.327186,34.847979],[137.326967,34.847822],[137.326584,34.847693],[137.326209,34.847566],[137.326089,34.847542],[137.325871,34.847548],[137.325839,34.847385],[137.325727,34.846832],[137.325464,34.846715],[137.32527,34.846618],[137.325119,34.846529],[137.324955,34.846326],[137.324889,34.846359],[137.324764,34.846422],[137.324636,34.846486],[137.324362,34.846292],[137.324196,34.846432],[137.324086,34.846326],[137.323979,34.846233],[137.324056,34.846153],[137.323966,34.846087],[137.323888,34.846158],[137.323806,34.846102],[137.323943,34.845978],[137.323984,34.846012],[137.324216,34.845775],[137.324461,34.845538],[137.32435,34.845457],[137.324484,34.845318],[137.324365,34.845234],[137.324461,34.845132],[137.324337,34.845031],[137.324542,34.844794],[137.324606,34.844619],[137.324758,34.844409],[137.324884,34.844229],[137.324998,34.84414],[137.325312,34.843749],[137.325218,34.84374],[137.325236,34.843713],[137.325248,34.843693],[137.325263,34.843667],[137.325265,34.843651],[137.325263,34.843629],[137.325252,34.843608],[137.325236,34.843589],[137.325224,34.843572],[137.325209,34.843553],[137.325191,34.843533],[137.325178,34.843516],[137.325159,34.843496],[137.325161,34.843491],[137.325162,34.843472],[137.325168,34.843451],[137.325177,34.843428],[137.325189,34.843403],[137.325198,34.843377],[137.325209,34.843353],[137.325219,34.843336],[137.325239,34.843315],[137.325334,34.843247],[137.325335,34.843246],[137.325548,34.843074],[137.32583,34.8428],[137.325941,34.842683],[137.32608,34.842518],[137.32613,34.842444],[137.326147,34.842396],[137.326192,34.842123],[137.326218,34.841956],[137.326286,34.841829],[137.326405,34.841682],[137.326544,34.841581],[137.326617,34.841504],[137.326705,34.841279],[137.326775,34.841039],[137.326833,34.840845],[137.326878,34.840583],[137.326734,34.840498],[137.326542,34.840334],[137.326442,34.840252],[137.326092,34.840121],[137.326029,34.840091],[137.325963,34.840176],[137.325708,34.84006],[137.32534,34.84015],[137.325013,34.840242],[137.324958,34.840332],[137.324857,34.840278],[137.324802,34.84023],[137.324689,34.840162],[137.324303,34.839953],[137.324016,34.839803],[137.323751,34.839691],[137.323208,34.83953],[137.322919,34.8395],[137.322595,34.839469],[137.322519,34.839554],[137.322428,34.839659],[137.321854,34.840233],[137.321664,34.840437],[137.321577,34.840383],[137.321417,34.840234],[137.321047,34.83984],[137.32101,34.839779],[137.320999,34.83976],[137.320993,34.83975],[137.320991,34.839742],[137.320938,34.839618],[137.320878,34.839459],[137.320808,34.839324],[137.32084,34.839199],[137.320863,34.839079],[137.320787,34.838677],[137.320717,34.838387],[137.320552,34.838252],[137.319675,34.83788],[137.319683,34.837931],[137.318761,34.837916],[137.318119,34.837928],[137.317422,34.83803],[137.3168,34.837977],[137.316656,34.837935],[137.31643,34.837709],[137.316025,34.837207],[137.315899,34.837209],[137.315694,34.837207],[137.315463,34.837222],[137.315253,34.83721],[137.315004,34.837151],[137.314813,34.837042],[137.314551,34.836947],[137.314199,34.836793],[137.313833,34.836686],[137.313627,34.836622],[137.313465,34.83655],[137.313302,34.836462],[137.313122,34.836371],[137.312903,34.836265],[137.312679,34.836157],[137.311982,34.835865],[137.311758,34.836073],[137.311681,34.836167],[137.311546,34.836385],[137.311492,34.836449],[137.311417,34.836503],[137.311353,34.836549],[137.311263,34.836591],[137.31117,34.836609],[137.310947,34.836636],[137.310874,34.836663],[137.310628,34.836793],[137.310574,34.836813],[137.310403,34.836864],[137.31018,34.836914],[137.309602,34.837084],[137.30951,34.837112],[137.3093,34.837204],[137.309039,34.837329],[137.308905,34.837393],[137.308761,34.837468],[137.308713,34.837483],[137.308657,34.837488],[137.308423,34.837493],[137.308337,34.837498],[137.3081,34.837494],[137.308042,34.837478],[137.307911,34.837422],[137.307717,34.837333],[137.307659,34.837309],[137.307591,34.837279],[137.307502,34.837251],[137.307328,34.837203],[137.307286,34.837198],[137.307255,34.83723],[137.307152,34.837365],[137.307095,34.837506],[137.307072,34.837612],[137.30702,34.837726],[137.306913,34.837846],[137.306742,34.83802],[137.306549,34.83825],[137.306421,34.838418],[137.306357,34.838492],[137.306325,34.83852],[137.306292,34.838536],[137.306155,34.838572],[137.305992,34.838612],[137.305862,34.83864],[137.305745,34.838676],[137.305677,34.83871],[137.305617,34.838757],[137.3056,34.838775],[137.305568,34.83881],[137.3055,34.838916],[137.305414,34.839055],[137.30538,34.839101],[137.305319,34.839145],[137.305011,34.839315],[137.304917,34.839391],[137.304884,34.83944],[137.304714,34.839789],[137.304475,34.840038],[137.304336,34.840173],[137.30422,34.840291],[137.304154,34.840342],[137.304043,34.8404],[137.303916,34.84047],[137.303766,34.840517],[137.303546,34.840516],[137.303363,34.840513],[137.303306,34.840533],[137.30317,34.840618],[137.30305,34.840671],[137.302992,34.840695],[137.302857,34.840742],[137.302803,34.840771],[137.302778,34.8408],[137.302759,34.840866],[137.302706,34.841114],[137.302665,34.841358],[137.302674,34.84156],[137.302666,34.841686],[137.302616,34.841894],[137.30258,34.842025],[137.302569,34.842121],[137.302573,34.842264],[137.302629,34.842446],[137.302697,34.842565],[137.302795,34.842698],[137.302615,34.843013],[137.302582,34.843079],[137.302504,34.843205],[137.302371,34.843369],[137.302274,34.843492],[137.30222,34.843586],[137.302188,34.843675],[137.302188,34.843871],[137.302183,34.8441],[137.302181,34.844315],[137.302179,34.844402],[137.302162,34.844481],[137.302119,34.84456],[137.302024,34.844638],[137.301708,34.844869],[137.301253,34.845192],[137.301045,34.845367],[137.300844,34.84557],[137.300673,34.845808],[137.30057,34.846025],[137.300505,34.846171],[137.300403,34.846258],[137.300298,34.846349],[137.300553,34.846336],[137.300621,34.846343],[137.300723,34.846373],[137.300824,34.846439],[137.300884,34.846539],[137.300914,34.846765],[137.300968,34.846989],[137.301154,34.847226],[137.301442,34.847341],[137.30171,34.847628],[137.301867,34.84781],[137.302057,34.848066],[137.302172,34.848278],[137.302214,34.848313],[137.302428,34.848382],[137.30256,34.848435],[137.302756,34.848552],[137.302852,34.848708],[137.302914,34.848831],[137.302983,34.848999],[137.303055,34.849158],[137.303149,34.849268],[137.303243,34.849317],[137.303433,34.849412],[137.303661,34.849524],[137.303841,34.849601],[137.30408,34.849705],[137.304122,34.849724],[137.304156,34.849733],[137.304201,34.849744],[137.304303,34.849765],[137.304458,34.849795],[137.304768,34.849827],[137.30504,34.849821],[137.305431,34.849775],[137.305737,34.849722],[137.305972,34.849694],[137.306108,34.84968],[137.306228,34.849682],[137.306317,34.849698],[137.30662,34.849837],[137.306816,34.849936],[137.307081,34.850057],[137.307271,34.850187],[137.307486,34.850417],[137.307712,34.850512],[137.307926,34.850602],[137.308018,34.850593],[137.30815,34.850568],[137.308257,34.850552],[137.30839,34.850556],[137.308497,34.850562],[137.308634,34.85057],[137.308777,34.850682],[137.308967,34.85081],[137.308992,34.850847],[137.308969,34.850978],[137.309435,34.851319],[137.309455,34.851352],[137.309494,34.851513],[137.309526,34.851595],[137.309531,34.851635],[137.30941,34.851861],[137.309369,34.851936],[137.30937,34.851999],[137.309385,34.852109],[137.309402,34.852224],[137.309412,34.852299],[137.309481,34.852336],[137.309598,34.852392],[137.309742,34.85246],[137.309856,34.852515],[137.309953,34.852554],[137.310092,34.852608],[137.310145,34.852628],[137.310153,34.852631],[137.310334,34.852606],[137.310464,34.852525],[137.310491,34.852505],[137.310507,34.852494],[137.310557,34.852463],[137.310636,34.852409],[137.31069,34.852376],[137.310776,34.85232],[137.310863,34.852271],[137.310992,34.852229],[137.311123,34.852236],[137.311366,34.852307],[137.311442,34.852305],[137.3115,34.85229],[137.311848,34.852119],[137.312473,34.851888],[137.312637,34.851778],[137.312841,34.851631],[137.312921,34.851583],[137.313027,34.851552],[137.313281,34.851536],[137.313302,34.851511],[137.313365,34.851402],[137.313407,34.851372],[137.313439,34.851368],[137.313491,34.851386],[137.313572,34.851417],[137.313611,34.851432],[137.313717,34.851495],[137.313808,34.85155],[137.314135,34.851707],[137.314281,34.851725],[137.314395,34.851923],[137.314401,34.851933],[137.314444,34.851961],[137.314636,34.852026],[137.31483,34.852118],[137.315108,34.852174],[137.315297,34.852203],[137.315413,34.852247],[137.315472,34.852307],[137.315521,34.852398],[137.31558,34.852627],[137.315527,34.852759],[137.315501,34.852936],[137.315507,34.853046],[137.315537,34.853186],[137.315633,34.853305],[137.315758,34.853489],[137.315801,34.853529],[137.315834,34.853559],[137.315863,34.853576],[137.315916,34.853607],[137.316062,34.853708],[137.316183,34.85379],[137.316289,34.853848],[137.316431,34.853929],[137.316496,34.85398],[137.316508,34.85399],[137.316582,34.854048],[137.316647,34.854124],[137.316713,34.854227],[137.316805,34.854351],[137.316862,34.854439],[137.316867,34.854449],[137.316904,34.854526],[137.316972,34.854659],[137.317027,34.854786],[137.317089,34.854906],[137.317165,34.854983],[137.317257,34.85505],[137.317417,34.855149],[137.3176,34.855253],[137.317692,34.855312],[137.317741,34.855365],[137.31783,34.855482],[137.31784,34.855485],[137.317897,34.855503],[137.318158,34.85549],[137.318405,34.855278],[137.31843,34.855231],[137.318428,34.855185],[137.31815,34.854821],[137.318068,34.854658],[137.318038,34.854561],[137.318041,34.854487],[137.318084,34.854437],[137.318158,34.854419],[137.318237,34.854421],[137.318348,34.854427],[137.318496,34.854433],[137.318671,34.854449],[137.31873,34.854455],[137.318802,34.854464],[137.319064,34.854497],[137.319305,34.854547],[137.319546,34.854634],[137.319788,34.854739],[137.319963,34.854791],[137.319992,34.854785],[137.320002,34.854788],[137.320069,34.85479],[137.320117,34.854767],[137.320154,34.854711],[137.320213,34.854661],[137.320386,34.854579],[137.320408,34.854568],[137.320725,34.854393],[137.320755,34.854384],[137.320817,34.854363],[137.320892,34.854321],[137.320942,34.854278],[137.321179,34.854223],[137.321278,34.854203],[137.321335,34.8542],[137.321418,34.854197],[137.321498,34.854194],[137.3216,34.854201],[137.321718,34.854192],[137.321758,34.854354],[137.32184,34.854631],[137.32192,34.854921],[137.321973,34.855132],[137.322002,34.85524],[137.322027,34.855334],[137.322296,34.855405],[137.32245,34.855451],[137.322622,34.855506],[137.322781,34.855585],[137.322856,34.855655],[137.323004,34.855808],[137.323123,34.855958],[137.323219,34.856103],[137.323271,34.856225],[137.323384,34.856609],[137.32352,34.856729],[137.323559,34.856743],[137.323597,34.856744],[137.323646,34.856745]]]}},{"type":"Feature","id":"232070340","properties":{"KEY_CODE":"232070340","PREF":"23","CITY":"207","S_AREA":"034000","PREF_NAME":"愛知県","CITY_NAME":"豊川市","S_NAME":"幸町","HCODE":8101,"AREA":84358.086,"KIGO_E":"","JINKO":250,"SETAI":101,"X_CODE":137.389814,"Y_CODE":34.823765},"geometry":{"type":"Polygon","coordinates":[[[137.389035,34.82478],[137.389807,34.824181],[137.389937,34.824286],[137.390014,34.824356],[137.39015,34.82424],[137.390068,34.824172],[137.390329,34.823957],[137.39022,34.823876],[137.390688,34.823824],[137.390796,34.823939],[137.390816,34.82392],[137.391131,34.824211],[137.391297,34.823656],[137.391633,34.823718],[137.392166,34.823802],[137.39284,34.82381],[137.393538,34.823804],[137.393892,34.823797],[137.39389,34.823662],[137.393659,34.823655],[137.393655,34.82355],[137.39343,34.823546],[137.393435,34.82344],[137.393209,34.823449],[137.393209,34.822717],[137.392819,34.822876],[137.392813,34.823166],[137.391915,34.823161],[137.39204,34.822737],[137.39163,34.822653],[137.391639,34.8225],[137.391256,34.822474],[137.39111,34.822674],[137.391025,34.822575],[137.390308,34.822989],[137.390151,34.822819],[137.390004,34.822611],[137.389722,34.822713],[137.389553,34.822764],[137.389593,34.82286],[137.389212,34.823048],[137.389022,34.823136],[137.388945,34.822987],[137.388646,34.823053],[137.388675,34.823108],[137.388555,34.823219],[137.38823,34.823168],[137.388179,34.823393],[137.387826,34.823341],[137.387759,34.823804],[137.387253,34.823859],[137.387253,34.823996],[137.387082,34.824028],[137.3871,34.824176],[137.386852,34.824303],[137.387144,34.824772],[137.387561,34.825447],[137.388117,34.825217],[137.389047,34.824806],[137.389035,34.82478]]]}},{"type":"Feature","id":"232070350","properties":{"KEY_CODE":"232070350","PREF":"23","CITY":"207","S_AREA":"035000","PREF_NAME":"愛知県","CITY_NAME":"豊川市","S_NAME":"財賀町","HCODE":8101,"AREA":2726757.727,"KIGO_E":"","JINKO":111,"SETAI":38,"X_CODE":137.357751,"Y_CODE":34.866356},"geometry":{"type":"Polygon","coordinates":[[[137.362929,34.873358],[137.36402,34.872974],[137.363926,34.872583],[137.363928,34.872319],[137.363924,34.872156],[137.363971,34.872127],[137.36423,34.872026],[137.364359,34.871924],[137.364402,34.871843],[137.364465,34.871443],[137.364512,34.871201],[137.364615,34.870963],[137.364723,34.870828],[137.364729,34.870817],[137.364891,34.870721],[137.365023,34.870684],[137.36533,34.870588],[137.365474,34.87049],[137.365528,34.870423],[137.365577,34.870316],[137.36568,34.870137],[137.365747,34.869981],[137.365844,34.869813],[137.36597,34.86967],[137.366046,34.869555],[137.366139,34.86936],[137.365941,34.869099],[137.365935,34.868495],[137.365896,34.868349],[137.365725,34.868206],[137.365526,34.868072],[137.365358,34.867915],[137.365226,34.867749],[137.365088,34.867586],[137.364992,34.867441],[137.364957,34.867238],[137.36502,34.867058],[137.365058,34.866952],[137.365078,34.866886],[137.365059,34.866804],[137.365045,34.86664],[137.365011,34.866434],[137.365125,34.86623],[137.365127,34.866131],[137.365089,34.866077],[137.364512,34.865702],[137.364492,34.865674],[137.364416,34.865476],[137.364366,34.865314],[137.364369,34.865159],[137.364408,34.865005],[137.36447,34.864863],[137.364594,34.864596],[137.364648,34.864337],[137.364674,34.864205],[137.364724,34.864066],[137.364825,34.863949],[137.364913,34.863885],[137.365018,34.863836],[137.365331,34.863672],[137.365579,34.863592],[137.365708,34.863527],[137.365773,34.863449],[137.365773,34.863368],[137.365767,34.863211],[137.365749,34.862949],[137.365691,34.862763],[137.365696,34.862561],[137.365704,34.862429],[137.365644,34.862282],[137.365537,34.862168],[137.365424,34.862083],[137.365369,34.862046],[137.365136,34.861916],[137.365004,34.861842],[137.364762,34.861762],[137.363911,34.861481],[137.363861,34.861444],[137.36387,34.861385],[137.363908,34.861328],[137.364066,34.86099],[137.36408,34.860952],[137.364174,34.860777],[137.364206,34.860717],[137.36431,34.860525],[137.364377,34.860438],[137.364498,34.860161],[137.36453,34.860032],[137.364535,34.859861],[137.36451,34.859732],[137.364269,34.859217],[137.364052,34.858954],[137.363835,34.858644],[137.36367,34.858352],[137.363544,34.858153],[137.363334,34.858025],[137.36312,34.857895],[137.362957,34.857672],[137.362806,34.857433],[137.362668,34.857227],[137.362441,34.857075],[137.362246,34.856951],[137.362057,34.856877],[137.361856,34.856866],[137.361559,34.856864],[137.361393,34.856864],[137.3612,34.856874],[137.36095,34.856951],[137.360817,34.856976],[137.360571,34.856751],[137.36024,34.856508],[137.359919,34.856286],[137.359707,34.856219],[137.359537,34.856168],[137.359421,34.855969],[137.359371,34.855799],[137.359212,34.855524],[137.359066,34.855368],[137.359014,34.855305],[137.358798,34.855243],[137.358105,34.855333],[137.358053,34.85534],[137.357979,34.855337],[137.357876,34.855282],[137.357499,34.854814],[137.357347,34.854747],[137.357294,34.854753],[137.357231,34.854771],[137.356791,34.855034],[137.356611,34.855071],[137.356248,34.855066],[137.355621,34.85515],[137.355358,34.855152],[137.355146,34.855133],[137.35492,34.855073],[137.354635,34.855058],[137.354513,34.855078],[137.354191,34.855199],[137.353986,34.855281],[137.353758,34.855417],[137.35341,34.855666],[137.353244,34.855758],[137.352942,34.855898],[137.352727,34.855924],[137.352678,34.855963],[137.352627,34.856014],[137.352613,34.856102],[137.352682,34.856275],[137.352724,34.856379],[137.35287,34.856516],[137.353289,34.856518],[137.35337,34.85716],[137.352618,34.85724],[137.352454,34.857128],[137.352262,34.856993],[137.352111,34.856858],[137.351948,34.856591],[137.351118,34.856846],[137.35111,34.857027],[137.351143,34.857233],[137.351176,34.857498],[137.351312,34.857707],[137.351434,34.857919],[137.351714,34.85823],[137.351744,34.858408],[137.351538,34.85884],[137.351516,34.85896],[137.351585,34.859199],[137.351792,34.859455],[137.351886,34.859577],[137.351907,34.859691],[137.351917,34.859843],[137.351928,34.860055],[137.351923,34.860224],[137.351872,34.86041],[137.351779,34.860669],[137.351674,34.860795],[137.351385,34.86098],[137.351555,34.861198],[137.351923,34.861708],[137.35209,34.861829],[137.352364,34.861907],[137.35247,34.861955],[137.352669,34.862238],[137.352766,34.862497],[137.352671,34.862769],[137.352592,34.862969],[137.352661,34.863182],[137.352694,34.863353],[137.352645,34.863569],[137.352565,34.863737],[137.352301,34.864073],[137.352262,34.864181],[137.352358,34.864404],[137.352545,34.864669],[137.352563,34.864807],[137.352599,34.865388],[137.352558,34.865478],[137.352375,34.865601],[137.352051,34.865806],[137.351923,34.865912],[137.351725,34.866083],[137.351604,34.866246],[137.351501,34.866466],[137.351377,34.866733],[137.351201,34.866911],[137.350982,34.867077],[137.350683,34.867313],[137.350404,34.867542],[137.350049,34.86783],[137.349795,34.868039],[137.34972,34.868117],[137.349169,34.868554],[137.349077,34.868735],[137.349019,34.868899],[137.349042,34.869256],[137.349064,34.869432],[137.349116,34.869771],[137.349104,34.870008],[137.349099,34.870108],[137.349037,34.870325],[137.348769,34.870698],[137.349046,34.870852],[137.348975,34.871052],[137.348934,34.871171],[137.348895,34.871272],[137.348875,34.871401],[137.348919,34.871517],[137.349045,34.871666],[137.349282,34.8719],[137.349526,34.872179],[137.34968,34.872373],[137.349738,34.872594],[137.349779,34.872994],[137.349918,34.873019],[137.350048,34.873164],[137.350318,34.873434],[137.350453,34.873483],[137.351127,34.873424],[137.351642,34.873371],[137.352443,34.873359],[137.352545,34.873377],[137.352696,34.873446],[137.352937,34.873663],[137.353119,34.873905],[137.353269,34.874143],[137.35341,34.874493],[137.353472,34.874644],[137.353644,34.875063],[137.354203,34.87578],[137.354309,34.87589],[137.354444,34.875992],[137.354722,34.876305],[137.35495,34.876509],[137.355233,34.87664],[137.356954,34.877325],[137.357447,34.877674],[137.358172,34.878218],[137.358456,34.878475],[137.358897,34.87909],[137.360042,34.878365],[137.360499,34.876783],[137.360657,34.876752],[137.360792,34.876696],[137.360938,34.876589],[137.361025,34.876494],[137.361133,34.876324],[137.361162,34.876233],[137.361194,34.876123],[137.361264,34.875866],[137.36129,34.875617],[137.36142,34.875317],[137.361679,34.874907],[137.361922,34.874593],[137.362027,34.874273],[137.362044,34.874008],[137.362242,34.873721],[137.362335,34.873607],[137.362379,34.873556],[137.362827,34.873398],[137.362929,34.873358]]]}},{"type":"Feature","id":"232070360","properties":{"KEY_CODE":"232070360","PREF":"23","CITY":"207","S_AREA":"036000","PREF_NAME":"愛知県","CITY_NAME":"豊川市","S_NAME":"堺町","HCODE":8101,"AREA":110263.032,"KIGO_E":"","JINKO":357,"SETAI":119,"X_CODE":137.362557,"Y_CODE":34.815742},"geometry":{"type":"Polygon","coordinates":[[[137.363942,34.816933],[137.364195,34.815505],[137.364371,34.814427],[137.36448,34.813762],[137.363955,34.813828],[137.36399,34.813981],[137.362474,34.81419],[137.362222,34.814216],[137.362214,34.814154],[137.362056,34.814178],[137.362053,34.814245],[137.361345,34.814345],[137.361237,34.814478],[137.361213,34.814522],[137.361176,34.814589],[137.361088,34.814695],[137.360997,34.814773],[137.360902,34.814859],[137.360849,34.814949],[137.360814,34.815045],[137.360837,34.815126],[137.360889,34.815193],[137.360968,34.815248],[137.361154,34.815333],[137.361083,34.815676],[137.361065,34.815708],[137.361039,34.815777],[137.360969,34.815938],[137.360927,34.81597],[137.360885,34.815967],[137.360867,34.815957],[137.360688,34.815843],[137.360607,34.815797],[137.360544,34.815728],[137.360504,34.815586],[137.360474,34.815515],[137.360443,34.815465],[137.359883,34.816179],[137.360473,34.816537],[137.360728,34.816657],[137.361544,34.817045],[137.362048,34.817259],[137.362305,34.817367],[137.362615,34.817483],[137.363038,34.817638],[137.363616,34.8178],[137.363729,34.817575],[137.363866,34.817299],[137.363905,34.817222],[137.363942,34.816933]]]}},{"type":"Feature","id":"232070370","properties":{"KEY_CODE":"232070370","PREF":"23","CITY":"207","S_AREA":"037000","PREF_NAME":"愛知県","CITY_NAME":"豊川市","S_NAME":"桜ケ丘町","HCODE":8101,"AREA":121365.744,"KIGO_E":"","JINKO":325,"SETAI":125,"X_CODE":137.388184,"Y_CODE":34.828898},"geometry":{"type":"Polygon","coordinates":[[[137.389923,34.828564],[137.388327,34.82715],[137.388181,34.826889],[137.388117,34.826832],[137.387849,34.826585],[137.387752,34.826655],[137.387003,34.827257],[137.386078,34.827986],[137.385858,34.827789],[137.385523,34.828051],[137.38572,34.828406],[137.386036,34.828935],[137.386194,34.829205],[137.386363,34.829364],[137.386451,34.829431],[137.386774,34.829686],[137.3873,34.829997],[137.387934,34.830374],[137.388996,34.830989],[137.38922,34.831129],[137.389819,34.830459],[137.390784,34.829355],[137.390573,34.829141],[137.389923,34.828564]]]}},{"type":"Feature","id":"23207038001","properties":{"KEY_CODE":"23207038001","PREF":"23","CITY":"207","S_AREA":"038001","PREF_NAME":"愛知県","CITY_NAME":"豊川市","S_NAME":"桜木通一丁目","HCODE":8101,"AREA":19812.804,"KIGO_E":"","JINKO":135,"SETAI":51,"X_CODE":137.394665,"Y_CODE":34.826544},"geometry":{"type":"Polygon","coordinates":[[[137.395301,34.826285],[137.395067,34.826045],[137.394957,34.826112],[137.394821,34.825977],[137.394799,34.825992],[137.394786,34.825974],[137.394662,34.826056],[137.394597,34.825985],[137.394831,34.825863],[137.394633,34.825392],[137.394092,34.82555],[137.394129,34.825651],[137.39412,34.826073],[137.394074,34.82669],[137.39389,34.826818],[137.394473,34.82744],[137.394704,34.827384],[137.394908,34.827329],[137.395623,34.827147],[137.395531,34.826937],[137.39548,34.826834],[137.395089,34.82642],[137.395212,34.826352],[137.395301,34.826285]]]}},{"type":"Feature","id":"23207038002","properties":{"KEY_CODE":"23207038002","PREF":"23","CITY":"207","S_AREA":"038002","PREF_NAME":"愛知県","CITY_NAME":"豊川市","S_NAME":"桜木通二丁目（三丁目含む）","HCODE":8101,"AREA":37374.208,"KIGO_E":"","JINKO":267,"SETAI":106,"X_CODE":137.393325,"Y_CODE":34.827369},"geometry":{"type":"Polygon","coordinates":[[[137.393228,34.828555],[137.393727,34.827953],[137.394071,34.828061],[137.394386,34.828167],[137.394406,34.828033],[137.394473,34.82744],[137.39389,34.826818],[137.394074,34.82669],[137.39412,34.826073],[137.394129,34.825651],[137.394092,34.82555],[137.393929,34.825623],[137.39372,34.825935],[137.393555,34.826152],[137.393392,34.826305],[137.393126,34.826562],[137.392759,34.826938],[137.392032,34.82782],[137.392195,34.827927],[137.391764,34.828258],[137.391638,34.828409],[137.391821,34.828542],[137.39207,34.828268],[137.392385,34.82833],[137.392599,34.828179],[137.393228,34.828555]]]}},{"type":"Feature","id":"23207038003","properties":{"KEY_CODE":"23207038003","PREF":"23","CITY":"207","S_AREA":"038003","PREF_NAME":"愛知県","CITY_NAME":"豊川市","S_NAME":"桜木通三丁目","HCODE":8101,"AREA":9695.947,"KIGO_E":"","JINKO":84,"SETAI":37,"X_CODE":137.391384,"Y_CODE":34.828532},"geometry":{"type":"Polygon","coordinates":[[[137.390784,34.829355],[137.390975,34.829147],[137.391203,34.829285],[137.391325,34.829154],[137.39151,34.828937],[137.391821,34.828542],[137.391638,34.828409],[137.391764,34.828258],[137.392195,34.827927],[137.392032,34.82782],[137.391898,34.827748],[137.391773,34.827908],[137.391554,34.82777],[137.39126,34.828083],[137.391156,34.828199],[137.391054,34.828318],[137.391217,34.828414],[137.391052,34.828605],[137.39112,34.828647],[137.390912,34.828811],[137.390951,34.828854],[137.390942,34.828858],[137.390573,34.829141],[137.390784,34.829355]]]}},{"type":"Feature","id":"23207038004","properties":{"KEY_CODE":"23207038004","PREF":"23","CITY":"207","S_AREA":"038004","PREF_NAME":"愛知県","CITY_NAME":"豊川市","S_NAME":"桜木通四丁目（五丁目含む）","HCODE":8101,"AREA":26080.622,"KIGO_E":"","JINKO":123,"SETAI":43,"X_CODE":137.38944,"Y_CODE":34.831239},"geometry":{"type":"Polygon","coordinates":[[[137.388345,34.832665],[137.388541,34.832422],[137.388698,34.832511],[137.38871,34.832632],[137.389428,34.832567],[137.389407,34.832407],[137.38891,34.832121],[137.389057,34.831952],[137.389126,34.83199],[137.389471,34.831641],[137.38926,34.831514],[137.389518,34.831226],[137.389814,34.831403],[137.390176,34.831007],[137.390371,34.830778],[137.390644,34.830476],[137.390363,34.83031],[137.390434,34.830239],[137.39054,34.830304],[137.390606,34.83022],[137.390466,34.830146],[137.390613,34.829977],[137.39067,34.830015],[137.390914,34.82974],[137.390814,34.829677],[137.390962,34.829536],[137.391203,34.829285],[137.390975,34.829147],[137.390784,34.829355],[137.389819,34.830459],[137.38922,34.831129],[137.388996,34.830989],[137.388651,34.831377],[137.388596,34.831347],[137.388253,34.831733],[137.388527,34.83188],[137.387805,34.832723],[137.388345,34.832665]]]}},{"type":"Feature","id":"23207038005","properties":{"KEY_CODE":"23207038005","PREF":"23","CITY":"207","S_AREA":"038005","PREF_NAME":"愛知県","CITY_NAME":"豊川市","S_NAME":"桜木通五丁目","HCODE":8101,"AREA":16420.124,"KIGO_E":"","JINKO":46,"SETAI":19,"X_CODE":137.387361,"Y_CODE":34.832957},"geometry":{"type":"Polygon","coordinates":[[[137.388253,34.831733],[137.388148,34.831669],[137.387777,34.832101],[137.387839,34.832167],[137.387349,34.83241],[137.387606,34.832738],[137.387086,34.832815],[137.386663,34.832959],[137.38632,34.833078],[137.386807,34.833931],[137.387029,34.834056],[137.387058,34.834073],[137.387195,34.834056],[137.38705,34.833855],[137.387116,34.833766],[137.387504,34.833739],[137.387432,34.833217],[137.387861,34.833171],[137.387805,34.832723],[137.388527,34.83188],[137.388253,34.831733]]]}},{"type":"Feature","id":"23207038006","properties":{"KEY_CODE":"23207038006","PREF":"23","CITY":"207","S_AREA":"038006","PREF_NAME":"愛知県","CITY_NAME":"豊川市","S_NAME":"桜木通六丁目","HCODE":8101,"AREA":59961.183,"KIGO_E":"","JINKO":128,"SETAI":51,"X_CODE":137.389588,"Y_CODE":34.836034},"geometry":{"type":"Polygon","coordinates":[[[137.394349,34.837778],[137.394558,34.837313],[137.393931,34.837189],[137.392148,34.836635],[137.389973,34.835942],[137.389673,34.835855],[137.389476,34.835765],[137.389155,34.835639],[137.388896,34.835526],[137.388665,34.835401],[137.388433,34.835256],[137.388207,34.835117],[137.388007,34.834993],[137.387847,34.83488],[137.387836,34.834871],[137.387676,34.834739],[137.38749,34.834563],[137.38737,34.834436],[137.38725,34.834315],[137.387146,34.834184],[137.387058,34.834073],[137.387029,34.834056],[137.386966,34.834169],[137.386887,34.834234],[137.386706,34.834497],[137.386866,34.834595],[137.386611,34.834969],[137.386472,34.834891],[137.386112,34.835498],[137.386994,34.835745],[137.388739,34.836235],[137.389052,34.836355],[137.389781,34.836509],[137.389791,34.836511],[137.390189,34.836628],[137.391835,34.837066],[137.393384,34.837478],[137.39367,34.837567],[137.394349,34.837778]]]}},{"type":"Feature","id":"23207039001","properties":{"KEY_CODE":"23207039001","PREF":"23","CITY":"207","S_AREA":"039001","PREF_NAME":"愛知県","CITY_NAME":"豊川市","S_NAME":"桜町一丁目","HCODE":8101,"AREA":35260.391,"KIGO_E":"","JINKO":62,"SETAI":22,"X_CODE":137.349022,"Y_CODE":34.816787},"geometry":{"type":"Polygon","coordinates":[[[137.347514,34.819],[137.348607,34.817792],[137.34965,34.816555],[137.350918,34.815046],[137.351131,34.814793],[137.351075,34.814746],[137.350609,34.814694],[137.350406,34.814681],[137.348607,34.816792],[137.347587,34.817948],[137.347276,34.818233],[137.346992,34.81845],[137.347514,34.819]]]}},{"type":"Feature","id":"23207039002","properties":{"KEY_CODE":"23207039002","PREF":"23","CITY":"207","S_AREA":"039002","PREF_NAME":"愛知県","CITY_NAME":"豊川市","S_NAME":"桜町二丁目","HCODE":8101,"AREA":127890.252,"KIGO_E":"","JINKO":393,"SETAI":146,"X_CODE":137.350188,"Y_CODE":34.81769},"geometry":{"type":"Polygon","coordinates":[[[137.349617,34.820109],[137.35026,34.819201],[137.350867,34.8195],[137.350876,34.819484],[137.351125,34.81912],[137.351397,34.818726],[137.350809,34.818445],[137.351302,34.817665],[137.351854,34.816945],[137.352032,34.816769],[137.352191,34.816476],[137.352496,34.816284],[137.352708,34.816106],[137.352845,34.815954],[137.353153,34.815517],[137.353074,34.815502],[137.352727,34.815464],[137.352119,34.815367],[137.352,34.815348],[137.351326,34.81522],[137.350918,34.815046],[137.34965,34.816555],[137.348607,34.817792],[137.347514,34.819],[137.348115,34.819528],[137.349273,34.820545],[137.349362,34.820461],[137.349617,34.820109]]]}},{"type":"Feature","id":"23207039003","properties":{"KEY_CODE":"23207039003","PREF":"23","CITY":"207","S_AREA":"039003","PREF_NAME":"愛知県","CITY_NAME":"豊川市","S_NAME":"桜町三丁目","HCODE":8101,"AREA":37848.65,"KIGO_E":"","JINKO":271,"SETAI":134,"X_CODE":137.35265,"Y_CODE":34.814611},"geometry":{"type":"Polygon","coordinates":[[[137.353074,34.815502],[137.353475,34.814837],[137.353892,34.814958],[137.354064,34.81466],[137.354165,34.81437],[137.354191,34.81428],[137.354094,34.814248],[137.354215,34.813926],[137.353736,34.813841],[137.353439,34.813798],[137.353105,34.81375],[137.352883,34.813765],[137.352819,34.813815],[137.352782,34.813997],[137.352617,34.814006],[137.352423,34.814028],[137.352232,34.814022],[137.352066,34.813986],[137.35194,34.813993],[137.351883,34.814009],[137.351778,34.81404],[137.351629,34.814132],[137.351075,34.814746],[137.351131,34.814793],[137.350918,34.815046],[137.351326,34.81522],[137.352,34.815348],[137.352119,34.815367],[137.352727,34.815464],[137.353074,34.815502]]]}},{"type":"Feature","id":"232070400","properties":{"KEY_CODE":"232070400","PREF":"23","CITY":"207","S_AREA":"040000","PREF_NAME":"愛知県","CITY_NAME":"豊川市","S_NAME":"佐奈川町","HCODE":8101,"AREA":25680.249,"KIGO_E":"","JINKO":241,"SETAI":116,"X_CODE":137.372951,"Y_CODE":34.821868},"geometry":{"type":"Polygon","coordinates":[[[137.372358,34.822573],[137.373771,34.822025],[137.374704,34.821711],[137.373965,34.821397],[137.373983,34.821359],[137.373356,34.821096],[137.372871,34.820894],[137.372825,34.82088],[137.372583,34.821295],[137.372679,34.821329],[137.372573,34.821524],[137.37249,34.821486],[137.372439,34.821498],[137.37238,34.82147],[137.372079,34.822048],[137.371942,34.822002],[137.371812,34.822245],[137.371853,34.82226],[137.371726,34.82247],[137.371856,34.822514],[137.37148,34.822856],[137.371593,34.822992],[137.37239,34.822688],[137.372358,34.822573]]]}},{"type":"Feature","id":"232070410","properties":{"KEY_CODE":"232070410","PREF":"23","CITY":"207","S_AREA":"041000","PREF_NAME":"愛知県","CITY_NAME":"豊川市","S_NAME":"佐土町","HCODE":8101,"AREA":10999.319,"KIGO_E":"","JINKO":27,"SETAI":18,"X_CODE":137.386332,"Y_CODE":34.834531},"geometry":{"type":"Polygon","coordinates":[[[137.386112,34.835498],[137.386472,34.834891],[137.386611,34.834969],[137.386866,34.834595],[137.386706,34.834497],[137.386887,34.834234],[137.386966,34.834169],[137.387029,34.834056],[137.386807,34.833931],[137.386675,34.834084],[137.386562,34.83396],[137.386458,34.833853],[137.386392,34.833837],[137.385953,34.83386],[137.385928,34.834727],[137.386188,34.834738],[137.385751,34.835393],[137.386112,34.835498]]]}},{"type":"Feature","id":"232070420","properties":{"KEY_CODE":"232070420","PREF":"23","CITY":"207","S_AREA":"042000","PREF_NAME":"愛知県","CITY_NAME":"豊川市","S_NAME":"三蔵子町","HCODE":8101,"AREA":744654.05,"KIGO_E":"","JINKO":3794,"SETAI":1495,"X_CODE":137.386818,"Y_CODE":34.840642},"geometry":{"type":"Polygon","coordinates":[[[137.386881,34.845534],[137.386628,34.84448],[137.388117,34.844268],[137.387994,34.843756],[137.388645,34.843667],[137.388559,34.843313],[137.38917,34.84322],[137.389107,34.842915],[137.38967,34.842821],[137.389677,34.842693],[137.389847,34.842702],[137.38987,34.842449],[137.39039,34.842383],[137.390252,34.841685],[137.390829,34.841585],[137.390819,34.841517],[137.390844,34.841433],[137.390918,34.841313],[137.390876,34.840774],[137.391919,34.8407],[137.391882,34.840181],[137.392063,34.84017],[137.391991,34.839321],[137.392631,34.839286],[137.392558,34.838445],[137.392985,34.838414],[137.393233,34.837833],[137.393384,34.837478],[137.391835,34.837066],[137.390189,34.836628],[137.389791,34.836511],[137.389781,34.836509],[137.389052,34.836355],[137.388739,34.836235],[137.386994,34.835745],[137.386112,34.835498],[137.385751,34.835393],[137.385439,34.835292],[137.385098,34.836081],[137.384818,34.83656],[137.384895,34.837059],[137.384905,34.83715],[137.384785,34.837206],[137.384665,34.837299],[137.38451,34.837441],[137.38418,34.837907],[137.383406,34.839323],[137.383254,34.839575],[137.382984,34.840066],[137.382703,34.840449],[137.382541,34.840988],[137.382297,34.841476],[137.382211,34.841648],[137.382185,34.841787],[137.382134,34.84198],[137.382092,34.842195],[137.382068,34.842445],[137.382056,34.842628],[137.381998,34.842922],[137.381945,34.843212],[137.381909,34.843409],[137.381691,34.844086],[137.381515,34.844742],[137.381403,34.845348],[137.381875,34.845326],[137.382052,34.845825],[137.382625,34.845685],[137.383277,34.845527],[137.3834,34.846068],[137.386881,34.845534]]]}},{"type":"Feature","id":"232070430","properties":{"KEY_CODE":"232070430","PREF":"23","CITY":"207","S_AREA":"043000","PREF_NAME":"愛知県","CITY_NAME":"豊川市","S_NAME":"下長山町","HCODE":8101,"AREA":1083249.8,"KIGO_E":"","JINKO":2115,"SETAI":877,"X_CODE":137.378742,"Y_CODE":34.803789},"geometry":{"type":"Polygon","coordinates":[[[137.381925,34.806471],[137.381317,34.806078],[137.381812,34.805568],[137.381905,34.805623],[137.38216,34.805392],[137.382735,34.804833],[137.382965,34.804601],[137.383473,34.804903],[137.383432,34.804948],[137.383856,34.805229],[137.384313,34.80469],[137.384795,34.804994],[137.385226,34.804542],[137.384727,34.804233],[137.385682,34.803265],[137.38523,34.802984],[137.38529,34.802918],[137.384778,34.802618],[137.384589,34.802827],[137.384023,34.802481],[137.385914,34.800436],[137.385619,34.800386],[137.385457,34.800375],[137.385351,34.800336],[137.385001,34.80008],[137.38483,34.799909],[137.384613,34.79978],[137.384451,34.799708],[137.384027,34.799398],[137.383876,34.799356],[137.383723,34.799321],[137.383231,34.798944],[137.382763,34.798661],[137.382439,34.798429],[137.382355,34.798371],[137.382277,34.798317],[137.382484,34.797916],[137.382038,34.797651],[137.381706,34.797917],[137.380778,34.797364],[137.380742,34.797305],[137.380765,34.797237],[137.381367,34.796541],[137.380743,34.796089],[137.380616,34.796005],[137.380279,34.796371],[137.379325,34.797423],[137.378838,34.797114],[137.378112,34.797902],[137.377846,34.7982],[137.378338,34.798496],[137.377317,34.799602],[137.376805,34.799269],[137.375963,34.80019],[137.376477,34.800501],[137.375904,34.801122],[137.374201,34.803051],[137.374153,34.803076],[137.374089,34.803109],[137.373864,34.803344],[137.373471,34.804137],[137.373273,34.804551],[137.373046,34.804814],[137.372754,34.805177],[137.372642,34.805154],[137.37262,34.805254],[137.372573,34.805475],[137.372324,34.805474],[137.372233,34.805678],[137.372165,34.805685],[137.371842,34.806135],[137.371692,34.806199],[137.371617,34.80632],[137.371492,34.806283],[137.371397,34.806455],[137.37134,34.806559],[137.371438,34.806622],[137.371229,34.80688],[137.37158,34.80708],[137.371813,34.807229],[137.372222,34.807514],[137.372376,34.807661],[137.372751,34.807928],[137.372932,34.808046],[137.373343,34.808377],[137.374005,34.808957],[137.374159,34.809131],[137.374471,34.80943],[137.374734,34.809619],[137.374966,34.809766],[137.375251,34.809911],[137.375352,34.80996],[137.375517,34.810034],[137.375731,34.81011],[137.37592,34.810138],[137.376122,34.810164],[137.376823,34.810447],[137.377246,34.810589],[137.377604,34.810723],[137.377754,34.8108],[137.377861,34.810676],[137.37843,34.810049],[137.378767,34.809688],[137.379176,34.80926],[137.379265,34.809163],[137.379618,34.808787],[137.379546,34.808736],[137.379638,34.808543],[137.379804,34.808254],[137.379967,34.807951],[137.380439,34.807875],[137.380578,34.807788],[137.381136,34.80727],[137.381925,34.806471]]]}},{"type":"Feature","id":"23207044001","properties":{"KEY_CODE":"23207044001","PREF":"23","CITY":"207","S_AREA":"044001","PREF_NAME":"愛知県","CITY_NAME":"豊川市","S_NAME":"下野川町一丁目","HCODE":8101,"AREA":28690.259,"KIGO_E":"","JINKO":162,"SETAI":80,"X_CODE":137.365615,"Y_CODE":34.819863},"geometry":{"type":"Polygon","coordinates":[[[137.367126,34.818953],[137.366136,34.818635],[137.365292,34.819489],[137.364868,34.819935],[137.364168,34.82063],[137.365031,34.821172],[137.3657,34.82047],[137.366127,34.820019],[137.367126,34.818953]]]}},{"type":"Feature","id":"23207044002","properties":{"KEY_CODE":"23207044002","PREF":"23","CITY":"207","S_AREA":"044002","PREF_NAME":"愛知県","CITY_NAME":"豊川市","S_NAME":"下野川町二丁目","HCODE":8101,"AREA":67918.679,"KIGO_E":"","JINKO":372,"SETAI":149,"X_CODE":137.363912,"Y_CODE":34.819011},"geometry":{"type":"Polygon","coordinates":[[[137.363616,34.8178],[137.363038,34.817638],[137.362639,34.817857],[137.362466,34.818087],[137.362265,34.818449],[137.362443,34.818509],[137.362298,34.818838],[137.362223,34.819168],[137.362326,34.819452],[137.364168,34.82063],[137.364868,34.819935],[137.365292,34.819489],[137.366136,34.818635],[137.363616,34.8178]]]}},{"type":"Feature","id":"23207045001","properties":{"KEY_CODE":"23207045001","PREF":"23","CITY":"207","S_AREA":"045001","PREF_NAME":"愛知県","CITY_NAME":"豊川市","S_NAME":"白雲町一丁目","HCODE":8101,"AREA":55917.183,"KIGO_E":"","JINKO":240,"SETAI":100,"X_CODE":137.393945,"Y_CODE":34.836098},"geometry":{"type":"Polygon","coordinates":[[[137.395314,34.836352],[137.395994,34.835435],[137.395468,34.835072],[137.394989,34.835723],[137.393944,34.835009],[137.392762,34.835121],[137.392148,34.836635],[137.393931,34.837189],[137.394558,34.837313],[137.394594,34.837322],[137.395314,34.836352]]]}},{"type":"Feature","id":"23207045002","properties":{"KEY_CODE":"23207045002","PREF":"23","CITY":"207","S_AREA":"045002","PREF_NAME":"愛知県","CITY_NAME":"豊川市","S_NAME":"白雲町二丁目","HCODE":8101,"AREA":20032.908,"KIGO_E":"","JINKO":113,"SETAI":44,"X_CODE":137.394152,"Y_CODE":34.834862},"geometry":{"type":"Polygon","coordinates":[[[137.395468,34.835072],[137.394245,34.834246],[137.39305,34.834359],[137.392762,34.835121],[137.393944,34.835009],[137.394989,34.835723],[137.395468,34.835072]]]}},{"type":"Feature","id":"232070460","properties":{"KEY_CODE":"232070460","PREF":"23","CITY":"207","S_AREA":"046000","PREF_NAME":"愛知県","CITY_NAME":"豊川市","S_NAME":"白鳥町","HCODE":8101,"AREA":902308.549,"KIGO_E":"E2","JINKO":0,"SETAI":0,"X_CODE":137.347924,"Y_CODE":34.824527},"geometry":{"type":"Polygon","coordinates":[[[137.342478,34.828977],[137.344078,34.827336],[137.344828,34.826567],[137.34637,34.824988],[137.348654,34.826562],[137.348873,34.826556],[137.348892,34.82688],[137.348941,34.827348],[137.349028,34.827566],[137.349198,34.827759],[137.349445,34.827891],[137.349719,34.827963],[137.350087,34.827926],[137.351237,34.827749],[137.352286,34.827594],[137.352672,34.82896],[137.354863,34.828809],[137.355154,34.828782],[137.35624,34.828676],[137.356227,34.828543],[137.355808,34.828587],[137.35568,34.827608],[137.356863,34.827511],[137.356664,34.827372],[137.356527,34.827226],[137.356473,34.827142],[137.356372,34.826982],[137.356349,34.826945],[137.35628,34.826764],[137.356238,34.826505],[137.35621,34.826133],[137.356183,34.825998],[137.356087,34.825829],[137.355923,34.825652],[137.355713,34.825478],[137.355381,34.825204],[137.355259,34.825103],[137.355107,34.824936],[137.354908,34.824687],[137.354658,34.824347],[137.354431,34.824019],[137.354112,34.823844],[137.353868,34.823759],[137.353677,34.823703],[137.353417,34.823647],[137.353185,34.823602],[137.352938,34.823558],[137.352692,34.82349],[137.352473,34.823389],[137.352296,34.8233],[137.35209,34.823198],[137.351967,34.82312],[137.35183,34.82303],[137.351218,34.822522],[137.351173,34.822487],[137.350968,34.822344],[137.350826,34.822203],[137.350362,34.82174],[137.349925,34.821263],[137.349273,34.820545],[137.348115,34.819528],[137.347514,34.819],[137.346992,34.81845],[137.346696,34.818615],[137.346639,34.818649],[137.34643,34.81877],[137.346018,34.819099],[137.345731,34.819386],[137.345487,34.819766],[137.345262,34.82011],[137.34508,34.820332],[137.34474,34.820569],[137.344544,34.820722],[137.344276,34.820869],[137.343824,34.821049],[137.343616,34.821144],[137.343259,34.821478],[137.342199,34.822487],[137.340813,34.82405],[137.340425,34.824462],[137.341415,34.825117],[137.340731,34.825791],[137.340284,34.826182],[137.339347,34.826869],[137.341568,34.828282],[137.341835,34.828055],[137.341891,34.828304],[137.341997,34.828509],[137.342083,34.828629],[137.342178,34.828742],[137.342338,34.828879],[137.342478,34.828977]]]}},{"type":"Feature","id":"232070460","properties":{"KEY_CODE":"232070460","PREF":"23","CITY":"207","S_AREA":"046000","PREF_NAME":"愛知県","CITY_NAME":"豊川市","S_NAME":"白鳥町","HCODE":8101,"AREA":240907.236,"KIGO_E":"E1","JINKO":1178,"SETAI":432,"X_CODE":137.334957,"Y_CODE":34.834059},"geometry":{"type":"Polygon","coordinates":[[[137.335267,34.836191],[137.335991,34.835959],[137.336355,34.835844],[137.336576,34.835699],[137.336704,34.835593],[137.336791,34.83548],[137.336898,34.835306],[137.337,34.835205],[137.337172,34.835011],[137.337254,34.834857],[137.337315,34.834637],[137.337447,34.834411],[137.337436,34.834259],[137.337431,34.834179],[137.337438,34.834124],[137.337451,34.834039],[137.337492,34.833937],[137.337602,34.833797],[137.337766,34.833636],[137.33788,34.833535],[137.338134,34.833308],[137.338637,34.83282],[137.339117,34.832375],[137.338032,34.83165],[137.337111,34.832642],[137.335538,34.831707],[137.335566,34.831672],[137.335678,34.831547],[137.335817,34.831401],[137.33551,34.831156],[137.335435,34.831178],[137.335165,34.831287],[137.335113,34.831112],[137.33452,34.831292],[137.333197,34.83259],[137.332911,34.832906],[137.332774,34.833154],[137.332706,34.833357],[137.332611,34.833605],[137.332434,34.833853],[137.33238,34.833977],[137.332005,34.834133],[137.332055,34.834252],[137.33205,34.834657],[137.331971,34.8348],[137.331904,34.834885],[137.331824,34.835013],[137.331788,34.83521],[137.33191,34.835225],[137.331843,34.836057],[137.331914,34.83606],[137.331998,34.836082],[137.332067,34.83611],[137.332275,34.836107],[137.332419,34.836187],[137.33249,34.836102],[137.332585,34.83611],[137.332579,34.836301],[137.332874,34.836336],[137.332888,34.836602],[137.33246,34.837256],[137.332679,34.837178],[137.333028,34.837052],[137.334411,34.836619],[137.334493,34.836525],[137.334599,34.836448],[137.33473,34.836366],[137.335267,34.836191]]]}},{"type":"Feature","id":"23207047001","properties":{"KEY_CODE":"23207047001","PREF":"23","CITY":"207","S_AREA":"047001","PREF_NAME":"愛知県","CITY_NAME":"豊川市","S_NAME":"新青馬町一丁目","HCODE":8101,"AREA":28501.326,"KIGO_E":"","JINKO":229,"SETAI":87,"X_CODE":137.322625,"Y_CODE":34.834174},"geometry":{"type":"Polygon","coordinates":[[[137.322817,34.83467],[137.323057,34.83424],[137.324178,34.83447],[137.324408,34.833937],[137.32421,34.8339],[137.324215,34.833878],[137.324012,34.833792],[137.324006,34.833811],[137.323049,34.833643],[137.321827,34.833412],[137.32121,34.834556],[137.322424,34.835012],[137.322699,34.835113],[137.322807,34.834843],[137.322817,34.83467]]]}},{"type":"Feature","id":"23207047005","properties":{"KEY_CODE":"23207047005","PREF":"23","CITY":"207","S_AREA":"047005","PREF_NAME":"愛知県","CITY_NAME":"豊川市","S_NAME":"新青馬町五丁目","HCODE":8101,"AREA":21106.51,"KIGO_E":"","JINKO":168,"SETAI":65,"X_CODE":137.3233,"Y_CODE":34.833243},"geometry":{"type":"Polygon","coordinates":[[[137.324408,34.833937],[137.324487,34.833757],[137.324523,34.833141],[137.323366,34.832919],[137.323566,34.832502],[137.323419,34.832499],[137.323251,34.83251],[137.323032,34.832535],[137.322884,34.832567],[137.322821,34.832593],[137.322732,34.832632],[137.322552,34.832725],[137.321827,34.833412],[137.323049,34.833643],[137.324006,34.833811],[137.324012,34.833792],[137.324215,34.833878],[137.32421,34.8339],[137.324408,34.833937]]]}},{"type":"Feature","id":"23207047007","properties":{"KEY_CODE":"23207047007","PREF":"23","CITY":"207","S_AREA":"047007","PREF_NAME":"愛知県","CITY_NAME":"豊川市","S_NAME":"新青馬町七丁目","HCODE":8101,"AREA":4517.815,"KIGO_E":"","JINKO":33,"SETAI":14,"X_CODE":137.323984,"Y_CODE":34.832835},"geometry":{"type":"Polygon","coordinates":[[[137.324523,34.833141],[137.32455,34.83272],[137.324117,34.832695],[137.323815,34.832564],[137.323566,34.832502],[137.323366,34.832919],[137.324523,34.833141]]]}},{"type":"Feature","id":"23207048002","properties":{"KEY_CODE":"23207048002","PREF":"23","CITY":"207","S_AREA":"048002","PREF_NAME":"愛知県","CITY_NAME":"豊川市","S_NAME":"新栄町二丁目","HCODE":8101,"AREA":50628.141,"KIGO_E":"","JINKO":299,"SETAI":125,"X_CODE":137.326708,"Y_CODE":34.83618},"geometry":{"type":"Polygon","coordinates":[[[137.327609,34.837531],[137.328099,34.836828],[137.328215,34.836647],[137.32803,34.836582],[137.327383,34.836352],[137.328031,34.835294],[137.326398,34.834599],[137.32646,34.834819],[137.326177,34.83483],[137.326095,34.834806],[137.326038,34.834967],[137.326213,34.835005],[137.326097,34.835472],[137.326233,34.835482],[137.326232,34.836015],[137.325912,34.836037],[137.325876,34.836139],[137.325753,34.836124],[137.325784,34.836031],[137.32548,34.836035],[137.325226,34.835965],[137.325147,34.836059],[137.324936,34.83624],[137.324758,34.836396],[137.324923,34.836466],[137.325005,34.836623],[137.324959,34.836711],[137.32522,34.836831],[137.325192,34.836905],[137.325615,34.836836],[137.325718,34.836885],[137.325779,34.836933],[137.325936,34.837087],[137.326062,34.837028],[137.326157,34.837032],[137.326465,34.837116],[137.326681,34.837202],[137.326778,34.83726],[137.326798,34.837227],[137.327609,34.837531]]]}},{"type":"Feature","id":"23207048003","properties":{"KEY_CODE":"23207048003","PREF":"23","CITY":"207","S_AREA":"048003","PREF_NAME":"愛知県","CITY_NAME":"豊川市","S_NAME":"新栄町三丁目","HCODE":8101,"AREA":10662.177,"KIGO_E":"","JINKO":56,"SETAI":23,"X_CODE":137.327288,"Y_CODE":34.834645},"geometry":{"type":"Polygon","coordinates":[[[137.328249,34.834949],[137.327886,34.83481],[137.327993,34.834628],[137.327033,34.834233],[137.327207,34.833972],[137.327033,34.833907],[137.32674,34.834124],[137.32651,34.834466],[137.326333,34.834449],[137.326271,34.834536],[137.326398,34.834599],[137.328031,34.835294],[137.328249,34.834949]]]}},{"type":"Feature","id":"23207049001","properties":{"KEY_CODE":"23207049001","PREF":"23","CITY":"207","S_AREA":"049001","PREF_NAME":"愛知県","CITY_NAME":"豊川市","S_NAME":"新桜町通一丁目","HCODE":8101,"AREA":24769.216,"KIGO_E":"E1","JINKO":118,"SETAI":49,"X_CODE":137.371792,"Y_CODE":34.81381},"geometry":{"type":"Polygon","coordinates":[[[137.374885,34.814829],[137.374912,34.81478],[137.375025,34.814815],[137.375128,34.814602],[137.375177,34.814503],[137.375201,34.814457],[137.375201,34.814456],[137.375202,34.814449],[137.375256,34.814346],[137.37506,34.814292],[137.375051,34.814309],[137.375006,34.814401],[137.374923,34.814544],[137.37343,34.814062],[137.372682,34.813822],[137.370802,34.813202],[137.370563,34.813156],[137.370158,34.813143],[137.369108,34.813152],[137.369093,34.813409],[137.369516,34.813404],[137.369527,34.813723],[137.370454,34.813724],[137.370459,34.813611],[137.370829,34.813616],[137.370768,34.813787],[137.371226,34.813944],[137.371907,34.814135],[137.372033,34.813872],[137.372533,34.814038],[137.372522,34.814054],[137.372462,34.814142],[137.372812,34.814241],[137.372797,34.814276],[137.372924,34.814311],[137.372975,34.814184],[137.373286,34.814276],[137.374797,34.814792],[137.374885,34.814829]]]}},{"type":"Feature","id":"23207049001","properties":{"KEY_CODE":"23207049001","PREF":"23","CITY":"207","S_AREA":"049001","PREF_NAME":"愛知県","CITY_NAME":"豊川市","S_NAME":"新桜町通一丁目","HCODE":8101,"AREA":11280.879,"KIGO_E":"E2","JINKO":0,"SETAI":0,"X_CODE":137.365838,"Y_CODE":34.813468},"geometry":{"type":"Polygon","coordinates":[[[137.365439,34.813896],[137.365394,34.813551],[137.365624,34.813541],[137.365675,34.813567],[137.366189,34.813552],[137.366192,34.813786],[137.366357,34.813774],[137.366342,34.813611],[137.366767,34.813602],[137.366774,34.813534],[137.367221,34.813517],[137.36722,34.8135],[137.367197,34.813179],[137.366903,34.813157],[137.365836,34.813232],[137.36512,34.813299],[137.36456,34.81334],[137.364506,34.813644],[137.364875,34.813617],[137.364916,34.813947],[137.365439,34.813896]]]}},{"type":"Feature","id":"23207049002","properties":{"KEY_CODE":"23207049002","PREF":"23","CITY":"207","S_AREA":"049002","PREF_NAME":"愛知県","CITY_NAME":"豊川市","S_NAME":"新桜町通二丁目","HCODE":8101,"AREA":29702.821,"KIGO_E":"","JINKO":201,"SETAI":66,"X_CODE":137.372483,"Y_CODE":34.813611},"geometry":{"type":"Polygon","coordinates":[[[137.375051,34.814309],[137.373576,34.8138],[137.373543,34.813887],[137.37324,34.813807],[137.373302,34.813721],[137.371344,34.813147],[137.37135,34.813103],[137.371047,34.813025],[137.371089,34.812827],[137.370688,34.812807],[137.370683,34.812722],[137.36971,34.812688],[137.369729,34.812919],[137.367613,34.812964],[137.367613,34.812899],[137.366986,34.8129],[137.36694,34.813033],[137.366903,34.813157],[137.367197,34.813179],[137.36722,34.8135],[137.368303,34.813506],[137.369007,34.813499],[137.369014,34.813412],[137.369093,34.813409],[137.369108,34.813152],[137.370158,34.813143],[137.370563,34.813156],[137.370802,34.813202],[137.372682,34.813822],[137.37343,34.814062],[137.374923,34.814544],[137.375006,34.814401],[137.375051,34.814309]]]}},{"type":"Feature","id":"23207049003","properties":{"KEY_CODE":"23207049003","PREF":"23","CITY":"207","S_AREA":"049003","PREF_NAME":"愛知県","CITY_NAME":"豊川市","S_NAME":"新桜町通三丁目","HCODE":8101,"AREA":14926.878,"KIGO_E":"","JINKO":10,"SETAI":4,"X_CODE":137.362962,"Y_CODE":34.813854},"geometry":{"type":"Polygon","coordinates":[[[137.362056,34.814178],[137.362214,34.814154],[137.362222,34.814216],[137.362474,34.81419],[137.36399,34.813981],[137.363955,34.813828],[137.36448,34.813762],[137.364506,34.813644],[137.36456,34.81334],[137.364301,34.813387],[137.364166,34.813411],[137.363603,34.813514],[137.362954,34.813629],[137.362357,34.813705],[137.36178,34.813778],[137.36169,34.813795],[137.361636,34.813805],[137.36152,34.813826],[137.361518,34.813916],[137.361517,34.813994],[137.361455,34.814182],[137.361345,34.814345],[137.362053,34.814245],[137.362056,34.814178]]]}},{"type":"Feature","id":"23207050001","properties":{"KEY_CODE":"23207050001","PREF":"23","CITY":"207","S_AREA":"050001","PREF_NAME":"愛知県","CITY_NAME":"豊川市","S_NAME":"新宿町一丁目","HCODE":8101,"AREA":51409.89,"KIGO_E":"","JINKO":312,"SETAI":134,"X_CODE":137.392318,"Y_CODE":34.819454},"geometry":{"type":"Polygon","coordinates":[[[137.392579,34.820623],[137.392812,34.82052],[137.392891,34.820653],[137.393377,34.82047],[137.393407,34.820528],[137.394002,34.820338],[137.393845,34.820121],[137.393745,34.819927],[137.393668,34.819766],[137.393504,34.819265],[137.393518,34.819246],[137.393342,34.818704],[137.392231,34.818538],[137.391726,34.81828],[137.391525,34.818173],[137.391233,34.818039],[137.390963,34.818481],[137.39083,34.818937],[137.390696,34.819418],[137.391537,34.819669],[137.392034,34.820804],[137.392286,34.820719],[137.392579,34.820623]]]}},{"type":"Feature","id":"23207050002","properties":{"KEY_CODE":"23207050002","PREF":"23","CITY":"207","S_AREA":"050002","PREF_NAME":"愛知県","CITY_NAME":"豊川市","S_NAME":"新宿町二丁目","HCODE":8101,"AREA":51995.079,"KIGO_E":"","JINKO":260,"SETAI":106,"X_CODE":137.390282,"Y_CODE":34.820484},"geometry":{"type":"Polygon","coordinates":[[[137.389532,34.821764],[137.389756,34.821694],[137.389854,34.821665],[137.38982,34.821589],[137.390099,34.821504],[137.3901,34.821504],[137.390118,34.821546],[137.390318,34.82149],[137.39025,34.821333],[137.390415,34.821279],[137.39048,34.821452],[137.390646,34.821398],[137.390603,34.821294],[137.390798,34.821252],[137.390729,34.821124],[137.390907,34.821072],[137.391022,34.821291],[137.391192,34.82124],[137.391096,34.820989],[137.391249,34.820941],[137.391317,34.821127],[137.392089,34.82093],[137.392034,34.820804],[137.391537,34.819669],[137.390696,34.819418],[137.389864,34.819621],[137.388693,34.819918],[137.388548,34.820027],[137.38863,34.820121],[137.388541,34.820202],[137.388681,34.820358],[137.388911,34.820766],[137.389362,34.821495],[137.389302,34.821515],[137.389347,34.821607],[137.389412,34.82174],[137.389508,34.821713],[137.389532,34.821764]]]}},{"type":"Feature","id":"23207051001","properties":{"KEY_CODE":"23207051001","PREF":"23","CITY":"207","S_AREA":"051001","PREF_NAME":"愛知県","CITY_NAME":"豊川市","S_NAME":"新道町一丁目","HCODE":8101,"AREA":141109.356,"KIGO_E":"","JINKO":1055,"SETAI":515,"X_CODE":137.36405,"Y_CODE":34.824088},"geometry":{"type":"Polygon","coordinates":[[[137.365399,34.82236],[137.36521,34.821822],[137.364291,34.822029],[137.362317,34.822471],[137.361696,34.823149],[137.361724,34.823208],[137.361768,34.8233],[137.361998,34.823804],[137.362189,34.824225],[137.362379,34.824598],[137.362564,34.825018],[137.362715,34.825315],[137.362833,34.825577],[137.362947,34.825833],[137.363103,34.826181],[137.363191,34.826361],[137.363307,34.826625],[137.364119,34.826257],[137.364938,34.825878],[137.366333,34.825289],[137.366054,34.824403],[137.365673,34.823242],[137.365521,34.822792],[137.365369,34.822369],[137.365399,34.82236]]]}},{"type":"Feature","id":"23207051002","properties":{"KEY_CODE":"23207051002","PREF":"23","CITY":"207","S_AREA":"051002","PREF_NAME":"愛知県","CITY_NAME":"豊川市","S_NAME":"新道町二丁目","HCODE":8101,"AREA":69985.282,"KIGO_E":"","JINKO":396,"SETAI":188,"X_CODE":137.362997,"Y_CODE":34.821378},"geometry":{"type":"Polygon","coordinates":[[[137.364168,34.82063],[137.362326,34.819452],[137.362395,34.819643],[137.362345,34.819898],[137.362276,34.820008],[137.362228,34.82016],[137.362255,34.82021],[137.362265,34.820328],[137.362259,34.820408],[137.362211,34.820527],[137.362198,34.820574],[137.36218,34.820644],[137.362059,34.820801],[137.362047,34.820832],[137.362037,34.820999],[137.361789,34.821283],[137.361582,34.821307],[137.361532,34.821325],[137.361379,34.821471],[137.361068,34.821709],[137.361047,34.821739],[137.361696,34.823149],[137.362317,34.822471],[137.364291,34.822029],[137.36521,34.821822],[137.365031,34.821172],[137.364168,34.82063]]]}},{"type":"Feature","id":"23207052001","properties":{"KEY_CODE":"23207052001","PREF":"23","CITY":"207","S_AREA":"052001","PREF_NAME":"愛知県","CITY_NAME":"豊川市","S_NAME":"新豊町一丁目","HCODE":8101,"AREA":106177.506,"KIGO_E":"","JINKO":386,"SETAI":153,"X_CODE":137.403556,"Y_CODE":34.833408},"geometry":{"type":"Polygon","coordinates":[[[137.403331,34.831699],[137.402314,34.830538],[137.402097,34.830727],[137.401848,34.83093],[137.401798,34.830971],[137.401403,34.831182],[137.401612,34.831624],[137.401859,34.832228],[137.402455,34.833705],[137.40272,34.834345],[137.403244,34.835609],[137.406129,34.834972],[137.406012,34.834558],[137.405697,34.834236],[137.405313,34.833856],[137.404521,34.833059],[137.403938,34.832377],[137.403331,34.831699]]]}},{"type":"Feature","id":"23207052002","properties":{"KEY_CODE":"23207052002","PREF":"23","CITY":"207","S_AREA":"052002","PREF_NAME":"愛知県","CITY_NAME":"豊川市","S_NAME":"新豊町二丁目","HCODE":8101,"AREA":79501.901,"KIGO_E":"","JINKO":298,"SETAI":134,"X_CODE":137.404141,"Y_CODE":34.831318},"geometry":{"type":"Polygon","coordinates":[[[137.403174,34.827996],[137.402948,34.827716],[137.402859,34.827751],[137.402994,34.828065],[137.403078,34.82833],[137.403134,34.828837],[137.403134,34.828956],[137.403111,34.829094],[137.403083,34.829258],[137.403021,34.829453],[137.403007,34.829497],[137.402878,34.82984],[137.402693,34.83014],[137.402513,34.830355],[137.402314,34.830538],[137.403331,34.831699],[137.403938,34.832377],[137.404521,34.833059],[137.405313,34.833856],[137.405697,34.834236],[137.406012,34.834558],[137.406129,34.834972],[137.406428,34.834908],[137.406445,34.834905],[137.406063,34.834115],[137.40598,34.833934],[137.405821,34.833589],[137.405747,34.833396],[137.40554,34.832857],[137.405211,34.832004],[137.405096,34.831747],[137.404832,34.83119],[137.404695,34.830894],[137.404443,34.830353],[137.404136,34.829716],[137.404023,34.829454],[137.40375,34.82889],[137.4035,34.828469],[137.403174,34.827996]]]}},{"type":"Feature","id":"23207053001","properties":{"KEY_CODE":"23207053001","PREF":"23","CITY":"207","S_AREA":"053001","PREF_NAME":"愛知県","CITY_NAME":"豊川市","S_NAME":"末広通一丁目","HCODE":8101,"AREA":2577.351,"KIGO_E":"E2","JINKO":0,"SETAI":0,"X_CODE":137.388461,"Y_CODE":34.82654},"geometry":{"type":"Polygon","coordinates":[[[137.388762,34.826476],[137.388397,34.82617],[137.38812,34.826388],[137.388279,34.826617],[137.388564,34.826973],[137.388757,34.826805],[137.388565,34.826644],[137.388762,34.826476]]]}},{"type":"Feature","id":"23207053001","properties":{"KEY_CODE":"23207053001","PREF":"23","CITY":"207","S_AREA":"053001","PREF_NAME":"愛知県","CITY_NAME":"豊川市","S_NAME":"末広通一丁目","HCODE":8101,"AREA":52316.13,"KIGO_E":"E1","JINKO":134,"SETAI":59,"X_CODE":137.386751,"Y_CODE":34.825181},"geometry":{"type":"Polygon","coordinates":[[[137.386248,34.827182],[137.387655,34.826109],[137.3877,34.826143],[137.387878,34.82599],[137.388049,34.825853],[137.388031,34.825819],[137.388136,34.825735],[137.388041,34.82561],[137.388262,34.825495],[137.388117,34.825217],[137.387561,34.825447],[137.387144,34.824772],[137.386852,34.824303],[137.3871,34.824176],[137.387082,34.824028],[137.387253,34.823996],[137.387253,34.823859],[137.387759,34.823804],[137.387826,34.823341],[137.387512,34.823289],[137.387221,34.823222],[137.387134,34.822945],[137.387119,34.822874],[137.38687,34.822941],[137.386947,34.823129],[137.386964,34.823188],[137.38695,34.823188],[137.386885,34.823193],[137.38683,34.823204],[137.386769,34.82322],[137.386538,34.8233],[137.386546,34.823322],[137.386327,34.823397],[137.386203,34.823191],[137.38572,34.823265],[137.385741,34.823309],[137.385554,34.823399],[137.385674,34.823554],[137.385786,34.823511],[137.385904,34.823479],[137.386074,34.823445],[137.38608,34.82346],[137.386136,34.823448],[137.386254,34.823437],[137.386327,34.823559],[137.386148,34.823635],[137.386151,34.823643],[137.386167,34.823808],[137.386177,34.823804],[137.386192,34.824105],[137.386426,34.824084],[137.38659,34.824297],[137.386761,34.824543],[137.386612,34.824605],[137.386824,34.824931],[137.386667,34.824992],[137.386109,34.825273],[137.385301,34.825458],[137.385481,34.825781],[137.38622,34.827138],[137.386248,34.827182]]]}},{"type":"Feature","id":"23207053002","properties":{"KEY_CODE":"23207053002","PREF":"23","CITY":"207","S_AREA":"053002","PREF_NAME":"愛知県","CITY_NAME":"豊川市","S_NAME":"末広通二丁目","HCODE":8101,"AREA":19871.513,"KIGO_E":"","JINKO":182,"SETAI":73,"X_CODE":137.389499,"Y_CODE":34.827805},"geometry":{"type":"Polygon","coordinates":[[[137.389633,34.827503],[137.388796,34.826767],[137.388757,34.826805],[137.388564,34.826973],[137.388279,34.826617],[137.38812,34.826388],[137.387849,34.826585],[137.388117,34.826832],[137.388181,34.826889],[137.388327,34.82715],[137.389923,34.828564],[137.390573,34.829141],[137.390942,34.828858],[137.390951,34.828854],[137.390912,34.828811],[137.390828,34.828722],[137.390845,34.828701],[137.390316,34.828252],[137.390459,34.828137],[137.389633,34.827503]]]}},{"type":"Feature","id":"23207053003","properties":{"KEY_CODE":"23207053003","PREF":"23","CITY":"207","S_AREA":"053003","PREF_NAME":"愛知県","CITY_NAME":"豊川市","S_NAME":"末広通三丁目","HCODE":8101,"AREA":39043.227,"KIGO_E":"","JINKO":46,"SETAI":21,"X_CODE":137.392955,"Y_CODE":34.830691},"geometry":{"type":"Polygon","coordinates":[[[137.395657,34.831902],[137.395059,34.831464],[137.394943,34.831584],[137.394125,34.831014],[137.393567,34.830631],[137.393506,34.830673],[137.393281,34.830494],[137.393316,34.830464],[137.392879,34.830128],[137.392582,34.829925],[137.391858,34.829438],[137.392,34.829313],[137.391677,34.829104],[137.391532,34.829256],[137.391325,34.829154],[137.391203,34.829285],[137.390962,34.829536],[137.391081,34.829624],[137.391335,34.82937],[137.391514,34.829493],[137.39111,34.829876],[137.391291,34.830009],[137.39101,34.830275],[137.392052,34.830919],[137.392492,34.830502],[137.392601,34.830571],[137.392544,34.830641],[137.392617,34.830687],[137.392568,34.830736],[137.392734,34.830854],[137.39272,34.830868],[137.392781,34.830921],[137.392927,34.831012],[137.393006,34.831074],[137.393241,34.831256],[137.393425,34.831693],[137.39384,34.83164],[137.393898,34.831597],[137.394022,34.831686],[137.394065,34.8319],[137.394485,34.831861],[137.394505,34.832065],[137.395103,34.832013],[137.395467,34.831972],[137.395669,34.831952],[137.395657,34.831902]]]}},{"type":"Feature","id":"23207053004","properties":{"KEY_CODE":"23207053004","PREF":"23","CITY":"207","S_AREA":"053004","PREF_NAME":"愛知県","CITY_NAME":"豊川市","S_NAME":"末広通四丁目","HCODE":8101,"AREA":14245.087,"KIGO_E":"","JINKO":78,"SETAI":31,"X_CODE":137.396433,"Y_CODE":34.832927},"geometry":{"type":"Polygon","coordinates":[[[137.397605,34.833211],[137.397343,34.833034],[137.397213,34.833159],[137.396911,34.832932],[137.396877,34.832969],[137.395467,34.831972],[137.395103,34.832013],[137.395014,34.832209],[137.395925,34.832823],[137.396694,34.833366],[137.396644,34.833431],[137.397001,34.833665],[137.396961,34.833735],[137.397308,34.833973],[137.397551,34.83376],[137.397365,34.833609],[137.397615,34.833515],[137.397422,34.83339],[137.397605,34.833211]]]}},{"type":"Feature","id":"23207054001","properties":{"KEY_CODE":"23207054001","PREF":"23","CITY":"207","S_AREA":"054001","PREF_NAME":"愛知県","CITY_NAME":"豊川市","S_NAME":"諏訪一丁目","HCODE":8101,"AREA":168663.645,"KIGO_E":"","JINKO":160,"SETAI":80,"X_CODE":137.374088,"Y_CODE":34.827571},"geometry":{"type":"Polygon","coordinates":[[[137.37672,34.82549],[137.376687,34.825436],[137.375457,34.82574],[137.375092,34.82583],[137.37478,34.825906],[137.374184,34.826051],[137.372291,34.826511],[137.371034,34.826829],[137.371037,34.827428],[137.371011,34.829037],[137.374957,34.829083],[137.376653,34.829111],[137.376678,34.827466],[137.376702,34.825922],[137.37672,34.82549]]]}},{"type":"Feature","id":"23207054002","properties":{"KEY_CODE":"23207054002","PREF":"23","CITY":"207","S_AREA":"054002","PREF_NAME":"愛知県","CITY_NAME":"豊川市","S_NAME":"諏訪二丁目","HCODE":8101,"AREA":197773.169,"KIGO_E":"","JINKO":984,"SETAI":489,"X_CODE":137.37359,"Y_CODE":34.824309},"geometry":{"type":"Polygon","coordinates":[[[137.375438,34.822011],[137.374704,34.821711],[137.373771,34.822025],[137.372358,34.822573],[137.37239,34.822688],[137.371593,34.822992],[137.371107,34.823213],[137.371079,34.823632],[137.371082,34.824605],[137.37107,34.825599],[137.371042,34.826275],[137.371034,34.826829],[137.372291,34.826511],[137.374184,34.826051],[137.37478,34.825906],[137.375092,34.82583],[137.375457,34.82574],[137.376687,34.825436],[137.376595,34.825201],[137.376388,34.824654],[137.376164,34.82407],[137.375566,34.82253],[137.375596,34.822522],[137.375438,34.822141],[137.375438,34.822011]]]}},{"type":"Feature","id":"23207054003","properties":{"KEY_CODE":"23207054003","PREF":"23","CITY":"207","S_AREA":"054003","PREF_NAME":"愛知県","CITY_NAME":"豊川市","S_NAME":"諏訪三丁目","HCODE":8101,"AREA":192227.011,"KIGO_E":"","JINKO":1060,"SETAI":696,"X_CODE":137.3692,"Y_CODE":34.826321},"geometry":{"type":"Polygon","coordinates":[[[137.371011,34.829037],[137.371037,34.827428],[137.371034,34.826829],[137.371042,34.826275],[137.37107,34.825599],[137.371082,34.824605],[137.371079,34.823632],[137.371107,34.823213],[137.370793,34.82334],[137.368169,34.82444],[137.366333,34.825289],[137.366499,34.825731],[137.366508,34.825756],[137.366602,34.826026],[137.366698,34.826322],[137.366804,34.826641],[137.367204,34.827766],[137.368198,34.827516],[137.368265,34.828054],[137.368387,34.829039],[137.371011,34.829037]]]}},{"type":"Feature","id":"23207054004","properties":{"KEY_CODE":"23207054004","PREF":"23","CITY":"207","S_AREA":"054004","PREF_NAME":"愛知県","CITY_NAME":"豊川市","S_NAME":"諏訪四丁目","HCODE":8101,"AREA":122333.228,"KIGO_E":"","JINKO":762,"SETAI":321,"X_CODE":137.365724,"Y_CODE":34.827545},"geometry":{"type":"Polygon","coordinates":[[[137.368265,34.828054],[137.368198,34.827516],[137.367204,34.827766],[137.366804,34.826641],[137.366698,34.826322],[137.366602,34.826026],[137.366508,34.825756],[137.366499,34.825731],[137.366333,34.825289],[137.364938,34.825878],[137.364119,34.826257],[137.363307,34.826625],[137.363209,34.826667],[137.363435,34.827172],[137.363568,34.827443],[137.363845,34.828051],[137.364047,34.828537],[137.364231,34.829024],[137.365968,34.829044],[137.366387,34.829044],[137.368387,34.829039],[137.368265,34.828054]]]}},{"type":"Feature","id":"23207055001","properties":{"KEY_CODE":"23207055001","PREF":"23","CITY":"207","S_AREA":"055001","PREF_NAME":"愛知県","CITY_NAME":"豊川市","S_NAME":"諏訪西町一丁目","HCODE":8101,"AREA":81589.029,"KIGO_E":"","JINKO":436,"SETAI":200,"X_CODE":137.361514,"Y_CODE":34.828307},"geometry":{"type":"Polygon","coordinates":[[[137.363435,34.827172],[137.363209,34.826667],[137.363126,34.82669],[137.362008,34.827218],[137.360994,34.827681],[137.360236,34.827973],[137.35985,34.828077],[137.359508,34.828168],[137.359126,34.828259],[137.358761,34.828339],[137.358275,34.828427],[137.358375,34.828474],[137.358742,34.828743],[137.359105,34.828987],[137.359532,34.829278],[137.359909,34.829652],[137.36069,34.829439],[137.361589,34.829205],[137.364047,34.828537],[137.363845,34.828051],[137.363568,34.827443],[137.363435,34.827172]]]}},{"type":"Feature","id":"23207055002","properties":{"KEY_CODE":"23207055002","PREF":"23","CITY":"207","S_AREA":"055002","PREF_NAME":"愛知県","CITY_NAME":"豊川市","S_NAME":"諏訪西町二丁目","HCODE":8101,"AREA":122914.111,"KIGO_E":"","JINKO":792,"SETAI":307,"X_CODE":137.362398,"Y_CODE":34.830673},"geometry":{"type":"Polygon","coordinates":[[[137.364215,34.831566],[137.364225,34.830681],[137.364236,34.830415],[137.364231,34.829024],[137.364047,34.828537],[137.361589,34.829205],[137.36069,34.829439],[137.359909,34.829652],[137.359929,34.829707],[137.360031,34.830047],[137.360169,34.830473],[137.360361,34.830906],[137.361023,34.830717],[137.361243,34.831312],[137.36132,34.831636],[137.361375,34.831782],[137.361457,34.831895],[137.361567,34.832007],[137.361668,34.832274],[137.361174,34.832429],[137.36158,34.832779],[137.361567,34.833479],[137.362643,34.833494],[137.362657,34.83249],[137.362663,34.832007],[137.364215,34.831566]]]}},{"type":"Feature","id":"232070560","properties":{"KEY_CODE":"232070560","PREF":"23","CITY":"207","S_AREA":"056000","PREF_NAME":"愛知県","CITY_NAME":"豊川市","S_NAME":"瀬木町","HCODE":8101,"AREA":317683.722,"KIGO_E":"","JINKO":490,"SETAI":185,"X_CODE":137.400603,"Y_CODE":34.811604},"geometry":{"type":"Polygon","coordinates":[[[137.402843,34.810217],[137.402755,34.809723],[137.402141,34.80979],[137.401951,34.809501],[137.401723,34.809077],[137.401181,34.80901],[137.40103,34.808992],[137.401103,34.808629],[137.401271,34.808521],[137.401057,34.808071],[137.400515,34.808314],[137.400349,34.809143],[137.399504,34.808638],[137.399944,34.808087],[137.399644,34.807729],[137.399709,34.807692],[137.399232,34.807174],[137.398157,34.808013],[137.398079,34.808079],[137.397655,34.808585],[137.397675,34.808598],[137.396902,34.809424],[137.398579,34.810485],[137.397359,34.811819],[137.399322,34.813051],[137.398951,34.813463],[137.399343,34.813693],[137.399598,34.813813],[137.399964,34.814044],[137.400458,34.814399],[137.400602,34.814526],[137.400969,34.814702],[137.401179,34.814865],[137.401388,34.815153],[137.401557,34.81531],[137.401589,34.815377],[137.401618,34.81549],[137.401649,34.815622],[137.401737,34.815765],[137.401825,34.815877],[137.401933,34.815983],[137.402112,34.816127],[137.402351,34.816295],[137.402743,34.815879],[137.40275,34.815873],[137.402849,34.815778],[137.402853,34.815774],[137.40345,34.81516],[137.40376,34.814848],[137.403493,34.814211],[137.403311,34.813699],[137.403162,34.812733],[137.403037,34.811776],[137.402897,34.810686],[137.402843,34.810217]]]}},{"type":"Feature","id":"23207057001","properties":{"KEY_CODE":"23207057001","PREF":"23","CITY":"207","S_AREA":"057001","PREF_NAME":"愛知県","CITY_NAME":"豊川市","S_NAME":"蔵子一丁目","HCODE":8101,"AREA":236834.084,"KIGO_E":"","JINKO":1093,"SETAI":422,"X_CODE":137.354026,"Y_CODE":34.816447},"geometry":{"type":"Polygon","coordinates":[[[137.358422,34.818129],[137.359,34.817373],[137.359883,34.816179],[137.360443,34.815465],[137.360158,34.815179],[137.360026,34.815091],[137.359211,34.814668],[137.358814,34.814466],[137.3588,34.814461],[137.358678,34.814415],[137.358546,34.814429],[137.35807,34.814527],[137.357918,34.814526],[137.357089,34.814461],[137.357044,34.814599],[137.356508,34.814393],[137.356407,34.814243],[137.356066,34.814343],[137.355933,34.814301],[137.355645,34.81415],[137.355553,34.814223],[137.355142,34.81414],[137.354215,34.813926],[137.354094,34.814248],[137.354191,34.81428],[137.354165,34.81437],[137.354064,34.81466],[137.353892,34.814958],[137.353475,34.814837],[137.353074,34.815502],[137.353153,34.815517],[137.352845,34.815954],[137.352708,34.816106],[137.352496,34.816284],[137.352191,34.816476],[137.352032,34.816769],[137.352398,34.816897],[137.352624,34.816915],[137.352938,34.816959],[137.353109,34.817045],[137.354399,34.817649],[137.35443,34.81766],[137.354958,34.817815],[137.355456,34.818049],[137.355545,34.818085],[137.35777,34.818988],[137.358422,34.818129]],[[137.355342,34.816082],[137.355473,34.815833],[137.3573,34.816579],[137.356847,34.817378],[137.356485,34.817215],[137.356628,34.817094],[137.356642,34.816745],[137.356137,34.816534],[137.355726,34.816418],[137.355782,34.816256],[137.355342,34.816082]]]}},{"type":"Feature","id":"23207057002","properties":{"KEY_CODE":"23207057002","PREF":"23","CITY":"207","S_AREA":"057002","PREF_NAME":"愛知県","CITY_NAME":"豊川市","S_NAME":"蔵子三丁目","HCODE":8101,"AREA":200125.848,"KIGO_E":"","JINKO":1280,"SETAI":501,"X_CODE":137.353028,"Y_CODE":34.819315},"geometry":{"type":"Polygon","coordinates":[[[137.353241,34.819575],[137.353308,34.819489],[137.35355,34.819109],[137.356601,34.820538],[137.35777,34.818988],[137.355545,34.818085],[137.355456,34.818049],[137.354958,34.817815],[137.35443,34.81766],[137.354399,34.817649],[137.353109,34.817045],[137.352938,34.816959],[137.352624,34.816915],[137.352398,34.816897],[137.352032,34.816769],[137.351854,34.816945],[137.351302,34.817665],[137.350809,34.818445],[137.351397,34.818726],[137.351125,34.81912],[137.350876,34.819484],[137.350867,34.8195],[137.35026,34.819201],[137.349617,34.820109],[137.349362,34.820461],[137.349273,34.820545],[137.349925,34.821263],[137.350362,34.82174],[137.350826,34.822203],[137.350968,34.822344],[137.351173,34.822487],[137.352111,34.821178],[137.352555,34.820535],[137.35269,34.820347],[137.353241,34.819575]]]}},{"type":"Feature","id":"23207057003","properties":{"KEY_CODE":"23207057003","PREF":"23","CITY":"207","S_AREA":"057003","PREF_NAME":"愛知県","CITY_NAME":"豊川市","S_NAME":"蔵子三丁目","HCODE":8101,"AREA":89704.912,"KIGO_E":"","JINKO":523,"SETAI":215,"X_CODE":137.353447,"Y_CODE":34.821337},"geometry":{"type":"Polygon","coordinates":[[[137.353089,34.822557],[137.353574,34.821887],[137.354217,34.8222],[137.354545,34.821788],[137.354031,34.821543],[137.354245,34.821257],[137.354738,34.8215],[137.354881,34.821303],[137.354037,34.82097],[137.353531,34.820727],[137.353546,34.820447],[137.353423,34.820402],[137.353652,34.820041],[137.355321,34.820763],[137.35612,34.82116],[137.356601,34.820538],[137.35355,34.819109],[137.353308,34.819489],[137.353241,34.819575],[137.35269,34.820347],[137.352555,34.820535],[137.352111,34.821178],[137.351173,34.822487],[137.351218,34.822522],[137.35183,34.82303],[137.351967,34.82312],[137.35209,34.823198],[137.352296,34.8233],[137.352473,34.823389],[137.352692,34.82349],[137.352938,34.823558],[137.353185,34.823602],[137.353716,34.822873],[137.353089,34.822557]]]}},{"type":"Feature","id":"23207057004","properties":{"KEY_CODE":"23207057004","PREF":"23","CITY":"207","S_AREA":"057004","PREF_NAME":"愛知県","CITY_NAME":"豊川市","S_NAME":"蔵子四丁目","HCODE":8101,"AREA":65896.226,"KIGO_E":"","JINKO":390,"SETAI":153,"X_CODE":137.356984,"Y_CODE":34.826162},"geometry":{"type":"Polygon","coordinates":[[[137.358205,34.826085],[137.358505,34.826013],[137.358594,34.826122],[137.35879,34.826012],[137.358922,34.825912],[137.357835,34.825466],[137.356562,34.824917],[137.356042,34.824693],[137.355083,34.824292],[137.354431,34.824019],[137.354658,34.824347],[137.354908,34.824687],[137.355107,34.824936],[137.355259,34.825103],[137.355381,34.825204],[137.355713,34.825478],[137.355923,34.825652],[137.356087,34.825829],[137.356183,34.825998],[137.35621,34.826133],[137.356238,34.826505],[137.35628,34.826764],[137.356349,34.826945],[137.356372,34.826982],[137.356473,34.827142],[137.356527,34.827226],[137.356664,34.827372],[137.356863,34.827511],[137.357102,34.827676],[137.357783,34.828118],[137.358142,34.82835],[137.358195,34.827776],[137.358263,34.827313],[137.358303,34.826975],[137.358316,34.826705],[137.358302,34.826513],[137.358205,34.826085]]]}},{"type":"Feature","id":"23207057005","properties":{"KEY_CODE":"23207057005","PREF":"23","CITY":"207","S_AREA":"057005","PREF_NAME":"愛知県","CITY_NAME":"豊川市","S_NAME":"蔵子五丁目","HCODE":8101,"AREA":228538.918,"KIGO_E":"","JINKO":1642,"SETAI":689,"X_CODE":137.356681,"Y_CODE":34.822932},"geometry":{"type":"Polygon","coordinates":[[[137.359187,34.825048],[137.359296,34.824979],[137.359323,34.825035],[137.359378,34.825013],[137.359213,34.824664],[137.359154,34.824416],[137.359255,34.824406],[137.359234,34.824297],[137.359115,34.824257],[137.359239,34.824021],[137.359246,34.823988],[137.359411,34.823752],[137.35992,34.823136],[137.360302,34.822678],[137.36038,34.82262],[137.358822,34.821752],[137.358331,34.821489],[137.357449,34.821014],[137.357326,34.820945],[137.356601,34.820538],[137.35612,34.82116],[137.355321,34.820763],[137.353652,34.820041],[137.353423,34.820402],[137.353546,34.820447],[137.353531,34.820727],[137.354037,34.82097],[137.354881,34.821303],[137.354738,34.8215],[137.354245,34.821257],[137.354031,34.821543],[137.354545,34.821788],[137.354217,34.8222],[137.353574,34.821887],[137.353089,34.822557],[137.353716,34.822873],[137.353185,34.823602],[137.353417,34.823647],[137.353677,34.823703],[137.353868,34.823759],[137.354112,34.823844],[137.354431,34.824019],[137.355083,34.824292],[137.356042,34.824693],[137.356562,34.824917],[137.357835,34.825466],[137.358922,34.825912],[137.359089,34.825785],[137.358832,34.825464],[137.358778,34.825442],[137.358709,34.825352],[137.359187,34.825048]]]}},{"type":"Feature","id":"23207057006","properties":{"KEY_CODE":"23207057006","PREF":"23","CITY":"207","S_AREA":"057006","PREF_NAME":"愛知県","CITY_NAME":"豊川市","S_NAME":"蔵子六丁目","HCODE":8101,"AREA":9525.444,"KIGO_E":"E2","JINKO":0,"SETAI":0,"X_CODE":137.356442,"Y_CODE":34.816539},"geometry":{"type":"Polygon","coordinates":[[[137.3573,34.816579],[137.355473,34.815833],[137.355342,34.816082],[137.355782,34.816256],[137.355726,34.816418],[137.356137,34.816534],[137.356642,34.816745],[137.356628,34.817094],[137.356485,34.817215],[137.356847,34.817378],[137.3573,34.816579]]]}},{"type":"Feature","id":"23207057006","properties":{"KEY_CODE":"23207057006","PREF":"23","CITY":"207","S_AREA":"057006","PREF_NAME":"愛知県","CITY_NAME":"豊川市","S_NAME":"蔵子六丁目","HCODE":8101,"AREA":110152.028,"KIGO_E":"E1","JINKO":765,"SETAI":349,"X_CODE":137.358982,"Y_CODE":34.820263},"geometry":{"type":"Polygon","coordinates":[[[137.35946,34.818356],[137.359,34.817373],[137.358422,34.818129],[137.35777,34.818988],[137.356601,34.820538],[137.357326,34.820945],[137.357449,34.821014],[137.358331,34.821489],[137.358822,34.821752],[137.36038,34.82262],[137.360417,34.822606],[137.360453,34.822541],[137.360927,34.821909],[137.361047,34.821739],[137.360866,34.821345],[137.360182,34.819893],[137.35946,34.818356]]]}},{"type":"Feature","id":"23207057007","properties":{"KEY_CODE":"23207057007","PREF":"23","CITY":"207","S_AREA":"057007","PREF_NAME":"愛知県","CITY_NAME":"豊川市","S_NAME":"蔵子七丁目","HCODE":8101,"AREA":116465.21,"KIGO_E":"","JINKO":710,"SETAI":304,"X_CODE":137.36096,"Y_CODE":34.8187},"geometry":{"type":"Polygon","coordinates":[[[137.360473,34.816537],[137.359883,34.816179],[137.359,34.817373],[137.35946,34.818356],[137.360182,34.819893],[137.360866,34.821345],[137.361047,34.821739],[137.361068,34.821709],[137.361379,34.821471],[137.361532,34.821325],[137.361582,34.821307],[137.361789,34.821283],[137.362037,34.820999],[137.362047,34.820832],[137.362059,34.820801],[137.36218,34.820644],[137.362198,34.820574],[137.362211,34.820527],[137.362259,34.820408],[137.362265,34.820328],[137.362255,34.82021],[137.362228,34.82016],[137.362276,34.820008],[137.362345,34.819898],[137.362395,34.819643],[137.362326,34.819452],[137.362223,34.819168],[137.362298,34.818838],[137.362443,34.818509],[137.362265,34.818449],[137.362466,34.818087],[137.362639,34.817857],[137.363038,34.817638],[137.362615,34.817483],[137.362305,34.817367],[137.362048,34.817259],[137.361544,34.817045],[137.360728,34.816657],[137.360473,34.816537]]]}},{"type":"Feature","id":"23207058001","properties":{"KEY_CODE":"23207058001","PREF":"23","CITY":"207","S_AREA":"058001","PREF_NAME":"愛知県","CITY_NAME":"豊川市","S_NAME":"代田町一丁目","HCODE":8101,"AREA":131945.794,"KIGO_E":"","JINKO":500,"SETAI":211,"X_CODE":137.360995,"Y_CODE":34.82492},"geometry":{"type":"Polygon","coordinates":[[[137.362715,34.825315],[137.362564,34.825018],[137.362379,34.824598],[137.362189,34.824225],[137.361998,34.823804],[137.361768,34.8233],[137.361724,34.823208],[137.361696,34.823149],[137.361047,34.821739],[137.360927,34.821909],[137.360453,34.822541],[137.360417,34.822606],[137.36038,34.82262],[137.360302,34.822678],[137.35992,34.823136],[137.359411,34.823752],[137.359246,34.823988],[137.359239,34.824021],[137.359115,34.824257],[137.359234,34.824297],[137.359255,34.824406],[137.359154,34.824416],[137.359213,34.824664],[137.359378,34.825013],[137.359323,34.825035],[137.359296,34.824979],[137.359187,34.825048],[137.358709,34.825352],[137.358778,34.825442],[137.358832,34.825464],[137.359089,34.825785],[137.358922,34.825912],[137.359531,34.826162],[137.361048,34.826826],[137.361448,34.826989],[137.362008,34.827218],[137.363126,34.82669],[137.363209,34.826667],[137.363307,34.826625],[137.363191,34.826361],[137.363103,34.826181],[137.362947,34.825833],[137.362833,34.825577],[137.362715,34.825315]]]}},{"type":"Feature","id":"23207058002","properties":{"KEY_CODE":"23207058002","PREF":"23","CITY":"207","S_AREA":"058002","PREF_NAME":"愛知県","CITY_NAME":"豊川市","S_NAME":"代田町二丁目","HCODE":8101,"AREA":55884.202,"KIGO_E":"","JINKO":496,"SETAI":184,"X_CODE":137.359574,"Y_CODE":34.827202},"geometry":{"type":"Polygon","coordinates":[[[137.359531,34.826162],[137.358922,34.825912],[137.35879,34.826012],[137.358594,34.826122],[137.358505,34.826013],[137.358205,34.826085],[137.358302,34.826513],[137.358316,34.826705],[137.358303,34.826975],[137.358263,34.827313],[137.358195,34.827776],[137.358142,34.82835],[137.358275,34.828427],[137.358761,34.828339],[137.359126,34.828259],[137.359508,34.828168],[137.35985,34.828077],[137.360236,34.827973],[137.360994,34.827681],[137.362008,34.827218],[137.361448,34.826989],[137.361048,34.826826],[137.359531,34.826162]]]}},{"type":"Feature","id":"23207059001","properties":{"KEY_CODE":"23207059001","PREF":"23","CITY":"207","S_AREA":"059001","PREF_NAME":"愛知県","CITY_NAME":"豊川市","S_NAME":"高見町一丁目","HCODE":8101,"AREA":26016.797,"KIGO_E":"","JINKO":201,"SETAI":79,"X_CODE":137.375135,"Y_CODE":34.812392},"geometry":{"type":"Polygon","coordinates":[[[137.376183,34.812156],[137.376253,34.812021],[137.375954,34.811915],[137.375839,34.812102],[137.375146,34.811829],[137.37484,34.811679],[137.374636,34.811572],[137.374693,34.811487],[137.374527,34.81141],[137.374232,34.811805],[137.37386,34.812311],[137.374044,34.812391],[137.373934,34.812607],[137.374066,34.812655],[137.374122,34.812674],[137.375256,34.813063],[137.375646,34.813192],[137.375894,34.813273],[137.376391,34.812328],[137.376339,34.812305],[137.376383,34.812234],[137.376183,34.812156]]]}},{"type":"Feature","id":"23207059002","properties":{"KEY_CODE":"23207059002","PREF":"23","CITY":"207","S_AREA":"059002","PREF_NAME":"愛知県","CITY_NAME":"豊川市","S_NAME":"高見町二丁目","HCODE":8101,"AREA":18997.421,"KIGO_E":"","JINKO":210,"SETAI":83,"X_CODE":137.373967,"Y_CODE":34.813052},"geometry":{"type":"Polygon","coordinates":[[[137.375646,34.813192],[137.375256,34.813063],[137.374122,34.812674],[137.374066,34.812655],[137.373934,34.812607],[137.373196,34.812361],[137.372869,34.812831],[137.37254,34.813265],[137.373452,34.813563],[137.373795,34.813115],[137.375395,34.813647],[137.375646,34.813192]]]}},{"type":"Feature","id":"23207059003","properties":{"KEY_CODE":"23207059003","PREF":"23","CITY":"207","S_AREA":"059003","PREF_NAME":"愛知県","CITY_NAME":"豊川市","S_NAME":"高見町三丁目","HCODE":8101,"AREA":12286.183,"KIGO_E":"","JINKO":128,"SETAI":51,"X_CODE":137.374695,"Y_CODE":34.81365},"geometry":{"type":"Polygon","coordinates":[[[137.375305,34.814353],[137.375451,34.814041],[137.375458,34.814025],[137.375547,34.813835],[137.375643,34.813869],[137.375699,34.813744],[137.375703,34.813735],[137.375549,34.813686],[137.375559,34.813656],[137.375585,34.813606],[137.375599,34.813579],[137.37562,34.813532],[137.375639,34.813518],[137.375641,34.813517],[137.375661,34.813478],[137.375719,34.813496],[137.375756,34.813508],[137.375782,34.813455],[137.375755,34.813446],[137.375748,34.813443],[137.375791,34.813365],[137.375916,34.813412],[137.375924,34.813396],[137.375953,34.813344],[137.375958,34.813333],[137.375972,34.8133],[137.375894,34.813273],[137.375646,34.813192],[137.375395,34.813647],[137.373795,34.813115],[137.373452,34.813563],[137.375146,34.814115],[137.37506,34.814292],[137.375256,34.814346],[137.37526,34.814339],[137.375305,34.814353]]]}},{"type":"Feature","id":"23207059004","properties":{"KEY_CODE":"23207059004","PREF":"23","CITY":"207","S_AREA":"059004","PREF_NAME":"愛知県","CITY_NAME":"豊川市","S_NAME":"高見町四丁目","HCODE":8101,"AREA":34533.07,"KIGO_E":"","JINKO":258,"SETAI":105,"X_CODE":137.372992,"Y_CODE":34.811558},"geometry":{"type":"Polygon","coordinates":[[[137.373844,34.811113],[137.373075,34.810816],[137.373039,34.810866],[137.372925,34.810808],[137.372888,34.810868],[137.372354,34.810676],[137.372401,34.810584],[137.372346,34.810563],[137.372146,34.810492],[137.371955,34.810834],[137.37188,34.811002],[137.371716,34.811375],[137.371652,34.811507],[137.371536,34.811784],[137.373196,34.812361],[137.373934,34.812607],[137.374044,34.812391],[137.37386,34.812311],[137.374232,34.811805],[137.374527,34.81141],[137.373844,34.811113]]]}},{"type":"Feature","id":"23207059005","properties":{"KEY_CODE":"23207059005","PREF":"23","CITY":"207","S_AREA":"059005","PREF_NAME":"愛知県","CITY_NAME":"豊川市","S_NAME":"高見町五丁目","HCODE":8101,"AREA":9649.209,"KIGO_E":"","JINKO":106,"SETAI":42,"X_CODE":137.372224,"Y_CODE":34.812315},"geometry":{"type":"Polygon","coordinates":[[[137.373196,34.812361],[137.371536,34.811784],[137.371519,34.811779],[137.37132,34.812307],[137.372869,34.812831],[137.373196,34.812361]]]}},{"type":"Feature","id":"23207059006","properties":{"KEY_CODE":"23207059006","PREF":"23","CITY":"207","S_AREA":"059006","PREF_NAME":"愛知県","CITY_NAME":"豊川市","S_NAME":"高見町六丁目","HCODE":8101,"AREA":17909.225,"KIGO_E":"","JINKO":155,"SETAI":54,"X_CODE":137.372522,"Y_CODE":34.813192},"geometry":{"type":"Polygon","coordinates":[[[137.375146,34.814115],[137.373452,34.813563],[137.37254,34.813265],[137.372869,34.812831],[137.37132,34.812307],[137.371089,34.812827],[137.371047,34.813025],[137.37135,34.813103],[137.371344,34.813147],[137.373302,34.813721],[137.37324,34.813807],[137.373543,34.813887],[137.373576,34.8138],[137.375051,34.814309],[137.37506,34.814292],[137.375146,34.814115]]]}},{"type":"Feature","id":"232070600","properties":{"KEY_CODE":"232070600","PREF":"23","CITY":"207","S_AREA":"060000","PREF_NAME":"愛知県","CITY_NAME":"豊川市","S_NAME":"為当町","HCODE":8101,"AREA":1238646.192,"KIGO_E":"","JINKO":2385,"SETAI":908,"X_CODE":137.323242,"Y_CODE":34.81967},"geometry":{"type":"Polygon","coordinates":[[[137.325086,34.828655],[137.325142,34.828574],[137.325294,34.82864],[137.32584,34.828077],[137.326417,34.827528],[137.326531,34.827009],[137.32728,34.826136],[137.327971,34.825282],[137.328005,34.825031],[137.328019,34.824766],[137.328023,34.824509],[137.327935,34.824183],[137.327848,34.823738],[137.327758,34.823337],[137.327743,34.823178],[137.327542,34.822957],[137.326934,34.822384],[137.327076,34.822195],[137.327238,34.821994],[137.327425,34.821717],[137.328841,34.82053],[137.329242,34.820148],[137.329569,34.819794],[137.330421,34.819038],[137.329316,34.818362],[137.328809,34.818036],[137.328372,34.81789],[137.327606,34.817429],[137.327865,34.817116],[137.327987,34.816944],[137.328179,34.816865],[137.32826,34.816775],[137.328328,34.816459],[137.328178,34.816347],[137.328055,34.816279],[137.327918,34.816437],[137.327612,34.816194],[137.327165,34.815918],[137.326342,34.815413],[137.325222,34.81474],[137.324693,34.814449],[137.323492,34.813736],[137.323928,34.81325],[137.322189,34.812229],[137.322172,34.812219],[137.32183,34.812242],[137.321585,34.812201],[137.321283,34.812458],[137.320976,34.812292],[137.320797,34.812464],[137.320458,34.812246],[137.320414,34.812218],[137.319348,34.813481],[137.319166,34.813575],[137.31902,34.813721],[137.318968,34.813772],[137.318748,34.814019],[137.318697,34.814087],[137.318361,34.814484],[137.317571,34.815289],[137.317016,34.815871],[137.316694,34.816265],[137.316672,34.816293],[137.31642,34.816505],[137.316304,34.816707],[137.316199,34.816664],[137.31606,34.816913],[137.316127,34.816949],[137.316088,34.817129],[137.316019,34.817396],[137.315921,34.817772],[137.315981,34.817805],[137.315868,34.817962],[137.315995,34.818058],[137.316511,34.81833],[137.316995,34.818585],[137.317204,34.818691],[137.317266,34.818722],[137.317577,34.818912],[137.317932,34.819156],[137.31819,34.819356],[137.318344,34.819596],[137.318387,34.819667],[137.318426,34.820037],[137.318459,34.820164],[137.318531,34.820248],[137.318665,34.820402],[137.318832,34.820613],[137.318825,34.820709],[137.318794,34.820906],[137.318802,34.820956],[137.318884,34.821029],[137.318977,34.821102],[137.319075,34.821136],[137.319219,34.821188],[137.319408,34.821248],[137.319528,34.821443],[137.319657,34.821654],[137.319903,34.822046],[137.32024,34.822564],[137.320432,34.822695],[137.320631,34.822858],[137.32085,34.823036],[137.321103,34.823229],[137.321436,34.823963],[137.321372,34.824089],[137.321465,34.82423],[137.321773,34.824698],[137.321759,34.824768],[137.321902,34.825007],[137.321994,34.825228],[137.321998,34.825392],[137.322001,34.825515],[137.322001,34.825518],[137.321998,34.825561],[137.322023,34.825689],[137.32206,34.825854],[137.322199,34.826119],[137.322387,34.826307],[137.322516,34.826497],[137.322661,34.826708],[137.322765,34.826868],[137.32284,34.826982],[137.322827,34.826999],[137.322879,34.827036],[137.322906,34.827179],[137.322946,34.827404],[137.323162,34.82731],[137.323599,34.828006],[137.323694,34.827879],[137.323858,34.827741],[137.323995,34.827784],[137.32395,34.827891],[137.32421,34.828042],[137.324296,34.828155],[137.32445,34.827946],[137.324624,34.828029],[137.324473,34.828239],[137.325141,34.82881],[137.325209,34.828722],[137.325086,34.828655]]]}},{"type":"Feature","id":"232070610","properties":{"KEY_CODE":"232070610","PREF":"23","CITY":"207","S_AREA":"061000","PREF_NAME":"愛知県","CITY_NAME":"豊川市","S_NAME":"樽井町","HCODE":8101,"AREA":474259.193,"KIGO_E":"","JINKO":581,"SETAI":201,"X_CODE":137.393289,"Y_CODE":34.843133},"geometry":{"type":"Polygon","coordinates":[[[137.393099,34.848492],[137.393139,34.848306],[137.393996,34.847474],[137.394505,34.847433],[137.394455,34.84663],[137.39469,34.8463],[137.394962,34.845887],[137.39545,34.845514],[137.395959,34.844928],[137.396319,34.844505],[137.396797,34.84392],[137.396694,34.842747],[137.396721,34.842528],[137.396746,34.842329],[137.396775,34.841929],[137.396744,34.841735],[137.396675,34.841572],[137.396587,34.841421],[137.39584,34.840692],[137.395794,34.840643],[137.395682,34.840413],[137.395517,34.840043],[137.395488,34.839979],[137.395411,34.839807],[137.395269,34.839518],[137.395121,34.839264],[137.394975,34.839046],[137.394838,34.838866],[137.394645,34.838618],[137.394379,34.838319],[137.394709,34.837947],[137.394349,34.837778],[137.39367,34.837567],[137.393384,34.837478],[137.393233,34.837833],[137.392985,34.838414],[137.392558,34.838445],[137.392631,34.839286],[137.391991,34.839321],[137.392063,34.84017],[137.391882,34.840181],[137.391919,34.8407],[137.390876,34.840774],[137.390918,34.841313],[137.390844,34.841433],[137.390819,34.841517],[137.390829,34.841585],[137.390252,34.841685],[137.39039,34.842383],[137.38987,34.842449],[137.389847,34.842702],[137.389677,34.842693],[137.38967,34.842821],[137.389661,34.842991],[137.389646,34.843258],[137.389601,34.843515],[137.3897,34.843498],[137.389695,34.843963],[137.389724,34.844282],[137.389498,34.844494],[137.389635,34.844897],[137.389948,34.845036],[137.389962,34.845114],[137.389992,34.845268],[137.390005,34.8455],[137.390653,34.845498],[137.390725,34.84598],[137.391424,34.84595],[137.391549,34.847323],[137.392168,34.847301],[137.39223,34.847817],[137.392146,34.847825],[137.392197,34.848362],[137.392335,34.848352],[137.39238,34.848706],[137.393059,34.848674],[137.393099,34.848492]]]}},{"type":"Feature","id":"232070620","properties":{"KEY_CODE":"232070620","PREF":"23","CITY":"207","S_AREA":"062000","PREF_NAME":"愛知県","CITY_NAME":"豊川市","S_NAME":"千両町","HCODE":8101,"AREA":10237059.375,"KIGO_E":"","JINKO":2165,"SETAI":745,"X_CODE":137.374846,"Y_CODE":34.871267},"geometry":{"type":"Polygon","coordinates":[[[137.376074,34.893426],[137.376232,34.893407],[137.376622,34.893559],[137.376936,34.893559],[137.377177,34.893484],[137.377365,34.893388],[137.377674,34.893276],[137.377779,34.893207],[137.37788,34.893122],[137.377981,34.893036],[137.378119,34.892966],[137.378161,34.892959],[137.378338,34.892932],[137.3787,34.892882],[137.379083,34.892833],[137.379412,34.892764],[137.379709,34.892695],[137.380028,34.892582],[137.380217,34.892448],[137.380361,34.892359],[137.380471,34.892315],[137.380515,34.892271],[137.38055,34.892153],[137.380548,34.892123],[137.380532,34.891963],[137.380491,34.891845],[137.380482,34.891745],[137.380462,34.891663],[137.380452,34.891609],[137.380475,34.891536],[137.380521,34.891455],[137.380576,34.891411],[137.380665,34.891367],[137.380731,34.891313],[137.380751,34.891287],[137.380787,34.891241],[137.380811,34.891124],[137.380815,34.890952],[137.380809,34.890814],[137.380808,34.890771],[137.380823,34.890553],[137.381038,34.890194],[137.381315,34.88998],[137.381428,34.889818],[137.381478,34.889761],[137.381595,34.88963],[137.381699,34.889387],[137.381748,34.889232],[137.381768,34.88917],[137.381816,34.889075],[137.381859,34.88899],[137.381929,34.888792],[137.382021,34.888575],[137.38209,34.888399],[137.382113,34.888341],[137.382148,34.888205],[137.382183,34.888115],[137.382227,34.888079],[137.382393,34.887991],[137.382439,34.887981],[137.382514,34.887965],[137.382668,34.887922],[137.382777,34.887896],[137.382844,34.88787],[137.382954,34.887789],[137.383054,34.887736],[137.383176,34.887647],[137.383319,34.887604],[137.383527,34.887561],[137.383747,34.8875],[137.38412,34.887432],[137.384329,34.887381],[137.384516,34.887328],[137.384659,34.887285],[137.384747,34.887268],[137.38479,34.887259],[137.384988,34.887235],[137.385119,34.887236],[137.385162,34.887242],[137.385457,34.887286],[137.385653,34.887306],[137.385872,34.887273],[137.386102,34.887239],[137.386234,34.887232],[137.386273,34.88722],[137.386322,34.887206],[137.38642,34.887189],[137.386461,34.887205],[137.386611,34.887267],[137.386626,34.887273],[137.3868,34.88732],[137.386865,34.887384],[137.386928,34.887424],[137.387027,34.887486],[137.38718,34.887452],[137.387279,34.887407],[137.387444,34.887355],[137.387598,34.887321],[137.387741,34.887295],[137.387981,34.887298],[137.388145,34.887291],[137.388222,34.887292],[137.388431,34.887231],[137.388564,34.887115],[137.388668,34.886998],[137.388732,34.886927],[137.388933,34.886703],[137.389024,34.886532],[137.389115,34.886352],[137.389194,34.886217],[137.389408,34.885894],[137.389586,34.885733],[137.389754,34.885508],[137.389956,34.885257],[137.390223,34.885034],[137.390319,34.884935],[137.390691,34.884551],[137.390825,34.884434],[137.391012,34.884364],[137.391625,34.884335],[137.392008,34.884277],[137.392348,34.884217],[137.392613,34.884121],[137.392909,34.884052],[137.393015,34.884034],[137.393205,34.884001],[137.393415,34.883913],[137.393736,34.8837],[137.393979,34.88354],[137.394145,34.883433],[137.394145,34.883432],[137.394086,34.883305],[137.393807,34.882798],[137.393478,34.882474],[137.393222,34.88226],[137.393075,34.882128],[137.392919,34.881806],[137.392749,34.881577],[137.392599,34.881453],[137.392519,34.881347],[137.392549,34.881104],[137.392453,34.880783],[137.392381,34.880525],[137.392175,34.8802],[137.392102,34.880025],[137.391885,34.879586],[137.391799,34.879427],[137.391748,34.879194],[137.391702,34.878954],[137.391387,34.878461],[137.391315,34.87831],[137.390894,34.878036],[137.390816,34.877907],[137.390752,34.877661],[137.390307,34.876957],[137.390108,34.876588],[137.39001,34.876569],[137.389583,34.876574],[137.389401,34.876494],[137.389213,34.876394],[137.388731,34.876081],[137.388907,34.875833],[137.388889,34.875634],[137.388839,34.875398],[137.388736,34.875106],[137.388654,34.874825],[137.388592,34.874634],[137.388508,34.874452],[137.388446,34.87427],[137.388405,34.874142],[137.388397,34.874015],[137.388476,34.873871],[137.388566,34.873719],[137.388678,34.873584],[137.388735,34.873485],[137.388802,34.873386],[137.388837,34.873287],[137.388916,34.873179],[137.389005,34.873099],[137.389104,34.873046],[137.389225,34.872993],[137.389269,34.872975],[137.389478,34.872915],[137.389643,34.87288],[137.389831,34.872774],[137.389911,34.872594],[137.389991,34.872414],[137.390127,34.87218],[137.390288,34.871738],[137.390282,34.871511],[137.390242,34.871339],[137.39018,34.871121],[137.390164,34.870849],[137.390127,34.870798],[137.390025,34.870657],[137.389973,34.870547],[137.3899,34.870393],[137.389573,34.870352],[137.389312,34.870277],[137.389073,34.870219],[137.3889,34.870109],[137.388769,34.869936],[137.388638,34.869768],[137.388474,34.869386],[137.388292,34.868996],[137.388212,34.868851],[137.388021,34.868856],[137.387843,34.868862],[137.387788,34.868864],[137.387458,34.868872],[137.387323,34.868835],[137.387196,34.868738],[137.387015,34.868408],[137.386971,34.868324],[137.386758,34.868249],[137.386639,34.868183],[137.386313,34.867859],[137.38613,34.867742],[137.385991,34.867709],[137.38578,34.867703],[137.385487,34.867698],[137.385385,34.867687],[137.385034,34.867452],[137.384511,34.867159],[137.384385,34.867201],[137.384214,34.867269],[137.384065,34.867334],[137.383836,34.867381],[137.383703,34.867398],[137.38354,34.867396],[137.383374,34.867231],[137.383206,34.867023],[137.383058,34.866748],[137.382941,34.866379],[137.382802,34.86619],[137.382807,34.866127],[137.382832,34.866083],[137.382884,34.866032],[137.383002,34.865897],[137.383063,34.865792],[137.383169,34.865486],[137.383253,34.865267],[137.383473,34.864997],[137.383777,34.864617],[137.38399,34.864449],[137.38417,34.864184],[137.384233,34.863945],[137.384162,34.863732],[137.384169,34.86357],[137.384269,34.863358],[137.38447,34.863143],[137.384627,34.862973],[137.384587,34.862764],[137.384451,34.862748],[137.384355,34.862711],[137.384157,34.862651],[137.383922,34.862533],[137.383777,34.862398],[137.383681,34.862343],[137.383519,34.862222],[137.383351,34.862049],[137.383307,34.86196],[137.383267,34.861881],[137.383258,34.861806],[137.383235,34.86155],[137.383223,34.861371],[137.38313,34.861206],[137.382988,34.860895],[137.382891,34.860564],[137.382941,34.860422],[137.382989,34.86023],[137.383238,34.859866],[137.383469,34.859573],[137.38347,34.859571],[137.38365,34.85932],[137.383819,34.859086],[137.384693,34.857992],[137.38467,34.857511],[137.384523,34.857174],[137.3845,34.856985],[137.384476,34.856793],[137.384665,34.856495],[137.3855,34.855174],[137.385959,34.854448],[137.385965,34.854438],[137.386046,34.854204],[137.386049,34.854063],[137.386051,34.853946],[137.386053,34.853878],[137.386002,34.85366],[137.385845,34.853385],[137.385743,34.853315],[137.3856,34.853266],[137.385739,34.852932],[137.385769,34.852748],[137.385803,34.852558],[137.385853,34.852518],[137.385952,34.852367],[137.385998,34.852247],[137.3861,34.852058],[137.38616,34.851974],[137.38631,34.851903],[137.386752,34.851623],[137.387129,34.851407],[137.387432,34.851179],[137.387553,34.851232],[137.387487,34.850883],[137.38738,34.850562],[137.387313,34.850596],[137.387162,34.850676],[137.386893,34.85078],[137.38654,34.850908],[137.386393,34.850949],[137.386099,34.851002],[137.385664,34.851077],[137.3855,34.851101],[137.385301,34.851114],[137.385151,34.851134],[137.384997,34.85116],[137.384854,34.851191],[137.384693,34.851261],[137.384529,34.851342],[137.384389,34.851427],[137.384248,34.851544],[137.384214,34.851573],[137.384192,34.851592],[137.384154,34.851634],[137.384114,34.851758],[137.384074,34.852073],[137.384074,34.852186],[137.384115,34.852287],[137.384184,34.8524],[137.384184,34.852524],[137.384157,34.852693],[137.383665,34.852829],[137.383106,34.852655],[137.383069,34.852987],[137.383046,34.85313],[137.383011,34.853293],[137.382963,34.853405],[137.382888,34.853507],[137.382711,34.8538],[137.38267,34.853879],[137.382767,34.854205],[137.382672,34.854375],[137.382535,34.85442],[137.38233,34.854432],[137.382153,34.854646],[137.38199,34.854872],[137.381809,34.854939],[137.381898,34.854629],[137.381938,34.854556],[137.382048,34.854365],[137.382233,34.854049],[137.381646,34.854095],[137.381526,34.853007],[137.380004,34.853095],[137.379046,34.853096],[137.379059,34.852961],[137.378512,34.85294],[137.378433,34.852941],[137.378394,34.852952],[137.378357,34.853007],[137.378311,34.853319],[137.377966,34.853579],[137.377846,34.853481],[137.377857,34.853424],[137.377978,34.852602],[137.378114,34.852366],[137.378318,34.851621],[137.378373,34.850967],[137.377633,34.850788],[137.377549,34.850316],[137.377534,34.849978],[137.377588,34.849775],[137.37767,34.849718],[137.377834,34.849628],[137.377998,34.849571],[137.377943,34.849515],[137.377833,34.849346],[137.377736,34.848591],[137.377735,34.848478],[137.377912,34.848163],[137.37768,34.848017],[137.37774,34.847742],[137.377946,34.846812],[137.377434,34.846856],[137.377418,34.846662],[137.377293,34.846698],[137.377176,34.84677],[137.377085,34.846924],[137.376988,34.847083],[137.376823,34.847337],[137.376726,34.847512],[137.376477,34.847658],[137.376393,34.847749],[137.376348,34.848013],[137.376311,34.848112],[137.376296,34.848189],[137.376148,34.848226],[137.375974,34.848236],[137.375772,34.848262],[137.375591,34.848312],[137.375357,34.848347],[137.375302,34.848415],[137.375197,34.848552],[137.375088,34.848693],[137.374925,34.848954],[137.3749,34.849084],[137.374865,34.849264],[137.374848,34.849373],[137.374888,34.849478],[137.37494,34.84964],[137.37494,34.849764],[137.374926,34.849871],[137.374883,34.849999],[137.374851,34.850191],[137.374817,34.850261],[137.374754,34.85035],[137.374798,34.850531],[137.374849,34.850742],[137.374933,34.850909],[137.374996,34.850997],[137.375099,34.851211],[137.371803,34.851372],[137.371835,34.851057],[137.371904,34.850948],[137.371911,34.850865],[137.371846,34.850787],[137.37175,34.850677],[137.371701,34.850543],[137.371689,34.850384],[137.371714,34.85027],[137.371737,34.850169],[137.371751,34.850016],[137.371708,34.849941],[137.371612,34.849927],[137.371507,34.849902],[137.371479,34.849726],[137.371428,34.849642],[137.371334,34.849564],[137.371218,34.849504],[137.371163,34.849437],[137.370995,34.849091],[137.370849,34.848736],[137.370794,34.848376],[137.370881,34.848359],[137.372037,34.848014],[137.371894,34.847684],[137.371685,34.84774],[137.371631,34.847752],[137.371582,34.847742],[137.371462,34.847503],[137.370877,34.847688],[137.3708,34.84737],[137.370695,34.847074],[137.370434,34.84698],[137.370347,34.846922],[137.370277,34.846861],[137.370177,34.846776],[137.369932,34.846561],[137.369898,34.846527],[137.369801,34.846429],[137.369695,34.846373],[137.369632,34.846334],[137.369631,34.846339],[137.369599,34.846525],[137.369482,34.846449],[137.368408,34.845783],[137.368195,34.845769],[137.368042,34.845915],[137.367952,34.845995],[137.367842,34.84608],[137.367695,34.846184],[137.367521,34.846298],[137.367416,34.8463],[137.367343,34.846317],[137.367277,34.846349],[137.367248,34.846384],[137.367234,34.846454],[137.367201,34.846517],[137.367096,34.84659],[137.366929,34.846704],[137.366752,34.846832],[137.366479,34.846789],[137.366049,34.846619],[137.366022,34.84656],[137.365974,34.846323],[137.365906,34.84623],[137.365858,34.846143],[137.365781,34.845996],[137.365726,34.845872],[137.365709,34.845821],[137.365675,34.845764],[137.365576,34.845712],[137.365503,34.845656],[137.365415,34.84558],[137.365383,34.845543],[137.365335,34.845485],[137.365326,34.845474],[137.365298,34.845377],[137.365281,34.845303],[137.36525,34.845214],[137.365235,34.84514],[137.3652,34.845082],[137.36383,34.844629],[137.363829,34.844693],[137.364032,34.845079],[137.364255,34.845501],[137.364254,34.845501],[137.364409,34.845791],[137.364676,34.846278],[137.364917,34.846747],[137.364981,34.8469],[137.36468,34.847925],[137.364671,34.847946],[137.364449,34.848433],[137.364163,34.848963],[137.364095,34.849143],[137.364069,34.849414],[137.364069,34.849572],[137.363987,34.849752],[137.363879,34.849921],[137.363715,34.85009],[137.36351,34.850237],[137.363073,34.850486],[137.363066,34.850623],[137.363071,34.851392],[137.363063,34.851725],[137.363091,34.851928],[137.363146,34.852108],[137.363242,34.852345],[137.362764,34.852481],[137.362532,34.852628],[137.362314,34.852853],[137.362189,34.853104],[137.362173,34.853147],[137.362146,34.853219],[137.362056,34.853301],[137.361963,34.853355],[137.36192,34.853379],[137.361745,34.853489],[137.361533,34.853664],[137.361339,34.853827],[137.361137,34.854123],[137.361021,34.854201],[137.360916,34.85433],[137.36085,34.854356],[137.360686,34.854413],[137.360506,34.854475],[137.360286,34.854568],[137.360102,34.854662],[137.359796,34.854703],[137.359509,34.854691],[137.359014,34.855305],[137.359066,34.855368],[137.359212,34.855524],[137.359371,34.855799],[137.359421,34.855969],[137.359537,34.856168],[137.359707,34.856219],[137.359919,34.856286],[137.36024,34.856508],[137.360571,34.856751],[137.360817,34.856976],[137.36095,34.856951],[137.3612,34.856874],[137.361393,34.856864],[137.361559,34.856864],[137.361856,34.856866],[137.362057,34.856877],[137.362246,34.856951],[137.362441,34.857075],[137.362668,34.857227],[137.362806,34.857433],[137.362957,34.857672],[137.36312,34.857895],[137.363334,34.858025],[137.363544,34.858153],[137.36367,34.858352],[137.363835,34.858644],[137.364052,34.858954],[137.364269,34.859217],[137.36451,34.859732],[137.364535,34.859861],[137.36453,34.860032],[137.364498,34.860161],[137.364377,34.860438],[137.36431,34.860525],[137.364206,34.860717],[137.364174,34.860777],[137.36408,34.860952],[137.364066,34.86099],[137.363908,34.861328],[137.36387,34.861385],[137.363861,34.861444],[137.363911,34.861481],[137.364762,34.861762],[137.365004,34.861842],[137.365136,34.861916],[137.365369,34.862046],[137.365424,34.862083],[137.365537,34.862168],[137.365644,34.862282],[137.365704,34.862429],[137.365696,34.862561],[137.365691,34.862763],[137.365749,34.862949],[137.365767,34.863211],[137.365773,34.863368],[137.365773,34.863449],[137.365708,34.863527],[137.365579,34.863592],[137.365331,34.863672],[137.365018,34.863836],[137.364913,34.863885],[137.364825,34.863949],[137.364724,34.864066],[137.364674,34.864205],[137.364648,34.864337],[137.364594,34.864596],[137.36447,34.864863],[137.364408,34.865005],[137.364369,34.865159],[137.364366,34.865314],[137.364416,34.865476],[137.364492,34.865674],[137.364512,34.865702],[137.365089,34.866077],[137.365127,34.866131],[137.365125,34.86623],[137.365011,34.866434],[137.365045,34.86664],[137.365059,34.866804],[137.365078,34.866886],[137.365058,34.866952],[137.36502,34.867058],[137.364957,34.867238],[137.364992,34.867441],[137.365088,34.867586],[137.365226,34.867749],[137.365358,34.867915],[137.365526,34.868072],[137.365725,34.868206],[137.365896,34.868349],[137.365935,34.868495],[137.365941,34.869099],[137.366139,34.86936],[137.366046,34.869555],[137.36597,34.86967],[137.365844,34.869813],[137.365747,34.869981],[137.36568,34.870137],[137.365577,34.870316],[137.365528,34.870423],[137.365474,34.87049],[137.36533,34.870588],[137.365023,34.870684],[137.364891,34.870721],[137.364729,34.870817],[137.364723,34.870828],[137.364615,34.870963],[137.364512,34.871201],[137.364465,34.871443],[137.364402,34.871843],[137.364359,34.871924],[137.36423,34.872026],[137.363971,34.872127],[137.363924,34.872156],[137.363928,34.872319],[137.363926,34.872583],[137.36402,34.872974],[137.362929,34.873358],[137.362827,34.873398],[137.362379,34.873556],[137.362335,34.873607],[137.362242,34.873721],[137.362044,34.874008],[137.362027,34.874273],[137.361922,34.874593],[137.361679,34.874907],[137.36142,34.875317],[137.36129,34.875617],[137.361264,34.875866],[137.361194,34.876123],[137.361162,34.876233],[137.361133,34.876324],[137.361025,34.876494],[137.360938,34.876589],[137.360792,34.876696],[137.360657,34.876752],[137.360499,34.876783],[137.360042,34.878365],[137.358897,34.87909],[137.358948,34.879157],[137.359047,34.879287],[137.358986,34.879604],[137.358848,34.879955],[137.358744,34.880198],[137.358704,34.880587],[137.358713,34.880696],[137.358831,34.880761],[137.359201,34.880865],[137.359666,34.881089],[137.359959,34.88121],[137.360344,34.881247],[137.360463,34.881284],[137.360527,34.881355],[137.360707,34.882104],[137.360808,34.882474],[137.360837,34.882643],[137.36088,34.882731],[137.361057,34.882929],[137.361098,34.882975],[137.361126,34.883105],[137.361086,34.883194],[137.360944,34.883311],[137.360725,34.883445],[137.360487,34.883753],[137.360455,34.883867],[137.360381,34.884123],[137.36034,34.884392],[137.360319,34.88453],[137.360343,34.884956],[137.360521,34.885357],[137.360744,34.885658],[137.36076,34.885682],[137.360842,34.885806],[137.360941,34.885955],[137.360999,34.886042],[137.361145,34.88637],[137.361327,34.886562],[137.361661,34.886793],[137.361888,34.886923],[137.362061,34.886997],[137.362279,34.887063],[137.362399,34.887071],[137.36265,34.887086],[137.362956,34.887063],[137.36312,34.887065],[137.363349,34.887095],[137.363441,34.88719],[137.363449,34.887198],[137.363538,34.887326],[137.363636,34.887515],[137.363794,34.887807],[137.363854,34.887914],[137.363942,34.888071],[137.364036,34.888181],[137.364123,34.888282],[137.364212,34.88834],[137.36456,34.888406],[137.364803,34.888516],[137.36499,34.888641],[137.36526,34.888837],[137.365402,34.888952],[137.365486,34.889039],[137.365614,34.889045],[137.365797,34.889061],[137.36591,34.88908],[137.366135,34.889146],[137.366299,34.889259],[137.366511,34.889413],[137.366624,34.889475],[137.366702,34.889504],[137.366948,34.889554],[137.367129,34.889602],[137.367328,34.889648],[137.36747,34.889692],[137.367751,34.889789],[137.367929,34.889847],[137.368092,34.889877],[137.368279,34.889877],[137.368583,34.889844],[137.369014,34.889793],[137.369239,34.889737],[137.369363,34.889726],[137.369503,34.889742],[137.369705,34.889826],[137.370014,34.890055],[137.370303,34.890197],[137.370509,34.890296],[137.37086,34.890557],[137.371177,34.890863],[137.371396,34.891065],[137.371712,34.8913],[137.371925,34.891425],[137.372153,34.891512],[137.372281,34.891546],[137.372679,34.891622],[137.37293,34.891614],[137.373103,34.891582],[137.373424,34.891492],[137.373501,34.891497],[137.373595,34.891521],[137.373662,34.891606],[137.373693,34.891662],[137.373959,34.892154],[137.374026,34.892595],[137.374027,34.892599],[137.374151,34.892944],[137.374364,34.89318],[137.374673,34.893407],[137.374897,34.893576],[137.375021,34.893637],[137.375219,34.89372],[137.375322,34.893755],[137.375368,34.89377],[137.37551,34.893798],[137.375626,34.893763],[137.375915,34.893643],[137.37599,34.893529],[137.376074,34.893426]]]}},{"type":"Feature","id":"23207063001","properties":{"KEY_CODE":"23207063001","PREF":"23","CITY":"207","S_AREA":"063001","PREF_NAME":"愛知県","CITY_NAME":"豊川市","S_NAME":"千歳通一丁目","HCODE":8101,"AREA":28604.69,"KIGO_E":"","JINKO":82,"SETAI":37,"X_CODE":137.38486,"Y_CODE":34.821068},"geometry":{"type":"Polygon","coordinates":[[[137.386314,34.822625],[137.386268,34.822523],[137.386188,34.822543],[137.386053,34.822274],[137.385938,34.822139],[137.385926,34.822143],[137.38554,34.821536],[137.385566,34.821492],[137.385339,34.821067],[137.385159,34.820865],[137.384952,34.82068],[137.384879,34.820571],[137.385033,34.820502],[137.384724,34.820019],[137.384581,34.820052],[137.384455,34.819863],[137.384238,34.819914],[137.383932,34.819434],[137.384198,34.819366],[137.384061,34.819053],[137.38376,34.819125],[137.383626,34.819159],[137.383401,34.819214],[137.383424,34.819294],[137.383514,34.819269],[137.383617,34.819506],[137.383491,34.819544],[137.383633,34.819887],[137.383754,34.819856],[137.383814,34.820018],[137.383957,34.819987],[137.3842,34.820377],[137.384032,34.820457],[137.384183,34.820684],[137.384395,34.820815],[137.384257,34.820952],[137.384621,34.821378],[137.384979,34.821942],[137.385047,34.82205],[137.385093,34.822126],[137.385114,34.822162],[137.385346,34.822559],[137.385408,34.822569],[137.385485,34.82275],[137.385537,34.822864],[137.386314,34.822625]]]}},{"type":"Feature","id":"23207063002","properties":{"KEY_CODE":"23207063002","PREF":"23","CITY":"207","S_AREA":"063002","PREF_NAME":"愛知県","CITY_NAME":"豊川市","S_NAME":"千歳通二丁目","HCODE":8101,"AREA":27466.617,"KIGO_E":"","JINKO":42,"SETAI":18,"X_CODE":137.382526,"Y_CODE":34.81793},"geometry":{"type":"Polygon","coordinates":[[[137.38414,34.819034],[137.384067,34.818819],[137.383914,34.818858],[137.383698,34.818295],[137.383683,34.818267],[137.383804,34.818239],[137.383543,34.817997],[137.383171,34.81772],[137.382665,34.817367],[137.382594,34.817402],[137.382286,34.817182],[137.382204,34.817266],[137.382072,34.817403],[137.38166,34.817141],[137.381279,34.816895],[137.38102,34.816708],[137.380975,34.816682],[137.380816,34.816847],[137.38058,34.817078],[137.381674,34.817795],[137.38177,34.817697],[137.381959,34.817824],[137.381879,34.817909],[137.382136,34.818068],[137.382492,34.818346],[137.382978,34.818739],[137.383093,34.818786],[137.383187,34.819072],[137.383537,34.818977],[137.383626,34.819159],[137.38376,34.819125],[137.384061,34.819053],[137.38414,34.819034]]]}},{"type":"Feature","id":"23207063003","properties":{"KEY_CODE":"23207063003","PREF":"23","CITY":"207","S_AREA":"063003","PREF_NAME":"愛知県","CITY_NAME":"豊川市","S_NAME":"千歳通三丁目","HCODE":8101,"AREA":24217.218,"KIGO_E":"","JINKO":10,"SETAI":3,"X_CODE":137.380399,"Y_CODE":34.81632},"geometry":{"type":"Polygon","coordinates":[[[137.381919,34.816764],[137.381476,34.816387],[137.381227,34.816512],[137.381069,34.816398],[137.381238,34.816215],[137.380499,34.815791],[137.380261,34.815688],[137.379925,34.815572],[137.379832,34.815757],[137.379241,34.81554],[137.379209,34.81553],[137.379068,34.815492],[137.37891,34.815829],[137.379093,34.815895],[137.378909,34.81627],[137.379453,34.81643],[137.380025,34.816638],[137.380364,34.816856],[137.380557,34.816662],[137.380816,34.816847],[137.380975,34.816682],[137.38102,34.816708],[137.381279,34.816895],[137.38166,34.817141],[137.382072,34.817403],[137.382204,34.817266],[137.382007,34.817121],[137.38215,34.816992],[137.381919,34.816764]]]}},{"type":"Feature","id":"23207063004","properties":{"KEY_CODE":"23207063004","PREF":"23","CITY":"207","S_AREA":"063004","PREF_NAME":"愛知県","CITY_NAME":"豊川市","S_NAME":"千歳通四丁目","HCODE":8101,"AREA":22236.505,"KIGO_E":"","JINKO":25,"SETAI":10,"X_CODE":137.376912,"Y_CODE":34.815359},"geometry":{"type":"Polygon","coordinates":[[[137.377779,34.816036],[137.377871,34.81584],[137.3782,34.815955],[137.378254,34.815809],[137.378438,34.815872],[137.378513,34.815696],[137.378167,34.815583],[137.378295,34.815307],[137.377613,34.815099],[137.377625,34.81507],[137.377505,34.81503],[137.377482,34.815075],[137.377474,34.815072],[137.377167,34.814968],[137.377197,34.814898],[137.377053,34.814855],[137.377005,34.81484],[137.376966,34.814828],[137.376877,34.814802],[137.376865,34.814823],[137.376451,34.814698],[137.376448,34.814705],[137.376443,34.814703],[137.376396,34.814794],[137.376399,34.814795],[137.376389,34.814812],[137.376316,34.814788],[137.37618,34.814744],[137.376172,34.814761],[137.376164,34.814775],[137.376019,34.814724],[137.375956,34.814702],[137.375944,34.814698],[137.375894,34.814681],[137.375851,34.814778],[137.375895,34.814793],[137.375584,34.8154],[137.375801,34.815476],[137.375631,34.8158],[137.376071,34.815916],[137.376217,34.815564],[137.376789,34.81575],[137.37691,34.815475],[137.377086,34.81553],[137.377003,34.815733],[137.377332,34.815838],[137.377404,34.815671],[137.377588,34.815727],[137.377485,34.815949],[137.377779,34.816036]]]}},{"type":"Feature","id":"23207064001","properties":{"KEY_CODE":"23207064001","PREF":"23","CITY":"207","S_AREA":"064001","PREF_NAME":"愛知県","CITY_NAME":"豊川市","S_NAME":"中央通一丁目","HCODE":8101,"AREA":12669.19,"KIGO_E":"","JINKO":105,"SETAI":52,"X_CODE":137.392933,"Y_CODE":34.821029},"geometry":{"type":"Polygon","coordinates":[[[137.393449,34.820981],[137.39357,34.820928],[137.393638,34.821072],[137.393934,34.821005],[137.393948,34.821049],[137.394172,34.820991],[137.394082,34.820613],[137.394019,34.82042],[137.394002,34.820338],[137.393407,34.820528],[137.393377,34.82047],[137.392891,34.820653],[137.393011,34.820874],[137.392447,34.821032],[137.392167,34.821115],[137.391507,34.821318],[137.391748,34.821952],[137.391961,34.821929],[137.391845,34.821551],[137.393183,34.82117],[137.39348,34.821031],[137.393449,34.820981]]]}},{"type":"Feature","id":"23207064002","properties":{"KEY_CODE":"23207064002","PREF":"23","CITY":"207","S_AREA":"064002","PREF_NAME":"愛知県","CITY_NAME":"豊川市","S_NAME":"中央通二丁目","HCODE":8101,"AREA":26196.515,"KIGO_E":"","JINKO":134,"SETAI":69,"X_CODE":137.391111,"Y_CODE":34.82167},"geometry":{"type":"Polygon","coordinates":[[[137.392114,34.822523],[137.392218,34.821906],[137.391961,34.821929],[137.391748,34.821952],[137.391507,34.821318],[137.392167,34.821115],[137.392447,34.821032],[137.393011,34.820874],[137.392891,34.820653],[137.392812,34.82052],[137.392579,34.820623],[137.392286,34.820719],[137.392034,34.820804],[137.392089,34.82093],[137.391317,34.821127],[137.391249,34.820941],[137.391096,34.820989],[137.391192,34.82124],[137.391022,34.821291],[137.390907,34.821072],[137.390729,34.821124],[137.390798,34.821252],[137.390603,34.821294],[137.390646,34.821398],[137.39048,34.821452],[137.390415,34.821279],[137.39025,34.821333],[137.390318,34.82149],[137.390118,34.821546],[137.3901,34.821504],[137.390099,34.821504],[137.38982,34.821589],[137.389854,34.821665],[137.389756,34.821694],[137.389532,34.821764],[137.389508,34.821713],[137.389412,34.82174],[137.389347,34.821607],[137.389098,34.82169],[137.389253,34.821971],[137.389286,34.822027],[137.389413,34.82221],[137.389692,34.822113],[137.38976,34.822241],[137.390084,34.822135],[137.390018,34.821985],[137.390342,34.821858],[137.390381,34.821929],[137.390516,34.82189],[137.390651,34.822206],[137.390918,34.822099],[137.391062,34.822064],[137.391145,34.822041],[137.391256,34.822474],[137.391639,34.8225],[137.392114,34.822523]]]}},{"type":"Feature","id":"23207064003","properties":{"KEY_CODE":"23207064003","PREF":"23","CITY":"207","S_AREA":"064003","PREF_NAME":"愛知県","CITY_NAME":"豊川市","S_NAME":"中央通三丁目","HCODE":8101,"AREA":12796.795,"KIGO_E":"","JINKO":27,"SETAI":10,"X_CODE":137.388355,"Y_CODE":34.822233},"geometry":{"type":"Polygon","coordinates":[[[137.387758,34.822644],[137.387964,34.822595],[137.388092,34.822681],[137.388718,34.822511],[137.388705,34.822415],[137.389011,34.822305],[137.389095,34.822313],[137.389413,34.82221],[137.389286,34.822027],[137.389253,34.821971],[137.389098,34.82169],[137.389032,34.821578],[137.388473,34.821749],[137.387805,34.821945],[137.38784,34.82202],[137.387986,34.822402],[137.387055,34.822672],[137.387119,34.822874],[137.387134,34.822945],[137.387816,34.822778],[137.387758,34.822644]]]}},{"type":"Feature","id":"23207064004","properties":{"KEY_CODE":"23207064004","PREF":"23","CITY":"207","S_AREA":"064004","PREF_NAME":"愛知県","CITY_NAME":"豊川市","S_NAME":"中央通四丁目","HCODE":8101,"AREA":48096.909,"KIGO_E":"","JINKO":304,"SETAI":124,"X_CODE":137.384102,"Y_CODE":34.823501},"geometry":{"type":"Polygon","coordinates":[[[137.381694,34.824462],[137.381896,34.824389],[137.382043,34.824503],[137.382325,34.824354],[137.38226,34.824232],[137.38257,34.824146],[137.382624,34.824275],[137.383349,34.824036],[137.383592,34.823955],[137.383634,34.82404],[137.383864,34.823971],[137.383815,34.823891],[137.383987,34.823829],[137.384025,34.823907],[137.384279,34.823798],[137.384228,34.823685],[137.384894,34.823491],[137.385178,34.823374],[137.385163,34.823331],[137.385275,34.823299],[137.385288,34.823318],[137.385316,34.823312],[137.385332,34.823343],[137.385439,34.823309],[137.385468,34.823441],[137.385554,34.823399],[137.385741,34.823309],[137.38572,34.823265],[137.386203,34.823191],[137.386327,34.823397],[137.386546,34.823322],[137.386538,34.8233],[137.386769,34.82322],[137.38683,34.823204],[137.386885,34.823193],[137.38695,34.823188],[137.386964,34.823188],[137.386947,34.823129],[137.38687,34.822941],[137.387119,34.822874],[137.387055,34.822672],[137.387986,34.822402],[137.38784,34.82202],[137.387015,34.822243],[137.386824,34.822299],[137.386842,34.822343],[137.386268,34.822523],[137.386314,34.822625],[137.385537,34.822864],[137.385485,34.82275],[137.385115,34.822848],[137.385133,34.82289],[137.384962,34.822937],[137.385002,34.82303],[137.384784,34.823094],[137.3847,34.822977],[137.3844,34.823031],[137.384296,34.823081],[137.384262,34.823097],[137.384238,34.823045],[137.383897,34.823134],[137.383921,34.823203],[137.383432,34.823345],[137.383383,34.823244],[137.383255,34.823273],[137.383233,34.823181],[137.382971,34.823234],[137.383075,34.823461],[137.382909,34.823504],[137.382904,34.823492],[137.382803,34.823518],[137.382779,34.823485],[137.382151,34.823638],[137.382087,34.823678],[137.381666,34.823808],[137.381598,34.823902],[137.381376,34.823961],[137.381153,34.824006],[137.381104,34.824017],[137.381056,34.824042],[137.381007,34.824086],[137.380947,34.824143],[137.380887,34.824104],[137.380719,34.824303],[137.380858,34.82441],[137.381301,34.824771],[137.381736,34.825273],[137.381972,34.825183],[137.381804,34.824906],[137.381615,34.824761],[137.381829,34.824679],[137.381694,34.824462]]]}},{"type":"Feature","id":"23207064005","properties":{"KEY_CODE":"23207064005","PREF":"23","CITY":"207","S_AREA":"064005","PREF_NAME":"愛知県","CITY_NAME":"豊川市","S_NAME":"中央通五丁目","HCODE":8101,"AREA":58221.191,"KIGO_E":"","JINKO":254,"SETAI":105,"X_CODE":137.379355,"Y_CODE":34.825101},"geometry":{"type":"Polygon","coordinates":[[[137.376702,34.825922],[137.377815,34.825639],[137.377925,34.825641],[137.378671,34.825663],[137.379086,34.825667],[137.379551,34.825675],[137.380385,34.825691],[137.38203,34.825691],[137.381903,34.825513],[137.381736,34.825273],[137.381301,34.824771],[137.380858,34.82441],[137.380719,34.824303],[137.380675,34.824268],[137.380367,34.824073],[137.379679,34.824253],[137.379682,34.824286],[137.37957,34.824317],[137.379541,34.824315],[137.379518,34.824301],[137.379439,34.824323],[137.379422,34.824279],[137.378871,34.824418],[137.378884,34.824476],[137.378641,34.824538],[137.378682,34.82464],[137.378265,34.824751],[137.378209,34.824606],[137.378188,34.824611],[137.377952,34.824681],[137.377886,34.824685],[137.377784,34.824709],[137.377717,34.824736],[137.377693,34.824757],[137.376842,34.825008],[137.376873,34.825122],[137.376595,34.825201],[137.376687,34.825436],[137.37672,34.82549],[137.376702,34.825922]]]}},{"type":"Feature","id":"23207065000","properties":{"KEY_CODE":"23207065000","PREF":"23","CITY":"207","S_AREA":"065000","PREF_NAME":"愛知県","CITY_NAME":"豊川市","S_NAME":"中条町上石畑","HCODE":8101,"AREA":332491.843,"KIGO_E":"","JINKO":1476,"SETAI":595,"X_CODE":137.390402,"Y_CODE":34.814873},"geometry":{"type":"Polygon","coordinates":[[[137.39751,34.819177],[137.398751,34.817815],[137.399048,34.817989],[137.399649,34.81734],[137.399664,34.817323],[137.399444,34.817173],[137.398964,34.816865],[137.397968,34.816239],[137.396979,34.815621],[137.394981,34.81437],[137.393004,34.813151],[137.39215,34.814051],[137.39168,34.813771],[137.391123,34.813444],[137.390896,34.813705],[137.390837,34.813689],[137.390757,34.813688],[137.390638,34.813803],[137.390591,34.813853],[137.390508,34.813862],[137.390432,34.813859],[137.390253,34.813824],[137.390096,34.813779],[137.389878,34.813698],[137.389622,34.813588],[137.389389,34.813475],[137.389143,34.813333],[137.389076,34.813306],[137.388974,34.813239],[137.388855,34.813158],[137.388714,34.813112],[137.388475,34.813057],[137.38823,34.812983],[137.387966,34.812873],[137.387667,34.812764],[137.387416,34.812651],[137.387223,34.812494],[137.387109,34.812394],[137.386973,34.812265],[137.386824,34.812113],[137.386656,34.811953],[137.386497,34.811736],[137.386415,34.8118],[137.386294,34.811806],[137.38622,34.811776],[137.386141,34.811715],[137.386028,34.811641],[137.385967,34.8116],[137.385927,34.811618],[137.38592,34.811659],[137.385919,34.811758],[137.385717,34.812058],[137.385551,34.812299],[137.385436,34.812402],[137.385312,34.812513],[137.385177,34.812644],[137.384992,34.812847],[137.384816,34.813018],[137.384693,34.81314],[137.384343,34.812926],[137.383965,34.812665],[137.383893,34.812728],[137.383845,34.812801],[137.383812,34.812875],[137.383788,34.812928],[137.383764,34.812991],[137.383738,34.813067],[137.383708,34.813202],[137.383693,34.81327],[137.383642,34.813409],[137.383642,34.813479],[137.38398,34.813662],[137.384079,34.813847],[137.384612,34.814265],[137.38432,34.814562],[137.385252,34.815165],[137.385045,34.815438],[137.385302,34.815596],[137.385825,34.815915],[137.386162,34.815615],[137.386278,34.815498],[137.386394,34.81536],[137.387123,34.815614],[137.387643,34.815887],[137.388281,34.816254],[137.388469,34.816348],[137.388757,34.816512],[137.389946,34.817156],[137.390514,34.816539],[137.390642,34.816449],[137.390824,34.816228],[137.39064,34.816104],[137.390981,34.815746],[137.391496,34.815196],[137.391527,34.815141],[137.391507,34.815054],[137.391346,34.814442],[137.391731,34.814514],[137.392331,34.814653],[137.392898,34.814765],[137.393351,34.814769],[137.393547,34.814772],[137.393684,34.814801],[137.39382,34.81486],[137.393922,34.814904],[137.393998,34.814932],[137.394173,34.815039],[137.394383,34.815198],[137.394631,34.815329],[137.39482,34.815438],[137.395039,34.815528],[137.395326,34.815585],[137.395526,34.815621],[137.395682,34.81566],[137.395836,34.815769],[137.395936,34.815898],[137.396081,34.816102],[137.396356,34.816304],[137.396181,34.816487],[137.396676,34.816774],[137.396541,34.816903],[137.397085,34.817219],[137.396973,34.817357],[137.397215,34.817485],[137.397092,34.817599],[137.397257,34.817705],[137.397311,34.81778],[137.39743,34.817974],[137.397657,34.818295],[137.3972,34.818794],[137.397324,34.81902],[137.39736,34.819071],[137.397463,34.819217],[137.39751,34.819177]]]}},{"type":"Feature","id":"23207065001","properties":{"KEY_CODE":"23207065001","PREF":"23","CITY":"207","S_AREA":"065001","PREF_NAME":"愛知県","CITY_NAME":"豊川市","S_NAME":"中条町一丁目","HCODE":8101,"AREA":17503.501,"KIGO_E":"","JINKO":84,"SETAI":34,"X_CODE":137.386983,"Y_CODE":34.816083},"geometry":{"type":"Polygon","coordinates":[[[137.387309,34.816884],[137.387646,34.816339],[137.38772,34.816374],[137.387776,34.81637],[137.388054,34.816518],[137.388281,34.816254],[137.387643,34.815887],[137.387123,34.815614],[137.386394,34.81536],[137.386278,34.815498],[137.386162,34.815615],[137.385825,34.815915],[137.385766,34.815982],[137.386379,34.816326],[137.38652,34.816185],[137.386876,34.816425],[137.386794,34.816539],[137.386972,34.816646],[137.386846,34.81678],[137.387015,34.816874],[137.387095,34.816798],[137.387309,34.816884]]]}},{"type":"Feature","id":"23207065002","properties":{"KEY_CODE":"23207065002","PREF":"23","CITY":"207","S_AREA":"065002","PREF_NAME":"愛知県","CITY_NAME":"豊川市","S_NAME":"中条町二丁目","HCODE":8101,"AREA":12594.509,"KIGO_E":"","JINKO":85,"SETAI":34,"X_CODE":137.384234,"Y_CODE":34.814681},"geometry":{"type":"Polygon","coordinates":[[[137.385045,34.815438],[137.385252,34.815165],[137.38432,34.814562],[137.384612,34.814265],[137.384079,34.813847],[137.383419,34.81448],[137.38331,34.814597],[137.383892,34.814924],[137.384048,34.815103],[137.384266,34.815281],[137.384481,34.815071],[137.384757,34.81526],[137.384635,34.815414],[137.384759,34.815484],[137.384876,34.815343],[137.385045,34.815438]]]}},{"type":"Feature","id":"23207065003","properties":{"KEY_CODE":"23207065003","PREF":"23","CITY":"207","S_AREA":"065003","PREF_NAME":"愛知県","CITY_NAME":"豊川市","S_NAME":"中条町三丁目","HCODE":8101,"AREA":5584.215,"KIGO_E":"","JINKO":93,"SETAI":53,"X_CODE":137.383526,"Y_CODE":34.814008},"geometry":{"type":"Polygon","coordinates":[[[137.384079,34.813847],[137.38398,34.813662],[137.383642,34.813479],[137.383355,34.813841],[137.383014,34.81419],[137.382914,34.814295],[137.38316,34.814474],[137.383273,34.814373],[137.383419,34.81448],[137.384079,34.813847]]]}},{"type":"Feature","id":"23207066001","properties":{"KEY_CODE":"23207066001","PREF":"23","CITY":"207","S_AREA":"066001","PREF_NAME":"愛知県","CITY_NAME":"豊川市","S_NAME":"中部町一丁目","HCODE":8101,"AREA":55359.407,"KIGO_E":"","JINKO":186,"SETAI":83,"X_CODE":137.370353,"Y_CODE":34.821318},"geometry":{"type":"Polygon","coordinates":[[[137.370538,34.82007],[137.370141,34.819943],[137.36946,34.820626],[137.369122,34.820966],[137.368543,34.821564],[137.369131,34.821926],[137.370489,34.822763],[137.370744,34.822915],[137.372001,34.82058],[137.371732,34.820489],[137.370538,34.82007]]]}},{"type":"Feature","id":"23207066002","properties":{"KEY_CODE":"23207066002","PREF":"23","CITY":"207","S_AREA":"066002","PREF_NAME":"愛知県","CITY_NAME":"豊川市","S_NAME":"中部町二丁目","HCODE":8101,"AREA":53629.931,"KIGO_E":"","JINKO":359,"SETAI":164,"X_CODE":137.36808,"Y_CODE":34.820166},"geometry":{"type":"Polygon","coordinates":[[[137.367559,34.819113],[137.367126,34.818953],[137.366127,34.820019],[137.367498,34.820905],[137.368543,34.821564],[137.369122,34.820966],[137.36946,34.820626],[137.370141,34.819943],[137.368574,34.819427],[137.367559,34.819113]]]}},{"type":"Feature","id":"23207067001","properties":{"KEY_CODE":"23207067001","PREF":"23","CITY":"207","S_AREA":"067001","PREF_NAME":"愛知県","CITY_NAME":"豊川市","S_NAME":"東光町一丁目","HCODE":8101,"AREA":19891.165,"KIGO_E":"","JINKO":212,"SETAI":88,"X_CODE":137.395239,"Y_CODE":34.829837},"geometry":{"type":"Polygon","coordinates":[[[137.395523,34.830013],[137.396438,34.829767],[137.396481,34.830367],[137.396724,34.83031],[137.396754,34.8303],[137.396555,34.829125],[137.396399,34.829165],[137.396365,34.829174],[137.396128,34.829235],[137.395546,34.8294],[137.395456,34.829435],[137.394686,34.82964],[137.394269,34.829646],[137.394188,34.829646],[137.393858,34.82996],[137.393573,34.830249],[137.393488,34.830316],[137.39376,34.830508],[137.39453,34.830285],[137.395523,34.830013]]]}},{"type":"Feature","id":"23207067002","properties":{"KEY_CODE":"23207067002","PREF":"23","CITY":"207","S_AREA":"067002","PREF_NAME":"愛知県","CITY_NAME":"豊川市","S_NAME":"東光町二丁目","HCODE":8101,"AREA":14215.757,"KIGO_E":"","JINKO":154,"SETAI":62,"X_CODE":137.395052,"Y_CODE":34.830385},"geometry":{"type":"Polygon","coordinates":[[[137.39459,34.83089],[137.394568,34.830579],[137.395541,34.830317],[137.395574,34.830611],[137.396481,34.830367],[137.396438,34.829767],[137.395523,34.830013],[137.39453,34.830285],[137.39376,34.830508],[137.393488,34.830316],[137.393316,34.830464],[137.393281,34.830494],[137.393506,34.830673],[137.393567,34.830631],[137.394125,34.831014],[137.394393,34.830947],[137.39459,34.83089]]]}},{"type":"Feature","id":"23207067003","properties":{"KEY_CODE":"23207067003","PREF":"23","CITY":"207","S_AREA":"067003","PREF_NAME":"愛知県","CITY_NAME":"豊川市","S_NAME":"東光町三丁目","HCODE":8101,"AREA":14480.34,"KIGO_E":"","JINKO":97,"SETAI":39,"X_CODE":137.395493,"Y_CODE":34.830837},"geometry":{"type":"Polygon","coordinates":[[[137.396536,34.831009],[137.396481,34.830367],[137.395574,34.830611],[137.395541,34.830317],[137.394568,34.830579],[137.39459,34.83089],[137.394393,34.830947],[137.395001,34.831372],[137.395621,34.831215],[137.396536,34.831009]]]}},{"type":"Feature","id":"23207067004","properties":{"KEY_CODE":"23207067004","PREF":"23","CITY":"207","S_AREA":"067004","PREF_NAME":"愛知県","CITY_NAME":"豊川市","S_NAME":"東光町四丁目","HCODE":8101,"AREA":15623.887,"KIGO_E":"","JINKO":143,"SETAI":59,"X_CODE":137.395962,"Y_CODE":34.831374},"geometry":{"type":"Polygon","coordinates":[[[137.396838,34.831851],[137.396764,34.830709],[137.396724,34.83031],[137.396481,34.830367],[137.396536,34.831009],[137.395621,34.831215],[137.395001,34.831372],[137.394393,34.830947],[137.394125,34.831014],[137.394943,34.831584],[137.395059,34.831464],[137.395657,34.831902],[137.395669,34.831952],[137.396631,34.831861],[137.396838,34.831851]]]}},{"type":"Feature","id":"232070680","properties":{"KEY_CODE":"232070680","PREF":"23","CITY":"207","S_AREA":"068000","PREF_NAME":"愛知県","CITY_NAME":"豊川市","S_NAME":"当古町","HCODE":8101,"AREA":1342226.612,"KIGO_E":"","JINKO":654,"SETAI":203,"X_CODE":137.418463,"Y_CODE":34.812816},"geometry":{"type":"Polygon","coordinates":[[[137.420125,34.819287],[137.420159,34.819165],[137.420115,34.819016],[137.420092,34.818834],[137.420129,34.818749],[137.420187,34.818752],[137.42026,34.818762],[137.420638,34.818484],[137.420792,34.818802],[137.420859,34.818917],[137.420898,34.818991],[137.420971,34.819001],[137.421023,34.818865],[137.421108,34.818786],[137.421206,34.818741],[137.421326,34.818663],[137.42138,34.818348],[137.421484,34.81832],[137.421499,34.818175],[137.421593,34.818],[137.421671,34.81781],[137.42178,34.817763],[137.421932,34.81777],[137.42217,34.817771],[137.422098,34.81762],[137.422033,34.817452],[137.422135,34.817254],[137.42225,34.817136],[137.422375,34.81703],[137.42259,34.816913],[137.422936,34.816815],[137.423269,34.816834],[137.423545,34.816849],[137.424075,34.816864],[137.424301,34.816848],[137.424592,34.816743],[137.424776,34.81668],[137.425164,34.816452],[137.425461,34.816311],[137.425896,34.815965],[137.426131,34.81575],[137.426402,34.815416],[137.426651,34.815077],[137.426824,34.814877],[137.427086,34.814623],[137.427356,34.814413],[137.427597,34.814232],[137.427781,34.81408],[137.428006,34.81387],[137.428186,34.81357],[137.428377,34.813407],[137.428651,34.813279],[137.428966,34.813078],[137.429182,34.812979],[137.42872,34.812517],[137.428117,34.811818],[137.427881,34.811525],[137.429408,34.810773],[137.429288,34.810521],[137.429194,34.810301],[137.429134,34.810081],[137.42911,34.809847],[137.428869,34.80977],[137.428111,34.809922],[137.426595,34.810216],[137.425221,34.810467],[137.42398,34.810684],[137.422902,34.810948],[137.422131,34.811181],[137.421738,34.811157],[137.421147,34.811122],[137.420886,34.811037],[137.420765,34.810976],[137.420708,34.810948],[137.420626,34.810906],[137.42054,34.810857],[137.420531,34.810852],[137.420293,34.810717],[137.417776,34.809283],[137.417424,34.809094],[137.417034,34.808863],[137.415139,34.807843],[137.414851,34.807716],[137.414517,34.807739],[137.412896,34.807464],[137.411867,34.80728],[137.4111,34.807008],[137.410214,34.806748],[137.409684,34.806598],[137.409177,34.80783],[137.407902,34.807452],[137.407725,34.807447],[137.407672,34.807475],[137.407014,34.807285],[137.406975,34.807352],[137.40696,34.807453],[137.407029,34.807556],[137.407526,34.807734],[137.407256,34.808347],[137.407695,34.808467],[137.407493,34.80894],[137.408509,34.809239],[137.408304,34.809699],[137.408832,34.809849],[137.408497,34.810575],[137.409035,34.810912],[137.409019,34.810961],[137.410121,34.811283],[137.409872,34.811837],[137.412018,34.81248],[137.411714,34.813157],[137.412882,34.813422],[137.413942,34.813469],[137.414136,34.813008],[137.415989,34.81355],[137.415777,34.814027],[137.417335,34.814483],[137.416867,34.815526],[137.41662,34.816],[137.41652,34.816191],[137.416305,34.816373],[137.416052,34.816523],[137.415835,34.816533],[137.415304,34.816433],[137.414733,34.816425],[137.414229,34.816428],[137.413703,34.816433],[137.413213,34.816431],[137.412802,34.816411],[137.412545,34.816407],[137.412532,34.816438],[137.412272,34.816994],[137.412626,34.816987],[137.412927,34.817116],[137.413249,34.817268],[137.413522,34.817414],[137.413749,34.817496],[137.414175,34.817498],[137.414595,34.817578],[137.414889,34.817624],[137.415119,34.817771],[137.415308,34.817843],[137.415456,34.817881],[137.415701,34.817907],[137.415795,34.817929],[137.415867,34.817957],[137.416037,34.81798],[137.41633,34.818085],[137.416689,34.818275],[137.417252,34.818549],[137.417568,34.818709],[137.417843,34.818848],[137.417991,34.818994],[137.418223,34.819326],[137.418508,34.819216],[137.418658,34.819569],[137.418876,34.820243],[137.418988,34.820582],[137.41937,34.820515],[137.419842,34.820397],[137.419447,34.819746],[137.419581,34.819673],[137.41976,34.819599],[137.419962,34.819527],[137.420072,34.819452],[137.420125,34.819287]]]}},{"type":"Feature","id":"232070690","properties":{"KEY_CODE":"232070690","PREF":"23","CITY":"207","S_AREA":"069000","PREF_NAME":"愛知県","CITY_NAME":"豊川市","S_NAME":"東新町","HCODE":8101,"AREA":38776.129,"KIGO_E":"","JINKO":412,"SETAI":184,"X_CODE":137.395225,"Y_CODE":34.828459},"geometry":{"type":"Polygon","coordinates":[[[137.396153,34.828002],[137.396084,34.82777],[137.395581,34.827889],[137.39549,34.827667],[137.395855,34.827579],[137.396025,34.827533],[137.3958,34.8271],[137.395623,34.827147],[137.394908,34.827329],[137.394704,34.827384],[137.394473,34.82744],[137.394406,34.828033],[137.394386,34.828167],[137.394311,34.828828],[137.394291,34.829297],[137.394269,34.829646],[137.394686,34.82964],[137.395456,34.829435],[137.395546,34.8294],[137.396128,34.829235],[137.396365,34.829174],[137.396399,34.829165],[137.396038,34.828021],[137.396153,34.828002]]]}},{"type":"Feature","id":"23207070001","properties":{"KEY_CODE":"23207070001","PREF":"23","CITY":"207","S_AREA":"070001","PREF_NAME":"愛知県","CITY_NAME":"豊川市","S_NAME":"塔ノ木町一丁目","HCODE":8101,"AREA":22499.262,"KIGO_E":"","JINKO":183,"SETAI":74,"X_CODE":137.382379,"Y_CODE":34.815281},"geometry":{"type":"Polygon","coordinates":[[[137.383836,34.815691],[137.38394,34.815599],[137.383598,34.815356],[137.38359,34.815277],[137.383512,34.815178],[137.383408,34.815255],[137.383041,34.81517],[137.382947,34.815265],[137.382363,34.814924],[137.382285,34.814887],[137.382465,34.814656],[137.382427,34.814615],[137.382387,34.814613],[137.382271,34.814551],[137.38228,34.814514],[137.381883,34.814259],[137.38165,34.814689],[137.381559,34.814788],[137.381487,34.814812],[137.381323,34.814851],[137.38125,34.814882],[137.381174,34.814924],[137.381087,34.814962],[137.380992,34.815007],[137.380875,34.815065],[137.382364,34.81596],[137.382848,34.815663],[137.383453,34.816073],[137.383836,34.815691]]]}},{"type":"Feature","id":"23207070002","properties":{"KEY_CODE":"23207070002","PREF":"23","CITY":"207","S_AREA":"070002","PREF_NAME":"愛知県","CITY_NAME":"豊川市","S_NAME":"塔ノ木町二丁目","HCODE":8101,"AREA":41265.763,"KIGO_E":"","JINKO":304,"SETAI":106,"X_CODE":137.381213,"Y_CODE":34.815781},"geometry":{"type":"Polygon","coordinates":[[[137.382555,34.816913],[137.383453,34.816073],[137.382848,34.815663],[137.382364,34.81596],[137.380875,34.815065],[137.380144,34.814751],[137.379755,34.814599],[137.379743,34.81462],[137.379385,34.814486],[137.379245,34.814773],[137.379385,34.814819],[137.379242,34.815071],[137.379133,34.815031],[137.379049,34.815195],[137.379162,34.815236],[137.37903,34.815475],[137.379068,34.815492],[137.379209,34.81553],[137.379241,34.81554],[137.379832,34.815757],[137.379925,34.815572],[137.380261,34.815688],[137.380499,34.815791],[137.381238,34.816215],[137.381069,34.816398],[137.381227,34.816512],[137.381476,34.816387],[137.381919,34.816764],[137.38215,34.816992],[137.382007,34.817121],[137.382204,34.817266],[137.382286,34.817182],[137.382555,34.816913]]]}},{"type":"Feature","id":"232070710","properties":{"KEY_CODE":"232070710","PREF":"23","CITY":"207","S_AREA":"071000","PREF_NAME":"愛知県","CITY_NAME":"豊川市","S_NAME":"土筒町","HCODE":8101,"AREA":301932.963,"KIGO_E":"","JINKO":148,"SETAI":39,"X_CODE":137.412097,"Y_CODE":34.814482},"geometry":{"type":"Polygon","coordinates":[[[137.416867,34.815526],[137.417335,34.814483],[137.415777,34.814027],[137.415989,34.81355],[137.414136,34.813008],[137.413942,34.813469],[137.412882,34.813422],[137.411714,34.813157],[137.412018,34.81248],[137.409872,34.811837],[137.409805,34.81198],[137.409286,34.811815],[137.409071,34.812296],[137.408459,34.812124],[137.407292,34.814873],[137.409238,34.815455],[137.408988,34.815907],[137.409657,34.816015],[137.41029,34.816104],[137.411179,34.816237],[137.412059,34.816369],[137.412532,34.816438],[137.412545,34.816407],[137.412802,34.816411],[137.413213,34.816431],[137.413703,34.816433],[137.414229,34.816428],[137.414733,34.816425],[137.415304,34.816433],[137.415835,34.816533],[137.416052,34.816523],[137.416305,34.816373],[137.41652,34.816191],[137.41662,34.816],[137.416867,34.815526]]]}},{"type":"Feature","id":"232070720","properties":{"KEY_CODE":"232070720","PREF":"23","CITY":"207","S_AREA":"072000","PREF_NAME":"愛知県","CITY_NAME":"豊川市","S_NAME":"豊川町","HCODE":8101,"AREA":386931.759,"KIGO_E":"E1","JINKO":2073,"SETAI":839,"X_CODE":137.39956,"Y_CODE":34.822762},"geometry":{"type":"Polygon","coordinates":[[[137.404527,34.826961],[137.40443,34.826714],[137.404245,34.826241],[137.404153,34.826038],[137.404181,34.826033],[137.404725,34.825886],[137.404737,34.825895],[137.404943,34.825836],[137.40486,34.825647],[137.405016,34.825602],[137.404998,34.825553],[137.404853,34.825197],[137.404782,34.825032],[137.403839,34.82529],[137.403787,34.825159],[137.403723,34.825017],[137.404281,34.824617],[137.404297,34.824609],[137.403926,34.824388],[137.403781,34.824329],[137.403546,34.824137],[137.403532,34.823875],[137.403806,34.823832],[137.40374,34.823717],[137.403422,34.823162],[137.403333,34.822998],[137.403105,34.822796],[137.403009,34.822498],[137.402865,34.822409],[137.402828,34.822311],[137.402318,34.822071],[137.402064,34.822283],[137.401756,34.82213],[137.401558,34.822072],[137.401495,34.822073],[137.401386,34.822086],[137.401225,34.822012],[137.401102,34.821976],[137.400419,34.82182],[137.400416,34.821778],[137.400428,34.821718],[137.400451,34.821672],[137.400494,34.821607],[137.400118,34.821428],[137.399969,34.821376],[137.399444,34.821183],[137.399799,34.820473],[137.399921,34.820188],[137.399994,34.820006],[137.39996,34.819803],[137.399107,34.819884],[137.398792,34.819928],[137.398601,34.819954],[137.398387,34.81993],[137.398007,34.819834],[137.397778,34.819835],[137.397767,34.8198],[137.397706,34.819613],[137.39768,34.819475],[137.397711,34.819472],[137.397476,34.819235],[137.397463,34.819217],[137.39736,34.819071],[137.397053,34.819202],[137.396773,34.818776],[137.39637,34.818276],[137.396193,34.818461],[137.395877,34.818773],[137.395682,34.818796],[137.39547,34.818825],[137.395282,34.818851],[137.395153,34.818882],[137.395046,34.818937],[137.394948,34.818986],[137.394838,34.81901],[137.394742,34.819026],[137.394521,34.819076],[137.394294,34.819101],[137.394252,34.819108],[137.394731,34.820298],[137.394587,34.820339],[137.394655,34.820476],[137.39467,34.820707],[137.394711,34.821033],[137.394771,34.821233],[137.394872,34.821383],[137.395013,34.821572],[137.395266,34.821866],[137.395173,34.821875],[137.395205,34.821982],[137.394924,34.822014],[137.394939,34.822122],[137.395105,34.822112],[137.395227,34.822102],[137.395266,34.822073],[137.395515,34.822043],[137.395638,34.822021],[137.396009,34.821932],[137.396317,34.822296],[137.396393,34.822611],[137.396573,34.822608],[137.396734,34.822405],[137.397566,34.823073],[137.397457,34.823199],[137.397143,34.823058],[137.397183,34.823651],[137.39717,34.824156],[137.3971,34.824153],[137.397102,34.824476],[137.397522,34.824453],[137.397531,34.824172],[137.397793,34.824184],[137.398278,34.824076],[137.398329,34.824218],[137.398432,34.824196],[137.398474,34.824346],[137.398779,34.824298],[137.398756,34.824207],[137.398933,34.824188],[137.399534,34.824665],[137.399616,34.824726],[137.400122,34.82515],[137.40163,34.826412],[137.401667,34.826266],[137.401875,34.826107],[137.401924,34.826147],[137.402164,34.826332],[137.401985,34.826694],[137.402102,34.826823],[137.402243,34.826864],[137.403238,34.826921],[137.40332,34.826911],[137.404182,34.826963],[137.404282,34.826979],[137.404529,34.827013],[137.404567,34.826975],[137.404527,34.826961]]]}},{"type":"Feature","id":"232070720","properties":{"KEY_CODE":"232070720","PREF":"23","CITY":"207","S_AREA":"072000","PREF_NAME":"愛知県","CITY_NAME":"豊川市","S_NAME":"豊川町","HCODE":8101,"AREA":128329.028,"KIGO_E":"E2","JINKO":0,"SETAI":0,"X_CODE":137.392187,"Y_CODE":34.825446},"geometry":{"type":"Polygon","coordinates":[[[137.394153,34.823846],[137.394145,34.823799],[137.393892,34.823797],[137.393538,34.823804],[137.39284,34.82381],[137.392166,34.823802],[137.391633,34.823718],[137.391297,34.823656],[137.391131,34.824211],[137.391074,34.824257],[137.391058,34.824269],[137.389538,34.825472],[137.389869,34.825943],[137.39045,34.826631],[137.390705,34.826873],[137.391352,34.827435],[137.391898,34.827748],[137.392032,34.82782],[137.392759,34.826938],[137.393126,34.826562],[137.393392,34.826305],[137.393555,34.826152],[137.39372,34.825935],[137.393929,34.825623],[137.394092,34.82555],[137.394633,34.825392],[137.394992,34.825283],[137.39489,34.825095],[137.394553,34.824535],[137.394291,34.824066],[137.394153,34.823846]]]}},{"type":"Feature","id":"232070730","properties":{"KEY_CODE":"232070730","PREF":"23","CITY":"207","S_AREA":"073000","PREF_NAME":"愛知県","CITY_NAME":"豊川市","S_NAME":"豊川栄町","HCODE":8101,"AREA":19566.395,"KIGO_E":"","JINKO":61,"SETAI":31,"X_CODE":137.39557,"Y_CODE":34.823394},"geometry":{"type":"Polygon","coordinates":[[[137.395883,34.823999],[137.396003,34.823976],[137.396043,34.823981],[137.396093,34.823905],[137.396203,34.823947],[137.396285,34.82398],[137.396395,34.824003],[137.396439,34.824005],[137.396477,34.823684],[137.396374,34.823685],[137.396362,34.82352],[137.396736,34.823518],[137.396755,34.823293],[137.396629,34.823287],[137.396492,34.823175],[137.39644,34.822838],[137.396308,34.822859],[137.396296,34.822892],[137.396221,34.822957],[137.396062,34.822981],[137.396087,34.823063],[137.395816,34.823157],[137.395789,34.82308],[137.395663,34.823112],[137.395654,34.823088],[137.395627,34.823003],[137.395446,34.823017],[137.395248,34.822974],[137.395234,34.822811],[137.39522,34.822622],[137.394963,34.82261],[137.394673,34.822602],[137.394672,34.822775],[137.394711,34.823627],[137.394726,34.823765],[137.394819,34.823965],[137.39483,34.823996],[137.394885,34.823983],[137.394869,34.82395],[137.394925,34.823939],[137.394908,34.823917],[137.395055,34.823873],[137.395048,34.823857],[137.39516,34.823833],[137.395188,34.823904],[137.395494,34.823812],[137.395541,34.823873],[137.395498,34.823886],[137.395539,34.823987],[137.395448,34.824006],[137.395488,34.8241],[137.395883,34.823999]]]}},{"type":"Feature","id":"232070740","properties":{"KEY_CODE":"232070740","PREF":"23","CITY":"207","S_AREA":"074000","PREF_NAME":"愛知県","CITY_NAME":"豊川市","S_NAME":"豊川仲町","HCODE":8101,"AREA":49431.44,"KIGO_E":"","JINKO":317,"SETAI":142,"X_CODE":137.398042,"Y_CODE":34.825629},"geometry":{"type":"Polygon","coordinates":[[[137.396499,34.827739],[137.396566,34.827667],[137.397593,34.827684],[137.397551,34.827505],[137.397416,34.827326],[137.397251,34.827269],[137.39721,34.827238],[137.397134,34.826958],[137.397154,34.826931],[137.397702,34.826367],[137.39811,34.826607],[137.398239,34.82646],[137.39836,34.826529],[137.398511,34.826347],[137.398395,34.826283],[137.398487,34.826167],[137.398586,34.826226],[137.398697,34.826075],[137.398551,34.825976],[137.398651,34.825878],[137.39839,34.825706],[137.398597,34.825503],[137.39874,34.825587],[137.398864,34.825459],[137.398954,34.825508],[137.399176,34.825266],[137.399262,34.825322],[137.399372,34.825219],[137.399623,34.825405],[137.399896,34.825202],[137.400016,34.825211],[137.400122,34.82515],[137.399616,34.824726],[137.399534,34.824665],[137.398933,34.824188],[137.398756,34.824207],[137.398779,34.824298],[137.398474,34.824346],[137.398432,34.824196],[137.398329,34.824218],[137.398278,34.824076],[137.397793,34.824184],[137.397531,34.824172],[137.397522,34.824453],[137.397433,34.824644],[137.397421,34.824688],[137.397446,34.824769],[137.397352,34.824794],[137.39744,34.824935],[137.397513,34.825147],[137.39755,34.825232],[137.397592,34.82535],[137.39762,34.825419],[137.397662,34.825493],[137.397692,34.825542],[137.397719,34.825585],[137.397561,34.825691],[137.397414,34.825789],[137.397375,34.825831],[137.397401,34.825966],[137.397261,34.825872],[137.397165,34.825973],[137.397086,34.826082],[137.397057,34.826227],[137.396989,34.826345],[137.396921,34.826458],[137.396822,34.826677],[137.39663,34.826662],[137.396614,34.826826],[137.396362,34.826783],[137.396332,34.826983],[137.396279,34.826978],[137.396238,34.827134],[137.396567,34.827158],[137.396499,34.827739]]]}},{"type":"Feature","id":"232070750","properties":{"KEY_CODE":"232070750","PREF":"23","CITY":"207","S_AREA":"075000","PREF_NAME":"愛知県","CITY_NAME":"豊川市","S_NAME":"豊川西町","HCODE":8101,"AREA":65894.77,"KIGO_E":"","JINKO":257,"SETAI":120,"X_CODE":137.396214,"Y_CODE":34.826107},"geometry":{"type":"Polygon","coordinates":[[[137.396855,34.829048],[137.396566,34.827667],[137.396499,34.827739],[137.396567,34.827158],[137.396238,34.827134],[137.396279,34.826978],[137.396332,34.826983],[137.396362,34.826783],[137.396614,34.826826],[137.39663,34.826662],[137.396822,34.826677],[137.396921,34.826458],[137.396989,34.826345],[137.397057,34.826227],[137.397086,34.826082],[137.397165,34.825973],[137.397261,34.825872],[137.397401,34.825966],[137.397375,34.825831],[137.397414,34.825789],[137.397561,34.825691],[137.397719,34.825585],[137.397692,34.825542],[137.397662,34.825493],[137.39762,34.825419],[137.397592,34.82535],[137.39755,34.825232],[137.397513,34.825147],[137.39744,34.824935],[137.397352,34.824794],[137.397446,34.824769],[137.397421,34.824688],[137.397433,34.824644],[137.397522,34.824453],[137.397102,34.824476],[137.39658,34.824479],[137.396548,34.82437],[137.396226,34.824414],[137.396263,34.824553],[137.395896,34.824637],[137.395938,34.824751],[137.39584,34.824779],[137.395767,34.824582],[137.39551,34.824651],[137.395586,34.824866],[137.39547,34.824897],[137.39544,34.824919],[137.395238,34.824963],[137.39521,34.824959],[137.39489,34.825095],[137.394992,34.825283],[137.394633,34.825392],[137.394831,34.825863],[137.394597,34.825985],[137.394662,34.826056],[137.394786,34.825974],[137.394799,34.825992],[137.394821,34.825977],[137.394957,34.826112],[137.395067,34.826045],[137.395301,34.826285],[137.395212,34.826352],[137.395089,34.82642],[137.39548,34.826834],[137.395531,34.826937],[137.395623,34.827147],[137.3958,34.8271],[137.396025,34.827533],[137.395855,34.827579],[137.39549,34.827667],[137.395581,34.827889],[137.396084,34.82777],[137.396153,34.828002],[137.396038,34.828021],[137.396399,34.829165],[137.396555,34.829125],[137.396772,34.829069],[137.396855,34.829048]]]}},{"type":"Feature","id":"232070760","properties":{"KEY_CODE":"232070760","PREF":"23","CITY":"207","S_AREA":"076000","PREF_NAME":"愛知県","CITY_NAME":"豊川市","S_NAME":"豊川元町","HCODE":8101,"AREA":20622.526,"KIGO_E":"","JINKO":122,"SETAI":76,"X_CODE":137.395323,"Y_CODE":34.822146},"geometry":{"type":"Polygon","coordinates":[[[137.395816,34.823157],[137.396087,34.823063],[137.396062,34.822981],[137.396221,34.822957],[137.396296,34.822892],[137.396308,34.822859],[137.39644,34.822838],[137.396393,34.822611],[137.396317,34.822296],[137.396009,34.821932],[137.395638,34.822021],[137.395515,34.822043],[137.395266,34.822073],[137.395227,34.822102],[137.395105,34.822112],[137.394939,34.822122],[137.394924,34.822014],[137.395205,34.821982],[137.395173,34.821875],[137.395266,34.821866],[137.395013,34.821572],[137.394872,34.821383],[137.394771,34.821233],[137.394711,34.821033],[137.39467,34.820707],[137.394655,34.820476],[137.394241,34.820575],[137.394321,34.820984],[137.394408,34.820969],[137.394493,34.821308],[137.394508,34.821685],[137.394703,34.821686],[137.394728,34.822006],[137.394727,34.822357],[137.39463,34.822362],[137.394628,34.822421],[137.394485,34.822425],[137.394473,34.82259],[137.394673,34.822602],[137.394963,34.82261],[137.39522,34.822622],[137.395234,34.822811],[137.395248,34.822974],[137.395446,34.823017],[137.395627,34.823003],[137.395654,34.823088],[137.395663,34.823112],[137.395789,34.82308],[137.395816,34.823157]]]}},{"type":"Feature","id":"232070770","properties":{"KEY_CODE":"232070770","PREF":"23","CITY":"207","S_AREA":"077000","PREF_NAME":"愛知県","CITY_NAME":"豊川市","S_NAME":"長草町","HCODE":8101,"AREA":604114.104,"KIGO_E":"","JINKO":348,"SETAI":122,"X_CODE":137.386604,"Y_CODE":34.847862},"geometry":{"type":"Polygon","coordinates":[[[137.383879,34.851751],[137.384126,34.851511],[137.384214,34.851573],[137.384248,34.851544],[137.384389,34.851427],[137.384529,34.851342],[137.384693,34.851261],[137.384854,34.851191],[137.384997,34.85116],[137.385151,34.851134],[137.385301,34.851114],[137.3855,34.851101],[137.385664,34.851077],[137.386099,34.851002],[137.386393,34.850949],[137.38654,34.850908],[137.386893,34.85078],[137.387162,34.850676],[137.387313,34.850596],[137.38738,34.850562],[137.387715,34.850337],[137.388076,34.850036],[137.388349,34.849951],[137.388562,34.84989],[137.388718,34.849797],[137.388793,34.849749],[137.389111,34.850008],[137.389392,34.850281],[137.390472,34.850195],[137.390398,34.849962],[137.393012,34.850057],[137.392912,34.84927],[137.392958,34.849099],[137.393059,34.848674],[137.39238,34.848706],[137.392335,34.848352],[137.392197,34.848362],[137.392146,34.847825],[137.39223,34.847817],[137.392168,34.847301],[137.391549,34.847323],[137.391424,34.84595],[137.390725,34.84598],[137.390653,34.845498],[137.390005,34.8455],[137.389992,34.845268],[137.389962,34.845114],[137.389948,34.845036],[137.389635,34.844897],[137.389498,34.844494],[137.389724,34.844282],[137.389695,34.843963],[137.3897,34.843498],[137.389601,34.843515],[137.389646,34.843258],[137.389661,34.842991],[137.38967,34.842821],[137.389107,34.842915],[137.38917,34.84322],[137.388559,34.843313],[137.388645,34.843667],[137.387994,34.843756],[137.388117,34.844268],[137.386628,34.84448],[137.386881,34.845534],[137.3834,34.846068],[137.383277,34.845527],[137.382625,34.845685],[137.382052,34.845825],[137.381875,34.845326],[137.381403,34.845348],[137.381385,34.845472],[137.38129,34.845928],[137.381216,34.846434],[137.381048,34.846812],[137.38096,34.847016],[137.38091,34.847468],[137.380915,34.847952],[137.380827,34.848235],[137.38077,34.848751],[137.380827,34.849491],[137.38092,34.849799],[137.380932,34.850045],[137.380881,34.85038],[137.380869,34.850427],[137.38268,34.850536],[137.382721,34.850473],[137.383843,34.850509],[137.383828,34.850895],[137.383879,34.851751]]]}},{"type":"Feature","id":"23207078001","properties":{"KEY_CODE":"23207078001","PREF":"23","CITY":"207","S_AREA":"078001","PREF_NAME":"愛知県","CITY_NAME":"豊川市","S_NAME":"中野川町一丁目","HCODE":8101,"AREA":67134.491,"KIGO_E":"","JINKO":351,"SETAI":153,"X_CODE":137.374905,"Y_CODE":34.819706},"geometry":{"type":"Polygon","coordinates":[[[137.375444,34.821831],[137.375486,34.821631],[137.375262,34.821687],[137.375247,34.821526],[137.375386,34.821251],[137.375138,34.821162],[137.375468,34.820646],[137.375547,34.820458],[137.375614,34.820485],[137.375896,34.819983],[137.376016,34.820031],[137.376189,34.819702],[137.376353,34.819318],[137.376288,34.819298],[137.376359,34.819171],[137.376436,34.819195],[137.376649,34.818708],[137.376553,34.818685],[137.375541,34.818496],[137.37442,34.818058],[137.374201,34.817979],[137.373734,34.818866],[137.373805,34.818894],[137.373712,34.81907],[137.373546,34.81902],[137.373248,34.819689],[137.374085,34.820048],[137.374579,34.820255],[137.373983,34.821359],[137.373965,34.821397],[137.374704,34.821711],[137.375438,34.822011],[137.375437,34.821963],[137.375444,34.821831]]]}},{"type":"Feature","id":"23207078002","properties":{"KEY_CODE":"23207078002","PREF":"23","CITY":"207","S_AREA":"078002","PREF_NAME":"愛知県","CITY_NAME":"豊川市","S_NAME":"中野川町二丁目","HCODE":8101,"AREA":17200.772,"KIGO_E":"","JINKO":127,"SETAI":55,"X_CODE":137.373664,"Y_CODE":34.820518},"geometry":{"type":"Polygon","coordinates":[[[137.374579,34.820255],[137.374085,34.820048],[137.373248,34.819689],[137.372869,34.820399],[137.373106,34.820483],[137.372871,34.820894],[137.373356,34.821096],[137.373983,34.821359],[137.374579,34.820255]]]}},{"type":"Feature","id":"23207079001","properties":{"KEY_CODE":"23207079001","PREF":"23","CITY":"207","S_AREA":"079001","PREF_NAME":"愛知県","CITY_NAME":"豊川市","S_NAME":"西口町一丁目","HCODE":8101,"AREA":46457.694,"KIGO_E":"","JINKO":307,"SETAI":131,"X_CODE":137.370208,"Y_CODE":34.80842},"geometry":{"type":"Polygon","coordinates":[[[137.372723,34.809462],[137.371258,34.80889],[137.371091,34.808824],[137.370628,34.808644],[137.371081,34.807915],[137.373133,34.808731],[137.373343,34.808377],[137.372932,34.808046],[137.372751,34.807928],[137.372376,34.807661],[137.372222,34.807514],[137.371813,34.807229],[137.37158,34.80708],[137.371229,34.80688],[137.371201,34.806912],[137.371068,34.807064],[137.370915,34.807008],[137.370427,34.807576],[137.37037,34.807601],[137.370319,34.807612],[137.370264,34.807595],[137.370181,34.807702],[137.370045,34.807618],[137.369801,34.807905],[137.369872,34.80795],[137.369713,34.808169],[137.369651,34.808338],[137.369646,34.808458],[137.369483,34.808638],[137.369502,34.808775],[137.369969,34.808976],[137.370029,34.809005],[137.369963,34.809113],[137.370256,34.809224],[137.370313,34.809109],[137.370814,34.809312],[137.370892,34.809158],[137.371177,34.809268],[137.371498,34.809385],[137.371712,34.809463],[137.371763,34.809365],[137.371923,34.809432],[137.37195,34.809387],[137.372246,34.809507],[137.372038,34.809864],[137.372401,34.810007],[137.372504,34.80984],[137.372723,34.809462]]]}},{"type":"Feature","id":"23207079002","properties":{"KEY_CODE":"23207079002","PREF":"23","CITY":"207","S_AREA":"079002","PREF_NAME":"愛知県","CITY_NAME":"豊川市","S_NAME":"西口町二丁目","HCODE":8101,"AREA":18932.057,"KIGO_E":"","JINKO":155,"SETAI":57,"X_CODE":137.371888,"Y_CODE":34.808688},"geometry":{"type":"Polygon","coordinates":[[[137.373133,34.808731],[137.371081,34.807915],[137.370628,34.808644],[137.371091,34.808824],[137.371258,34.80889],[137.372723,34.809462],[137.373133,34.808731]]]}},{"type":"Feature","id":"23207080001","properties":{"KEY_CODE":"23207080001","PREF":"23","CITY":"207","S_AREA":"080001","PREF_NAME":"愛知県","CITY_NAME":"豊川市","S_NAME":"西香ノ木町一丁目","HCODE":8101,"AREA":40615.2,"KIGO_E":"","JINKO":338,"SETAI":140,"X_CODE":137.370464,"Y_CODE":34.810587},"geometry":{"type":"Polygon","coordinates":[[[137.371955,34.810834],[137.372146,34.810492],[137.372113,34.810486],[137.372132,34.810456],[137.37187,34.810354],[137.371793,34.810515],[137.370332,34.809941],[137.370429,34.809765],[137.370054,34.809609],[137.370098,34.809539],[137.370142,34.809457],[137.370089,34.809436],[137.369654,34.809261],[137.369596,34.809353],[137.369548,34.809425],[137.369336,34.809366],[137.369314,34.809405],[137.369152,34.809347],[137.36915,34.809456],[137.369131,34.809454],[137.369127,34.809835],[137.369135,34.809854],[137.369193,34.809887],[137.36921,34.809901],[137.369232,34.809997],[137.369295,34.810095],[137.369407,34.810307],[137.36932,34.810472],[137.369138,34.810931],[137.370391,34.811377],[137.371519,34.811779],[137.371536,34.811784],[137.371652,34.811507],[137.371716,34.811375],[137.37188,34.811002],[137.371955,34.810834]]]}},{"type":"Feature","id":"23207080002","properties":{"KEY_CODE":"23207080002","PREF":"23","CITY":"207","S_AREA":"080002","PREF_NAME":"愛知県","CITY_NAME":"豊川市","S_NAME":"西香ノ木町二丁目","HCODE":8101,"AREA":50594.694,"KIGO_E":"","JINKO":309,"SETAI":140,"X_CODE":137.36953,"Y_CODE":34.812142},"geometry":{"type":"Polygon","coordinates":[[[137.369729,34.812919],[137.36971,34.812688],[137.370683,34.812722],[137.370688,34.812807],[137.371089,34.812827],[137.37132,34.812307],[137.371519,34.811779],[137.370391,34.811377],[137.369138,34.810931],[137.369051,34.811122],[137.36869,34.811421],[137.368474,34.811872],[137.368362,34.812216],[137.368354,34.812269],[137.368328,34.812446],[137.368128,34.812421],[137.367977,34.812399],[137.367833,34.81238],[137.367725,34.812348],[137.367619,34.812331],[137.367615,34.812535],[137.367306,34.812479],[137.36725,34.812573],[137.367197,34.812559],[137.36717,34.812623],[137.367126,34.812712],[137.367065,34.812798],[137.366986,34.8129],[137.367613,34.812899],[137.367613,34.812964],[137.369729,34.812919]]]}},{"type":"Feature","id":"23207081001","properties":{"KEY_CODE":"23207081001","PREF":"23","CITY":"207","S_AREA":"081001","PREF_NAME":"愛知県","CITY_NAME":"豊川市","S_NAME":"西桜木町一丁目","HCODE":8101,"AREA":53490.857,"KIGO_E":"","JINKO":449,"SETAI":180,"X_CODE":137.38645,"Y_CODE":34.830081},"geometry":{"type":"Polygon","coordinates":[[[137.388253,34.831733],[137.388596,34.831347],[137.388651,34.831377],[137.388996,34.830989],[137.387934,34.830374],[137.3873,34.829997],[137.386774,34.829686],[137.386451,34.829431],[137.386363,34.829364],[137.386194,34.829205],[137.386036,34.828935],[137.38572,34.828406],[137.385297,34.828587],[137.385352,34.828688],[137.385079,34.828801],[137.385038,34.828723],[137.384928,34.828768],[137.38486,34.828869],[137.384915,34.828971],[137.38497,34.829061],[137.384724,34.829174],[137.384683,34.829106],[137.384438,34.829208],[137.384492,34.829298],[137.384188,34.829425],[137.384737,34.830397],[137.385072,34.830274],[137.385465,34.83013],[137.385468,34.830129],[137.385834,34.829995],[137.387053,34.83105],[137.387536,34.83131],[137.387679,34.831397],[137.388148,34.831669],[137.388253,34.831733]]]}},{"type":"Feature","id":"23207081002","properties":{"KEY_CODE":"23207081002","PREF":"23","CITY":"207","S_AREA":"081002","PREF_NAME":"愛知県","CITY_NAME":"豊川市","S_NAME":"西桜木町二丁目","HCODE":8101,"AREA":51793.762,"KIGO_E":"","JINKO":447,"SETAI":202,"X_CODE":137.386406,"Y_CODE":34.831529},"geometry":{"type":"Polygon","coordinates":[[[137.387053,34.83105],[137.385834,34.829995],[137.385468,34.830129],[137.385465,34.83013],[137.385072,34.830274],[137.384737,34.830397],[137.384941,34.83074],[137.385508,34.831648],[137.38632,34.833078],[137.386663,34.832959],[137.387086,34.832815],[137.387606,34.832738],[137.387349,34.83241],[137.387839,34.832167],[137.387777,34.832101],[137.388148,34.831669],[137.387679,34.831397],[137.387536,34.83131],[137.387053,34.83105]]]}},{"type":"Feature","id":"232070820","properties":{"KEY_CODE":"232070820","PREF":"23","CITY":"207","S_AREA":"082000","PREF_NAME":"愛知県","CITY_NAME":"豊川市","S_NAME":"西島町","HCODE":8101,"AREA":652880.506,"KIGO_E":"","JINKO":312,"SETAI":28,"X_CODE":137.394776,"Y_CODE":34.811586},"geometry":{"type":"Polygon","coordinates":[[[137.398951,34.813463],[137.399322,34.813051],[137.397359,34.811819],[137.398579,34.810485],[137.396902,34.809424],[137.397675,34.808598],[137.397655,34.808585],[137.396856,34.808117],[137.397603,34.807295],[137.396595,34.806641],[137.39534,34.808007],[137.393837,34.807141],[137.393744,34.807122],[137.393588,34.807112],[137.393419,34.807126],[137.393313,34.807187],[137.393251,34.807251],[137.393214,34.807308],[137.392897,34.807582],[137.392912,34.807688],[137.392904,34.807786],[137.392871,34.80783],[137.392801,34.807865],[137.392694,34.807885],[137.392612,34.807882],[137.39196,34.807467],[137.391415,34.808058],[137.391905,34.808354],[137.391485,34.808807],[137.391011,34.808505],[137.390622,34.808914],[137.389667,34.808285],[137.388681,34.809334],[137.387583,34.810524],[137.390036,34.812067],[137.391186,34.812767],[137.391555,34.812977],[137.391123,34.813444],[137.39168,34.813771],[137.39215,34.814051],[137.393004,34.813151],[137.394981,34.81437],[137.396979,34.815621],[137.397968,34.816239],[137.398964,34.816865],[137.399444,34.817173],[137.399664,34.817323],[137.399665,34.817324],[137.400323,34.816615],[137.401557,34.81531],[137.401388,34.815153],[137.401179,34.814865],[137.400969,34.814702],[137.400602,34.814526],[137.400458,34.814399],[137.399964,34.814044],[137.399598,34.813813],[137.399343,34.813693],[137.398951,34.813463]]]}},{"type":"Feature","id":"23207083001","properties":{"KEY_CODE":"23207083001","PREF":"23","CITY":"207","S_AREA":"083001","PREF_NAME":"愛知県","CITY_NAME":"豊川市","S_NAME":"西塚町一丁目","HCODE":8101,"AREA":57367.344,"KIGO_E":"","JINKO":497,"SETAI":203,"X_CODE":137.370481,"Y_CODE":34.814716},"geometry":{"type":"Polygon","coordinates":[[[137.372462,34.814142],[137.372522,34.814054],[137.372533,34.814038],[137.372033,34.813872],[137.371907,34.814135],[137.371226,34.813944],[137.370768,34.813787],[137.370829,34.813616],[137.370459,34.813611],[137.370454,34.813724],[137.369527,34.813723],[137.369516,34.813404],[137.369093,34.813409],[137.369124,34.814172],[137.369126,34.814375],[137.369148,34.814814],[137.369208,34.815144],[137.36936,34.815468],[137.369452,34.815612],[137.369629,34.815808],[137.369784,34.815984],[137.369976,34.816225],[137.370534,34.815943],[137.37103,34.815706],[137.371331,34.815505],[137.371627,34.815221],[137.372106,34.814653],[137.372462,34.814142]]]}},{"type":"Feature","id":"23207083002","properties":{"KEY_CODE":"23207083002","PREF":"23","CITY":"207","S_AREA":"083002","PREF_NAME":"愛知県","CITY_NAME":"豊川市","S_NAME":"西塚町二丁目","HCODE":8101,"AREA":45056.551,"KIGO_E":"","JINKO":350,"SETAI":138,"X_CODE":137.367891,"Y_CODE":34.814464},"geometry":{"type":"Polygon","coordinates":[[[137.369124,34.814172],[137.369093,34.813409],[137.369014,34.813412],[137.369007,34.813499],[137.368303,34.813506],[137.36722,34.8135],[137.367221,34.813517],[137.366774,34.813534],[137.366767,34.813602],[137.366801,34.815317],[137.3668,34.815688],[137.367033,34.815673],[137.367746,34.815646],[137.367715,34.815273],[137.368382,34.815221],[137.369208,34.815144],[137.369148,34.814814],[137.369126,34.814375],[137.369124,34.814172]]]}},{"type":"Feature","id":"23207083003","properties":{"KEY_CODE":"23207083003","PREF":"23","CITY":"207","S_AREA":"083003","PREF_NAME":"愛知県","CITY_NAME":"豊川市","S_NAME":"西塚町三丁目","HCODE":8101,"AREA":44739.008,"KIGO_E":"","JINKO":307,"SETAI":134,"X_CODE":137.368206,"Y_CODE":34.816173},"geometry":{"type":"Polygon","coordinates":[[[137.36936,34.815468],[137.369208,34.815144],[137.368382,34.815221],[137.367715,34.815273],[137.367746,34.815646],[137.367033,34.815673],[137.3668,34.815688],[137.366807,34.816093],[137.366809,34.816874],[137.367722,34.817324],[137.367746,34.81731],[137.368356,34.817001],[137.369082,34.816655],[137.3695,34.816455],[137.369976,34.816225],[137.369784,34.815984],[137.369629,34.815808],[137.369452,34.815612],[137.36936,34.815468]]]}},{"type":"Feature","id":"232070840","properties":{"KEY_CODE":"232070840","PREF":"23","CITY":"207","S_AREA":"084000","PREF_NAME":"愛知県","CITY_NAME":"豊川市","S_NAME":"西本町","HCODE":8101,"AREA":15224.817,"KIGO_E":"","JINKO":50,"SETAI":19,"X_CODE":137.396791,"Y_CODE":34.823539},"geometry":{"type":"Polygon","coordinates":[[[137.397102,34.824476],[137.3971,34.824153],[137.39717,34.824156],[137.397183,34.823651],[137.397143,34.823058],[137.397457,34.823199],[137.397566,34.823073],[137.396734,34.822405],[137.396573,34.822608],[137.396393,34.822611],[137.39644,34.822838],[137.396492,34.823175],[137.396629,34.823287],[137.396755,34.823293],[137.396736,34.823518],[137.396362,34.82352],[137.396374,34.823685],[137.396477,34.823684],[137.396439,34.824005],[137.396395,34.824003],[137.396285,34.82398],[137.396203,34.823947],[137.396093,34.823905],[137.396043,34.823981],[137.396003,34.823976],[137.396038,34.824084],[137.396044,34.824123],[137.396163,34.824111],[137.396204,34.824226],[137.396161,34.82423],[137.396205,34.824416],[137.396226,34.824414],[137.396548,34.82437],[137.39658,34.824479],[137.397102,34.824476]]]}},{"type":"Feature","id":"23207085001","properties":{"KEY_CODE":"23207085001","PREF":"23","CITY":"207","S_AREA":"085001","PREF_NAME":"愛知県","CITY_NAME":"豊川市","S_NAME":"西豊町一丁目","HCODE":8101,"AREA":46665.673,"KIGO_E":"","JINKO":213,"SETAI":81,"X_CODE":137.399013,"Y_CODE":34.827095},"geometry":{"type":"Polygon","coordinates":[[[137.400913,34.827862],[137.40089,34.82745],[137.401,34.827347],[137.400458,34.826971],[137.400325,34.827068],[137.400266,34.827081],[137.400059,34.826887],[137.400017,34.82684],[137.400004,34.826794],[137.399952,34.826754],[137.399867,34.826716],[137.399774,34.82669],[137.399706,34.82668],[137.399554,34.826461],[137.399708,34.826242],[137.399376,34.826084],[137.399459,34.825947],[137.399085,34.825763],[137.398798,34.826124],[137.398697,34.826075],[137.398586,34.826226],[137.398487,34.826167],[137.398395,34.826283],[137.398511,34.826347],[137.39836,34.826529],[137.398239,34.82646],[137.39811,34.826607],[137.397702,34.826367],[137.397154,34.826931],[137.397134,34.826958],[137.39721,34.827238],[137.397251,34.827269],[137.397416,34.827326],[137.397551,34.827505],[137.397593,34.827684],[137.397594,34.827866],[137.398441,34.827864],[137.398439,34.827692],[137.398702,34.827682],[137.400289,34.827644],[137.400442,34.827756],[137.400954,34.828573],[137.401088,34.828545],[137.400976,34.828153],[137.400913,34.827862]]]}},{"type":"Feature","id":"23207085002","properties":{"KEY_CODE":"23207085002","PREF":"23","CITY":"207","S_AREA":"085002","PREF_NAME":"愛知県","CITY_NAME":"豊川市","S_NAME":"西豊町二丁目","HCODE":8101,"AREA":78549.487,"KIGO_E":"","JINKO":357,"SETAI":156,"X_CODE":137.397646,"Y_CODE":34.829367},"geometry":{"type":"Polygon","coordinates":[[[137.399701,34.830023],[137.399403,34.829587],[137.39845,34.829593],[137.39845,34.828598],[137.400064,34.828564],[137.400199,34.828584],[137.400313,34.828651],[137.400875,34.829488],[137.401418,34.829234],[137.401343,34.829132],[137.401193,34.828982],[137.400908,34.828587],[137.400954,34.828573],[137.400442,34.827756],[137.400289,34.827644],[137.398702,34.827682],[137.398439,34.827692],[137.398441,34.827864],[137.397594,34.827866],[137.397593,34.827684],[137.396566,34.827667],[137.396855,34.829048],[137.396772,34.829069],[137.39694,34.829798],[137.397267,34.829767],[137.397415,34.829778],[137.397742,34.830014],[137.397579,34.830145],[137.397598,34.830351],[137.39797,34.830782],[137.398271,34.831166],[137.398668,34.830645],[137.398816,34.830455],[137.399701,34.830023]]]}},{"type":"Feature","id":"23207085003","properties":{"KEY_CODE":"23207085003","PREF":"23","CITY":"207","S_AREA":"085003","PREF_NAME":"愛知県","CITY_NAME":"豊川市","S_NAME":"西豊町三丁目","HCODE":8101,"AREA":98235.448,"KIGO_E":"","JINKO":763,"SETAI":327,"X_CODE":137.400417,"Y_CODE":34.830122},"geometry":{"type":"Polygon","coordinates":[[[137.402878,34.82984],[137.403007,34.829497],[137.403021,34.829453],[137.403083,34.829258],[137.403111,34.829094],[137.402881,34.82903],[137.402853,34.828892],[137.402664,34.828935],[137.402655,34.828995],[137.401418,34.829234],[137.400875,34.829488],[137.400313,34.828651],[137.400199,34.828584],[137.400064,34.828564],[137.39845,34.828598],[137.39845,34.829593],[137.399403,34.829587],[137.399701,34.830023],[137.398816,34.830455],[137.398668,34.830645],[137.398271,34.831166],[137.397868,34.831734],[137.398688,34.831673],[137.398876,34.831647],[137.399082,34.831632],[137.399689,34.83157],[137.400136,34.831524],[137.400675,34.831434],[137.400896,34.831375],[137.401115,34.831296],[137.401403,34.831182],[137.401798,34.830971],[137.401848,34.83093],[137.402097,34.830727],[137.402314,34.830538],[137.402513,34.830355],[137.402693,34.83014],[137.402878,34.82984]]]}},{"type":"Feature","id":"232070860","properties":{"KEY_CODE":"232070860","PREF":"23","CITY":"207","S_AREA":"086000","PREF_NAME":"愛知県","CITY_NAME":"豊川市","S_NAME":"野口町","HCODE":8101,"AREA":1036530.638,"KIGO_E":"","JINKO":2056,"SETAI":763,"X_CODE":137.352077,"Y_CODE":34.838256},"geometry":{"type":"Polygon","coordinates":[[[137.352751,34.846441],[137.352932,34.846125],[137.352953,34.846063],[137.353113,34.845531],[137.353306,34.845477],[137.353226,34.845388],[137.353213,34.845292],[137.353226,34.845153],[137.353281,34.844851],[137.35337,34.844208],[137.353364,34.843939],[137.353378,34.843855],[137.353556,34.842624],[137.352861,34.842569],[137.353183,34.840663],[137.353886,34.840782],[137.353922,34.840619],[137.354119,34.839715],[137.354181,34.839463],[137.355406,34.839879],[137.355611,34.837605],[137.35567,34.837179],[137.356023,34.837196],[137.356146,34.836913],[137.356327,34.836362],[137.356419,34.835937],[137.35653,34.835505],[137.3564,34.835486],[137.356386,34.835235],[137.356334,34.834974],[137.356315,34.834721],[137.356338,34.834525],[137.356316,34.834092],[137.356489,34.834005],[137.356406,34.833123],[137.356395,34.832245],[137.356488,34.832248],[137.356471,34.831652],[137.356347,34.830499],[137.357394,34.830219],[137.357236,34.829758],[137.357187,34.829602],[137.357226,34.829546],[137.357142,34.829311],[137.356893,34.828614],[137.358275,34.828427],[137.358142,34.82835],[137.357783,34.828118],[137.357102,34.827676],[137.356863,34.827511],[137.35568,34.827608],[137.355808,34.828587],[137.356227,34.828543],[137.35624,34.828676],[137.355154,34.828782],[137.354863,34.828809],[137.354609,34.829262],[137.35454,34.829355],[137.354091,34.82975],[137.353981,34.829915],[137.353882,34.830044],[137.353779,34.830127],[137.353675,34.830175],[137.353553,34.830235],[137.3536,34.830617],[137.353727,34.831271],[137.353342,34.831374],[137.352697,34.831558],[137.35104,34.83207],[137.350283,34.832287],[137.350582,34.833196],[137.350514,34.833208],[137.350831,34.834106],[137.350789,34.834108],[137.351322,34.835678],[137.350707,34.83579],[137.350281,34.836697],[137.34994,34.836751],[137.349856,34.83647],[137.349256,34.836582],[137.349423,34.837112],[137.349202,34.837521],[137.348921,34.837429],[137.348823,34.837619],[137.348583,34.838096],[137.348866,34.838187],[137.348822,34.838284],[137.349369,34.838483],[137.349206,34.838835],[137.349671,34.83912],[137.349193,34.840098],[137.347546,34.839546],[137.34774,34.83916],[137.347175,34.838971],[137.346585,34.8402],[137.346196,34.84093],[137.346722,34.841107],[137.346621,34.841328],[137.346503,34.841394],[137.34655,34.841553],[137.346524,34.841768],[137.346475,34.84202],[137.34641,34.842267],[137.346337,34.842472],[137.346203,34.842689],[137.346063,34.842995],[137.346011,34.843221],[137.345962,34.843278],[137.345905,34.843325],[137.345733,34.843384],[137.345507,34.843416],[137.345611,34.843582],[137.345742,34.843788],[137.345814,34.843906],[137.345849,34.843993],[137.345858,34.844089],[137.345908,34.844177],[137.345975,34.844253],[137.346063,34.844321],[137.346123,34.844339],[137.346256,34.844388],[137.346486,34.844391],[137.346639,34.844391],[137.346806,34.844399],[137.346951,34.84439],[137.347039,34.844376],[137.347203,34.84438],[137.347339,34.84442],[137.34744,34.844494],[137.347513,34.84451],[137.347853,34.844495],[137.347933,34.844513],[137.348031,34.844583],[137.34805,34.844612],[137.348503,34.845324],[137.348677,34.845285],[137.348808,34.845255],[137.348893,34.845233],[137.349004,34.845213],[137.349137,34.845173],[137.349277,34.845137],[137.349396,34.845129],[137.349481,34.845123],[137.349602,34.845134],[137.349666,34.845173],[137.349729,34.845235],[137.349768,34.845291],[137.349616,34.845493],[137.349425,34.845653],[137.349338,34.845773],[137.349294,34.845854],[137.349318,34.845894],[137.349397,34.845998],[137.349536,34.846111],[137.349599,34.84614],[137.34967,34.846143],[137.349822,34.846149],[137.349956,34.846146],[137.350078,34.846155],[137.350294,34.846183],[137.350427,34.846223],[137.350539,34.846324],[137.350633,34.846414],[137.350699,34.846472],[137.350489,34.846505],[137.350221,34.846581],[137.35015,34.846634],[137.350091,34.846678],[137.350077,34.84677],[137.350089,34.8468],[137.350145,34.846836],[137.350368,34.8469],[137.350612,34.84694],[137.350943,34.847392],[137.351063,34.847502],[137.351195,34.847586],[137.351363,34.847645],[137.351613,34.847699],[137.351836,34.847718],[137.352065,34.847727],[137.352253,34.847746],[137.352646,34.847794],[137.35216,34.847006],[137.352237,34.846954],[137.352613,34.846619],[137.352751,34.846441]]]}},{"type":"Feature","id":"23207087001","properties":{"KEY_CODE":"23207087001","PREF":"23","CITY":"207","S_AREA":"087001","PREF_NAME":"愛知県","CITY_NAME":"豊川市","S_NAME":"萩山町一丁目","HCODE":8101,"AREA":54024.148,"KIGO_E":"","JINKO":223,"SETAI":86,"X_CODE":137.368952,"Y_CODE":34.823004},"geometry":{"type":"Polygon","coordinates":[[[137.369131,34.821926],[137.368543,34.821564],[137.368216,34.821904],[137.367877,34.822226],[137.367448,34.822321],[137.367415,34.822329],[137.367794,34.823348],[137.367924,34.823735],[137.368169,34.82444],[137.370793,34.82334],[137.370668,34.823062],[137.370806,34.82296],[137.370744,34.822915],[137.370489,34.822763],[137.369131,34.821926]]]}},{"type":"Feature","id":"23207087002","properties":{"KEY_CODE":"23207087002","PREF":"23","CITY":"207","S_AREA":"087002","PREF_NAME":"愛知県","CITY_NAME":"豊川市","S_NAME":"萩山町二丁目","HCODE":8101,"AREA":56574.172,"KIGO_E":"","JINKO":405,"SETAI":196,"X_CODE":137.366543,"Y_CODE":34.82151},"geometry":{"type":"Polygon","coordinates":[[[137.367498,34.820905],[137.366127,34.820019],[137.3657,34.82047],[137.365031,34.821172],[137.36521,34.821822],[137.365399,34.82236],[137.365369,34.822369],[137.365521,34.822792],[137.367415,34.822329],[137.367448,34.822321],[137.367877,34.822226],[137.368216,34.821904],[137.368543,34.821564],[137.367498,34.820905]]]}},{"type":"Feature","id":"23207087003","properties":{"KEY_CODE":"23207087003","PREF":"23","CITY":"207","S_AREA":"087003","PREF_NAME":"愛知県","CITY_NAME":"豊川市","S_NAME":"萩山町三丁目","HCODE":8101,"AREA":48806.744,"KIGO_E":"","JINKO":306,"SETAI":120,"X_CODE":137.366842,"Y_CODE":34.823726},"geometry":{"type":"Polygon","coordinates":[[[137.367794,34.823348],[137.367415,34.822329],[137.365521,34.822792],[137.365673,34.823242],[137.366054,34.824403],[137.366333,34.825289],[137.368169,34.82444],[137.367924,34.823735],[137.367794,34.823348]]]}},{"type":"Feature","id":"232070880","properties":{"KEY_CODE":"232070880","PREF":"23","CITY":"207","S_AREA":"088000","PREF_NAME":"愛知県","CITY_NAME":"豊川市","S_NAME":"花井町","HCODE":8101,"AREA":71951.575,"KIGO_E":"","JINKO":377,"SETAI":152,"X_CODE":137.392617,"Y_CODE":34.815962},"geometry":{"type":"Polygon","coordinates":[[[137.391731,34.814514],[137.391346,34.814442],[137.391507,34.815054],[137.391527,34.815141],[137.391496,34.815196],[137.390981,34.815746],[137.39064,34.816104],[137.390824,34.816228],[137.392974,34.817662],[137.393413,34.817946],[137.393559,34.817663],[137.393456,34.817202],[137.393545,34.817005],[137.393823,34.816414],[137.393912,34.816181],[137.394189,34.815556],[137.394383,34.815198],[137.394173,34.815039],[137.393998,34.814932],[137.393922,34.814904],[137.39382,34.81486],[137.393684,34.814801],[137.393547,34.814772],[137.393351,34.814769],[137.392898,34.814765],[137.392331,34.814653],[137.391731,34.814514]]]}},{"type":"Feature","id":"232070890","properties":{"KEY_CODE":"232070890","PREF":"23","CITY":"207","S_AREA":"089000","PREF_NAME":"愛知県","CITY_NAME":"豊川市","S_NAME":"馬場町","HCODE":8101,"AREA":288239.736,"KIGO_E":"","JINKO":1070,"SETAI":408,"X_CODE":137.401938,"Y_CODE":34.820159},"geometry":{"type":"Polygon","coordinates":[[[137.405414,34.822324],[137.405057,34.821138],[137.404674,34.820151],[137.404473,34.819804],[137.404264,34.819507],[137.40384,34.819001],[137.40427,34.818972],[137.404063,34.818885],[137.404029,34.818849],[137.403777,34.818632],[137.403703,34.818587],[137.403182,34.818205],[137.402898,34.818221],[137.402088,34.817721],[137.40101,34.817049],[137.400863,34.816955],[137.400323,34.816615],[137.399665,34.817324],[137.399664,34.817323],[137.399649,34.81734],[137.399048,34.817989],[137.398751,34.817815],[137.39751,34.819177],[137.397463,34.819217],[137.397476,34.819235],[137.397711,34.819472],[137.39768,34.819475],[137.397706,34.819613],[137.397767,34.8198],[137.397778,34.819835],[137.398007,34.819834],[137.398387,34.81993],[137.398601,34.819954],[137.398792,34.819928],[137.399107,34.819884],[137.39996,34.819803],[137.399994,34.820006],[137.399921,34.820188],[137.399799,34.820473],[137.399444,34.821183],[137.399969,34.821376],[137.400118,34.821428],[137.400494,34.821607],[137.400451,34.821672],[137.400428,34.821718],[137.400416,34.821778],[137.400419,34.82182],[137.401102,34.821976],[137.401225,34.822012],[137.401386,34.822086],[137.401495,34.822073],[137.401558,34.822072],[137.401756,34.82213],[137.402064,34.822283],[137.402318,34.822071],[137.402828,34.822311],[137.402865,34.822409],[137.403009,34.822498],[137.403105,34.822796],[137.403333,34.822998],[137.403422,34.823162],[137.40374,34.823717],[137.403806,34.823832],[137.404173,34.823783],[137.40589,34.823376],[137.405465,34.822457],[137.405414,34.822324]]]}},{"type":"Feature","id":"232070900","properties":{"KEY_CODE":"232070900","PREF":"23","CITY":"207","S_AREA":"090000","PREF_NAME":"愛知県","CITY_NAME":"豊川市","S_NAME":"東曙町","HCODE":8101,"AREA":116849.354,"KIGO_E":"","JINKO":809,"SETAI":330,"X_CODE":137.397548,"Y_CODE":34.835897},"geometry":{"type":"Polygon","coordinates":[[[137.396915,34.83758],[137.397617,34.837111],[137.39819,34.836848],[137.398665,34.836672],[137.39921,34.836514],[137.400967,34.836117],[137.399124,34.834843],[137.398905,34.834691],[137.397655,34.833829],[137.397551,34.83376],[137.397308,34.833973],[137.396975,34.83431],[137.396527,34.834708],[137.396436,34.834853],[137.395994,34.835435],[137.395314,34.836352],[137.394594,34.837322],[137.395422,34.837467],[137.395543,34.8374],[137.395943,34.837455],[137.396915,34.83758]]]}},{"type":"Feature","id":"232070910","properties":{"KEY_CODE":"232070910","PREF":"23","CITY":"207","S_AREA":"091000","PREF_NAME":"愛知県","CITY_NAME":"豊川市","S_NAME":"東桜木町","HCODE":8101,"AREA":44583.425,"KIGO_E":"","JINKO":345,"SETAI":139,"X_CODE":137.393105,"Y_CODE":34.829112},"geometry":{"type":"Polygon","coordinates":[[[137.393858,34.82996],[137.394188,34.829646],[137.394269,34.829646],[137.394291,34.829297],[137.394311,34.828828],[137.394386,34.828167],[137.394071,34.828061],[137.393727,34.827953],[137.393228,34.828555],[137.392599,34.828179],[137.392385,34.82833],[137.39207,34.828268],[137.391821,34.828542],[137.39151,34.828937],[137.391325,34.829154],[137.391532,34.829256],[137.391677,34.829104],[137.392,34.829313],[137.391858,34.829438],[137.392582,34.829925],[137.392879,34.830128],[137.393316,34.830464],[137.393488,34.830316],[137.393573,34.830249],[137.393858,34.82996]]]}},{"type":"Feature","id":"23207092001","properties":{"KEY_CODE":"23207092001","PREF":"23","CITY":"207","S_AREA":"092001","PREF_NAME":"愛知県","CITY_NAME":"豊川市","S_NAME":"東豊町一丁目","HCODE":8101,"AREA":33121.643,"KIGO_E":"","JINKO":150,"SETAI":66,"X_CODE":137.40022,"Y_CODE":34.826157},"geometry":{"type":"Polygon","coordinates":[[[137.401171,34.827193],[137.40163,34.826412],[137.400122,34.82515],[137.400016,34.825211],[137.399896,34.825202],[137.399623,34.825405],[137.399372,34.825219],[137.399262,34.825322],[137.399176,34.825266],[137.398954,34.825508],[137.398864,34.825459],[137.39874,34.825587],[137.398597,34.825503],[137.39839,34.825706],[137.398651,34.825878],[137.398551,34.825976],[137.398697,34.826075],[137.398798,34.826124],[137.399085,34.825763],[137.399459,34.825947],[137.399376,34.826084],[137.399708,34.826242],[137.399554,34.826461],[137.399706,34.82668],[137.399774,34.82669],[137.399867,34.826716],[137.399952,34.826754],[137.400004,34.826794],[137.400017,34.82684],[137.400059,34.826887],[137.400266,34.827081],[137.400325,34.827068],[137.400458,34.826971],[137.401,34.827347],[137.401171,34.827193]]]}},{"type":"Feature","id":"23207092002","properties":{"KEY_CODE":"23207092002","PREF":"23","CITY":"207","S_AREA":"092002","PREF_NAME":"愛知県","CITY_NAME":"豊川市","S_NAME":"東豊町二丁目","HCODE":8101,"AREA":44473.705,"KIGO_E":"","JINKO":336,"SETAI":137,"X_CODE":137.40194,"Y_CODE":34.827956},"geometry":{"type":"Polygon","coordinates":[[[137.402664,34.828935],[137.402853,34.828892],[137.402881,34.82903],[137.403111,34.829094],[137.403134,34.828956],[137.403134,34.828837],[137.403078,34.82833],[137.402994,34.828065],[137.402859,34.827751],[137.402948,34.827716],[137.402652,34.827403],[137.402355,34.827102],[137.402102,34.826823],[137.401985,34.826694],[137.402164,34.826332],[137.401924,34.826147],[137.401875,34.826107],[137.401667,34.826266],[137.40163,34.826412],[137.401171,34.827193],[137.401,34.827347],[137.40089,34.82745],[137.400913,34.827862],[137.400976,34.828153],[137.401088,34.828545],[137.400954,34.828573],[137.400908,34.828587],[137.401193,34.828982],[137.401343,34.829132],[137.401418,34.829234],[137.402655,34.828995],[137.402664,34.828935]]]}},{"type":"Feature","id":"23207092003","properties":{"KEY_CODE":"23207092003","PREF":"23","CITY":"207","S_AREA":"092003","PREF_NAME":"愛知県","CITY_NAME":"豊川市","S_NAME":"東豊町","HCODE":8101,"AREA":156983.304,"KIGO_E":"","JINKO":772,"SETAI":327,"X_CODE":137.405414,"Y_CODE":34.828558},"geometry":{"type":"Polygon","coordinates":[[[137.407192,34.828191],[137.406426,34.825778],[137.405821,34.825903],[137.405878,34.826643],[137.405678,34.826684],[137.405507,34.826758],[137.405383,34.826771],[137.405132,34.826771],[137.405038,34.826537],[137.40443,34.826714],[137.404527,34.826961],[137.404567,34.826975],[137.404529,34.827013],[137.404282,34.826979],[137.404182,34.826963],[137.40332,34.826911],[137.403238,34.826921],[137.402243,34.826864],[137.402102,34.826823],[137.402355,34.827102],[137.402652,34.827403],[137.402948,34.827716],[137.403174,34.827996],[137.4035,34.828469],[137.40375,34.82889],[137.404023,34.829454],[137.404136,34.829716],[137.404443,34.830353],[137.404695,34.830894],[137.404832,34.83119],[137.406047,34.83078],[137.407058,34.830448],[137.407799,34.830204],[137.407307,34.828551],[137.407266,34.828445],[137.407192,34.828191]]]}},{"type":"Feature","id":"232070930","properties":{"KEY_CODE":"232070930","PREF":"23","CITY":"207","S_AREA":"093000","PREF_NAME":"愛知県","CITY_NAME":"豊川市","S_NAME":"平尾町","HCODE":8101,"AREA":6831608.38,"KIGO_E":"","JINKO":4222,"SETAI":1407,"X_CODE":137.340687,"Y_CODE":34.856826},"geometry":{"type":"Polygon","coordinates":[[[137.349526,34.872179],[137.349282,34.8719],[137.349045,34.871666],[137.348919,34.871517],[137.348875,34.871401],[137.348895,34.871272],[137.348934,34.871171],[137.348975,34.871052],[137.349046,34.870852],[137.348769,34.870698],[137.349037,34.870325],[137.349099,34.870108],[137.349104,34.870008],[137.349116,34.869771],[137.349064,34.869432],[137.349042,34.869256],[137.349019,34.868899],[137.349077,34.868735],[137.349169,34.868554],[137.34972,34.868117],[137.349795,34.868039],[137.350049,34.86783],[137.350404,34.867542],[137.350683,34.867313],[137.350982,34.867077],[137.351201,34.866911],[137.351377,34.866733],[137.351501,34.866466],[137.351604,34.866246],[137.351725,34.866083],[137.351923,34.865912],[137.352051,34.865806],[137.352375,34.865601],[137.352558,34.865478],[137.352599,34.865388],[137.352563,34.864807],[137.352545,34.864669],[137.352358,34.864404],[137.352262,34.864181],[137.352301,34.864073],[137.352565,34.863737],[137.352645,34.863569],[137.352694,34.863353],[137.352661,34.863182],[137.352592,34.862969],[137.352671,34.862769],[137.352766,34.862497],[137.352669,34.862238],[137.35247,34.861955],[137.352364,34.861907],[137.35209,34.861829],[137.351923,34.861708],[137.351555,34.861198],[137.351385,34.86098],[137.351674,34.860795],[137.351779,34.860669],[137.351872,34.86041],[137.351923,34.860224],[137.351928,34.860055],[137.351917,34.859843],[137.351907,34.859691],[137.351886,34.859577],[137.351792,34.859455],[137.351585,34.859199],[137.351516,34.85896],[137.351538,34.85884],[137.351744,34.858408],[137.351714,34.85823],[137.351434,34.857919],[137.351312,34.857707],[137.351176,34.857498],[137.351143,34.857233],[137.35111,34.857027],[137.351118,34.856846],[137.351948,34.856591],[137.352111,34.856858],[137.352262,34.856993],[137.352454,34.857128],[137.352618,34.85724],[137.35337,34.85716],[137.353289,34.856518],[137.35287,34.856516],[137.352724,34.856379],[137.352682,34.856275],[137.352613,34.856102],[137.352627,34.856014],[137.352678,34.855963],[137.352727,34.855924],[137.352942,34.855898],[137.353244,34.855758],[137.35341,34.855666],[137.353758,34.855417],[137.353986,34.855281],[137.354191,34.855199],[137.354513,34.855078],[137.354635,34.855058],[137.35492,34.855073],[137.355146,34.855133],[137.355358,34.855152],[137.355621,34.85515],[137.356248,34.855066],[137.356611,34.855071],[137.356791,34.855034],[137.357231,34.854771],[137.357294,34.854753],[137.357347,34.854747],[137.357499,34.854814],[137.357876,34.855282],[137.357979,34.855337],[137.358053,34.85534],[137.358105,34.855333],[137.358798,34.855243],[137.359014,34.855305],[137.359509,34.854691],[137.359426,34.854028],[137.359389,34.853764],[137.358517,34.853283],[137.358431,34.853021],[137.358123,34.852442],[137.358147,34.851032],[137.357767,34.850888],[137.357534,34.850796],[137.357086,34.850529],[137.356879,34.850386],[137.356458,34.85004],[137.356257,34.849872],[137.356072,34.849753],[137.355818,34.849633],[137.355713,34.8496],[137.355599,34.849589],[137.354412,34.849704],[137.3541,34.849692],[137.353775,34.849238],[137.352884,34.848073],[137.352743,34.84793],[137.352646,34.847794],[137.352253,34.847746],[137.352065,34.847727],[137.351836,34.847718],[137.351613,34.847699],[137.351363,34.847645],[137.351195,34.847586],[137.351063,34.847502],[137.350943,34.847392],[137.350612,34.84694],[137.350368,34.8469],[137.350145,34.846836],[137.350089,34.8468],[137.350077,34.84677],[137.350091,34.846678],[137.35015,34.846634],[137.350221,34.846581],[137.350489,34.846505],[137.350699,34.846472],[137.350633,34.846414],[137.350539,34.846324],[137.350427,34.846223],[137.350294,34.846183],[137.350078,34.846155],[137.349956,34.846146],[137.349822,34.846149],[137.34967,34.846143],[137.349599,34.84614],[137.349536,34.846111],[137.349397,34.845998],[137.349318,34.845894],[137.349294,34.845854],[137.349338,34.845773],[137.349425,34.845653],[137.349616,34.845493],[137.349768,34.845291],[137.349729,34.845235],[137.349666,34.845173],[137.349602,34.845134],[137.349481,34.845123],[137.349396,34.845129],[137.349277,34.845137],[137.349137,34.845173],[137.349004,34.845213],[137.348893,34.845233],[137.348808,34.845255],[137.348677,34.845285],[137.348503,34.845324],[137.34805,34.844612],[137.348031,34.844583],[137.347933,34.844513],[137.347853,34.844495],[137.347513,34.84451],[137.34744,34.844494],[137.347339,34.84442],[137.347203,34.84438],[137.347039,34.844376],[137.346951,34.84439],[137.346806,34.844399],[137.346639,34.844391],[137.346486,34.844391],[137.346256,34.844388],[137.346123,34.844339],[137.346063,34.844321],[137.345975,34.844253],[137.345908,34.844177],[137.345858,34.844089],[137.345849,34.843993],[137.345814,34.843906],[137.345742,34.843788],[137.345611,34.843582],[137.345507,34.843416],[137.345443,34.843425],[137.345195,34.843444],[137.345103,34.843415],[137.344971,34.843335],[137.344749,34.843252],[137.344466,34.843143],[137.344448,34.843133],[137.344419,34.843128],[137.343769,34.842807],[137.343557,34.842699],[137.343291,34.842618],[137.342959,34.842503],[137.342486,34.842502],[137.342361,34.842529],[137.342268,34.842592],[137.342043,34.84261],[137.342045,34.842625],[137.341867,34.842645],[137.341808,34.842579],[137.341015,34.842668],[137.340596,34.842621],[137.340543,34.842628],[137.339516,34.84275],[137.339365,34.842705],[137.339194,34.842687],[137.338818,34.842678],[137.338432,34.842706],[137.338256,34.842718],[137.338022,34.842802],[137.337393,34.842799],[137.336843,34.842797],[137.336238,34.842817],[137.336232,34.842817],[137.336237,34.843482],[137.335929,34.843482],[137.33595,34.843911],[137.335906,34.843945],[137.335904,34.843957],[137.335913,34.844164],[137.335118,34.843476],[137.334846,34.843244],[137.334126,34.843819],[137.332861,34.844175],[137.332892,34.844251],[137.33333,34.844613],[137.333125,34.844647],[137.333153,34.844771],[137.333098,34.844861],[137.33307,34.844881],[137.333036,34.844885],[137.333003,34.844884],[137.332852,34.844851],[137.332703,34.844831],[137.332634,34.844833],[137.33259,34.844828],[137.332535,34.844823],[137.332443,34.84481],[137.332371,34.84482],[137.332219,34.844868],[137.332085,34.844946],[137.332003,34.844972],[137.331897,34.844975],[137.331738,34.844992],[137.331571,34.845011],[137.331426,34.845003],[137.331148,34.844948],[137.331116,34.844974],[137.330932,34.845163],[137.330863,34.845292],[137.330853,34.845443],[137.331056,34.845558],[137.331175,34.845691],[137.331228,34.845838],[137.331255,34.846117],[137.331236,34.846317],[137.331174,34.846521],[137.331158,34.846976],[137.331119,34.847091],[137.331079,34.84722],[137.331037,34.847381],[137.330963,34.847425],[137.33075,34.847531],[137.330683,34.847604],[137.330284,34.847563],[137.330042,34.847502],[137.329728,34.847469],[137.329331,34.847447],[137.328907,34.847425],[137.328757,34.847414],[137.328689,34.847437],[137.328416,34.847719],[137.328567,34.848],[137.328449,34.848067],[137.328308,34.848186],[137.328106,34.848332],[137.327993,34.848486],[137.327876,34.848557],[137.327742,34.848674],[137.327517,34.848883],[137.327483,34.848947],[137.327474,34.849057],[137.327434,34.849091],[137.327332,34.849132],[137.326946,34.849229],[137.326848,34.849285],[137.326814,34.849315],[137.326736,34.849377],[137.326661,34.849451],[137.326576,34.849532],[137.326477,34.849618],[137.326379,34.849714],[137.326321,34.849804],[137.326276,34.849912],[137.326246,34.850051],[137.326216,34.850195],[137.326208,34.850335],[137.326208,34.850455],[137.326216,34.850625],[137.326225,34.850867],[137.32622,34.850984],[137.326237,34.851192],[137.326316,34.85157],[137.326388,34.851989],[137.326339,34.852179],[137.326262,34.852351],[137.326219,34.852463],[137.326171,34.852545],[137.326131,34.85262],[137.326063,34.852712],[137.325885,34.852898],[137.325985,34.852966],[137.326044,34.853032],[137.326092,34.853076],[137.326126,34.85314],[137.326183,34.853212],[137.326296,34.853497],[137.326396,34.853572],[137.326485,34.853609],[137.326736,34.853677],[137.326802,34.8537],[137.326964,34.853742],[137.32708,34.853812],[137.327153,34.853897],[137.327183,34.853985],[137.327202,34.854057],[137.327212,34.854122],[137.327188,34.854186],[137.327157,34.854281],[137.32696,34.854454],[137.326715,34.854572],[137.326383,34.854756],[137.325945,34.854934],[137.325786,34.85507],[137.325695,34.855142],[137.325582,34.855244],[137.325467,34.855371],[137.325456,34.855457],[137.32546,34.85553],[137.325502,34.855839],[137.325502,34.855913],[137.325248,34.856137],[137.32509,34.856215],[137.324933,34.856307],[137.324462,34.856559],[137.324011,34.856732],[137.324374,34.856975],[137.324524,34.857247],[137.324652,34.857595],[137.324677,34.857921],[137.324309,34.85862],[137.324282,34.858756],[137.324337,34.858857],[137.324446,34.859015],[137.324652,34.85924],[137.325192,34.859754],[137.32522,34.859788],[137.325609,34.860248],[137.325923,34.860584],[137.326159,34.86091],[137.326358,34.861151],[137.326348,34.861364],[137.326287,34.861617],[137.326268,34.861793],[137.326519,34.861935],[137.32694,34.862079],[137.327252,34.862285],[137.327468,34.862639],[137.327718,34.86299],[137.327894,34.863339],[137.328051,34.863716],[137.328208,34.864073],[137.32823,34.864101],[137.328425,34.864346],[137.328617,34.864511],[137.328639,34.864585],[137.328684,34.864734],[137.32875,34.865036],[137.32887,34.865288],[137.328882,34.865304],[137.328961,34.865467],[137.329129,34.865847],[137.329193,34.866013],[137.329176,34.866937],[137.329174,34.866952],[137.329143,34.867213],[137.329216,34.867414],[137.329325,34.867547],[137.329547,34.867636],[137.330001,34.867657],[137.330177,34.867834],[137.330268,34.86803],[137.330308,34.868049],[137.330382,34.868044],[137.331759,34.867822],[137.331964,34.867839],[137.331995,34.867842],[137.332805,34.867848],[137.332821,34.867848],[137.333539,34.867836],[137.333922,34.8678],[137.334601,34.867814],[137.334958,34.867814],[137.335195,34.867687],[137.33536,34.867533],[137.335535,34.867507],[137.335705,34.867558],[137.335862,34.867658],[137.336162,34.86804],[137.336308,34.868213],[137.336817,34.868286],[137.337054,34.86837],[137.33733,34.868523],[137.33743,34.868594],[137.337672,34.868844],[137.337722,34.868922],[137.337802,34.869049],[137.337993,34.869246],[137.338362,34.869461],[137.338761,34.869608],[137.338987,34.869887],[137.339522,34.87014],[137.340158,34.871038],[137.340451,34.871258],[137.340828,34.871443],[137.341394,34.871572],[137.342035,34.871623],[137.342412,34.871586],[137.342782,34.871462],[137.343084,34.87174],[137.343361,34.871911],[137.343512,34.871972],[137.343782,34.872034],[137.344032,34.872074],[137.344175,34.872097],[137.344258,34.872111],[137.344622,34.871972],[137.344696,34.87206],[137.344964,34.872376],[137.345392,34.872826],[137.345923,34.873266],[137.346793,34.873756],[137.347213,34.873968],[137.347557,34.874213],[137.347705,34.874113],[137.348568,34.873617],[137.34901,34.873332],[137.34945,34.873136],[137.349779,34.872994],[137.349738,34.872594],[137.34968,34.872373],[137.349526,34.872179]]]}},{"type":"Feature","id":"232070940","properties":{"KEY_CODE":"232070940","PREF":"23","CITY":"207","S_AREA":"094000","PREF_NAME":"愛知県","CITY_NAME":"豊川市","S_NAME":"二葉町","HCODE":8101,"AREA":421344.226,"KIGO_E":"","JINKO":238,"SETAI":79,"X_CODE":137.424165,"Y_CODE":34.828525},"geometry":{"type":"Polygon","coordinates":[[[137.422456,34.832246],[137.42264,34.83188],[137.423726,34.83224],[137.424434,34.830743],[137.425045,34.830716],[137.425581,34.830895],[137.425153,34.831793],[137.427264,34.831155],[137.42746,34.830708],[137.427929,34.829844],[137.427973,34.829762],[137.42853,34.828802],[137.427674,34.828447],[137.427537,34.82838],[137.427304,34.828166],[137.427265,34.828131],[137.427042,34.827929],[137.426849,34.827628],[137.426721,34.827171],[137.426765,34.826674],[137.426861,34.826275],[137.427024,34.825987],[137.427256,34.825645],[137.426734,34.825437],[137.42756,34.824003],[137.426995,34.824103],[137.426621,34.824204],[137.425968,34.824429],[137.425137,34.824778],[137.424937,34.824885],[137.424476,34.825101],[137.424159,34.825284],[137.424049,34.825401],[137.423886,34.825486],[137.422993,34.826047],[137.422638,34.826216],[137.422565,34.82625],[137.422555,34.826398],[137.422311,34.826419],[137.421851,34.82663],[137.421781,34.826696],[137.421766,34.826802],[137.421772,34.827002],[137.421774,34.827253],[137.421395,34.82716],[137.421183,34.827143],[137.420868,34.827154],[137.420664,34.827167],[137.420499,34.827185],[137.419624,34.82838],[137.419332,34.828748],[137.420342,34.829258],[137.420066,34.829623],[137.421074,34.83021],[137.420586,34.830866],[137.421627,34.831403],[137.422076,34.831636],[137.421849,34.832038],[137.422456,34.832246]]]}},{"type":"Feature","id":"232070950","properties":{"KEY_CODE":"232070950","PREF":"23","CITY":"207","S_AREA":"095000","PREF_NAME":"愛知県","CITY_NAME":"豊川市","S_NAME":"二見町","HCODE":8101,"AREA":54026.421,"KIGO_E":"","JINKO":348,"SETAI":161,"X_CODE":137.389314,"Y_CODE":34.818845},"geometry":{"type":"Polygon","coordinates":[[[137.390696,34.819418],[137.39083,34.818937],[137.390963,34.818481],[137.391233,34.818039],[137.390925,34.817876],[137.390853,34.817761],[137.390106,34.817889],[137.389099,34.818114],[137.38891,34.818161],[137.387819,34.818435],[137.387248,34.818599],[137.387211,34.818603],[137.387289,34.818874],[137.387396,34.81891],[137.387288,34.819021],[137.387432,34.819173],[137.387653,34.81938],[137.387859,34.819212],[137.388389,34.819645],[137.388149,34.819837],[137.388441,34.82011],[137.388548,34.820027],[137.388693,34.819918],[137.389864,34.819621],[137.390696,34.819418]]]}},{"type":"Feature","id":"232070960","properties":{"KEY_CODE":"232070960","PREF":"23","CITY":"207","S_AREA":"096000","PREF_NAME":"愛知県","CITY_NAME":"豊川市","S_NAME":"古宿町","HCODE":8101,"AREA":165233.609,"KIGO_E":"","JINKO":1050,"SETAI":415,"X_CODE":137.394263,"Y_CODE":34.817745},"geometry":{"type":"Polygon","coordinates":[[[137.394493,34.821308],[137.394408,34.820969],[137.394321,34.820984],[137.394241,34.820575],[137.394655,34.820476],[137.394587,34.820339],[137.394731,34.820298],[137.394252,34.819108],[137.394294,34.819101],[137.394521,34.819076],[137.394742,34.819026],[137.394838,34.81901],[137.394948,34.818986],[137.395046,34.818937],[137.395153,34.818882],[137.395282,34.818851],[137.39547,34.818825],[137.395682,34.818796],[137.395877,34.818773],[137.396193,34.818461],[137.39637,34.818276],[137.396773,34.818776],[137.397053,34.819202],[137.39736,34.819071],[137.397324,34.81902],[137.3972,34.818794],[137.397657,34.818295],[137.39743,34.817974],[137.397311,34.81778],[137.397257,34.817705],[137.397092,34.817599],[137.397215,34.817485],[137.396973,34.817357],[137.397085,34.817219],[137.396541,34.816903],[137.396676,34.816774],[137.396181,34.816487],[137.396356,34.816304],[137.396081,34.816102],[137.395936,34.815898],[137.395836,34.815769],[137.395682,34.81566],[137.395526,34.815621],[137.395326,34.815585],[137.395039,34.815528],[137.39482,34.815438],[137.394631,34.815329],[137.394383,34.815198],[137.394189,34.815556],[137.393912,34.816181],[137.393823,34.816414],[137.393545,34.817005],[137.393456,34.817202],[137.393559,34.817663],[137.393413,34.817946],[137.392974,34.817662],[137.390824,34.816228],[137.390642,34.816449],[137.390514,34.816539],[137.389946,34.817156],[137.390633,34.817589],[137.39079,34.817684],[137.390853,34.817761],[137.390925,34.817876],[137.391233,34.818039],[137.391525,34.818173],[137.391726,34.81828],[137.392231,34.818538],[137.393342,34.818704],[137.393518,34.819246],[137.393504,34.819265],[137.393668,34.819766],[137.393745,34.819927],[137.393845,34.820121],[137.394002,34.820338],[137.394019,34.82042],[137.394082,34.820613],[137.394172,34.820991],[137.394204,34.821188],[137.394213,34.821457],[137.394266,34.822064],[137.394728,34.822006],[137.394703,34.821686],[137.394508,34.821685],[137.394493,34.821308]]]}},{"type":"Feature","id":"232070970","properties":{"KEY_CODE":"232070970","PREF":"23","CITY":"207","S_AREA":"097000","PREF_NAME":"愛知県","CITY_NAME":"豊川市","S_NAME":"豊栄町","HCODE":8101,"AREA":31289.055,"KIGO_E":"","JINKO":212,"SETAI":88,"X_CODE":137.397227,"Y_CODE":34.831931},"geometry":{"type":"Polygon","coordinates":[[[137.398223,34.833284],[137.397868,34.832902],[137.397386,34.832368],[137.397711,34.83194],[137.397842,34.831738],[137.397868,34.831734],[137.398271,34.831166],[137.39797,34.830782],[137.397598,34.830351],[137.397579,34.830145],[137.397742,34.830014],[137.397415,34.829778],[137.397267,34.829767],[137.397291,34.829907],[137.397141,34.829928],[137.397211,34.830155],[137.397349,34.830122],[137.397466,34.830216],[137.397268,34.830333],[137.397398,34.830572],[137.397305,34.830614],[137.397473,34.830843],[137.397268,34.830948],[137.39732,34.83125],[137.397594,34.831502],[137.397342,34.831527],[137.397355,34.831799],[137.397182,34.831812],[137.397089,34.831817],[137.396838,34.831851],[137.396631,34.831861],[137.395669,34.831952],[137.395467,34.831972],[137.396877,34.832969],[137.396911,34.832932],[137.397213,34.833159],[137.397343,34.833034],[137.397605,34.833211],[137.397422,34.83339],[137.397615,34.833515],[137.398223,34.833284]]]}},{"type":"Feature","id":"232070980","properties":{"KEY_CODE":"232070980","PREF":"23","CITY":"207","S_AREA":"098000","PREF_NAME":"愛知県","CITY_NAME":"豊川市","S_NAME":"穂ノ原","HCODE":8101,"AREA":1887199.824,"KIGO_E":"","JINKO":802,"SETAI":94,"X_CODE":137.372977,"Y_CODE":34.834051},"geometry":{"type":"Polygon","coordinates":[[[137.377678,34.834962],[137.3777,34.833659],[137.378313,34.833749],[137.378837,34.833757],[137.379723,34.833769],[137.380336,34.833778],[137.381515,34.833796],[137.384704,34.833844],[137.385953,34.83386],[137.386392,34.833837],[137.386458,34.833853],[137.386562,34.83396],[137.386675,34.834084],[137.386807,34.833931],[137.38632,34.833078],[137.385508,34.831648],[137.384941,34.83074],[137.384737,34.830397],[137.384188,34.829425],[137.384016,34.829124],[137.383744,34.829201],[137.376653,34.829111],[137.374957,34.829083],[137.371011,34.829037],[137.368387,34.829039],[137.366387,34.829044],[137.365968,34.829044],[137.364231,34.829024],[137.364236,34.830415],[137.364225,34.830681],[137.364215,34.831566],[137.364196,34.832942],[137.364188,34.8335],[137.364144,34.836238],[137.364101,34.840125],[137.367415,34.840159],[137.370833,34.84019],[137.37239,34.84021],[137.373295,34.840218],[137.374091,34.84023],[137.376767,34.840253],[137.377591,34.840259],[137.377604,34.839513],[137.377632,34.837984],[137.377641,34.837156],[137.377648,34.836642],[137.377659,34.83578],[137.377678,34.834962]]]}},{"type":"Feature","id":"232070990","properties":{"KEY_CODE":"232070990","PREF":"23","CITY":"207","S_AREA":"099000","PREF_NAME":"愛知県","CITY_NAME":"豊川市","S_NAME":"本野町","HCODE":8101,"AREA":510526.861,"KIGO_E":"","JINKO":3371,"SETAI":1432,"X_CODE":137.381161,"Y_CODE":34.837219},"geometry":{"type":"Polygon","coordinates":[[[137.379586,34.841923],[137.381661,34.841562],[137.381624,34.841629],[137.382015,34.841536],[137.382297,34.841476],[137.382541,34.840988],[137.382703,34.840449],[137.382984,34.840066],[137.383254,34.839575],[137.383406,34.839323],[137.38418,34.837907],[137.38451,34.837441],[137.384665,34.837299],[137.384785,34.837206],[137.384905,34.83715],[137.384895,34.837059],[137.384818,34.83656],[137.385098,34.836081],[137.385439,34.835292],[137.385751,34.835393],[137.386188,34.834738],[137.385928,34.834727],[137.385953,34.83386],[137.384704,34.833844],[137.381515,34.833796],[137.380336,34.833778],[137.379723,34.833769],[137.378837,34.833757],[137.378313,34.833749],[137.3777,34.833659],[137.377678,34.834962],[137.377659,34.83578],[137.377648,34.836642],[137.377641,34.837156],[137.377632,34.837984],[137.377604,34.839513],[137.3787,34.839529],[137.378647,34.840149],[137.378644,34.840206],[137.378645,34.840649],[137.378646,34.840927],[137.378644,34.842087],[137.379586,34.841923]]]}},{"type":"Feature","id":"23207100001","properties":{"KEY_CODE":"23207100001","PREF":"23","CITY":"207","S_AREA":"100001","PREF_NAME":"愛知県","CITY_NAME":"豊川市","S_NAME":"本野ケ原一丁目","HCODE":8101,"AREA":134641.607,"KIGO_E":"","JINKO":361,"SETAI":146,"X_CODE":137.400884,"Y_CODE":34.838219},"geometry":{"type":"Polygon","coordinates":[[[137.401869,34.836776],[137.400967,34.836117],[137.39921,34.836514],[137.398665,34.836672],[137.39819,34.836848],[137.397617,34.837111],[137.396915,34.83758],[137.398123,34.837797],[137.39995,34.838211],[137.400026,34.838369],[137.400152,34.838618],[137.400486,34.839042],[137.400691,34.839389],[137.400766,34.839581],[137.401149,34.840245],[137.401157,34.840317],[137.401162,34.840379],[137.401144,34.840486],[137.40113,34.840595],[137.401137,34.840683],[137.401139,34.840707],[137.401178,34.840709],[137.401573,34.840932],[137.403827,34.840209],[137.403863,34.84006],[137.403988,34.84003],[137.40386,34.839951],[137.403398,34.83973],[137.40293,34.839495],[137.402323,34.839198],[137.401765,34.838946],[137.403115,34.837639],[137.401869,34.836776]]]}},{"type":"Feature","id":"23207100002","properties":{"KEY_CODE":"23207100002","PREF":"23","CITY":"207","S_AREA":"100002","PREF_NAME":"愛知県","CITY_NAME":"豊川市","S_NAME":"本野ケ原二丁目","HCODE":8101,"AREA":233065.165,"KIGO_E":"","JINKO":381,"SETAI":159,"X_CODE":137.40496,"Y_CODE":34.837497},"geometry":{"type":"Polygon","coordinates":[[[137.407173,34.836285],[137.406428,34.834908],[137.406129,34.834972],[137.403244,34.835609],[137.400967,34.836117],[137.401869,34.836776],[137.403115,34.837639],[137.401765,34.838946],[137.402323,34.839198],[137.40293,34.839495],[137.403398,34.83973],[137.40386,34.839951],[137.404972,34.839645],[137.407085,34.839187],[137.407788,34.839063],[137.408738,34.838918],[137.407173,34.836285]]]}},{"type":"Feature","id":"23207100004","properties":{"KEY_CODE":"23207100004","PREF":"23","CITY":"207","S_AREA":"100004","PREF_NAME":"愛知県","CITY_NAME":"豊川市","S_NAME":"本野ケ原四丁目","HCODE":8101,"AREA":130474.388,"KIGO_E":"","JINKO":302,"SETAI":156,"X_CODE":137.406915,"Y_CODE":34.840569},"geometry":{"type":"Polygon","coordinates":[[[137.408736,34.841373],[137.408322,34.840676],[137.408632,34.840724],[137.408778,34.840753],[137.40894,34.840805],[137.409099,34.84087],[137.409364,34.841017],[137.409604,34.841216],[137.409863,34.84144],[137.41002,34.841633],[137.410112,34.841709],[137.410422,34.84157],[137.409706,34.840522],[137.408738,34.838918],[137.407788,34.839063],[137.407085,34.839187],[137.404972,34.839645],[137.40386,34.839951],[137.403988,34.84003],[137.403863,34.84006],[137.403827,34.840209],[137.404615,34.841548],[137.405187,34.841315],[137.405869,34.842503],[137.406463,34.842276],[137.40647,34.842273],[137.40704,34.842059],[137.407594,34.841834],[137.407599,34.841832],[137.408736,34.841373]]]}},{"type":"Feature","id":"232071010","properties":{"KEY_CODE":"232071010","PREF":"23","CITY":"207","S_AREA":"101000","PREF_NAME":"愛知県","CITY_NAME":"豊川市","S_NAME":"牧野町","HCODE":8101,"AREA":542982.883,"KIGO_E":"","JINKO":683,"SETAI":239,"X_CODE":137.409104,"Y_CODE":34.8231},"geometry":{"type":"Polygon","coordinates":[[[137.409286,34.826703],[137.409287,34.826701],[137.409924,34.827069],[137.410096,34.82712],[137.410467,34.827021],[137.410579,34.826996],[137.411045,34.826497],[137.411659,34.826343],[137.411953,34.826267],[137.412301,34.826186],[137.412526,34.826202],[137.412789,34.826228],[137.413031,34.826231],[137.413126,34.8261],[137.413153,34.825931],[137.413112,34.825706],[137.412974,34.825334],[137.412864,34.82512],[137.412398,34.824558],[137.412657,34.824512],[137.412643,34.824444],[137.41293,34.824399],[137.412916,34.824309],[137.413066,34.824286],[137.413074,34.824016],[137.413239,34.823965],[137.41311,34.823131],[137.413539,34.822942],[137.413678,34.823117],[137.414549,34.823127],[137.415182,34.822241],[137.41385,34.821513],[137.413601,34.821616],[137.413413,34.821665],[137.413278,34.821726],[137.413162,34.821773],[137.412896,34.820904],[137.412417,34.821038],[137.412562,34.821481],[137.412333,34.821606],[137.411792,34.821238],[137.41155,34.821084],[137.411312,34.820871],[137.411177,34.821025],[137.411083,34.821011],[137.411017,34.820985],[137.410929,34.820928],[137.410854,34.820839],[137.410804,34.820722],[137.410674,34.82053],[137.409799,34.820176],[137.409598,34.82031],[137.409481,34.820254],[137.408947,34.819964],[137.408736,34.819962],[137.407897,34.819771],[137.407937,34.819559],[137.407822,34.819561],[137.407865,34.819302],[137.407821,34.819302],[137.407788,34.819165],[137.407791,34.818734],[137.407502,34.818735],[137.406212,34.818829],[137.406008,34.818859],[137.40427,34.818972],[137.40384,34.819001],[137.404264,34.819507],[137.404473,34.819804],[137.404674,34.820151],[137.405057,34.821138],[137.405414,34.822324],[137.405465,34.822457],[137.40589,34.823376],[137.405894,34.823421],[137.406211,34.824488],[137.406586,34.825748],[137.406426,34.825778],[137.407192,34.828191],[137.408179,34.827944],[137.408044,34.827459],[137.407904,34.826998],[137.409286,34.826703]]]}},{"type":"Feature","id":"232071020","properties":{"KEY_CODE":"232071020","PREF":"23","CITY":"207","S_AREA":"102000","PREF_NAME":"愛知県","CITY_NAME":"豊川市","S_NAME":"正岡町","HCODE":8101,"AREA":488934.636,"KIGO_E":"","JINKO":200,"SETAI":67,"X_CODE":137.388711,"Y_CODE":34.803621},"geometry":{"type":"Polygon","coordinates":[[[137.390622,34.808914],[137.391011,34.808505],[137.391485,34.808807],[137.391905,34.808354],[137.391415,34.808058],[137.39196,34.807467],[137.392612,34.807882],[137.392694,34.807885],[137.392801,34.807865],[137.392871,34.80783],[137.392904,34.807786],[137.392912,34.807688],[137.392897,34.807582],[137.392556,34.80744],[137.392367,34.80736],[137.392221,34.807222],[137.392096,34.807113],[137.392437,34.806724],[137.392134,34.806188],[137.391868,34.805635],[137.391762,34.805622],[137.391706,34.805561],[137.391707,34.805477],[137.39175,34.80542],[137.391184,34.80424],[137.391026,34.804016],[137.390691,34.803997],[137.390876,34.803086],[137.391484,34.803093],[137.391371,34.802504],[137.39118,34.802192],[137.390595,34.801833],[137.391087,34.801542],[137.39136,34.801361],[137.391236,34.801069],[137.391059,34.800794],[137.391226,34.80062],[137.39122,34.800545],[137.391173,34.800475],[137.390925,34.800294],[137.390881,34.800238],[137.390873,34.800184],[137.3909,34.800126],[137.391028,34.799866],[137.390734,34.799774],[137.3907,34.799717],[137.390768,34.799582],[137.390863,34.799503],[137.391163,34.799311],[137.391177,34.799266],[137.391176,34.799198],[137.391135,34.799164],[137.389309,34.798591],[137.389118,34.79876],[137.389004,34.798844],[137.388946,34.798858],[137.388882,34.798846],[137.38879,34.798814],[137.388663,34.798779],[137.388586,34.798775],[137.388518,34.798851],[137.388432,34.798954],[137.388333,34.799093],[137.388144,34.799263],[137.386719,34.80073],[137.3866,34.800848],[137.386563,34.800823],[137.386041,34.80047],[137.385914,34.800436],[137.384023,34.802481],[137.384589,34.802827],[137.384778,34.802618],[137.38529,34.802918],[137.38523,34.802984],[137.385682,34.803265],[137.384727,34.804233],[137.385226,34.804542],[137.385768,34.804887],[137.385199,34.805454],[137.385689,34.80576],[137.385805,34.805632],[137.386842,34.806281],[137.386729,34.806405],[137.387217,34.806711],[137.387405,34.806515],[137.387763,34.806948],[137.387901,34.80681],[137.388482,34.807162],[137.388638,34.807013],[137.389524,34.807564],[137.389151,34.807962],[137.389667,34.808285],[137.390622,34.808914]]]}},{"type":"Feature","id":"232071030","properties":{"KEY_CODE":"232071030","PREF":"23","CITY":"207","S_AREA":"103000","PREF_NAME":"愛知県","CITY_NAME":"豊川市","S_NAME":"松風町","HCODE":8101,"AREA":34984.641,"KIGO_E":"","JINKO":244,"SETAI":101,"X_CODE":137.388839,"Y_CODE":34.817611},"geometry":{"type":"Polygon","coordinates":[[[137.389946,34.817156],[137.388757,34.816512],[137.388035,34.81729],[137.387809,34.817516],[137.3871,34.818357],[137.387164,34.818398],[137.387248,34.818599],[137.387819,34.818435],[137.38891,34.818161],[137.389099,34.818114],[137.390106,34.817889],[137.390853,34.817761],[137.39079,34.817684],[137.390633,34.817589],[137.389946,34.817156]]]}},{"type":"Feature","id":"23207104000","properties":{"KEY_CODE":"23207104000","PREF":"23","CITY":"207","S_AREA":"104000","PREF_NAME":"愛知県","CITY_NAME":"豊川市","S_NAME":"松久町","HCODE":8101,"AREA":8210.942,"KIGO_E":"","JINKO":75,"SETAI":32,"X_CODE":137.377888,"Y_CODE":34.818394},"geometry":{"type":"Polygon","coordinates":[[[137.377198,34.819181],[137.378144,34.818594],[137.37831,34.818378],[137.378628,34.817927],[137.378013,34.817714],[137.377659,34.818402],[137.377481,34.818346],[137.377357,34.818602],[137.377155,34.819113],[137.377198,34.819181]]]}},{"type":"Feature","id":"23207104001","properties":{"KEY_CODE":"23207104001","PREF":"23","CITY":"207","S_AREA":"104001","PREF_NAME":"愛知県","CITY_NAME":"豊川市","S_NAME":"松久町一丁目","HCODE":8101,"AREA":70077.001,"KIGO_E":"","JINKO":604,"SETAI":238,"X_CODE":137.378127,"Y_CODE":34.819941},"geometry":{"type":"Polygon","coordinates":[[[137.379546,34.818973],[137.379261,34.81832],[137.379135,34.818185],[137.378723,34.818583],[137.37831,34.818378],[137.378144,34.818594],[137.377198,34.819181],[137.377471,34.819597],[137.37657,34.819857],[137.376748,34.820247],[137.376162,34.820672],[137.376236,34.820843],[137.376071,34.820864],[137.376086,34.821088],[137.375805,34.821153],[137.375744,34.82128],[137.375833,34.821534],[137.377225,34.821145],[137.378,34.820928],[137.380095,34.820377],[137.379918,34.819908],[137.379739,34.819459],[137.379546,34.818973]]]}},{"type":"Feature","id":"23207104002","properties":{"KEY_CODE":"23207104002","PREF":"23","CITY":"207","S_AREA":"104002","PREF_NAME":"愛知県","CITY_NAME":"豊川市","S_NAME":"松久町二丁目","HCODE":8101,"AREA":3008.082,"KIGO_E":"","JINKO":50,"SETAI":27,"X_CODE":137.378715,"Y_CODE":34.818248},"geometry":{"type":"Polygon","coordinates":[[[137.379135,34.818185],[137.378998,34.818073],[137.378861,34.817994],[137.378751,34.817949],[137.378628,34.817927],[137.37831,34.818378],[137.378723,34.818583],[137.379135,34.818185]]]}},{"type":"Feature","id":"232071050","properties":{"KEY_CODE":"232071050","PREF":"23","CITY":"207","S_AREA":"105000","PREF_NAME":"愛知県","CITY_NAME":"豊川市","S_NAME":"三上町","HCODE":8101,"AREA":2557872.38,"KIGO_E":"","JINKO":1150,"SETAI":332,"X_CODE":137.429392,"Y_CODE":34.820955},"geometry":{"type":"Polygon","coordinates":[[[137.429887,34.826373],[137.430675,34.825336],[137.431115,34.82554],[137.431798,34.825873],[137.432238,34.826151],[137.432678,34.826355],[137.433532,34.826731],[137.433665,34.826784],[137.434753,34.827234],[137.435042,34.827366],[137.435384,34.82753],[137.43557,34.827619],[137.435751,34.827685],[137.435898,34.827733],[137.43606,34.827754],[137.436249,34.827774],[137.436393,34.827781],[137.436515,34.827787],[137.43674,34.8278],[137.436937,34.827795],[137.437106,34.827781],[137.437278,34.827742],[137.437491,34.827687],[137.437605,34.827659],[137.437688,34.827618],[137.437823,34.827519],[137.43798,34.827403],[137.438066,34.827328],[137.43819,34.827234],[137.43829,34.82714],[137.438417,34.826989],[137.438513,34.826867],[137.438592,34.826765],[137.438681,34.82666],[137.438816,34.826525],[137.439195,34.8263],[137.439804,34.825935],[137.440268,34.825675],[137.440855,34.825406],[137.441483,34.825109],[137.441575,34.825065],[137.442446,34.824518],[137.442439,34.82444],[137.442416,34.824296],[137.442371,34.824128],[137.442256,34.823956],[137.441973,34.823501],[137.441788,34.823222],[137.441705,34.82313],[137.441598,34.823046],[137.44151,34.822989],[137.441478,34.822969],[137.441442,34.82296],[137.441382,34.822972],[137.44128,34.822985],[137.441184,34.822983],[137.441096,34.822974],[137.441002,34.82297],[137.440968,34.822943],[137.440941,34.822887],[137.440923,34.822826],[137.440809,34.822838],[137.440743,34.822842],[137.440658,34.822825],[137.440595,34.822801],[137.440533,34.822772],[137.440339,34.822831],[137.440034,34.822929],[137.439887,34.822945],[137.439786,34.822956],[137.439741,34.822956],[137.439694,34.82295],[137.439647,34.822923],[137.439591,34.822867],[137.439278,34.822444],[137.43929,34.822411],[137.4393,34.822393],[137.43931,34.822383],[137.439334,34.822362],[137.439365,34.822351],[137.43942,34.822339],[137.43946,34.822329],[137.439482,34.822315],[137.439518,34.822291],[137.439559,34.822252],[137.439594,34.822213],[137.439626,34.822185],[137.439935,34.822053],[137.439825,34.822005],[137.439735,34.821977],[137.439544,34.821956],[137.439079,34.822],[137.438991,34.821508],[137.438961,34.82138],[137.438601,34.821183],[137.438315,34.821224],[137.438066,34.820973],[137.43814,34.820829],[137.438293,34.820624],[137.438388,34.820375],[137.438408,34.820305],[137.438502,34.819983],[137.438629,34.819841],[137.438675,34.81979],[137.43872,34.819701],[137.438824,34.819494],[137.439193,34.818885],[137.439434,34.818521],[137.439647,34.818114],[137.439401,34.818057],[137.439183,34.818],[137.438858,34.817814],[137.438523,34.817629],[137.438608,34.816833],[137.438689,34.81649],[137.438703,34.816415],[137.438691,34.816351],[137.438659,34.816318],[137.43857,34.81622],[137.438476,34.816118],[137.438414,34.81602],[137.438285,34.816177],[137.438249,34.816213],[137.438128,34.816208],[137.437738,34.816185],[137.4375,34.816188],[137.437107,34.816128],[137.436704,34.816014],[137.436183,34.815799],[137.435714,34.815702],[137.43531,34.815687],[137.434718,34.815714],[137.432876,34.815869],[137.432853,34.815693],[137.432835,34.815589],[137.43278,34.815124],[137.433007,34.815076],[137.432915,34.814424],[137.432857,34.814035],[137.432761,34.813176],[137.432838,34.812771],[137.432886,34.812004],[137.432836,34.811778],[137.432615,34.811359],[137.432455,34.81114],[137.432114,34.810666],[137.431728,34.810157],[137.431511,34.809916],[137.431311,34.809751],[137.430997,34.809548],[137.430716,34.809363],[137.430651,34.809307],[137.430577,34.809292],[137.430502,34.809251],[137.430407,34.809233],[137.430282,34.809219],[137.430096,34.809198],[137.429965,34.809213],[137.429874,34.809239],[137.429826,34.809257],[137.429744,34.809297],[137.42914,34.809863],[137.42911,34.809847],[137.429134,34.810081],[137.429194,34.810301],[137.429288,34.810521],[137.429408,34.810773],[137.427881,34.811525],[137.428117,34.811818],[137.42872,34.812517],[137.429182,34.812979],[137.428966,34.813078],[137.428651,34.813279],[137.428377,34.813407],[137.428186,34.81357],[137.428006,34.81387],[137.427781,34.81408],[137.427597,34.814232],[137.427356,34.814413],[137.427086,34.814623],[137.426824,34.814877],[137.426651,34.815077],[137.426402,34.815416],[137.426131,34.81575],[137.425896,34.815965],[137.425461,34.816311],[137.425164,34.816452],[137.424776,34.81668],[137.424592,34.816743],[137.424301,34.816848],[137.424075,34.816864],[137.423545,34.816849],[137.423269,34.816834],[137.422936,34.816815],[137.42259,34.816913],[137.422375,34.81703],[137.42225,34.817136],[137.422135,34.817254],[137.422033,34.817452],[137.422098,34.81762],[137.42217,34.817771],[137.421932,34.81777],[137.42178,34.817763],[137.421671,34.81781],[137.421593,34.818],[137.421499,34.818175],[137.421484,34.81832],[137.42138,34.818348],[137.421326,34.818663],[137.421206,34.818741],[137.421108,34.818786],[137.421023,34.818865],[137.420971,34.819001],[137.420898,34.818991],[137.420859,34.818917],[137.420792,34.818802],[137.420638,34.818484],[137.42026,34.818762],[137.420187,34.818752],[137.420129,34.818749],[137.420092,34.818834],[137.420115,34.819016],[137.420159,34.819165],[137.420125,34.819287],[137.420072,34.819452],[137.419962,34.819527],[137.41976,34.819599],[137.419581,34.819673],[137.419447,34.819746],[137.419842,34.820397],[137.41937,34.820515],[137.419321,34.82075],[137.419253,34.820945],[137.419188,34.821039],[137.419009,34.821135],[137.418891,34.821243],[137.418683,34.821502],[137.418454,34.821749],[137.418106,34.822104],[137.417857,34.822409],[137.41755,34.822822],[137.417174,34.823355],[137.416966,34.823783],[137.416878,34.823971],[137.416748,34.82424],[137.416638,34.824463],[137.416491,34.824713],[137.41635,34.824885],[137.41574,34.825382],[137.415513,34.825495],[137.415635,34.826332],[137.419624,34.82838],[137.420499,34.827185],[137.420664,34.827167],[137.420868,34.827154],[137.421183,34.827143],[137.421395,34.82716],[137.421774,34.827253],[137.421772,34.827002],[137.421766,34.826802],[137.421781,34.826696],[137.421851,34.82663],[137.422311,34.826419],[137.422555,34.826398],[137.422565,34.82625],[137.422638,34.826216],[137.422993,34.826047],[137.423886,34.825486],[137.424049,34.825401],[137.424159,34.825284],[137.424476,34.825101],[137.424937,34.824885],[137.425137,34.824778],[137.425968,34.824429],[137.426621,34.824204],[137.426995,34.824103],[137.42756,34.824003],[137.426734,34.825437],[137.427256,34.825645],[137.427024,34.825987],[137.426861,34.826275],[137.426765,34.826674],[137.426721,34.827171],[137.426849,34.827628],[137.427042,34.827929],[137.427265,34.828131],[137.427304,34.828166],[137.427537,34.82838],[137.427674,34.828447],[137.42853,34.828802],[137.429165,34.827705],[137.429756,34.82663],[137.429887,34.826373]]]}},{"type":"Feature","id":"232071060","properties":{"KEY_CODE":"232071060","PREF":"23","CITY":"207","S_AREA":"106000","PREF_NAME":"愛知県","CITY_NAME":"豊川市","S_NAME":"緑町","HCODE":8101,"AREA":43638.686,"KIGO_E":"","JINKO":122,"SETAI":41,"X_CODE":137.390042,"Y_CODE":34.82703},"geometry":{"type":"Polygon","coordinates":[[[137.39126,34.828083],[137.391554,34.82777],[137.391773,34.827908],[137.391898,34.827748],[137.391352,34.827435],[137.390705,34.826873],[137.39045,34.826631],[137.389869,34.825943],[137.389538,34.825472],[137.389475,34.825385],[137.389405,34.825434],[137.389343,34.825377],[137.389173,34.82552],[137.389235,34.825573],[137.389029,34.825752],[137.388979,34.825709],[137.388737,34.825903],[137.388397,34.82617],[137.388762,34.826476],[137.388565,34.826644],[137.388757,34.826805],[137.388796,34.826767],[137.389633,34.827503],[137.390459,34.828137],[137.390316,34.828252],[137.390845,34.828701],[137.390828,34.828722],[137.390912,34.828811],[137.39112,34.828647],[137.391052,34.828605],[137.391217,34.828414],[137.391054,34.828318],[137.391156,34.828199],[137.39126,34.828083]]]}},{"type":"Feature","id":"23207107002","properties":{"KEY_CODE":"23207107002","PREF":"23","CITY":"207","S_AREA":"107002","PREF_NAME":"愛知県","CITY_NAME":"豊川市","S_NAME":"南大通二丁目","HCODE":8101,"AREA":18555.045,"KIGO_E":"","JINKO":41,"SETAI":15,"X_CODE":137.377214,"Y_CODE":34.811867},"geometry":{"type":"Polygon","coordinates":[[[137.37668,34.813023],[137.376826,34.812971],[137.376911,34.813125],[137.377107,34.813055],[137.377293,34.812677],[137.377207,34.812649],[137.377405,34.812277],[137.37731,34.812241],[137.377499,34.811918],[137.37746,34.811896],[137.377683,34.81146],[137.377728,34.811338],[137.378063,34.811419],[137.37826,34.811049],[137.378057,34.810987],[137.378066,34.810922],[137.377995,34.810834],[137.377928,34.810747],[137.377861,34.810676],[137.377754,34.8108],[137.377604,34.810723],[137.377183,34.811099],[137.377047,34.811024],[137.376946,34.811166],[137.376844,34.811114],[137.376712,34.811266],[137.376928,34.811387],[137.376748,34.811709],[137.376703,34.811693],[137.376677,34.811738],[137.376789,34.811783],[137.376808,34.811865],[137.376728,34.812027],[137.376927,34.812102],[137.376225,34.813393],[137.376762,34.813178],[137.37668,34.813023]]]}},{"type":"Feature","id":"23207107003","properties":{"KEY_CODE":"23207107003","PREF":"23","CITY":"207","S_AREA":"107003","PREF_NAME":"愛知県","CITY_NAME":"豊川市","S_NAME":"南大通三丁目","HCODE":8101,"AREA":5208.546,"KIGO_E":"","JINKO":24,"SETAI":8,"X_CODE":137.376404,"Y_CODE":34.812697},"geometry":{"type":"Polygon","coordinates":[[[137.376225,34.813393],[137.376927,34.812102],[137.376728,34.812027],[137.376665,34.812006],[137.37655,34.812196],[137.376467,34.812166],[137.376433,34.812249],[137.376383,34.812234],[137.376339,34.812305],[137.376391,34.812328],[137.375894,34.813273],[137.375972,34.8133],[137.376225,34.813393]]]}},{"type":"Feature","id":"23207107004","properties":{"KEY_CODE":"23207107004","PREF":"23","CITY":"207","S_AREA":"107004","PREF_NAME":"愛知県","CITY_NAME":"豊川市","S_NAME":"南大通四丁目","HCODE":8101,"AREA":30395.087,"KIGO_E":"","JINKO":84,"SETAI":35,"X_CODE":137.374958,"Y_CODE":34.816006},"geometry":{"type":"Polygon","coordinates":[[[137.373248,34.819689],[137.373546,34.81902],[137.373712,34.81907],[137.373805,34.818894],[137.373734,34.818866],[137.374201,34.817979],[137.374133,34.817957],[137.374486,34.817314],[137.374663,34.816976],[137.374813,34.816683],[137.374899,34.816703],[137.375165,34.816151],[137.375185,34.816157],[137.375295,34.815954],[137.37518,34.815904],[137.375138,34.815893],[137.375175,34.815806],[137.375223,34.815824],[137.375289,34.815701],[137.375412,34.815724],[137.375584,34.8154],[137.375895,34.814793],[137.375851,34.814778],[137.375894,34.814681],[137.375944,34.814698],[137.375956,34.814702],[137.376019,34.814724],[137.376021,34.81472],[137.376067,34.814627],[137.376131,34.814485],[137.376081,34.81447],[137.37609,34.81446],[137.376118,34.814402],[137.376118,34.814392],[137.376121,34.814384],[137.376097,34.814376],[137.376225,34.814116],[137.37624,34.814119],[137.376293,34.814016],[137.376362,34.813879],[137.376558,34.813947],[137.376614,34.813837],[137.376423,34.813773],[137.376432,34.81375],[137.376531,34.813498],[137.376225,34.813393],[137.375972,34.8133],[137.375958,34.813333],[137.375953,34.813344],[137.375924,34.813396],[137.375916,34.813412],[137.375791,34.813365],[137.375748,34.813443],[137.375755,34.813446],[137.375782,34.813455],[137.375756,34.813508],[137.375719,34.813496],[137.375661,34.813478],[137.375641,34.813517],[137.375639,34.813518],[137.37562,34.813532],[137.375599,34.813579],[137.375585,34.813606],[137.375559,34.813656],[137.375549,34.813686],[137.375703,34.813735],[137.375699,34.813744],[137.375643,34.813869],[137.375547,34.813835],[137.375458,34.814025],[137.375451,34.814041],[137.375305,34.814353],[137.37526,34.814339],[137.375256,34.814346],[137.375202,34.814449],[137.375201,34.814456],[137.375201,34.814457],[137.375177,34.814503],[137.375128,34.814602],[137.375544,34.814723],[137.375228,34.815286],[137.373392,34.818719],[137.372931,34.819565],[137.373248,34.819689]]]}},{"type":"Feature","id":"23207107005","properties":{"KEY_CODE":"23207107005","PREF":"23","CITY":"207","S_AREA":"107005","PREF_NAME":"愛知県","CITY_NAME":"豊川市","S_NAME":"南大通五丁目","HCODE":8101,"AREA":31580.304,"KIGO_E":"","JINKO":183,"SETAI":74,"X_CODE":137.373528,"Y_CODE":34.818203},"geometry":{"type":"Polygon","coordinates":[[[137.372869,34.820399],[137.373248,34.819689],[137.372931,34.819565],[137.373392,34.818719],[137.375228,34.815286],[137.375544,34.814723],[137.375128,34.814602],[137.375025,34.814815],[137.374893,34.815093],[137.374947,34.815115],[137.374468,34.815989],[137.374415,34.815975],[137.374153,34.816487],[137.374222,34.816515],[137.374105,34.816755],[137.374051,34.816739],[137.373598,34.81764],[137.373495,34.817608],[137.373473,34.817652],[137.373413,34.817754],[137.373348,34.817753],[137.373394,34.817801],[137.373283,34.817975],[137.37334,34.817992],[137.373013,34.818568],[137.373123,34.818608],[137.373031,34.818802],[137.372938,34.818772],[137.372171,34.820229],[137.371915,34.820136],[137.371732,34.820489],[137.372001,34.82058],[137.372169,34.820635],[137.372325,34.820691],[137.372825,34.82088],[137.372871,34.820894],[137.373106,34.820483],[137.372869,34.820399]]]}},{"type":"Feature","id":"23207107006","properties":{"KEY_CODE":"23207107006","PREF":"23","CITY":"207","S_AREA":"107006","PREF_NAME":"愛知県","CITY_NAME":"豊川市","S_NAME":"南大通六丁目","HCODE":8101,"AREA":21624.34,"KIGO_E":"","JINKO":69,"SETAI":35,"X_CODE":137.371721,"Y_CODE":34.821893},"geometry":{"type":"Polygon","coordinates":[[[137.371812,34.822245],[137.371942,34.822002],[137.372079,34.822048],[137.37238,34.82147],[137.372439,34.821498],[137.37249,34.821486],[137.372573,34.821524],[137.372679,34.821329],[137.372583,34.821295],[137.372825,34.82088],[137.372325,34.820691],[137.372169,34.820635],[137.372001,34.82058],[137.370744,34.822915],[137.370806,34.82296],[137.370668,34.823062],[137.370793,34.82334],[137.371107,34.823213],[137.371593,34.822992],[137.37148,34.822856],[137.371856,34.822514],[137.371726,34.82247],[137.371853,34.82226],[137.371812,34.822245]]]}},{"type":"Feature","id":"232071080","properties":{"KEY_CODE":"232071080","PREF":"23","CITY":"207","S_AREA":"108000","PREF_NAME":"愛知県","CITY_NAME":"豊川市","S_NAME":"南千両","HCODE":8101,"AREA":59383.596,"KIGO_E":"","JINKO":110,"SETAI":50,"X_CODE":137.372563,"Y_CODE":34.850012},"geometry":{"type":"Polygon","coordinates":[[[137.374754,34.85035],[137.373115,34.850545],[137.372952,34.849559],[137.372944,34.849554],[137.372582,34.849595],[137.372431,34.84885],[137.372418,34.848805],[137.372343,34.848687],[137.372275,34.848568],[137.372037,34.848014],[137.370881,34.848359],[137.370794,34.848376],[137.370849,34.848736],[137.370995,34.849091],[137.371163,34.849437],[137.371218,34.849504],[137.371334,34.849564],[137.371428,34.849642],[137.371479,34.849726],[137.371507,34.849902],[137.371612,34.849927],[137.371708,34.849941],[137.371751,34.850016],[137.371737,34.850169],[137.371714,34.85027],[137.371689,34.850384],[137.371701,34.850543],[137.37175,34.850677],[137.371846,34.850787],[137.371911,34.850865],[137.371904,34.850948],[137.371835,34.851057],[137.371803,34.851372],[137.375099,34.851211],[137.374996,34.850997],[137.374933,34.850909],[137.374849,34.850742],[137.374798,34.850531],[137.374754,34.85035]]]}},{"type":"Feature","id":"232071090","properties":{"KEY_CODE":"232071090","PREF":"23","CITY":"207","S_AREA":"109000","PREF_NAME":"愛知県","CITY_NAME":"豊川市","S_NAME":"三谷原町","HCODE":8101,"AREA":680475.546,"KIGO_E":"","JINKO":434,"SETAI":151,"X_CODE":137.412607,"Y_CODE":34.819788},"geometry":{"type":"Polygon","coordinates":[[[137.417174,34.823355],[137.41755,34.822822],[137.417857,34.822409],[137.418106,34.822104],[137.418454,34.821749],[137.418683,34.821502],[137.418891,34.821243],[137.419009,34.821135],[137.419188,34.821039],[137.419253,34.820945],[137.419321,34.82075],[137.41937,34.820515],[137.418988,34.820582],[137.418876,34.820243],[137.418658,34.819569],[137.418508,34.819216],[137.418223,34.819326],[137.417991,34.818994],[137.417843,34.818848],[137.417568,34.818709],[137.417252,34.818549],[137.416689,34.818275],[137.41633,34.818085],[137.416037,34.81798],[137.415867,34.817957],[137.415795,34.817929],[137.415701,34.817907],[137.415456,34.817881],[137.415308,34.817843],[137.415119,34.817771],[137.414889,34.817624],[137.414595,34.817578],[137.414175,34.817498],[137.413749,34.817496],[137.413522,34.817414],[137.413249,34.817268],[137.412927,34.817116],[137.412626,34.816987],[137.412272,34.816994],[137.412532,34.816438],[137.412059,34.816369],[137.411179,34.816237],[137.41029,34.816104],[137.409657,34.816015],[137.408988,34.815907],[137.409238,34.815455],[137.407292,34.814873],[137.407097,34.815249],[137.405916,34.815367],[137.405597,34.815378],[137.405569,34.815731],[137.405156,34.81565],[137.404905,34.815594],[137.404725,34.81555],[137.404569,34.815494],[137.404325,34.815366],[137.404065,34.815178],[137.40376,34.814848],[137.40345,34.81516],[137.403538,34.815247],[137.40372,34.815434],[137.403897,34.815592],[137.40416,34.815818],[137.404262,34.815906],[137.404683,34.816133],[137.405005,34.816327],[137.405143,34.816403],[137.40536,34.81647],[137.405688,34.816552],[137.405841,34.816612],[137.405958,34.817121],[137.406071,34.817601],[137.406205,34.818267],[137.406223,34.818458],[137.406212,34.818829],[137.407502,34.818735],[137.407791,34.818734],[137.407788,34.819165],[137.407821,34.819302],[137.407865,34.819302],[137.407822,34.819561],[137.407937,34.819559],[137.407897,34.819771],[137.408736,34.819962],[137.408947,34.819964],[137.409481,34.820254],[137.409598,34.82031],[137.409799,34.820176],[137.410674,34.82053],[137.410804,34.820722],[137.410854,34.820839],[137.410929,34.820928],[137.411017,34.820985],[137.411083,34.821011],[137.411177,34.821025],[137.411312,34.820871],[137.41155,34.821084],[137.411792,34.821238],[137.412333,34.821606],[137.412562,34.821481],[137.412417,34.821038],[137.412896,34.820904],[137.413162,34.821773],[137.413278,34.821726],[137.413413,34.821665],[137.413601,34.821616],[137.41385,34.821513],[137.415182,34.822241],[137.414549,34.823127],[137.413678,34.823117],[137.413539,34.822942],[137.41311,34.823131],[137.413239,34.823965],[137.413074,34.824016],[137.413066,34.824286],[137.412916,34.824309],[137.41293,34.824399],[137.412643,34.824444],[137.412657,34.824512],[137.412398,34.824558],[137.412864,34.82512],[137.412974,34.825334],[137.413112,34.825706],[137.413153,34.825931],[137.413126,34.8261],[137.413031,34.826231],[137.413914,34.826454],[137.414004,34.826392],[137.414046,34.826378],[137.414261,34.82626],[137.414706,34.825918],[137.415282,34.825579],[137.415513,34.825495],[137.41574,34.825382],[137.41635,34.824885],[137.416491,34.824713],[137.416638,34.824463],[137.416748,34.82424],[137.416878,34.823971],[137.416966,34.823783],[137.417174,34.823355]]]}},{"type":"Feature","id":"23207110001","properties":{"KEY_CODE":"23207110001","PREF":"23","CITY":"207","S_AREA":"110001","PREF_NAME":"愛知県","CITY_NAME":"豊川市","S_NAME":"美幸町一丁目","HCODE":8101,"AREA":112649.989,"KIGO_E":"","JINKO":497,"SETAI":183,"X_CODE":137.391413,"Y_CODE":34.834238},"geometry":{"type":"Polygon","coordinates":[[[137.39305,34.834359],[137.392796,34.832706],[137.392756,34.832401],[137.392747,34.832245],[137.391216,34.832396],[137.389428,34.832567],[137.389489,34.833022],[137.389841,34.832992],[137.389963,34.833774],[137.390083,34.834649],[137.390182,34.835369],[137.389973,34.835942],[137.392148,34.836635],[137.392762,34.835121],[137.39305,34.834359]]]}},{"type":"Feature","id":"23207110002","properties":{"KEY_CODE":"23207110002","PREF":"23","CITY":"207","S_AREA":"110002","PREF_NAME":"愛知県","CITY_NAME":"豊川市","S_NAME":"美幸町二丁目","HCODE":8101,"AREA":69746.844,"KIGO_E":"","JINKO":504,"SETAI":190,"X_CODE":137.388821,"Y_CODE":34.834127},"geometry":{"type":"Polygon","coordinates":[[[137.389963,34.833774],[137.389841,34.832992],[137.389489,34.833022],[137.389428,34.832567],[137.38871,34.832632],[137.388698,34.832511],[137.388541,34.832422],[137.388345,34.832665],[137.387805,34.832723],[137.387861,34.833171],[137.387432,34.833217],[137.387504,34.833739],[137.387116,34.833766],[137.38705,34.833855],[137.387195,34.834056],[137.387058,34.834073],[137.387146,34.834184],[137.38725,34.834315],[137.38737,34.834436],[137.38749,34.834563],[137.387676,34.834739],[137.387836,34.834871],[137.387847,34.83488],[137.388007,34.834993],[137.388207,34.835117],[137.388433,34.835256],[137.388665,34.835401],[137.388896,34.835526],[137.389155,34.835639],[137.389476,34.835765],[137.389673,34.835855],[137.389973,34.835942],[137.390182,34.835369],[137.390083,34.834649],[137.389963,34.833774]]]}},{"type":"Feature","id":"23207111001","properties":{"KEY_CODE":"23207111001","PREF":"23","CITY":"207","S_AREA":"111001","PREF_NAME":"愛知県","CITY_NAME":"豊川市","S_NAME":"美和通一丁目","HCODE":8101,"AREA":29537.445,"KIGO_E":"","JINKO":259,"SETAI":105,"X_CODE":137.385475,"Y_CODE":34.816158},"geometry":{"type":"Polygon","coordinates":[[[137.387309,34.816884],[137.387095,34.816798],[137.387015,34.816874],[137.386846,34.81678],[137.386972,34.816646],[137.386794,34.816539],[137.386876,34.816425],[137.38652,34.816185],[137.386379,34.816326],[137.385766,34.815982],[137.385825,34.815915],[137.385302,34.815596],[137.385045,34.815438],[137.384876,34.815343],[137.384759,34.815484],[137.384635,34.815414],[137.384757,34.81526],[137.384481,34.815071],[137.384266,34.815281],[137.384048,34.815103],[137.383892,34.814924],[137.38331,34.814597],[137.383132,34.814782],[137.384168,34.815386],[137.38394,34.815599],[137.383836,34.815691],[137.38402,34.81581],[137.384128,34.815962],[137.38428,34.815785],[137.384746,34.816064],[137.384621,34.816184],[137.385662,34.816756],[137.385757,34.816654],[137.385965,34.816775],[137.385997,34.816739],[137.386162,34.816834],[137.386027,34.816988],[137.386455,34.817234],[137.386729,34.816898],[137.386748,34.816885],[137.386868,34.817029],[137.386683,34.817243],[137.386676,34.817267],[137.386683,34.817303],[137.386693,34.817341],[137.386709,34.817379],[137.386737,34.817407],[137.386976,34.817538],[137.387255,34.817235],[137.387391,34.817224],[137.38742,34.817189],[137.387467,34.817131],[137.387343,34.817066],[137.387448,34.816932],[137.387309,34.816884]]]}},{"type":"Feature","id":"23207111002","properties":{"KEY_CODE":"23207111002","PREF":"23","CITY":"207","S_AREA":"111002","PREF_NAME":"愛知県","CITY_NAME":"豊川市","S_NAME":"美和通二丁目","HCODE":8101,"AREA":13407.223,"KIGO_E":"","JINKO":107,"SETAI":54,"X_CODE":137.382862,"Y_CODE":34.814678},"geometry":{"type":"Polygon","coordinates":[[[137.384168,34.815386],[137.383132,34.814782],[137.38331,34.814597],[137.383419,34.81448],[137.383273,34.814373],[137.38316,34.814474],[137.382914,34.814295],[137.383014,34.81419],[137.38265,34.813986],[137.382608,34.814042],[137.382475,34.813973],[137.382424,34.814043],[137.382075,34.813864],[137.381964,34.814099],[137.381883,34.814259],[137.38228,34.814514],[137.382271,34.814551],[137.382387,34.814613],[137.382427,34.814615],[137.382465,34.814656],[137.382285,34.814887],[137.382363,34.814924],[137.382947,34.815265],[137.383041,34.81517],[137.383408,34.815255],[137.383512,34.815178],[137.38359,34.815277],[137.383598,34.815356],[137.38394,34.815599],[137.384168,34.815386]]]}},{"type":"Feature","id":"23207111003","properties":{"KEY_CODE":"23207111003","PREF":"23","CITY":"207","S_AREA":"111003","PREF_NAME":"愛知県","CITY_NAME":"豊川市","S_NAME":"美和通三丁目","HCODE":8101,"AREA":5310.423,"KIGO_E":"","JINKO":34,"SETAI":16,"X_CODE":137.377713,"Y_CODE":34.812391},"geometry":{"type":"Polygon","coordinates":[[[137.378094,34.812644],[137.378173,34.812586],[137.378301,34.812483],[137.378004,34.812356],[137.378013,34.812123],[137.377499,34.811918],[137.37731,34.812241],[137.377405,34.812277],[137.377207,34.812649],[137.377293,34.812677],[137.377325,34.812605],[137.377839,34.81279],[137.377909,34.812768],[137.378094,34.812644]]]}},{"type":"Feature","id":"232071120","properties":{"KEY_CODE":"232071120","PREF":"23","CITY":"207","S_AREA":"112000","PREF_NAME":"愛知県","CITY_NAME":"豊川市","S_NAME":"向河原町","HCODE":8101,"AREA":224592.295,"KIGO_E":"","JINKO":88,"SETAI":29,"X_CODE":137.423522,"Y_CODE":34.834997},"geometry":{"type":"Polygon","coordinates":[[[137.42285,34.838966],[137.422976,34.838634],[137.423227,34.838138],[137.423567,34.837605],[137.423751,34.837339],[137.423841,34.837151],[137.424259,34.83643],[137.424439,34.836134],[137.424457,34.836093],[137.424554,34.835926],[137.424824,34.835401],[137.425021,34.835024],[137.425366,34.834673],[137.425427,34.834593],[137.425645,34.834254],[137.426071,34.833757],[137.426254,34.833424],[137.426837,34.832132],[137.427264,34.831155],[137.425153,34.831793],[137.424788,34.832587],[137.424262,34.832427],[137.42414,34.832711],[137.423589,34.832518],[137.423544,34.832643],[137.422968,34.832451],[137.422224,34.834074],[137.42167,34.833919],[137.421153,34.835236],[137.420975,34.836464],[137.420766,34.837908],[137.421788,34.838012],[137.421776,34.838712],[137.421876,34.838882],[137.421926,34.838892],[137.421993,34.838853],[137.422207,34.838708],[137.42285,34.838966]]]}},{"type":"Feature","id":"23207113001","properties":{"KEY_CODE":"23207113001","PREF":"23","CITY":"207","S_AREA":"113001","PREF_NAME":"愛知県","CITY_NAME":"豊川市","S_NAME":"森一丁目","HCODE":8101,"AREA":46189.781,"KIGO_E":"","JINKO":149,"SETAI":69,"X_CODE":137.327244,"Y_CODE":34.8286},"geometry":{"type":"Polygon","coordinates":[[[137.32741,34.83011],[137.328814,34.828577],[137.32694,34.827285],[137.326531,34.827009],[137.326417,34.827528],[137.32584,34.828077],[137.325931,34.82815],[137.326067,34.828312],[137.32616,34.82845],[137.326205,34.828543],[137.326261,34.828641],[137.326381,34.828909],[137.32651,34.829121],[137.326585,34.829266],[137.326649,34.829395],[137.326731,34.829535],[137.326806,34.82966],[137.326911,34.829859],[137.327028,34.830095],[137.32741,34.83011]]]}},{"type":"Feature","id":"23207113002","properties":{"KEY_CODE":"23207113002","PREF":"23","CITY":"207","S_AREA":"113002","PREF_NAME":"愛知県","CITY_NAME":"豊川市","S_NAME":"森二丁目","HCODE":8101,"AREA":192955.014,"KIGO_E":"","JINKO":307,"SETAI":105,"X_CODE":137.329255,"Y_CODE":34.825292},"geometry":{"type":"Polygon","coordinates":[[[137.328592,34.822523],[137.327238,34.821994],[137.327076,34.822195],[137.326934,34.822384],[137.327542,34.822957],[137.327743,34.823178],[137.327758,34.823337],[137.327848,34.823738],[137.327935,34.824183],[137.328023,34.824509],[137.328019,34.824766],[137.328005,34.825031],[137.327971,34.825282],[137.32728,34.826136],[137.326531,34.827009],[137.32694,34.827285],[137.328814,34.828577],[137.33032,34.826942],[137.331755,34.8254],[137.332488,34.824597],[137.330164,34.82315],[137.329024,34.822692],[137.328592,34.822523]]]}},{"type":"Feature","id":"23207113004","properties":{"KEY_CODE":"23207113004","PREF":"23","CITY":"207","S_AREA":"113004","PREF_NAME":"愛知県","CITY_NAME":"豊川市","S_NAME":"森四丁目","HCODE":8101,"AREA":58336.267,"KIGO_E":"","JINKO":168,"SETAI":49,"X_CODE":137.333893,"Y_CODE":34.825721},"geometry":{"type":"Polygon","coordinates":[[[137.335851,34.825369],[137.334948,34.824912],[137.334708,34.825245],[137.3339,34.82472],[137.333636,34.825012],[137.332657,34.824417],[137.332488,34.824597],[137.331755,34.8254],[137.333591,34.82659],[137.333617,34.826606],[137.33464,34.827247],[137.334802,34.827053],[137.33477,34.827027],[137.335298,34.826404],[137.335513,34.826157],[137.335315,34.826123],[137.335338,34.826104],[137.335851,34.825369]]]}},{"type":"Feature","id":"23207113005","properties":{"KEY_CODE":"23207113005","PREF":"23","CITY":"207","S_AREA":"113005","PREF_NAME":"愛知県","CITY_NAME":"豊川市","S_NAME":"森五丁目","HCODE":8101,"AREA":210079.36,"KIGO_E":"","JINKO":59,"SETAI":9,"X_CODE":137.331166,"Y_CODE":34.821768},"geometry":{"type":"Polygon","coordinates":[[[137.33267,34.820083],[137.332177,34.819775],[137.332133,34.819747],[137.332044,34.819801],[137.33082,34.819183],[137.330421,34.819038],[137.329569,34.819794],[137.329242,34.820148],[137.328841,34.82053],[137.327425,34.821717],[137.327238,34.821994],[137.328592,34.822523],[137.329024,34.822692],[137.330164,34.82315],[137.332488,34.824597],[137.332657,34.824417],[137.334266,34.822638],[137.334606,34.822262],[137.334142,34.821941],[137.334086,34.821902],[137.334275,34.821702],[137.333688,34.821316],[137.333286,34.821061],[137.333157,34.820985],[137.332975,34.820918],[137.332913,34.8209],[137.332916,34.820869],[137.332931,34.820747],[137.332748,34.820279],[137.332714,34.820131],[137.332713,34.820124],[137.332709,34.820121],[137.33267,34.820083]]]}},{"type":"Feature","id":"232071140","properties":{"KEY_CODE":"232071140","PREF":"23","CITY":"207","S_AREA":"114000","PREF_NAME":"愛知県","CITY_NAME":"豊川市","S_NAME":"門前町","HCODE":8101,"AREA":12967.117,"KIGO_E":"","JINKO":67,"SETAI":31,"X_CODE":137.395346,"Y_CODE":34.824419},"geometry":{"type":"Polygon","coordinates":[[[137.39489,34.825095],[137.39521,34.824959],[137.395238,34.824963],[137.39544,34.824919],[137.39547,34.824897],[137.395586,34.824866],[137.39551,34.824651],[137.395767,34.824582],[137.39584,34.824779],[137.395938,34.824751],[137.395896,34.824637],[137.396263,34.824553],[137.396226,34.824414],[137.396205,34.824416],[137.396161,34.82423],[137.396204,34.824226],[137.396163,34.824111],[137.396044,34.824123],[137.396038,34.824084],[137.396003,34.823976],[137.395883,34.823999],[137.395488,34.8241],[137.395448,34.824006],[137.395539,34.823987],[137.395498,34.823886],[137.395541,34.823873],[137.395494,34.823812],[137.395188,34.823904],[137.39516,34.823833],[137.395048,34.823857],[137.395055,34.823873],[137.394908,34.823917],[137.394925,34.823939],[137.394869,34.82395],[137.394885,34.823983],[137.39483,34.823996],[137.394893,34.824147],[137.394785,34.824152],[137.394614,34.824175],[137.394776,34.824442],[137.394553,34.824535],[137.39489,34.825095]]]}},{"type":"Feature","id":"232071150","properties":{"KEY_CODE":"232071150","PREF":"23","CITY":"207","S_AREA":"115000","PREF_NAME":"愛知県","CITY_NAME":"豊川市","S_NAME":"谷川町","HCODE":8101,"AREA":366517.968,"KIGO_E":"","JINKO":898,"SETAI":397,"X_CODE":137.410899,"Y_CODE":34.829712},"geometry":{"type":"Polygon","coordinates":[[[137.41032,34.832754],[137.410908,34.832471],[137.411078,34.832695],[137.411256,34.832917],[137.412371,34.832237],[137.412613,34.832543],[137.412892,34.832925],[137.413102,34.833153],[137.413448,34.832852],[137.413841,34.832401],[137.414123,34.83196],[137.414263,34.831724],[137.414403,34.831335],[137.414081,34.831174],[137.414443,34.829878],[137.413537,34.829739],[137.413642,34.829362],[137.413554,34.829341],[137.412778,34.827766],[137.413911,34.827383],[137.413771,34.827023],[137.413743,34.826764],[137.413817,34.826606],[137.413914,34.826454],[137.413031,34.826231],[137.412789,34.826228],[137.412526,34.826202],[137.412301,34.826186],[137.411953,34.826267],[137.411659,34.826343],[137.411045,34.826497],[137.410579,34.826996],[137.410467,34.827021],[137.410096,34.82712],[137.409924,34.827069],[137.409287,34.826701],[137.409286,34.826703],[137.407904,34.826998],[137.408044,34.827459],[137.408179,34.827944],[137.407192,34.828191],[137.407266,34.828445],[137.407307,34.828551],[137.407799,34.830204],[137.408269,34.831626],[137.408486,34.832286],[137.408719,34.833017],[137.408779,34.833199],[137.409866,34.83297],[137.409899,34.832931],[137.409976,34.832913],[137.410235,34.832799],[137.41032,34.832754]]]}},{"type":"Feature","id":"23207116001","properties":{"KEY_CODE":"23207116001","PREF":"23","CITY":"207","S_AREA":"116001","PREF_NAME":"愛知県","CITY_NAME":"豊川市","S_NAME":"山道町一丁目","HCODE":8101,"AREA":57338.712,"KIGO_E":"","JINKO":456,"SETAI":195,"X_CODE":137.381486,"Y_CODE":34.819183},"geometry":{"type":"Polygon","coordinates":[[[137.383617,34.819506],[137.383514,34.819269],[137.383424,34.819294],[137.383401,34.819214],[137.383626,34.819159],[137.383537,34.818977],[137.383187,34.819072],[137.383093,34.818786],[137.382978,34.818739],[137.382492,34.818346],[137.382136,34.818068],[137.381879,34.817909],[137.381959,34.817824],[137.38177,34.817697],[137.381674,34.817795],[137.3815,34.817976],[137.38101,34.818501],[137.379546,34.818973],[137.379739,34.819459],[137.379918,34.819908],[137.380095,34.820377],[137.381632,34.819992],[137.383491,34.819544],[137.383617,34.819506]]]}},{"type":"Feature","id":"23207116002","properties":{"KEY_CODE":"23207116002","PREF":"23","CITY":"207","S_AREA":"116002","PREF_NAME":"愛知県","CITY_NAME":"豊川市","S_NAME":"山道町二丁目","HCODE":8101,"AREA":54225.426,"KIGO_E":"","JINKO":340,"SETAI":162,"X_CODE":137.379788,"Y_CODE":34.817607},"geometry":{"type":"Polygon","coordinates":[[[137.381674,34.817795],[137.38058,34.817078],[137.380816,34.816847],[137.380557,34.816662],[137.380364,34.816856],[137.380025,34.816638],[137.379453,34.81643],[137.378909,34.81627],[137.378784,34.81654],[137.378766,34.81657],[137.378487,34.81647],[137.378391,34.816681],[137.378666,34.816777],[137.378319,34.817476],[137.377925,34.817353],[137.377789,34.817644],[137.378013,34.817714],[137.378628,34.817927],[137.378751,34.817949],[137.378861,34.817994],[137.378998,34.818073],[137.379135,34.818185],[137.379261,34.81832],[137.379546,34.818973],[137.38101,34.818501],[137.3815,34.817976],[137.381674,34.817795]]]}},{"type":"Feature","id":"23207117001","properties":{"KEY_CODE":"23207117001","PREF":"23","CITY":"207","S_AREA":"117001","PREF_NAME":"愛知県","CITY_NAME":"豊川市","S_NAME":"弥生町一丁目","HCODE":8101,"AREA":24279.651,"KIGO_E":"","JINKO":68,"SETAI":25,"X_CODE":137.376154,"Y_CODE":34.81083},"geometry":{"type":"Polygon","coordinates":[[[137.376748,34.811709],[137.376928,34.811387],[137.376712,34.811266],[137.376844,34.811114],[137.376946,34.811166],[137.377047,34.811024],[137.377183,34.811099],[137.377604,34.810723],[137.377246,34.810589],[137.376823,34.810447],[137.376122,34.810164],[137.37592,34.810138],[137.375731,34.81011],[137.375517,34.810034],[137.374826,34.810962],[137.376245,34.811494],[137.376209,34.811564],[137.376467,34.811665],[137.376497,34.811615],[137.376703,34.811693],[137.376748,34.811709]]]}},{"type":"Feature","id":"23207117002","properties":{"KEY_CODE":"23207117002","PREF":"23","CITY":"207","S_AREA":"117002","PREF_NAME":"愛知県","CITY_NAME":"豊川市","S_NAME":"弥生町二丁目","HCODE":8101,"AREA":34937.064,"KIGO_E":"","JINKO":418,"SETAI":173,"X_CODE":137.373956,"Y_CODE":34.809765},"geometry":{"type":"Polygon","coordinates":[[[137.374005,34.808957],[137.373343,34.808377],[137.373133,34.808731],[137.372723,34.809462],[137.372504,34.80984],[137.373899,34.810408],[137.374197,34.81053],[137.374107,34.810665],[137.374826,34.810962],[137.375517,34.810034],[137.375352,34.80996],[137.375251,34.809911],[137.374966,34.809766],[137.374734,34.809619],[137.374471,34.80943],[137.374159,34.809131],[137.374005,34.808957]]]}},{"type":"Feature","id":"232071180","properties":{"KEY_CODE":"232071180","PREF":"23","CITY":"207","S_AREA":"118000","PREF_NAME":"愛知県","CITY_NAME":"豊川市","S_NAME":"八幡町","HCODE":8101,"AREA":2782960.381,"KIGO_E":"","JINKO":8452,"SETAI":3250,"X_CODE":137.340232,"Y_CODE":34.837105},"geometry":{"type":"Polygon","coordinates":[[[137.328416,34.847719],[137.328689,34.847437],[137.328757,34.847414],[137.328907,34.847425],[137.329331,34.847447],[137.329728,34.847469],[137.330042,34.847502],[137.330284,34.847563],[137.330683,34.847604],[137.33075,34.847531],[137.330963,34.847425],[137.331037,34.847381],[137.331079,34.84722],[137.331119,34.847091],[137.331158,34.846976],[137.331174,34.846521],[137.331236,34.846317],[137.331255,34.846117],[137.331228,34.845838],[137.331175,34.845691],[137.331056,34.845558],[137.330853,34.845443],[137.330863,34.845292],[137.330932,34.845163],[137.331116,34.844974],[137.331148,34.844948],[137.331426,34.845003],[137.331571,34.845011],[137.331738,34.844992],[137.331897,34.844975],[137.332003,34.844972],[137.332085,34.844946],[137.332219,34.844868],[137.332371,34.84482],[137.332443,34.84481],[137.332535,34.844823],[137.33259,34.844828],[137.332634,34.844833],[137.332703,34.844831],[137.332852,34.844851],[137.333003,34.844884],[137.333036,34.844885],[137.33307,34.844881],[137.333098,34.844861],[137.333153,34.844771],[137.333125,34.844647],[137.33333,34.844613],[137.332892,34.844251],[137.332861,34.844175],[137.334126,34.843819],[137.334846,34.843244],[137.335118,34.843476],[137.335913,34.844164],[137.335904,34.843957],[137.335906,34.843945],[137.33595,34.843911],[137.335929,34.843482],[137.336237,34.843482],[137.336232,34.842817],[137.336238,34.842817],[137.336843,34.842797],[137.337393,34.842799],[137.338022,34.842802],[137.338256,34.842718],[137.338432,34.842706],[137.338818,34.842678],[137.339194,34.842687],[137.339365,34.842705],[137.339516,34.84275],[137.340543,34.842628],[137.340596,34.842621],[137.341015,34.842668],[137.341808,34.842579],[137.341867,34.842645],[137.342045,34.842625],[137.342043,34.84261],[137.342268,34.842592],[137.342361,34.842529],[137.342486,34.842502],[137.342959,34.842503],[137.343291,34.842618],[137.343557,34.842699],[137.343769,34.842807],[137.344419,34.843128],[137.344448,34.843133],[137.344466,34.843143],[137.344749,34.843252],[137.344971,34.843335],[137.345103,34.843415],[137.345195,34.843444],[137.345443,34.843425],[137.345507,34.843416],[137.345733,34.843384],[137.345905,34.843325],[137.345962,34.843278],[137.346011,34.843221],[137.346063,34.842995],[137.346203,34.842689],[137.346337,34.842472],[137.34641,34.842267],[137.346475,34.84202],[137.346524,34.841768],[137.34655,34.841553],[137.346503,34.841394],[137.346621,34.841328],[137.346722,34.841107],[137.346196,34.84093],[137.346585,34.8402],[137.347175,34.838971],[137.34774,34.83916],[137.347546,34.839546],[137.349193,34.840098],[137.349671,34.83912],[137.349206,34.838835],[137.349369,34.838483],[137.348822,34.838284],[137.348866,34.838187],[137.348583,34.838096],[137.348823,34.837619],[137.348921,34.837429],[137.349202,34.837521],[137.349423,34.837112],[137.349256,34.836582],[137.349856,34.83647],[137.34994,34.836751],[137.350281,34.836697],[137.350707,34.83579],[137.351322,34.835678],[137.350789,34.834108],[137.350831,34.834106],[137.350514,34.833208],[137.350582,34.833196],[137.350283,34.832287],[137.35104,34.83207],[137.352697,34.831558],[137.353342,34.831374],[137.353727,34.831271],[137.3536,34.830617],[137.353553,34.830235],[137.353675,34.830175],[137.353779,34.830127],[137.353882,34.830044],[137.353981,34.829915],[137.354091,34.82975],[137.35454,34.829355],[137.354609,34.829262],[137.354863,34.828809],[137.352672,34.82896],[137.352286,34.827594],[137.351237,34.827749],[137.350087,34.827926],[137.349719,34.827963],[137.349445,34.827891],[137.349198,34.827759],[137.349028,34.827566],[137.348941,34.827348],[137.348892,34.82688],[137.348873,34.826556],[137.348654,34.826562],[137.34637,34.824988],[137.344828,34.826567],[137.344078,34.827336],[137.342478,34.828977],[137.342445,34.829011],[137.342264,34.829174],[137.34206,34.829388],[137.341842,34.829614],[137.341682,34.829754],[137.341569,34.829804],[137.341449,34.829862],[137.341388,34.829916],[137.34134,34.829977],[137.341298,34.830051],[137.341274,34.830104],[137.341218,34.830255],[137.341143,34.830435],[137.341098,34.830525],[137.341036,34.830587],[137.340967,34.83065],[137.340866,34.830707],[137.340796,34.830735],[137.340728,34.830771],[137.34066,34.830823],[137.339661,34.831805],[137.339117,34.832375],[137.338637,34.83282],[137.338134,34.833308],[137.33788,34.833535],[137.337766,34.833636],[137.337602,34.833797],[137.337492,34.833937],[137.337451,34.834039],[137.337438,34.834124],[137.337431,34.834179],[137.337436,34.834259],[137.337447,34.834411],[137.337315,34.834637],[137.337254,34.834857],[137.337172,34.835011],[137.337,34.835205],[137.336898,34.835306],[137.336791,34.83548],[137.336704,34.835593],[137.336576,34.835699],[137.336355,34.835844],[137.335991,34.835959],[137.335267,34.836191],[137.33473,34.836366],[137.334599,34.836448],[137.334493,34.836525],[137.334411,34.836619],[137.333028,34.837052],[137.332679,34.837178],[137.33246,34.837256],[137.331679,34.837649],[137.330567,34.83824],[137.329587,34.838761],[137.328907,34.839182],[137.328748,34.83923],[137.328739,34.839333],[137.328636,34.839475],[137.328398,34.839697],[137.328153,34.839908],[137.327971,34.840038],[137.327781,34.840224],[137.32771,34.840281],[137.327529,34.840371],[137.327252,34.84044],[137.326959,34.840623],[137.326878,34.840583],[137.326833,34.840845],[137.326775,34.841039],[137.326705,34.841279],[137.326617,34.841504],[137.326544,34.841581],[137.326405,34.841682],[137.326286,34.841829],[137.326218,34.841956],[137.326192,34.842123],[137.326147,34.842396],[137.32613,34.842444],[137.32608,34.842518],[137.325941,34.842683],[137.32583,34.8428],[137.325548,34.843074],[137.325335,34.843246],[137.325334,34.843247],[137.325239,34.843315],[137.325219,34.843336],[137.325209,34.843353],[137.325198,34.843377],[137.325189,34.843403],[137.325177,34.843428],[137.325168,34.843451],[137.325162,34.843472],[137.325161,34.843491],[137.325159,34.843496],[137.325178,34.843516],[137.325191,34.843533],[137.325209,34.843553],[137.325224,34.843572],[137.325236,34.843589],[137.325252,34.843608],[137.325263,34.843629],[137.325265,34.843651],[137.325263,34.843667],[137.325248,34.843693],[137.325236,34.843713],[137.325218,34.84374],[137.325312,34.843749],[137.324998,34.84414],[137.324884,34.844229],[137.324758,34.844409],[137.324606,34.844619],[137.324542,34.844794],[137.324337,34.845031],[137.324461,34.845132],[137.324365,34.845234],[137.324484,34.845318],[137.32435,34.845457],[137.324461,34.845538],[137.324216,34.845775],[137.323984,34.846012],[137.323943,34.845978],[137.323806,34.846102],[137.323888,34.846158],[137.323966,34.846087],[137.324056,34.846153],[137.323979,34.846233],[137.324086,34.846326],[137.324196,34.846432],[137.324362,34.846292],[137.324636,34.846486],[137.324764,34.846422],[137.324889,34.846359],[137.324955,34.846326],[137.325119,34.846529],[137.32527,34.846618],[137.325464,34.846715],[137.325727,34.846832],[137.325839,34.847385],[137.325871,34.847548],[137.326089,34.847542],[137.326209,34.847566],[137.326584,34.847693],[137.326967,34.847822],[137.327186,34.847979],[137.327282,34.848024],[137.327405,34.848024],[137.327938,34.847843],[137.328252,34.847753],[137.328416,34.847719]]]}},{"type":"Feature","id":"232071190","properties":{"KEY_CODE":"232071190","PREF":"23","CITY":"207","S_AREA":"119000","PREF_NAME":"愛知県","CITY_NAME":"豊川市","S_NAME":"豊が丘町","HCODE":8101,"AREA":138898.048,"KIGO_E":"","JINKO":330,"SETAI":145,"X_CODE":137.409003,"Y_CODE":34.837264},"geometry":{"type":"Polygon","coordinates":[[[137.409482,34.835394],[137.409138,34.834298],[137.408464,34.834444],[137.406445,34.834905],[137.406428,34.834908],[137.407173,34.836285],[137.408738,34.838918],[137.409706,34.840522],[137.411553,34.840315],[137.411385,34.840154],[137.411259,34.840001],[137.411031,34.83966],[137.410897,34.83935],[137.410775,34.83893],[137.410686,34.838684],[137.410494,34.838152],[137.410342,34.837599],[137.409873,34.836603],[137.409503,34.835463],[137.409482,34.835394]]]}},{"type":"Feature","id":"23207120001","properties":{"KEY_CODE":"23207120001","PREF":"23","CITY":"207","S_AREA":"120001","PREF_NAME":"愛知県","CITY_NAME":"豊川市","S_NAME":"四ツ谷町一丁目","HCODE":8101,"AREA":37330.258,"KIGO_E":"","JINKO":281,"SETAI":113,"X_CODE":137.371687,"Y_CODE":34.819318},"geometry":{"type":"Polygon","coordinates":[[[137.371732,34.820489],[137.371915,34.820136],[137.372171,34.820229],[137.372938,34.818772],[137.373031,34.818802],[137.373123,34.818608],[137.373013,34.818568],[137.372803,34.818494],[137.371817,34.818099],[137.371345,34.818554],[137.370713,34.819258],[137.370141,34.819943],[137.370538,34.82007],[137.371732,34.820489]]]}},{"type":"Feature","id":"23207120002","properties":{"KEY_CODE":"23207120002","PREF":"23","CITY":"207","S_AREA":"120002","PREF_NAME":"愛知県","CITY_NAME":"豊川市","S_NAME":"四ツ谷町二丁目","HCODE":8101,"AREA":42704.028,"KIGO_E":"","JINKO":294,"SETAI":119,"X_CODE":137.37023,"Y_CODE":34.81864},"geometry":{"type":"Polygon","coordinates":[[[137.370919,34.817329],[137.37076,34.81715],[137.370055,34.817755],[137.370072,34.817768],[137.369396,34.818398],[137.369284,34.818519],[137.368574,34.819427],[137.370141,34.819943],[137.370713,34.819258],[137.371345,34.818554],[137.371817,34.818099],[137.371342,34.817757],[137.371128,34.817571],[137.370919,34.817329]]]}},{"type":"Feature","id":"23207120003","properties":{"KEY_CODE":"23207120003","PREF":"23","CITY":"207","S_AREA":"120003","PREF_NAME":"愛知県","CITY_NAME":"豊川市","S_NAME":"四ツ谷町三丁目","HCODE":8101,"AREA":70102.469,"KIGO_E":"","JINKO":551,"SETAI":212,"X_CODE":137.368562,"Y_CODE":34.817888},"geometry":{"type":"Polygon","coordinates":[[[137.37076,34.81715],[137.369976,34.816225],[137.3695,34.816455],[137.369082,34.816655],[137.368356,34.817001],[137.367746,34.81731],[137.367722,34.817324],[137.367287,34.817579],[137.366861,34.817889],[137.366424,34.818334],[137.366136,34.818635],[137.367126,34.818953],[137.367559,34.819113],[137.368574,34.819427],[137.369284,34.818519],[137.369396,34.818398],[137.370072,34.817768],[137.370055,34.817755],[137.37076,34.81715]]]}},{"type":"Feature","id":"232071210","properties":{"KEY_CODE":"232071210","PREF":"23","CITY":"207","S_AREA":"121000","PREF_NAME":"愛知県","CITY_NAME":"豊川市","S_NAME":"六角町","HCODE":8101,"AREA":316635.476,"KIGO_E":"","JINKO":243,"SETAI":83,"X_CODE":137.380332,"Y_CODE":34.850173},"geometry":{"type":"Polygon","coordinates":[[[137.382767,34.854205],[137.38267,34.853879],[137.382711,34.8538],[137.382888,34.853507],[137.382963,34.853405],[137.383011,34.853293],[137.383046,34.85313],[137.383069,34.852987],[137.383106,34.852655],[137.383665,34.852829],[137.384157,34.852693],[137.384184,34.852524],[137.384184,34.8524],[137.384115,34.852287],[137.384074,34.852186],[137.384074,34.852073],[137.384114,34.851758],[137.384154,34.851634],[137.384192,34.851592],[137.384214,34.851573],[137.384126,34.851511],[137.383879,34.851751],[137.383828,34.850895],[137.383843,34.850509],[137.382721,34.850473],[137.38268,34.850536],[137.380869,34.850427],[137.380881,34.85038],[137.380932,34.850045],[137.38092,34.849799],[137.380827,34.849491],[137.38077,34.848751],[137.380827,34.848235],[137.380915,34.847952],[137.38091,34.847468],[137.38096,34.847016],[137.381048,34.846812],[137.381216,34.846434],[137.38129,34.845928],[137.381385,34.845472],[137.381266,34.845457],[137.381125,34.845445],[137.380903,34.845436],[137.380653,34.84542],[137.380403,34.84542],[137.380179,34.845442],[137.379973,34.845494],[137.379464,34.845636],[137.379463,34.845875],[137.37893,34.845915],[137.37894,34.846277],[137.378454,34.846294],[137.378455,34.84674],[137.378128,34.846753],[137.378128,34.846821],[137.377946,34.846812],[137.37774,34.847742],[137.37768,34.848017],[137.377912,34.848163],[137.377735,34.848478],[137.377736,34.848591],[137.377833,34.849346],[137.377943,34.849515],[137.377998,34.849571],[137.377834,34.849628],[137.37767,34.849718],[137.377588,34.849775],[137.377534,34.849978],[137.377549,34.850316],[137.377633,34.850788],[137.378373,34.850967],[137.378318,34.851621],[137.378114,34.852366],[137.377978,34.852602],[137.377857,34.853424],[137.377846,34.853481],[137.377966,34.853579],[137.378311,34.853319],[137.378357,34.853007],[137.378394,34.852952],[137.378433,34.852941],[137.378512,34.85294],[137.379059,34.852961],[137.379046,34.853096],[137.380004,34.853095],[137.381526,34.853007],[137.381646,34.854095],[137.382233,34.854049],[137.382048,34.854365],[137.381938,34.854556],[137.381898,34.854629],[137.381809,34.854939],[137.38199,34.854872],[137.382153,34.854646],[137.38233,34.854432],[137.382535,34.85442],[137.382672,34.854375],[137.382767,34.854205]]]}},{"type":"Feature","id":"232071220","properties":{"KEY_CODE":"232071220","PREF":"23","CITY":"207","S_AREA":"122000","PREF_NAME":"愛知県","CITY_NAME":"豊川市","S_NAME":"若宮町","HCODE":8101,"AREA":11244.457,"KIGO_E":"E1","JINKO":106,"SETAI":39,"X_CODE":137.388215,"Y_CODE":34.822923},"geometry":{"type":"Polygon","coordinates":[[[137.388179,34.823393],[137.38823,34.823168],[137.388555,34.823219],[137.388675,34.823108],[137.388646,34.823053],[137.388945,34.822987],[137.389022,34.823136],[137.389212,34.823048],[137.388971,34.822585],[137.389039,34.822551],[137.389011,34.822305],[137.388705,34.822415],[137.388718,34.822511],[137.388092,34.822681],[137.387964,34.822595],[137.387758,34.822644],[137.387816,34.822778],[137.387134,34.822945],[137.387221,34.823222],[137.387512,34.823289],[137.387826,34.823341],[137.388179,34.823393]]]}},{"type":"Feature","id":"232071220","properties":{"KEY_CODE":"232071220","PREF":"23","CITY":"207","S_AREA":"122000","PREF_NAME":"愛知県","CITY_NAME":"豊川市","S_NAME":"若宮町","HCODE":8101,"AREA":4328.179,"KIGO_E":"E2","JINKO":0,"SETAI":0,"X_CODE":137.388955,"Y_CODE":34.824904},"geometry":{"type":"Polygon","coordinates":[[[137.389249,34.824825],[137.389347,34.824752],[137.3894,34.824791],[137.389652,34.824572],[137.389634,34.824513],[137.389786,34.824405],[137.389756,34.82436],[137.389822,34.824318],[137.389871,34.824345],[137.389937,34.824286],[137.389807,34.824181],[137.389035,34.82478],[137.389047,34.824806],[137.388117,34.825217],[137.388262,34.825495],[137.388317,34.825505],[137.388799,34.82516],[137.388769,34.825097],[137.389144,34.824939],[137.389185,34.824925],[137.389161,34.824896],[137.389243,34.82483],[137.389249,34.824825]]]}},{"type":"Feature","id":"232071230","properties":{"KEY_CODE":"232071230","PREF":"23","CITY":"207","S_AREA":"123000","PREF_NAME":"愛知県","CITY_NAME":"豊川市","S_NAME":"若鳩町","HCODE":8101,"AREA":56026.188,"KIGO_E":"","JINKO":50,"SETAI":19,"X_CODE":137.384493,"Y_CODE":34.82716},"geometry":{"type":"Polygon","coordinates":[[[137.38622,34.827138],[137.385481,34.825781],[137.384603,34.826106],[137.38449,34.826159],[137.383697,34.826463],[137.383301,34.826615],[137.383004,34.826728],[137.382696,34.826847],[137.383731,34.828629],[137.3844,34.828369],[137.384351,34.828265],[137.385345,34.827905],[137.385382,34.827775],[137.38562,34.8277],[137.385593,34.827612],[137.38622,34.827138]]]}},{"type":"Feature","id":"232071240","properties":{"KEY_CODE":"232071240","PREF":"23","CITY":"207","S_AREA":"124000","PREF_NAME":"愛知県","CITY_NAME":"豊川市","S_NAME":"国府南","HCODE":8101,"AREA":161105.038,"KIGO_E":"","JINKO":0,"SETAI":0,"X_CODE":137.331868,"Y_CODE":34.828165},"geometry":{"type":"Polygon","coordinates":[[[137.331643,34.830518],[137.332577,34.83001],[137.333659,34.829539],[137.334387,34.829222],[137.334622,34.829117],[137.335167,34.828334],[137.334196,34.827725],[137.333849,34.828148],[137.333488,34.827907],[137.332711,34.828658],[137.332429,34.82849],[137.333251,34.827772],[137.332806,34.827499],[137.333617,34.826606],[137.333591,34.82659],[137.331755,34.8254],[137.33032,34.826942],[137.328814,34.828577],[137.330638,34.829816],[137.331643,34.830518]]]}},{"type":"Feature","id":"232071250","properties":{"KEY_CODE":"232071250","PREF":"23","CITY":"207","S_AREA":"125000","PREF_NAME":"愛知県","CITY_NAME":"豊川市","S_NAME":"白鳥","HCODE":8101,"AREA":381345.099,"KIGO_E":"","JINKO":82,"SETAI":37,"X_CODE":137.336674,"Y_CODE":34.830248},"geometry":{"type":"Polygon","coordinates":[[[137.33452,34.831292],[137.335113,34.831112],[137.335165,34.831287],[137.335435,34.831178],[137.33551,34.831156],[137.335817,34.831401],[137.335678,34.831547],[137.335566,34.831672],[137.335538,34.831707],[137.337111,34.832642],[137.338032,34.83165],[137.339117,34.832375],[137.339661,34.831805],[137.34066,34.830823],[137.340728,34.830771],[137.340796,34.830735],[137.340866,34.830707],[137.340967,34.83065],[137.341036,34.830587],[137.341098,34.830525],[137.341143,34.830435],[137.341218,34.830255],[137.341274,34.830104],[137.341298,34.830051],[137.34134,34.829977],[137.341388,34.829916],[137.341449,34.829862],[137.341569,34.829804],[137.341682,34.829754],[137.341842,34.829614],[137.34206,34.829388],[137.342264,34.829174],[137.342445,34.829011],[137.342478,34.828977],[137.342338,34.828879],[137.342178,34.828742],[137.342083,34.828629],[137.341997,34.828509],[137.341891,34.828304],[137.341835,34.828055],[137.341568,34.828282],[137.339347,34.826869],[137.337647,34.827785],[137.3368,34.828163],[137.336207,34.828418],[137.335533,34.828731],[137.335121,34.82891],[137.334622,34.829117],[137.334387,34.829222],[137.333659,34.829539],[137.332577,34.83001],[137.331643,34.830518],[137.330952,34.831117],[137.330585,34.831483],[137.330387,34.831713],[137.330203,34.831943],[137.33128,34.832644],[137.331353,34.832964],[137.331481,34.8332],[137.332005,34.834133],[137.33238,34.833977],[137.332434,34.833853],[137.332611,34.833605],[137.332706,34.833357],[137.332774,34.833154],[137.332911,34.832906],[137.333197,34.83259],[137.33452,34.831292]]]}},{"type":"Feature","id":"232071260","properties":{"KEY_CODE":"232071260","PREF":"23","CITY":"207","S_AREA":"126000","PREF_NAME":"愛知県","CITY_NAME":"豊川市","S_NAME":"住吉町","HCODE":8101,"AREA":127041.429,"KIGO_E":"","JINKO":467,"SETAI":189,"X_CODE":137.403652,"Y_CODE":34.817172},"geometry":{"type":"Polygon","coordinates":[[[137.406205,34.818267],[137.406071,34.817601],[137.405958,34.817121],[137.405841,34.816612],[137.405688,34.816552],[137.40536,34.81647],[137.405143,34.816403],[137.405005,34.816327],[137.404683,34.816133],[137.404262,34.815906],[137.40416,34.815818],[137.403897,34.815592],[137.40372,34.815434],[137.403538,34.815247],[137.40345,34.81516],[137.402853,34.815774],[137.402849,34.815778],[137.40275,34.815873],[137.402743,34.815879],[137.402351,34.816295],[137.402112,34.816127],[137.401933,34.815983],[137.401825,34.815877],[137.401737,34.815765],[137.401649,34.815622],[137.401618,34.81549],[137.401589,34.815377],[137.401557,34.81531],[137.400323,34.816615],[137.400863,34.816955],[137.40101,34.817049],[137.402088,34.817721],[137.402898,34.818221],[137.403182,34.818205],[137.403703,34.818587],[137.403777,34.818632],[137.404029,34.818849],[137.404063,34.818885],[137.40427,34.818972],[137.406008,34.818859],[137.406212,34.818829],[137.406223,34.818458],[137.406205,34.818267]]]}},{"type":"Feature","id":"232071270","properties":{"KEY_CODE":"232071270","PREF":"23","CITY":"207","S_AREA":"127000","PREF_NAME":"愛知県","CITY_NAME":"豊川市","S_NAME":"天神町","HCODE":8101,"AREA":26053.743,"KIGO_E":"","JINKO":19,"SETAI":5,"X_CODE":137.405017,"Y_CODE":34.82417},"geometry":{"type":"Polygon","coordinates":[[[137.405628,34.824611],[137.406211,34.824488],[137.405894,34.823421],[137.40589,34.823376],[137.404173,34.823783],[137.403806,34.823832],[137.403532,34.823875],[137.403546,34.824137],[137.403781,34.824329],[137.403926,34.824388],[137.404297,34.824609],[137.40441,34.824556],[137.404796,34.824761],[137.404945,34.824839],[137.40501,34.824982],[137.40523,34.824958],[137.405512,34.824952],[137.405715,34.824948],[137.405628,34.824611]]]}},{"type":"Feature","id":"232071280","properties":{"KEY_CODE":"232071280","PREF":"23","CITY":"207","S_AREA":"128000","PREF_NAME":"愛知県","CITY_NAME":"豊川市","S_NAME":"光陽町","HCODE":8101,"AREA":34371.291,"KIGO_E":"","JINKO":373,"SETAI":154,"X_CODE":137.405293,"Y_CODE":34.82561},"geometry":{"type":"Polygon","coordinates":[[[137.405878,34.826643],[137.405821,34.825903],[137.406426,34.825778],[137.406586,34.825748],[137.406211,34.824488],[137.405628,34.824611],[137.405715,34.824948],[137.405512,34.824952],[137.40523,34.824958],[137.40501,34.824982],[137.404945,34.824839],[137.404796,34.824761],[137.40441,34.824556],[137.404297,34.824609],[137.404281,34.824617],[137.403723,34.825017],[137.403787,34.825159],[137.403839,34.82529],[137.404782,34.825032],[137.404853,34.825197],[137.404998,34.825553],[137.405016,34.825602],[137.40486,34.825647],[137.404943,34.825836],[137.404737,34.825895],[137.404725,34.825886],[137.404181,34.826033],[137.404153,34.826038],[137.404245,34.826241],[137.40443,34.826714],[137.405038,34.826537],[137.405132,34.826771],[137.405383,34.826771],[137.405507,34.826758],[137.405678,34.826684],[137.405878,34.826643]]]}},{"type":"Feature","id":"232071290","properties":{"KEY_CODE":"232071290","PREF":"23","CITY":"207","S_AREA":"129000","PREF_NAME":"愛知県","CITY_NAME":"豊川市","S_NAME":"東名町","HCODE":8101,"AREA":124622.867,"KIGO_E":"","JINKO":858,"SETAI":357,"X_CODE":137.40705,"Y_CODE":34.832605},"geometry":{"type":"Polygon","coordinates":[[[137.408269,34.831626],[137.407799,34.830204],[137.407058,34.830448],[137.406047,34.83078],[137.404832,34.83119],[137.405096,34.831747],[137.405211,34.832004],[137.40554,34.832857],[137.405747,34.833396],[137.405821,34.833589],[137.40598,34.833934],[137.406063,34.834115],[137.406445,34.834905],[137.408464,34.834444],[137.409138,34.834298],[137.408779,34.833199],[137.408719,34.833017],[137.408486,34.832286],[137.408269,34.831626]]]}},{"type":"Feature","id":"232071300","properties":{"KEY_CODE":"232071300","PREF":"23","CITY":"207","S_AREA":"130000","PREF_NAME":"愛知県","CITY_NAME":"豊川市","S_NAME":"大橋町","HCODE":8101,"AREA":241586.131,"KIGO_E":"","JINKO":1026,"SETAI":397,"X_CODE":137.412986,"Y_CODE":34.835244},"geometry":{"type":"Polygon","coordinates":[[[137.417139,34.838391],[137.417284,34.83718],[137.416985,34.836668],[137.416935,34.836596],[137.416562,34.836056],[137.416381,34.835948],[137.416086,34.835851],[137.415707,34.835688],[137.41524,34.835396],[137.414914,34.834947],[137.41484,34.834845],[137.414358,34.834339],[137.414096,34.83419],[137.413715,34.83386],[137.413102,34.833153],[137.412892,34.832925],[137.412613,34.832543],[137.412371,34.832237],[137.411256,34.832917],[137.411078,34.832695],[137.410908,34.832471],[137.41032,34.832754],[137.410235,34.832799],[137.409976,34.832913],[137.409899,34.832931],[137.409866,34.83297],[137.408779,34.833199],[137.409138,34.834298],[137.409482,34.835394],[137.409696,34.835347],[137.409971,34.835287],[137.409991,34.835316],[137.410059,34.835479],[137.410101,34.83558],[137.410169,34.835684],[137.410249,34.835782],[137.410385,34.835858],[137.410469,34.835896],[137.410608,34.83592],[137.411118,34.835974],[137.41154,34.836022],[137.411722,34.836043],[137.411852,34.836063],[137.41219,34.83615],[137.412397,34.836191],[137.412456,34.83624],[137.412704,34.836302],[137.412629,34.83637],[137.412689,34.83645],[137.412734,34.836524],[137.413321,34.83682],[137.413614,34.837024],[137.413727,34.837129],[137.413938,34.837364],[137.414066,34.837499],[137.414239,34.837591],[137.414427,34.837691],[137.414885,34.837912],[137.414893,34.837974],[137.414968,34.837987],[137.415043,34.837949],[137.415463,34.838054],[137.415764,34.838102],[137.416597,34.8382],[137.416702,34.83823],[137.41677,34.838267],[137.4168,34.838366],[137.417139,34.838391]]]}},{"type":"Feature","id":"232071310","properties":{"KEY_CODE":"232071310","PREF":"23","CITY":"207","S_AREA":"131000","PREF_NAME":"愛知県","CITY_NAME":"豊川市","S_NAME":"赤坂町","HCODE":8101,"AREA":5180849.498,"KIGO_E":"","JINKO":2963,"SETAI":1056,"X_CODE":137.301689,"Y_CODE":34.856312},"geometry":{"type":"Polygon","coordinates":[[[137.314308,34.866584],[137.314569,34.866056],[137.314745,34.866107],[137.314802,34.866039],[137.315131,34.865477],[137.315267,34.865211],[137.315312,34.865187],[137.315371,34.865162],[137.315452,34.86512],[137.315554,34.865056],[137.315649,34.864987],[137.315757,34.86491],[137.315811,34.864856],[137.315844,34.864824],[137.315978,34.864952],[137.316082,34.864845],[137.316094,34.864833],[137.316081,34.864821],[137.315938,34.864705],[137.315846,34.864634],[137.315808,34.864602],[137.31593,34.864468],[137.316029,34.864535],[137.316137,34.864617],[137.316202,34.864663],[137.316639,34.864984],[137.316687,34.864933],[137.316816,34.864798],[137.316835,34.864808],[137.317018,34.864913],[137.317108,34.864811],[137.317214,34.864681],[137.31733,34.86455],[137.317762,34.864446],[137.317843,34.864409],[137.3179,34.864367],[137.317975,34.864322],[137.318167,34.864293],[137.3183,34.864303],[137.318388,34.864092],[137.318402,34.863918],[137.318417,34.86373],[137.318404,34.863725],[137.31827,34.863645],[137.318049,34.863509],[137.317897,34.863371],[137.317965,34.863303],[137.318061,34.863228],[137.318149,34.863245],[137.31839,34.86335],[137.3185,34.863394],[137.318631,34.863325],[137.318932,34.86313],[137.319465,34.862781],[137.320205,34.862094],[137.320451,34.861803],[137.320607,34.861531],[137.320454,34.861094],[137.32027,34.860812],[137.320038,34.860453],[137.319722,34.860016],[137.319419,34.859543],[137.319124,34.859119],[137.319512,34.858824],[137.320384,34.858425],[137.320874,34.858283],[137.3212,34.858196],[137.321394,34.858101],[137.321656,34.857945],[137.321875,34.857724],[137.322144,34.857468],[137.322425,34.8574],[137.322703,34.857326],[137.32296,34.857231],[137.323238,34.857131],[137.32338,34.857027],[137.323587,34.856821],[137.323597,34.856744],[137.323559,34.856743],[137.32352,34.856729],[137.323384,34.856609],[137.323271,34.856225],[137.323219,34.856103],[137.323123,34.855958],[137.323004,34.855808],[137.322856,34.855655],[137.322781,34.855585],[137.322622,34.855506],[137.32245,34.855451],[137.322296,34.855405],[137.322027,34.855334],[137.322002,34.85524],[137.321973,34.855132],[137.32192,34.854921],[137.32184,34.854631],[137.321758,34.854354],[137.321718,34.854192],[137.3216,34.854201],[137.321498,34.854194],[137.321418,34.854197],[137.321335,34.8542],[137.321278,34.854203],[137.321179,34.854223],[137.320942,34.854278],[137.320892,34.854321],[137.320817,34.854363],[137.320755,34.854384],[137.320725,34.854393],[137.320408,34.854568],[137.320386,34.854579],[137.320213,34.854661],[137.320154,34.854711],[137.320117,34.854767],[137.320069,34.85479],[137.320002,34.854788],[137.319992,34.854785],[137.319963,34.854791],[137.319788,34.854739],[137.319546,34.854634],[137.319305,34.854547],[137.319064,34.854497],[137.318802,34.854464],[137.31873,34.854455],[137.318671,34.854449],[137.318496,34.854433],[137.318348,34.854427],[137.318237,34.854421],[137.318158,34.854419],[137.318084,34.854437],[137.318041,34.854487],[137.318038,34.854561],[137.318068,34.854658],[137.31815,34.854821],[137.318428,34.855185],[137.31843,34.855231],[137.318405,34.855278],[137.318158,34.85549],[137.317897,34.855503],[137.31784,34.855485],[137.31783,34.855482],[137.317741,34.855365],[137.317692,34.855312],[137.3176,34.855253],[137.317417,34.855149],[137.317257,34.85505],[137.317165,34.854983],[137.317089,34.854906],[137.317027,34.854786],[137.316972,34.854659],[137.316904,34.854526],[137.316867,34.854449],[137.316862,34.854439],[137.316805,34.854351],[137.316713,34.854227],[137.316647,34.854124],[137.316582,34.854048],[137.316508,34.85399],[137.316496,34.85398],[137.316431,34.853929],[137.316289,34.853848],[137.316183,34.85379],[137.316062,34.853708],[137.315916,34.853607],[137.315863,34.853576],[137.315834,34.853559],[137.315801,34.853529],[137.315758,34.853489],[137.315633,34.853305],[137.315537,34.853186],[137.315507,34.853046],[137.315501,34.852936],[137.315527,34.852759],[137.31558,34.852627],[137.315521,34.852398],[137.315472,34.852307],[137.315413,34.852247],[137.315297,34.852203],[137.315108,34.852174],[137.31483,34.852118],[137.314636,34.852026],[137.314444,34.851961],[137.314401,34.851933],[137.314395,34.851923],[137.314281,34.851725],[137.314135,34.851707],[137.313808,34.85155],[137.313717,34.851495],[137.313611,34.851432],[137.313572,34.851417],[137.313491,34.851386],[137.313439,34.851368],[137.313407,34.851372],[137.313365,34.851402],[137.313302,34.851511],[137.313281,34.851536],[137.313027,34.851552],[137.312921,34.851583],[137.312841,34.851631],[137.312637,34.851778],[137.312473,34.851888],[137.311848,34.852119],[137.3115,34.85229],[137.311442,34.852305],[137.311366,34.852307],[137.311123,34.852236],[137.310992,34.852229],[137.310863,34.852271],[137.310776,34.85232],[137.31069,34.852376],[137.310636,34.852409],[137.310557,34.852463],[137.310507,34.852494],[137.310491,34.852505],[137.310464,34.852525],[137.310334,34.852606],[137.310153,34.852631],[137.310145,34.852628],[137.310092,34.852608],[137.309953,34.852554],[137.309856,34.852515],[137.309742,34.85246],[137.309598,34.852392],[137.309481,34.852336],[137.309412,34.852299],[137.309402,34.852224],[137.309385,34.852109],[137.30937,34.851999],[137.309369,34.851936],[137.30941,34.851861],[137.309531,34.851635],[137.309526,34.851595],[137.309494,34.851513],[137.309455,34.851352],[137.309435,34.851319],[137.308969,34.850978],[137.308992,34.850847],[137.308967,34.85081],[137.308777,34.850682],[137.308634,34.85057],[137.308497,34.850562],[137.30839,34.850556],[137.308257,34.850552],[137.30815,34.850568],[137.308018,34.850593],[137.307926,34.850602],[137.307712,34.850512],[137.307486,34.850417],[137.307271,34.850187],[137.307081,34.850057],[137.306816,34.849936],[137.30662,34.849837],[137.306317,34.849698],[137.306228,34.849682],[137.306108,34.84968],[137.305972,34.849694],[137.305737,34.849722],[137.305431,34.849775],[137.30504,34.849821],[137.304768,34.849827],[137.304458,34.849795],[137.304303,34.849765],[137.304201,34.849744],[137.304156,34.849733],[137.304122,34.849724],[137.30408,34.849705],[137.303841,34.849601],[137.303661,34.849524],[137.303433,34.849412],[137.303243,34.849317],[137.303149,34.849268],[137.303055,34.849158],[137.302983,34.848999],[137.302914,34.848831],[137.302852,34.848708],[137.302756,34.848552],[137.30256,34.848435],[137.302428,34.848382],[137.302214,34.848313],[137.302172,34.848278],[137.302057,34.848066],[137.301867,34.84781],[137.30171,34.847628],[137.301442,34.847341],[137.301154,34.847226],[137.300968,34.846989],[137.300914,34.846765],[137.300884,34.846539],[137.300824,34.846439],[137.300723,34.846373],[137.300621,34.846343],[137.300553,34.846336],[137.300298,34.846349],[137.300403,34.846258],[137.300238,34.846235],[137.300154,34.846245],[137.300045,34.84629],[137.299873,34.846296],[137.299458,34.846218],[137.299127,34.846164],[137.298849,34.846208],[137.298686,34.846256],[137.298469,34.846358],[137.298208,34.84647],[137.297921,34.8467],[137.297505,34.847109],[137.297363,34.847222],[137.297255,34.847259],[137.297127,34.847234],[137.296745,34.847057],[137.296593,34.847009],[137.296421,34.847009],[137.295085,34.84716],[137.294558,34.847099],[137.294068,34.847259],[137.293589,34.847392],[137.293274,34.847478],[137.292991,34.847572],[137.292785,34.847692],[137.292689,34.847802],[137.292666,34.847829],[137.292603,34.848019],[137.292602,34.848071],[137.292585,34.848124],[137.292473,34.848517],[137.292315,34.84871],[137.292166,34.848829],[137.291941,34.848764],[137.291449,34.848624],[137.291194,34.84858],[137.290885,34.84852],[137.290738,34.848506],[137.290519,34.848496],[137.290211,34.848543],[137.290125,34.848564],[137.290079,34.848574],[137.289991,34.84858],[137.289919,34.848556],[137.289813,34.848496],[137.289678,34.848401],[137.289584,34.848363],[137.289379,34.848327],[137.289015,34.848338],[137.288907,34.848369],[137.288806,34.848456],[137.288657,34.848579],[137.28845,34.848685],[137.288112,34.848779],[137.287716,34.848787],[137.287479,34.848823],[137.287409,34.848899],[137.287299,34.849016],[137.287255,34.849066],[137.287216,34.849273],[137.286935,34.849306],[137.286634,34.84933],[137.28644,34.849337],[137.286255,34.849326],[137.286031,34.849312],[137.285772,34.849345],[137.285513,34.84941],[137.28513,34.8494],[137.285038,34.849346],[137.284879,34.849284],[137.284666,34.849188],[137.284494,34.849138],[137.284332,34.849095],[137.284195,34.849066],[137.284024,34.849048],[137.283822,34.849048],[137.283624,34.849073],[137.283536,34.84907],[137.283356,34.849005],[137.283191,34.84896],[137.282813,34.848917],[137.282641,34.84892],[137.282426,34.848942],[137.282261,34.848937],[137.28216,34.8489],[137.282006,34.848843],[137.281803,34.848836],[137.281645,34.848836],[137.281461,34.848916],[137.281276,34.849003],[137.281118,34.849069],[137.28096,34.849076],[137.280731,34.849033],[137.280529,34.849062],[137.280397,34.849135],[137.280237,34.849216],[137.280156,34.849281],[137.279943,34.849405],[137.279521,34.849709],[137.279273,34.850028],[137.279069,34.850356],[137.27893,34.850565],[137.278856,34.850855],[137.278826,34.851063],[137.278778,34.851198],[137.278646,34.851329],[137.278505,34.851416],[137.278347,34.851547],[137.278198,34.851612],[137.277996,34.851634],[137.2776,34.851642],[137.277117,34.851722],[137.276651,34.851802],[137.276281,34.851875],[137.27615,34.851904],[137.276018,34.851933],[137.27593,34.851969],[137.275813,34.85207],[137.275761,34.852231],[137.27576,34.852234],[137.275632,34.852497],[137.275556,34.852685],[137.275717,34.853293],[137.27606,34.855492],[137.276117,34.85603],[137.276243,34.856158],[137.276387,34.85622],[137.277837,34.856473],[137.27822,34.85654],[137.278524,34.856536],[137.278645,34.856535],[137.278885,34.856495],[137.278987,34.856429],[137.279146,34.856324],[137.279462,34.856053],[137.279886,34.85578],[137.280105,34.855654],[137.280529,34.85551],[137.28084,34.855427],[137.281079,34.855427],[137.281495,34.855565],[137.28178,34.85567],[137.28201,34.855721],[137.282251,34.855762],[137.283641,34.855805],[137.28413,34.855835],[137.28445,34.855969],[137.285115,34.856209],[137.285325,34.85627],[137.285752,34.856363],[137.286365,34.856508],[137.287327,34.856684],[137.287869,34.856771],[137.288793,34.856899],[137.289493,34.857033],[137.293507,34.857792],[137.293487,34.857864],[137.293496,34.857937],[137.293553,34.858019],[137.293549,34.858137],[137.293553,34.858203],[137.293622,34.858238],[137.293711,34.85825],[137.293874,34.858241],[137.294153,34.858197],[137.294271,34.858204],[137.294403,34.858257],[137.29467,34.858661],[137.294847,34.858855],[137.295051,34.85904],[137.295289,34.859463],[137.295214,34.859527],[137.294579,34.859604],[137.294392,34.859601],[137.294372,34.859623],[137.294361,34.859652],[137.294535,34.859724],[137.294874,34.859837],[137.295181,34.859896],[137.295508,34.859891],[137.295792,34.859887],[137.295829,34.859985],[137.295909,34.859984],[137.295996,34.859971],[137.296137,34.859954],[137.29615,34.860043],[137.29615,34.860121],[137.29615,34.860197],[137.296132,34.860406],[137.29612,34.86055],[137.296076,34.86058],[137.296048,34.860598],[137.296007,34.860636],[137.295961,34.860675],[137.295961,34.860721],[137.295954,34.860782],[137.295943,34.860843],[137.295931,34.860917],[137.295926,34.860962],[137.295939,34.860995],[137.295967,34.861033],[137.29601,34.861074],[137.296123,34.861171],[137.296177,34.861209],[137.296339,34.861223],[137.296395,34.861221],[137.296505,34.861204],[137.296531,34.861176],[137.296576,34.861128],[137.296576,34.861129],[137.296598,34.861105],[137.296642,34.861043],[137.296705,34.860955],[137.296734,34.860913],[137.296768,34.860857],[137.296844,34.860777],[137.296951,34.860675],[137.296985,34.860638],[137.297023,34.860621],[137.297064,34.860625],[137.297096,34.860638],[137.297132,34.860681],[137.297184,34.860748],[137.29725,34.860841],[137.297286,34.860892],[137.2974,34.861044],[137.297565,34.861115],[137.297622,34.861033],[137.297646,34.860996],[137.297678,34.860932],[137.297714,34.860856],[137.297743,34.860798],[137.297764,34.860755],[137.297804,34.860712],[137.297834,34.860689],[137.29787,34.86068],[137.297922,34.860678],[137.297945,34.860672],[137.298022,34.860641],[137.298148,34.860579],[137.298327,34.86048],[137.298787,34.860586],[137.29881,34.860578],[137.298922,34.860252],[137.298974,34.860104],[137.298992,34.860074],[137.299275,34.860079],[137.299368,34.8601],[137.299481,34.860126],[137.299615,34.86015],[137.299789,34.860187],[137.299884,34.860209],[137.300092,34.860254],[137.300174,34.860273],[137.300195,34.860228],[137.300231,34.860149],[137.300243,34.86011],[137.300335,34.860032],[137.300375,34.860066],[137.30041,34.860089],[137.300497,34.860134],[137.300553,34.860154],[137.300623,34.860162],[137.300703,34.860172],[137.300752,34.860174],[137.300818,34.860176],[137.300886,34.860179],[137.30093,34.860176],[137.300963,34.860174],[137.30101,34.860164],[137.301082,34.860148],[137.301152,34.860129],[137.301185,34.860169],[137.301224,34.860214],[137.301262,34.860267],[137.301284,34.860337],[137.301303,34.860391],[137.301309,34.860449],[137.301314,34.860506],[137.301307,34.860559],[137.301303,34.860615],[137.30131,34.860654],[137.301324,34.860693],[137.301359,34.860731],[137.301407,34.86077],[137.301454,34.860803],[137.301576,34.860878],[137.301634,34.860912],[137.301689,34.860936],[137.301716,34.860956],[137.301722,34.86098],[137.301731,34.861004],[137.301779,34.861009],[137.30178,34.861009],[137.301881,34.861036],[137.301966,34.861075],[137.302019,34.861095],[137.302092,34.861117],[137.302258,34.861086],[137.302239,34.86113],[137.302252,34.861127],[137.302464,34.861039],[137.302876,34.861105],[137.302881,34.861156],[137.302869,34.861219],[137.302832,34.861289],[137.302712,34.861451],[137.302576,34.861663],[137.302736,34.86182],[137.302837,34.862063],[137.302922,34.862238],[137.303108,34.862334],[137.303511,34.86253],[137.303604,34.862585],[137.303727,34.862649],[137.303398,34.863175],[137.303295,34.863345],[137.303036,34.863559],[137.30282,34.863703],[137.302709,34.863752],[137.302558,34.863796],[137.302443,34.863823],[137.302462,34.863999],[137.302501,34.86413],[137.302604,34.864311],[137.302792,34.86478],[137.303054,34.864848],[137.303241,34.864954],[137.303318,34.865025],[137.303385,34.865105],[137.30347,34.865223],[137.303478,34.865561],[137.303533,34.865667],[137.303725,34.865805],[137.303844,34.866103],[137.30406,34.866212],[137.304237,34.866323],[137.304394,34.866418],[137.30445,34.866461],[137.304499,34.866515],[137.304578,34.866573],[137.30463,34.866666],[137.304633,34.866752],[137.304617,34.866831],[137.304495,34.867186],[137.304455,34.867395],[137.304362,34.867964],[137.304277,34.868206],[137.304224,34.868441],[137.304207,34.868647],[137.304233,34.868744],[137.304505,34.868181],[137.304659,34.867861],[137.30488,34.867405],[137.305092,34.867202],[137.30529,34.867118],[137.305483,34.867061],[137.30564,34.867052],[137.305933,34.867067],[137.305999,34.866863],[137.30606,34.866765],[137.30606,34.86669],[137.305899,34.8664],[137.306132,34.866311],[137.306332,34.866226],[137.306456,34.866174],[137.306506,34.86626],[137.306436,34.86647],[137.306573,34.86657],[137.306341,34.866779],[137.307473,34.866989],[137.308529,34.867184],[137.308953,34.867263],[137.30933,34.867333],[137.309622,34.867387],[137.309689,34.867527],[137.309825,34.867908],[137.309923,34.868244],[137.309945,34.868792],[137.30994,34.868888],[137.309912,34.868988],[137.309874,34.86914],[137.309781,34.869452],[137.309696,34.869767],[137.309666,34.869905],[137.309616,34.870095],[137.309535,34.870399],[137.309524,34.870434],[137.309488,34.870575],[137.309462,34.870671],[137.309452,34.870707],[137.310707,34.871343],[137.310589,34.871501],[137.310776,34.87138],[137.310945,34.871262],[137.31105,34.871112],[137.311096,34.871045],[137.311266,34.870615],[137.311798,34.870155],[137.311976,34.869944],[137.312095,34.86975],[137.312179,34.869329],[137.312254,34.869],[137.312342,34.868751],[137.3124,34.868577],[137.3125,34.868435],[137.312805,34.868143],[137.313219,34.867705],[137.3134,34.867517],[137.313708,34.867333],[137.313957,34.867085],[137.314082,34.866941],[137.314196,34.866803],[137.314308,34.866584]]]}},{"type":"Feature","id":"232071320","properties":{"KEY_CODE":"232071320","PREF":"23","CITY":"207","S_AREA":"132000","PREF_NAME":"愛知県","CITY_NAME":"豊川市","S_NAME":"長沢町","HCODE":8101,"AREA":12787747.097,"KIGO_E":"","JINKO":2571,"SETAI":871,"X_CODE":137.279188,"Y_CODE":34.868188},"geometry":{"type":"Polygon","coordinates":[[[137.297327,34.885967],[137.297428,34.885758],[137.297433,34.885752],[137.297448,34.885706],[137.297451,34.885697],[137.297466,34.885647],[137.297454,34.885497],[137.297411,34.885411],[137.297314,34.885218],[137.297375,34.885016],[137.297412,34.884984],[137.297802,34.884808],[137.298643,34.884376],[137.298858,34.88421],[137.298987,34.884077],[137.299084,34.883939],[137.29925,34.883634],[137.299308,34.8834],[137.299442,34.883278],[137.300377,34.882287],[137.300991,34.88128],[137.301018,34.88107],[137.301098,34.880932],[137.30109,34.880768],[137.301055,34.880051],[137.301256,34.879618],[137.301362,34.879309],[137.301517,34.879113],[137.301798,34.878865],[137.302349,34.878583],[137.302769,34.878315],[137.303021,34.878028],[137.303135,34.877958],[137.303459,34.877918],[137.303579,34.877864],[137.303365,34.876037],[137.303305,34.87608],[137.303888,34.874428],[137.303976,34.874166],[137.304678,34.87303],[137.304985,34.872687],[137.305691,34.871506],[137.304714,34.870766],[137.304478,34.870233],[137.304177,34.869555],[137.304177,34.86886],[137.304233,34.868744],[137.304207,34.868647],[137.304224,34.868441],[137.304277,34.868206],[137.304362,34.867964],[137.304455,34.867395],[137.304495,34.867186],[137.304617,34.866831],[137.304633,34.866752],[137.30463,34.866666],[137.304578,34.866573],[137.304499,34.866515],[137.30445,34.866461],[137.304394,34.866418],[137.304237,34.866323],[137.30406,34.866212],[137.303844,34.866103],[137.303725,34.865805],[137.303533,34.865667],[137.303478,34.865561],[137.30347,34.865223],[137.303385,34.865105],[137.303318,34.865025],[137.303241,34.864954],[137.303054,34.864848],[137.302792,34.86478],[137.302604,34.864311],[137.302501,34.86413],[137.302462,34.863999],[137.302443,34.863823],[137.302558,34.863796],[137.302709,34.863752],[137.30282,34.863703],[137.303036,34.863559],[137.303295,34.863345],[137.303398,34.863175],[137.303727,34.862649],[137.303604,34.862585],[137.303511,34.86253],[137.303108,34.862334],[137.302922,34.862238],[137.302837,34.862063],[137.302736,34.86182],[137.302576,34.861663],[137.302712,34.861451],[137.302832,34.861289],[137.302869,34.861219],[137.302881,34.861156],[137.302876,34.861105],[137.302464,34.861039],[137.302252,34.861127],[137.302239,34.86113],[137.302258,34.861086],[137.302092,34.861117],[137.302019,34.861095],[137.301966,34.861075],[137.301881,34.861036],[137.30178,34.861009],[137.301779,34.861009],[137.301731,34.861004],[137.301722,34.86098],[137.301716,34.860956],[137.301689,34.860936],[137.301634,34.860912],[137.301576,34.860878],[137.301454,34.860803],[137.301407,34.86077],[137.301359,34.860731],[137.301324,34.860693],[137.30131,34.860654],[137.301303,34.860615],[137.301307,34.860559],[137.301314,34.860506],[137.301309,34.860449],[137.301303,34.860391],[137.301284,34.860337],[137.301262,34.860267],[137.301224,34.860214],[137.301185,34.860169],[137.301152,34.860129],[137.301082,34.860148],[137.30101,34.860164],[137.300963,34.860174],[137.30093,34.860176],[137.300886,34.860179],[137.300818,34.860176],[137.300752,34.860174],[137.300703,34.860172],[137.300623,34.860162],[137.300553,34.860154],[137.300497,34.860134],[137.30041,34.860089],[137.300375,34.860066],[137.300335,34.860032],[137.300243,34.86011],[137.300231,34.860149],[137.300195,34.860228],[137.300174,34.860273],[137.300092,34.860254],[137.299884,34.860209],[137.299789,34.860187],[137.299615,34.86015],[137.299481,34.860126],[137.299368,34.8601],[137.299275,34.860079],[137.298992,34.860074],[137.298974,34.860104],[137.298922,34.860252],[137.29881,34.860578],[137.298787,34.860586],[137.298327,34.86048],[137.298148,34.860579],[137.298022,34.860641],[137.297945,34.860672],[137.297922,34.860678],[137.29787,34.86068],[137.297834,34.860689],[137.297804,34.860712],[137.297764,34.860755],[137.297743,34.860798],[137.297714,34.860856],[137.297678,34.860932],[137.297646,34.860996],[137.297622,34.861033],[137.297565,34.861115],[137.2974,34.861044],[137.297286,34.860892],[137.29725,34.860841],[137.297184,34.860748],[137.297132,34.860681],[137.297096,34.860638],[137.297064,34.860625],[137.297023,34.860621],[137.296985,34.860638],[137.296951,34.860675],[137.296844,34.860777],[137.296768,34.860857],[137.296734,34.860913],[137.296705,34.860955],[137.296642,34.861043],[137.296598,34.861105],[137.296576,34.861129],[137.296576,34.861128],[137.296531,34.861176],[137.296505,34.861204],[137.296395,34.861221],[137.296339,34.861223],[137.296177,34.861209],[137.296123,34.861171],[137.29601,34.861074],[137.295967,34.861033],[137.295939,34.860995],[137.295926,34.860962],[137.295931,34.860917],[137.295943,34.860843],[137.295954,34.860782],[137.295961,34.860721],[137.295961,34.860675],[137.296007,34.860636],[137.296048,34.860598],[137.296076,34.86058],[137.29612,34.86055],[137.296132,34.860406],[137.29615,34.860197],[137.29615,34.860121],[137.29615,34.860043],[137.296137,34.859954],[137.295996,34.859971],[137.295909,34.859984],[137.295829,34.859985],[137.295792,34.859887],[137.295508,34.859891],[137.295181,34.859896],[137.294874,34.859837],[137.294535,34.859724],[137.294361,34.859652],[137.294372,34.859623],[137.294392,34.859601],[137.294579,34.859604],[137.295214,34.859527],[137.295289,34.859463],[137.295051,34.85904],[137.294847,34.858855],[137.29467,34.858661],[137.294403,34.858257],[137.294271,34.858204],[137.294153,34.858197],[137.293874,34.858241],[137.293711,34.85825],[137.293622,34.858238],[137.293553,34.858203],[137.293549,34.858137],[137.293553,34.858019],[137.293496,34.857937],[137.293487,34.857864],[137.293507,34.857792],[137.289493,34.857033],[137.288793,34.856899],[137.287869,34.856771],[137.287327,34.856684],[137.286365,34.856508],[137.285752,34.856363],[137.285325,34.85627],[137.285115,34.856209],[137.28445,34.855969],[137.28413,34.855835],[137.283641,34.855805],[137.282251,34.855762],[137.28201,34.855721],[137.28178,34.85567],[137.281495,34.855565],[137.281079,34.855427],[137.28084,34.855427],[137.280529,34.85551],[137.280105,34.855654],[137.279886,34.85578],[137.279462,34.856053],[137.279146,34.856324],[137.278987,34.856429],[137.278885,34.856495],[137.278645,34.856535],[137.278524,34.856536],[137.27822,34.85654],[137.277837,34.856473],[137.276387,34.85622],[137.276243,34.856158],[137.276117,34.85603],[137.27606,34.855492],[137.275717,34.853293],[137.275556,34.852685],[137.275508,34.852698],[137.275452,34.852702],[137.274782,34.852553],[137.274345,34.852361],[137.274168,34.852243],[137.274103,34.852172],[137.273934,34.85187],[137.273873,34.851834],[137.273276,34.851617],[137.273242,34.851589],[137.273069,34.851386],[137.272965,34.851347],[137.272563,34.851318],[137.272455,34.851297],[137.271826,34.851246],[137.271653,34.851211],[137.271281,34.851079],[137.271069,34.851004],[137.27062,34.850966],[137.270525,34.85093],[137.270408,34.85087],[137.270112,34.850708],[137.269982,34.850708],[137.269429,34.850773],[137.269187,34.850823],[137.268997,34.850801],[137.268772,34.850752],[137.26876,34.850746],[137.268573,34.850652],[137.268426,34.850502],[137.268244,34.850332],[137.268123,34.850218],[137.26776,34.850047],[137.267673,34.849962],[137.267604,34.849791],[137.267578,34.849648],[137.267535,34.849584],[137.267388,34.849563],[137.267076,34.849542],[137.266981,34.849499],[137.26686,34.849399],[137.2667,34.84909],[137.26657,34.849025],[137.266311,34.848853],[137.266032,34.848781],[137.265725,34.848687],[137.265514,34.848725],[137.265257,34.848731],[137.265044,34.848691],[137.264628,34.84872],[137.264371,34.848837],[137.264337,34.848838],[137.264189,34.848859],[137.263802,34.848846],[137.263439,34.848861],[137.263205,34.848918],[137.263189,34.848918],[137.263003,34.848953],[137.262762,34.849022],[137.262609,34.849048],[137.262424,34.84902],[137.26223,34.84896],[137.261937,34.848868],[137.261506,34.848727],[137.261035,34.848572],[137.261018,34.84857],[137.260517,34.848515],[137.259958,34.848419],[137.259663,34.848489],[137.25939,34.848602],[137.258759,34.849411],[137.258174,34.850811],[137.258123,34.851078],[137.258106,34.851255],[137.257991,34.851501],[137.257899,34.851575],[137.257766,34.851738],[137.257734,34.851935],[137.257771,34.85215],[137.257779,34.852169],[137.257866,34.852317],[137.257902,34.852451],[137.257876,34.85254],[137.257624,34.85292],[137.257594,34.852962],[137.257638,34.853069],[137.25764,34.853213],[137.25764,34.853239],[137.25764,34.853284],[137.257565,34.853393],[137.257536,34.853438],[137.257435,34.853601],[137.25735,34.853817],[137.257351,34.854025],[137.257354,34.854294],[137.257323,34.854509],[137.257078,34.854665],[137.256963,34.854835],[137.256867,34.854982],[137.256745,34.855128],[137.256635,34.855286],[137.256458,34.855534],[137.256417,34.855692],[137.25639,34.85585],[137.256384,34.855972],[137.25634,34.856132],[137.256351,34.856298],[137.256395,34.856386],[137.256467,34.856817],[137.256431,34.857065],[137.256359,34.857237],[137.25632,34.85733],[137.256257,34.857622],[137.256298,34.857765],[137.256494,34.85801],[137.256637,34.858164],[137.256659,34.858275],[137.256653,34.858464],[137.256666,34.858655],[137.256729,34.858849],[137.256734,34.858975],[137.256683,34.859123],[137.256622,34.859269],[137.256673,34.859545],[137.256747,34.859656],[137.256832,34.859917],[137.2568,34.860061],[137.256855,34.860193],[137.256852,34.860336],[137.256774,34.860494],[137.256792,34.860616],[137.256682,34.860717],[137.25656,34.86083],[137.256236,34.861],[137.256512,34.861116],[137.256769,34.861239],[137.25679,34.861301],[137.256785,34.861367],[137.256705,34.861579],[137.256748,34.861722],[137.256892,34.862022],[137.257013,34.86234],[137.257199,34.862659],[137.25745,34.862997],[137.257637,34.863325],[137.257865,34.863708],[137.257961,34.864106],[137.258024,34.864539],[137.258057,34.864734],[137.25803,34.864853],[137.257937,34.865038],[137.257534,34.86566],[137.257336,34.86603],[137.257095,34.866446],[137.256412,34.867385],[137.256187,34.867663],[137.25616,34.867696],[137.256204,34.868192],[137.256216,34.868559],[137.256197,34.86876],[137.256033,34.869146],[137.256022,34.869293],[137.256079,34.869444],[137.256228,34.869585],[137.256356,34.869667],[137.256538,34.869711],[137.256732,34.869768],[137.257159,34.869997],[137.257742,34.870274],[137.257956,34.870442],[137.258349,34.870792],[137.258615,34.871032],[137.258685,34.871094],[137.258717,34.871235],[137.258686,34.871684],[137.258627,34.871962],[137.258638,34.872195],[137.258764,34.87244],[137.258874,34.872495],[137.259153,34.872627],[137.25938,34.872851],[137.259576,34.873068],[137.259746,34.873285],[137.259989,34.8735],[137.260232,34.873739],[137.260387,34.873861],[137.260631,34.874005],[137.261008,34.874176],[137.261597,34.874222],[137.262115,34.874319],[137.262315,34.874366],[137.262378,34.874652],[137.262398,34.874694],[137.262402,34.874763],[137.262637,34.875189],[137.262711,34.875576],[137.262873,34.875907],[137.262941,34.876229],[137.262935,34.876353],[137.262906,34.876567],[137.262927,34.876955],[137.262958,34.877231],[137.262833,34.877764],[137.262854,34.87794],[137.262907,34.878069],[137.263018,34.878353],[137.263274,34.878753],[137.263496,34.878983],[137.263718,34.879212],[137.26379,34.879353],[137.263818,34.879533],[137.263801,34.879646],[137.263754,34.879805],[137.263388,34.880391],[137.263209,34.880759],[137.263049,34.881179],[137.263388,34.88143],[137.263655,34.881696],[137.263783,34.881873],[137.263943,34.882106],[137.264139,34.882461],[137.264311,34.882897],[137.264359,34.883105],[137.264693,34.883299],[137.264851,34.883377],[137.265092,34.883496],[137.265157,34.883608],[137.265181,34.883778],[137.265199,34.883882],[137.2652,34.883883],[137.26591,34.884394],[137.266169,34.884496],[137.266486,34.884577],[137.266946,34.884696],[137.267262,34.88475],[137.267539,34.884805],[137.267757,34.884833],[137.268245,34.885211],[137.269913,34.885417],[137.270256,34.885175],[137.270727,34.884891],[137.270904,34.884813],[137.271054,34.884786],[137.271187,34.884795],[137.27142,34.88484],[137.271549,34.88489],[137.271732,34.884921],[137.271866,34.884944],[137.272027,34.88498],[137.272134,34.884992],[137.272318,34.884994],[137.272433,34.884966],[137.272588,34.884919],[137.272715,34.884861],[137.272823,34.88475],[137.272907,34.884691],[137.272923,34.884679],[137.273036,34.884643],[137.273182,34.884636],[137.27334,34.884663],[137.273484,34.884711],[137.273878,34.884945],[137.274158,34.885044],[137.274437,34.88508],[137.274638,34.884621],[137.27474,34.884493],[137.274865,34.88432],[137.275127,34.884171],[137.275461,34.88404],[137.275908,34.8836],[137.27599,34.883518],[137.276039,34.883413],[137.276122,34.883262],[137.276326,34.882849],[137.276426,34.882619],[137.276554,34.882438],[137.276676,34.882269],[137.276702,34.882247],[137.276816,34.882151],[137.27715,34.882033],[137.277462,34.881948],[137.277665,34.881909],[137.277875,34.881858],[137.277973,34.881812],[137.278041,34.88178],[137.278152,34.881679],[137.278313,34.881556],[137.278367,34.88152],[137.278488,34.881439],[137.278557,34.881406],[137.278654,34.881361],[137.278871,34.881299],[137.279125,34.881275],[137.279289,34.88127],[137.279441,34.881265],[137.28035,34.881251],[137.280599,34.881246],[137.280802,34.881207],[137.281049,34.8811],[137.281264,34.881001],[137.281556,34.880894],[137.281884,34.880831],[137.282195,34.88079],[137.282266,34.88079],[137.283136,34.880785],[137.283805,34.880827],[137.284051,34.880908],[137.284141,34.880998],[137.284256,34.881064],[137.284432,34.881077],[137.28468,34.881101],[137.285009,34.881125],[137.285317,34.881218],[137.285633,34.881366],[137.285953,34.881494],[137.286352,34.88165],[137.286716,34.881805],[137.287083,34.881903],[137.287344,34.881962],[137.287523,34.881984],[137.287575,34.88198],[137.287701,34.881969],[137.287897,34.881912],[137.288093,34.881855],[137.288297,34.881787],[137.288467,34.881784],[137.288612,34.881805],[137.288736,34.881896],[137.288846,34.88201],[137.289008,34.882111],[137.289371,34.882294],[137.289547,34.882308],[137.289738,34.882299],[137.289915,34.882219],[137.29009,34.882167],[137.290779,34.882178],[137.291382,34.882425],[137.29155,34.882478],[137.291723,34.882483],[137.291872,34.882484],[137.292002,34.882527],[137.292142,34.882662],[137.292409,34.883058],[137.292507,34.883259],[137.292605,34.88358],[137.292589,34.883734],[137.292741,34.884096],[137.292762,34.884161],[137.292796,34.884278],[137.292862,34.884559],[137.292984,34.884833],[137.293106,34.8849],[137.293577,34.884946],[137.293877,34.88498],[137.294076,34.88507],[137.294247,34.88519],[137.294377,34.885417],[137.294564,34.885664],[137.294702,34.885825],[137.294848,34.885851],[137.2951,34.885791],[137.295287,34.885824],[137.2967,34.886605],[137.296861,34.886414],[137.296935,34.886353],[137.297087,34.886185],[137.297327,34.885967]]]}},{"type":"Feature","id":"232071330","properties":{"KEY_CODE":"232071330","PREF":"23","CITY":"207","S_AREA":"133000","PREF_NAME":"愛知県","CITY_NAME":"豊川市","S_NAME":"萩町","HCODE":8101,"AREA":11277563.31,"KIGO_E":"","JINKO":1502,"SETAI":477,"X_CODE":137.333447,"Y_CODE":34.879154},"geometry":{"type":"Polygon","coordinates":[[[137.350585,34.898318],[137.351007,34.89784],[137.351243,34.897337],[137.351216,34.896736],[137.352013,34.896413],[137.352293,34.896329],[137.352513,34.896189],[137.352648,34.896014],[137.352588,34.895609],[137.352506,34.89492],[137.352327,34.894683],[137.352817,34.893879],[137.352867,34.89348],[137.352684,34.893141],[137.352641,34.89282],[137.352521,34.89238],[137.352257,34.891975],[137.352239,34.891549],[137.352367,34.891486],[137.352553,34.891387],[137.353437,34.89125],[137.354317,34.891175],[137.354673,34.891007],[137.355003,34.890943],[137.355521,34.890978],[137.356806,34.890937],[137.35757,34.891181],[137.358172,34.891284],[137.35865,34.891374],[137.359129,34.891465],[137.358943,34.890794],[137.359027,34.890479],[137.359102,34.890067],[137.359228,34.889633],[137.359079,34.889113],[137.35901,34.888896],[137.359103,34.888554],[137.359297,34.888253],[137.359636,34.887945],[137.360194,34.887315],[137.360312,34.887077],[137.360396,34.886623],[137.360544,34.886319],[137.360941,34.885955],[137.360842,34.885806],[137.36076,34.885682],[137.360744,34.885658],[137.360521,34.885357],[137.360343,34.884956],[137.360319,34.88453],[137.36034,34.884392],[137.360381,34.884123],[137.360455,34.883867],[137.360487,34.883753],[137.360725,34.883445],[137.360944,34.883311],[137.361086,34.883194],[137.361126,34.883105],[137.361098,34.882975],[137.361057,34.882929],[137.36088,34.882731],[137.360837,34.882643],[137.360808,34.882474],[137.360707,34.882104],[137.360527,34.881355],[137.360463,34.881284],[137.360344,34.881247],[137.359959,34.88121],[137.359666,34.881089],[137.359201,34.880865],[137.358831,34.880761],[137.358713,34.880696],[137.358704,34.880587],[137.358744,34.880198],[137.358848,34.879955],[137.358986,34.879604],[137.359047,34.879287],[137.358948,34.879157],[137.358897,34.87909],[137.358456,34.878475],[137.358172,34.878218],[137.357447,34.877674],[137.356954,34.877325],[137.355233,34.87664],[137.35495,34.876509],[137.354722,34.876305],[137.354444,34.875992],[137.354309,34.87589],[137.354203,34.87578],[137.353644,34.875063],[137.353472,34.874644],[137.35341,34.874493],[137.353269,34.874143],[137.353119,34.873905],[137.352937,34.873663],[137.352696,34.873446],[137.352545,34.873377],[137.352443,34.873359],[137.351642,34.873371],[137.351127,34.873424],[137.350453,34.873483],[137.350318,34.873434],[137.350048,34.873164],[137.349918,34.873019],[137.349779,34.872994],[137.34945,34.873136],[137.34901,34.873332],[137.348568,34.873617],[137.347705,34.874113],[137.347557,34.874213],[137.347213,34.873968],[137.346793,34.873756],[137.345923,34.873266],[137.345392,34.872826],[137.344964,34.872376],[137.344696,34.87206],[137.344622,34.871972],[137.344258,34.872111],[137.344175,34.872097],[137.344032,34.872074],[137.343782,34.872034],[137.343512,34.871972],[137.343361,34.871911],[137.343084,34.87174],[137.342782,34.871462],[137.342412,34.871586],[137.342035,34.871623],[137.341394,34.871572],[137.340828,34.871443],[137.340451,34.871258],[137.340158,34.871038],[137.339522,34.87014],[137.338987,34.869887],[137.338761,34.869608],[137.338362,34.869461],[137.337993,34.869246],[137.337802,34.869049],[137.337722,34.868922],[137.337672,34.868844],[137.33743,34.868594],[137.33733,34.868523],[137.337054,34.86837],[137.336817,34.868286],[137.336308,34.868213],[137.336162,34.86804],[137.335862,34.867658],[137.335705,34.867558],[137.335535,34.867507],[137.33536,34.867533],[137.335195,34.867687],[137.334958,34.867814],[137.334601,34.867814],[137.333922,34.8678],[137.333539,34.867836],[137.332821,34.867848],[137.332805,34.867848],[137.331995,34.867842],[137.331964,34.867839],[137.331759,34.867822],[137.330382,34.868044],[137.330308,34.868049],[137.330268,34.86803],[137.330177,34.867834],[137.330001,34.867657],[137.329547,34.867636],[137.329325,34.867547],[137.329216,34.867414],[137.329143,34.867213],[137.329174,34.866952],[137.329176,34.866937],[137.329193,34.866013],[137.329129,34.865847],[137.328961,34.865467],[137.328882,34.865304],[137.32887,34.865288],[137.32875,34.865036],[137.328684,34.864734],[137.328639,34.864585],[137.328617,34.864511],[137.328425,34.864346],[137.32823,34.864101],[137.328208,34.864073],[137.328051,34.863716],[137.327894,34.863339],[137.327718,34.86299],[137.327468,34.862639],[137.327252,34.862285],[137.32694,34.862079],[137.326519,34.861935],[137.326268,34.861793],[137.326287,34.861617],[137.326348,34.861364],[137.326358,34.861151],[137.326159,34.86091],[137.325923,34.860584],[137.325609,34.860248],[137.32522,34.859788],[137.325192,34.859754],[137.324652,34.85924],[137.324446,34.859015],[137.324337,34.858857],[137.324282,34.858756],[137.324309,34.85862],[137.324677,34.857921],[137.324652,34.857595],[137.324524,34.857247],[137.324374,34.856975],[137.324011,34.856732],[137.323957,34.85671],[137.323892,34.856702],[137.323646,34.856745],[137.323597,34.856744],[137.323587,34.856821],[137.32338,34.857027],[137.323238,34.857131],[137.32296,34.857231],[137.322703,34.857326],[137.322425,34.8574],[137.322144,34.857468],[137.321875,34.857724],[137.321656,34.857945],[137.321394,34.858101],[137.3212,34.858196],[137.320874,34.858283],[137.320384,34.858425],[137.319512,34.858824],[137.319124,34.859119],[137.319419,34.859543],[137.319722,34.860016],[137.320038,34.860453],[137.32027,34.860812],[137.320454,34.861094],[137.320607,34.861531],[137.320451,34.861803],[137.320205,34.862094],[137.319465,34.862781],[137.318932,34.86313],[137.318631,34.863325],[137.3185,34.863394],[137.31839,34.86335],[137.318149,34.863245],[137.318061,34.863228],[137.317965,34.863303],[137.317897,34.863371],[137.318049,34.863509],[137.31827,34.863645],[137.318404,34.863725],[137.318417,34.86373],[137.318402,34.863918],[137.318388,34.864092],[137.3183,34.864303],[137.318167,34.864293],[137.317975,34.864322],[137.3179,34.864367],[137.317843,34.864409],[137.317762,34.864446],[137.31733,34.86455],[137.317214,34.864681],[137.317108,34.864811],[137.317018,34.864913],[137.316835,34.864808],[137.316816,34.864798],[137.316687,34.864933],[137.316639,34.864984],[137.316202,34.864663],[137.316137,34.864617],[137.316029,34.864535],[137.31593,34.864468],[137.315808,34.864602],[137.315846,34.864634],[137.315938,34.864705],[137.316081,34.864821],[137.316094,34.864833],[137.316082,34.864845],[137.315978,34.864952],[137.315844,34.864824],[137.315811,34.864856],[137.315757,34.86491],[137.315649,34.864987],[137.315554,34.865056],[137.315452,34.86512],[137.315371,34.865162],[137.315312,34.865187],[137.315267,34.865211],[137.315131,34.865477],[137.314802,34.866039],[137.314745,34.866107],[137.314569,34.866056],[137.314308,34.866584],[137.314196,34.866803],[137.314082,34.866941],[137.313957,34.867085],[137.313708,34.867333],[137.3134,34.867517],[137.313219,34.867705],[137.312805,34.868143],[137.3125,34.868435],[137.3124,34.868577],[137.312342,34.868751],[137.312254,34.869],[137.312179,34.869329],[137.312095,34.86975],[137.311976,34.869944],[137.311798,34.870155],[137.311266,34.870615],[137.311096,34.871045],[137.31105,34.871112],[137.310945,34.871262],[137.310776,34.87138],[137.310589,34.871501],[137.310536,34.871681],[137.310406,34.872008],[137.310225,34.872324],[137.310164,34.872447],[137.310015,34.872605],[137.309748,34.872933],[137.309542,34.873163],[137.309376,34.873303],[137.309266,34.873409],[137.309159,34.87356],[137.309071,34.873757],[137.309057,34.873834],[137.309033,34.873892],[137.308993,34.873989],[137.308959,34.874048],[137.308934,34.874136],[137.308919,34.874171],[137.308858,34.874294],[137.308829,34.874322],[137.308793,34.874358],[137.308514,34.87427],[137.308378,34.874331],[137.307481,34.87466],[137.307403,34.874683],[137.306931,34.87482],[137.306472,34.874901],[137.306127,34.874935],[137.305871,34.874929],[137.305256,34.874838],[137.303811,34.875717],[137.303365,34.876037],[137.303579,34.877864],[137.303664,34.877938],[137.30376,34.878131],[137.303863,34.878492],[137.304001,34.878729],[137.304185,34.879108],[137.304438,34.879459],[137.304805,34.879765],[137.305067,34.88],[137.306436,34.880132],[137.307991,34.881103],[137.308255,34.881222],[137.308715,34.881219],[137.309124,34.881278],[137.309472,34.881267],[137.309874,34.881262],[137.310451,34.881242],[137.310547,34.881266],[137.310595,34.881301],[137.310631,34.88135],[137.311643,34.88274],[137.311725,34.882926],[137.311828,34.883371],[137.311888,34.88348],[137.311978,34.883559],[137.312062,34.883608],[137.312224,34.883643],[137.313057,34.88404],[137.313444,34.883785],[137.313564,34.883725],[137.313804,34.883641],[137.314087,34.883655],[137.314555,34.883561],[137.314929,34.884035],[137.315266,34.884411],[137.315666,34.884745],[137.3159,34.884948],[137.316423,34.88512],[137.317217,34.885283],[137.318452,34.885774],[137.318861,34.885902],[137.320376,34.886326],[137.320658,34.886365],[137.321239,34.886896],[137.321407,34.887005],[137.321702,34.887108],[137.322237,34.887251],[137.322535,34.887536],[137.323035,34.888283],[137.323684,34.888376],[137.325339,34.888633],[137.32567,34.888623],[137.325946,34.888534],[137.326162,34.888429],[137.327596,34.8889],[137.328109,34.888808],[137.32852,34.888622],[137.328746,34.88852],[137.328985,34.888233],[137.329507,34.887697],[137.329696,34.88764],[137.329846,34.88762],[137.329949,34.887625],[137.330093,34.88765],[137.330177,34.887669],[137.330652,34.887981],[137.33105,34.888475],[137.331419,34.88864],[137.331696,34.888962],[137.331961,34.889159],[137.332148,34.889105],[137.332332,34.889014],[137.332596,34.888866],[137.332796,34.888747],[137.33292,34.888722],[137.33308,34.888759],[137.33311,34.888789],[137.33322,34.888898],[137.333275,34.888988],[137.333315,34.889251],[137.33335,34.889464],[137.333541,34.889768],[137.333666,34.889944],[137.333957,34.89035],[137.334238,34.890623],[137.33453,34.890799],[137.335179,34.890982],[137.335505,34.891213],[137.335965,34.891661],[137.336188,34.891963],[137.336326,34.892319],[137.336525,34.892596],[137.336721,34.892945],[137.336639,34.893623],[137.336681,34.893712],[137.336735,34.893811],[137.336819,34.893905],[137.336937,34.893996],[137.337069,34.894066],[137.337267,34.894105],[137.33764,34.894159],[137.33791,34.894168],[137.338896,34.894063],[137.339337,34.894109],[137.339656,34.894089],[137.340016,34.893975],[137.340394,34.89386],[137.340598,34.893721],[137.341048,34.893453],[137.341291,34.893376],[137.341399,34.893332],[137.341532,34.893376],[137.341718,34.89346],[137.342073,34.893697],[137.342259,34.893717],[137.342491,34.893778],[137.342774,34.893996],[137.343056,34.894183],[137.343309,34.894326],[137.343616,34.894583],[137.344157,34.894805],[137.344512,34.894998],[137.344777,34.895042],[137.345014,34.895227],[137.345243,34.895405],[137.345345,34.895455],[137.345448,34.895469],[137.345646,34.895419],[137.346048,34.895533],[137.346208,34.895847],[137.346666,34.896406],[137.347117,34.896677],[137.347533,34.896904],[137.347752,34.897109],[137.348077,34.897258],[137.348787,34.897751],[137.349262,34.898003],[137.349665,34.89822],[137.349936,34.898294],[137.350242,34.898294],[137.350417,34.898274],[137.350424,34.898276],[137.350585,34.898318]]]}},{"type":"Feature","id":"232071340","properties":{"KEY_CODE":"232071340","PREF":"23","CITY":"207","S_AREA":"134000","PREF_NAME":"愛知県","CITY_NAME":"豊川市","S_NAME":"赤坂台","HCODE":8101,"AREA":409481.647,"KIGO_E":"","JINKO":1649,"SETAI":644,"X_CODE":137.307065,"Y_CODE":34.870918},"geometry":{"type":"Polygon","coordinates":[[[137.303811,34.875717],[137.305256,34.874838],[137.305871,34.874929],[137.306127,34.874935],[137.306472,34.874901],[137.306931,34.87482],[137.307403,34.874683],[137.307481,34.87466],[137.308378,34.874331],[137.308514,34.87427],[137.308793,34.874358],[137.308829,34.874322],[137.308858,34.874294],[137.308919,34.874171],[137.308934,34.874136],[137.308959,34.874048],[137.308993,34.873989],[137.309033,34.873892],[137.309057,34.873834],[137.309071,34.873757],[137.309159,34.87356],[137.309266,34.873409],[137.309376,34.873303],[137.309542,34.873163],[137.309748,34.872933],[137.310015,34.872605],[137.310164,34.872447],[137.310225,34.872324],[137.310406,34.872008],[137.310536,34.871681],[137.310589,34.871501],[137.310707,34.871343],[137.309452,34.870707],[137.309462,34.870671],[137.309488,34.870575],[137.309524,34.870434],[137.309535,34.870399],[137.309616,34.870095],[137.309666,34.869905],[137.309696,34.869767],[137.309781,34.869452],[137.309874,34.86914],[137.309912,34.868988],[137.30994,34.868888],[137.309945,34.868792],[137.309923,34.868244],[137.309825,34.867908],[137.309689,34.867527],[137.309622,34.867387],[137.30933,34.867333],[137.308953,34.867263],[137.308529,34.867184],[137.307473,34.866989],[137.306341,34.866779],[137.306573,34.86657],[137.306436,34.86647],[137.306506,34.86626],[137.306456,34.866174],[137.306332,34.866226],[137.306132,34.866311],[137.305899,34.8664],[137.30606,34.86669],[137.30606,34.866765],[137.305999,34.866863],[137.305933,34.867067],[137.30564,34.867052],[137.305483,34.867061],[137.30529,34.867118],[137.305092,34.867202],[137.30488,34.867405],[137.304659,34.867861],[137.304505,34.868181],[137.304233,34.868744],[137.304177,34.86886],[137.304177,34.869555],[137.304478,34.870233],[137.304714,34.870766],[137.305691,34.871506],[137.304985,34.872687],[137.304678,34.87303],[137.303976,34.874166],[137.303888,34.874428],[137.303305,34.87608],[137.303365,34.876037],[137.303811,34.875717]]]}},{"type":"Feature","id":"232071350","properties":{"KEY_CODE":"232071350","PREF":"23","CITY":"207","S_AREA":"135000","PREF_NAME":"愛知県","CITY_NAME":"豊川市","S_NAME":"東上町","HCODE":8101,"AREA":7446467.26,"KIGO_E":"","JINKO":1448,"SETAI":500,"X_CODE":137.438964,"Y_CODE":34.88281},"geometry":{"type":"Polygon","coordinates":[[[137.429147,34.899872],[137.429258,34.899858],[137.429499,34.899882],[137.429662,34.899884],[137.429812,34.899865],[137.430786,34.899727],[137.43093,34.899708],[137.431034,34.899665],[137.431911,34.899111],[137.432143,34.898965],[137.432302,34.898887],[137.432877,34.898664],[137.433011,34.898632],[137.433102,34.898632],[137.433491,34.898687],[137.433582,34.898698],[137.433654,34.898676],[137.433748,34.898609],[137.434157,34.898206],[137.434251,34.898152],[137.434346,34.898122],[137.434512,34.898109],[137.435102,34.898016],[137.435216,34.897973],[137.435353,34.897887],[137.435726,34.897541],[137.435934,34.89736],[137.436167,34.897205],[137.436316,34.89713],[137.436538,34.897046],[137.436649,34.897024],[137.437159,34.897],[137.43728,34.897003],[137.437378,34.897011],[137.437799,34.897098],[137.438015,34.897125],[137.438217,34.897119],[137.438374,34.897105],[137.438554,34.897055],[137.43877,34.89696],[137.438884,34.896917],[137.439007,34.89689],[137.439096,34.896887],[137.439952,34.89694],[137.440406,34.896929],[137.440774,34.896922],[137.441262,34.896901],[137.441503,34.896855],[137.441728,34.896806],[137.441973,34.896722],[137.442118,34.896632],[137.44229,34.896519],[137.442492,34.896341],[137.442664,34.896179],[137.44278,34.896025],[137.4428,34.895755],[137.442842,34.89565],[137.442904,34.895583],[137.443016,34.895527],[137.443135,34.895456],[137.443221,34.895363],[137.443339,34.895114],[137.443349,34.895012],[137.443342,34.894934],[137.443283,34.894822],[137.443184,34.894623],[137.443091,34.894364],[137.443033,34.894116],[137.443001,34.893702],[137.443001,34.893487],[137.443007,34.893388],[137.443043,34.893326],[137.443156,34.893327],[137.443208,34.893308],[137.443257,34.893265],[137.443321,34.893071],[137.443363,34.892867],[137.44334,34.892824],[137.443141,34.892717],[137.443131,34.892332],[137.443139,34.89222],[137.443213,34.892051],[137.443412,34.891795],[137.443465,34.891684],[137.44352,34.89149],[137.443552,34.891407],[137.443624,34.891307],[137.443986,34.890948],[137.444342,34.890607],[137.444522,34.890237],[137.444649,34.890111],[137.44476,34.89006],[137.4449,34.890046],[137.445159,34.890033],[137.445267,34.889998],[137.445333,34.889943],[137.445489,34.889728],[137.445571,34.889671],[137.445652,34.889655],[137.445982,34.88967],[137.446047,34.889646],[137.446096,34.889587],[137.446164,34.889463],[137.446388,34.889341],[137.446587,34.889225],[137.446712,34.889119],[137.447531,34.888174],[137.448129,34.887493],[137.448276,34.887394],[137.448478,34.887275],[137.448627,34.887191],[137.448613,34.886387],[137.448619,34.886301],[137.448655,34.886223],[137.448766,34.88611],[137.448821,34.886043],[137.448856,34.885991],[137.448884,34.885907],[137.44891,34.885858],[137.448988,34.88577],[137.449102,34.885678],[137.449216,34.885584],[137.449342,34.885411],[137.449461,34.885184],[137.449529,34.885106],[137.449613,34.885047],[137.449745,34.884967],[137.449791,34.884927],[137.449856,34.884846],[137.449942,34.884678],[137.450241,34.883994],[137.450546,34.883162],[137.450624,34.883014],[137.450718,34.882887],[137.450814,34.882805],[137.450914,34.882755],[137.451047,34.882712],[137.45137,34.882652],[137.451485,34.882899],[137.45167,34.883176],[137.452019,34.883017],[137.452169,34.88292],[137.452299,34.882793],[137.452547,34.882518],[137.452726,34.882447],[137.452894,34.882354],[137.453221,34.882493],[137.453289,34.882482],[137.453335,34.882458],[137.453384,34.882393],[137.453472,34.882112],[137.453471,34.881691],[137.453511,34.881603],[137.453586,34.88156],[137.45373,34.881522],[137.453984,34.881481],[137.454148,34.881437],[137.454227,34.881388],[137.454298,34.88131],[137.454356,34.881117],[137.454201,34.880671],[137.454259,34.880531],[137.454373,34.880397],[137.454529,34.880251],[137.454751,34.880114],[137.454907,34.880186],[137.455009,34.88021],[137.45511,34.880218],[137.455195,34.880193],[137.455266,34.880147],[137.455312,34.880072],[137.455337,34.879994],[137.455327,34.879766],[137.455467,34.879671],[137.455558,34.879572],[137.45561,34.879483],[137.455635,34.879389],[137.455648,34.879287],[137.455634,34.879008],[137.455567,34.878849],[137.455553,34.878767],[137.455565,34.878687],[137.455572,34.878648],[137.455604,34.878562],[137.455653,34.878465],[137.455732,34.878391],[137.455941,34.878256],[137.456208,34.87812],[137.456278,34.878046],[137.456306,34.877747],[137.45618,34.8774],[137.456383,34.876835],[137.456507,34.876452],[137.456669,34.875955],[137.456524,34.8757],[137.456602,34.875426],[137.456706,34.875318],[137.456861,34.875284],[137.457006,34.87529],[137.457252,34.874804],[137.457257,34.874794],[137.457458,34.874423],[137.45749,34.874359],[137.457523,34.874324],[137.45809,34.873907],[137.458313,34.873744],[137.458489,34.87359],[137.458645,34.873418],[137.458864,34.873129],[137.45933,34.872476],[137.459486,34.87225],[137.459684,34.87177],[137.459856,34.871389],[137.460074,34.87097],[137.459279,34.870607],[137.45867,34.87035],[137.457686,34.869982],[137.457011,34.869744],[137.455899,34.869406],[137.455058,34.869156],[137.454304,34.869074],[137.453038,34.868884],[137.45181,34.868757],[137.451266,34.868689],[137.451012,34.868659],[137.450509,34.868601],[137.449994,34.868523],[137.449382,34.868424],[137.448598,34.868318],[137.447601,34.868114],[137.446718,34.867919],[137.446263,34.867844],[137.446162,34.867827],[137.445159,34.867613],[137.444279,34.867408],[137.443322,34.867121],[137.442027,34.86665],[137.44088,34.866215],[137.440233,34.865941],[137.438379,34.865219],[137.438286,34.865183],[137.438146,34.865129],[137.436716,34.864546],[137.435977,34.86469],[137.435858,34.864908],[137.435728,34.865248],[137.435731,34.865302],[137.435892,34.865446],[137.435925,34.865501],[137.435911,34.865544],[137.435702,34.865705],[137.435635,34.865717],[137.435559,34.865737],[137.43545,34.865875],[137.435426,34.865945],[137.435451,34.866036],[137.435451,34.866094],[137.435399,34.86615],[137.435303,34.866209],[137.435194,34.86624],[137.43506,34.866244],[137.434946,34.866217],[137.43487,34.866221],[137.434787,34.866297],[137.434768,34.86642],[137.434806,34.86651],[137.434954,34.8666],[137.435212,34.866686],[137.435551,34.866815],[137.435675,34.866877],[137.435604,34.866972],[137.43768,34.868223],[137.437612,34.86832],[137.437994,34.868699],[137.437559,34.869233],[137.438719,34.870161],[137.438615,34.87021],[137.438525,34.870301],[137.438433,34.870422],[137.438413,34.87051],[137.438433,34.870569],[137.438264,34.870714],[137.43807,34.870817],[137.438016,34.870863],[137.437998,34.870921],[137.437994,34.870977],[137.438078,34.871164],[137.438059,34.871221],[137.438018,34.871253],[137.437953,34.871268],[137.437768,34.871255],[137.437702,34.871272],[137.437657,34.871319],[137.437639,34.871371],[137.437646,34.871421],[137.437886,34.871543],[137.438103,34.871575],[137.438123,34.871601],[137.438121,34.871623],[137.438099,34.871641],[137.437841,34.871703],[137.437803,34.871728],[137.437747,34.871793],[137.437706,34.871812],[137.43758,34.871849],[137.437531,34.871857],[137.437479,34.871844],[137.437307,34.871695],[137.437244,34.871663],[137.43717,34.871658],[137.436935,34.871734],[137.436899,34.871766],[137.436857,34.871827],[137.436825,34.87188],[137.43658,34.872092],[137.436526,34.872118],[137.436361,34.872132],[137.436297,34.872124],[137.436155,34.872072],[137.436105,34.872078],[137.436073,34.872107],[137.436062,34.872189],[137.436049,34.872249],[137.436002,34.872301],[137.435964,34.872368],[137.43595,34.872455],[137.43589,34.872539],[137.43578,34.87275],[137.435737,34.872763],[137.435708,34.872748],[137.43566,34.872635],[137.435639,34.872601],[137.435567,34.872525],[137.43528,34.87275],[137.435088,34.872841],[137.434719,34.87292],[137.434399,34.872956],[137.434265,34.873019],[137.434159,34.873169],[137.434012,34.873274],[137.433744,34.873396],[137.433634,34.873431],[137.43347,34.87344],[137.43317,34.873423],[137.432845,34.873659],[137.432719,34.873706],[137.432489,34.873752],[137.432384,34.87395],[137.432126,34.874138],[137.431928,34.874396],[137.43187,34.874452],[137.431773,34.87447],[137.431664,34.874532],[137.431541,34.874714],[137.430961,34.875103],[137.430287,34.875479],[137.430511,34.875745],[137.430083,34.87595],[137.429854,34.876085],[137.429726,34.876182],[137.429622,34.876337],[137.429564,34.876506],[137.429501,34.876816],[137.42931,34.877146],[137.428978,34.877662],[137.429098,34.877935],[137.429021,34.878291],[137.429024,34.878554],[137.429092,34.878737],[137.428373,34.879261],[137.427974,34.879686],[137.427562,34.879845],[137.427438,34.879893],[137.427267,34.879956],[137.426609,34.880202],[137.426419,34.880291],[137.425937,34.880578],[137.425865,34.880633],[137.42562,34.880974],[137.425882,34.881434],[137.426015,34.88164],[137.426038,34.8817],[137.426052,34.881787],[137.426045,34.881871],[137.425318,34.883797],[137.425104,34.884024],[137.425029,34.88416],[137.425022,34.88422],[137.42546,34.884796],[137.42551,34.88491],[137.425481,34.885112],[137.42534,34.885447],[137.425189,34.886691],[137.425232,34.886765],[137.425259,34.886857],[137.425256,34.886939],[137.425113,34.887381],[137.42509,34.887458],[137.425124,34.8877],[137.425111,34.887771],[137.425078,34.88782],[137.424834,34.888027],[137.424788,34.888095],[137.424562,34.888561],[137.424214,34.88924],[137.423999,34.889633],[137.423959,34.889661],[137.423722,34.889808],[137.42358,34.889942],[137.423485,34.890078],[137.423398,34.890265],[137.423147,34.890421],[137.422976,34.890549],[137.422857,34.890652],[137.422658,34.89085],[137.422589,34.890897],[137.422279,34.891093],[137.422216,34.891161],[137.42217,34.891238],[137.421911,34.891902],[137.421878,34.891981],[137.421817,34.892303],[137.421704,34.892729],[137.421569,34.893433],[137.421415,34.893706],[137.421154,34.894404],[137.421107,34.894539],[137.421107,34.894624],[137.42114,34.894765],[137.421348,34.895242],[137.421124,34.895431],[137.420879,34.89555],[137.420832,34.895585],[137.420806,34.895629],[137.42081,34.895835],[137.420935,34.896231],[137.420732,34.896779],[137.420664,34.897078],[137.420594,34.897605],[137.420593,34.897732],[137.421121,34.898523],[137.421502,34.898884],[137.421644,34.899042],[137.42185,34.899322],[137.422054,34.899535],[137.422125,34.899637],[137.422263,34.899967],[137.423,34.899909],[137.423656,34.899802],[137.423992,34.899728],[137.424486,34.899554],[137.424572,34.899541],[137.426129,34.899473],[137.426271,34.899468],[137.428099,34.899198],[137.428231,34.900279],[137.428156,34.900382],[137.428241,34.900346],[137.428484,34.90017],[137.42862,34.900062],[137.428731,34.899997],[137.429147,34.899872]]]}},{"type":"Feature","id":"232071360","properties":{"KEY_CODE":"232071360","PREF":"23","CITY":"207","S_AREA":"136000","PREF_NAME":"愛知県","CITY_NAME":"豊川市","S_NAME":"江島町","HCODE":8101,"AREA":1196350.404,"KIGO_E":"","JINKO":561,"SETAI":179,"X_CODE":137.445839,"Y_CODE":34.863561},"geometry":{"type":"Polygon","coordinates":[[[137.448603,34.859942],[137.447872,34.859253],[137.447523,34.859508],[137.446728,34.858751],[137.445929,34.858016],[137.444593,34.85676],[137.441666,34.85759],[137.44215,34.858754],[137.440998,34.859063],[137.441251,34.85971],[137.440095,34.860017],[137.440163,34.860188],[137.439513,34.86019],[137.439533,34.860284],[137.438815,34.860376],[137.438886,34.86057],[137.438535,34.86066],[137.438585,34.860735],[137.438286,34.860832],[137.438294,34.86207],[137.438267,34.862308],[137.438251,34.862573],[137.438222,34.862748],[137.438112,34.86371],[137.438094,34.863884],[137.438097,34.864011],[137.438111,34.86411],[137.438286,34.865183],[137.438379,34.865219],[137.440233,34.865941],[137.44088,34.866215],[137.442027,34.86665],[137.443322,34.867121],[137.444279,34.867408],[137.445159,34.867613],[137.446162,34.867827],[137.446263,34.867844],[137.446718,34.867919],[137.447601,34.868114],[137.448598,34.868318],[137.449382,34.868424],[137.449994,34.868523],[137.450509,34.868601],[137.451012,34.868659],[137.451266,34.868689],[137.45181,34.868757],[137.453038,34.868884],[137.454304,34.869074],[137.455058,34.869156],[137.45532,34.868392],[137.454679,34.86825],[137.453726,34.867646],[137.453784,34.867562],[137.453533,34.867422],[137.453702,34.867214],[137.453497,34.867093],[137.453717,34.866833],[137.453825,34.866704],[137.454045,34.866544],[137.453664,34.865911],[137.453806,34.865786],[137.453691,34.865654],[137.453633,34.865531],[137.453575,34.865344],[137.453471,34.864707],[137.453417,34.864627],[137.453251,34.864503],[137.452825,34.864284],[137.452938,34.864153],[137.452583,34.863959],[137.452129,34.863719],[137.44933,34.861046],[137.449118,34.860848],[137.448378,34.860246],[137.448603,34.859942]]]}},{"type":"Feature","id":"232071370","properties":{"KEY_CODE":"232071370","PREF":"23","CITY":"207","S_AREA":"137000","PREF_NAME":"愛知県","CITY_NAME":"豊川市","S_NAME":"松原町","HCODE":8101,"AREA":663077.068,"KIGO_E":"","JINKO":141,"SETAI":50,"X_CODE":137.4363,"Y_CODE":34.859097},"geometry":{"type":"Polygon","coordinates":[[[137.438286,34.865183],[137.438111,34.86411],[137.438097,34.864011],[137.438094,34.863884],[137.438112,34.86371],[137.438222,34.862748],[137.438251,34.862573],[137.438267,34.862308],[137.438294,34.86207],[137.438286,34.860832],[137.438585,34.860735],[137.438535,34.86066],[137.438886,34.86057],[137.438815,34.860376],[137.439533,34.860284],[137.439513,34.86019],[137.440163,34.860188],[137.440095,34.860017],[137.441251,34.85971],[137.440998,34.859063],[137.44215,34.858754],[137.441666,34.85759],[137.441049,34.857769],[137.440791,34.857366],[137.440055,34.857473],[137.440159,34.856904],[137.439501,34.855435],[137.439141,34.855427],[137.438594,34.854371],[137.436952,34.854522],[137.436906,34.854379],[137.436695,34.854283],[137.436009,34.854369],[137.435547,34.854363],[137.435376,34.854636],[137.43539,34.854881],[137.434811,34.854919],[137.434766,34.85493],[137.434741,34.854957],[137.434712,34.855103],[137.434688,34.855125],[137.434656,34.855134],[137.434194,34.855158],[137.433972,34.855337],[137.433397,34.855733],[137.433206,34.855858],[137.433073,34.855924],[137.4329,34.855981],[137.432624,34.856049],[137.431934,34.856207],[137.432019,34.85649],[137.432171,34.85688],[137.432652,34.857984],[137.432732,34.858196],[137.432828,34.858687],[137.432885,34.85923],[137.431446,34.860105],[137.431227,34.860291],[137.430845,34.860419],[137.430765,34.860435],[137.430727,34.860447],[137.430651,34.860505],[137.430602,34.860533],[137.430172,34.860666],[137.429852,34.860754],[137.429819,34.860786],[137.429793,34.860899],[137.429799,34.860936],[137.429883,34.861014],[137.430785,34.861215],[137.432129,34.860945],[137.432402,34.86115],[137.432646,34.861366],[137.432826,34.861662],[137.432955,34.861839],[137.433448,34.862338],[137.433969,34.862427],[137.434884,34.863459],[137.435977,34.86469],[137.436716,34.864546],[137.438146,34.865129],[137.438286,34.865183]]]}},{"type":"Feature","id":"232071380","properties":{"KEY_CODE":"232071380","PREF":"23","CITY":"207","S_AREA":"138000","PREF_NAME":"愛知県","CITY_NAME":"豊川市","S_NAME":"上長山町","HCODE":8101,"AREA":3973299.421,"KIGO_E":"","JINKO":1775,"SETAI":671,"X_CODE":137.423977,"Y_CODE":34.872317},"geometry":{"type":"Polygon","coordinates":[[[137.417782,34.885642],[137.42137,34.883771],[137.424966,34.881893],[137.42506,34.881843],[137.425882,34.881434],[137.42562,34.880974],[137.425865,34.880633],[137.425937,34.880578],[137.426419,34.880291],[137.426609,34.880202],[137.427267,34.879956],[137.427438,34.879893],[137.427562,34.879845],[137.427974,34.879686],[137.428373,34.879261],[137.429092,34.878737],[137.429024,34.878554],[137.429021,34.878291],[137.429098,34.877935],[137.428978,34.877662],[137.42931,34.877146],[137.429501,34.876816],[137.429564,34.876506],[137.429622,34.876337],[137.429726,34.876182],[137.429854,34.876085],[137.430083,34.87595],[137.430511,34.875745],[137.430287,34.875479],[137.430961,34.875103],[137.431541,34.874714],[137.431664,34.874532],[137.431773,34.87447],[137.43187,34.874452],[137.431928,34.874396],[137.432126,34.874138],[137.432384,34.87395],[137.432489,34.873752],[137.432719,34.873706],[137.432845,34.873659],[137.43317,34.873423],[137.43347,34.87344],[137.433634,34.873431],[137.433744,34.873396],[137.434012,34.873274],[137.434159,34.873169],[137.434265,34.873019],[137.434399,34.872956],[137.434719,34.87292],[137.435088,34.872841],[137.43528,34.87275],[137.435567,34.872525],[137.435639,34.872601],[137.43566,34.872635],[137.435708,34.872748],[137.435737,34.872763],[137.43578,34.87275],[137.43589,34.872539],[137.43595,34.872455],[137.435964,34.872368],[137.436002,34.872301],[137.436049,34.872249],[137.436062,34.872189],[137.436073,34.872107],[137.436105,34.872078],[137.436155,34.872072],[137.436297,34.872124],[137.436361,34.872132],[137.436526,34.872118],[137.43658,34.872092],[137.436825,34.87188],[137.436857,34.871827],[137.436899,34.871766],[137.436935,34.871734],[137.43717,34.871658],[137.437244,34.871663],[137.437307,34.871695],[137.437479,34.871844],[137.437531,34.871857],[137.43758,34.871849],[137.437706,34.871812],[137.437747,34.871793],[137.437803,34.871728],[137.437841,34.871703],[137.438099,34.871641],[137.438121,34.871623],[137.438123,34.871601],[137.438103,34.871575],[137.437886,34.871543],[137.437646,34.871421],[137.437639,34.871371],[137.437657,34.871319],[137.437702,34.871272],[137.437768,34.871255],[137.437953,34.871268],[137.438018,34.871253],[137.438059,34.871221],[137.438078,34.871164],[137.437994,34.870977],[137.437998,34.870921],[137.438016,34.870863],[137.43807,34.870817],[137.438264,34.870714],[137.438433,34.870569],[137.438413,34.87051],[137.438433,34.870422],[137.438525,34.870301],[137.438615,34.87021],[137.438719,34.870161],[137.437559,34.869233],[137.437994,34.868699],[137.437612,34.86832],[137.43768,34.868223],[137.435604,34.866972],[137.435675,34.866877],[137.435551,34.866815],[137.435212,34.866686],[137.434954,34.8666],[137.434806,34.86651],[137.434768,34.86642],[137.434787,34.866297],[137.43487,34.866221],[137.434946,34.866217],[137.43506,34.866244],[137.435194,34.86624],[137.435303,34.866209],[137.435399,34.86615],[137.435451,34.866094],[137.435451,34.866036],[137.435426,34.865945],[137.43545,34.865875],[137.435559,34.865737],[137.435635,34.865717],[137.435702,34.865705],[137.435911,34.865544],[137.435925,34.865501],[137.435892,34.865446],[137.435731,34.865302],[137.435728,34.865248],[137.435858,34.864908],[137.435977,34.86469],[137.434884,34.863459],[137.433969,34.862427],[137.433448,34.862338],[137.432955,34.861839],[137.432826,34.861662],[137.432646,34.861366],[137.432402,34.86115],[137.432129,34.860945],[137.430785,34.861215],[137.429883,34.861014],[137.42998,34.861189],[137.429966,34.861267],[137.42977,34.861437],[137.429107,34.860872],[137.429081,34.86085],[137.429091,34.860796],[137.42912,34.86076],[137.429154,34.860728],[137.429183,34.860702],[137.429227,34.860681],[137.429229,34.860656],[137.429233,34.860632],[137.42923,34.860613],[137.429088,34.860645],[137.428859,34.860693],[137.428727,34.860914],[137.427587,34.860487],[137.427496,34.860659],[137.427099,34.861378],[137.426821,34.861194],[137.426709,34.861242],[137.426254,34.861418],[137.423451,34.862113],[137.419147,34.863213],[137.4195,34.862362],[137.418587,34.862416],[137.418578,34.862768],[137.418619,34.863011],[137.418747,34.863313],[137.418823,34.863512],[137.418729,34.863762],[137.418525,34.86414],[137.41835,34.864558],[137.4181,34.864947],[137.417946,34.865398],[137.417869,34.865852],[137.417836,34.866334],[137.417783,34.866783],[137.417767,34.866843],[137.417656,34.86725],[137.417403,34.868128],[137.417399,34.86822],[137.417415,34.868337],[137.415825,34.868472],[137.415756,34.86908],[137.415725,34.869537],[137.415697,34.870064],[137.415686,34.870353],[137.415753,34.870696],[137.41582,34.871105],[137.415354,34.871035],[137.415333,34.871077],[137.415148,34.87181],[137.414689,34.871838],[137.414715,34.872229],[137.41411,34.872377],[137.413981,34.873093],[137.41366,34.873075],[137.413588,34.873578],[137.413593,34.873656],[137.413536,34.873666],[137.413504,34.873797],[137.413501,34.873796],[137.413491,34.873874],[137.413432,34.873874],[137.413267,34.874091],[137.412921,34.87434],[137.413004,34.874454],[137.413509,34.875375],[137.412981,34.875667],[137.412951,34.876114],[137.412927,34.876561],[137.412976,34.877085],[137.41226,34.877237],[137.411881,34.877423],[137.411405,34.877817],[137.411301,34.878036],[137.411224,34.878145],[137.410959,34.878515],[137.410754,34.878704],[137.410451,34.878928],[137.410171,34.879094],[137.409869,34.879216],[137.409825,34.879219],[137.409704,34.879235],[137.409488,34.879455],[137.409403,34.879605],[137.410331,34.880261],[137.4137,34.882634],[137.413746,34.882637],[137.413852,34.882609],[137.413904,34.882617],[137.415008,34.883101],[137.415044,34.883136],[137.415051,34.88318],[137.414934,34.883855],[137.417023,34.88382],[137.417024,34.883937],[137.417063,34.884002],[137.41713,34.884073],[137.417231,34.884145],[137.417272,34.884206],[137.41741,34.884981],[137.417399,34.885173],[137.417334,34.885405],[137.417476,34.885429],[137.417615,34.885475],[137.417704,34.885546],[137.417782,34.885642]]]}},{"type":"Feature","id":"232071390","properties":{"KEY_CODE":"232071390","PREF":"23","CITY":"207","S_AREA":"139000","PREF_NAME":"愛知県","CITY_NAME":"豊川市","S_NAME":"一宮町","HCODE":8101,"AREA":1870938.973,"KIGO_E":"","JINKO":5864,"SETAI":2242,"X_CODE":137.422446,"Y_CODE":34.85331},"geometry":{"type":"Polygon","coordinates":[[[137.419147,34.863213],[137.423451,34.862113],[137.426254,34.861418],[137.426709,34.861242],[137.426821,34.861194],[137.427099,34.861378],[137.427496,34.860659],[137.427587,34.860487],[137.428727,34.860914],[137.428859,34.860693],[137.429088,34.860645],[137.42923,34.860613],[137.429233,34.860632],[137.429229,34.860656],[137.429227,34.860681],[137.429183,34.860702],[137.429154,34.860728],[137.42912,34.86076],[137.429091,34.860796],[137.429081,34.86085],[137.429107,34.860872],[137.42977,34.861437],[137.429966,34.861267],[137.42998,34.861189],[137.429883,34.861014],[137.429799,34.860936],[137.429793,34.860899],[137.429819,34.860786],[137.429852,34.860754],[137.430172,34.860666],[137.430602,34.860533],[137.430651,34.860505],[137.430727,34.860447],[137.430765,34.860435],[137.430845,34.860419],[137.431227,34.860291],[137.431446,34.860105],[137.432885,34.85923],[137.432828,34.858687],[137.432732,34.858196],[137.432652,34.857984],[137.432171,34.85688],[137.432019,34.85649],[137.431934,34.856207],[137.431882,34.856002],[137.431544,34.856064],[137.431051,34.85585],[137.43098,34.855791],[137.430691,34.855407],[137.430218,34.854965],[137.429949,34.854727],[137.429724,34.854546],[137.429472,34.854367],[137.429164,34.854123],[137.428664,34.853823],[137.428368,34.853742],[137.428183,34.853638],[137.428073,34.853572],[137.427718,34.853308],[137.427611,34.853228],[137.42746,34.853082],[137.427339,34.852931],[137.427312,34.852859],[137.4273,34.852782],[137.427171,34.852569],[137.427137,34.852509],[137.427054,34.852289],[137.426922,34.852029],[137.42682,34.851767],[137.42675,34.851668],[137.426627,34.851524],[137.426019,34.85102],[137.425896,34.850956],[137.425795,34.850873],[137.425737,34.850785],[137.425696,34.850741],[137.425588,34.850672],[137.425444,34.850536],[137.425319,34.850415],[137.425243,34.850345],[137.425004,34.850215],[137.424828,34.850159],[137.424731,34.850117],[137.424615,34.85005],[137.424473,34.849943],[137.424423,34.849875],[137.424399,34.849807],[137.424498,34.849691],[137.424065,34.849403],[137.423918,34.849309],[137.423736,34.849156],[137.42344,34.848902],[137.423773,34.848739],[137.424309,34.848249],[137.424765,34.847653],[137.423936,34.847163],[137.424214,34.846952],[137.424262,34.846898],[137.424302,34.84681],[137.424318,34.846693],[137.424271,34.846506],[137.424127,34.846408],[137.423325,34.846793],[137.422954,34.846457],[137.422863,34.846353],[137.42277,34.846234],[137.421688,34.844657],[137.420603,34.845161],[137.420316,34.844628],[137.419534,34.844652],[137.41937,34.844653],[137.418942,34.843911],[137.418279,34.844186],[137.41746,34.844518],[137.417401,34.844542],[137.417327,34.844572],[137.417251,34.844603],[137.417179,34.844456],[137.417165,34.844373],[137.417029,34.844279],[137.416745,34.844398],[137.416575,34.844456],[137.416453,34.844498],[137.416399,34.844516],[137.415962,34.844128],[137.415706,34.844212],[137.415416,34.843781],[137.415272,34.843556],[137.415247,34.843517],[137.414941,34.84365],[137.414754,34.84338],[137.414368,34.843521],[137.414444,34.843697],[137.414019,34.843852],[137.413826,34.843952],[137.413628,34.844038],[137.413495,34.84411],[137.413276,34.844276],[137.413399,34.8444],[137.413059,34.84475],[137.412895,34.845054],[137.412677,34.845213],[137.412572,34.845237],[137.412343,34.844818],[137.412131,34.844897],[137.412188,34.845036],[137.412526,34.845783],[137.412619,34.845989],[137.412619,34.845989],[137.412643,34.846043],[137.412643,34.846043],[137.412881,34.846575],[137.413438,34.84767],[137.413513,34.847866],[137.41355,34.848054],[137.413599,34.848277],[137.413701,34.84865],[137.413402,34.84874],[137.413486,34.848842],[137.413775,34.849123],[137.41435,34.849716],[137.415307,34.850785],[137.415419,34.850903],[137.415657,34.851135],[137.415953,34.851403],[137.416632,34.851909],[137.417178,34.852317],[137.418158,34.852938],[137.418245,34.852995],[137.418891,34.853434],[137.418904,34.853437],[137.419035,34.853595],[137.419037,34.853597],[137.418538,34.853819],[137.418681,34.854081],[137.418968,34.854314],[137.41934,34.854796],[137.419776,34.854609],[137.419776,34.854635],[137.419894,34.854783],[137.419754,34.855192],[137.420183,34.855295],[137.420094,34.855573],[137.4206,34.855685],[137.420706,34.855582],[137.420758,34.855601],[137.421707,34.856722],[137.421659,34.85684],[137.421368,34.857621],[137.421288,34.857843],[137.420891,34.858188],[137.420434,34.858539],[137.420449,34.859174],[137.420451,34.859282],[137.420394,34.859395],[137.4196,34.860974],[137.419371,34.861191],[137.419158,34.86143],[137.418587,34.862416],[137.4195,34.862362],[137.419147,34.863213]]]}},{"type":"Feature","id":"232071400","properties":{"KEY_CODE":"232071400","PREF":"23","CITY":"207","S_AREA":"140000","PREF_NAME":"愛知県","CITY_NAME":"豊川市","S_NAME":"大木町","HCODE":8101,"AREA":13676569.388,"KIGO_E":"","JINKO":3472,"SETAI":1241,"X_CODE":137.405933,"Y_CODE":34.875438},"geometry":{"type":"Polygon","coordinates":[[[137.422477,34.908061],[137.422382,34.907862],[137.422368,34.907822],[137.422316,34.907566],[137.42225,34.907394],[137.421955,34.906792],[137.421835,34.906589],[137.421785,34.906424],[137.42165,34.905255],[137.421679,34.905177],[137.421732,34.905123],[137.421893,34.904966],[137.422013,34.90484],[137.4222,34.904594],[137.422301,34.904443],[137.422414,34.90419],[137.422663,34.903968],[137.42279,34.903936],[137.422872,34.903909],[137.422966,34.903844],[137.423038,34.90379],[137.423402,34.903276],[137.423472,34.903205],[137.42355,34.903162],[137.423638,34.903129],[137.423872,34.90308],[137.424029,34.903061],[137.424311,34.903038],[137.424396,34.903022],[137.424455,34.902997],[137.424705,34.902825],[137.424813,34.902771],[137.424898,34.902749],[137.425035,34.902728],[137.425168,34.902692],[137.425302,34.902638],[137.425413,34.902579],[137.425593,34.902467],[137.425747,34.902357],[137.425899,34.902225],[137.42601,34.902074],[137.426104,34.901918],[137.426255,34.901637],[137.426336,34.90153],[137.426483,34.901382],[137.426583,34.901303],[137.426753,34.901212],[137.4273,34.900918],[137.427704,34.900732],[137.427789,34.900667],[137.428046,34.900438],[137.428127,34.900395],[137.428156,34.900382],[137.428231,34.900279],[137.428099,34.899198],[137.426271,34.899468],[137.426129,34.899473],[137.424572,34.899541],[137.424486,34.899554],[137.423992,34.899728],[137.423656,34.899802],[137.423,34.899909],[137.422263,34.899967],[137.422125,34.899637],[137.422054,34.899535],[137.42185,34.899322],[137.421644,34.899042],[137.421502,34.898884],[137.421121,34.898523],[137.420593,34.897732],[137.420594,34.897605],[137.420664,34.897078],[137.420732,34.896779],[137.420935,34.896231],[137.42081,34.895835],[137.420806,34.895629],[137.420832,34.895585],[137.420879,34.89555],[137.421124,34.895431],[137.421348,34.895242],[137.42114,34.894765],[137.421107,34.894624],[137.421107,34.894539],[137.421154,34.894404],[137.421415,34.893706],[137.421569,34.893433],[137.421704,34.892729],[137.421817,34.892303],[137.421878,34.891981],[137.421911,34.891902],[137.42217,34.891238],[137.422216,34.891161],[137.422279,34.891093],[137.422589,34.890897],[137.422658,34.89085],[137.422857,34.890652],[137.422976,34.890549],[137.423147,34.890421],[137.423398,34.890265],[137.423485,34.890078],[137.42358,34.889942],[137.423722,34.889808],[137.423959,34.889661],[137.423999,34.889633],[137.424214,34.88924],[137.424562,34.888561],[137.424788,34.888095],[137.424834,34.888027],[137.425078,34.88782],[137.425111,34.887771],[137.425124,34.8877],[137.42509,34.887458],[137.425113,34.887381],[137.425256,34.886939],[137.425259,34.886857],[137.425232,34.886765],[137.425189,34.886691],[137.42534,34.885447],[137.425481,34.885112],[137.42551,34.88491],[137.42546,34.884796],[137.425022,34.88422],[137.425029,34.88416],[137.425104,34.884024],[137.425318,34.883797],[137.426045,34.881871],[137.426052,34.881787],[137.426038,34.8817],[137.426015,34.88164],[137.425882,34.881434],[137.42506,34.881843],[137.424966,34.881893],[137.42137,34.883771],[137.417782,34.885642],[137.417704,34.885546],[137.417615,34.885475],[137.417476,34.885429],[137.417334,34.885405],[137.417399,34.885173],[137.41741,34.884981],[137.417272,34.884206],[137.417231,34.884145],[137.41713,34.884073],[137.417063,34.884002],[137.417024,34.883937],[137.417023,34.88382],[137.414934,34.883855],[137.415051,34.88318],[137.415044,34.883136],[137.415008,34.883101],[137.413904,34.882617],[137.413852,34.882609],[137.413746,34.882637],[137.4137,34.882634],[137.410331,34.880261],[137.409403,34.879605],[137.409488,34.879455],[137.409704,34.879235],[137.409825,34.879219],[137.409869,34.879216],[137.410171,34.879094],[137.410451,34.878928],[137.410754,34.878704],[137.410959,34.878515],[137.411224,34.878145],[137.409905,34.877172],[137.410091,34.877008],[137.410182,34.876958],[137.410418,34.87691],[137.410553,34.876865],[137.41065,34.876794],[137.410694,34.876729],[137.410701,34.876655],[137.410548,34.876611],[137.410496,34.876579],[137.41024,34.876369],[137.41021,34.876362],[137.40957,34.876376],[137.409107,34.876427],[137.409038,34.87642],[137.40898,34.876405],[137.408936,34.87638],[137.408844,34.876275],[137.408734,34.876207],[137.408715,34.876188],[137.408718,34.876163],[137.408776,34.876124],[137.409577,34.875909],[137.409675,34.875905],[137.409798,34.875959],[137.409862,34.875974],[137.409937,34.875973],[137.410048,34.875957],[137.410695,34.875965],[137.410767,34.875739],[137.410834,34.875585],[137.41091,34.875462],[137.411002,34.875351],[137.411288,34.875107],[137.411352,34.875042],[137.411413,34.874947],[137.411466,34.874842],[137.411545,34.874532],[137.411546,34.874467],[137.411533,34.874395],[137.411063,34.87361],[137.410735,34.873097],[137.410608,34.872965],[137.410492,34.872894],[137.410348,34.872845],[137.409946,34.872756],[137.409762,34.872686],[137.409567,34.872578],[137.409478,34.872494],[137.409392,34.872392],[137.409308,34.872216],[137.409179,34.87162],[137.408913,34.871048],[137.408767,34.870798],[137.408509,34.870516],[137.408162,34.870237],[137.407818,34.869996],[137.407659,34.869899],[137.407483,34.86983],[137.407075,34.869715],[137.406965,34.869662],[137.406733,34.869484],[137.406336,34.869133],[137.406228,34.869006],[137.406147,34.868856],[137.405457,34.869097],[137.404745,34.867597],[137.403313,34.868081],[137.403028,34.867992],[137.400619,34.868795],[137.400321,34.86852],[137.40009,34.868328],[137.400062,34.868277],[137.400021,34.86815],[137.399239,34.868521],[137.398169,34.869015],[137.397928,34.869117],[137.397621,34.869108],[137.397356,34.869167],[137.397268,34.869157],[137.397084,34.868925],[137.396807,34.868668],[137.396618,34.868479],[137.397126,34.866437],[137.397018,34.866204],[137.396916,34.865989],[137.396866,34.865808],[137.396931,34.865423],[137.397065,34.864927],[137.397236,34.864344],[137.397722,34.863336],[137.397887,34.862929],[137.397638,34.862799],[137.397495,34.862733],[137.396909,34.862407],[137.396642,34.862271],[137.3959,34.861212],[137.396558,34.860032],[137.396947,34.859312],[137.397302,34.858762],[137.398103,34.857896],[137.398132,34.857837],[137.398141,34.857784],[137.398094,34.857434],[137.398047,34.857353],[137.397558,34.856996],[137.397361,34.857461],[137.395918,34.857593],[137.395853,34.857582],[137.395807,34.857558],[137.39538,34.857061],[137.395353,34.857015],[137.395349,34.856964],[137.395436,34.856622],[137.395484,34.856569],[137.395654,34.856451],[137.39587,34.856326],[137.395584,34.856047],[137.395204,34.855674],[137.396294,34.854861],[137.396366,34.854727],[137.396382,34.854558],[137.396329,34.854415],[137.396262,34.854277],[137.39621,34.854141],[137.395106,34.853884],[137.394237,34.853691],[137.393469,34.853532],[137.393447,34.853285],[137.403421,34.852419],[137.404222,34.858424],[137.405624,34.858313],[137.405657,34.858314],[137.405372,34.859066],[137.405293,34.859251],[137.405115,34.859663],[137.40523,34.859894],[137.405036,34.860059],[137.404899,34.86],[137.404536,34.860643],[137.404562,34.861116],[137.404672,34.861199],[137.405867,34.862111],[137.40603,34.862341],[137.406326,34.862726],[137.406521,34.862666],[137.407207,34.863661],[137.407616,34.864136],[137.407881,34.86444],[137.408106,34.864607],[137.408564,34.864955],[137.409062,34.865397],[137.409455,34.865995],[137.410356,34.867666],[137.410838,34.868516],[137.410231,34.868818],[137.41039,34.868933],[137.410448,34.86899],[137.410528,34.869096],[137.410783,34.869018],[137.413996,34.868766],[137.414025,34.86864],[137.415825,34.868472],[137.417415,34.868337],[137.417399,34.86822],[137.417403,34.868128],[137.417656,34.86725],[137.417767,34.866843],[137.417783,34.866783],[137.417836,34.866334],[137.417869,34.865852],[137.417946,34.865398],[137.4181,34.864947],[137.41835,34.864558],[137.418525,34.86414],[137.418729,34.863762],[137.418823,34.863512],[137.418747,34.863313],[137.418619,34.863011],[137.418578,34.862768],[137.418587,34.862416],[137.419158,34.86143],[137.419371,34.861191],[137.4196,34.860974],[137.420394,34.859395],[137.420451,34.859282],[137.420449,34.859174],[137.420434,34.858539],[137.420891,34.858188],[137.421288,34.857843],[137.421368,34.857621],[137.421659,34.85684],[137.421707,34.856722],[137.420758,34.855601],[137.420706,34.855582],[137.4206,34.855685],[137.420094,34.855573],[137.420183,34.855295],[137.419754,34.855192],[137.419894,34.854783],[137.419776,34.854635],[137.419776,34.854609],[137.41934,34.854796],[137.418968,34.854314],[137.418681,34.854081],[137.418538,34.853819],[137.419037,34.853597],[137.419035,34.853595],[137.418904,34.853437],[137.418891,34.853434],[137.418245,34.852995],[137.418158,34.852938],[137.417178,34.852317],[137.416632,34.851909],[137.415953,34.851403],[137.415657,34.851135],[137.415419,34.850903],[137.415307,34.850785],[137.41435,34.849716],[137.413775,34.849123],[137.413486,34.848842],[137.413402,34.84874],[137.413701,34.84865],[137.413599,34.848277],[137.41355,34.848054],[137.413513,34.847866],[137.413438,34.84767],[137.412881,34.846575],[137.412643,34.846043],[137.412643,34.846043],[137.412619,34.845989],[137.412619,34.845989],[137.412526,34.845783],[137.412188,34.845036],[137.412131,34.844897],[137.411842,34.844307],[137.411815,34.844253],[137.411739,34.844106],[137.411446,34.843598],[137.411106,34.843033],[137.410895,34.842711],[137.410842,34.84263],[137.410562,34.842251],[137.410298,34.841926],[137.410112,34.841709],[137.41002,34.841633],[137.409863,34.84144],[137.409604,34.841216],[137.409364,34.841017],[137.409099,34.84087],[137.40894,34.840805],[137.408778,34.840753],[137.408632,34.840724],[137.408322,34.840676],[137.408736,34.841373],[137.407599,34.841832],[137.407594,34.841834],[137.40704,34.842059],[137.40647,34.842273],[137.406463,34.842276],[137.405869,34.842503],[137.405355,34.842705],[137.406133,34.843179],[137.406538,34.844259],[137.406676,34.8446],[137.407888,34.845562],[137.408096,34.847188],[137.40564,34.847408],[137.405766,34.848355],[137.402934,34.848611],[137.403052,34.849562],[137.40112,34.849734],[137.401059,34.849319],[137.399008,34.849496],[137.398915,34.848747],[137.395508,34.849063],[137.395423,34.848285],[137.393326,34.848488],[137.393099,34.848492],[137.393059,34.848674],[137.392958,34.849099],[137.392912,34.84927],[137.393012,34.850057],[137.390398,34.849962],[137.390472,34.850195],[137.389392,34.850281],[137.389111,34.850008],[137.388793,34.849749],[137.388718,34.849797],[137.388562,34.84989],[137.388349,34.849951],[137.388076,34.850036],[137.387715,34.850337],[137.38738,34.850562],[137.387487,34.850883],[137.387553,34.851232],[137.387432,34.851179],[137.387129,34.851407],[137.386752,34.851623],[137.38631,34.851903],[137.38616,34.851974],[137.3861,34.852058],[137.385998,34.852247],[137.385952,34.852367],[137.385853,34.852518],[137.385803,34.852558],[137.385769,34.852748],[137.385739,34.852932],[137.3856,34.853266],[137.385743,34.853315],[137.385845,34.853385],[137.386002,34.85366],[137.386053,34.853878],[137.386051,34.853946],[137.386049,34.854063],[137.386046,34.854204],[137.385965,34.854438],[137.385959,34.854448],[137.3855,34.855174],[137.384665,34.856495],[137.384476,34.856793],[137.3845,34.856985],[137.384523,34.857174],[137.38467,34.857511],[137.384693,34.857992],[137.383819,34.859086],[137.38365,34.85932],[137.38347,34.859571],[137.383469,34.859573],[137.383238,34.859866],[137.382989,34.86023],[137.382941,34.860422],[137.382891,34.860564],[137.382988,34.860895],[137.38313,34.861206],[137.383223,34.861371],[137.383235,34.86155],[137.383258,34.861806],[137.383267,34.861881],[137.383307,34.86196],[137.383351,34.862049],[137.383519,34.862222],[137.383681,34.862343],[137.383777,34.862398],[137.383922,34.862533],[137.384157,34.862651],[137.384355,34.862711],[137.384451,34.862748],[137.384587,34.862764],[137.384627,34.862973],[137.38447,34.863143],[137.384269,34.863358],[137.384169,34.86357],[137.384162,34.863732],[137.384233,34.863945],[137.38417,34.864184],[137.38399,34.864449],[137.383777,34.864617],[137.383473,34.864997],[137.383253,34.865267],[137.383169,34.865486],[137.383063,34.865792],[137.383002,34.865897],[137.382884,34.866032],[137.382832,34.866083],[137.382807,34.866127],[137.382802,34.86619],[137.382941,34.866379],[137.383058,34.866748],[137.383206,34.867023],[137.383374,34.867231],[137.38354,34.867396],[137.383703,34.867398],[137.383836,34.867381],[137.384065,34.867334],[137.384214,34.867269],[137.384385,34.867201],[137.384511,34.867159],[137.385034,34.867452],[137.385385,34.867687],[137.385487,34.867698],[137.38578,34.867703],[137.385991,34.867709],[137.38613,34.867742],[137.386313,34.867859],[137.386639,34.868183],[137.386758,34.868249],[137.386971,34.868324],[137.387015,34.868408],[137.387196,34.868738],[137.387323,34.868835],[137.387458,34.868872],[137.387788,34.868864],[137.387843,34.868862],[137.388021,34.868856],[137.388212,34.868851],[137.388292,34.868996],[137.388474,34.869386],[137.388638,34.869768],[137.388769,34.869936],[137.3889,34.870109],[137.389073,34.870219],[137.389312,34.870277],[137.389573,34.870352],[137.3899,34.870393],[137.389973,34.870547],[137.390025,34.870657],[137.390127,34.870798],[137.390164,34.870849],[137.39018,34.871121],[137.390242,34.871339],[137.390282,34.871511],[137.390288,34.871738],[137.390127,34.87218],[137.389991,34.872414],[137.389911,34.872594],[137.389831,34.872774],[137.389643,34.87288],[137.389478,34.872915],[137.389269,34.872975],[137.389225,34.872993],[137.389104,34.873046],[137.389005,34.873099],[137.388916,34.873179],[137.388837,34.873287],[137.388802,34.873386],[137.388735,34.873485],[137.388678,34.873584],[137.388566,34.873719],[137.388476,34.873871],[137.388397,34.874015],[137.388405,34.874142],[137.388446,34.87427],[137.388508,34.874452],[137.388592,34.874634],[137.388654,34.874825],[137.388736,34.875106],[137.388839,34.875398],[137.388889,34.875634],[137.388907,34.875833],[137.388731,34.876081],[137.389213,34.876394],[137.389401,34.876494],[137.389583,34.876574],[137.39001,34.876569],[137.390108,34.876588],[137.390307,34.876957],[137.390752,34.877661],[137.390816,34.877907],[137.390894,34.878036],[137.391315,34.87831],[137.391387,34.878461],[137.391702,34.878954],[137.391748,34.879194],[137.391799,34.879427],[137.391885,34.879586],[137.392102,34.880025],[137.392175,34.8802],[137.392381,34.880525],[137.392453,34.880783],[137.392549,34.881104],[137.392519,34.881347],[137.392599,34.881453],[137.392749,34.881577],[137.392919,34.881806],[137.393075,34.882128],[137.393222,34.88226],[137.393478,34.882474],[137.393807,34.882798],[137.394086,34.883305],[137.394145,34.883432],[137.394257,34.883481],[137.394879,34.883557],[137.395369,34.883744],[137.395991,34.883922],[137.396044,34.883952],[137.396659,34.884305],[137.397328,34.884688],[137.397883,34.88489],[137.398158,34.885273],[137.398219,34.885489],[137.39824,34.885656],[137.3982,34.885923],[137.39817,34.886157],[137.39796,34.886774],[137.397967,34.887495],[137.398116,34.887932],[137.398137,34.88798],[137.398257,34.888257],[137.398414,34.888387],[137.399084,34.888869],[137.399104,34.888969],[137.399084,34.889102],[137.399115,34.889377],[137.399197,34.889727],[137.399451,34.890094],[137.399685,34.890294],[137.400684,34.890866],[137.400694,34.890874],[137.400807,34.890975],[137.401119,34.891196],[137.401323,34.891604],[137.401374,34.891921],[137.401425,34.892171],[137.401649,34.892362],[137.402019,34.892542],[137.402267,34.892694],[137.402541,34.892764],[137.402629,34.892802],[137.402715,34.892859],[137.403042,34.892981],[137.403975,34.893571],[137.40437,34.893954],[137.404452,34.894103],[137.404432,34.894212],[137.404251,34.894521],[137.404055,34.894721],[137.403422,34.895467],[137.403399,34.895493],[137.403019,34.895927],[137.403545,34.897748],[137.403696,34.89805],[137.403717,34.898092],[137.403925,34.898505],[137.403924,34.898755],[137.403924,34.899182],[137.403834,34.899457],[137.403735,34.899762],[137.40379,34.900102],[137.4038,34.90017],[137.403772,34.900845],[137.403727,34.900999],[137.403755,34.901634],[137.403523,34.902076],[137.403151,34.902694],[137.403501,34.902846],[137.404087,34.903197],[137.404839,34.903564],[137.404885,34.903571],[137.405821,34.903704],[137.405927,34.903756],[137.406391,34.903985],[137.406397,34.903988],[137.406541,34.904049],[137.406603,34.904099],[137.406731,34.904202],[137.407364,34.904711],[137.407389,34.904731],[137.407479,34.905017],[137.40751,34.905229],[137.407581,34.905321],[137.408027,34.90562],[137.408332,34.905903],[137.408636,34.905969],[137.409011,34.906043],[137.409386,34.906226],[137.4097,34.906454],[137.409812,34.906512],[137.409907,34.906562],[137.409965,34.906592],[137.410209,34.906719],[137.410529,34.906904],[137.410664,34.906982],[137.410886,34.907077],[137.411247,34.907231],[137.411578,34.907373],[137.411617,34.907676],[137.411706,34.908373],[137.411723,34.908505],[137.411773,34.908535],[137.411883,34.908601],[137.412891,34.908098],[137.413114,34.907988],[137.414097,34.907876],[137.414431,34.907892],[137.415049,34.908032],[137.416032,34.908347],[137.417277,34.908294],[137.418015,34.908059],[137.418093,34.908057],[137.418167,34.908094],[137.418731,34.908524],[137.419798,34.909186],[137.420508,34.909444],[137.42057,34.90949],[137.420579,34.909593],[137.420835,34.909321],[137.421625,34.908705],[137.421715,34.908637],[137.422477,34.908061]]]}},{"type":"Feature","id":"232071410","properties":{"KEY_CODE":"232071410","PREF":"23","CITY":"207","S_AREA":"141000","PREF_NAME":"愛知県","CITY_NAME":"豊川市","S_NAME":"篠田町","HCODE":8101,"AREA":1075624.741,"KIGO_E":"","JINKO":503,"SETAI":160,"X_CODE":137.400452,"Y_CODE":34.844241},"geometry":{"type":"Polygon","coordinates":[[[137.403052,34.849562],[137.402934,34.848611],[137.405766,34.848355],[137.40564,34.847408],[137.408096,34.847188],[137.407888,34.845562],[137.406676,34.8446],[137.406538,34.844259],[137.406133,34.843179],[137.405355,34.842705],[137.405869,34.842503],[137.405187,34.841315],[137.404615,34.841548],[137.403827,34.840209],[137.401573,34.840932],[137.401178,34.840709],[137.401139,34.840707],[137.401137,34.840683],[137.40113,34.840595],[137.401144,34.840486],[137.401162,34.840379],[137.401157,34.840317],[137.401149,34.840245],[137.400766,34.839581],[137.400691,34.839389],[137.400486,34.839042],[137.400152,34.838618],[137.400026,34.838369],[137.39995,34.838211],[137.398123,34.837797],[137.396915,34.83758],[137.395943,34.837455],[137.395543,34.8374],[137.395422,34.837467],[137.394594,34.837322],[137.394558,34.837313],[137.394349,34.837778],[137.394709,34.837947],[137.394379,34.838319],[137.394645,34.838618],[137.394838,34.838866],[137.394975,34.839046],[137.395121,34.839264],[137.395269,34.839518],[137.395411,34.839807],[137.395488,34.839979],[137.395517,34.840043],[137.395682,34.840413],[137.395794,34.840643],[137.39584,34.840692],[137.396587,34.841421],[137.396675,34.841572],[137.396744,34.841735],[137.396775,34.841929],[137.396746,34.842329],[137.396721,34.842528],[137.396694,34.842747],[137.396797,34.84392],[137.396319,34.844505],[137.395959,34.844928],[137.39545,34.845514],[137.394962,34.845887],[137.39469,34.8463],[137.394455,34.84663],[137.394505,34.847433],[137.393996,34.847474],[137.393139,34.848306],[137.393099,34.848492],[137.393326,34.848488],[137.395423,34.848285],[137.395508,34.849063],[137.398915,34.848747],[137.399008,34.849496],[137.401059,34.849319],[137.40112,34.849734],[137.403052,34.849562]]]}},{"type":"Feature","id":"232071420","properties":{"KEY_CODE":"232071420","PREF":"23","CITY":"207","S_AREA":"142000","PREF_NAME":"愛知県","CITY_NAME":"豊川市","S_NAME":"西原町","HCODE":8101,"AREA":667211.04,"KIGO_E":"","JINKO":299,"SETAI":70,"X_CODE":137.399508,"Y_CODE":34.857152},"geometry":{"type":"Polygon","coordinates":[[[137.40026,34.861171],[137.400696,34.861007],[137.400866,34.861015],[137.401013,34.861015],[137.40153,34.860695],[137.401758,34.860573],[137.401336,34.858692],[137.404222,34.858424],[137.403421,34.852419],[137.393447,34.853285],[137.393469,34.853532],[137.394237,34.853691],[137.395106,34.853884],[137.39621,34.854141],[137.396262,34.854277],[137.396329,34.854415],[137.396382,34.854558],[137.396366,34.854727],[137.396294,34.854861],[137.395204,34.855674],[137.395584,34.856047],[137.39587,34.856326],[137.395654,34.856451],[137.395484,34.856569],[137.395436,34.856622],[137.395349,34.856964],[137.395353,34.857015],[137.39538,34.857061],[137.395807,34.857558],[137.395853,34.857582],[137.395918,34.857593],[137.397361,34.857461],[137.397558,34.856996],[137.398047,34.857353],[137.398094,34.857434],[137.398141,34.857784],[137.398132,34.857837],[137.398103,34.857896],[137.397302,34.858762],[137.396947,34.859312],[137.396558,34.860032],[137.3959,34.861212],[137.396642,34.862271],[137.396909,34.862407],[137.397495,34.862733],[137.397638,34.862799],[137.397887,34.862929],[137.397722,34.863336],[137.397236,34.864344],[137.397065,34.864927],[137.396931,34.865423],[137.396866,34.865808],[137.396916,34.865989],[137.397018,34.866204],[137.397126,34.866437],[137.397255,34.866138],[137.39745,34.865416],[137.397568,34.864932],[137.397738,34.864482],[137.397954,34.864142],[137.398195,34.863892],[137.398313,34.863758],[137.39834,34.863581],[137.398355,34.863366],[137.398593,34.863154],[137.399089,34.862802],[137.399461,34.862457],[137.39966,34.862262],[137.399752,34.862159],[137.399703,34.862086],[137.399825,34.861997],[137.399797,34.861836],[137.399819,34.861736],[137.399998,34.861604],[137.400148,34.861446],[137.400232,34.861348],[137.40026,34.861171]]]}},{"type":"Feature","id":"232071430","properties":{"KEY_CODE":"232071430","PREF":"23","CITY":"207","S_AREA":"143000","PREF_NAME":"愛知県","CITY_NAME":"豊川市","S_NAME":"足山田町","HCODE":8101,"AREA":1272759.968,"KIGO_E":"","JINKO":354,"SETAI":102,"X_CODE":137.405961,"Y_CODE":34.867109},"geometry":{"type":"Polygon","coordinates":[[[137.412927,34.876561],[137.412951,34.876114],[137.412981,34.875667],[137.413509,34.875375],[137.413004,34.874454],[137.412921,34.87434],[137.413267,34.874091],[137.413432,34.873874],[137.413491,34.873874],[137.413501,34.873796],[137.413504,34.873797],[137.413536,34.873666],[137.413593,34.873656],[137.413588,34.873578],[137.41366,34.873075],[137.413981,34.873093],[137.41411,34.872377],[137.414715,34.872229],[137.414689,34.871838],[137.415148,34.87181],[137.415333,34.871077],[137.415354,34.871035],[137.41582,34.871105],[137.415753,34.870696],[137.415686,34.870353],[137.415697,34.870064],[137.415725,34.869537],[137.415756,34.86908],[137.415825,34.868472],[137.414025,34.86864],[137.413996,34.868766],[137.410783,34.869018],[137.410528,34.869096],[137.410448,34.86899],[137.41039,34.868933],[137.410231,34.868818],[137.410838,34.868516],[137.410356,34.867666],[137.409455,34.865995],[137.409062,34.865397],[137.408564,34.864955],[137.408106,34.864607],[137.407881,34.86444],[137.407616,34.864136],[137.407207,34.863661],[137.406521,34.862666],[137.406326,34.862726],[137.40603,34.862341],[137.405867,34.862111],[137.404672,34.861199],[137.404562,34.861116],[137.404536,34.860643],[137.404899,34.86],[137.405036,34.860059],[137.40523,34.859894],[137.405115,34.859663],[137.405293,34.859251],[137.405372,34.859066],[137.405657,34.858314],[137.405624,34.858313],[137.404222,34.858424],[137.401336,34.858692],[137.401758,34.860573],[137.40153,34.860695],[137.401013,34.861015],[137.400866,34.861015],[137.400696,34.861007],[137.40026,34.861171],[137.400232,34.861348],[137.400148,34.861446],[137.399998,34.861604],[137.399819,34.861736],[137.399797,34.861836],[137.399825,34.861997],[137.399703,34.862086],[137.399752,34.862159],[137.39966,34.862262],[137.399461,34.862457],[137.399089,34.862802],[137.398593,34.863154],[137.398355,34.863366],[137.39834,34.863581],[137.398313,34.863758],[137.398195,34.863892],[137.397954,34.864142],[137.397738,34.864482],[137.397568,34.864932],[137.39745,34.865416],[137.397255,34.866138],[137.397126,34.866437],[137.396618,34.868479],[137.396807,34.868668],[137.397084,34.868925],[137.397268,34.869157],[137.397356,34.869167],[137.397621,34.869108],[137.397928,34.869117],[137.398169,34.869015],[137.399239,34.868521],[137.400021,34.86815],[137.400062,34.868277],[137.40009,34.868328],[137.400321,34.86852],[137.400619,34.868795],[137.403028,34.867992],[137.403313,34.868081],[137.404745,34.867597],[137.405457,34.869097],[137.406147,34.868856],[137.406228,34.869006],[137.406336,34.869133],[137.406733,34.869484],[137.406965,34.869662],[137.407075,34.869715],[137.407483,34.86983],[137.407659,34.869899],[137.407818,34.869996],[137.408162,34.870237],[137.408509,34.870516],[137.408767,34.870798],[137.408913,34.871048],[137.409179,34.87162],[137.409308,34.872216],[137.409392,34.872392],[137.409478,34.872494],[137.409567,34.872578],[137.409762,34.872686],[137.409946,34.872756],[137.410348,34.872845],[137.410492,34.872894],[137.410608,34.872965],[137.410735,34.873097],[137.411063,34.87361],[137.411533,34.874395],[137.411546,34.874467],[137.411545,34.874532],[137.411466,34.874842],[137.411413,34.874947],[137.411352,34.875042],[137.411288,34.875107],[137.411002,34.875351],[137.41091,34.875462],[137.410834,34.875585],[137.410767,34.875739],[137.410695,34.875965],[137.410048,34.875957],[137.409937,34.875973],[137.409862,34.875974],[137.409798,34.875959],[137.409675,34.875905],[137.409577,34.875909],[137.408776,34.876124],[137.408718,34.876163],[137.408715,34.876188],[137.408734,34.876207],[137.408844,34.876275],[137.408936,34.87638],[137.40898,34.876405],[137.409038,34.87642],[137.409107,34.876427],[137.40957,34.876376],[137.41021,34.876362],[137.41024,34.876369],[137.410496,34.876579],[137.410548,34.876611],[137.410701,34.876655],[137.410694,34.876729],[137.41065,34.876794],[137.410553,34.876865],[137.410418,34.87691],[137.410182,34.876958],[137.410091,34.877008],[137.409905,34.877172],[137.411224,34.878145],[137.411301,34.878036],[137.411405,34.877817],[137.411881,34.877423],[137.41226,34.877237],[137.412976,34.877085],[137.412927,34.876561]]]}},{"type":"Feature","id":"232071440","properties":{"KEY_CODE":"232071440","PREF":"23","CITY":"207","S_AREA":"144000","PREF_NAME":"愛知県","CITY_NAME":"豊川市","S_NAME":"豊津町","HCODE":8101,"AREA":1408201.027,"KIGO_E":"","JINKO":867,"SETAI":270,"X_CODE":137.43197,"Y_CODE":34.849312},"geometry":{"type":"Polygon","coordinates":[[[137.432624,34.856049],[137.4329,34.855981],[137.433073,34.855924],[137.433206,34.855858],[137.433397,34.855733],[137.433972,34.855337],[137.434194,34.855158],[137.434656,34.855134],[137.434688,34.855125],[137.434712,34.855103],[137.434741,34.854957],[137.434766,34.85493],[137.434811,34.854919],[137.43539,34.854881],[137.435376,34.854636],[137.435547,34.854363],[137.436009,34.854369],[137.436695,34.854283],[137.436906,34.854379],[137.436952,34.854522],[137.438594,34.854371],[137.43888,34.853736],[137.438889,34.852091],[137.438866,34.850203],[137.43816,34.847535],[137.437992,34.847153],[137.437916,34.84698],[137.437736,34.846536],[137.437497,34.845844],[137.43712,34.84521],[137.436721,34.84484],[137.436018,34.844428],[137.435435,34.844135],[137.434973,34.843958],[137.434608,34.843798],[137.433875,34.843656],[137.433506,34.843568],[137.432901,34.843453],[137.432587,34.843361],[137.432075,34.84316],[137.431423,34.843074],[137.429755,34.843132],[137.428946,34.843158],[137.428427,34.843169],[137.428394,34.843419],[137.428253,34.844371],[137.427034,34.844746],[137.426833,34.844814],[137.426438,34.844836],[137.426245,34.844856],[137.426056,34.844939],[137.426215,34.845225],[137.425086,34.846186],[137.424938,34.84627],[137.424797,34.846332],[137.424271,34.846506],[137.424318,34.846693],[137.424302,34.84681],[137.424262,34.846898],[137.424214,34.846952],[137.423936,34.847163],[137.424765,34.847653],[137.424309,34.848249],[137.423773,34.848739],[137.42344,34.848902],[137.423736,34.849156],[137.423918,34.849309],[137.424065,34.849403],[137.424498,34.849691],[137.424399,34.849807],[137.424423,34.849875],[137.424473,34.849943],[137.424615,34.85005],[137.424731,34.850117],[137.424828,34.850159],[137.425004,34.850215],[137.425243,34.850345],[137.425319,34.850415],[137.425444,34.850536],[137.425588,34.850672],[137.425696,34.850741],[137.425737,34.850785],[137.425795,34.850873],[137.425896,34.850956],[137.426019,34.85102],[137.426627,34.851524],[137.42675,34.851668],[137.42682,34.851767],[137.426922,34.852029],[137.427054,34.852289],[137.427137,34.852509],[137.427171,34.852569],[137.4273,34.852782],[137.427312,34.852859],[137.427339,34.852931],[137.42746,34.853082],[137.427611,34.853228],[137.427718,34.853308],[137.428073,34.853572],[137.428183,34.853638],[137.428368,34.853742],[137.428664,34.853823],[137.429164,34.854123],[137.429472,34.854367],[137.429724,34.854546],[137.429949,34.854727],[137.430218,34.854965],[137.430691,34.855407],[137.43098,34.855791],[137.431051,34.85585],[137.431544,34.856064],[137.431882,34.856002],[137.431934,34.856207],[137.432624,34.856049]]]}},{"type":"Feature","id":"232071450","properties":{"KEY_CODE":"232071450","PREF":"23","CITY":"207","S_AREA":"145000","PREF_NAME":"愛知県","CITY_NAME":"豊川市","S_NAME":"金沢町","HCODE":8101,"AREA":2876716.24,"KIGO_E":"","JINKO":846,"SETAI":262,"X_CODE":137.449897,"Y_CODE":34.853388},"geometry":{"type":"Polygon","coordinates":[[[137.453214,34.862061],[137.453529,34.861378],[137.454288,34.861631],[137.454548,34.861719],[137.454721,34.861752],[137.455212,34.861822],[137.455798,34.861894],[137.4564,34.861979],[137.456799,34.862045],[137.457049,34.861844],[137.457335,34.861566],[137.45764,34.861268],[137.457735,34.861191],[137.457925,34.861104],[137.458239,34.860968],[137.45855,34.860854],[137.459009,34.860686],[137.459143,34.860633],[137.459249,34.860542],[137.459381,34.860373],[137.459486,34.860253],[137.459801,34.859992],[137.459864,34.859903],[137.459906,34.859827],[137.459954,34.85958],[137.459988,34.85948],[137.460033,34.859405],[137.460218,34.859226],[137.460513,34.858992],[137.460661,34.858898],[137.460851,34.858798],[137.461002,34.858733],[137.461129,34.858685],[137.461205,34.858641],[137.461096,34.858507],[137.461096,34.858349],[137.461204,34.857291],[137.461219,34.857137],[137.461185,34.856967],[137.46116,34.856819],[137.461107,34.856706],[137.461054,34.856612],[137.460956,34.856525],[137.460838,34.856459],[137.460724,34.856389],[137.460638,34.856332],[137.460534,34.856208],[137.460244,34.855892],[137.46019,34.855815],[137.460185,34.855734],[137.460225,34.855554],[137.460318,34.855352],[137.460411,34.855149],[137.460603,34.854981],[137.460775,34.854688],[137.460805,34.854373],[137.460826,34.854066],[137.460921,34.853625],[137.460899,34.853502],[137.460857,34.853448],[137.460819,34.853389],[137.460738,34.853265],[137.460637,34.853109],[137.460501,34.852967],[137.460382,34.852806],[137.460275,34.852668],[137.460148,34.852491],[137.460002,34.852214],[137.45992,34.852051],[137.459774,34.851796],[137.459671,34.851614],[137.459625,34.851551],[137.459513,34.851451],[137.459439,34.851371],[137.459128,34.851097],[137.458961,34.850939],[137.458825,34.850804],[137.458666,34.850663],[137.458473,34.850479],[137.458082,34.850118],[137.457839,34.849845],[137.45769,34.8497],[137.457557,34.84961],[137.457404,34.849476],[137.457215,34.84925],[137.456955,34.848892],[137.456755,34.848667],[137.456611,34.848451],[137.456491,34.848259],[137.456462,34.848175],[137.456429,34.848012],[137.456367,34.847911],[137.456239,34.847824],[137.456009,34.847662],[137.455799,34.84751],[137.455635,34.847426],[137.455406,34.847344],[137.453994,34.846907],[137.453585,34.846804],[137.452794,34.846494],[137.452736,34.846474],[137.451672,34.846089],[137.451513,34.846003],[137.451463,34.845985],[137.451258,34.845955],[137.451075,34.845926],[137.450986,34.846048],[137.450966,34.846042],[137.450908,34.846028],[137.450682,34.845986],[137.450432,34.845939],[137.450145,34.845857],[137.449641,34.845686],[137.448879,34.845344],[137.447614,34.844726],[137.446281,34.844365],[137.445917,34.844386],[137.44552,34.844449],[137.445247,34.844533],[137.445067,34.844614],[137.445017,34.844637],[137.444951,34.844684],[137.444857,34.844778],[137.444549,34.845048],[137.444078,34.845338],[137.443576,34.8456],[137.442991,34.845746],[137.442195,34.846055],[137.441622,34.846394],[137.441092,34.846813],[137.440583,34.847331],[137.440332,34.84759],[137.440265,34.847659],[137.440094,34.847524],[137.439968,34.847403],[137.439797,34.847208],[137.439699,34.84712],[137.439614,34.847087],[137.439529,34.847064],[137.439346,34.847051],[137.439107,34.847075],[137.438886,34.847094],[137.438653,34.847107],[137.438458,34.847115],[137.438288,34.847126],[137.437992,34.847153],[137.43816,34.847535],[137.438866,34.850203],[137.438889,34.852091],[137.43888,34.853736],[137.438594,34.854371],[137.439141,34.855427],[137.439501,34.855435],[137.440159,34.856904],[137.440055,34.857473],[137.440791,34.857366],[137.441049,34.857769],[137.441666,34.85759],[137.444593,34.85676],[137.445929,34.858016],[137.446728,34.858751],[137.447523,34.859508],[137.447872,34.859253],[137.448603,34.859942],[137.448378,34.860246],[137.449118,34.860848],[137.44933,34.861046],[137.452129,34.863719],[137.452583,34.863959],[137.452718,34.863783],[137.452494,34.863675],[137.45266,34.863286],[137.452939,34.862682],[137.453214,34.862061]]]}},{"type":"Feature","id":"232071460","properties":{"KEY_CODE":"232071460","PREF":"23","CITY":"207","S_AREA":"146000","PREF_NAME":"愛知県","CITY_NAME":"豊川市","S_NAME":"橋尾町","HCODE":8101,"AREA":432592.281,"KIGO_E":"","JINKO":165,"SETAI":46,"X_CODE":137.422304,"Y_CODE":34.842672},"geometry":{"type":"Polygon","coordinates":[[[137.425086,34.846186],[137.426215,34.845225],[137.426056,34.844939],[137.426245,34.844856],[137.426438,34.844836],[137.426833,34.844814],[137.427034,34.844746],[137.428253,34.844371],[137.428394,34.843419],[137.428427,34.843169],[137.428292,34.843172],[137.427786,34.843212],[137.427398,34.843298],[137.427098,34.843283],[137.426572,34.843182],[137.424868,34.842827],[137.424449,34.842595],[137.423943,34.842188],[137.423457,34.841441],[137.423092,34.840824],[137.422805,34.840169],[137.422781,34.840064],[137.422727,34.839829],[137.422703,34.83935],[137.422822,34.83904],[137.42285,34.838966],[137.422207,34.838708],[137.421993,34.838853],[137.421926,34.838892],[137.421876,34.838882],[137.421776,34.838712],[137.421788,34.838012],[137.420766,34.837908],[137.420612,34.838792],[137.420535,34.838783],[137.420474,34.838671],[137.420379,34.838621],[137.420318,34.838602],[137.420089,34.83887],[137.419829,34.839137],[137.419268,34.839067],[137.41911,34.840072],[137.419107,34.840089],[137.419089,34.840188],[137.418457,34.840127],[137.41836,34.840962],[137.417698,34.840912],[137.417641,34.841518],[137.417642,34.841867],[137.417725,34.842171],[137.418098,34.842692],[137.41822,34.842925],[137.418357,34.843049],[137.418449,34.843089],[137.41855,34.843209],[137.419454,34.843786],[137.419632,34.843923],[137.419853,34.844096],[137.419973,34.844216],[137.420316,34.844628],[137.420603,34.845161],[137.421688,34.844657],[137.42277,34.846234],[137.422863,34.846353],[137.422954,34.846457],[137.423325,34.846793],[137.424127,34.846408],[137.424271,34.846506],[137.424797,34.846332],[137.424938,34.84627],[137.425086,34.846186]]]}},{"type":"Feature","id":"232071470","properties":{"KEY_CODE":"232071470","PREF":"23","CITY":"207","S_AREA":"147000","PREF_NAME":"愛知県","CITY_NAME":"豊川市","S_NAME":"御津町上佐脇","HCODE":8101,"AREA":1325233.129,"KIGO_E":"","JINKO":502,"SETAI":164,"X_CODE":137.336004,"Y_CODE":34.815452},"geometry":{"type":"Polygon","coordinates":[[[137.336588,34.82266],[137.337167,34.821945],[137.337288,34.821784],[137.338083,34.820992],[137.339995,34.819045],[137.340004,34.819036],[137.341868,34.81713],[137.342557,34.816422],[137.342835,34.816134],[137.342944,34.815997],[137.34327,34.815403],[137.343321,34.815436],[137.343623,34.815019],[137.343713,34.815018],[137.343877,34.815019],[137.34397,34.81502],[137.343955,34.814716],[137.343846,34.814627],[137.343733,34.81456],[137.343771,34.8144],[137.343892,34.814148],[137.343799,34.814077],[137.343604,34.813929],[137.343434,34.81378],[137.343218,34.813602],[137.343145,34.813547],[137.343061,34.813505],[137.342943,34.813475],[137.342865,34.813422],[137.342753,34.813313],[137.342658,34.813218],[137.342595,34.813127],[137.342581,34.813088],[137.342598,34.813054],[137.342731,34.812957],[137.34273,34.812919],[137.342647,34.812762],[137.342612,34.81273],[137.342543,34.812761],[137.34249,34.812766],[137.342396,34.812694],[137.342341,34.81263],[137.342363,34.812564],[137.342369,34.812547],[137.342676,34.81193],[137.341075,34.810775],[137.340133,34.810115],[137.338313,34.808807],[137.338028,34.809661],[137.337754,34.809567],[137.337632,34.80953],[137.337649,34.809395],[137.337769,34.80935],[137.337754,34.809178],[137.337626,34.809186],[137.337477,34.809149],[137.337337,34.809131],[137.337214,34.809125],[137.337093,34.809061],[137.336962,34.808953],[137.336814,34.808821],[137.334362,34.811141],[137.332999,34.810214],[137.331783,34.811435],[137.329846,34.813367],[137.329068,34.813001],[137.329027,34.813079],[137.329005,34.813195],[137.329095,34.813369],[137.329198,34.813516],[137.329295,34.813683],[137.3294,34.813855],[137.329547,34.813962],[137.329723,34.814055],[137.329818,34.814196],[137.329903,34.814415],[137.330034,34.814711],[137.329723,34.814773],[137.329216,34.814813],[137.329135,34.814957],[137.329015,34.815217],[137.328866,34.815492],[137.328697,34.815597],[137.328449,34.815679],[137.328264,34.815784],[137.328241,34.8159],[137.328253,34.816052],[137.328178,34.816347],[137.328328,34.816459],[137.32826,34.816775],[137.328179,34.816865],[137.327987,34.816944],[137.327865,34.817116],[137.327606,34.817429],[137.328372,34.81789],[137.328809,34.818036],[137.329316,34.818362],[137.330421,34.819038],[137.33082,34.819183],[137.332044,34.819801],[137.332133,34.819747],[137.332177,34.819775],[137.33267,34.820083],[137.332709,34.820121],[137.332713,34.820124],[137.332714,34.820131],[137.332748,34.820279],[137.332931,34.820747],[137.332916,34.820869],[137.332913,34.8209],[137.332975,34.820918],[137.333157,34.820985],[137.333286,34.821061],[137.333688,34.821316],[137.334275,34.821702],[137.334276,34.821702],[137.334278,34.821704],[137.334303,34.821721],[137.334677,34.822036],[137.334823,34.822111],[137.334904,34.82212],[137.334972,34.822105],[137.335025,34.822067],[137.335071,34.822016],[137.335192,34.821885],[137.335261,34.821826],[137.335338,34.82182],[137.335402,34.821879],[137.335474,34.821937],[137.335559,34.821979],[137.335634,34.822017],[137.335689,34.822088],[137.335693,34.822188],[137.33575,34.822302],[137.33581,34.822368],[137.336018,34.822513],[137.336258,34.822484],[137.336588,34.82266]]]}},{"type":"Feature","id":"232071480","properties":{"KEY_CODE":"232071480","PREF":"23","CITY":"207","S_AREA":"148000","PREF_NAME":"愛知県","CITY_NAME":"豊川市","S_NAME":"御津町下佐脇","HCODE":8101,"AREA":2708995.834,"KIGO_E":"","JINKO":2389,"SETAI":870,"X_CODE":137.327173,"Y_CODE":34.803661},"geometry":{"type":"Polygon","coordinates":[[[137.327918,34.816437],[137.328055,34.816279],[137.328178,34.816347],[137.328253,34.816052],[137.328241,34.8159],[137.328264,34.815784],[137.328449,34.815679],[137.328697,34.815597],[137.328866,34.815492],[137.329015,34.815217],[137.329135,34.814957],[137.329216,34.814813],[137.329723,34.814773],[137.330034,34.814711],[137.329903,34.814415],[137.329818,34.814196],[137.329723,34.814055],[137.329547,34.813962],[137.3294,34.813855],[137.329295,34.813683],[137.329198,34.813516],[137.329095,34.813369],[137.329005,34.813195],[137.329027,34.813079],[137.329068,34.813001],[137.329846,34.813367],[137.331783,34.811435],[137.332999,34.810214],[137.334362,34.811141],[137.336814,34.808821],[137.336962,34.808953],[137.337093,34.809061],[137.337214,34.809125],[137.337337,34.809131],[137.337477,34.809149],[137.337626,34.809186],[137.337754,34.809178],[137.337769,34.80935],[137.337649,34.809395],[137.337632,34.80953],[137.337754,34.809567],[137.338028,34.809661],[137.338313,34.808807],[137.337801,34.80845],[137.337735,34.807691],[137.337658,34.80701],[137.337462,34.805012],[137.337405,34.804463],[137.337401,34.804424],[137.337369,34.804005],[137.33557,34.804119],[137.33439,34.804189],[137.334182,34.804223],[137.333701,34.804255],[137.332932,34.8043],[137.332696,34.804314],[137.332613,34.804303],[137.33254,34.804276],[137.332409,34.804159],[137.332216,34.804],[137.332028,34.803791],[137.331835,34.803527],[137.331809,34.803493],[137.332475,34.80298],[137.333072,34.802587],[137.333651,34.802282],[137.333625,34.802053],[137.333694,34.801977],[137.333774,34.801832],[137.334189,34.801478],[137.334036,34.801243],[137.334031,34.801049],[137.334041,34.800971],[137.334065,34.800909],[137.334076,34.800819],[137.334001,34.800706],[137.333988,34.800667],[137.333977,34.800622],[137.333989,34.80052],[137.334072,34.800235],[137.334077,34.800201],[137.334066,34.800181],[137.333882,34.800122],[137.333738,34.800052],[137.333464,34.79982],[137.333316,34.799696],[137.333219,34.799654],[137.333078,34.79955],[137.332936,34.799456],[137.33272,34.799399],[137.332623,34.799175],[137.332472,34.798947],[137.332454,34.798908],[137.332383,34.798753],[137.33231,34.798511],[137.332289,34.798231],[137.332283,34.798235],[137.332296,34.798121],[137.332158,34.797923],[137.331937,34.79773],[137.331476,34.797663],[137.331294,34.797667],[137.331127,34.797467],[137.331113,34.797471],[137.331076,34.797466],[137.331052,34.797454],[137.330952,34.797367],[137.330766,34.797258],[137.330174,34.796945],[137.329696,34.796728],[137.329682,34.796719],[137.3296,34.796694],[137.329502,34.79672],[137.329344,34.796582],[137.329267,34.796535],[137.329015,34.796389],[137.326262,34.794058],[137.324846,34.792871],[137.324719,34.792764],[137.32461,34.792655],[137.324489,34.79247],[137.32424,34.792156],[137.324381,34.792082],[137.324412,34.792034],[137.324453,34.791721],[137.324688,34.790224],[137.324569,34.79005],[137.324391,34.789758],[137.323886,34.789955],[137.323096,34.790302],[137.32259,34.790436],[137.322223,34.790576],[137.321708,34.790692],[137.321328,34.790762],[137.320799,34.790891],[137.320043,34.791083],[137.31937,34.791185],[137.31908,34.791351],[137.318563,34.791724],[137.318392,34.7919],[137.318274,34.792078],[137.318143,34.79231],[137.318039,34.792577],[137.317918,34.792927],[137.319752,34.79424],[137.320465,34.793561],[137.321774,34.79443],[137.322103,34.793901],[137.322958,34.794399],[137.321343,34.79585],[137.321223,34.795763],[137.321132,34.795858],[137.32087,34.795697],[137.31887,34.797583],[137.318363,34.797239],[137.317753,34.797842],[137.317956,34.797991],[137.318366,34.798326],[137.318693,34.79867],[137.318907,34.79889],[137.319188,34.79925],[137.319626,34.799667],[137.320154,34.800136],[137.320478,34.800361],[137.320796,34.800605],[137.321053,34.800852],[137.321259,34.801069],[137.321349,34.801229],[137.321389,34.80139],[137.321389,34.801541],[137.321328,34.801761],[137.321185,34.802016],[137.321031,34.802336],[137.321002,34.802566],[137.321084,34.802746],[137.32127,34.802966],[137.321486,34.803292],[137.321829,34.80377],[137.322006,34.804017],[137.322723,34.805346],[137.322753,34.805588],[137.322714,34.805761],[137.322608,34.805875],[137.322475,34.805952],[137.32208,34.806139],[137.321458,34.806466],[137.32126,34.806595],[137.321093,34.806778],[137.320941,34.807095],[137.320844,34.807359],[137.320778,34.80766],[137.320755,34.808052],[137.320777,34.808312],[137.320859,34.808487],[137.320956,34.808619],[137.321075,34.808701],[137.321161,34.808824],[137.321387,34.809166],[137.321717,34.809965],[137.322019,34.810776],[137.322115,34.811216],[137.322157,34.811374],[137.322176,34.811952],[137.322189,34.812229],[137.323928,34.81325],[137.323492,34.813736],[137.324693,34.814449],[137.325222,34.81474],[137.326342,34.815413],[137.327165,34.815918],[137.327612,34.816194],[137.327918,34.816437]]]}},{"type":"Feature","id":"232071490","properties":{"KEY_CODE":"232071490","PREF":"23","CITY":"207","S_AREA":"149000","PREF_NAME":"愛知県","CITY_NAME":"豊川市","S_NAME":"御津町下佐脇新田","HCODE":8101,"AREA":161796.201,"KIGO_E":"","JINKO":59,"SETAI":20,"X_CODE":137.31909,"Y_CODE":34.795384},"geometry":{"type":"Polygon","coordinates":[[[137.317753,34.797842],[137.318363,34.797239],[137.31887,34.797583],[137.32087,34.795697],[137.321132,34.795858],[137.321223,34.795763],[137.321343,34.79585],[137.322958,34.794399],[137.322103,34.793901],[137.321774,34.79443],[137.320465,34.793561],[137.319752,34.79424],[137.317918,34.792927],[137.316328,34.79668],[137.316655,34.79704],[137.31712,34.797404],[137.317753,34.797842]]]}},{"type":"Feature","id":"232071500","properties":{"KEY_CODE":"232071500","PREF":"23","CITY":"207","S_AREA":"150000","PREF_NAME":"愛知県","CITY_NAME":"豊川市","S_NAME":"御津町御馬","HCODE":8101,"AREA":1094072.311,"KIGO_E":"","JINKO":2402,"SETAI":898,"X_CODE":137.316923,"Y_CODE":34.804771},"geometry":{"type":"Polygon","coordinates":[[[137.320797,34.812464],[137.320976,34.812292],[137.321283,34.812458],[137.321585,34.812201],[137.32183,34.812242],[137.322172,34.812219],[137.322189,34.812229],[137.322176,34.811952],[137.322157,34.811374],[137.322115,34.811216],[137.322019,34.810776],[137.321717,34.809965],[137.321387,34.809166],[137.321161,34.808824],[137.321075,34.808701],[137.320956,34.808619],[137.320859,34.808487],[137.320777,34.808312],[137.320755,34.808052],[137.320778,34.80766],[137.320844,34.807359],[137.320941,34.807095],[137.321093,34.806778],[137.32126,34.806595],[137.321458,34.806466],[137.32208,34.806139],[137.322475,34.805952],[137.322608,34.805875],[137.322714,34.805761],[137.322753,34.805588],[137.322723,34.805346],[137.322006,34.804017],[137.321829,34.80377],[137.321486,34.803292],[137.32127,34.802966],[137.321084,34.802746],[137.321002,34.802566],[137.321031,34.802336],[137.321185,34.802016],[137.321328,34.801761],[137.321389,34.801541],[137.321389,34.80139],[137.321349,34.801229],[137.321259,34.801069],[137.321053,34.800852],[137.320796,34.800605],[137.320478,34.800361],[137.320154,34.800136],[137.319626,34.799667],[137.319188,34.79925],[137.318907,34.79889],[137.318693,34.79867],[137.318366,34.798326],[137.317956,34.797991],[137.317753,34.797842],[137.31712,34.797404],[137.316655,34.79704],[137.316328,34.79668],[137.31613,34.797183],[137.316099,34.797228],[137.316042,34.797276],[137.315931,34.797344],[137.315828,34.797402],[137.315796,34.797428],[137.315753,34.797473],[137.315675,34.797572],[137.315645,34.797604],[137.315626,34.797618],[137.315608,34.797626],[137.315535,34.797636],[137.315395,34.79767],[137.31516,34.797688],[137.315046,34.797675],[137.314747,34.7976],[137.314501,34.797552],[137.314452,34.797554],[137.314374,34.797572],[137.31436,34.797575],[137.31436,34.79759],[137.314374,34.797593],[137.314437,34.797601],[137.314689,34.797686],[137.314832,34.797723],[137.315114,34.797784],[137.315403,34.797838],[137.315486,34.797859],[137.315534,34.797879],[137.31557,34.797913],[137.315573,34.797922],[137.315579,34.797997],[137.315573,34.798025],[137.315579,34.798071],[137.315614,34.798162],[137.315614,34.79817],[137.31562,34.798201],[137.315621,34.798284],[137.315608,34.798416],[137.315615,34.798527],[137.315613,34.798549],[137.315594,34.798584],[137.31559,34.79859],[137.315581,34.798595],[137.315553,34.798603],[137.315534,34.798615],[137.315517,34.798633],[137.315509,34.798649],[137.315444,34.798911],[137.315347,34.799151],[137.315193,34.79953],[137.315147,34.799642],[137.315125,34.799674],[137.315111,34.799695],[137.314903,34.799962],[137.314604,34.800261],[137.3145,34.800346],[137.314478,34.800355],[137.31445,34.80036],[137.314416,34.80036],[137.314309,34.800341],[137.314141,34.800289],[137.313877,34.800199],[137.313245,34.799992],[137.313233,34.800012],[137.313128,34.800177],[137.312785,34.800045],[137.312774,34.800067],[137.313184,34.800223],[137.313187,34.800255],[137.313227,34.800321],[137.313229,34.800336],[137.313216,34.800453],[137.313214,34.800536],[137.313159,34.80078],[137.313035,34.801036],[137.312883,34.801423],[137.312834,34.801504],[137.312789,34.801598],[137.312702,34.80175],[137.3127,34.801752],[137.312289,34.802358],[137.312242,34.802439],[137.312166,34.802551],[137.31198,34.802825],[137.311792,34.803083],[137.311641,34.803311],[137.311632,34.803323],[137.31152,34.803469],[137.311284,34.803742],[137.311274,34.80378],[137.311274,34.803809],[137.311282,34.803897],[137.311218,34.804032],[137.3111,34.804175],[137.31109,34.804186],[137.311061,34.80422],[137.310936,34.804368],[137.310554,34.804722],[137.310502,34.80477],[137.310455,34.804833],[137.310376,34.804917],[137.3103,34.805016],[137.310073,34.805216],[137.309987,34.805285],[137.309515,34.805603],[137.309296,34.805751],[137.309245,34.805793],[137.309241,34.805796],[137.309961,34.806407],[137.310487,34.806772],[137.310943,34.806967],[137.3123,34.80773],[137.312652,34.807943],[137.312975,34.808168],[137.313324,34.808355],[137.313533,34.808498],[137.313603,34.808598],[137.313731,34.808696],[137.314327,34.809021],[137.314733,34.809118],[137.315526,34.809365],[137.316059,34.809522],[137.31606,34.809646],[137.316197,34.809781],[137.316529,34.809923],[137.316538,34.809927],[137.316738,34.809929],[137.316915,34.809945],[137.317133,34.809972],[137.317297,34.809996],[137.317637,34.810102],[137.318134,34.810242],[137.318204,34.810261],[137.318384,34.810308],[137.318671,34.810364],[137.318889,34.810392],[137.319724,34.811117],[137.319328,34.811478],[137.319766,34.811771],[137.320025,34.811938],[137.320529,34.812164],[137.320458,34.812246],[137.320797,34.812464]]]}},{"type":"Feature","id":"232071510","properties":{"KEY_CODE":"232071510","PREF":"23","CITY":"207","S_AREA":"151000","PREF_NAME":"愛知県","CITY_NAME":"豊川市","S_NAME":"御津町西方","HCODE":8101,"AREA":648973.803,"KIGO_E":"","JINKO":2488,"SETAI":1022,"X_CODE":137.313696,"Y_CODE":34.811194},"geometry":{"type":"Polygon","coordinates":[[[137.31606,34.816913],[137.316199,34.816664],[137.316304,34.816707],[137.31642,34.816505],[137.316672,34.816293],[137.316694,34.816265],[137.317016,34.815871],[137.317571,34.815289],[137.318361,34.814484],[137.318697,34.814087],[137.318748,34.814019],[137.318968,34.813772],[137.31902,34.813721],[137.319166,34.813575],[137.319348,34.813481],[137.320414,34.812218],[137.320458,34.812246],[137.320529,34.812164],[137.320025,34.811938],[137.319766,34.811771],[137.319328,34.811478],[137.319724,34.811117],[137.318889,34.810392],[137.318671,34.810364],[137.318384,34.810308],[137.318204,34.810261],[137.318134,34.810242],[137.317637,34.810102],[137.317297,34.809996],[137.317133,34.809972],[137.316915,34.809945],[137.316738,34.809929],[137.316538,34.809927],[137.316529,34.809923],[137.316197,34.809781],[137.31606,34.809646],[137.316059,34.809522],[137.315526,34.809365],[137.314733,34.809118],[137.314327,34.809021],[137.313731,34.808696],[137.313603,34.808598],[137.313533,34.808498],[137.313324,34.808355],[137.312975,34.808168],[137.312652,34.807943],[137.3123,34.80773],[137.310943,34.806967],[137.310487,34.806772],[137.309961,34.806407],[137.309241,34.805796],[137.30918,34.805845],[137.309114,34.805896],[137.309018,34.80594],[137.308983,34.805951],[137.308959,34.805956],[137.308914,34.805959],[137.308857,34.805962],[137.308792,34.805965],[137.308765,34.805965],[137.308739,34.805952],[137.308662,34.805892],[137.308533,34.805812],[137.308503,34.805807],[137.308481,34.805804],[137.308457,34.805816],[137.308504,34.806005],[137.308587,34.806144],[137.308593,34.80617],[137.308601,34.806257],[137.308595,34.80628],[137.308582,34.806294],[137.308544,34.806324],[137.308332,34.806458],[137.308277,34.806486],[137.30824,34.806497],[137.308112,34.80656],[137.307926,34.806625],[137.307893,34.806641],[137.307845,34.806675],[137.307815,34.80672],[137.307805,34.806725],[137.307772,34.806743],[137.307675,34.80676],[137.307607,34.80678],[137.307511,34.806825],[137.307377,34.806858],[137.307285,34.806887],[137.307239,34.806883],[137.307161,34.806878],[137.307073,34.80688],[137.307062,34.80688],[137.306927,34.806863],[137.306872,34.806859],[137.306822,34.806849],[137.306786,34.806839],[137.30676,34.806826],[137.306736,34.806802],[137.306726,34.806794],[137.306714,34.80679],[137.306663,34.806785],[137.306565,34.806783],[137.306483,34.806774],[137.306409,34.806774],[137.306104,34.806774],[137.306057,34.806775],[137.306031,34.80678],[137.305976,34.806798],[137.305777,34.806844],[137.305581,34.806884],[137.305673,34.807343],[137.305864,34.807776],[137.306284,34.808771],[137.306396,34.809085],[137.306491,34.809231],[137.306585,34.809317],[137.306705,34.809364],[137.306761,34.809371],[137.308338,34.808539],[137.310117,34.810171],[137.309913,34.810334],[137.309749,34.810498],[137.310926,34.811567],[137.311473,34.812063],[137.312171,34.812693],[137.312662,34.812332],[137.313362,34.812971],[137.31269,34.813469],[137.312992,34.813582],[137.313758,34.813874],[137.314059,34.814043],[137.313909,34.814325],[137.313759,34.814496],[137.313539,34.814672],[137.313741,34.814851],[137.313832,34.814893],[137.313839,34.814934],[137.313902,34.815022],[137.313979,34.81508],[137.314608,34.815473],[137.314431,34.8158],[137.314098,34.815733],[137.313859,34.815707],[137.313713,34.815718],[137.313609,34.815742],[137.313531,34.815774],[137.313475,34.815993],[137.313571,34.816196],[137.313688,34.816183],[137.313793,34.81619],[137.313877,34.816216],[137.313967,34.816252],[137.314088,34.816328],[137.314195,34.816369],[137.314263,34.816378],[137.314409,34.816166],[137.314809,34.816424],[137.31484,34.816492],[137.314895,34.8167],[137.314959,34.817058],[137.315043,34.817263],[137.315292,34.817587],[137.315571,34.817806],[137.315868,34.817962],[137.315981,34.817805],[137.315921,34.817772],[137.316019,34.817396],[137.316088,34.817129],[137.316127,34.816949],[137.31606,34.816913]]]}},{"type":"Feature","id":"232071520","properties":{"KEY_CODE":"232071520","PREF":"23","CITY":"207","S_AREA":"152000","PREF_NAME":"愛知県","CITY_NAME":"豊川市","S_NAME":"御津町泙野","HCODE":8101,"AREA":524508.213,"KIGO_E":"","JINKO":509,"SETAI":163,"X_CODE":137.309062,"Y_CODE":34.81313},"geometry":{"type":"Polygon","coordinates":[[[137.310797,34.815359],[137.311028,34.815329],[137.311213,34.815367],[137.311562,34.815544],[137.311718,34.815618],[137.311966,34.815765],[137.31227,34.815877],[137.312439,34.815912],[137.312601,34.816115],[137.312687,34.816327],[137.312767,34.816533],[137.312843,34.81669],[137.313033,34.816969],[137.313349,34.817301],[137.313567,34.817536],[137.313988,34.817404],[137.314297,34.817271],[137.314553,34.817083],[137.314754,34.816868],[137.314895,34.8167],[137.31484,34.816492],[137.314809,34.816424],[137.314409,34.816166],[137.314263,34.816378],[137.314195,34.816369],[137.314088,34.816328],[137.313967,34.816252],[137.313877,34.816216],[137.313793,34.81619],[137.313688,34.816183],[137.313571,34.816196],[137.313475,34.815993],[137.313531,34.815774],[137.313609,34.815742],[137.313713,34.815718],[137.313859,34.815707],[137.314098,34.815733],[137.314431,34.8158],[137.314608,34.815473],[137.313979,34.81508],[137.313902,34.815022],[137.313839,34.814934],[137.313832,34.814893],[137.313741,34.814851],[137.313539,34.814672],[137.313759,34.814496],[137.313909,34.814325],[137.314059,34.814043],[137.313758,34.813874],[137.312992,34.813582],[137.31269,34.813469],[137.313362,34.812971],[137.312662,34.812332],[137.312171,34.812693],[137.311473,34.812063],[137.310926,34.811567],[137.309749,34.810498],[137.309913,34.810334],[137.310117,34.810171],[137.308338,34.808539],[137.306761,34.809371],[137.306705,34.809364],[137.306585,34.809317],[137.306491,34.809231],[137.306396,34.809085],[137.306284,34.808771],[137.305864,34.807776],[137.305673,34.807343],[137.305581,34.806884],[137.304379,34.807671],[137.30494,34.808335],[137.305131,34.808686],[137.30516,34.80885],[137.305145,34.809011],[137.30508,34.809188],[137.305034,34.809304],[137.30478,34.809569],[137.30428,34.809973],[137.304228,34.810047],[137.30421,34.810146],[137.304226,34.810248],[137.304285,34.81032],[137.304429,34.810414],[137.304541,34.810471],[137.304573,34.81051],[137.304641,34.810585],[137.304662,34.810672],[137.304682,34.811011],[137.30504,34.810903],[137.305248,34.811369],[137.304827,34.811523],[137.30523,34.812587],[137.304604,34.812741],[137.304795,34.813272],[137.304919,34.813567],[137.30558,34.813399],[137.305664,34.813645],[137.306278,34.813455],[137.306447,34.813813],[137.307533,34.813465],[137.307936,34.814325],[137.307975,34.814331],[137.308215,34.814257],[137.308269,34.814269],[137.308303,34.814302],[137.308415,34.814526],[137.308514,34.814694],[137.308741,34.814985],[137.308966,34.815156],[137.309063,34.815252],[137.309127,34.815361],[137.309099,34.815433],[137.309035,34.815526],[137.308891,34.815691],[137.308582,34.815979],[137.308281,34.816202],[137.308092,34.816381],[137.307893,34.816488],[137.307848,34.816542],[137.307701,34.816731],[137.307587,34.816947],[137.307495,34.817199],[137.307465,34.817384],[137.307465,34.817593],[137.307584,34.817868],[137.307739,34.818026],[137.307884,34.81813],[137.308134,34.818243],[137.308548,34.818372],[137.308802,34.818479],[137.309136,34.818735],[137.309481,34.818983],[137.309664,34.819089],[137.309699,34.818982],[137.309785,34.818804],[137.309809,34.818756],[137.309815,34.818742],[137.309854,34.818669],[137.309906,34.818581],[137.30994,34.81852],[137.309977,34.818458],[137.30999,34.818438],[137.310071,34.818344],[137.310309,34.818076],[137.310503,34.817845],[137.310574,34.817749],[137.310578,34.817745],[137.310578,34.817743],[137.31061,34.817687],[137.310604,34.817665],[137.31058,34.817568],[137.310574,34.817543],[137.310549,34.817432],[137.3104,34.817141],[137.310359,34.816923],[137.310479,34.816765],[137.310514,34.81646],[137.31059,34.815941],[137.310644,34.815474],[137.310797,34.815359]]]}},{"type":"Feature","id":"232071530","properties":{"KEY_CODE":"232071530","PREF":"23","CITY":"207","S_AREA":"153000","PREF_NAME":"愛知県","CITY_NAME":"豊川市","S_NAME":"御津町大草","HCODE":8101,"AREA":470166.272,"KIGO_E":"","JINKO":598,"SETAI":213,"X_CODE":137.303795,"Y_CODE":34.813388},"geometry":{"type":"Polygon","coordinates":[[[137.303368,34.817928],[137.303276,34.817668],[137.30394,34.817682],[137.304057,34.817685],[137.304276,34.817661],[137.304431,34.817609],[137.304582,34.81754],[137.304601,34.817513],[137.304582,34.817412],[137.305007,34.817307],[137.305031,34.817281],[137.305039,34.817242],[137.304992,34.817108],[137.304978,34.817028],[137.304984,34.816989],[137.305013,34.816967],[137.30528,34.816889],[137.305884,34.816795],[137.306432,34.816737],[137.307025,34.816643],[137.307218,34.816552],[137.307414,34.816512],[137.307655,34.816513],[137.307848,34.816542],[137.307893,34.816488],[137.308092,34.816381],[137.308281,34.816202],[137.308582,34.815979],[137.308891,34.815691],[137.309035,34.815526],[137.309099,34.815433],[137.309127,34.815361],[137.309063,34.815252],[137.308966,34.815156],[137.308741,34.814985],[137.308514,34.814694],[137.308415,34.814526],[137.308303,34.814302],[137.308269,34.814269],[137.308215,34.814257],[137.307975,34.814331],[137.307936,34.814325],[137.307533,34.813465],[137.306447,34.813813],[137.306278,34.813455],[137.305664,34.813645],[137.30558,34.813399],[137.304919,34.813567],[137.304795,34.813272],[137.304604,34.812741],[137.30523,34.812587],[137.304827,34.811523],[137.305248,34.811369],[137.30504,34.810903],[137.304682,34.811011],[137.304662,34.810672],[137.304641,34.810585],[137.304573,34.81051],[137.304541,34.810471],[137.304429,34.810414],[137.304285,34.81032],[137.304226,34.810248],[137.30421,34.810146],[137.304228,34.810047],[137.30428,34.809973],[137.30478,34.809569],[137.305034,34.809304],[137.30508,34.809188],[137.305145,34.809011],[137.30516,34.80885],[137.305131,34.808686],[137.30494,34.808335],[137.304379,34.807671],[137.301178,34.809682],[137.300367,34.809752],[137.300828,34.810693],[137.300891,34.810821],[137.300923,34.810889],[137.300709,34.810932],[137.300635,34.810943],[137.300739,34.81125],[137.300246,34.811507],[137.300154,34.811549],[137.300061,34.811591],[137.299858,34.811643],[137.299686,34.811685],[137.299534,34.811706],[137.299441,34.811721],[137.299316,34.812367],[137.299307,34.81243],[137.2993,34.812454],[137.299292,34.8125],[137.299413,34.812523],[137.2995,34.81256],[137.299595,34.812596],[137.299684,34.812633],[137.299802,34.812671],[137.29987,34.812689],[137.299909,34.812701],[137.299948,34.812709],[137.300173,34.812628],[137.300439,34.813549],[137.30109,34.813471],[137.30125,34.81369],[137.301483,34.814143],[137.301517,34.814247],[137.301342,34.814309],[137.301384,34.814424],[137.301828,34.815679],[137.301346,34.8158],[137.301569,34.816404],[137.301918,34.817368],[137.302566,34.817197],[137.302901,34.818062],[137.303368,34.817928]]]}},{"type":"Feature","id":"232071540","properties":{"KEY_CODE":"232071540","PREF":"23","CITY":"207","S_AREA":"154000","PREF_NAME":"愛知県","CITY_NAME":"豊川市","S_NAME":"御津町赤根","HCODE":8101,"AREA":1396045.023,"KIGO_E":"","JINKO":780,"SETAI":263,"X_CODE":137.298932,"Y_CODE":34.819301},"geometry":{"type":"Polygon","coordinates":[[[137.293381,34.825005],[137.293516,34.824825],[137.293835,34.82472],[137.294245,34.82447],[137.294482,34.824409],[137.294905,34.824116],[137.295,34.824003],[137.295082,34.823958],[137.295465,34.823913],[137.295642,34.823946],[137.295752,34.824014],[137.295875,34.824014],[137.296148,34.823991],[137.296354,34.824066],[137.296453,34.824102],[137.296458,34.82442],[137.296399,34.824678],[137.296433,34.824767],[137.296641,34.824835],[137.296761,34.824503],[137.296994,34.824351],[137.297127,34.824244],[137.297229,34.824109],[137.297397,34.82393],[137.297608,34.823778],[137.297799,34.823535],[137.298001,34.823302],[137.29818,34.823122],[137.298374,34.82326],[137.298652,34.823561],[137.298888,34.82379],[137.299181,34.823901],[137.299452,34.823976],[137.299792,34.823979],[137.300088,34.823946],[137.300306,34.823975],[137.300641,34.824186],[137.30079,34.824369],[137.300898,34.824433],[137.301119,34.824335],[137.30136,34.824228],[137.301474,34.824217],[137.301596,34.824228],[137.301906,34.824379],[137.302254,34.824445],[137.302516,34.824502],[137.302768,34.824468],[137.30311,34.824318],[137.303376,34.824148],[137.303424,34.824087],[137.303523,34.823959],[137.30355,34.823706],[137.303528,34.823615],[137.303483,34.823355],[137.303488,34.823293],[137.303513,34.823165],[137.303612,34.823103],[137.303754,34.823069],[137.303919,34.822998],[137.304148,34.822955],[137.304445,34.822742],[137.304709,34.82252],[137.304995,34.822209],[137.305092,34.822068],[137.305106,34.822055],[137.305158,34.821992],[137.305218,34.821921],[137.305353,34.82175],[137.305586,34.821571],[137.305777,34.821356],[137.305956,34.82114],[137.306091,34.820997],[137.306181,34.820871],[137.306435,34.820746],[137.30672,34.82074],[137.307004,34.820743],[137.307213,34.820727],[137.307412,34.820684],[137.307623,34.820654],[137.307971,34.820484],[137.308338,34.820305],[137.308589,34.820144],[137.308576,34.820139],[137.308565,34.820121],[137.308567,34.820083],[137.308592,34.820016],[137.30861,34.819981],[137.308661,34.819891],[137.308685,34.819858],[137.308703,34.819832],[137.308739,34.819803],[137.308775,34.81979],[137.308798,34.819777],[137.308817,34.81977],[137.308829,34.819767],[137.308851,34.819764],[137.308877,34.819745],[137.30918,34.81952],[137.309322,34.819414],[137.309493,34.819287],[137.309599,34.819209],[137.309661,34.819097],[137.309664,34.819089],[137.309481,34.818983],[137.309136,34.818735],[137.308802,34.818479],[137.308548,34.818372],[137.308134,34.818243],[137.307884,34.81813],[137.307739,34.818026],[137.307584,34.817868],[137.307465,34.817593],[137.307465,34.817384],[137.307495,34.817199],[137.307587,34.816947],[137.307701,34.816731],[137.307848,34.816542],[137.307655,34.816513],[137.307414,34.816512],[137.307218,34.816552],[137.307025,34.816643],[137.306432,34.816737],[137.305884,34.816795],[137.30528,34.816889],[137.305013,34.816967],[137.304984,34.816989],[137.304978,34.817028],[137.304992,34.817108],[137.305039,34.817242],[137.305031,34.817281],[137.305007,34.817307],[137.304582,34.817412],[137.304601,34.817513],[137.304582,34.81754],[137.304431,34.817609],[137.304276,34.817661],[137.304057,34.817685],[137.30394,34.817682],[137.303276,34.817668],[137.303368,34.817928],[137.302901,34.818062],[137.302566,34.817197],[137.301918,34.817368],[137.301569,34.816404],[137.301346,34.8158],[137.301828,34.815679],[137.301384,34.814424],[137.301342,34.814309],[137.301517,34.814247],[137.301483,34.814143],[137.30125,34.81369],[137.30109,34.813471],[137.300439,34.813549],[137.300173,34.812628],[137.299948,34.812709],[137.299909,34.812701],[137.29987,34.812689],[137.299802,34.812671],[137.299684,34.812633],[137.299595,34.812596],[137.2995,34.81256],[137.299413,34.812523],[137.299292,34.8125],[137.2993,34.812454],[137.299307,34.81243],[137.299316,34.812367],[137.299441,34.811721],[137.299534,34.811706],[137.299686,34.811685],[137.299858,34.811643],[137.300061,34.811591],[137.300154,34.811549],[137.300246,34.811507],[137.300739,34.81125],[137.300635,34.810943],[137.300709,34.810932],[137.300923,34.810889],[137.300891,34.810821],[137.300828,34.810693],[137.300367,34.809752],[137.300337,34.809755],[137.300417,34.810092],[137.29801,34.810513],[137.29801,34.810517],[137.298047,34.810904],[137.298081,34.811265],[137.298091,34.811314],[137.29815,34.811628],[137.298191,34.811791],[137.298164,34.811873],[137.298161,34.812135],[137.298156,34.812259],[137.298155,34.812277],[137.298155,34.81228],[137.298154,34.812287],[137.298007,34.81224],[137.297975,34.812385],[137.297959,34.812456],[137.297958,34.812463],[137.297956,34.812488],[137.297938,34.81269],[137.297984,34.812753],[137.297934,34.812783],[137.297792,34.812867],[137.297794,34.812889],[137.297803,34.812946],[137.297805,34.813009],[137.297781,34.813095],[137.297758,34.813132],[137.297725,34.813144],[137.297679,34.813141],[137.297642,34.813137],[137.297638,34.813146],[137.297632,34.813163],[137.297484,34.813397],[137.29728,34.813577],[137.297095,34.813627],[137.296651,34.813747],[137.296419,34.813882],[137.296187,34.814018],[137.295627,34.814199],[137.295286,34.814481],[137.295204,34.814605],[137.295054,34.814763],[137.295109,34.814898],[137.295151,34.815112],[137.295151,34.815427],[137.295069,34.815472],[137.294714,34.815631],[137.294345,34.815676],[137.294017,34.815676],[137.293417,34.81597],[137.29354,34.816229],[137.293403,34.816319],[137.29339,34.816579],[137.293418,34.816702],[137.293459,34.816747],[137.293514,34.816973],[137.293555,34.817221],[137.293514,34.817446],[137.29357,34.817705],[137.293597,34.817852],[137.293474,34.818032],[137.293338,34.818291],[137.2933,34.818712],[137.293146,34.818965],[137.293142,34.818982],[137.293012,34.819419],[137.292903,34.819554],[137.292657,34.819633],[137.292452,34.819611],[137.29222,34.819904],[137.292097,34.820175],[137.292029,34.820366],[137.291893,34.820502],[137.291811,34.820705],[137.291416,34.82146],[137.291062,34.821877],[137.290461,34.822543],[137.289888,34.823062],[137.289452,34.823569],[137.28924,34.824087],[137.289601,34.824203],[137.289815,34.824266],[137.290136,34.824464],[137.290441,34.824672],[137.290612,34.824587],[137.290865,34.824537],[137.291092,34.824558],[137.291285,34.824629],[137.291448,34.82472],[137.291649,34.824773],[137.291982,34.824951],[137.292192,34.824955],[137.292487,34.824873],[137.292748,34.824927],[137.293019,34.825029],[137.293246,34.82514],[137.293381,34.825005]]]}},{"type":"Feature","id":"232071550","properties":{"KEY_CODE":"232071550","PREF":"23","CITY":"207","S_AREA":"155000","PREF_NAME":"愛知県","CITY_NAME":"豊川市","S_NAME":"御津町広石","HCODE":8101,"AREA":1497718.513,"KIGO_E":"","JINKO":2741,"SETAI":1003,"X_CODE":137.315096,"Y_CODE":34.824229},"geometry":{"type":"Polygon","coordinates":[[[137.31834,34.831786],[137.318409,34.831775],[137.318545,34.831797],[137.318655,34.831775],[137.318737,34.831752],[137.318791,34.831673],[137.3189,34.831414],[137.31894,34.831177],[137.31896,34.831088],[137.319033,34.830855],[137.319183,34.830581],[137.319286,34.830437],[137.319334,34.830404],[137.319442,34.830335],[137.319569,34.83029],[137.319696,34.83024],[137.319814,34.830211],[137.319899,34.830212],[137.31997,34.830225],[137.320062,34.830248],[137.320192,34.830268],[137.320318,34.830295],[137.320504,34.830322],[137.320631,34.830348],[137.320699,34.830349],[137.320771,34.83032],[137.320887,34.830251],[137.321007,34.830176],[137.321154,34.830088],[137.321317,34.829982],[137.321442,34.82991],[137.321488,34.829881],[137.321558,34.829822],[137.321752,34.829568],[137.321885,34.829375],[137.321984,34.829237],[137.322065,34.829167],[137.321902,34.82892],[137.322007,34.82882],[137.321819,34.828463],[137.321637,34.828171],[137.321776,34.828032],[137.321796,34.828003],[137.321928,34.827813],[137.321942,34.82781],[137.322169,34.82773],[137.322019,34.827432],[137.322347,34.827391],[137.322379,34.82739],[137.322362,34.827225],[137.322542,34.827145],[137.322525,34.827019],[137.322495,34.82696],[137.322589,34.826941],[137.322765,34.826868],[137.322661,34.826708],[137.322516,34.826497],[137.322387,34.826307],[137.322199,34.826119],[137.32206,34.825854],[137.322023,34.825689],[137.321998,34.825561],[137.322001,34.825518],[137.322001,34.825515],[137.321998,34.825392],[137.321994,34.825228],[137.321902,34.825007],[137.321759,34.824768],[137.321773,34.824698],[137.321465,34.82423],[137.321372,34.824089],[137.321436,34.823963],[137.321103,34.823229],[137.32085,34.823036],[137.320631,34.822858],[137.320432,34.822695],[137.32024,34.822564],[137.319903,34.822046],[137.319657,34.821654],[137.319528,34.821443],[137.319408,34.821248],[137.319219,34.821188],[137.319075,34.821136],[137.318977,34.821102],[137.318884,34.821029],[137.318802,34.820956],[137.318794,34.820906],[137.318825,34.820709],[137.318832,34.820613],[137.318665,34.820402],[137.318531,34.820248],[137.318459,34.820164],[137.318426,34.820037],[137.318387,34.819667],[137.318344,34.819596],[137.31819,34.819356],[137.317932,34.819156],[137.317577,34.818912],[137.317266,34.818722],[137.317204,34.818691],[137.316995,34.818585],[137.316511,34.81833],[137.315995,34.818058],[137.315868,34.817962],[137.315571,34.817806],[137.315292,34.817587],[137.315043,34.817263],[137.314959,34.817058],[137.314895,34.8167],[137.314754,34.816868],[137.314553,34.817083],[137.314297,34.817271],[137.313988,34.817404],[137.313567,34.817536],[137.313349,34.817301],[137.313033,34.816969],[137.312843,34.81669],[137.312767,34.816533],[137.312687,34.816327],[137.312601,34.816115],[137.312439,34.815912],[137.31227,34.815877],[137.311966,34.815765],[137.311718,34.815618],[137.311562,34.815544],[137.311213,34.815367],[137.311028,34.815329],[137.310797,34.815359],[137.310644,34.815474],[137.31059,34.815941],[137.310514,34.81646],[137.310479,34.816765],[137.310359,34.816923],[137.3104,34.817141],[137.310549,34.817432],[137.310574,34.817543],[137.31058,34.817568],[137.310604,34.817665],[137.31061,34.817687],[137.310578,34.817743],[137.310578,34.817745],[137.310574,34.817749],[137.310503,34.817845],[137.310309,34.818076],[137.310071,34.818344],[137.30999,34.818438],[137.309977,34.818458],[137.30994,34.81852],[137.309906,34.818581],[137.309854,34.818669],[137.309815,34.818742],[137.309809,34.818756],[137.309785,34.818804],[137.309699,34.818982],[137.309664,34.819089],[137.309661,34.819097],[137.309599,34.819209],[137.309493,34.819287],[137.309322,34.819414],[137.30918,34.81952],[137.308877,34.819745],[137.308851,34.819764],[137.308829,34.819767],[137.308817,34.81977],[137.308798,34.819777],[137.308775,34.81979],[137.308739,34.819803],[137.308703,34.819832],[137.308685,34.819858],[137.308661,34.819891],[137.30861,34.819981],[137.308592,34.820016],[137.308567,34.820083],[137.308565,34.820121],[137.308576,34.820139],[137.308589,34.820144],[137.308338,34.820305],[137.307971,34.820484],[137.307623,34.820654],[137.307412,34.820684],[137.307213,34.820727],[137.307004,34.820743],[137.30672,34.82074],[137.306435,34.820746],[137.306181,34.820871],[137.306091,34.820997],[137.305956,34.82114],[137.305777,34.821356],[137.305586,34.821571],[137.305353,34.82175],[137.305218,34.821921],[137.306297,34.822487],[137.306372,34.82249],[137.306481,34.822434],[137.306544,34.822425],[137.306758,34.822532],[137.307128,34.822644],[137.30751,34.822666],[137.30796,34.822634],[137.308179,34.8226],[137.308454,34.822582],[137.308726,34.822596],[137.308996,34.822623],[137.309261,34.822673],[137.30938,34.822669],[137.309505,34.822649],[137.309639,34.822572],[137.309777,34.822461],[137.309946,34.822321],[137.3101,34.822384],[137.310305,34.822448],[137.310445,34.822521],[137.310345,34.822616],[137.310221,34.822809],[137.309757,34.823207],[137.309585,34.823386],[137.309572,34.823417],[137.309569,34.823476],[137.309612,34.823636],[137.30966,34.823944],[137.309762,34.824298],[137.309966,34.82455],[137.310117,34.824627],[137.310306,34.824681],[137.310486,34.824757],[137.310681,34.824789],[137.310933,34.824816],[137.310822,34.824908],[137.310773,34.824995],[137.31074,34.82514],[137.310708,34.82521],[137.310643,34.825295],[137.31059,34.825393],[137.310578,34.825483],[137.310674,34.825664],[137.310792,34.825819],[137.310941,34.825936],[137.311133,34.826252],[137.311226,34.826519],[137.311247,34.826702],[137.311215,34.826766],[137.311155,34.826829],[137.310965,34.826941],[137.310817,34.827055],[137.310716,34.827172],[137.310494,34.827469],[137.310644,34.827628],[137.31115,34.827994],[137.311328,34.827896],[137.311371,34.827928],[137.311547,34.828056],[137.312036,34.828562],[137.31197,34.828678],[137.311951,34.828856],[137.31194,34.828943],[137.312204,34.829111],[137.312346,34.829031],[137.313153,34.829512],[137.313278,34.829589],[137.313575,34.829773],[137.313732,34.829871],[137.313571,34.829935],[137.313187,34.830143],[137.313164,34.830177],[137.313173,34.830202],[137.313484,34.830432],[137.313568,34.830513],[137.313209,34.830729],[137.313463,34.830912],[137.313559,34.831058],[137.313435,34.831201],[137.313748,34.831394],[137.31398,34.831306],[137.314212,34.831199],[137.314573,34.831203],[137.315031,34.831298],[137.315199,34.831347],[137.315418,34.831445],[137.315588,34.831574],[137.31569,34.831693],[137.316042,34.832103],[137.316134,34.832403],[137.31625,34.832612],[137.316338,34.8327],[137.316378,34.83274],[137.316386,34.832737],[137.316581,34.832684],[137.316644,34.832662],[137.316729,34.832656],[137.316792,34.832643],[137.316876,34.832625],[137.316971,34.8326],[137.317067,34.832593],[137.317147,34.832581],[137.317253,34.832577],[137.317356,34.832564],[137.317506,34.832555],[137.317752,34.832481],[137.317921,34.832256],[137.318112,34.831996],[137.318235,34.831888],[137.31834,34.831786]]]}},{"type":"Feature","id":"232071560","properties":{"KEY_CODE":"232071560","PREF":"23","CITY":"207","S_AREA":"156000","PREF_NAME":"愛知県","CITY_NAME":"豊川市","S_NAME":"御津町豊沢","HCODE":8101,"AREA":1877071.98,"KIGO_E":"","JINKO":425,"SETAI":152,"X_CODE":137.305967,"Y_CODE":34.830612},"geometry":{"type":"Polygon","coordinates":[[[137.307255,34.83723],[137.307286,34.837198],[137.307328,34.837203],[137.307502,34.837251],[137.307591,34.837279],[137.307659,34.837309],[137.307717,34.837333],[137.307911,34.837422],[137.308042,34.837478],[137.3081,34.837494],[137.308337,34.837498],[137.308423,34.837493],[137.308657,34.837488],[137.308713,34.837483],[137.308761,34.837468],[137.308905,34.837393],[137.309039,34.837329],[137.3093,34.837204],[137.30951,34.837112],[137.309602,34.837084],[137.31018,34.836914],[137.310403,34.836864],[137.310574,34.836813],[137.310628,34.836793],[137.310874,34.836663],[137.310947,34.836636],[137.31117,34.836609],[137.311263,34.836591],[137.311353,34.836549],[137.311417,34.836503],[137.311492,34.836449],[137.311546,34.836385],[137.311681,34.836167],[137.311758,34.836073],[137.311982,34.835865],[137.312165,34.835696],[137.312242,34.835634],[137.312509,34.835427],[137.313012,34.835218],[137.313099,34.835156],[137.313338,34.834917],[137.313537,34.83464],[137.31366,34.834426],[137.313899,34.833955],[137.314059,34.833704],[137.314192,34.833592],[137.314315,34.833516],[137.314623,34.833386],[137.31498,34.833273],[137.31525,34.833228],[137.31558,34.833223],[137.315781,34.833244],[137.316014,34.83328],[137.316065,34.833246],[137.316129,34.833043],[137.316203,34.832882],[137.316308,34.832763],[137.316378,34.83274],[137.316338,34.8327],[137.31625,34.832612],[137.316134,34.832403],[137.316042,34.832103],[137.31569,34.831693],[137.315588,34.831574],[137.315418,34.831445],[137.315199,34.831347],[137.315031,34.831298],[137.314573,34.831203],[137.314212,34.831199],[137.31398,34.831306],[137.313748,34.831394],[137.313435,34.831201],[137.313559,34.831058],[137.313463,34.830912],[137.313209,34.830729],[137.313568,34.830513],[137.313484,34.830432],[137.313173,34.830202],[137.313164,34.830177],[137.313187,34.830143],[137.313571,34.829935],[137.313732,34.829871],[137.313575,34.829773],[137.313278,34.829589],[137.313153,34.829512],[137.312346,34.829031],[137.312204,34.829111],[137.31194,34.828943],[137.311951,34.828856],[137.31197,34.828678],[137.312036,34.828562],[137.311547,34.828056],[137.311371,34.827928],[137.311328,34.827896],[137.31115,34.827994],[137.310644,34.827628],[137.310494,34.827469],[137.310716,34.827172],[137.310817,34.827055],[137.310965,34.826941],[137.311155,34.826829],[137.311215,34.826766],[137.311247,34.826702],[137.311226,34.826519],[137.311133,34.826252],[137.310941,34.825936],[137.310792,34.825819],[137.310674,34.825664],[137.310578,34.825483],[137.31059,34.825393],[137.310643,34.825295],[137.310708,34.82521],[137.31074,34.82514],[137.310773,34.824995],[137.310822,34.824908],[137.310933,34.824816],[137.310681,34.824789],[137.310486,34.824757],[137.310306,34.824681],[137.310117,34.824627],[137.309966,34.82455],[137.309762,34.824298],[137.30966,34.823944],[137.309612,34.823636],[137.309569,34.823476],[137.309572,34.823417],[137.309585,34.823386],[137.309757,34.823207],[137.310221,34.822809],[137.310345,34.822616],[137.310445,34.822521],[137.310305,34.822448],[137.3101,34.822384],[137.309946,34.822321],[137.309777,34.822461],[137.309639,34.822572],[137.309505,34.822649],[137.30938,34.822669],[137.309261,34.822673],[137.308996,34.822623],[137.308726,34.822596],[137.308454,34.822582],[137.308179,34.8226],[137.30796,34.822634],[137.30751,34.822666],[137.307128,34.822644],[137.306758,34.822532],[137.306544,34.822425],[137.306481,34.822434],[137.306372,34.82249],[137.306297,34.822487],[137.305218,34.821921],[137.305158,34.821992],[137.305106,34.822055],[137.305092,34.822068],[137.304995,34.822209],[137.304709,34.82252],[137.304445,34.822742],[137.304148,34.822955],[137.303919,34.822998],[137.303754,34.823069],[137.303612,34.823103],[137.303513,34.823165],[137.303488,34.823293],[137.303483,34.823355],[137.303528,34.823615],[137.30355,34.823706],[137.303523,34.823959],[137.303424,34.824087],[137.303376,34.824148],[137.30311,34.824318],[137.302768,34.824468],[137.302516,34.824502],[137.302254,34.824445],[137.301906,34.824379],[137.301596,34.824228],[137.301474,34.824217],[137.30136,34.824228],[137.301119,34.824335],[137.300898,34.824433],[137.301163,34.824815],[137.301315,34.82495],[137.301281,34.82512],[137.301204,34.8252],[137.301181,34.825344],[137.301148,34.825469],[137.301073,34.825583],[137.300688,34.82589],[137.300442,34.826116],[137.300155,34.826252],[137.299978,34.82641],[137.299896,34.82659],[137.299924,34.826759],[137.299978,34.826893],[137.30002,34.826995],[137.300075,34.827187],[137.299952,34.827424],[137.29983,34.827548],[137.299802,34.827649],[137.299898,34.827863],[137.300022,34.828055],[137.300008,34.828145],[137.299885,34.82828],[137.299749,34.828359],[137.299517,34.828483],[137.298916,34.828957],[137.29848,34.829499],[137.298043,34.829567],[137.297879,34.829657],[137.297797,34.829804],[137.297702,34.830086],[137.297729,34.830266],[137.297621,34.830897],[137.297526,34.83101],[137.297294,34.831213],[137.297198,34.831472],[137.29709,34.831912],[137.296981,34.832047],[137.296598,34.832149],[137.29612,34.832251],[137.29597,34.832465],[137.295807,34.83286],[137.295752,34.833074],[137.295588,34.833266],[137.295425,34.833333],[137.295261,34.833345],[137.295124,34.833345],[137.295014,34.833385],[137.295243,34.833653],[137.295622,34.833888],[137.296057,34.834115],[137.296558,34.834289],[137.297212,34.834482],[137.297823,34.834657],[137.298444,34.834832],[137.298945,34.834988],[137.299368,34.835141],[137.299397,34.835017],[137.299453,34.834928],[137.299635,34.834787],[137.299747,34.834724],[137.29986,34.834696],[137.300014,34.834706],[137.300122,34.834706],[137.300219,34.834669],[137.30086,34.834289],[137.301181,34.834082],[137.301455,34.83395],[137.301737,34.833895],[137.302241,34.833882],[137.302459,34.833839],[137.302554,34.833795],[137.302647,34.833733],[137.302783,34.833849],[137.302509,34.834057],[137.302764,34.83431],[137.30332,34.833799],[137.303599,34.833979],[137.303812,34.83421],[137.303538,34.834339],[137.303477,34.83439],[137.303207,34.834509],[137.303115,34.834566],[137.303061,34.834624],[137.303027,34.834706],[137.30302,34.834791],[137.303043,34.834965],[137.30306,34.835148],[137.30303,34.835241],[137.302966,34.835341],[137.302671,34.835638],[137.302637,34.835691],[137.302599,34.835787],[137.302608,34.835975],[137.302661,34.836236],[137.303646,34.837381],[137.303886,34.837473],[137.304213,34.837529],[137.304421,34.837548],[137.30467,34.837846],[137.304777,34.838125],[137.305069,34.838441],[137.305341,34.838649],[137.3056,34.838775],[137.305617,34.838757],[137.305677,34.83871],[137.305745,34.838676],[137.305862,34.83864],[137.305992,34.838612],[137.306155,34.838572],[137.306292,34.838536],[137.306325,34.83852],[137.306357,34.838492],[137.306421,34.838418],[137.306549,34.83825],[137.306742,34.83802],[137.306913,34.837846],[137.30702,34.837726],[137.307072,34.837612],[137.307095,34.837506],[137.307152,34.837365],[137.307255,34.83723]]]}},{"type":"Feature","id":"232071570","properties":{"KEY_CODE":"232071570","PREF":"23","CITY":"207","S_AREA":"157000","PREF_NAME":"愛知県","CITY_NAME":"豊川市","S_NAME":"御津町金野","HCODE":8101,"AREA":5676367.173,"KIGO_E":"","JINKO":282,"SETAI":95,"X_CODE":137.282838,"Y_CODE":34.842217},"geometry":{"type":"Polygon","coordinates":[[[137.278856,34.850855],[137.27893,34.850565],[137.279069,34.850356],[137.279273,34.850028],[137.279521,34.849709],[137.279943,34.849405],[137.280156,34.849281],[137.280237,34.849216],[137.280397,34.849135],[137.280529,34.849062],[137.280731,34.849033],[137.28096,34.849076],[137.281118,34.849069],[137.281276,34.849003],[137.281461,34.848916],[137.281645,34.848836],[137.281803,34.848836],[137.282006,34.848843],[137.28216,34.8489],[137.282261,34.848937],[137.282426,34.848942],[137.282641,34.84892],[137.282813,34.848917],[137.283191,34.84896],[137.283356,34.849005],[137.283536,34.84907],[137.283624,34.849073],[137.283822,34.849048],[137.284024,34.849048],[137.284195,34.849066],[137.284332,34.849095],[137.284494,34.849138],[137.284666,34.849188],[137.284879,34.849284],[137.285038,34.849346],[137.28513,34.8494],[137.285513,34.84941],[137.285772,34.849345],[137.286031,34.849312],[137.286255,34.849326],[137.28644,34.849337],[137.286634,34.84933],[137.286935,34.849306],[137.287216,34.849273],[137.287255,34.849066],[137.287299,34.849016],[137.287409,34.848899],[137.287479,34.848823],[137.287716,34.848787],[137.288112,34.848779],[137.28845,34.848685],[137.288657,34.848579],[137.288806,34.848456],[137.288907,34.848369],[137.289015,34.848338],[137.289379,34.848327],[137.289584,34.848363],[137.289678,34.848401],[137.289813,34.848496],[137.289919,34.848556],[137.289991,34.84858],[137.290079,34.848574],[137.290125,34.848564],[137.290211,34.848543],[137.290519,34.848496],[137.290738,34.848506],[137.290885,34.84852],[137.291194,34.84858],[137.291449,34.848624],[137.291941,34.848764],[137.292166,34.848829],[137.292315,34.84871],[137.292473,34.848517],[137.292585,34.848124],[137.292602,34.848071],[137.292603,34.848019],[137.292666,34.847829],[137.292689,34.847802],[137.292785,34.847692],[137.292991,34.847572],[137.293274,34.847478],[137.293589,34.847392],[137.294068,34.847259],[137.294558,34.847099],[137.295085,34.84716],[137.296421,34.847009],[137.296593,34.847009],[137.296745,34.847057],[137.297127,34.847234],[137.297255,34.847259],[137.297363,34.847222],[137.297505,34.847109],[137.297921,34.8467],[137.298208,34.84647],[137.298469,34.846358],[137.298686,34.846256],[137.298849,34.846208],[137.299127,34.846164],[137.299458,34.846218],[137.299873,34.846296],[137.300045,34.84629],[137.300154,34.846245],[137.300238,34.846235],[137.300403,34.846258],[137.300505,34.846171],[137.30057,34.846025],[137.300673,34.845808],[137.300844,34.84557],[137.301045,34.845367],[137.301253,34.845192],[137.301708,34.844869],[137.302024,34.844638],[137.302119,34.84456],[137.302162,34.844481],[137.302179,34.844402],[137.302181,34.844315],[137.302183,34.8441],[137.302188,34.843871],[137.302188,34.843675],[137.30222,34.843586],[137.302274,34.843492],[137.302371,34.843369],[137.302504,34.843205],[137.302582,34.843079],[137.302615,34.843013],[137.302795,34.842698],[137.302697,34.842565],[137.302629,34.842446],[137.302573,34.842264],[137.302569,34.842121],[137.30258,34.842025],[137.302616,34.841894],[137.302666,34.841686],[137.302674,34.84156],[137.302665,34.841358],[137.302706,34.841114],[137.302759,34.840866],[137.302778,34.8408],[137.302803,34.840771],[137.302857,34.840742],[137.302992,34.840695],[137.30305,34.840671],[137.30317,34.840618],[137.303306,34.840533],[137.303363,34.840513],[137.303546,34.840516],[137.303766,34.840517],[137.303916,34.84047],[137.304043,34.8404],[137.304154,34.840342],[137.30422,34.840291],[137.304336,34.840173],[137.304475,34.840038],[137.304714,34.839789],[137.304884,34.83944],[137.304917,34.839391],[137.305011,34.839315],[137.305319,34.839145],[137.30538,34.839101],[137.305414,34.839055],[137.3055,34.838916],[137.305568,34.83881],[137.3056,34.838775],[137.305341,34.838649],[137.305069,34.838441],[137.304777,34.838125],[137.30467,34.837846],[137.304421,34.837548],[137.304213,34.837529],[137.303886,34.837473],[137.303646,34.837381],[137.302661,34.836236],[137.302608,34.835975],[137.302599,34.835787],[137.302637,34.835691],[137.302671,34.835638],[137.302966,34.835341],[137.30303,34.835241],[137.30306,34.835148],[137.303043,34.834965],[137.30302,34.834791],[137.303027,34.834706],[137.303061,34.834624],[137.303115,34.834566],[137.303207,34.834509],[137.303477,34.83439],[137.303538,34.834339],[137.303812,34.83421],[137.303599,34.833979],[137.30332,34.833799],[137.302764,34.83431],[137.302509,34.834057],[137.302783,34.833849],[137.302647,34.833733],[137.302554,34.833795],[137.302459,34.833839],[137.302241,34.833882],[137.301737,34.833895],[137.301455,34.83395],[137.301181,34.834082],[137.30086,34.834289],[137.300219,34.834669],[137.300122,34.834706],[137.300014,34.834706],[137.29986,34.834696],[137.299747,34.834724],[137.299635,34.834787],[137.299453,34.834928],[137.299397,34.835017],[137.299368,34.835141],[137.298945,34.834988],[137.298444,34.834832],[137.297823,34.834657],[137.297212,34.834482],[137.296558,34.834289],[137.296057,34.834115],[137.295622,34.833888],[137.295243,34.833653],[137.295014,34.833385],[137.294905,34.833424],[137.294796,34.833492],[137.294742,34.83365],[137.294701,34.833695],[137.294523,34.833729],[137.29343,34.833719],[137.292938,34.833629],[137.292705,34.833607],[137.292336,34.833584],[137.292472,34.8331],[137.292308,34.833089],[137.291502,34.833089],[137.291324,34.833123],[137.291106,34.833203],[137.290395,34.833192],[137.289534,34.833249],[137.28881,34.833408],[137.288646,34.833397],[137.288291,34.833284],[137.287799,34.833352],[137.287389,34.833657],[137.287116,34.833849],[137.287062,34.83395],[137.287076,34.834288],[137.287035,34.834514],[137.286872,34.834773],[137.286639,34.834818],[137.285573,34.834943],[137.285341,34.835011],[137.284508,34.835057],[137.284112,34.835193],[137.28321,34.835317],[137.282513,34.83542],[137.281706,34.83542],[137.280599,34.835162],[137.280312,34.83514],[137.280066,34.835264],[137.279807,34.835467],[137.27967,34.83549],[137.279438,34.835467],[137.279096,34.83531],[137.278672,34.83522],[137.278495,34.835198],[137.278235,34.835164],[137.27788,34.835232],[137.277442,34.835289],[137.277196,34.835289],[137.276854,34.835165],[137.276294,34.834884],[137.275843,34.834727],[137.275624,34.834648],[137.275186,34.834344],[137.27483,34.833916],[137.274735,34.833973],[137.274489,34.834063],[137.274215,34.83412],[137.274011,34.834188],[137.273669,34.834424],[137.273382,34.83465],[137.272836,34.834944],[137.272468,34.835248],[137.271744,34.835643],[137.271334,34.835914],[137.27128,34.836094],[137.271171,34.83632],[137.270898,34.836636],[137.270584,34.836884],[137.270351,34.836997],[137.27001,34.837121],[137.269832,34.837256],[137.269723,34.837482],[137.269601,34.837854],[137.269355,34.837955],[137.268918,34.838159],[137.268631,34.838125],[137.268385,34.838058],[137.268111,34.838035],[137.267865,34.837912],[137.2671,34.838104],[137.266499,34.83833],[137.265952,34.838612],[137.265611,34.838747],[137.265515,34.838849],[137.265475,34.839074],[137.265475,34.839322],[137.265297,34.839491],[137.264997,34.839751],[137.264943,34.840044],[137.264847,34.840292],[137.264697,34.840517],[137.264547,34.840687],[137.264438,34.840822],[137.264219,34.841047],[137.264001,34.841217],[137.263824,34.841431],[137.263578,34.841589],[137.263524,34.842119],[137.263489,34.842258],[137.263378,34.842453],[137.263344,34.842596],[137.263334,34.842868],[137.263331,34.842929],[137.263201,34.843659],[137.26321,34.84371],[137.263239,34.843978],[137.26313,34.844136],[137.26302,34.844249],[137.26298,34.844452],[137.262884,34.844621],[137.262597,34.844756],[137.262256,34.844959],[137.262092,34.845039],[137.262024,34.845174],[137.261901,34.845264],[137.261655,34.845377],[137.261477,34.84549],[137.261409,34.845535],[137.261327,34.84567],[137.261136,34.84576],[137.260822,34.845806],[137.260617,34.845817],[137.260344,34.846201],[137.26003,34.846663],[137.259866,34.846922],[137.25973,34.847114],[137.259867,34.847508],[137.259922,34.847767],[137.25995,34.848218],[137.259958,34.848419],[137.260517,34.848515],[137.261018,34.84857],[137.261035,34.848572],[137.261506,34.848727],[137.261937,34.848868],[137.26223,34.84896],[137.262424,34.84902],[137.262609,34.849048],[137.262762,34.849022],[137.263003,34.848953],[137.263189,34.848918],[137.263205,34.848918],[137.263439,34.848861],[137.263802,34.848846],[137.264189,34.848859],[137.264337,34.848838],[137.264371,34.848837],[137.264628,34.84872],[137.265044,34.848691],[137.265257,34.848731],[137.265514,34.848725],[137.265725,34.848687],[137.266032,34.848781],[137.266311,34.848853],[137.26657,34.849025],[137.2667,34.84909],[137.26686,34.849399],[137.266981,34.849499],[137.267076,34.849542],[137.267388,34.849563],[137.267535,34.849584],[137.267578,34.849648],[137.267604,34.849791],[137.267673,34.849962],[137.26776,34.850047],[137.268123,34.850218],[137.268244,34.850332],[137.268426,34.850502],[137.268573,34.850652],[137.26876,34.850746],[137.268772,34.850752],[137.268997,34.850801],[137.269187,34.850823],[137.269429,34.850773],[137.269982,34.850708],[137.270112,34.850708],[137.270408,34.85087],[137.270525,34.85093],[137.27062,34.850966],[137.271069,34.851004],[137.271281,34.851079],[137.271653,34.851211],[137.271826,34.851246],[137.272455,34.851297],[137.272563,34.851318],[137.272965,34.851347],[137.273069,34.851386],[137.273242,34.851589],[137.273276,34.851617],[137.273873,34.851834],[137.273934,34.85187],[137.274103,34.852172],[137.274168,34.852243],[137.274345,34.852361],[137.274782,34.852553],[137.275452,34.852702],[137.275508,34.852698],[137.275556,34.852685],[137.275632,34.852497],[137.27576,34.852234],[137.275761,34.852231],[137.275813,34.85207],[137.27593,34.851969],[137.276018,34.851933],[137.27615,34.851904],[137.276281,34.851875],[137.276651,34.851802],[137.277117,34.851722],[137.2776,34.851642],[137.277996,34.851634],[137.278198,34.851612],[137.278347,34.851547],[137.278505,34.851416],[137.278646,34.851329],[137.278778,34.851198],[137.278826,34.851063],[137.278856,34.850855]]]}},{"type":"Feature","id":"232071580","properties":{"KEY_CODE":"232071580","PREF":"23","CITY":"207","S_AREA":"158000","PREF_NAME":"愛知県","CITY_NAME":"豊川市","S_NAME":"御津町佐脇浜","HCODE":8101,"AREA":1209053.103,"KIGO_E":"","JINKO":0,"SETAI":0,"X_CODE":137.312098,"Y_CODE":34.790196},"geometry":{"type":"Polygon","coordinates":[[[137.318274,34.792078],[137.318392,34.7919],[137.318563,34.791724],[137.31908,34.791351],[137.31937,34.791185],[137.320043,34.791083],[137.320799,34.790891],[137.321328,34.790762],[137.321708,34.790692],[137.322223,34.790576],[137.32259,34.790436],[137.323096,34.790302],[137.323886,34.789955],[137.324391,34.789758],[137.324331,34.789652],[137.322789,34.786994],[137.320509,34.788144],[137.320248,34.788262],[137.319962,34.788372],[137.319656,34.788464],[137.319264,34.788545],[137.318721,34.788616],[137.318147,34.788628],[137.317475,34.788573],[137.316897,34.788461],[137.315357,34.78814],[137.315162,34.788254],[137.314503,34.788117],[137.31447,34.788007],[137.314635,34.787671],[137.314753,34.787467],[137.314382,34.787617],[137.31395,34.787525],[137.314324,34.786508],[137.314328,34.786499],[137.306483,34.784716],[137.30647,34.784751],[137.306413,34.784906],[137.306084,34.785798],[137.305966,34.786162],[137.305274,34.788106],[137.304336,34.790672],[137.303484,34.792973],[137.309516,34.794697],[137.310403,34.794951],[137.311121,34.795156],[137.311175,34.795171],[137.311226,34.795183],[137.311266,34.795194],[137.313103,34.795712],[137.313358,34.795791],[137.313604,34.795328],[137.31387,34.794863],[137.314217,34.794348],[137.314759,34.793665],[137.31529,34.793129],[137.315845,34.792719],[137.316399,34.792404],[137.317082,34.792171],[137.317866,34.792048],[137.318274,34.792078]]]}},{"type":"Feature","id":"232071590","properties":{"KEY_CODE":"232071590","PREF":"23","CITY":"207","S_AREA":"159000","PREF_NAME":"愛知県","CITY_NAME":"豊川市","S_NAME":"御津町御幸浜","HCODE":8101,"AREA":613244.968,"KIGO_E":"","JINKO":0,"SETAI":0,"X_CODE":137.304917,"Y_CODE":34.804059},"geometry":{"type":"Polygon","coordinates":[[[137.308518,34.804407],[137.309789,34.802762],[137.310542,34.801778],[137.311109,34.799463],[137.311128,34.799384],[137.309146,34.798793],[137.308577,34.800136],[137.305184,34.799236],[137.30442,34.801202],[137.30435,34.801532],[137.304327,34.801931],[137.304424,34.802469],[137.304808,34.803407],[137.304801,34.803409],[137.303906,34.803663],[137.30377,34.803676],[137.303257,34.803722],[137.302756,34.803652],[137.300411,34.803006],[137.299905,34.802834],[137.299548,34.803816],[137.299704,34.804899],[137.299775,34.805389],[137.29954,34.805445],[137.299715,34.806394],[137.299895,34.807371],[137.299925,34.807537],[137.299984,34.807857],[137.300132,34.808664],[137.300177,34.808907],[137.300255,34.809328],[137.300337,34.809755],[137.300367,34.809752],[137.301178,34.809682],[137.304379,34.807671],[137.305581,34.806884],[137.30663,34.806198],[137.30668,34.806174],[137.306608,34.80605],[137.307077,34.805727],[137.307989,34.805098],[137.308307,34.804797],[137.308518,34.804407]]]}},{"type":"Feature","id":"232071600","properties":{"KEY_CODE":"232071600","PREF":"23","CITY":"207","S_AREA":"160000","PREF_NAME":"愛知県","CITY_NAME":"豊川市","S_NAME":"御津町安礼の崎","HCODE":8101,"AREA":118500.797,"KIGO_E":"","JINKO":0,"SETAI":0,"X_CODE":137.315894,"Y_CODE":34.794409},"geometry":{"type":"Polygon","coordinates":[[[137.316328,34.79668],[137.317918,34.792927],[137.318039,34.792577],[137.318143,34.79231],[137.318274,34.792078],[137.317866,34.792048],[137.317082,34.792171],[137.316399,34.792404],[137.315845,34.792719],[137.31529,34.793129],[137.314759,34.793665],[137.314217,34.794348],[137.31387,34.794863],[137.313604,34.795328],[137.313358,34.795791],[137.313522,34.795839],[137.314499,34.796117],[137.315049,34.796381],[137.315097,34.796384],[137.315136,34.796377],[137.315198,34.796374],[137.316328,34.79668]]]}},{"type":"Feature","id":"232071610","properties":{"KEY_CODE":"232071610","PREF":"23","CITY":"207","S_AREA":"161000","PREF_NAME":"愛知県","CITY_NAME":"豊川市","S_NAME":"三河港","HCODE":8154,"AREA":11731057.986,"KIGO_E":"","JINKO":0,"SETAI":0,"X_CODE":137.275868,"Y_CODE":34.774658},"geometry":{"type":"Polygon","coordinates":[[[137.307805,34.806725],[137.307815,34.80672],[137.307845,34.806675],[137.307893,34.806641],[137.307926,34.806625],[137.308112,34.80656],[137.30824,34.806497],[137.308277,34.806486],[137.308332,34.806458],[137.308544,34.806324],[137.308582,34.806294],[137.308595,34.80628],[137.308601,34.806257],[137.308593,34.80617],[137.308587,34.806144],[137.308504,34.806005],[137.308457,34.805816],[137.308481,34.805804],[137.308503,34.805807],[137.308533,34.805812],[137.308662,34.805892],[137.308739,34.805952],[137.308765,34.805965],[137.308792,34.805965],[137.308857,34.805962],[137.308914,34.805959],[137.308959,34.805956],[137.308983,34.805951],[137.309018,34.80594],[137.309114,34.805896],[137.30918,34.805845],[137.309241,34.805796],[137.309245,34.805793],[137.309296,34.805751],[137.309515,34.805603],[137.309987,34.805285],[137.310073,34.805216],[137.3103,34.805016],[137.310376,34.804917],[137.310455,34.804833],[137.310502,34.80477],[137.310554,34.804722],[137.310936,34.804368],[137.311061,34.80422],[137.31109,34.804186],[137.3111,34.804175],[137.311218,34.804032],[137.311282,34.803897],[137.311274,34.803809],[137.311274,34.80378],[137.311284,34.803742],[137.31152,34.803469],[137.311632,34.803323],[137.311641,34.803311],[137.311792,34.803083],[137.31198,34.802825],[137.312166,34.802551],[137.312242,34.802439],[137.312289,34.802358],[137.3127,34.801752],[137.312702,34.80175],[137.312789,34.801598],[137.312834,34.801504],[137.312883,34.801423],[137.313035,34.801036],[137.313159,34.80078],[137.313214,34.800536],[137.313216,34.800453],[137.313229,34.800336],[137.313227,34.800321],[137.313187,34.800255],[137.313184,34.800223],[137.312774,34.800067],[137.312785,34.800045],[137.313128,34.800177],[137.313233,34.800012],[137.313245,34.799992],[137.313877,34.800199],[137.314141,34.800289],[137.314309,34.800341],[137.314416,34.80036],[137.31445,34.80036],[137.314478,34.800355],[137.3145,34.800346],[137.314604,34.800261],[137.314903,34.799962],[137.315111,34.799695],[137.315125,34.799674],[137.315147,34.799642],[137.315193,34.79953],[137.315347,34.799151],[137.315444,34.798911],[137.315509,34.798649],[137.315517,34.798633],[137.315534,34.798615],[137.315553,34.798603],[137.315581,34.798595],[137.31559,34.79859],[137.315594,34.798584],[137.315613,34.798549],[137.315615,34.798527],[137.315608,34.798416],[137.315621,34.798284],[137.31562,34.798201],[137.315614,34.79817],[137.315614,34.798162],[137.315579,34.798071],[137.315573,34.798025],[137.315579,34.797997],[137.315573,34.797922],[137.31557,34.797913],[137.315534,34.797879],[137.315486,34.797859],[137.315403,34.797838],[137.315114,34.797784],[137.314832,34.797723],[137.314689,34.797686],[137.314437,34.797601],[137.314374,34.797593],[137.31436,34.79759],[137.31436,34.797575],[137.314374,34.797572],[137.314452,34.797554],[137.314501,34.797552],[137.314747,34.7976],[137.315046,34.797675],[137.31516,34.797688],[137.315395,34.79767],[137.315535,34.797636],[137.315608,34.797626],[137.315626,34.797618],[137.315645,34.797604],[137.315675,34.797572],[137.315753,34.797473],[137.315796,34.797428],[137.315828,34.797402],[137.315931,34.797344],[137.316042,34.797276],[137.316099,34.797228],[137.31613,34.797183],[137.316328,34.79668],[137.315198,34.796374],[137.315136,34.796377],[137.315097,34.796384],[137.315049,34.796381],[137.314499,34.796117],[137.313522,34.795839],[137.313358,34.795791],[137.313103,34.795712],[137.311266,34.795194],[137.311226,34.795183],[137.311175,34.795171],[137.311121,34.795156],[137.310403,34.794951],[137.309516,34.794697],[137.303484,34.792973],[137.304336,34.790672],[137.305274,34.788106],[137.305966,34.786162],[137.306084,34.785798],[137.280146,34.768151],[137.278397,34.767071],[137.214851,34.732134],[137.21283,34.730864],[137.207388,34.727443],[137.21283,34.731583],[137.213534,34.732135],[137.221663,34.738511],[137.22243,34.739113],[137.226136,34.742019],[137.226554,34.742347],[137.235844,34.749631],[137.236308,34.749994],[137.24116,34.753798],[137.241796,34.754296],[137.247209,34.758538],[137.251862,34.762178],[137.254581,34.764303],[137.256256,34.765613],[137.25982,34.768419],[137.262621,34.770752],[137.266399,34.773879],[137.268842,34.7759],[137.268946,34.775986],[137.270458,34.777238],[137.272978,34.779322],[137.274134,34.780279],[137.276143,34.781941],[137.277285,34.782885],[137.27842,34.783824],[137.280128,34.785571],[137.282804,34.788308],[137.284061,34.789594],[137.286001,34.791578],[137.286957,34.792556],[137.287993,34.793615],[137.289087,34.794734],[137.290109,34.795779],[137.292021,34.797734],[137.293526,34.799273],[137.293962,34.799719],[137.298346,34.8042],[137.299535,34.805416],[137.29954,34.805445],[137.299775,34.805389],[137.299704,34.804899],[137.299548,34.803816],[137.299905,34.802834],[137.300411,34.803006],[137.302756,34.803652],[137.303257,34.803722],[137.30377,34.803676],[137.303906,34.803663],[137.304801,34.803409],[137.304808,34.803407],[137.304424,34.802469],[137.304327,34.801931],[137.30435,34.801532],[137.30442,34.801202],[137.305184,34.799236],[137.308577,34.800136],[137.309146,34.798793],[137.311128,34.799384],[137.311109,34.799463],[137.310542,34.801778],[137.309789,34.802762],[137.308518,34.804407],[137.308307,34.804797],[137.307989,34.805098],[137.307077,34.805727],[137.306608,34.80605],[137.30668,34.806174],[137.30663,34.806198],[137.305581,34.806884],[137.305777,34.806844],[137.305976,34.806798],[137.306031,34.80678],[137.306057,34.806775],[137.306104,34.806774],[137.306409,34.806774],[137.306483,34.806774],[137.306565,34.806783],[137.306663,34.806785],[137.306714,34.80679],[137.306726,34.806794],[137.306736,34.806802],[137.30676,34.806826],[137.306786,34.806839],[137.306822,34.806849],[137.306872,34.806859],[137.306927,34.806863],[137.307062,34.80688],[137.307073,34.80688],[137.307161,34.806878],[137.307239,34.806883],[137.307285,34.806887],[137.307377,34.806858],[137.307511,34.806825],[137.307607,34.80678],[137.307675,34.80676],[137.307772,34.806743],[137.307805,34.806725]]]}},{"type":"Feature","id":"232071620","properties":{"KEY_CODE":"232071620","PREF":"23","CITY":"207","S_AREA":"162001","PREF_NAME":"愛知県","CITY_NAME":"豊川市","S_NAME":"小坂井町","HCODE":8101,"AREA":1365156.776,"KIGO_E":"","JINKO":2658,"SETAI":1046,"X_CODE":137.365665,"Y_CODE":34.795832},"geometry":{"type":"Polygon","coordinates":[[[137.3644,34.801504],[137.36501,34.80107],[137.364776,34.800804],[137.364717,34.800696],[137.364671,34.800566],[137.364663,34.800482],[137.364669,34.800441],[137.364719,34.800407],[137.364748,34.800325],[137.364745,34.800259],[137.364886,34.800102],[137.365086,34.799856],[137.365147,34.799808],[137.365224,34.799738],[137.36547,34.79943],[137.365976,34.799955],[137.367,34.799445],[137.367312,34.799863],[137.368037,34.800806],[137.368063,34.800833],[137.368083,34.800853],[137.368143,34.800776],[137.368266,34.800619],[137.36851,34.800402],[137.368578,34.800263],[137.368645,34.80018],[137.368765,34.800069],[137.368931,34.799863],[137.369079,34.799634],[137.369295,34.799501],[137.36935,34.799424],[137.369389,34.799402],[137.369672,34.799467],[137.369696,34.799383],[137.369874,34.799221],[137.369445,34.798855],[137.370104,34.798122],[137.370585,34.798433],[137.372334,34.796532],[137.374456,34.794216],[137.373991,34.793845],[137.374561,34.793347],[137.374983,34.793641],[137.376063,34.792462],[137.376183,34.79211],[137.376064,34.792046],[137.37599,34.791989],[137.375876,34.791844],[137.37577,34.791697],[137.375723,34.791647],[137.375662,34.791633],[137.375605,34.791647],[137.375528,34.791682],[137.375417,34.791707],[137.375286,34.791704],[137.374989,34.791709],[137.374908,34.791699],[137.374851,34.791674],[137.374788,34.791609],[137.374712,34.791532],[137.374657,34.791492],[137.374539,34.791431],[137.374368,34.79136],[137.374289,34.79133],[137.3741,34.791233],[137.373982,34.7912],[137.373849,34.7912],[137.373674,34.791217],[137.373632,34.791221],[137.373591,34.791214],[137.373544,34.791179],[137.373532,34.791115],[137.373513,34.791067],[137.373479,34.79104],[137.373434,34.791025],[137.373336,34.791012],[137.373196,34.791012],[137.373133,34.790992],[137.373082,34.79096],[137.373061,34.79091],[137.373018,34.790875],[137.372974,34.790859],[137.372895,34.790861],[137.372836,34.790874],[137.372783,34.790884],[137.372555,34.790971],[137.372428,34.791037],[137.372272,34.791063],[137.372185,34.791031],[137.37207,34.790981],[137.371985,34.790916],[137.371913,34.790891],[137.371788,34.790835],[137.371697,34.79077],[137.371621,34.79067],[137.371576,34.790582],[137.371519,34.790542],[137.371188,34.790747],[137.371076,34.790819],[137.370942,34.790757],[137.37084,34.790697],[137.370731,34.790627],[137.370636,34.790542],[137.370538,34.790446],[137.370492,34.790364],[137.370355,34.790274],[137.370221,34.790196],[137.370113,34.790146],[137.369669,34.79066],[137.369555,34.790803],[137.36948,34.79077],[137.369196,34.790585],[137.369131,34.790545],[137.369063,34.790564],[137.368984,34.790638],[137.368936,34.790687],[137.368846,34.790762],[137.368769,34.790786],[137.368659,34.790806],[137.368475,34.790786],[137.368299,34.790735],[137.368142,34.790669],[137.368038,34.790593],[137.367955,34.79052],[137.367848,34.790434],[137.367735,34.79037],[137.367619,34.790289],[137.367559,34.79027],[137.36746,34.790371],[137.367396,34.790437],[137.367356,34.79049],[137.367313,34.790591],[137.367134,34.790525],[137.366818,34.790307],[137.366552,34.790097],[137.366371,34.789972],[137.366245,34.789829],[137.366073,34.789609],[137.366008,34.78955],[137.3659,34.789514],[137.365696,34.789463],[137.365594,34.789406],[137.365502,34.789356],[137.365421,34.789299],[137.365292,34.789241],[137.365235,34.789216],[137.364986,34.789565],[137.364571,34.790075],[137.364508,34.790154],[137.364441,34.790244],[137.364358,34.790362],[137.364531,34.79046],[137.364936,34.790687],[137.364839,34.790785],[137.364818,34.790817],[137.365259,34.791162],[137.36517,34.79129],[137.364953,34.791762],[137.364857,34.791733],[137.364916,34.791878],[137.365125,34.792308],[137.365337,34.792792],[137.365329,34.792892],[137.365089,34.7935],[137.364929,34.793623],[137.364496,34.794194],[137.364454,34.794242],[137.364399,34.794264],[137.364323,34.794283],[137.364222,34.794334],[137.364192,34.794335],[137.364129,34.794297],[137.364105,34.794204],[137.364108,34.794102],[137.364247,34.793894],[137.362453,34.792855],[137.361556,34.793993],[137.361029,34.793612],[137.360224,34.792991],[137.359787,34.793304],[137.359382,34.793567],[137.358899,34.793885],[137.358626,34.794856],[137.357567,34.795336],[137.357251,34.795557],[137.357317,34.795593],[137.356863,34.796251],[137.356782,34.796481],[137.356577,34.796509],[137.356675,34.796633],[137.356365,34.79717],[137.356158,34.797695],[137.355987,34.797921],[137.356411,34.798227],[137.356746,34.798538],[137.357253,34.798974],[137.357387,34.799139],[137.357416,34.799211],[137.357357,34.799373],[137.357387,34.799397],[137.357447,34.799443],[137.357569,34.799522],[137.358081,34.799938],[137.358211,34.7999],[137.358609,34.800393],[137.358754,34.800539],[137.358279,34.800976],[137.35787,34.801357],[137.357773,34.80145],[137.357859,34.801497],[137.358393,34.801604],[137.358487,34.80164],[137.35863,34.801644],[137.359047,34.801738],[137.359491,34.80097],[137.361343,34.801875],[137.36166,34.801204],[137.362615,34.801177],[137.362667,34.801122],[137.362733,34.801161],[137.362778,34.801179],[137.362821,34.801184],[137.362868,34.801184],[137.362918,34.801189],[137.362987,34.801211],[137.363026,34.801226],[137.363057,34.801265],[137.363224,34.801425],[137.363303,34.80142],[137.363365,34.801413],[137.363424,34.80141],[137.36348,34.801448],[137.363525,34.801477],[137.36357,34.801496],[137.363627,34.801509],[137.363696,34.801518],[137.363898,34.801537],[137.364089,34.801597],[137.364259,34.801648],[137.365116,34.801911],[137.365254,34.801644],[137.3644,34.801504]]]}},{"type":"Feature","id":"23207163002","properties":{"KEY_CODE":"23207163002","PREF":"23","CITY":"207","S_AREA":"163002","PREF_NAME":"愛知県","CITY_NAME":"豊川市","S_NAME":"篠束町東宮","HCODE":8101,"AREA":1336474.304,"KIGO_E":"","JINKO":1803,"SETAI":663,"X_CODE":137.371378,"Y_CODE":34.802487},"geometry":{"type":"Polygon","coordinates":[[[137.36717,34.812623],[137.367197,34.812559],[137.36725,34.812573],[137.367306,34.812479],[137.367615,34.812535],[137.367619,34.812331],[137.367725,34.812348],[137.367833,34.81238],[137.367977,34.812399],[137.368128,34.812421],[137.368328,34.812446],[137.368354,34.812269],[137.368362,34.812216],[137.368474,34.811872],[137.36869,34.811421],[137.369051,34.811122],[137.369138,34.810931],[137.36932,34.810472],[137.369407,34.810307],[137.369295,34.810095],[137.369232,34.809997],[137.36921,34.809901],[137.369193,34.809887],[137.369135,34.809854],[137.369127,34.809835],[137.369131,34.809454],[137.36915,34.809456],[137.369152,34.809347],[137.369192,34.809067],[137.369366,34.809051],[137.369381,34.808847],[137.369516,34.808873],[137.369502,34.808775],[137.369483,34.808638],[137.369646,34.808458],[137.369651,34.808338],[137.369713,34.808169],[137.369872,34.80795],[137.369801,34.807905],[137.370045,34.807618],[137.370181,34.807702],[137.370264,34.807595],[137.370319,34.807612],[137.37037,34.807601],[137.370427,34.807576],[137.370915,34.807008],[137.371068,34.807064],[137.371201,34.806912],[137.371229,34.80688],[137.371438,34.806622],[137.37134,34.806559],[137.371397,34.806455],[137.371492,34.806283],[137.371617,34.80632],[137.371692,34.806199],[137.371842,34.806135],[137.372165,34.805685],[137.372233,34.805678],[137.372324,34.805474],[137.372573,34.805475],[137.37262,34.805254],[137.372642,34.805154],[137.372754,34.805177],[137.373046,34.804814],[137.373273,34.804551],[137.373471,34.804137],[137.373864,34.803344],[137.374089,34.803109],[137.374153,34.803076],[137.374201,34.803051],[137.375904,34.801122],[137.376477,34.800501],[137.375963,34.80019],[137.376805,34.799269],[137.377317,34.799602],[137.378338,34.798496],[137.377846,34.7982],[137.378112,34.797902],[137.378838,34.797114],[137.379325,34.797423],[137.380279,34.796371],[137.380616,34.796005],[137.380967,34.795617],[137.381153,34.795424],[137.381204,34.795352],[137.381291,34.795158],[137.38119,34.795137],[137.381102,34.795063],[137.381015,34.795008],[137.380848,34.794943],[137.380732,34.794889],[137.380646,34.79482],[137.380499,34.794711],[137.380407,34.794644],[137.380283,34.794563],[137.380181,34.794517],[137.380099,34.794478],[137.379923,34.794365],[137.379762,34.794273],[137.379606,34.794185],[137.379379,34.794084],[137.379246,34.793979],[137.379191,34.79392],[137.379154,34.793889],[137.379111,34.793847],[137.37841,34.793376],[137.378321,34.793315],[137.378313,34.793291],[137.378306,34.79323],[137.378275,34.793204],[137.378203,34.793158],[137.378018,34.793067],[137.377804,34.79298],[137.377657,34.792914],[137.377576,34.792845],[137.377435,34.792714],[137.377287,34.792618],[137.377214,34.792565],[137.377081,34.792488],[137.376945,34.792406],[137.376869,34.79235],[137.376664,34.792144],[137.376558,34.792058],[137.376489,34.792021],[137.376438,34.792015],[137.376383,34.792042],[137.376314,34.792102],[137.376286,34.792129],[137.376265,34.792142],[137.376235,34.792137],[137.376188,34.792112],[137.376183,34.79211],[137.376063,34.792462],[137.374983,34.793641],[137.374561,34.793347],[137.373991,34.793845],[137.374456,34.794216],[137.372334,34.796532],[137.370585,34.798433],[137.370104,34.798122],[137.369445,34.798855],[137.369874,34.799221],[137.369696,34.799383],[137.369672,34.799467],[137.369389,34.799402],[137.36935,34.799424],[137.369295,34.799501],[137.369079,34.799634],[137.368931,34.799863],[137.368765,34.800069],[137.368645,34.80018],[137.368578,34.800263],[137.36851,34.800402],[137.368266,34.800619],[137.368143,34.800776],[137.368083,34.800853],[137.368063,34.800833],[137.367962,34.800897],[137.36786,34.801007],[137.367391,34.801807],[137.367338,34.80187],[137.367221,34.802087],[137.36717,34.802074],[137.367115,34.802081],[137.367057,34.802109],[137.366958,34.802273],[137.366914,34.802333],[137.366859,34.802358],[137.366729,34.802682],[137.366481,34.803306],[137.366142,34.803144],[137.36598,34.803107],[137.365462,34.803965],[137.366417,34.804472],[137.366279,34.804967],[137.366225,34.805518],[137.366773,34.80574],[137.365665,34.807557],[137.365045,34.80859],[137.364501,34.808374],[137.363278,34.8104],[137.362791,34.811221],[137.362203,34.812211],[137.364358,34.813094],[137.364166,34.813411],[137.364301,34.813387],[137.36456,34.81334],[137.36512,34.813299],[137.365836,34.813232],[137.366903,34.813157],[137.36694,34.813033],[137.366986,34.8129],[137.367065,34.812798],[137.367126,34.812712],[137.36717,34.812623]]]}},{"type":"Feature","id":"23207163004","properties":{"KEY_CODE":"23207163004","PREF":"23","CITY":"207","S_AREA":"163004","PREF_NAME":"愛知県","CITY_NAME":"豊川市","S_NAME":"篠束町並塚","HCODE":8101,"AREA":26633.466,"KIGO_E":"","JINKO":20,"SETAI":15,"X_CODE":137.362729,"Y_CODE":34.813113},"geometry":{"type":"Polygon","coordinates":[[[137.362954,34.813629],[137.363603,34.813514],[137.364166,34.813411],[137.364358,34.813094],[137.362203,34.812211],[137.361944,34.812642],[137.361734,34.812989],[137.361381,34.813576],[137.36169,34.813795],[137.36178,34.813778],[137.362357,34.813705],[137.362954,34.813629]]]}},{"type":"Feature","id":"23207164002","properties":{"KEY_CODE":"23207164002","PREF":"23","CITY":"207","S_AREA":"164002","PREF_NAME":"愛知県","CITY_NAME":"豊川市","S_NAME":"宿町坂地","HCODE":8101,"AREA":20263.533,"KIGO_E":"","JINKO":0,"SETAI":0,"X_CODE":137.365788,"Y_CODE":34.802478},"geometry":{"type":"Polygon","coordinates":[[[137.366859,34.802358],[137.366005,34.802125],[137.366029,34.801771],[137.365254,34.801644],[137.365116,34.801911],[137.365001,34.802146],[137.364962,34.802279],[137.364908,34.802398],[137.364714,34.802692],[137.365477,34.802993],[137.36598,34.803107],[137.366142,34.803144],[137.366481,34.803306],[137.366729,34.802682],[137.366859,34.802358]]]}},{"type":"Feature","id":"23207164003","properties":{"KEY_CODE":"23207164003","PREF":"23","CITY":"207","S_AREA":"164003","PREF_NAME":"愛知県","CITY_NAME":"豊川市","S_NAME":"宿町坂地","HCODE":8101,"AREA":64865.841,"KIGO_E":"E2","JINKO":0,"SETAI":0,"X_CODE":137.366299,"Y_CODE":34.80085},"geometry":{"type":"Polygon","coordinates":[[[137.367115,34.802081],[137.36717,34.802074],[137.367221,34.802087],[137.367338,34.80187],[137.367391,34.801807],[137.36786,34.801007],[137.367962,34.800897],[137.368063,34.800833],[137.368037,34.800806],[137.367312,34.799863],[137.367,34.799445],[137.365976,34.799955],[137.36547,34.79943],[137.365224,34.799738],[137.365147,34.799808],[137.365086,34.799856],[137.364886,34.800102],[137.364745,34.800259],[137.364748,34.800325],[137.364719,34.800407],[137.364669,34.800441],[137.364663,34.800482],[137.364671,34.800566],[137.364717,34.800696],[137.364776,34.800804],[137.36501,34.80107],[137.3644,34.801504],[137.365254,34.801644],[137.366029,34.801771],[137.366005,34.802125],[137.366859,34.802358],[137.366914,34.802333],[137.366958,34.802273],[137.367057,34.802109],[137.367115,34.802081]]]}},{"type":"Feature","id":"23207164003","properties":{"KEY_CODE":"23207164003","PREF":"23","CITY":"207","S_AREA":"164003","PREF_NAME":"愛知県","CITY_NAME":"豊川市","S_NAME":"宿町坂地","HCODE":8101,"AREA":880144.076,"KIGO_E":"E1","JINKO":1698,"SETAI":578,"X_CODE":137.360722,"Y_CODE":34.806922},"geometry":{"type":"Polygon","coordinates":[[[137.355933,34.814301],[137.356058,34.813463],[137.356879,34.813606],[137.357194,34.812294],[137.357596,34.8106],[137.359455,34.811088],[137.362203,34.812211],[137.362791,34.811221],[137.363278,34.8104],[137.364501,34.808374],[137.365045,34.80859],[137.365665,34.807557],[137.366773,34.80574],[137.366225,34.805518],[137.366279,34.804967],[137.366417,34.804472],[137.365462,34.803965],[137.36598,34.803107],[137.365477,34.802993],[137.364714,34.802692],[137.364908,34.802398],[137.364962,34.802279],[137.365001,34.802146],[137.365116,34.801911],[137.364259,34.801648],[137.364089,34.801597],[137.363898,34.801537],[137.363696,34.801518],[137.363627,34.801509],[137.36357,34.801496],[137.363525,34.801477],[137.36348,34.801448],[137.363424,34.80141],[137.363365,34.801413],[137.363303,34.80142],[137.363224,34.801425],[137.363057,34.801265],[137.363026,34.801226],[137.362987,34.801211],[137.362918,34.801189],[137.362868,34.801184],[137.362821,34.801184],[137.362778,34.801179],[137.362733,34.801161],[137.362667,34.801122],[137.362615,34.801177],[137.36166,34.801204],[137.361343,34.801875],[137.359491,34.80097],[137.359047,34.801738],[137.35863,34.801644],[137.358487,34.80164],[137.358393,34.801604],[137.357859,34.801497],[137.357771,34.801686],[137.357589,34.802281],[137.357872,34.802365],[137.358197,34.802482],[137.357924,34.802758],[137.357841,34.802995],[137.357808,34.803164],[137.357772,34.803436],[137.35778,34.803536],[137.357779,34.803567],[137.357558,34.804171],[137.35748,34.804427],[137.357452,34.804469],[137.357202,34.805136],[137.357041,34.805398],[137.35703,34.805441],[137.356882,34.805695],[137.356764,34.805827],[137.356725,34.805888],[137.356699,34.805981],[137.356655,34.806248],[137.356868,34.806342],[137.357662,34.806634],[137.357901,34.80641],[137.358343,34.806612],[137.357999,34.807229],[137.357969,34.807257],[137.3579,34.807261],[137.357727,34.807188],[137.357598,34.807422],[137.357565,34.807454],[137.357516,34.807481],[137.357484,34.807525],[137.357447,34.80765],[137.357447,34.807778],[137.357388,34.808097],[137.35737,34.808184],[137.357147,34.808008],[137.356864,34.808433],[137.356658,34.808367],[137.356294,34.808802],[137.356198,34.808757],[137.355944,34.809141],[137.355672,34.809072],[137.355519,34.808995],[137.355366,34.809157],[137.355592,34.80923],[137.355842,34.80926],[137.35614,34.80925],[137.356565,34.809238],[137.356723,34.809219],[137.356916,34.809238],[137.357283,34.809212],[137.356613,34.81013],[137.35618,34.810576],[137.355739,34.810919],[137.35456,34.811741],[137.354311,34.812084],[137.3542,34.812306],[137.354068,34.812682],[137.353894,34.813023],[137.353761,34.81312],[137.353671,34.813209],[137.353604,34.813302],[137.353568,34.813382],[137.353439,34.813798],[137.353736,34.813841],[137.354215,34.813926],[137.355142,34.81414],[137.355553,34.814223],[137.355645,34.81415],[137.355933,34.814301]]]}},{"type":"Feature","id":"23207164004","properties":{"KEY_CODE":"23207164004","PREF":"23","CITY":"207","S_AREA":"164004","PREF_NAME":"愛知県","CITY_NAME":"豊川市","S_NAME":"宿町青木","HCODE":8101,"AREA":174989.124,"KIGO_E":"","JINKO":382,"SETAI":180,"X_CODE":137.359222,"Y_CODE":34.813068},"geometry":{"type":"Polygon","coordinates":[[[137.361237,34.814478],[137.361345,34.814345],[137.361455,34.814182],[137.361517,34.813994],[137.361518,34.813916],[137.36152,34.813826],[137.361636,34.813805],[137.36169,34.813795],[137.361381,34.813576],[137.361734,34.812989],[137.361944,34.812642],[137.362203,34.812211],[137.359455,34.811088],[137.357596,34.8106],[137.357194,34.812294],[137.356879,34.813606],[137.356058,34.813463],[137.355933,34.814301],[137.356066,34.814343],[137.356407,34.814243],[137.356508,34.814393],[137.357044,34.814599],[137.357089,34.814461],[137.357918,34.814526],[137.35807,34.814527],[137.358546,34.814429],[137.358678,34.814415],[137.3588,34.814461],[137.358814,34.814466],[137.359211,34.814668],[137.360026,34.815091],[137.360158,34.815179],[137.360443,34.815465],[137.360474,34.815515],[137.360504,34.815586],[137.360544,34.815728],[137.360607,34.815797],[137.360688,34.815843],[137.360867,34.815957],[137.360885,34.815967],[137.360927,34.81597],[137.360969,34.815938],[137.361039,34.815777],[137.361065,34.815708],[137.361083,34.815676],[137.361154,34.815333],[137.360968,34.815248],[137.360889,34.815193],[137.360837,34.815126],[137.360814,34.815045],[137.360849,34.814949],[137.360902,34.814859],[137.360997,34.814773],[137.361088,34.814695],[137.361176,34.814589],[137.361213,34.814522],[137.361237,34.814478]]]}},{"type":"Feature","id":"23207164005","properties":{"KEY_CODE":"23207164005","PREF":"23","CITY":"207","S_AREA":"164005","PREF_NAME":"愛知県","CITY_NAME":"豊川市","S_NAME":"宿町弥重","HCODE":8101,"AREA":14475.624,"KIGO_E":"","JINKO":53,"SETAI":17,"X_CODE":137.356252,"Y_CODE":34.809929},"geometry":{"type":"Polygon","coordinates":[[[137.355739,34.810919],[137.35618,34.810576],[137.356613,34.81013],[137.357283,34.809212],[137.356916,34.809238],[137.356723,34.809219],[137.356565,34.809238],[137.35614,34.80925],[137.356079,34.809419],[137.355871,34.809368],[137.355849,34.809478],[137.355642,34.80943],[137.355582,34.809519],[137.35601,34.809725],[137.355995,34.809815],[137.355886,34.810076],[137.355647,34.810393],[137.355544,34.810359],[137.355507,34.81043],[137.355452,34.810483],[137.35533,34.810649],[137.355739,34.810919]]]}},{"type":"Feature","id":"232071650","properties":{"KEY_CODE":"232071650","PREF":"23","CITY":"207","S_AREA":"165008","PREF_NAME":"愛知県","CITY_NAME":"豊川市","S_NAME":"平井町","HCODE":8101,"AREA":1031676.385,"KIGO_E":"","JINKO":987,"SETAI":356,"X_CODE":137.355313,"Y_CODE":34.791154},"geometry":{"type":"Polygon","coordinates":[[[137.359787,34.793304],[137.360224,34.792991],[137.361029,34.793612],[137.361556,34.793993],[137.362453,34.792855],[137.364247,34.793894],[137.364108,34.794102],[137.364105,34.794204],[137.364129,34.794297],[137.364192,34.794335],[137.364222,34.794334],[137.364323,34.794283],[137.364399,34.794264],[137.364454,34.794242],[137.364496,34.794194],[137.364929,34.793623],[137.365089,34.7935],[137.365329,34.792892],[137.365337,34.792792],[137.365125,34.792308],[137.364916,34.791878],[137.364857,34.791733],[137.364841,34.791729],[137.364034,34.791502],[137.363902,34.791422],[137.363761,34.791289],[137.363712,34.791216],[137.363421,34.790759],[137.363455,34.790669],[137.363426,34.790611],[137.362286,34.790279],[137.361804,34.790171],[137.361433,34.790078],[137.360872,34.789809],[137.360711,34.789744],[137.360689,34.789735],[137.360414,34.789661],[137.359771,34.789539],[137.358617,34.789265],[137.358467,34.789243],[137.358428,34.789226],[137.358196,34.789127],[137.357876,34.78902],[137.35754,34.788903],[137.357248,34.788769],[137.356995,34.788576],[137.356806,34.788467],[137.356721,34.788418],[137.356708,34.788411],[137.356427,34.78829],[137.356042,34.788119],[137.355687,34.787839],[137.355358,34.787592],[137.355066,34.787417],[137.354823,34.787242],[137.354444,34.787067],[137.353951,34.786917],[137.353367,34.786631],[137.352917,34.78645],[137.352446,34.786278],[137.351996,34.786124],[137.351541,34.78593],[137.351222,34.785773],[137.350795,34.785524],[137.350525,34.785322],[137.350396,34.785226],[137.350073,34.784955],[137.349836,34.784781],[137.34961,34.784579],[137.349335,34.784346],[137.349136,34.784144],[137.348916,34.783916],[137.348595,34.78374],[137.348236,34.784128],[137.348173,34.784235],[137.347996,34.784256],[137.347984,34.784258],[137.347597,34.784315],[137.347377,34.784358],[137.347231,34.784387],[137.346465,34.784527],[137.346563,34.784624],[137.346637,34.784691],[137.346729,34.78478],[137.346855,34.784878],[137.347033,34.785013],[137.347213,34.785147],[137.347465,34.785321],[137.347652,34.785434],[137.347922,34.785572],[137.348168,34.785673],[137.348402,34.785784],[137.348557,34.785873],[137.34872,34.785983],[137.348858,34.786075],[137.348996,34.786157],[137.349179,34.786261],[137.349354,34.786349],[137.349512,34.786425],[137.349396,34.786953],[137.349372,34.787046],[137.349351,34.787189],[137.349266,34.787406],[137.349187,34.787542],[137.349166,34.787607],[137.349147,34.787656],[137.349162,34.787806],[137.349209,34.787886],[137.349249,34.787931],[137.349423,34.787949],[137.349439,34.788202],[137.349462,34.788314],[137.349503,34.788501],[137.349552,34.788799],[137.349546,34.788949],[137.349511,34.789099],[137.349428,34.789276],[137.349303,34.789468],[137.349275,34.789559],[137.349254,34.789626],[137.349247,34.789647],[137.349204,34.789851],[137.349198,34.789991],[137.3492,34.790111],[137.3492,34.790353],[137.349223,34.790494],[137.349262,34.790649],[137.34934,34.790817],[137.349392,34.790887],[137.34951,34.791006],[137.349617,34.791117],[137.349733,34.791242],[137.349807,34.791333],[137.349885,34.791448],[137.349961,34.791576],[137.350035,34.791646],[137.350201,34.791718],[137.350276,34.791786],[137.350341,34.79187],[137.350424,34.791993],[137.350476,34.792132],[137.350532,34.792318],[137.350587,34.792531],[137.350658,34.792853],[137.350663,34.792952],[137.350674,34.79298],[137.350713,34.793075],[137.350789,34.793185],[137.350991,34.793396],[137.351194,34.793631],[137.351332,34.793817],[137.351399,34.793952],[137.351478,34.794134],[137.351602,34.794255],[137.351859,34.794589],[137.352099,34.794877],[137.352451,34.795307],[137.352476,34.795327],[137.352964,34.79579],[137.35304,34.795838],[137.353487,34.796258],[137.353754,34.796457],[137.354166,34.796788],[137.354585,34.797103],[137.355203,34.797504],[137.355726,34.797788],[137.355987,34.797921],[137.356158,34.797695],[137.356365,34.79717],[137.356675,34.796633],[137.356577,34.796509],[137.356782,34.796481],[137.356863,34.796251],[137.357317,34.795593],[137.357251,34.795557],[137.357567,34.795336],[137.358626,34.794856],[137.358899,34.793885],[137.359382,34.793567],[137.359787,34.793304]]]}},{"type":"Feature","id":"23207166003","properties":{"KEY_CODE":"23207166003","PREF":"23","CITY":"207","S_AREA":"166003","PREF_NAME":"愛知県","CITY_NAME":"豊川市","S_NAME":"伊奈町野川","HCODE":8101,"AREA":16545.8,"KIGO_E":"","JINKO":0,"SETAI":0,"X_CODE":137.35325,"Y_CODE":34.813153},"geometry":{"type":"Polygon","coordinates":[[[137.353439,34.813798],[137.353568,34.813382],[137.353604,34.813302],[137.353671,34.813209],[137.353761,34.81312],[137.353894,34.813023],[137.354068,34.812682],[137.3542,34.812306],[137.354311,34.812084],[137.35456,34.811741],[137.353858,34.812232],[137.353613,34.812421],[137.35346,34.812539],[137.352449,34.813466],[137.351883,34.814009],[137.35194,34.813993],[137.352066,34.813986],[137.352232,34.814022],[137.352423,34.814028],[137.352617,34.814006],[137.352782,34.813997],[137.352819,34.813815],[137.352883,34.813765],[137.353105,34.81375],[137.353439,34.813798]]]}},{"type":"Feature","id":"23207166005","properties":{"KEY_CODE":"23207166005","PREF":"23","CITY":"207","S_AREA":"166005","PREF_NAME":"愛知県","CITY_NAME":"豊川市","S_NAME":"伊奈町野川","HCODE":8101,"AREA":157688.885,"KIGO_E":"","JINKO":910,"SETAI":347,"X_CODE":137.35319,"Y_CODE":34.810727},"geometry":{"type":"Polygon","coordinates":[[[137.355507,34.81043],[137.355544,34.810359],[137.355647,34.810393],[137.355886,34.810076],[137.355995,34.809815],[137.35601,34.809725],[137.355582,34.809519],[137.355642,34.80943],[137.355849,34.809478],[137.355871,34.809368],[137.356079,34.809419],[137.35614,34.80925],[137.355842,34.80926],[137.355592,34.80923],[137.355366,34.809157],[137.355256,34.809135],[137.354855,34.808999],[137.354649,34.808964],[137.354594,34.808941],[137.35425,34.808995],[137.352718,34.809231],[137.35289,34.807943],[137.352553,34.807921],[137.352087,34.807374],[137.351402,34.808892],[137.351141,34.809487],[137.351515,34.809428],[137.351668,34.809559],[137.352056,34.809869],[137.351508,34.810446],[137.351851,34.810733],[137.351397,34.811219],[137.352052,34.811692],[137.351784,34.811987],[137.352384,34.812478],[137.351223,34.813732],[137.350406,34.814681],[137.350609,34.814694],[137.351075,34.814746],[137.351629,34.814132],[137.351778,34.81404],[137.351883,34.814009],[137.352449,34.813466],[137.35346,34.812539],[137.353613,34.812421],[137.353858,34.812232],[137.35456,34.811741],[137.355739,34.810919],[137.35533,34.810649],[137.355452,34.810483],[137.355507,34.81043]]]}},{"type":"Feature","id":"23207166006","properties":{"KEY_CODE":"23207166006","PREF":"23","CITY":"207","S_AREA":"166006","PREF_NAME":"愛知県","CITY_NAME":"豊川市","S_NAME":"伊奈町茶屋","HCODE":8101,"AREA":216755.913,"KIGO_E":"","JINKO":1153,"SETAI":436,"X_CODE":137.354528,"Y_CODE":34.807002},"geometry":{"type":"Polygon","coordinates":[[[137.35425,34.808995],[137.354594,34.808941],[137.354649,34.808964],[137.354855,34.808999],[137.355256,34.809135],[137.355366,34.809157],[137.355519,34.808995],[137.355672,34.809072],[137.355944,34.809141],[137.356198,34.808757],[137.356294,34.808802],[137.356658,34.808367],[137.356864,34.808433],[137.357147,34.808008],[137.35737,34.808184],[137.357388,34.808097],[137.357447,34.807778],[137.357447,34.80765],[137.357484,34.807525],[137.357516,34.807481],[137.357565,34.807454],[137.357598,34.807422],[137.357727,34.807188],[137.3579,34.807261],[137.357969,34.807257],[137.357999,34.807229],[137.358343,34.806612],[137.357901,34.80641],[137.357662,34.806634],[137.356868,34.806342],[137.356655,34.806248],[137.356699,34.805981],[137.356725,34.805888],[137.356764,34.805827],[137.356882,34.805695],[137.35703,34.805441],[137.357041,34.805398],[137.356618,34.805206],[137.356564,34.80518],[137.356098,34.805033],[137.356037,34.805013],[137.355582,34.804879],[137.355121,34.804749],[137.353865,34.804627],[137.353417,34.804584],[137.353095,34.804991],[137.352835,34.80533],[137.352281,34.80605],[137.351597,34.806946],[137.351196,34.807462],[137.350443,34.80844],[137.350879,34.808633],[137.351402,34.808892],[137.352087,34.807374],[137.352553,34.807921],[137.35289,34.807943],[137.352718,34.809231],[137.35425,34.808995]]]}},{"type":"Feature","id":"23207166007","properties":{"KEY_CODE":"23207166007","PREF":"23","CITY":"207","S_AREA":"166007","PREF_NAME":"愛知県","CITY_NAME":"豊川市","S_NAME":"伊奈町佐脇原","HCODE":8101,"AREA":545708.247,"KIGO_E":"","JINKO":1304,"SETAI":490,"X_CODE":137.345968,"Y_CODE":34.811},"geometry":{"type":"Polygon","coordinates":[[[137.350406,34.814681],[137.351223,34.813732],[137.352384,34.812478],[137.351784,34.811987],[137.352052,34.811692],[137.351397,34.811219],[137.351851,34.810733],[137.351508,34.810446],[137.352056,34.809869],[137.351668,34.809559],[137.351515,34.809428],[137.351141,34.809487],[137.351402,34.808892],[137.350879,34.808633],[137.350443,34.80844],[137.349597,34.809551],[137.349116,34.809474],[137.347219,34.809177],[137.346096,34.808999],[137.345824,34.808958],[137.345304,34.808876],[137.344027,34.808683],[137.34316,34.808549],[137.341844,34.808336],[137.341657,34.808306],[137.340868,34.808182],[137.339848,34.808019],[137.338647,34.807834],[137.337735,34.807691],[137.337801,34.80845],[137.338313,34.808807],[137.340133,34.810115],[137.341075,34.810775],[137.342676,34.81193],[137.342369,34.812547],[137.342363,34.812564],[137.342341,34.81263],[137.342396,34.812694],[137.34249,34.812766],[137.342543,34.812761],[137.342612,34.81273],[137.342647,34.812762],[137.34273,34.812919],[137.342731,34.812957],[137.342598,34.813054],[137.342581,34.813088],[137.342595,34.813127],[137.342658,34.813218],[137.342753,34.813313],[137.342865,34.813422],[137.342943,34.813475],[137.343061,34.813505],[137.343145,34.813547],[137.343218,34.813602],[137.343434,34.81378],[137.343604,34.813929],[137.343799,34.814077],[137.343892,34.814148],[137.344219,34.814267],[137.344323,34.814317],[137.3445,34.814388],[137.344528,34.814368],[137.34518,34.813703],[137.345632,34.813252],[137.345922,34.812862],[137.3468,34.813176],[137.34711,34.813225],[137.347198,34.813248],[137.347315,34.813264],[137.347464,34.813343],[137.348055,34.81364],[137.348129,34.813633],[137.348218,34.813647],[137.348443,34.813723],[137.348974,34.813959],[137.349109,34.813906],[137.34921,34.81393],[137.349423,34.814014],[137.349531,34.814043],[137.349842,34.814122],[137.350131,34.814493],[137.350406,34.814681]]]}},{"type":"Feature","id":"23207166009","properties":{"KEY_CODE":"23207166009","PREF":"23","CITY":"207","S_AREA":"166009","PREF_NAME":"愛知県","CITY_NAME":"豊川市","S_NAME":"伊奈町新屋","HCODE":8101,"AREA":836439.677,"KIGO_E":"","JINKO":2714,"SETAI":1168,"X_CODE":137.350663,"Y_CODE":34.801399},"geometry":{"type":"Polygon","coordinates":[[[137.357202,34.805136],[137.357452,34.804469],[137.35748,34.804427],[137.357558,34.804171],[137.357779,34.803567],[137.35778,34.803536],[137.357772,34.803436],[137.357808,34.803164],[137.357841,34.802995],[137.357924,34.802758],[137.358197,34.802482],[137.357872,34.802365],[137.357589,34.802281],[137.357771,34.801686],[137.357859,34.801497],[137.357773,34.80145],[137.35787,34.801357],[137.358279,34.800976],[137.358754,34.800539],[137.358609,34.800393],[137.358211,34.7999],[137.358081,34.799938],[137.357569,34.799522],[137.357447,34.799443],[137.357387,34.799397],[137.357357,34.799373],[137.357416,34.799211],[137.357387,34.799139],[137.357253,34.798974],[137.356746,34.798538],[137.356411,34.798227],[137.355987,34.797921],[137.355726,34.797788],[137.355203,34.797504],[137.354585,34.797103],[137.354166,34.796788],[137.353754,34.796457],[137.353271,34.796689],[137.352102,34.797245],[137.351908,34.797337],[137.350188,34.798202],[137.350042,34.798274],[137.349382,34.798599],[137.348928,34.798827],[137.348495,34.799034],[137.347324,34.799596],[137.346034,34.800248],[137.345299,34.800601],[137.344048,34.801205],[137.342245,34.802073],[137.340522,34.802907],[137.34028,34.803023],[137.339042,34.803619],[137.337401,34.804424],[137.337405,34.804463],[137.337462,34.805012],[137.338828,34.804944],[137.339452,34.80492],[137.340016,34.804964],[137.341752,34.804942],[137.341737,34.804307],[137.34269,34.804285],[137.344227,34.804243],[137.345192,34.804232],[137.34518,34.803565],[137.345169,34.803143],[137.345148,34.802274],[137.348573,34.802215],[137.348577,34.802965],[137.349898,34.802943],[137.350907,34.802917],[137.352027,34.802886],[137.352674,34.802859],[137.352652,34.8036],[137.352703,34.804767],[137.352951,34.804765],[137.353095,34.804991],[137.353417,34.804584],[137.353865,34.804627],[137.355121,34.804749],[137.355582,34.804879],[137.356037,34.805013],[137.356098,34.805033],[137.356564,34.80518],[137.356618,34.805206],[137.357041,34.805398],[137.357202,34.805136]]]}},{"type":"Feature","id":"23207166010","properties":{"KEY_CODE":"23207166010","PREF":"23","CITY":"207","S_AREA":"166010","PREF_NAME":"愛知県","CITY_NAME":"豊川市","S_NAME":"伊奈町佐脇原","HCODE":8101,"AREA":209744.164,"KIGO_E":"","JINKO":1278,"SETAI":451,"X_CODE":137.349153,"Y_CODE":34.804098},"geometry":{"type":"Polygon","coordinates":[[[137.353095,34.804991],[137.352951,34.804765],[137.352703,34.804767],[137.352652,34.8036],[137.352674,34.802859],[137.352027,34.802886],[137.350907,34.802917],[137.349898,34.802943],[137.348577,34.802965],[137.348573,34.802215],[137.345148,34.802274],[137.345169,34.803143],[137.34518,34.803565],[137.345192,34.804232],[137.34521,34.804949],[137.348316,34.804901],[137.348389,34.804901],[137.348814,34.804906],[137.349955,34.804876],[137.350842,34.804856],[137.350852,34.805394],[137.350883,34.806089],[137.350891,34.806744],[137.350903,34.806861],[137.350469,34.807427],[137.351196,34.807462],[137.351597,34.806946],[137.352281,34.80605],[137.352835,34.80533],[137.353095,34.804991]]]}},{"type":"Feature","id":"23207166011","properties":{"KEY_CODE":"23207166011","PREF":"23","CITY":"207","S_AREA":"166011","PREF_NAME":"愛知県","CITY_NAME":"豊川市","S_NAME":"伊奈町前山","HCODE":8101,"AREA":155953.44,"KIGO_E":"","JINKO":1001,"SETAI":412,"X_CODE":137.350514,"Y_CODE":34.795409},"geometry":{"type":"Polygon","coordinates":[[[137.351859,34.794589],[137.351602,34.794255],[137.351478,34.794134],[137.351161,34.79389],[137.351114,34.79385],[137.351055,34.7938],[137.350929,34.793705],[137.350692,34.793527],[137.350447,34.793376],[137.350312,34.793316],[137.350243,34.793285],[137.349937,34.79315],[137.349742,34.793017],[137.34952,34.79291],[137.349326,34.792836],[137.349164,34.792791],[137.349019,34.792742],[137.348881,34.792628],[137.34867,34.79244],[137.348616,34.792375],[137.348096,34.793116],[137.349083,34.793577],[137.348757,34.79407],[137.348546,34.794365],[137.348523,34.794383],[137.348477,34.794391],[137.348382,34.794359],[137.348358,34.794367],[137.348335,34.794388],[137.348261,34.794572],[137.348215,34.794631],[137.348133,34.794692],[137.347797,34.794907],[137.347588,34.79522],[137.348554,34.795654],[137.35036,34.796517],[137.349582,34.797568],[137.349494,34.797691],[137.35005,34.797934],[137.350188,34.798202],[137.351908,34.797337],[137.352102,34.797245],[137.353271,34.796689],[137.353754,34.796457],[137.353487,34.796258],[137.35304,34.795838],[137.352964,34.79579],[137.352476,34.795327],[137.352451,34.795307],[137.352099,34.794877],[137.351859,34.794589]]]}},{"type":"Feature","id":"23207166012","properties":{"KEY_CODE":"23207166012","PREF":"23","CITY":"207","S_AREA":"166012","PREF_NAME":"愛知県","CITY_NAME":"豊川市","S_NAME":"伊奈町縫殿","HCODE":8101,"AREA":2332230.801,"KIGO_E":"","JINKO":2767,"SETAI":1002,"X_CODE":137.33959,"Y_CODE":34.795515},"geometry":{"type":"Polygon","coordinates":[[[137.337401,34.804424],[137.339042,34.803619],[137.34028,34.803023],[137.340522,34.802907],[137.342245,34.802073],[137.344048,34.801205],[137.345299,34.800601],[137.346034,34.800248],[137.347324,34.799596],[137.348495,34.799034],[137.348928,34.798827],[137.349382,34.798599],[137.350042,34.798274],[137.350188,34.798202],[137.35005,34.797934],[137.349494,34.797691],[137.349582,34.797568],[137.35036,34.796517],[137.348554,34.795654],[137.347588,34.79522],[137.347797,34.794907],[137.348133,34.794692],[137.348215,34.794631],[137.348261,34.794572],[137.348335,34.794388],[137.348358,34.794367],[137.348382,34.794359],[137.348477,34.794391],[137.348523,34.794383],[137.348546,34.794365],[137.348757,34.79407],[137.349083,34.793577],[137.348096,34.793116],[137.348616,34.792375],[137.348575,34.792326],[137.348321,34.791913],[137.348088,34.791573],[137.34797,34.791416],[137.347691,34.791182],[137.347599,34.791117],[137.347349,34.790989],[137.347101,34.790846],[137.346836,34.79062],[137.346665,34.790473],[137.346522,34.790332],[137.34643,34.790258],[137.346211,34.790142],[137.346062,34.790083],[137.345726,34.789951],[137.345487,34.789859],[137.345214,34.789793],[137.345035,34.789754],[137.344942,34.789743],[137.344731,34.789737],[137.344377,34.789728],[137.34428,34.789696],[137.34416,34.789627],[137.34403,34.789563],[137.343921,34.789506],[137.343634,34.78939],[137.343301,34.789317],[137.343182,34.789283],[137.342928,34.789201],[137.342694,34.789113],[137.342541,34.78904],[137.342439,34.789004],[137.342326,34.788988],[137.342316,34.788968],[137.342254,34.788848],[137.342209,34.78873],[137.342166,34.788589],[137.342143,34.7884],[137.342143,34.78833],[137.342136,34.788235],[137.34216,34.788104],[137.342186,34.787945],[137.342232,34.787787],[137.342274,34.787612],[137.342245,34.787586],[137.341963,34.787411],[137.341916,34.78734],[137.341846,34.787202],[137.341763,34.787122],[137.341676,34.787051],[137.341638,34.786704],[137.341565,34.786681],[137.34149,34.786658],[137.341342,34.786614],[137.341166,34.78657],[137.341067,34.786558],[137.340876,34.786547],[137.340651,34.786503],[137.340434,34.78648],[137.340373,34.786543],[137.340309,34.786635],[137.340186,34.786809],[137.33868,34.786917],[137.338237,34.786954],[137.338176,34.786969],[137.338058,34.786971],[137.337956,34.786977],[137.33795,34.786976],[137.337865,34.786972],[137.337795,34.787045],[137.337616,34.787205],[137.337475,34.78734],[137.337451,34.787418],[137.337411,34.787514],[137.337365,34.787641],[137.33732,34.787739],[137.337291,34.787841],[137.33721,34.787955],[137.337119,34.788084],[137.337026,34.78817],[137.336957,34.788309],[137.336941,34.78838],[137.337018,34.788467],[137.337016,34.788548],[137.337019,34.78867],[137.337023,34.788738],[137.337014,34.788826],[137.333668,34.789127],[137.333652,34.789177],[137.333606,34.789323],[137.333544,34.78951],[137.3335,34.789663],[137.333358,34.790125],[137.330698,34.789671],[137.330551,34.789838],[137.330455,34.789944],[137.329965,34.790073],[137.330118,34.790602],[137.330215,34.790908],[137.330376,34.791248],[137.330528,34.791509],[137.330681,34.791681],[137.330929,34.791913],[137.331394,34.792323],[137.331559,34.792516],[137.331771,34.792806],[137.331904,34.793064],[137.332022,34.79335],[137.332084,34.793566],[137.332177,34.794022],[137.331809,34.794243],[137.331633,34.794111],[137.331507,34.794041],[137.33135,34.793958],[137.331149,34.794193],[137.331048,34.794352],[137.330951,34.794492],[137.330928,34.794552],[137.33092,34.794595],[137.330906,34.794713],[137.330893,34.794739],[137.330845,34.794783],[137.330813,34.794842],[137.330735,34.795088],[137.330733,34.795133],[137.330811,34.795284],[137.330895,34.795402],[137.330897,34.79542],[137.33075,34.795555],[137.330744,34.795622],[137.330782,34.795791],[137.330821,34.795883],[137.330847,34.795917],[137.330958,34.796008],[137.331046,34.796049],[137.331066,34.796066],[137.331197,34.796268],[137.331254,34.796339],[137.331284,34.796361],[137.331431,34.796438],[137.331485,34.796525],[137.331487,34.796552],[137.331349,34.7967],[137.331342,34.796721],[137.331356,34.796862],[137.331352,34.796885],[137.3313,34.796937],[137.331293,34.796949],[137.331287,34.797042],[137.331274,34.797253],[137.331262,34.797281],[137.331221,34.797351],[137.331146,34.797461],[137.331127,34.797467],[137.331294,34.797667],[137.331476,34.797663],[137.331937,34.79773],[137.332158,34.797923],[137.332296,34.798121],[137.332283,34.798235],[137.332289,34.798231],[137.33231,34.798511],[137.332383,34.798753],[137.332454,34.798908],[137.332472,34.798947],[137.332623,34.799175],[137.33272,34.799399],[137.332936,34.799456],[137.333078,34.79955],[137.333219,34.799654],[137.333316,34.799696],[137.333464,34.79982],[137.333738,34.800052],[137.333882,34.800122],[137.334066,34.800181],[137.334077,34.800201],[137.334072,34.800235],[137.333989,34.80052],[137.333977,34.800622],[137.333988,34.800667],[137.334001,34.800706],[137.334076,34.800819],[137.334065,34.800909],[137.334041,34.800971],[137.334031,34.801049],[137.334036,34.801243],[137.334189,34.801478],[137.333774,34.801832],[137.333694,34.801977],[137.333625,34.802053],[137.333651,34.802282],[137.333072,34.802587],[137.332475,34.80298],[137.331809,34.803493],[137.331835,34.803527],[137.332028,34.803791],[137.332216,34.804],[137.332409,34.804159],[137.33254,34.804276],[137.332613,34.804303],[137.332696,34.804314],[137.332932,34.8043],[137.333701,34.804255],[137.334182,34.804223],[137.33439,34.804189],[137.33557,34.804119],[137.337369,34.804005],[137.337401,34.804424]]]}},{"type":"Feature","id":"23207166013","properties":{"KEY_CODE":"23207166013","PREF":"23","CITY":"207","S_AREA":"166013","PREF_NAME":"愛知県","CITY_NAME":"豊川市","S_NAME":"伊奈町佐脇原","HCODE":8101,"AREA":44948.993,"KIGO_E":"","JINKO":369,"SETAI":131,"X_CODE":137.343449,"Y_CODE":34.804925},"geometry":{"type":"Polygon","coordinates":[[[137.343258,34.806029],[137.343622,34.805435],[137.345224,34.805398],[137.345204,34.805214],[137.34521,34.804949],[137.345192,34.804232],[137.344227,34.804243],[137.34269,34.804285],[137.341737,34.804307],[137.341752,34.804942],[137.341758,34.805288],[137.341753,34.805456],[137.342728,34.805439],[137.342729,34.805961],[137.343258,34.806029]]]}},{"type":"Feature","id":"23207166014","properties":{"KEY_CODE":"23207166014","PREF":"23","CITY":"207","S_AREA":"166014","PREF_NAME":"愛知県","CITY_NAME":"豊川市","S_NAME":"伊奈町佐脇原","HCODE":8101,"AREA":108896.699,"KIGO_E":"","JINKO":0,"SETAI":0,"X_CODE":137.339475,"Y_CODE":34.806462},"geometry":{"type":"Polygon","coordinates":[[[137.341844,34.808336],[137.341768,34.808245],[137.341583,34.808051],[137.341527,34.807983],[137.341355,34.807598],[137.340747,34.806243],[137.340376,34.805561],[137.341748,34.805556],[137.341753,34.805456],[137.341758,34.805288],[137.341752,34.804942],[137.340016,34.804964],[137.339452,34.80492],[137.338828,34.804944],[137.337462,34.805012],[137.337658,34.80701],[137.337735,34.807691],[137.338647,34.807834],[137.339848,34.808019],[137.340868,34.808182],[137.341657,34.808306],[137.341844,34.808336]]]}},{"type":"Feature","id":"23207167001","properties":{"KEY_CODE":"23207167001","PREF":"23","CITY":"207","S_AREA":"167001","PREF_NAME":"愛知県","CITY_NAME":"豊川市","S_NAME":"美園一丁目","HCODE":8101,"AREA":128705.763,"KIGO_E":"","JINKO":597,"SETAI":231,"X_CODE":137.343243,"Y_CODE":34.806988},"geometry":{"type":"Polygon","coordinates":[[[137.345254,34.80616],[137.345243,34.805474],[137.345224,34.805398],[137.343622,34.805435],[137.343258,34.806029],[137.342729,34.805961],[137.342728,34.805439],[137.341753,34.805456],[137.341748,34.805556],[137.340376,34.805561],[137.340747,34.806243],[137.341355,34.807598],[137.341527,34.807983],[137.341583,34.808051],[137.341768,34.808245],[137.341844,34.808336],[137.34316,34.808549],[137.344027,34.808683],[137.345304,34.808876],[137.345299,34.808231],[137.345287,34.807523],[137.345274,34.806838],[137.345254,34.80616]]]}},{"type":"Feature","id":"23207167002","properties":{"KEY_CODE":"23207167002","PREF":"23","CITY":"207","S_AREA":"167002","PREF_NAME":"愛知県","CITY_NAME":"豊川市","S_NAME":"美園二丁目","HCODE":8101,"AREA":92855.151,"KIGO_E":"","JINKO":774,"SETAI":323,"X_CODE":137.348072,"Y_CODE":34.808317},"geometry":{"type":"Polygon","coordinates":[[[137.350443,34.80844],[137.351196,34.807462],[137.350469,34.807427],[137.349742,34.807441],[137.349206,34.807451],[137.348933,34.807456],[137.347268,34.807486],[137.347102,34.807478],[137.345287,34.807523],[137.345299,34.808231],[137.345304,34.808876],[137.345824,34.808958],[137.346096,34.808999],[137.347219,34.809177],[137.349116,34.809474],[137.349597,34.809551],[137.350443,34.80844]]]}},{"type":"Feature","id":"23207167003","properties":{"KEY_CODE":"23207167003","PREF":"23","CITY":"207","S_AREA":"167003","PREF_NAME":"愛知県","CITY_NAME":"豊川市","S_NAME":"美園三丁目","HCODE":8101,"AREA":145072.672,"KIGO_E":"","JINKO":1041,"SETAI":426,"X_CODE":137.348041,"Y_CODE":34.806179},"geometry":{"type":"Polygon","coordinates":[[[137.345287,34.807523],[137.347102,34.807478],[137.347268,34.807486],[137.348933,34.807456],[137.349206,34.807451],[137.349742,34.807441],[137.350469,34.807427],[137.350903,34.806861],[137.350891,34.806744],[137.350883,34.806089],[137.350852,34.805394],[137.350842,34.804856],[137.349955,34.804876],[137.348814,34.804906],[137.348389,34.804901],[137.348316,34.804901],[137.34521,34.804949],[137.345204,34.805214],[137.345224,34.805398],[137.345243,34.805474],[137.345254,34.80616],[137.345274,34.806838],[137.345287,34.807523]]]}}]}