{"type":"FeatureCollection","name":"23445_南知多町","crs":{"type":"name","properties":{"name":"urn:ogc:def:crs:OGC:1.3:CRS84"}},"features":[{"type":"Feature","id":"234450010","properties":{"KEY_CODE":"234450010","PREF":"23","CITY":"445","S_AREA":"001000","PREF_NAME":"愛知県","CITY_NAME":"南知多町","S_NAME":"大字内海","HCODE":8101,"AREA":12203051.374,"KIGO_E":"","JINKO":3892,"SETAI":1553,"X_CODE":136.883222,"Y_CODE":34.745841},"geometry":{"type":"Polygon","coordinates":[[[136.888794,34.765279],[136.888777,34.765239],[136.888938,34.765247],[136.889041,34.765252],[136.889323,34.765266],[136.889587,34.76528],[136.889677,34.7652],[136.889798,34.765092],[136.889858,34.76504],[136.889917,34.764921],[136.889964,34.764759],[136.890333,34.7647],[136.890662,34.764708],[136.890826,34.764711],[136.890863,34.764712],[136.890902,34.764713],[136.891075,34.764523],[136.891314,34.76455],[136.891748,34.7646],[136.892103,34.764491],[136.892414,34.764424],[136.892735,34.764402],[136.892828,34.764408],[136.893215,34.764354],[136.893473,34.764319],[136.893924,34.764256],[136.894559,34.764362],[136.895386,34.764362],[136.896087,34.763992],[136.896638,34.763446],[136.897035,34.763391],[136.897529,34.763237],[136.89797,34.762973],[136.89826,34.762608],[136.89816,34.76226],[136.898145,34.762208],[136.898095,34.761855],[136.897947,34.761509],[136.898098,34.760906],[136.898374,34.760721],[136.898423,34.760352],[136.898612,34.760129],[136.89878,34.759979],[136.898821,34.759943],[136.89901,34.759682],[136.899069,34.759634],[136.899327,34.759479],[136.899441,34.759369],[136.899528,34.75921],[136.899568,34.758981],[136.899429,34.758481],[136.899103,34.758097],[136.898883,34.757788],[136.898816,34.757618],[136.898874,34.757444],[136.898943,34.757235],[136.898968,34.756834],[136.898992,34.756421],[136.899135,34.756277],[136.899034,34.756108],[136.899141,34.756073],[136.899097,34.755957],[136.899118,34.755794],[136.899128,34.75565],[136.899105,34.75556],[136.89906,34.755362],[136.899005,34.755182],[136.898982,34.755055],[136.898927,34.754884],[136.898937,34.754695],[136.899012,34.754631],[136.899131,34.754504],[136.899217,34.754386],[136.899314,34.754259],[136.899378,34.754177],[136.899581,34.754117],[136.899888,34.754038],[136.90017,34.753946],[136.900527,34.753826],[136.900743,34.753662],[136.900949,34.753497],[136.901133,34.753442],[136.901274,34.753396],[136.901393,34.753323],[136.901478,34.753087],[136.901553,34.752879],[136.901606,34.752671],[136.901734,34.752409],[136.901905,34.751947],[136.902034,34.751721],[136.90214,34.75135],[136.902302,34.751169],[136.902453,34.751131],[136.902627,34.751103],[136.9028,34.751056],[136.902898,34.751002],[136.902951,34.750848],[136.902949,34.750568],[136.902947,34.750198],[136.902966,34.749828],[136.902932,34.749648],[136.902877,34.749522],[136.902768,34.749406],[136.902658,34.749226],[136.902624,34.749055],[136.902645,34.748884],[136.902665,34.748658],[136.902653,34.748459],[136.902598,34.748343],[136.902521,34.748235],[136.902498,34.748064],[136.902552,34.748045],[136.902888,34.747961],[136.902997,34.747935],[136.903027,34.747928],[136.903745,34.747756],[136.90394,34.747629],[136.904057,34.747357],[136.904153,34.747113],[136.904325,34.746778],[136.904496,34.746397],[136.904452,34.746253],[136.904396,34.746137],[136.904395,34.745902],[136.904437,34.745757],[136.904442,34.745721],[136.904451,34.745633],[136.904458,34.745577],[136.904544,34.745414],[136.904695,34.745277],[136.904748,34.745087],[136.904732,34.744915],[136.904724,34.744826],[136.904657,34.744529],[136.904676,34.744217],[136.904677,34.744204],[136.904806,34.744013],[136.904902,34.743868],[136.904956,34.743696],[136.904976,34.743516],[136.905022,34.743368],[136.905112,34.743309],[136.905138,34.743298],[136.90529,34.743369],[136.90553,34.743457],[136.905671,34.743456],[136.905866,34.743419],[136.906061,34.743426],[136.906268,34.743461],[136.906496,34.743423],[136.906636,34.743286],[136.906744,34.743132],[136.906856,34.742974],[136.906921,34.742892],[136.907088,34.742687],[136.907244,34.742515],[136.907261,34.742497],[136.907541,34.742197],[136.90756,34.742166],[136.907659,34.742006],[136.907831,34.741734],[136.908046,34.741372],[136.908249,34.740937],[136.908399,34.740674],[136.908554,34.740587],[136.908644,34.740573],[136.908724,34.740564],[136.908931,34.740544],[136.909082,34.740453],[136.909233,34.740235],[136.909329,34.740036],[136.909468,34.739791],[136.909619,34.739528],[136.909643,34.739474],[136.909704,34.739338],[136.909837,34.739114],[136.909072,34.738785],[136.908718,34.738443],[136.908627,34.738168],[136.908588,34.737605],[136.908428,34.737562],[136.908032,34.737584],[136.90779,34.737683],[136.907656,34.737835],[136.907475,34.738144],[136.907276,34.738293],[136.906984,34.73834],[136.906548,34.738301],[136.906394,34.738172],[136.906338,34.738042],[136.906381,34.737828],[136.906528,34.737619],[136.906856,34.737293],[136.907107,34.736901],[136.907032,34.736807],[136.90688,34.73678],[136.906186,34.736795],[136.906091,34.736787],[136.90596,34.73669],[136.905874,34.736548],[136.905713,34.736036],[136.905702,34.736019],[136.905216,34.735252],[136.905029,34.735198],[136.9048,34.735164],[136.904539,34.73513],[136.904289,34.73506],[136.90415,34.735023],[136.904087,34.735026],[136.903873,34.735076],[136.903527,34.735187],[136.903265,34.73523],[136.902958,34.735292],[136.902758,34.735334],[136.90259,34.735349],[136.902303,34.735316],[136.902104,34.735301],[136.902059,34.735297],[136.901893,34.735284],[136.901571,34.735251],[136.901422,34.735672],[136.901351,34.735891],[136.901254,34.736179],[136.901033,34.736167],[136.900672,34.736178],[136.900545,34.736183],[136.900297,34.736212],[136.899979,34.736249],[136.899864,34.735763],[136.899378,34.735795],[136.899395,34.735992],[136.89916,34.736047],[136.898878,34.736094],[136.898628,34.736105],[136.898356,34.736071],[136.898106,34.736028],[136.897867,34.735985],[136.897682,34.735959],[136.897487,34.73597],[136.897259,34.73598],[136.897179,34.735956],[136.897047,34.735918],[136.896891,34.735873],[136.896627,34.735825],[136.896418,34.735785],[136.896232,34.735771],[136.896092,34.735855],[136.896042,34.7359],[136.89604,34.7359],[136.895602,34.736307],[136.894515,34.736202],[136.894026,34.736402],[136.893812,34.736469],[136.893538,34.736531],[136.893248,34.736539],[136.893035,34.736506],[136.892714,34.736397],[136.892691,34.736214],[136.892673,34.736011],[136.892651,34.735836],[136.892628,34.735574],[136.892421,34.735588],[136.892305,34.735595],[136.89204,34.735595],[136.891817,34.735585],[136.891545,34.735546],[136.891463,34.735533],[136.891299,34.735518],[136.891115,34.735523],[136.890867,34.735535],[136.890587,34.73553],[136.89057,34.73542],[136.890525,34.734965],[136.890454,34.734851],[136.890269,34.734717],[136.890105,34.734673],[136.889942,34.734584],[136.889767,34.734423],[136.889742,34.733949],[136.88979,34.733803],[136.889873,34.733699],[136.889935,34.733698],[136.890137,34.73356],[136.890274,34.733476],[136.890422,34.733404],[136.890448,34.73338],[136.890461,34.733344],[136.890355,34.733135],[136.8903,34.732963],[136.890289,34.732913],[136.890318,34.732308],[136.89036,34.732173],[136.89037,34.732001],[136.890351,34.731835],[136.890347,34.731803],[136.890291,34.731506],[136.890257,34.731262],[136.890212,34.731082],[136.890191,34.730946],[136.890192,34.730941],[136.890178,34.730866],[136.89022,34.730694],[136.890259,34.730623],[136.890306,34.730549],[136.890489,34.730295],[136.89064,34.73006],[136.890723,34.72989],[136.890746,34.729777],[136.890726,34.729704],[136.89057,34.729546],[136.890384,34.729432],[136.890044,34.729272],[136.889799,34.729115],[136.889597,34.728931],[136.889569,34.728902],[136.889394,34.72872],[136.889202,34.728517],[136.88901,34.728305],[136.888786,34.728157],[136.888619,34.728062],[136.888442,34.727967],[136.888188,34.72791],[136.887915,34.727898],[136.887619,34.727878],[136.887358,34.727848],[136.887008,34.727643],[136.886647,34.727558],[136.886563,34.727538],[136.886183,34.727613],[136.885934,34.727714],[136.885642,34.727825],[136.885462,34.727881],[136.884318,34.728033],[136.884286,34.727987],[136.884165,34.727872],[136.884143,34.727842],[136.884034,34.727693],[136.883858,34.727441],[136.883671,34.727028],[136.883586,34.726813],[136.883306,34.726391],[136.884229,34.725823],[136.884416,34.725675],[136.884485,34.725643],[136.88431,34.725421],[136.884013,34.7256],[136.883993,34.725604],[136.883902,34.725509],[136.883824,34.725399],[136.883695,34.725203],[136.883543,34.72532],[136.883487,34.725362],[136.883429,34.725402],[136.883376,34.725428],[136.883337,34.725444],[136.883304,34.725452],[136.883293,34.725454],[136.883276,34.725459],[136.883266,34.725456],[136.883264,34.725448],[136.883272,34.725433],[136.883275,34.72543],[136.883286,34.725413],[136.883288,34.725409],[136.88329,34.725406],[136.883318,34.725369],[136.883339,34.725376],[136.883356,34.725377],[136.883359,34.725377],[136.883362,34.725377],[136.88338,34.725374],[136.883384,34.725372],[136.883415,34.725355],[136.883471,34.725316],[136.883528,34.725267],[136.883539,34.725257],[136.883577,34.725215],[136.883586,34.725203],[136.883611,34.725177],[136.883615,34.725171],[136.88362,34.725166],[136.883623,34.72516],[136.883624,34.725153],[136.883624,34.725143],[136.88362,34.725127],[136.883609,34.725121],[136.883599,34.72512],[136.883589,34.725125],[136.883585,34.725125],[136.883582,34.725127],[136.883559,34.725135],[136.88355,34.725139],[136.883523,34.725153],[136.883517,34.725157],[136.883512,34.72516],[136.883498,34.725173],[136.883494,34.725177],[136.883474,34.72519],[136.883465,34.725191],[136.883461,34.725192],[136.883457,34.725192],[136.88345,34.72519],[136.883449,34.725186],[136.883453,34.725182],[136.883454,34.725179],[136.883456,34.725176],[136.883492,34.725137],[136.883505,34.725116],[136.883513,34.725095],[136.883512,34.72507],[136.883498,34.725048],[136.883487,34.725041],[136.883465,34.725038],[136.883462,34.725037],[136.883459,34.725036],[136.883436,34.725024],[136.883434,34.725012],[136.883432,34.72501],[136.883431,34.724998],[136.883431,34.724991],[136.883442,34.724965],[136.883445,34.724962],[136.883458,34.72492],[136.883461,34.724908],[136.883479,34.724832],[136.883481,34.724822],[136.883491,34.724726],[136.883492,34.72472],[136.883493,34.724714],[136.883494,34.724692],[136.883489,34.724684],[136.883481,34.724674],[136.883467,34.724666],[136.883464,34.724665],[136.883459,34.724664],[136.883453,34.724664],[136.883449,34.724665],[136.883443,34.724666],[136.883435,34.724671],[136.88343,34.724672],[136.883426,34.724674],[136.883399,34.724689],[136.88339,34.72469],[136.883381,34.724681],[136.883381,34.724673],[136.883382,34.72467],[136.883383,34.724667],[136.883393,34.724652],[136.883395,34.724651],[136.883402,34.72463],[136.883401,34.724627],[136.883401,34.724621],[136.883392,34.724614],[136.883385,34.724613],[136.883376,34.724614],[136.883372,34.724615],[136.883368,34.724616],[136.883341,34.724636],[136.883319,34.724658],[136.883294,34.724678],[136.883248,34.724729],[136.883211,34.724766],[136.883116,34.72484],[136.883033,34.724916],[136.883022,34.724934],[136.883018,34.724948],[136.883016,34.724985],[136.883018,34.724991],[136.883019,34.725011],[136.883017,34.725017],[136.883016,34.725022],[136.883014,34.725028],[136.88301,34.725035],[136.882987,34.725054],[136.88298,34.725058],[136.882944,34.725096],[136.882936,34.725108],[136.882933,34.725114],[136.882931,34.72512],[136.882921,34.725143],[136.88292,34.725147],[136.88292,34.725152],[136.882921,34.725156],[136.882924,34.725164],[136.882934,34.72517],[136.882969,34.72517],[136.882994,34.72516],[136.882997,34.725158],[136.883002,34.725156],[136.883026,34.725138],[136.88303,34.725137],[136.88304,34.725136],[136.883044,34.725136],[136.883051,34.725137],[136.883059,34.725144],[136.88306,34.725158],[136.88306,34.72516],[136.88306,34.725163],[136.883057,34.725189],[136.883057,34.725194],[136.883047,34.725236],[136.883041,34.725251],[136.883013,34.725293],[136.882999,34.725321],[136.882997,34.725331],[136.882992,34.725348],[136.882991,34.725352],[136.88299,34.725357],[136.88299,34.725361],[136.882991,34.725365],[136.882992,34.725369],[136.882999,34.725378],[136.883018,34.725389],[136.883031,34.72539],[136.883035,34.725389],[136.883039,34.725388],[136.883062,34.725376],[136.883071,34.725371],[136.883126,34.72533],[136.883151,34.725309],[136.883158,34.725302],[136.883175,34.725289],[136.883181,34.725286],[136.883198,34.72528],[136.883204,34.72528],[136.883211,34.72528],[136.88322,34.72528],[136.883243,34.725284],[136.883249,34.725285],[136.883255,34.725286],[136.883261,34.725287],[136.883319,34.725292],[136.883262,34.72532],[136.883256,34.725324],[136.883218,34.725351],[136.883162,34.725402],[136.883125,34.725429],[136.883054,34.725462],[136.883029,34.725478],[136.88301,34.725502],[136.883004,34.725518],[136.882958,34.725533],[136.882888,34.725551],[136.882822,34.72557],[136.88275,34.725598],[136.88258,34.725677],[136.882607,34.725608],[136.882619,34.725504],[136.882638,34.725376],[136.882641,34.725354],[136.882641,34.725332],[136.882634,34.725319],[136.882628,34.725312],[136.882618,34.725306],[136.882595,34.7253],[136.882587,34.725299],[136.88257,34.725301],[136.882519,34.725319],[136.882509,34.725321],[136.88243,34.725355],[136.882363,34.725397],[136.882321,34.725418],[136.882304,34.725423],[136.882292,34.725425],[136.882288,34.725425],[136.882253,34.725431],[136.882281,34.725399],[136.882286,34.725394],[136.88229,34.725388],[136.882333,34.725346],[136.882339,34.72534],[136.882346,34.725333],[136.882469,34.725226],[136.882475,34.725221],[136.882482,34.725216],[136.882509,34.725193],[136.882515,34.725187],[136.882524,34.725171],[136.882536,34.72512],[136.882538,34.725118],[136.882563,34.725073],[136.882564,34.725069],[136.882565,34.725065],[136.882566,34.725056],[136.882562,34.725047],[136.88256,34.725045],[136.882558,34.725042],[136.882522,34.725004],[136.882514,34.724998],[136.882486,34.72498],[136.882456,34.724967],[136.882442,34.724967],[136.882438,34.724968],[136.882435,34.724969],[136.882421,34.724975],[136.882418,34.724977],[136.882415,34.724978],[136.88238,34.725005],[136.882156,34.725147],[136.882056,34.725206],[136.882008,34.725242],[136.881882,34.725358],[136.881744,34.72549],[136.881676,34.725549],[136.88164,34.725588],[136.881631,34.725602],[136.881623,34.725618],[136.881621,34.725625],[136.881618,34.725629],[136.881613,34.72564],[136.881611,34.725645],[136.881609,34.725651],[136.881608,34.725662],[136.881612,34.725673],[136.881614,34.725677],[136.881618,34.72568],[136.881621,34.725682],[136.881623,34.725685],[136.881649,34.7257],[136.88167,34.725705],[136.881675,34.725706],[136.881681,34.725707],[136.881691,34.725711],[136.881716,34.725728],[136.881721,34.725738],[136.881722,34.725741],[136.881728,34.725756],[136.881741,34.725766],[136.881744,34.725768],[136.881746,34.72577],[136.881757,34.725776],[136.88176,34.725777],[136.881768,34.725778],[136.881776,34.725779],[136.881782,34.725779],[136.88179,34.725778],[136.881804,34.725776],[136.881811,34.725774],[136.881817,34.725772],[136.881831,34.72577],[136.881838,34.72577],[136.881845,34.725769],[136.881874,34.725762],[136.881885,34.725762],[136.881895,34.725763],[136.88191,34.725773],[136.881936,34.725802],[136.881944,34.725804],[136.881965,34.725802],[136.881969,34.725802],[136.881992,34.7258],[136.881998,34.725798],[136.882045,34.72578],[136.882053,34.725776],[136.882098,34.725764],[136.882351,34.725873],[136.882343,34.725892],[136.882342,34.725898],[136.882324,34.725934],[136.882302,34.725966],[136.882299,34.725971],[136.882295,34.725976],[136.88221,34.72607],[136.882205,34.726076],[136.882139,34.726161],[136.882105,34.726215],[136.88207,34.726267],[136.882006,34.726335],[136.881921,34.726414],[136.88183,34.726489],[136.88173,34.726558],[136.881622,34.726621],[136.881551,34.726655],[136.881433,34.726716],[136.881329,34.72678],[136.881265,34.726826],[136.881,34.727025],[136.880793,34.727185],[136.880654,34.727305],[136.880603,34.72734],[136.88052,34.727385],[136.880453,34.727418],[136.880436,34.727426],[136.880419,34.727433],[136.880403,34.727441],[136.880385,34.727448],[136.880368,34.727455],[136.880351,34.727462],[136.880335,34.727467],[136.880319,34.727473],[136.880302,34.727479],[136.880285,34.727484],[136.880268,34.727489],[136.880253,34.727495],[136.880238,34.7275],[136.880222,34.727506],[136.880207,34.727512],[136.880191,34.727516],[136.880173,34.727521],[136.880156,34.727525],[136.880138,34.727529],[136.88012,34.727532],[136.880101,34.727535],[136.880081,34.727537],[136.880062,34.727538],[136.880042,34.727538],[136.880022,34.72754],[136.880006,34.727543],[136.87999,34.727546],[136.879973,34.727549],[136.879951,34.727557],[136.87993,34.727566],[136.87987,34.727593],[136.87982,34.727615],[136.879805,34.727621],[136.879791,34.727627],[136.879775,34.727632],[136.87976,34.727638],[136.879744,34.727642],[136.879726,34.727646],[136.87971,34.727651],[136.87969,34.72766],[136.87967,34.727669],[136.87965,34.727679],[136.879629,34.72769],[136.879608,34.727699],[136.879587,34.727708],[136.87957,34.727715],[136.879551,34.727721],[136.879533,34.727727],[136.879514,34.727731],[136.879495,34.727735],[136.879476,34.727739],[136.879457,34.727744],[136.87944,34.727749],[136.879421,34.727754],[136.879393,34.727764],[136.879372,34.727772],[136.879352,34.72778],[136.879333,34.727791],[136.879313,34.727802],[136.879298,34.727811],[136.879281,34.727819],[136.879266,34.727828],[136.879249,34.727838],[136.879233,34.727848],[136.879217,34.727858],[136.879202,34.727866],[136.879188,34.727874],[136.879174,34.727881],[136.879159,34.727889],[136.879142,34.727897],[136.879126,34.727904],[136.879105,34.727911],[136.879083,34.727918],[136.879066,34.727922],[136.879047,34.727926],[136.87903,34.727929],[136.879011,34.727932],[136.878992,34.727934],[136.878974,34.727936],[136.878908,34.727944],[136.878853,34.727948],[136.878829,34.727949],[136.878803,34.72795],[136.878783,34.72795],[136.878761,34.72795],[136.878743,34.727951],[136.878725,34.727952],[136.878706,34.727953],[136.878688,34.727954],[136.878659,34.727959],[136.878645,34.727967],[136.878633,34.727976],[136.87862,34.727985],[136.878607,34.727995],[136.878595,34.728006],[136.878584,34.728016],[136.878566,34.728029],[136.878549,34.728042],[136.878513,34.728066],[136.878494,34.728078],[136.878474,34.728091],[136.878454,34.728101],[136.878432,34.728109],[136.878403,34.728119],[136.878372,34.72812],[136.878353,34.72812],[136.878333,34.728119],[136.878306,34.728119],[136.878292,34.728128],[136.87829,34.728136],[136.878281,34.728137],[136.878268,34.728137],[136.878252,34.728141],[136.878245,34.72815],[136.878223,34.728162],[136.878209,34.728169],[136.878194,34.728177],[136.878177,34.728195],[136.878157,34.728211],[136.878144,34.728222],[136.878131,34.728232],[136.878111,34.728246],[136.878098,34.728255],[136.878084,34.728264],[136.87806,34.728275],[136.878043,34.728277],[136.878026,34.728277],[136.87801,34.728276],[136.877992,34.728276],[136.877975,34.728275],[136.877956,34.728274],[136.877935,34.728274],[136.877916,34.728275],[136.877897,34.728279],[136.877879,34.728283],[136.877856,34.72829],[136.877834,34.728297],[136.877766,34.728321],[136.877747,34.728327],[136.87773,34.728334],[136.877711,34.728339],[136.877694,34.728343],[136.877676,34.728348],[136.877657,34.728352],[136.877636,34.728356],[136.877614,34.728359],[136.877592,34.728361],[136.877573,34.728363],[136.877554,34.728366],[136.877533,34.728371],[136.877513,34.728377],[136.877497,34.728383],[136.877481,34.728391],[136.877464,34.728399],[136.877449,34.728407],[136.877434,34.728415],[136.877419,34.728424],[136.877404,34.728432],[136.87739,34.728441],[136.877324,34.728478],[136.877247,34.728527],[136.877232,34.728535],[136.877218,34.728543],[136.877204,34.728551],[136.87719,34.728559],[136.877174,34.728567],[136.877159,34.728575],[136.877145,34.728581],[136.877129,34.728588],[136.877098,34.728602],[136.877068,34.728611],[136.877021,34.728632],[136.876987,34.728652],[136.876981,34.728656],[136.876974,34.72866],[136.876956,34.728674],[136.876949,34.72868],[136.876943,34.728685],[136.876858,34.72878],[136.876849,34.728789],[136.876755,34.728879],[136.87671,34.72891],[136.876704,34.728913],[136.876676,34.728926],[136.876669,34.728929],[136.876661,34.728931],[136.876628,34.72894],[136.876624,34.72894],[136.876589,34.728946],[136.875929,34.72879],[136.875923,34.728807],[136.876193,34.728871],[136.876193,34.728888],[136.876193,34.728892],[136.876193,34.728897],[136.87619,34.72891],[136.876189,34.728914],[136.876179,34.728934],[136.876176,34.728938],[136.876173,34.728943],[136.876113,34.729033],[136.876106,34.729045],[136.876042,34.729123],[136.875991,34.729175],[136.875927,34.729221],[136.875877,34.729247],[136.875829,34.729262],[136.875778,34.729272],[136.875732,34.729274],[136.875664,34.72927],[136.875607,34.729259],[136.875387,34.729191],[136.875327,34.729175],[136.875223,34.729158],[136.875155,34.729154],[136.875115,34.729156],[136.875071,34.729161],[136.875021,34.729171],[136.875014,34.729173],[136.874907,34.72921],[136.874869,34.729231],[136.874838,34.729258],[136.874834,34.729262],[136.874828,34.729268],[136.87481,34.729288],[136.874805,34.729295],[136.874712,34.729409],[136.874622,34.729515],[136.87458,34.729569],[136.874482,34.729685],[136.874412,34.72976],[136.874346,34.729828],[136.874311,34.729883],[136.87429,34.729926],[136.87428,34.729958],[136.874277,34.72998],[136.874267,34.730022],[136.874247,34.730072],[136.874216,34.73013],[136.874148,34.730232],[136.874068,34.730366],[136.87402,34.730452],[136.873983,34.730501],[136.873959,34.730523],[136.873902,34.730568],[136.873879,34.730579],[136.873864,34.730584],[136.873848,34.730589],[136.873817,34.730592],[136.873767,34.730592],[136.873718,34.730586],[136.873683,34.730577],[136.873648,34.730569],[136.87319,34.73054],[136.873146,34.730543],[136.873104,34.730549],[136.87308,34.730556],[136.873072,34.73056],[136.87305,34.730572],[136.873044,34.730577],[136.873037,34.730581],[136.872996,34.730603],[136.87299,34.730607],[136.872972,34.730613],[136.872966,34.730614],[136.872959,34.730615],[136.872952,34.730615],[136.872946,34.730614],[136.872939,34.730613],[136.872905,34.730604],[136.872899,34.730604],[136.872842,34.73059],[136.872813,34.730585],[136.872781,34.730585],[136.872748,34.73059],[136.872705,34.730599],[136.872644,34.730618],[136.872635,34.730622],[136.872582,34.730638],[136.872565,34.730642],[136.87256,34.730642],[136.872553,34.730642],[136.872533,34.730638],[136.872508,34.730626],[136.872502,34.730623],[136.872497,34.73062],[136.872478,34.730604],[136.872474,34.730601],[136.872469,34.730597],[136.872428,34.73057],[136.872401,34.730558],[136.872393,34.730555],[136.872364,34.73055],[136.872249,34.73055],[136.87221,34.730545],[136.872202,34.730543],[136.872179,34.730537],[136.872173,34.730534],[136.872061,34.730497],[136.872051,34.730493],[136.872046,34.730492],[136.872042,34.73049],[136.872034,34.730484],[136.872031,34.730481],[136.872028,34.730477],[136.872027,34.730474],[136.872025,34.730472],[136.872024,34.730468],[136.872022,34.730459],[136.872038,34.730429],[136.872039,34.730427],[136.87204,34.730424],[136.87204,34.730421],[136.87204,34.730418],[136.87204,34.730415],[136.872037,34.730404],[136.872021,34.730391],[136.872012,34.73039],[136.872008,34.73039],[136.871997,34.730393],[136.871994,34.730394],[136.871991,34.730395],[136.871965,34.730399],[136.871949,34.730398],[136.871944,34.730397],[136.871939,34.730396],[136.871911,34.730383],[136.871888,34.730366],[136.871885,34.730362],[136.871845,34.730331],[136.871838,34.730327],[136.871805,34.730309],[136.871767,34.730297],[136.871728,34.730292],[136.871608,34.73028],[136.871504,34.730274],[136.871456,34.730277],[136.87141,34.730285],[136.871397,34.730293],[136.871391,34.730297],[136.871383,34.730304],[136.87138,34.730308],[136.871376,34.730311],[136.871372,34.730319],[136.87137,34.730323],[136.871369,34.730328],[136.871369,34.730332],[136.87137,34.730337],[136.871371,34.73034],[136.871377,34.730349],[136.871391,34.73036],[136.871395,34.730362],[136.871398,34.730364],[136.871441,34.730375],[136.871446,34.730376],[136.871515,34.730383],[136.87153,34.730385],[136.871641,34.730388],[136.872024,34.730523],[136.872036,34.730538],[136.87204,34.730542],[136.872045,34.730547],[136.87206,34.730566],[136.872061,34.730567],[136.872063,34.730571],[136.872079,34.730599],[136.87208,34.730603],[136.872083,34.730618],[136.872084,34.730625],[136.872084,34.73066],[136.872075,34.730723],[136.872061,34.73077],[136.872049,34.730808],[136.872022,34.73088],[136.871995,34.730936],[136.871959,34.730987],[136.871916,34.731035],[136.871866,34.731077],[136.871827,34.731111],[136.871798,34.731151],[136.871783,34.731182],[136.871772,34.731214],[136.871768,34.731254],[136.871756,34.731354],[136.871744,34.731406],[136.871725,34.731457],[136.871685,34.731545],[136.871639,34.731626],[136.871588,34.731697],[136.87151,34.73179],[136.871371,34.731934],[136.871215,34.732082],[136.871148,34.73214],[136.870992,34.73225],[136.870834,34.732347],[136.870607,34.732475],[136.870412,34.73259],[136.870333,34.732658],[136.870252,34.732748],[136.870127,34.732888],[136.87007,34.73294],[136.86996,34.733098],[136.869921,34.733141],[136.869878,34.733196],[136.869775,34.733278],[136.869701,34.73334],[136.869594,34.733407],[136.869492,34.733458],[136.869393,34.733511],[136.869271,34.73356],[136.869143,34.733605],[136.869046,34.733626],[136.868946,34.733627],[136.868861,34.733618],[136.86881,34.733623],[136.868779,34.73363],[136.868749,34.733642],[136.868722,34.733658],[136.867352,34.733132],[136.867339,34.733155],[136.86886,34.733738],[136.869231,34.733878],[136.869304,34.733907],[136.86931,34.733952],[136.869439,34.733986],[136.869524,34.734],[136.869597,34.733996],[136.869712,34.733989],[136.869897,34.733958],[136.86998,34.73394],[136.869978,34.733931],[136.870237,34.73387],[136.870373,34.733834],[136.870378,34.733847],[136.870622,34.73378],[136.870712,34.733777],[136.870713,34.733794],[136.870748,34.733792],[136.870765,34.733978],[136.87073,34.73398],[136.870732,34.733995],[136.870588,34.734028],[136.870588,34.734062],[136.870076,34.73413],[136.870074,34.734136],[136.870076,34.73414],[136.870083,34.734144],[136.870122,34.73414],[136.870234,34.734128],[136.870251,34.734134],[136.870267,34.734141],[136.870283,34.734149],[136.87029,34.734156],[136.870299,34.734172],[136.870306,34.734208],[136.870305,34.734248],[136.870289,34.734314],[136.87028,34.734347],[136.87026,34.734375],[136.87022,34.734422],[136.870166,34.734475],[136.870099,34.734542],[136.870085,34.734556],[136.870069,34.734561],[136.870035,34.734565],[136.870017,34.734564],[136.869986,34.734558],[136.869979,34.734556],[136.869951,34.734544],[136.869881,34.734513],[136.869863,34.73451],[136.869823,34.734503],[136.869844,34.734524],[136.869808,34.734553],[136.869736,34.734482],[136.869719,34.73447],[136.86968,34.734454],[136.869527,34.73439],[136.868931,34.734177],[136.868859,34.73415],[136.867599,34.733685],[136.867587,34.733707],[136.868344,34.733987],[136.868371,34.734091],[136.86839,34.734166],[136.868409,34.734264],[136.868425,34.73438],[136.868432,34.734522],[136.868435,34.734667],[136.868434,34.734796],[136.868427,34.734899],[136.868426,34.734924],[136.868406,34.735071],[136.868386,34.735219],[136.868367,34.73535],[136.868344,34.73547],[136.868308,34.735594],[136.868269,34.73571],[136.86823,34.735811],[136.868193,34.735899],[136.868149,34.735983],[136.868093,34.736068],[136.868059,34.73611],[136.868019,34.736159],[136.867957,34.736232],[136.867925,34.736272],[136.867915,34.736289],[136.867835,34.736365],[136.867724,34.736464],[136.867287,34.736817],[136.867051,34.737011],[136.866646,34.73736],[136.866502,34.737461],[136.866413,34.737524],[136.866341,34.737566],[136.86626,34.737603],[136.866146,34.737645],[136.86601,34.737687],[136.865488,34.737867],[136.86523,34.73795],[136.865142,34.737976],[136.865051,34.738004],[136.864951,34.738028],[136.864774,34.738064],[136.86471,34.738074],[136.864645,34.738079],[136.864516,34.738083],[136.864428,34.738092],[136.864249,34.738121],[136.864227,34.738127],[136.864158,34.738137],[136.86403,34.738148],[136.86392,34.73816],[136.863765,34.738169],[136.863604,34.738182],[136.863537,34.738182],[136.863486,34.738181],[136.863452,34.738186],[136.863445,34.738188],[136.863422,34.738196],[136.863415,34.738199],[136.863317,34.738232],[136.863296,34.738236],[136.863267,34.73824],[136.863198,34.738241],[136.863112,34.738239],[136.863034,34.738238],[136.863005,34.738241],[136.862761,34.738265],[136.862705,34.738265],[136.862644,34.738258],[136.862585,34.73825],[136.862516,34.73824],[136.862464,34.73824],[136.862295,34.738263],[136.862284,34.738264],[136.862256,34.738264],[136.862119,34.738248],[136.862108,34.738247],[136.862062,34.738236],[136.862054,34.738233],[136.861963,34.738201],[136.861958,34.7382],[136.861937,34.738196],[136.861872,34.738195],[136.861836,34.738189],[136.861786,34.738175],[136.861778,34.738173],[136.861957,34.737495],[136.861928,34.737488],[136.861742,34.738183],[136.860654,34.737975],[136.860306,34.737904],[136.859201,34.738475],[136.859228,34.738509],[136.860311,34.737947],[136.860638,34.73801],[136.860254,34.73848],[136.860652,34.738701],[136.860844,34.738809],[136.86065,34.739033],[136.860348,34.739383],[136.85982,34.73904],[136.859728,34.738792],[136.859673,34.738803],[136.859772,34.739068],[136.860648,34.739635],[136.86092,34.739813],[136.860684,34.740017],[136.860647,34.740045],[136.860624,34.740043],[136.8606,34.740043],[136.860591,34.740043],[136.860573,34.740047],[136.860553,34.740054],[136.860545,34.740057],[136.860534,34.740066],[136.860526,34.740078],[136.860524,34.740084],[136.860517,34.740108],[136.860516,34.740114],[136.860509,34.740128],[136.860467,34.740178],[136.860414,34.74025],[136.860411,34.740258],[136.860407,34.740271],[136.860405,34.740275],[136.860404,34.74028],[136.860398,34.740305],[136.860384,34.740328],[136.860381,34.740331],[136.860378,34.740335],[136.860355,34.740353],[136.86034,34.740362],[136.860325,34.740362],[136.860319,34.740359],[136.860317,34.740356],[136.860314,34.740354],[136.860312,34.740351],[136.860309,34.740342],[136.860307,34.740339],[136.860306,34.740336],[136.860299,34.740332],[136.860296,34.74033],[136.860294,34.740328],[136.860281,34.740324],[136.860271,34.740322],[136.860259,34.740321],[136.860248,34.740323],[136.860232,34.74033],[136.860223,34.740335],[136.860181,34.74037],[136.860175,34.740374],[136.860135,34.740411],[136.860129,34.740417],[136.860113,34.740437],[136.860109,34.740444],[136.860101,34.740452],[136.860096,34.740456],[136.860088,34.740459],[136.860079,34.740459],[136.860075,34.740459],[136.860072,34.740459],[136.860062,34.740457],[136.860059,34.740456],[136.860055,34.740455],[136.860048,34.74045],[136.860038,34.74043],[136.860019,34.740415],[136.860013,34.740412],[136.860008,34.740411],[136.860004,34.740409],[136.859995,34.740407],[136.859987,34.740406],[136.859971,34.740408],[136.859926,34.740427],[136.859866,34.740445],[136.859831,34.740461],[136.859826,34.740465],[136.859823,34.740468],[136.859819,34.740471],[136.859816,34.740476],[136.859805,34.740486],[136.859801,34.740488],[136.859791,34.740493],[136.859779,34.740494],[136.859769,34.740491],[136.859765,34.740489],[136.859754,34.740487],[136.859749,34.740486],[136.859738,34.740486],[136.859733,34.740487],[136.859718,34.740493],[136.859691,34.740514],[136.85968,34.740535],[136.859671,34.740585],[136.859674,34.740604],[136.859681,34.740632],[136.859686,34.740659],[136.859684,34.740695],[136.859683,34.740701],[136.859667,34.740776],[136.859659,34.740805],[136.859653,34.740814],[136.859647,34.740824],[136.859644,34.740828],[136.859642,34.740832],[136.859617,34.740864],[136.859613,34.74087],[136.859592,34.74089],[136.859584,34.740895],[136.859527,34.740927],[136.859513,34.740938],[136.859505,34.740945],[136.859481,34.740974],[136.859453,34.741019],[136.859443,34.741045],[136.85944,34.741051],[136.859437,34.741057],[136.859433,34.741063],[136.859427,34.741068],[136.859421,34.741073],[136.859416,34.741074],[136.859412,34.741076],[136.859392,34.741081],[136.859349,34.741083],[136.859323,34.741087],[136.859312,34.74109],[136.859306,34.741092],[136.859295,34.741097],[136.859289,34.741099],[136.859261,34.741122],[136.859257,34.741126],[136.859252,34.74113],[136.85923,34.741156],[136.859224,34.741164],[136.859201,34.741201],[136.859144,34.741278],[136.859112,34.74131],[136.859075,34.741335],[136.859042,34.74135],[136.859017,34.741356],[136.858984,34.741355],[136.85896,34.741357],[136.858941,34.741363],[136.858924,34.741371],[136.858882,34.741399],[136.858813,34.74144],[136.858774,34.741465],[136.858745,34.741494],[136.858717,34.741539],[136.858695,34.741587],[136.858676,34.741644],[136.858671,34.741673],[136.85867,34.741719],[136.858682,34.741798],[136.858696,34.74186],[136.858714,34.741909],[136.858727,34.741942],[136.858732,34.741948],[136.858735,34.741954],[136.85874,34.74196],[136.858744,34.741963],[136.858754,34.741971],[136.858759,34.741973],[136.858776,34.741987],[136.858779,34.74199],[136.858782,34.741993],[136.858785,34.742],[136.858787,34.742002],[136.858789,34.742006],[136.858795,34.742018],[136.858798,34.742025],[136.858801,34.742038],[136.858801,34.742041],[136.858816,34.742107],[136.858846,34.742193],[136.858851,34.742202],[136.858864,34.742228],[136.858866,34.742232],[136.858868,34.742237],[136.858876,34.742256],[136.858877,34.742261],[136.858878,34.742266],[136.858877,34.742315],[136.858876,34.742325],[136.858886,34.742404],[136.858886,34.742568],[136.858879,34.74262],[136.858869,34.74265],[136.858847,34.742696],[136.858816,34.74274],[136.85878,34.742777],[136.85873,34.742817],[136.858724,34.742823],[136.858557,34.742947],[136.85848,34.743017],[136.858368,34.74312],[136.858302,34.743183],[136.858231,34.743266],[136.858165,34.743356],[136.85813,34.743411],[136.858104,34.743461],[136.858084,34.743513],[136.85808,34.743524],[136.858057,34.743592],[136.858054,34.743599],[136.858042,34.743622],[136.858039,34.743627],[136.858024,34.743653],[136.858015,34.743667],[136.858011,34.743673],[136.857978,34.743716],[136.85797,34.743724],[136.857884,34.743806],[136.857804,34.743875],[136.857711,34.743951],[136.857657,34.74398],[136.857625,34.743992],[136.857616,34.743994],[136.857608,34.743996],[136.857601,34.743997],[136.857571,34.743997],[136.857563,34.743997],[136.857547,34.743999],[136.857541,34.744001],[136.857538,34.744002],[136.857518,34.74401],[136.857515,34.744012],[136.85751,34.744015],[136.857483,34.744034],[136.857478,34.744047],[136.857476,34.744063],[136.857483,34.744075],[136.857498,34.744086],[136.857501,34.744088],[136.857505,34.74409],[136.857541,34.744101],[136.857551,34.74411],[136.857553,34.744112],[136.857555,34.744115],[136.857559,34.744128],[136.857557,34.744152],[136.857547,34.744179],[136.857544,34.744184],[136.857527,34.744206],[136.857522,34.744212],[136.857495,34.744232],[136.85749,34.744236],[136.857485,34.744239],[136.857433,34.744267],[136.857377,34.744297],[136.857333,34.744325],[136.857284,34.744368],[136.857278,34.744375],[136.857229,34.744428],[136.857208,34.744462],[136.857122,34.744592],[136.857077,34.744665],[136.857045,34.744702],[136.856994,34.744747],[136.856915,34.744799],[136.856908,34.744805],[136.856874,34.744838],[136.856868,34.744842],[136.856862,34.744848],[136.856854,34.744851],[136.856847,34.744855],[136.856826,34.74486],[136.85682,34.744861],[136.856814,34.744863],[136.856774,34.744876],[136.856767,34.74488],[136.856759,34.744885],[136.856756,34.744889],[136.856751,34.744897],[136.85675,34.7449],[136.856749,34.744906],[136.856749,34.744909],[136.856749,34.744911],[136.85675,34.744918],[136.856751,34.744921],[136.856752,34.744924],[136.856783,34.744961],[136.85679,34.74498],[136.856789,34.74499],[136.856788,34.744993],[136.856787,34.744996],[136.856731,34.745061],[136.856643,34.745167],[136.856544,34.745275],[136.856513,34.7453],[136.856486,34.745323],[136.856459,34.745346],[136.856439,34.745375],[136.85642,34.745414],[136.856394,34.74546],[136.856358,34.745509],[136.856314,34.745557],[136.856256,34.7456],[136.856219,34.745621],[136.856174,34.74564],[136.856069,34.745686],[136.855958,34.745743],[136.855857,34.745806],[136.855789,34.745854],[136.855744,34.745882],[136.85569,34.745903],[136.855628,34.745925],[136.855589,34.745944],[136.855579,34.745953],[136.855576,34.745962],[136.855573,34.745986],[136.85557,34.746014],[136.855562,34.74604],[136.855552,34.746059],[136.855541,34.746072],[136.855526,34.746082],[136.855499,34.746089],[136.855461,34.746096],[136.855421,34.74611],[136.855382,34.746131],[136.855342,34.746158],[136.855305,34.746195],[136.855288,34.746219],[136.855258,34.74628],[136.855233,34.746339],[136.855211,34.746381],[136.855195,34.746397],[136.855172,34.74641],[136.855139,34.746424],[136.855099,34.746435],[136.855014,34.746454],[136.854943,34.746466],[136.854889,34.746478],[136.854848,34.746496],[136.854823,34.746514],[136.854813,34.746525],[136.854812,34.74654],[136.85481,34.746572],[136.854807,34.746607],[136.854802,34.746632],[136.854789,34.74665],[136.854762,34.746665],[136.854729,34.746683],[136.854692,34.746708],[136.854664,34.746736],[136.854642,34.746766],[136.854624,34.746781],[136.854595,34.746798],[136.854499,34.746833],[136.854401,34.746866],[136.854351,34.746889],[136.854319,34.746903],[136.854272,34.74691],[136.854221,34.746913],[136.854185,34.74691],[136.854171,34.746905],[136.854143,34.746891],[136.854115,34.746869],[136.854087,34.746846],[136.854054,34.746826],[136.854035,34.746819],[136.853982,34.746816],[136.853918,34.746808],[136.853883,34.746798],[136.853816,34.746775],[136.85377,34.746761],[136.853757,34.746762],[136.85374,34.746771],[136.853726,34.746788],[136.853719,34.746808],[136.853722,34.746818],[136.853733,34.746839],[136.853737,34.746865],[136.853734,34.746881],[136.853723,34.746913],[136.85371,34.74694],[136.853694,34.746961],[136.853674,34.746972],[136.853646,34.746981],[136.853609,34.746995],[136.853569,34.747017],[136.853528,34.747049],[136.853485,34.74709],[136.853438,34.74714],[136.853405,34.747184],[136.853397,34.747201],[136.853395,34.747216],[136.853387,34.747248],[136.853359,34.747291],[136.853308,34.74734],[136.853278,34.747361],[136.85321,34.747402],[136.853149,34.747446],[136.853087,34.747489],[136.85305,34.747505],[136.853004,34.747515],[136.852953,34.747522],[136.852903,34.747526],[136.852816,34.747528],[136.852758,34.747531],[136.852739,34.747536],[136.852723,34.747544],[136.852711,34.747555],[136.852693,34.74758],[136.852679,34.747606],[136.852675,34.747634],[136.852684,34.747665],[136.852694,34.747704],[136.852695,34.747726],[136.852692,34.747779],[136.85268,34.74783],[136.85267,34.747854],[136.852647,34.7479],[136.852616,34.747943],[136.852571,34.747986],[136.852506,34.748035],[136.852425,34.748084],[136.852412,34.748093],[136.85236,34.748136],[136.852312,34.748181],[136.852269,34.748223],[136.852228,34.74826],[136.852188,34.748292],[136.852181,34.748322],[136.852168,34.748352],[136.85214,34.74838],[136.852096,34.748415],[136.852031,34.748457],[136.85195,34.748501],[136.851859,34.748542],[136.851767,34.748577],[136.851684,34.748608],[136.85161,34.748639],[136.851893,34.748818],[136.852231,34.748995],[136.852854,34.748702],[136.853184,34.748318],[136.853472,34.748024],[136.853551,34.747982],[136.854504,34.748073],[136.854624,34.748123],[136.854689,34.748172],[136.854776,34.748325],[136.854873,34.748375],[136.855012,34.748383],[136.855083,34.74837],[136.855202,34.748306],[136.855364,34.748169],[136.855515,34.748015],[136.855545,34.747909],[136.855503,34.747777],[136.855502,34.747774],[136.855499,34.747771],[136.855491,34.747759],[136.855346,34.747619],[136.855362,34.747559],[136.855409,34.747505],[136.855415,34.747497],[136.855471,34.747471],[136.856017,34.747211],[136.856051,34.747177],[136.856082,34.747147],[136.856305,34.74703],[136.856528,34.746845],[136.856767,34.746689],[136.857308,34.746387],[136.857515,34.746485],[136.857668,34.746646],[136.858094,34.747085],[136.858139,34.747265],[136.858151,34.747481],[136.858099,34.747806],[136.858349,34.747913],[136.85848,34.748011],[136.858655,34.748172],[136.858764,34.748288],[136.858863,34.74845],[136.858928,34.74845],[136.859232,34.74833],[136.859535,34.748229],[136.859774,34.748227],[136.86004,34.748247],[136.860448,34.748241],[136.860628,34.748291],[136.860803,34.748425],[136.860766,34.748646],[136.860495,34.748988],[136.860409,34.749061],[136.860334,34.749188],[136.860248,34.749333],[136.860195,34.749514],[136.860185,34.749685],[136.860218,34.749865],[136.860274,34.750018],[136.860362,34.750216],[136.860439,34.750405],[136.860538,34.750567],[136.860607,34.750578],[136.860646,34.750584],[136.860831,34.750564],[136.861025,34.75054],[136.861046,34.750537],[136.861046,34.750537],[136.861047,34.750537],[136.861047,34.750537],[136.861048,34.750537],[136.861049,34.750536],[136.861049,34.750536],[136.861051,34.750536],[136.861052,34.750536],[136.861052,34.750535],[136.861053,34.750535],[136.861054,34.750535],[136.861055,34.750534],[136.861056,34.750534],[136.861058,34.750534],[136.861059,34.750533],[136.86106,34.750533],[136.861062,34.750532],[136.861063,34.750532],[136.861064,34.750532],[136.861065,34.750531],[136.861066,34.750531],[136.861067,34.750531],[136.861068,34.75053],[136.861069,34.75053],[136.86107,34.75053],[136.861071,34.750529],[136.861072,34.750529],[136.861073,34.750529],[136.861074,34.750528],[136.861075,34.750528],[136.861076,34.750528],[136.861078,34.750527],[136.861081,34.750526],[136.861084,34.750525],[136.861089,34.750524],[136.861093,34.750523],[136.861098,34.750521],[136.861104,34.750519],[136.86111,34.750517],[136.861114,34.750516],[136.861119,34.750514],[136.861123,34.750513],[136.861128,34.750512],[136.861133,34.75051],[136.861138,34.750509],[136.861143,34.750507],[136.861148,34.750505],[136.861153,34.750504],[136.861157,34.750503],[136.861161,34.750502],[136.861166,34.7505],[136.861171,34.750498],[136.861174,34.750497],[136.861178,34.750496],[136.861182,34.750495],[136.861184,34.750494],[136.861186,34.750494],[136.861189,34.750493],[136.861193,34.750492],[136.861197,34.75049],[136.861201,34.750489],[136.861206,34.750488],[136.861212,34.750486],[136.861219,34.750484],[136.861223,34.750482],[136.861229,34.750482],[136.861236,34.750481],[136.861246,34.750479],[136.861252,34.750479],[136.861267,34.750477],[136.861279,34.750475],[136.861291,34.750473],[136.861302,34.750472],[136.861312,34.750471],[136.861328,34.750469],[136.861337,34.750467],[136.861349,34.750468],[136.861369,34.75047],[136.861393,34.750472],[136.861466,34.750479],[136.861493,34.750482],[136.861497,34.750482],[136.861503,34.750483],[136.861506,34.750483],[136.861508,34.750483],[136.861509,34.750484],[136.86151,34.750484],[136.861511,34.750484],[136.861513,34.750484],[136.861514,34.750484],[136.861515,34.750484],[136.861517,34.750485],[136.86152,34.750485],[136.861522,34.750485],[136.861524,34.750485],[136.861526,34.750486],[136.861528,34.750486],[136.861529,34.750486],[136.861531,34.750486],[136.861532,34.750486],[136.861533,34.750486],[136.861534,34.750487],[136.861536,34.750487],[136.861538,34.750487],[136.861539,34.750487],[136.86154,34.750487],[136.861542,34.750488],[136.861548,34.750488],[136.861594,34.750494],[136.861633,34.750498],[136.861753,34.750513],[136.861802,34.75055],[136.861834,34.750588],[136.861847,34.750636],[136.861857,34.750669],[136.861861,34.750684],[136.861864,34.750695],[136.861872,34.750728],[136.861932,34.750965],[136.86197,34.751005],[136.861991,34.751028],[136.862037,34.751057],[136.862049,34.751064],[136.862053,34.751067],[136.862056,34.751069],[136.862058,34.75107],[136.86207,34.751077],[136.86207,34.751078],[136.862091,34.75109],[136.862129,34.751114],[136.862162,34.751134],[136.862197,34.751155],[136.862247,34.751184],[136.862266,34.751196],[136.862286,34.751227],[136.862294,34.751239],[136.86231,34.751265],[136.862338,34.75131],[136.862348,34.751326],[136.862352,34.751333],[136.862372,34.751371],[136.862386,34.751397],[136.862397,34.751419],[136.862417,34.751459],[136.86244,34.751503],[136.862447,34.751515],[136.862465,34.751544],[136.862488,34.751582],[136.862508,34.751614],[136.862527,34.751645],[136.862546,34.751674],[136.862555,34.751689],[136.862577,34.751718],[136.8626,34.751748],[136.86262,34.751773],[136.862647,34.751809],[136.862669,34.751837],[136.862689,34.751863],[136.862708,34.751889],[136.862738,34.751922],[136.862752,34.751937],[136.862764,34.751951],[136.862813,34.752006],[136.862833,34.752028],[136.862835,34.752031],[136.862864,34.752063],[136.862888,34.752091],[136.862909,34.752114],[136.862914,34.752119],[136.862947,34.752155],[136.862973,34.752183],[136.862995,34.752207],[136.863012,34.752225],[136.863055,34.752273],[136.863101,34.752323],[136.863133,34.752358],[136.863147,34.752373],[136.863185,34.752412],[136.863236,34.752463],[136.863246,34.752472],[136.863286,34.752513],[136.863363,34.752489],[136.863378,34.752484],[136.863406,34.752476],[136.863412,34.752474],[136.863429,34.752469],[136.863444,34.752464],[136.863454,34.752461],[136.863466,34.752457],[136.863478,34.752453],[136.863492,34.752449],[136.863506,34.752444],[136.863523,34.752439],[136.863547,34.752431],[136.863558,34.752428],[136.863578,34.752422],[136.863605,34.752413],[136.863614,34.75241],[136.863631,34.752405],[136.863642,34.752401],[136.863643,34.752401],[136.863645,34.752401],[136.863646,34.7524],[136.863647,34.7524],[136.863648,34.7524],[136.86365,34.752399],[136.863652,34.752399],[136.863653,34.752398],[136.863654,34.752398],[136.863656,34.752397],[136.863677,34.75239],[136.863697,34.752383],[136.863727,34.752373],[136.863756,34.752363],[136.863793,34.75235],[136.863813,34.752344],[136.863839,34.752335],[136.863866,34.752325],[136.863907,34.752311],[136.863948,34.752297],[136.863972,34.752289],[136.863988,34.752284],[136.864008,34.752277],[136.864024,34.752271],[136.864048,34.752263],[136.864072,34.752255],[136.864097,34.752247],[136.864104,34.752258],[136.86411,34.752267],[136.864116,34.752276],[136.86412,34.752283],[136.864127,34.752293],[136.864138,34.752309],[136.864154,34.752333],[136.864176,34.752367],[136.864198,34.7524],[136.86421,34.752418],[136.864234,34.752455],[136.864259,34.752493],[136.864265,34.752501],[136.864271,34.752511],[136.864281,34.752526],[136.864292,34.752542],[136.864304,34.752561],[136.864313,34.752575],[136.864327,34.752596],[136.864341,34.752618],[136.864356,34.752641],[136.864374,34.752669],[136.864396,34.752704],[136.864413,34.752729],[136.864434,34.752759],[136.864462,34.752798],[136.864517,34.752875],[136.86454,34.75292],[136.864549,34.752938],[136.864553,34.752946],[136.864562,34.752964],[136.864569,34.752977],[136.864581,34.753001],[136.864582,34.753004],[136.864582,34.753007],[136.864583,34.753012],[136.864584,34.753016],[136.864585,34.753021],[136.864587,34.75303],[136.864588,34.753038],[136.864591,34.753051],[136.864593,34.753062],[136.864598,34.753085],[136.864606,34.753126],[136.864608,34.753135],[136.86461,34.753159],[136.864613,34.753186],[136.864615,34.753209],[136.864617,34.753226],[136.864619,34.753245],[136.86462,34.753253],[136.864622,34.75327],[136.864623,34.753281],[136.864624,34.753289],[136.864623,34.753308],[136.864622,34.753331],[136.864621,34.753358],[136.864621,34.753372],[136.86462,34.753384],[136.86462,34.753397],[136.86462,34.753409],[136.864619,34.753418],[136.864619,34.753425],[136.864619,34.753436],[136.864616,34.753448],[136.864614,34.75346],[136.864612,34.753471],[136.86461,34.753485],[136.864608,34.753494],[136.864605,34.753507],[136.8646,34.753537],[136.864598,34.753549],[136.864591,34.753576],[136.864576,34.753636],[136.864572,34.753651],[136.864566,34.753673],[136.864564,34.75368],[136.864562,34.753688],[136.864559,34.753698],[136.864549,34.753731],[136.864537,34.75377],[136.86453,34.753793],[136.864511,34.753844],[136.864494,34.753889],[136.864481,34.753925],[136.864476,34.753941],[136.864466,34.75397],[136.864452,34.754012],[136.864443,34.75404],[136.864465,34.754068],[136.864473,34.754079],[136.86448,34.754087],[136.864493,34.754104],[136.864508,34.754127],[136.864508,34.754127],[136.864512,34.754133],[136.864518,34.754141],[136.86453,34.754158],[136.864542,34.754175],[136.864558,34.754199],[136.864568,34.754213],[136.864584,34.754242],[136.864595,34.754262],[136.864606,34.754281],[136.864619,34.754305],[136.864622,34.754311],[136.864623,34.754312],[136.864636,34.754337],[136.864649,34.754363],[136.864665,34.754393],[136.864679,34.754421],[136.864688,34.754439],[136.864693,34.754449],[136.8647,34.754463],[136.864704,34.754471],[136.864708,34.754479],[136.864711,34.754485],[136.864716,34.754494],[136.864723,34.754508],[136.864727,34.754516],[136.864729,34.754519],[136.864734,34.75453],[136.864738,34.754537],[136.864741,34.754543],[136.864743,34.754547],[136.864749,34.754559],[136.864752,34.754565],[136.864756,34.754572],[136.864762,34.754585],[136.864764,34.754588],[136.864765,34.754591],[136.864766,34.754591],[136.864767,34.754595],[136.864767,34.754599],[136.864766,34.754602],[136.864765,34.754607],[136.864763,34.754616],[136.864762,34.754623],[136.864742,34.754723],[136.864727,34.754797],[136.86471,34.754881],[136.864688,34.754989],[136.864682,34.75502],[136.86473,34.7551],[136.864787,34.755193],[136.864788,34.755195],[136.864803,34.75522],[136.864814,34.755238],[136.864827,34.755259],[136.864848,34.755294],[136.864892,34.755368],[136.864925,34.755422],[136.864955,34.755472],[136.865006,34.755556],[136.865076,34.755672],[136.865118,34.755743],[136.865131,34.755819],[136.865154,34.755957],[136.865209,34.755962],[136.865236,34.755964],[136.865381,34.755975],[136.865382,34.755975],[136.865509,34.755985],[136.865604,34.755993],[136.865687,34.755999],[136.865739,34.756004],[136.865898,34.756016],[136.866071,34.75603],[136.866169,34.755986],[136.866239,34.755954],[136.866295,34.755928],[136.866354,34.755902],[136.866374,34.755892],[136.866381,34.755889],[136.866435,34.755865],[136.866465,34.755875],[136.866508,34.755891],[136.866609,34.755927],[136.866642,34.755939],[136.866671,34.755948],[136.86672,34.755963],[136.866779,34.755975],[136.866876,34.755996],[136.86691,34.755982],[136.866967,34.755959],[136.867,34.755946],[136.867028,34.755934],[136.867077,34.755915],[136.867114,34.7559],[136.867154,34.755884],[136.867198,34.755866],[136.867211,34.75586],[136.867243,34.75585],[136.867287,34.755835],[136.867349,34.755814],[136.867428,34.755788],[136.867471,34.755774],[136.867535,34.75576],[136.867595,34.755747],[136.867609,34.755744],[136.867636,34.755738],[136.867666,34.755739],[136.867726,34.75574],[136.867782,34.755742],[136.867806,34.755742],[136.867832,34.755743],[136.867841,34.755743],[136.867883,34.755744],[136.86789,34.755744],[136.867893,34.755745],[136.867912,34.755745],[136.867918,34.755745],[136.867951,34.755746],[136.867955,34.755747],[136.867957,34.755747],[136.86796,34.755747],[136.867963,34.755747],[136.867968,34.755747],[136.867973,34.755747],[136.867977,34.755747],[136.867989,34.755748],[136.868,34.755748],[136.868018,34.755749],[136.868029,34.755749],[136.868037,34.755748],[136.868063,34.755746],[136.868079,34.755745],[136.868106,34.755743],[136.868128,34.755741],[136.868151,34.755736],[136.868165,34.755733],[136.868171,34.755732],[136.868178,34.75573],[136.868185,34.755729],[136.868194,34.755727],[136.868196,34.755727],[136.868199,34.755726],[136.868202,34.755725],[136.868206,34.755725],[136.86821,34.755724],[136.868213,34.755723],[136.868217,34.755722],[136.868222,34.755721],[136.868226,34.75572],[136.86823,34.755719],[136.868237,34.755718],[136.868244,34.755716],[136.868252,34.755715],[136.868264,34.755712],[136.868269,34.755711],[136.868279,34.755709],[136.868288,34.755707],[136.8683,34.755705],[136.86831,34.755703],[136.868319,34.755701],[136.868334,34.755697],[136.868343,34.755696],[136.86835,34.755694],[136.868358,34.755693],[136.868368,34.755691],[136.868388,34.755687],[136.868405,34.755684],[136.868415,34.755682],[136.868422,34.755681],[136.868427,34.75568],[136.868437,34.755678],[136.868441,34.755677],[136.868448,34.755676],[136.868459,34.755676],[136.868471,34.755675],[136.868491,34.755673],[136.868502,34.755673],[136.868512,34.755673],[136.86853,34.755672],[136.868558,34.755672],[136.86857,34.755674],[136.868587,34.755677],[136.868595,34.755679],[136.868606,34.755681],[136.86862,34.755684],[136.868627,34.755685],[136.868644,34.755689],[136.868652,34.75569],[136.868653,34.75569],[136.868667,34.755693],[136.868669,34.755693],[136.868674,34.755694],[136.868679,34.755695],[136.868685,34.755697],[136.868712,34.755702],[136.868731,34.755706],[136.868757,34.755706],[136.868781,34.755706],[136.868809,34.755702],[136.868844,34.755692],[136.868876,34.755679],[136.86891,34.755665],[136.868941,34.755653],[136.868954,34.755647],[136.868963,34.755644],[136.868985,34.755635],[136.869012,34.755624],[136.869034,34.755615],[136.86906,34.755604],[136.869081,34.755594],[136.869108,34.755583],[136.869128,34.755574],[136.869154,34.755563],[136.869182,34.755551],[136.869202,34.755543],[136.869228,34.755531],[136.869246,34.755524],[136.869267,34.755537],[136.869277,34.755543],[136.86928,34.755545],[136.869283,34.755547],[136.869314,34.755567],[136.86933,34.755523],[136.869343,34.755487],[136.869442,34.755441],[136.869447,34.755446],[136.869448,34.755447],[136.86948,34.755473],[136.869494,34.755485],[136.869543,34.755526],[136.869574,34.755551],[136.869616,34.755586],[136.869659,34.755621],[136.869702,34.755658],[136.86972,34.755673],[136.869748,34.755712],[136.86978,34.755757],[136.869803,34.755804],[136.869835,34.755869],[136.86985,34.755899],[136.869855,34.755908],[136.869918,34.756017],[136.870026,34.756205],[136.870108,34.756193],[136.870108,34.756193],[136.870136,34.756189],[136.870304,34.756165],[136.870866,34.756141],[136.871147,34.756239],[136.871169,34.756545],[136.871139,34.756742],[136.871145,34.756818],[136.871172,34.756905],[136.871344,34.757119],[136.871389,34.757222],[136.87159,34.757299],[136.87159,34.757299],[136.87177,34.757368],[136.871798,34.757352],[136.871839,34.757318],[136.871893,34.757266],[136.871971,34.757181],[136.872321,34.757279],[136.872396,34.757177],[136.872456,34.75714],[136.872551,34.757018],[136.872645,34.756922],[136.872658,34.756908],[136.872673,34.756893],[136.872687,34.756881],[136.872719,34.756853],[136.872767,34.756812],[136.872791,34.756791],[136.872804,34.756784],[136.872856,34.756753],[136.872904,34.756725],[136.87295,34.756698],[136.872996,34.756671],[136.873039,34.756646],[136.873088,34.756618],[136.873137,34.756589],[136.873189,34.756616],[136.873234,34.75664],[136.873287,34.756668],[136.873336,34.756694],[136.873376,34.756715],[136.873415,34.756735],[136.873453,34.756755],[136.873508,34.756784],[136.873545,34.756803],[136.873582,34.756823],[136.87361,34.756838],[136.873645,34.756831],[136.873687,34.756821],[136.873725,34.756813],[136.873745,34.756815],[136.873785,34.75682],[136.873819,34.756823],[136.87386,34.756828],[136.873897,34.756832],[136.87395,34.756838],[136.873989,34.756842],[136.874016,34.756845],[136.874031,34.756838],[136.874054,34.756828],[136.874071,34.75682],[136.874088,34.756812],[136.874112,34.756801],[136.874138,34.756789],[136.874162,34.756778],[136.874178,34.756771],[136.874193,34.756764],[136.874218,34.756752],[136.874227,34.756748],[136.874235,34.756745],[136.874247,34.756739],[136.874267,34.75673],[136.874287,34.756721],[136.874309,34.756711],[136.874333,34.756699],[136.874362,34.756686],[136.874369,34.756683],[136.874395,34.756671],[136.874416,34.756661],[136.874419,34.75666],[136.874447,34.756648],[136.874458,34.756643],[136.874512,34.75662],[136.874538,34.756609],[136.874571,34.756595],[136.874605,34.75658],[136.874645,34.756563],[136.874667,34.756549],[136.874678,34.756543],[136.874704,34.756526],[136.874733,34.756509],[136.874842,34.756442],[136.874935,34.756385],[136.874968,34.756376],[136.87506,34.756352],[136.875152,34.756295],[136.875217,34.756255],[136.875287,34.756212],[136.875343,34.756177],[136.875407,34.756137],[136.875476,34.756095],[136.875581,34.75603],[136.875653,34.755986],[136.875723,34.75606],[136.875789,34.75613],[136.875919,34.7563],[136.875888,34.756451],[136.875857,34.756605],[136.875837,34.756702],[136.875815,34.756807],[136.875812,34.756823],[136.875791,34.756929],[136.875778,34.75699],[136.875758,34.757039],[136.87575,34.757053],[136.875732,34.757083],[136.87571,34.757121],[136.875691,34.757156],[136.875673,34.757189],[136.875651,34.757228],[136.87564,34.757248],[136.875622,34.757281],[136.875599,34.757323],[136.875572,34.757372],[136.875548,34.757416],[136.875537,34.757436],[136.875529,34.75745],[136.875513,34.75748],[136.8755,34.757503],[136.875496,34.757511],[136.875486,34.757529],[136.875486,34.75753],[136.875472,34.757554],[136.875459,34.757576],[136.875444,34.757601],[136.875431,34.757625],[136.875418,34.757647],[136.875403,34.757673],[136.875391,34.757693],[136.875379,34.757715],[136.875369,34.757731],[136.875428,34.757792],[136.875458,34.757822],[136.875493,34.757858],[136.875523,34.757889],[136.875575,34.757943],[136.87562,34.757989],[136.875669,34.758039],[136.875711,34.758082],[136.875741,34.758114],[136.875834,34.758209],[136.875869,34.758245],[136.875908,34.758285],[136.875998,34.758316],[136.876066,34.758339],[136.876142,34.758365],[136.876196,34.758384],[136.876241,34.758399],[136.876292,34.758417],[136.876377,34.758446],[136.876453,34.758472],[136.876539,34.758502],[136.876682,34.758551],[136.87672,34.758617],[136.876757,34.758682],[136.876813,34.758779],[136.876862,34.758866],[136.876868,34.758974],[136.876881,34.759015],[136.87691,34.759035],[136.876962,34.759054],[136.87701,34.759085],[136.877051,34.759138],[136.877068,34.759188],[136.877095,34.759272],[136.877111,34.759308],[136.877155,34.759414],[136.877141,34.759457],[136.877104,34.759567],[136.877065,34.759686],[136.87704,34.759762],[136.877014,34.759846],[136.876989,34.759923],[136.87697,34.759983],[136.876969,34.760039],[136.876969,34.76009],[136.876968,34.760139],[136.876958,34.760152],[136.876952,34.76016],[136.876939,34.760178],[136.876912,34.760215],[136.876912,34.760256],[136.876914,34.760276],[136.876924,34.760303],[136.876933,34.760328],[136.876949,34.760357],[136.876957,34.760366],[136.876969,34.76038],[136.87698,34.760394],[136.876989,34.760405],[136.876989,34.760405],[136.876999,34.760418],[136.877014,34.760436],[136.877008,34.760473],[136.876999,34.76053],[136.876995,34.760552],[136.876993,34.760568],[136.87699,34.760586],[136.876987,34.760604],[136.876959,34.760619],[136.876947,34.760626],[136.876933,34.760634],[136.876933,34.760634],[136.876932,34.760634],[136.876932,34.760635],[136.876931,34.760635],[136.876917,34.760643],[136.876891,34.760658],[136.876871,34.760669],[136.876868,34.760696],[136.876866,34.760715],[136.876865,34.76073],[136.876863,34.760746],[136.876862,34.760762],[136.87686,34.76078],[136.876858,34.760795],[136.876857,34.760812],[136.876855,34.760829],[136.876854,34.760843],[136.876853,34.760852],[136.876852,34.760861],[136.876852,34.760866],[136.876851,34.760871],[136.87685,34.760882],[136.876847,34.760915],[136.876842,34.76096],[136.876839,34.760993],[136.876836,34.761029],[136.876832,34.761064],[136.876829,34.761095],[136.876827,34.76112],[136.876824,34.761143],[136.876853,34.761172],[136.876898,34.761219],[136.876904,34.761225],[136.876907,34.761228],[136.876922,34.761243],[136.876942,34.761263],[136.876947,34.76127],[136.876949,34.761271],[136.876954,34.761276],[136.877,34.761324],[136.877021,34.761335],[136.877033,34.761341],[136.877053,34.761352],[136.877081,34.761367],[136.877126,34.761391],[136.877151,34.761404],[136.877172,34.761415],[136.877205,34.761433],[136.877244,34.761453],[136.877295,34.76148],[136.877302,34.761483],[136.877488,34.761328],[136.877515,34.761306],[136.877543,34.761285],[136.877733,34.761134],[136.878122,34.760868],[136.878463,34.760596],[136.878708,34.76073],[136.878927,34.760838],[136.879101,34.760905],[136.879177,34.76093],[136.879238,34.760931],[136.879495,34.760872],[136.879503,34.76087],[136.879524,34.760865],[136.879529,34.760864],[136.879625,34.760843],[136.879722,34.760804],[136.879742,34.760796],[136.879743,34.760795],[136.87975,34.760793],[136.879758,34.76079],[136.879802,34.760773],[136.879869,34.760787],[136.880032,34.760863],[136.880037,34.760865],[136.880103,34.760892],[136.880152,34.760905],[136.880204,34.760915],[136.880229,34.760917],[136.880254,34.760916],[136.880288,34.760907],[136.880494,34.760916],[136.880786,34.760922],[136.881111,34.760941],[136.88113,34.760942],[136.881461,34.760964],[136.881555,34.760971],[136.881615,34.761051],[136.881756,34.761243],[136.881766,34.761257],[136.881922,34.761483],[136.882026,34.76167],[136.882067,34.76174],[136.882195,34.761839],[136.882406,34.761985],[136.882572,34.762121],[136.882713,34.762229],[136.882745,34.762268],[136.882812,34.762315],[136.882925,34.762393],[136.883017,34.76245],[136.883181,34.762544],[136.883352,34.762637],[136.883546,34.76278],[136.883586,34.762917],[136.88359,34.762932],[136.883593,34.762947],[136.883614,34.763034],[136.88366,34.76312],[136.883681,34.763159],[136.883686,34.763168],[136.883703,34.763201],[136.883711,34.763217],[136.883718,34.76323],[136.883746,34.763286],[136.883536,34.763835],[136.883462,34.764503],[136.883718,34.764461],[136.884563,34.764408],[136.885137,34.764245],[136.885209,34.76422],[136.885343,34.764178],[136.885762,34.76424],[136.88584,34.764418],[136.886145,34.764617],[136.886387,34.764951],[136.88671,34.765141],[136.886706,34.765382],[136.886835,34.765568],[136.886903,34.765665],[136.887022,34.765861],[136.887096,34.766216],[136.887934,34.766449],[136.888403,34.766233],[136.88869,34.765939],[136.888729,34.765873],[136.888841,34.765629],[136.888842,34.765627],[136.888843,34.765625],[136.888875,34.765556],[136.888886,34.765492],[136.888794,34.765279],[136.888794,34.765279]]]}},{"type":"Feature","id":"234450020","properties":{"KEY_CODE":"234450020","PREF":"23","CITY":"445","S_AREA":"002000","PREF_NAME":"愛知県","CITY_NAME":"南知多町","S_NAME":"大字山海","HCODE":8101,"AREA":5610748.722,"KIGO_E":"","JINKO":884,"SETAI":346,"X_CODE":136.903161,"Y_CODE":34.726712},"geometry":{"type":"Polygon","coordinates":[[[136.910391,34.737595],[136.910448,34.737452],[136.910448,34.737451],[136.910487,34.737298],[136.910616,34.737232],[136.910759,34.737265],[136.910903,34.737325],[136.911059,34.73742],[136.911248,34.737524],[136.911424,34.737556],[136.911622,34.73757],[136.911841,34.737574],[136.912255,34.737528],[136.912505,34.737469],[136.912698,34.737348],[136.912901,34.73719],[136.913083,34.737042],[136.91334,34.736857],[136.913575,34.73669],[136.913748,34.736596],[136.913951,34.736466],[136.913958,34.736461],[136.914058,34.736396],[136.914166,34.736326],[136.914348,34.736178],[136.914466,34.736103],[136.914666,34.735856],[136.914759,34.735674],[136.914841,34.735502],[136.914902,34.735321],[136.915007,34.735192],[136.915168,34.73509],[136.915394,34.734968],[136.915577,34.734847],[136.91574,34.734825],[136.915871,34.734804],[136.915989,34.734748],[136.91614,34.734654],[136.916357,34.734596],[136.916553,34.734591],[136.916739,34.734578],[136.916913,34.734529],[136.917031,34.734482],[136.917378,34.734366],[136.917703,34.734278],[136.917943,34.734228],[136.918093,34.734125],[136.918219,34.733952],[136.918314,34.733851],[136.918518,34.73372],[136.918754,34.73358],[136.918969,34.733423],[136.919105,34.733231],[136.919152,34.732987],[136.919103,34.732799],[136.918943,34.732569],[136.918807,34.73241],[136.918647,34.732198],[136.918576,34.732002],[136.918559,34.731896],[136.918508,34.731563],[136.918406,34.731097],[136.918361,34.730676],[136.918235,34.73049],[136.918088,34.73034],[136.918006,34.730135],[136.917999,34.729919],[136.918082,34.729756],[136.918198,34.729627],[136.918532,34.729382],[136.918565,34.729321],[136.918589,34.72916],[136.918595,34.729056],[136.918576,34.728816],[136.918539,34.728606],[136.918461,34.728374],[136.918424,34.728134],[136.918443,34.727981],[136.918503,34.727787],[136.918663,34.727584],[136.918799,34.727402],[136.91889,34.727278],[136.918986,34.727122],[136.919073,34.726937],[136.919104,34.726873],[136.918945,34.726464],[136.918794,34.726152],[136.918605,34.72604],[136.918396,34.725999],[136.918338,34.726001],[136.917932,34.726024],[136.917871,34.726029],[136.917589,34.726098],[136.91749,34.726078],[136.91737,34.726066],[136.917321,34.725915],[136.917317,34.725789],[136.917312,34.725628],[136.917272,34.725386],[136.91724,34.725036],[136.917073,34.724563],[136.916836,34.724317],[136.916606,34.724127],[136.916397,34.723954],[136.916165,34.723781],[136.915906,34.723686],[136.915579,34.723634],[136.915398,34.723651],[136.91522,34.723678],[136.914995,34.72372],[136.914925,34.723709],[136.914665,34.723414],[136.914557,34.723274],[136.914374,34.723064],[136.914219,34.722876],[136.913906,34.722588],[136.913876,34.722529],[136.913868,34.72248],[136.913903,34.722419],[136.914055,34.722284],[136.914113,34.722189],[136.914135,34.72187],[136.914125,34.721665],[136.914184,34.721419],[136.914267,34.721221],[136.914306,34.720989],[136.914302,34.720812],[136.914247,34.720713],[136.914233,34.720688],[136.914285,34.720597],[136.914289,34.72059],[136.91434,34.720464],[136.914388,34.720315],[136.914399,34.720194],[136.914306,34.720051],[136.914187,34.719847],[136.914183,34.719761],[136.914214,34.71963],[136.914247,34.719547],[136.914288,34.719465],[136.914308,34.719386],[136.914232,34.719195],[136.914225,34.718971],[136.914243,34.718836],[136.914267,34.718763],[136.914292,34.718715],[136.914473,34.718482],[136.914563,34.718388],[136.91484,34.718178],[136.91491,34.718123],[136.914982,34.718052],[136.915034,34.717989],[136.915083,34.717878],[136.915099,34.717835],[136.915133,34.717799],[136.915228,34.717737],[136.915347,34.717642],[136.915438,34.717529],[136.915524,34.717431],[136.91559,34.717268],[136.915303,34.716454],[136.915206,34.716291],[136.915051,34.716108],[136.914977,34.71592],[136.914931,34.715792],[136.914908,34.7157],[136.914898,34.715677],[136.914851,34.715643],[136.914724,34.715596],[136.914638,34.715555],[136.914394,34.715296],[136.914303,34.715254],[136.914216,34.715241],[136.914141,34.715271],[136.914109,34.715322],[136.914065,34.715518],[136.914019,34.71562],[136.913943,34.715674],[136.913815,34.715691],[136.913405,34.71569],[136.912873,34.715787],[136.912413,34.715841],[136.912237,34.715922],[136.911972,34.716052],[136.91175,34.715676],[136.911537,34.71533],[136.911408,34.715099],[136.911364,34.714962],[136.911296,34.714792],[136.911194,34.714609],[136.911006,34.714448],[136.910778,34.714143],[136.91001,34.713477],[136.91,34.713472],[136.90998,34.713471],[136.909964,34.713468],[136.909947,34.713462],[136.909896,34.713438],[136.909873,34.713426],[136.90985,34.713419],[136.909812,34.713414],[136.909791,34.713416],[136.909752,34.713427],[136.909735,34.713438],[136.909706,34.713466],[136.90968,34.713497],[136.90966,34.713529],[136.909638,34.713562],[136.909615,34.713597],[136.909586,34.713633],[136.909561,34.713669],[136.909543,34.713704],[136.90953,34.713738],[136.909513,34.713768],[136.909495,34.713794],[136.909477,34.713815],[136.909453,34.713847],[136.90944,34.713854],[136.909425,34.713866],[136.909413,34.713878],[136.909403,34.713893],[136.909397,34.713908],[136.909395,34.713929],[136.909402,34.713943],[136.909414,34.713955],[136.909425,34.713967],[136.90944,34.713976],[136.909456,34.713984],[136.909471,34.713993],[136.909487,34.714002],[136.909501,34.714013],[136.909513,34.714024],[136.909523,34.714035],[136.909533,34.714046],[136.909538,34.714062],[136.909541,34.714077],[136.909545,34.714092],[136.909551,34.714107],[136.909557,34.71412],[136.909565,34.714133],[136.909572,34.714146],[136.909611,34.714241],[136.909585,34.714273],[136.90953,34.714278],[136.909416,34.714243],[136.909371,34.714193],[136.909207,34.714122],[136.9091,34.714144],[136.908939,34.714177],[136.908836,34.714218],[136.90868,34.714269],[136.908621,34.714297],[136.908492,34.714364],[136.908429,34.714383],[136.908358,34.714326],[136.908342,34.71433],[136.908326,34.714336],[136.90831,34.714339],[136.908293,34.714341],[136.908271,34.71434],[136.90825,34.714333],[136.908237,34.714317],[136.908228,34.714299],[136.908171,34.714295],[136.908036,34.714361],[136.907991,34.714394],[136.90799,34.714408],[136.907988,34.714422],[136.907991,34.714436],[136.908007,34.714456],[136.908023,34.714466],[136.908041,34.714472],[136.908059,34.714479],[136.90816,34.714552],[136.908268,34.714695],[136.908285,34.714718],[136.908287,34.714733],[136.908285,34.714748],[136.908271,34.714765],[136.908255,34.71478],[136.908162,34.714799],[136.908128,34.714814],[136.908055,34.714891],[136.908042,34.714917],[136.908023,34.714914],[136.908004,34.714896],[136.908012,34.714876],[136.908027,34.714853],[136.908033,34.714839],[136.90804,34.714826],[136.908045,34.714813],[136.908037,34.714794],[136.908022,34.714778],[136.908003,34.714772],[136.907983,34.71477],[136.907965,34.714763],[136.907947,34.714755],[136.90793,34.714747],[136.907823,34.714703],[136.907771,34.714695],[136.907687,34.714756],[136.907682,34.714769],[136.907676,34.714782],[136.90767,34.714795],[136.907662,34.714807],[136.907651,34.714818],[136.907639,34.714827],[136.907626,34.714836],[136.907613,34.714845],[136.9076,34.714854],[136.907452,34.714845],[136.907353,34.714833],[136.907231,34.714863],[136.90715,34.714868],[136.907009,34.714885],[136.906975,34.714876],[136.906923,34.71482],[136.906883,34.714811],[136.906745,34.714864],[136.90673,34.714872],[136.906715,34.71488],[136.9067,34.714887],[136.906686,34.714896],[136.906672,34.714905],[136.906658,34.714914],[136.906646,34.714925],[136.906633,34.714936],[136.906644,34.71496],[136.90673,34.715002],[136.90679,34.715039],[136.906874,34.715095],[136.906952,34.715165],[136.906951,34.715184],[136.906946,34.715199],[136.906937,34.715213],[136.906923,34.715224],[136.906906,34.715235],[136.906893,34.715248],[136.906882,34.71526],[136.906871,34.715274],[136.906861,34.715287],[136.90685,34.715301],[136.906846,34.715371],[136.906803,34.715476],[136.90676,34.715533],[136.906714,34.715551],[136.906574,34.715601],[136.906495,34.715623],[136.906407,34.715634],[136.906384,34.715638],[136.906362,34.715641],[136.906368,34.715733],[136.906402,34.716172],[136.906328,34.716171],[136.906296,34.715738],[136.906291,34.715665],[136.906273,34.71567],[136.906255,34.715675],[136.906237,34.715678],[136.906219,34.715682],[136.906202,34.715684],[136.906184,34.715687],[136.906167,34.71569],[136.906148,34.715692],[136.906131,34.715694],[136.906113,34.715697],[136.905964,34.715723],[136.905836,34.715734],[136.905685,34.715727],[136.905522,34.715718],[136.905405,34.715704],[136.905316,34.715694],[136.905182,34.715672],[136.905098,34.715654],[136.905078,34.715637],[136.905093,34.715616],[136.90511,34.715613],[136.905128,34.715609],[136.905145,34.715605],[136.905163,34.715602],[136.90518,34.715599],[136.905197,34.715596],[136.905213,34.715594],[136.905231,34.715591],[136.905247,34.715589],[136.905264,34.715585],[136.905281,34.71558],[136.905297,34.715576],[136.905314,34.715572],[136.90533,34.715568],[136.905347,34.715557],[136.905361,34.715543],[136.905358,34.715526],[136.905349,34.715511],[136.905331,34.715499],[136.905311,34.715489],[136.905293,34.715485],[136.905276,34.715483],[136.905258,34.715483],[136.905235,34.715485],[136.905212,34.715488],[136.905211,34.715469],[136.905209,34.715436],[136.905206,34.715418],[136.905204,34.715401],[136.9052,34.715384],[136.905195,34.715369],[136.90519,34.715355],[136.905183,34.715341],[136.905175,34.715328],[136.905164,34.715316],[136.905152,34.715305],[136.90514,34.715295],[136.905126,34.715286],[136.905109,34.715277],[136.905091,34.71527],[136.905073,34.715264],[136.905056,34.715257],[136.905038,34.715249],[136.905023,34.71524],[136.905009,34.715231],[136.904995,34.715221],[136.904997,34.715194],[136.905005,34.71518],[136.905016,34.715166],[136.905024,34.715152],[136.90503,34.715126],[136.905014,34.715107],[136.904879,34.715111],[136.904861,34.715095],[136.904854,34.715081],[136.90485,34.715067],[136.904845,34.71497],[136.90483,34.71489],[136.904821,34.714815],[136.904842,34.714794],[136.904862,34.714793],[136.904881,34.714791],[136.904901,34.714791],[136.90492,34.714794],[136.904937,34.714798],[136.904955,34.714802],[136.904973,34.714803],[136.904996,34.714796],[136.905018,34.714788],[136.905022,34.714769],[136.905018,34.714754],[136.905012,34.714741],[136.905,34.714729],[136.904985,34.71472],[136.904966,34.714712],[136.904945,34.71471],[136.904923,34.714708],[136.904905,34.714706],[136.904885,34.714705],[136.904877,34.714691],[136.90487,34.714677],[136.904859,34.714664],[136.904845,34.714651],[136.904826,34.714641],[136.904807,34.714638],[136.904788,34.714641],[136.904768,34.714644],[136.904749,34.714645],[136.90473,34.714648],[136.904712,34.714651],[136.904693,34.714654],[136.904674,34.714657],[136.904655,34.714661],[136.904634,34.714664],[136.904614,34.714668],[136.904595,34.714672],[136.904583,34.714683],[136.904572,34.714693],[136.904563,34.714705],[136.904561,34.714725],[136.904561,34.714745],[136.904558,34.71476],[136.904552,34.714775],[136.904528,34.714785],[136.904507,34.714776],[136.904487,34.714766],[136.904472,34.714754],[136.904458,34.714741],[136.904442,34.71473],[136.904426,34.714723],[136.904411,34.714718],[136.904396,34.714713],[136.90438,34.71471],[136.904363,34.714707],[136.904344,34.714705],[136.904323,34.714705],[136.904303,34.714706],[136.904282,34.714706],[136.904264,34.714705],[136.904245,34.714704],[136.904228,34.714703],[136.904209,34.714703],[136.904191,34.714703],[136.904173,34.714704],[136.904155,34.714705],[136.904137,34.714708],[136.90412,34.714711],[136.904102,34.714712],[136.904012,34.714735],[136.903924,34.714751],[136.903833,34.714771],[136.903707,34.714787],[136.903584,34.71481],[136.903502,34.714837],[136.90349,34.714862],[136.903521,34.714885],[136.903538,34.714886],[136.903556,34.714888],[136.903572,34.714889],[136.90359,34.714889],[136.903608,34.714888],[136.903627,34.714885],[136.903646,34.714884],[136.903665,34.714885],[136.903684,34.714887],[136.903702,34.714891],[136.903718,34.714899],[136.90373,34.714911],[136.903739,34.714925],[136.903748,34.714939],[136.903792,34.715013],[136.903828,34.715108],[136.903833,34.715171],[136.903827,34.715189],[136.903817,34.715205],[136.903798,34.715218],[136.903779,34.715228],[136.903765,34.715236],[136.903751,34.715245],[136.903738,34.715254],[136.903727,34.715263],[136.903716,34.715276],[136.903707,34.71529],[136.903703,34.715305],[136.903705,34.715319],[136.903711,34.715333],[136.903717,34.715346],[136.903725,34.71536],[136.903733,34.715372],[136.903742,34.715384],[136.903751,34.715397],[136.903759,34.71541],[136.903767,34.715424],[136.903774,34.715437],[136.903778,34.715453],[136.90378,34.71547],[136.903777,34.715487],[136.903758,34.715504],[136.903734,34.715506],[136.903718,34.715509],[136.903701,34.715512],[136.903686,34.715517],[136.90367,34.71552],[136.903644,34.715546],[136.903654,34.715566],[136.903673,34.715581],[136.903668,34.715597],[136.903663,34.71561],[136.903654,34.715623],[136.903633,34.715628],[136.903611,34.715633],[136.903598,34.715644],[136.903591,34.715657],[136.903586,34.715671],[136.903585,34.715689],[136.903589,34.715706],[136.903594,34.715723],[136.903597,34.715737],[136.903602,34.715751],[136.903607,34.715764],[136.903614,34.715783],[136.903623,34.715801],[136.903622,34.715816],[136.903621,34.71583],[136.903625,34.715844],[136.903647,34.715861],[136.903668,34.71586],[136.903689,34.715856],[136.903709,34.715859],[136.903729,34.715864],[136.903734,34.715886],[136.903716,34.715906],[136.903654,34.715924],[136.903641,34.715938],[136.903631,34.715955],[136.903631,34.715972],[136.903639,34.715988],[136.903665,34.716004],[136.903682,34.716007],[136.903699,34.716007],[136.903716,34.716006],[136.903761,34.716005],[136.903771,34.716018],[136.903778,34.716032],[136.903777,34.716058],[136.90377,34.716072],[136.903761,34.716085],[136.903751,34.716097],[136.903741,34.71611],[136.903731,34.716122],[136.903721,34.716135],[136.90371,34.716147],[136.903699,34.716158],[136.903689,34.716167],[136.903678,34.716178],[136.903666,34.716188],[136.903655,34.716198],[136.903644,34.716208],[136.903601,34.716249],[136.90359,34.71626],[136.903579,34.716271],[136.903568,34.716283],[136.903557,34.716293],[136.903547,34.716305],[136.903537,34.716316],[136.903528,34.716328],[136.903518,34.716339],[136.903509,34.716351],[136.903499,34.716362],[136.903487,34.716374],[136.903475,34.716384],[136.903463,34.716395],[136.903451,34.716405],[136.903437,34.716416],[136.903423,34.716426],[136.903409,34.716437],[136.903395,34.716448],[136.903381,34.716459],[136.903289,34.716509],[136.903271,34.716508],[136.903255,34.716506],[136.903238,34.716505],[136.903221,34.716504],[136.903205,34.716504],[136.903185,34.716507],[136.903165,34.71651],[136.903147,34.716514],[136.903129,34.716519],[136.903112,34.716525],[136.903095,34.716531],[136.903079,34.716538],[136.903063,34.716547],[136.903048,34.716555],[136.903036,34.716563],[136.903023,34.716572],[136.903011,34.716581],[136.902999,34.716592],[136.902989,34.716605],[136.902976,34.716616],[136.902958,34.716625],[136.902939,34.716632],[136.902918,34.716637],[136.9029,34.716641],[136.90288,34.716643],[136.902861,34.716646],[136.902706,34.716648],[136.90269,34.716645],[136.902674,34.71664],[136.902664,34.716627],[136.902658,34.716611],[136.902654,34.716598],[136.902651,34.716584],[136.90265,34.71657],[136.90265,34.716557],[136.902651,34.716541],[136.902654,34.716525],[136.902658,34.71651],[136.902642,34.716474],[136.902618,34.716474],[136.902593,34.716475],[136.902573,34.716477],[136.902553,34.71648],[136.902533,34.716482],[136.902514,34.716485],[136.902391,34.716488],[136.902372,34.716485],[136.902352,34.716482],[136.902334,34.716478],[136.902315,34.716472],[136.902294,34.716462],[136.902278,34.716448],[136.902275,34.716428],[136.902279,34.716409],[136.902289,34.716392],[136.902301,34.716375],[136.902312,34.716363],[136.902322,34.71635],[136.902331,34.716336],[136.902336,34.716318],[136.90234,34.716299],[136.902325,34.716268],[136.902308,34.716263],[136.902289,34.716258],[136.902272,34.716254],[136.902253,34.71625],[136.902236,34.716246],[136.902217,34.716244],[136.9022,34.716241],[136.902086,34.716226],[136.901925,34.716206],[136.901784,34.716208],[136.901767,34.716218],[136.901749,34.716227],[136.901734,34.716239],[136.901723,34.716251],[136.901713,34.716264],[136.901704,34.716277],[136.901697,34.71629],[136.90169,34.716303],[136.901683,34.716316],[136.901676,34.71633],[136.901661,34.716361],[136.901654,34.716363],[136.901643,34.716366],[136.901639,34.716366],[136.901635,34.716366],[136.901625,34.716359],[136.901625,34.71635],[136.901626,34.716347],[136.901628,34.716343],[136.90163,34.716336],[136.90163,34.716332],[136.90163,34.716328],[136.901631,34.716313],[136.901632,34.716308],[136.901633,34.716304],[136.901641,34.71628],[136.901662,34.716245],[136.901666,34.716241],[136.901676,34.716228],[136.901687,34.716217],[136.901696,34.716205],[136.901701,34.71619],[136.901706,34.716174],[136.901709,34.716158],[136.90171,34.716142],[136.901711,34.716115],[136.901706,34.716102],[136.901699,34.716093],[136.901686,34.716086],[136.901676,34.716084],[136.901651,34.716075],[136.901611,34.716064],[136.9016,34.716061],[136.901535,34.716047],[136.901452,34.716035],[136.901401,34.716033],[136.901333,34.716037],[136.901301,34.716043],[136.901281,34.71605],[136.901271,34.716055],[136.901261,34.716059],[136.901255,34.716061],[136.90125,34.716063],[136.901239,34.716068],[136.901231,34.716079],[136.901232,34.716088],[136.901239,34.716094],[136.901242,34.716096],[136.901244,34.716098],[136.901258,34.716105],[136.901269,34.716108],[136.901272,34.716108],[136.901361,34.716124],[136.901375,34.716126],[136.901384,34.716132],[136.901386,34.716143],[136.901383,34.716146],[136.90138,34.716148],[136.901378,34.716151],[136.901371,34.716156],[136.901363,34.71616],[136.90135,34.71616],[136.901265,34.716148],[136.901176,34.716141],[136.901106,34.716132],[136.901057,34.716121],[136.900979,34.716092],[136.900928,34.716079],[136.900872,34.71607],[136.90083,34.716066],[136.900777,34.716056],[136.900758,34.716056],[136.900738,34.716062],[136.900724,34.716072],[136.900719,34.716077],[136.900695,34.716117],[136.900692,34.716122],[136.900688,34.716128],[136.900681,34.716142],[136.900681,34.71615],[136.900679,34.716156],[136.900682,34.716167],[136.900684,34.716172],[136.900692,34.716183],[136.900696,34.716187],[136.900699,34.716192],[136.900711,34.716202],[136.900717,34.716206],[136.900723,34.71621],[136.900735,34.716216],[136.900739,34.716218],[136.900799,34.716237],[136.900807,34.71624],[136.900857,34.716249],[136.900916,34.716249],[136.900987,34.716246],[136.901041,34.716246],[136.901061,34.716249],[136.901093,34.716256],[136.901121,34.716266],[136.901157,34.716284],[136.901164,34.716286],[136.901187,34.716292],[136.901193,34.716295],[136.9012,34.716297],[136.901205,34.716301],[136.90121,34.716305],[136.901212,34.716312],[136.901203,34.716325],[136.901199,34.716328],[136.901191,34.716331],[136.901161,34.716331],[136.901155,34.716331],[136.901148,34.716331],[136.901101,34.716325],[136.901021,34.716321],[136.900976,34.716327],[136.90091,34.716345],[136.900875,34.71636],[136.900804,34.716386],[136.900755,34.716395],[136.90072,34.716398],[136.900684,34.716398],[136.900648,34.716393],[136.900634,34.716388],[136.900615,34.716383],[136.900609,34.716383],[136.900578,34.716381],[136.900524,34.716383],[136.900481,34.71639],[136.900456,34.716394],[136.900447,34.716393],[136.900438,34.716392],[136.900432,34.71639],[136.900426,34.716388],[136.900401,34.71637],[136.900392,34.716368],[136.900385,34.716367],[136.900368,34.716369],[136.90036,34.716371],[136.900353,34.716374],[136.900347,34.716377],[136.900341,34.716381],[136.900333,34.716389],[136.900327,34.716397],[136.900319,34.716413],[136.900317,34.716429],[136.900322,34.71644],[136.900325,34.716444],[136.900328,34.716449],[136.900332,34.716451],[136.900337,34.716454],[136.900341,34.716457],[136.900362,34.716465],[136.900366,34.716468],[136.900391,34.716478],[136.900397,34.716479],[136.900403,34.716481],[136.900447,34.716501],[136.900452,34.716505],[136.900458,34.716512],[136.900452,34.71652],[136.900446,34.716524],[136.90043,34.716525],[136.900426,34.716525],[136.900422,34.716525],[136.900413,34.716523],[136.900409,34.716522],[136.900404,34.716521],[136.900392,34.716521],[136.900386,34.716524],[136.90038,34.716527],[136.900377,34.71653],[136.900374,34.716534],[136.900373,34.716538],[136.900372,34.716544],[136.900391,34.71656],[136.900402,34.716565],[136.900406,34.716567],[136.900411,34.716569],[136.900469,34.716595],[136.900476,34.716599],[136.900481,34.716602],[136.900504,34.716619],[136.900522,34.716639],[136.900526,34.716647],[136.900532,34.716659],[136.900534,34.716687],[136.900508,34.716759],[136.900482,34.716811],[136.900471,34.716838],[136.90047,34.716847],[136.90047,34.716859],[136.900469,34.716865],[136.900472,34.716889],[136.900473,34.716894],[136.900476,34.716906],[136.900478,34.716913],[136.900482,34.71692],[136.900495,34.716943],[136.900537,34.716994],[136.900577,34.717028],[136.900585,34.717033],[136.900591,34.717038],[136.900636,34.717062],[136.900644,34.717067],[136.900775,34.717127],[136.900881,34.717183],[136.900991,34.71725],[136.901039,34.717293],[136.901055,34.717312],[136.901059,34.717324],[136.901059,34.717331],[136.901059,34.717334],[136.901053,34.717349],[136.901039,34.717368],[136.901035,34.717372],[136.901029,34.717377],[136.901017,34.717385],[136.901012,34.717389],[136.901006,34.717392],[136.900929,34.717451],[136.900918,34.71746],[136.90077,34.717572],[136.900655,34.717649],[136.90048,34.717753],[136.900464,34.717758],[136.900419,34.717774],[136.900373,34.717788],[136.900324,34.717796],[136.900282,34.717797],[136.90025,34.717793],[136.900226,34.717785],[136.900145,34.717737],[136.900137,34.717733],[136.900122,34.717727],[136.900103,34.717725],[136.900096,34.717726],[136.900088,34.717726],[136.900082,34.717728],[136.900075,34.717731],[136.900019,34.717759],[136.900011,34.717763],[136.899971,34.71779],[136.899965,34.717797],[136.899944,34.717825],[136.899943,34.717832],[136.899943,34.717836],[136.899943,34.71784],[136.899944,34.717844],[136.899946,34.717848],[136.899948,34.717851],[136.899989,34.717888],[136.899995,34.717893],[136.899999,34.717897],[136.900002,34.717901],[136.900006,34.717906],[136.900008,34.717911],[136.900009,34.717917],[136.900009,34.717922],[136.900006,34.717935],[136.89999,34.717959],[136.899986,34.717964],[136.899981,34.71797],[136.899949,34.717995],[136.899916,34.718014],[136.899906,34.718019],[136.899872,34.718032],[136.899656,34.718119],[136.899458,34.718189],[136.899215,34.718264],[136.899002,34.718332],[136.898939,34.71835],[136.898909,34.718354],[136.898856,34.718354],[136.898831,34.718349],[136.898806,34.718341],[136.898798,34.718338],[136.898784,34.718331],[136.898764,34.718321],[136.898754,34.718316],[136.898742,34.718309],[136.898731,34.718302],[136.898654,34.718265],[136.898643,34.71826],[136.898608,34.718244],[136.898534,34.718214],[136.898509,34.718208],[136.8985,34.718207],[136.89848,34.718208],[136.898455,34.718214],[136.898437,34.718223],[136.898429,34.718229],[136.898419,34.71824],[136.898415,34.718247],[136.898404,34.718269],[136.898401,34.718274],[136.898366,34.71833],[136.898357,34.718356],[136.898352,34.718371],[136.898342,34.718413],[136.898309,34.718486],[136.898295,34.718523],[136.898276,34.718569],[136.89827,34.718596],[136.898273,34.718616],[136.898286,34.71864],[136.898301,34.718655],[136.898309,34.718661],[136.898358,34.718684],[136.898318,34.718744],[136.898299,34.718767],[136.898264,34.718797],[136.898183,34.718845],[136.898038,34.718925],[136.897914,34.719012],[136.897856,34.719045],[136.897783,34.719075],[136.897605,34.719134],[136.897338,34.719206],[136.897179,34.719243],[136.897052,34.719269],[136.896968,34.719281],[136.896788,34.719298],[136.896495,34.719321],[136.896411,34.719326],[136.896328,34.719332],[136.896273,34.719339],[136.896214,34.719349],[136.896119,34.719373],[136.896017,34.719403],[136.895912,34.71944],[136.895764,34.719501],[136.895362,34.719657],[136.895234,34.719701],[136.895149,34.719727],[136.895041,34.719754],[136.894627,34.719842],[136.894455,34.719871],[136.894307,34.719891],[136.894153,34.719904],[136.893981,34.719911],[136.893768,34.719925],[136.893477,34.719599],[136.893299,34.719413],[136.893265,34.719433],[136.893476,34.719657],[136.894441,34.720695],[136.894402,34.720705],[136.894372,34.720719],[136.894177,34.720566],[136.894078,34.720482],[136.894017,34.720419],[136.89391,34.720292],[136.893855,34.720223],[136.893842,34.72021],[136.89379,34.720161],[136.893784,34.720155],[136.893776,34.72015],[136.89376,34.720141],[136.893753,34.720138],[136.893747,34.720136],[136.89372,34.720128],[136.89369,34.720125],[136.893685,34.720125],[136.893662,34.720129],[136.893656,34.72013],[136.89365,34.720132],[136.893611,34.720141],[136.893609,34.720141],[136.893585,34.720148],[136.893475,34.720048],[136.892963,34.719485],[136.89234,34.719552],[136.892348,34.719581],[136.892936,34.719514],[136.893444,34.720076],[136.892634,34.720259],[136.892648,34.72031],[136.892103,34.720439],[136.891951,34.720022],[136.891967,34.719824],[136.891906,34.719823],[136.891894,34.720029],[136.891925,34.720113],[136.891878,34.720145],[136.891862,34.720154],[136.891847,34.720163],[136.891833,34.720174],[136.891813,34.720193],[136.89182,34.720217],[136.891827,34.720229],[136.891838,34.72024],[136.891849,34.720251],[136.891862,34.720266],[136.891878,34.720279],[136.891902,34.720289],[136.891913,34.720299],[136.891913,34.720318],[136.891909,34.720332],[136.891902,34.720346],[136.891892,34.720358],[136.891876,34.720376],[136.891864,34.720385],[136.89185,34.720393],[136.891835,34.7204],[136.891821,34.720406],[136.891807,34.720413],[136.891719,34.720452],[136.89162,34.72049],[136.891545,34.720513],[136.891455,34.720531],[136.891229,34.720551],[136.891034,34.720569],[136.890818,34.720583],[136.890719,34.720585],[136.8907,34.720584],[136.890682,34.720584],[136.890664,34.720584],[136.890646,34.720583],[136.890627,34.720581],[136.890608,34.720578],[136.890587,34.720575],[136.890567,34.72057],[136.890548,34.720566],[136.890455,34.720553],[136.890387,34.720546],[136.890313,34.720536],[136.890283,34.720532],[136.890278,34.720523],[136.890287,34.720501],[136.890297,34.720486],[136.890308,34.720472],[136.89032,34.720458],[136.890331,34.720446],[136.890342,34.720434],[136.890352,34.720422],[136.890359,34.720408],[136.890364,34.720388],[136.890358,34.720372],[136.890348,34.720357],[136.890336,34.720343],[136.890322,34.720331],[136.890307,34.720321],[136.890291,34.72031],[136.890273,34.7203],[136.890256,34.720293],[136.890237,34.72029],[136.89021,34.72029],[136.8902,34.720285],[136.890199,34.720271],[136.890197,34.720255],[136.890191,34.720229],[136.890183,34.720215],[136.890169,34.720203],[136.890145,34.720201],[136.890121,34.720206],[136.890095,34.720206],[136.890089,34.720192],[136.890089,34.720174],[136.890091,34.720157],[136.890094,34.720137],[136.890092,34.720117],[136.890086,34.720106],[136.890057,34.720103],[136.890042,34.720113],[136.890028,34.720123],[136.890015,34.720134],[136.890003,34.720146],[136.889992,34.720158],[136.889981,34.720169],[136.889967,34.720185],[136.88995,34.720199],[136.889937,34.720208],[136.889922,34.720214],[136.88991,34.720215],[136.889885,34.7202],[136.889874,34.720186],[136.889858,34.720177],[136.889832,34.72018],[136.889813,34.720186],[136.889795,34.720193],[136.889779,34.720198],[136.889763,34.720199],[136.889746,34.720196],[136.889731,34.720189],[136.889717,34.720181],[136.889697,34.72017],[136.889677,34.720161],[136.889655,34.720151],[136.889632,34.720145],[136.889614,34.720143],[136.889596,34.720141],[136.889589,34.720129],[136.889592,34.72011],[136.889599,34.720093],[136.889597,34.720058],[136.889586,34.720046],[136.889575,34.720035],[136.889563,34.720023],[136.889553,34.720013],[136.889541,34.720002],[136.889529,34.719992],[136.889509,34.719992],[136.889489,34.719995],[136.889474,34.72001],[136.889461,34.720028],[136.889436,34.72004],[136.889418,34.720045],[136.889401,34.720049],[136.889383,34.720054],[136.889367,34.720061],[136.88935,34.720069],[136.889335,34.720078],[136.889321,34.720088],[136.889308,34.720101],[136.889293,34.720113],[136.889279,34.720122],[136.889264,34.72013],[136.88925,34.720138],[136.889235,34.720148],[136.889223,34.720159],[136.889212,34.720171],[136.889202,34.720183],[136.889191,34.720196],[136.889179,34.720206],[136.889166,34.720217],[136.889154,34.720228],[136.889143,34.720239],[136.889131,34.720255],[136.889122,34.720271],[136.889111,34.720286],[136.889102,34.7203],[136.889093,34.720314],[136.889083,34.720328],[136.889071,34.720341],[136.889058,34.720353],[136.889045,34.720365],[136.889031,34.72038],[136.889018,34.720396],[136.889015,34.720414],[136.889018,34.720431],[136.889026,34.720445],[136.889037,34.720456],[136.889049,34.720466],[136.889063,34.720477],[136.889078,34.720485],[136.889095,34.720493],[136.889123,34.720506],[136.889135,34.720522],[136.889144,34.720538],[136.889136,34.72055],[136.889128,34.720562],[136.889118,34.720573],[136.889105,34.720581],[136.88909,34.720587],[136.889076,34.720595],[136.889061,34.720604],[136.889048,34.720614],[136.889063,34.720664],[136.889069,34.72068],[136.889071,34.720697],[136.889067,34.720714],[136.889057,34.720731],[136.889045,34.720745],[136.889035,34.720757],[136.889023,34.720767],[136.889011,34.720777],[136.888999,34.720787],[136.888981,34.720787],[136.888963,34.720788],[136.888945,34.720788],[136.888927,34.72079],[136.888908,34.720792],[136.888891,34.720794],[136.888872,34.720798],[136.888854,34.720802],[136.888838,34.720809],[136.888823,34.720816],[136.888809,34.720824],[136.888794,34.720833],[136.888779,34.720841],[136.888762,34.720848],[136.888743,34.720856],[136.888725,34.720864],[136.888707,34.720871],[136.888689,34.720876],[136.888672,34.720881],[136.888653,34.720885],[136.888635,34.720887],[136.888615,34.720888],[136.888594,34.720888],[136.888575,34.720886],[136.888555,34.720882],[136.888539,34.720878],[136.888525,34.72087],[136.888525,34.720851],[136.888528,34.720835],[136.888532,34.72082],[136.888538,34.720803],[136.888534,34.720769],[136.888505,34.72076],[136.88848,34.720768],[136.888461,34.720776],[136.888445,34.720787],[136.888433,34.7208],[136.888423,34.720812],[136.888376,34.720798],[136.88822,34.72073],[136.888199,34.720721],[136.888192,34.720706],[136.888212,34.720643],[136.888243,34.720571],[136.888249,34.720555],[136.888255,34.720539],[136.888261,34.720522],[136.888267,34.720506],[136.888271,34.720491],[136.888276,34.720475],[136.88828,34.720459],[136.888285,34.720443],[136.888288,34.720429],[136.888291,34.720414],[136.888291,34.720399],[136.888288,34.720385],[136.888283,34.720371],[136.88826,34.720369],[136.888236,34.720369],[136.888216,34.720374],[136.888197,34.720382],[136.888177,34.720385],[136.888158,34.720383],[136.88814,34.72038],[136.888123,34.720372],[136.88811,34.720362],[136.888099,34.720349],[136.888085,34.720338],[136.888062,34.720333],[136.888038,34.72033],[136.888024,34.720338],[136.888009,34.720346],[136.887995,34.720355],[136.887981,34.720365],[136.88797,34.720376],[136.887962,34.720387],[136.887953,34.7204],[136.887944,34.720412],[136.887934,34.720423],[136.887921,34.720435],[136.887908,34.720446],[136.887894,34.720457],[136.887879,34.720467],[136.887865,34.72048],[136.887852,34.720493],[136.88784,34.720506],[136.887831,34.720524],[136.887825,34.720542],[136.887844,34.720551],[136.887863,34.720546],[136.88788,34.720539],[136.887892,34.720538],[136.887895,34.720549],[136.887885,34.720563],[136.887869,34.720574],[136.88782,34.720621],[136.887748,34.720674],[136.887728,34.720685],[136.887708,34.720698],[136.887695,34.720709],[136.887684,34.72072],[136.887677,34.720735],[136.887677,34.720749],[136.887679,34.720763],[136.887741,34.720774],[136.887755,34.720771],[136.887768,34.720814],[136.887767,34.720828],[136.887766,34.720842],[136.887764,34.720856],[136.887762,34.720869],[136.887762,34.720883],[136.887762,34.720897],[136.887762,34.720913],[136.887767,34.72093],[136.887784,34.720941],[136.887801,34.720941],[136.887818,34.720937],[136.887839,34.720939],[136.887826,34.721059],[136.887818,34.721164],[136.887811,34.721238],[136.88781,34.721254],[136.887809,34.72127],[136.887808,34.721287],[136.887807,34.721303],[136.887805,34.721319],[136.887802,34.721333],[136.8878,34.721347],[136.887798,34.721361],[136.887795,34.721374],[136.887792,34.721389],[136.887769,34.721423],[136.887747,34.721425],[136.887726,34.721425],[136.887705,34.721415],[136.887685,34.721405],[136.887665,34.72141],[136.887644,34.721414],[136.887624,34.721422],[136.88761,34.721433],[136.887598,34.721445],[136.887587,34.721458],[136.887576,34.721471],[136.887507,34.721556],[136.887502,34.72157],[136.887497,34.721583],[136.887493,34.721597],[136.887489,34.721611],[136.887486,34.721628],[136.887484,34.721645],[136.887481,34.721662],[136.887385,34.721769],[136.887306,34.721818],[136.887209,34.721855],[136.887142,34.721876],[136.886981,34.721886],[136.886916,34.721826],[136.886904,34.721816],[136.886892,34.721805],[136.886882,34.721793],[136.886871,34.721781],[136.886862,34.721767],[136.886853,34.721752],[136.886843,34.721738],[136.886832,34.721727],[136.886818,34.721717],[136.886805,34.721707],[136.886769,34.721722],[136.886737,34.721799],[136.886731,34.721814],[136.886724,34.72183],[136.886716,34.721845],[136.886707,34.721859],[136.886693,34.721872],[136.886679,34.721883],[136.886665,34.721894],[136.88665,34.721904],[136.886636,34.721898],[136.88662,34.721891],[136.886606,34.721883],[136.88659,34.721873],[136.886574,34.721864],[136.88656,34.721853],[136.886546,34.721841],[136.886534,34.721829],[136.886524,34.721817],[136.886514,34.721805],[136.886502,34.721793],[136.886488,34.721784],[136.886474,34.721777],[136.88646,34.72177],[136.886446,34.721762],[136.886445,34.721724],[136.886332,34.721686],[136.886274,34.721659],[136.886133,34.721575],[136.886072,34.721544],[136.885948,34.721506],[136.885935,34.721516],[136.885922,34.721526],[136.885907,34.721536],[136.885894,34.721545],[136.885881,34.721556],[136.885867,34.721567],[136.885854,34.721578],[136.885841,34.721589],[136.885826,34.721599],[136.885744,34.721696],[136.885738,34.721709],[136.88573,34.721723],[136.885723,34.721736],[136.88572,34.721751],[136.885721,34.721764],[136.885723,34.721778],[136.885726,34.721791],[136.885812,34.721883],[136.885824,34.721893],[136.885836,34.721904],[136.885848,34.721915],[136.885861,34.721925],[136.885874,34.721935],[136.88589,34.721943],[136.885905,34.721949],[136.88592,34.721955],[136.885935,34.721959],[136.885952,34.721963],[136.885968,34.721966],[136.885986,34.721967],[136.886006,34.721966],[136.886028,34.721963],[136.886049,34.721961],[136.886099,34.722021],[136.886083,34.722091],[136.886022,34.72222],[136.885988,34.72225],[136.885904,34.722172],[136.885892,34.722158],[136.88588,34.722142],[136.885866,34.722129],[136.885853,34.722115],[136.885835,34.722105],[136.885816,34.722109],[136.885798,34.722116],[136.885772,34.722167],[136.88573,34.722307],[136.88573,34.72232],[136.885731,34.722335],[136.885733,34.722348],[136.88574,34.722361],[136.885746,34.722374],[136.885855,34.722406],[136.885885,34.722406],[136.885906,34.722411],[136.885926,34.722416],[136.885938,34.722471],[136.885916,34.722809],[136.8859,34.722906],[136.885856,34.722948],[136.885841,34.722945],[136.88583,34.722933],[136.885822,34.722917],[136.885786,34.722809],[136.885766,34.722749],[136.88576,34.722732],[136.885755,34.722716],[136.885748,34.7227],[136.885742,34.722684],[136.88573,34.72267],[136.885715,34.722664],[136.885698,34.722661],[136.885681,34.722662],[136.885664,34.722664],[136.885654,34.722677],[136.885643,34.72269],[136.885632,34.722703],[136.885621,34.722717],[136.885611,34.722731],[136.885602,34.722746],[136.885595,34.722761],[136.885592,34.722777],[136.885592,34.722793],[136.885592,34.722809],[136.885593,34.722833],[136.885595,34.722847],[136.885597,34.722862],[136.885602,34.722876],[136.885605,34.722889],[136.885609,34.722903],[136.885612,34.722917],[136.885696,34.723052],[136.885705,34.723065],[136.885712,34.723079],[136.885721,34.723093],[136.885731,34.723107],[136.88574,34.723117],[136.885751,34.723128],[136.88576,34.723174],[136.885752,34.723204],[136.885641,34.723361],[136.885554,34.723477],[136.885547,34.723492],[136.88554,34.723507],[136.885537,34.723523],[136.885538,34.723545],[136.88554,34.723565],[136.885543,34.723585],[136.88553,34.723606],[136.885505,34.723613],[136.885486,34.723613],[136.885467,34.723609],[136.885447,34.723607],[136.885428,34.72361],[136.885408,34.723614],[136.885389,34.72362],[136.885372,34.723628],[136.885354,34.723637],[136.885338,34.723647],[136.885322,34.723655],[136.8853,34.723666],[136.885291,34.72366],[136.885288,34.723646],[136.88529,34.723631],[136.8853,34.723491],[136.885299,34.723466],[136.88529,34.723452],[136.885278,34.723438],[136.885275,34.723435],[136.885269,34.723427],[136.885267,34.723425],[136.885259,34.72341],[136.885257,34.723407],[136.885245,34.723376],[136.885244,34.723371],[136.885243,34.723367],[136.88524,34.723349],[136.88524,34.723344],[136.88524,34.723339],[136.885241,34.72332],[136.885242,34.723315],[136.885243,34.723285],[136.885243,34.723281],[136.885243,34.723278],[136.88524,34.723265],[136.885225,34.723252],[136.88522,34.723251],[136.885217,34.72325],[136.885214,34.72325],[136.885208,34.72325],[136.885205,34.72325],[136.885201,34.723251],[136.885155,34.723277],[136.88515,34.72328],[136.885146,34.723283],[136.88514,34.723285],[136.885135,34.723287],[136.885107,34.723292],[136.885096,34.72329],[136.885087,34.723283],[136.885082,34.72327],[136.88508,34.723266],[136.885081,34.723255],[136.88509,34.723236],[136.885093,34.723233],[136.885108,34.723184],[136.885109,34.723178],[136.885131,34.723131],[136.885134,34.723124],[136.88514,34.723102],[136.885141,34.723072],[136.885135,34.723043],[136.88513,34.723037],[136.885112,34.723016],[136.885098,34.723008],[136.885082,34.723008],[136.885055,34.723022],[136.88505,34.723026],[136.885045,34.723028],[136.885029,34.723044],[136.885024,34.723049],[136.885021,34.723053],[136.884968,34.723098],[136.884876,34.723148],[136.88484,34.723173],[136.884811,34.723201],[136.884779,34.723241],[136.884709,34.723326],[136.884638,34.723405],[136.884599,34.723444],[136.884583,34.723458],[136.884572,34.723467],[136.884564,34.723469],[136.884562,34.72347],[136.884556,34.72347],[136.884547,34.723465],[136.884546,34.723455],[136.884545,34.723453],[136.884544,34.723437],[136.884544,34.723433],[136.884544,34.723429],[136.884541,34.723411],[136.884525,34.723392],[136.884512,34.723385],[136.8845,34.723385],[136.884475,34.723394],[136.884469,34.723397],[136.884462,34.723398],[136.884418,34.723421],[136.884407,34.723432],[136.884404,34.723437],[136.884395,34.723444],[136.88439,34.723444],[136.884382,34.723442],[136.884375,34.723439],[136.884372,34.72343],[136.884375,34.72342],[136.884376,34.723415],[136.884377,34.723412],[136.884382,34.723402],[136.884386,34.723398],[136.884393,34.723385],[136.884397,34.723378],[136.884409,34.723342],[136.88441,34.723336],[136.884413,34.723296],[136.88441,34.723287],[136.884407,34.723283],[136.884398,34.723277],[136.884387,34.723276],[136.884384,34.723276],[136.884381,34.723276],[136.884365,34.723277],[136.884361,34.723278],[136.884357,34.723279],[136.884336,34.723289],[136.884332,34.723291],[136.884328,34.723293],[136.884295,34.72332],[136.884296,34.723314],[136.884296,34.723311],[136.884305,34.723272],[136.884306,34.723268],[136.884307,34.723264],[136.884316,34.723216],[136.884316,34.72321],[136.884314,34.723192],[136.884311,34.723185],[136.884308,34.723179],[136.884307,34.723176],[136.884306,34.723173],[136.884298,34.723166],[136.884283,34.723165],[136.884238,34.723183],[136.884209,34.7232],[136.884202,34.723206],[136.884195,34.72321],[136.884162,34.723238],[136.884156,34.723243],[136.884149,34.723249],[136.884035,34.723329],[136.884022,34.72334],[136.883988,34.723371],[136.883709,34.723688],[136.883643,34.723753],[136.883565,34.723808],[136.883554,34.723818],[136.883522,34.723854],[136.883516,34.723862],[136.883515,34.723865],[136.883514,34.723868],[136.883514,34.723873],[136.883515,34.723877],[136.883515,34.723879],[136.883519,34.723888],[136.883527,34.723894],[136.883536,34.723895],[136.883539,34.723895],[136.883542,34.723895],[136.883556,34.723896],[136.883561,34.723897],[136.883564,34.723897],[136.883572,34.723901],[136.883573,34.723914],[136.883574,34.723917],[136.883575,34.723939],[136.883575,34.723943],[136.883575,34.723945],[136.883578,34.723955],[136.88358,34.72396],[136.883583,34.723962],[136.883589,34.723968],[136.883618,34.723984],[136.883629,34.723987],[136.883635,34.723987],[136.883644,34.72399],[136.883648,34.723991],[136.883651,34.723993],[136.883662,34.724002],[136.883664,34.724005],[136.883666,34.724008],[136.883667,34.72401],[136.883668,34.724014],[136.883669,34.724017],[136.883668,34.724031],[136.883668,34.724034],[136.883668,34.724037],[136.883657,34.724075],[136.883656,34.72408],[136.883655,34.724085],[136.88365,34.7241],[136.883647,34.724104],[136.883635,34.724124],[136.883631,34.724129],[136.883613,34.724155],[136.88361,34.724161],[136.883602,34.724185],[136.883601,34.724191],[136.883604,34.724202],[136.883616,34.724211],[136.883622,34.724212],[136.883627,34.724212],[136.883634,34.72421],[136.883637,34.72421],[136.883651,34.7242],[136.883658,34.724195],[136.883664,34.724191],[136.883689,34.724171],[136.883694,34.724166],[136.8837,34.724161],[136.883719,34.724148],[136.883724,34.724145],[136.883729,34.724141],[136.883747,34.724132],[136.883753,34.72413],[136.883759,34.724128],[136.883765,34.724126],[136.883773,34.724125],[136.883784,34.724124],[136.883788,34.724125],[136.883791,34.724126],[136.883795,34.724129],[136.883798,34.724133],[136.883798,34.724137],[136.883798,34.724141],[136.883803,34.724155],[136.883804,34.724158],[136.883805,34.72416],[136.883809,34.724164],[136.883819,34.724166],[136.883822,34.724166],[136.883835,34.724161],[136.883839,34.724161],[136.883882,34.724141],[136.883885,34.724139],[136.883889,34.724137],[136.883896,34.724135],[136.883903,34.724136],[136.88391,34.72414],[136.883919,34.724161],[136.883922,34.724177],[136.883922,34.72418],[136.88393,34.724202],[136.883931,34.72421],[136.883942,34.72423],[136.883945,34.724235],[136.883949,34.724239],[136.883962,34.724249],[136.883966,34.724251],[136.88397,34.724254],[136.883981,34.724258],[136.883991,34.724259],[136.883995,34.724259],[136.884005,34.724257],[136.884014,34.724251],[136.884055,34.72422],[136.884068,34.724266],[136.884069,34.724271],[136.884076,34.724321],[136.884077,34.724328],[136.884078,34.724379],[136.88407,34.724464],[136.884067,34.724509],[136.88406,34.724575],[136.884059,34.724608],[136.884066,34.724642],[136.884073,34.724658],[136.884086,34.724686],[136.88409,34.72469],[136.884093,34.724694],[136.884098,34.724698],[136.884104,34.7247],[136.884117,34.724703],[136.884145,34.7247],[136.884153,34.724699],[136.884177,34.724691],[136.884186,34.724689],[136.884213,34.724674],[136.88422,34.72467],[136.884226,34.724665],[136.884266,34.724632],[136.884324,34.724567],[136.884331,34.724561],[136.884348,34.724542],[136.88436,34.724539],[136.884366,34.724542],[136.884412,34.724578],[136.884467,34.724632],[136.884393,34.724847],[136.884347,34.724874],[136.884303,34.724899],[136.884299,34.724902],[136.884295,34.724903],[136.884271,34.724912],[136.884267,34.724914],[136.884263,34.724916],[136.884244,34.72492],[136.88424,34.724921],[136.884234,34.724922],[136.884221,34.724927],[136.884212,34.72493],[136.883925,34.725086],[136.883909,34.725095],[136.883801,34.725145],[136.883751,34.725172],[136.883695,34.725203],[136.883824,34.725399],[136.883902,34.725509],[136.883993,34.725604],[136.884013,34.7256],[136.88431,34.725421],[136.884485,34.725643],[136.884416,34.725675],[136.884229,34.725823],[136.883306,34.726391],[136.883586,34.726813],[136.883671,34.727028],[136.883858,34.727441],[136.884034,34.727693],[136.884143,34.727842],[136.884165,34.727872],[136.884286,34.727987],[136.884318,34.728033],[136.885462,34.727881],[136.885642,34.727825],[136.885934,34.727714],[136.886183,34.727613],[136.886563,34.727538],[136.886647,34.727558],[136.887008,34.727643],[136.887358,34.727848],[136.887619,34.727878],[136.887915,34.727898],[136.888188,34.72791],[136.888442,34.727967],[136.888619,34.728062],[136.888786,34.728157],[136.88901,34.728305],[136.889202,34.728517],[136.889394,34.72872],[136.889569,34.728902],[136.889597,34.728931],[136.889799,34.729115],[136.890044,34.729272],[136.890384,34.729432],[136.89057,34.729546],[136.890726,34.729704],[136.890746,34.729777],[136.890723,34.72989],[136.89064,34.73006],[136.890489,34.730295],[136.890306,34.730549],[136.890259,34.730623],[136.89022,34.730694],[136.890178,34.730866],[136.890192,34.730941],[136.890191,34.730946],[136.890212,34.731082],[136.890257,34.731262],[136.890291,34.731506],[136.890347,34.731803],[136.890351,34.731835],[136.89037,34.732001],[136.89036,34.732173],[136.890318,34.732308],[136.890289,34.732913],[136.8903,34.732963],[136.890355,34.733135],[136.890461,34.733344],[136.890448,34.73338],[136.890422,34.733404],[136.890274,34.733476],[136.890137,34.73356],[136.889935,34.733698],[136.889873,34.733699],[136.88979,34.733803],[136.889742,34.733949],[136.889767,34.734423],[136.889942,34.734584],[136.890105,34.734673],[136.890269,34.734717],[136.890454,34.734851],[136.890525,34.734965],[136.89057,34.73542],[136.890587,34.73553],[136.890867,34.735535],[136.891115,34.735523],[136.891299,34.735518],[136.891463,34.735533],[136.891545,34.735546],[136.891817,34.735585],[136.89204,34.735595],[136.892305,34.735595],[136.892421,34.735588],[136.892628,34.735574],[136.892651,34.735836],[136.892673,34.736011],[136.892691,34.736214],[136.892714,34.736397],[136.893035,34.736506],[136.893248,34.736539],[136.893538,34.736531],[136.893812,34.736469],[136.894026,34.736402],[136.894515,34.736202],[136.895602,34.736307],[136.89604,34.7359],[136.896042,34.7359],[136.896092,34.735855],[136.896232,34.735771],[136.896418,34.735785],[136.896627,34.735825],[136.896891,34.735873],[136.897047,34.735918],[136.897179,34.735956],[136.897259,34.73598],[136.897487,34.73597],[136.897682,34.735959],[136.897867,34.735985],[136.898106,34.736028],[136.898356,34.736071],[136.898628,34.736105],[136.898878,34.736094],[136.89916,34.736047],[136.899395,34.735992],[136.899378,34.735795],[136.899864,34.735763],[136.899979,34.736249],[136.900297,34.736212],[136.900545,34.736183],[136.900672,34.736178],[136.901033,34.736167],[136.901254,34.736179],[136.901351,34.735891],[136.901422,34.735672],[136.901571,34.735251],[136.901893,34.735284],[136.902059,34.735297],[136.902104,34.735301],[136.902303,34.735316],[136.90259,34.735349],[136.902758,34.735334],[136.902958,34.735292],[136.903265,34.73523],[136.903527,34.735187],[136.903873,34.735076],[136.904087,34.735026],[136.90415,34.735023],[136.904289,34.73506],[136.904539,34.73513],[136.9048,34.735164],[136.905029,34.735198],[136.905216,34.735252],[136.905702,34.736019],[136.905713,34.736036],[136.905874,34.736548],[136.90596,34.73669],[136.906091,34.736787],[136.906186,34.736795],[136.90688,34.73678],[136.907032,34.736807],[136.907107,34.736901],[136.906856,34.737293],[136.906528,34.737619],[136.906381,34.737828],[136.906338,34.738042],[136.906394,34.738172],[136.906548,34.738301],[136.906984,34.73834],[136.907276,34.738293],[136.907475,34.738144],[136.907656,34.737835],[136.90779,34.737683],[136.908032,34.737584],[136.908428,34.737562],[136.908588,34.737605],[136.908627,34.738168],[136.908718,34.738443],[136.909072,34.738785],[136.909837,34.739114],[136.910005,34.738831],[136.910044,34.738765],[136.910187,34.738522],[136.910266,34.738314],[136.910283,34.738269],[136.910239,34.73808],[136.910228,34.738059],[136.910198,34.737855],[136.910346,34.737715],[136.910391,34.737595]]]}},{"type":"Feature","id":"234450030","properties":{"KEY_CODE":"234450030","PREF":"23","CITY":"445","S_AREA":"003000","PREF_NAME":"愛知県","CITY_NAME":"南知多町","S_NAME":"大字豊浜","HCODE":8101,"AREA":7115279.851,"KIGO_E":"E1","JINKO":3612,"SETAI":1517,"X_CODE":136.933956,"Y_CODE":34.712497},"geometry":{"type":"Polygon","coordinates":[[[136.923878,34.729455],[136.924299,34.729403],[136.924299,34.729403],[136.924619,34.729418],[136.925906,34.72835],[136.925988,34.728181],[136.926029,34.728046],[136.926016,34.728001],[136.925962,34.727865],[136.925962,34.727685],[136.926017,34.727415],[136.926264,34.727235],[136.926305,34.727133],[136.926292,34.727009],[136.92621,34.726919],[136.92603,34.7268],[136.926148,34.726729],[136.926214,34.726653],[136.926266,34.726574],[136.926573,34.725935],[136.927127,34.726087],[136.927592,34.725784],[136.92799,34.725052],[136.928427,34.724918],[136.928578,34.724636],[136.929482,34.722648],[136.929034,34.722496],[136.929055,34.722222],[136.929076,34.721967],[136.929896,34.721653],[136.930115,34.721608],[136.930415,34.721597],[136.930688,34.72162],[136.931247,34.721802],[136.931816,34.722729],[136.932103,34.72241],[136.932286,34.722277],[136.932487,34.722198],[136.932695,34.722146],[136.932925,34.722092],[136.933308,34.721807],[136.933434,34.721759],[136.933848,34.72173],[136.934072,34.721717],[136.934427,34.721718],[136.934439,34.722247],[136.9347,34.721921],[136.934795,34.721955],[136.935055,34.721674],[136.936051,34.721653],[136.937132,34.720731],[136.937581,34.72116],[136.938155,34.721026],[136.938496,34.721038],[136.938934,34.7206],[136.938854,34.71998],[136.939,34.719506],[136.939033,34.719416],[136.938951,34.719326],[136.938979,34.719247],[136.939265,34.719169],[136.939375,34.719068],[136.939553,34.71891],[136.939784,34.719035],[136.940385,34.718934],[136.941177,34.718891],[136.941423,34.718677],[136.941942,34.718588],[136.942024,34.718408],[136.942257,34.718059],[136.942958,34.717051],[136.943078,34.716932],[136.943123,34.716838],[136.943211,34.716601],[136.943291,34.71647],[136.943463,34.716326],[136.943914,34.716101],[136.944474,34.715911],[136.945061,34.715754],[136.945511,34.715687],[136.946017,34.715553],[136.947479,34.714857],[136.947473,34.714554],[136.947469,34.714204],[136.94752,34.713979],[136.947617,34.713676],[136.947646,34.713599],[136.947665,34.713448],[136.947684,34.71325],[136.947726,34.713106],[136.947811,34.712979],[136.94795,34.712892],[136.948087,34.71283],[136.948299,34.712754],[136.948539,34.712686],[136.948591,34.712665],[136.948667,34.712619],[136.948763,34.712564],[136.948863,34.712512],[136.948944,34.712467],[136.949065,34.712403],[136.949194,34.712326],[136.949349,34.712244],[136.949471,34.712171],[136.949566,34.712109],[136.949678,34.712015],[136.949768,34.711915],[136.949926,34.71168],[136.950006,34.711556],[136.95013,34.711455],[136.950265,34.711177],[136.950285,34.71107],[136.950309,34.711043],[136.950788,34.710714],[136.951087,34.710808],[136.951158,34.710824],[136.951276,34.710824],[136.951415,34.710796],[136.951566,34.710746],[136.951741,34.710661],[136.95188,34.710565],[136.951952,34.710513],[136.952119,34.71043],[136.952297,34.710375],[136.952462,34.710359],[136.952776,34.710338],[136.952994,34.710336],[136.953138,34.710338],[136.953257,34.71032],[136.953442,34.710285],[136.953586,34.710255],[136.953808,34.710183],[136.953966,34.71015],[136.954078,34.710126],[136.954215,34.710076],[136.954446,34.709984],[136.954527,34.709928],[136.954579,34.709839],[136.954608,34.709743],[136.954622,34.709591],[136.954641,34.70939],[136.954691,34.709232],[136.954787,34.709045],[136.954906,34.70886],[136.954955,34.708766],[136.955012,34.708668],[136.955126,34.708533],[136.955247,34.708386],[136.955333,34.708305],[136.955402,34.708262],[136.955524,34.708183],[136.955674,34.70811],[136.955955,34.707982],[136.956024,34.707959],[136.956119,34.707899],[136.956267,34.707791],[136.956498,34.707592],[136.956655,34.707436],[136.956708,34.707344],[136.956727,34.70719],[136.956724,34.707019],[136.95671,34.70682],[136.956674,34.706631],[136.956627,34.706443],[136.95661,34.706394],[136.956599,34.706355],[136.95654,34.706033],[136.956545,34.705593],[136.956545,34.70559],[136.956547,34.705587],[136.95673,34.705395],[136.956848,34.705258],[136.956964,34.705136],[136.957085,34.704998],[136.957185,34.704869],[136.957285,34.704732],[136.957453,34.704623],[136.957574,34.704548],[136.957655,34.704515],[136.957695,34.704485],[136.957704,34.704468],[136.95772,34.704437],[136.957728,34.704391],[136.95774,34.704314],[136.957747,34.704209],[136.957757,34.704082],[136.957778,34.703903],[136.95784,34.703685],[136.957893,34.703579],[136.957952,34.703489],[136.958136,34.703405],[136.958273,34.703344],[136.958506,34.703245],[136.958629,34.703186],[136.958788,34.703103],[136.958907,34.703037],[136.959258,34.702862],[136.959356,34.7017],[136.958788,34.701264],[136.95885,34.700917],[136.959976,34.700833],[136.959985,34.700813],[136.959989,34.700807],[136.960009,34.700783],[136.960014,34.700778],[136.96002,34.700772],[136.960052,34.700745],[136.960063,34.700736],[136.960138,34.700691],[136.960195,34.700662],[136.960294,34.700622],[136.960387,34.700589],[136.960477,34.700561],[136.960519,34.700543],[136.960562,34.700531],[136.96057,34.700527],[136.960582,34.70052],[136.96059,34.700511],[136.960595,34.700505],[136.960596,34.700502],[136.960597,34.700499],[136.9606,34.700492],[136.960607,34.700462],[136.960607,34.70046],[136.960607,34.700456],[136.960606,34.700445],[136.960605,34.700441],[136.960597,34.700422],[136.960567,34.70037],[136.960542,34.700326],[136.960529,34.700298],[136.960508,34.700232],[136.960497,34.700149],[136.960498,34.700063],[136.960497,34.699998],[136.960497,34.699974],[136.960501,34.69995],[136.960513,34.699923],[136.96056,34.699849],[136.960625,34.699758],[136.960683,34.699664],[136.960731,34.699583],[136.960766,34.699521],[136.960796,34.699458],[136.960843,34.699354],[136.960854,34.699284],[136.960881,34.699204],[136.960897,34.69917],[136.960919,34.69914],[136.960945,34.699112],[136.961011,34.69906],[136.961046,34.699034],[136.961108,34.698975],[136.961161,34.698908],[136.961201,34.698836],[136.961234,34.698765],[136.961257,34.698693],[136.961266,34.698654],[136.961271,34.698611],[136.961268,34.69851],[136.961252,34.698415],[136.961239,34.698378],[136.961225,34.698349],[136.961207,34.698324],[136.961165,34.698278],[136.961137,34.698256],[136.96111,34.698238],[136.961077,34.698226],[136.96106,34.69822],[136.96104,34.698218],[136.961001,34.698217],[136.960963,34.698219],[136.960927,34.698226],[136.960896,34.698235],[136.960881,34.698242],[136.96087,34.698248],[136.960822,34.69828],[136.960774,34.698319],[136.960752,34.69834],[136.960719,34.698386],[136.960698,34.698429],[136.960689,34.698447],[136.960677,34.69846],[136.960665,34.698469],[136.960651,34.698473],[136.960637,34.698471],[136.960621,34.698462],[136.960604,34.698449],[136.96059,34.698434],[136.960571,34.698402],[136.960558,34.698367],[136.960537,34.69832],[136.960506,34.698267],[136.960492,34.698245],[136.960478,34.698229],[136.960464,34.698217],[136.960445,34.698209],[136.960386,34.698193],[136.960305,34.698178],[136.960271,34.698177],[136.960245,34.698181],[136.960227,34.698188],[136.960216,34.698198],[136.960208,34.698215],[136.960206,34.698222],[136.960213,34.698234],[136.960225,34.698246],[136.960234,34.69826],[136.960225,34.698276],[136.960204,34.698298],[136.960178,34.698325],[136.960151,34.698365],[136.960126,34.698422],[136.960114,34.698458],[136.960093,34.698542],[136.960074,34.698632],[136.960061,34.698709],[136.960047,34.698769],[136.960039,34.698798],[136.960014,34.698856],[136.959981,34.698912],[136.95994,34.698958],[136.959896,34.698995],[136.959848,34.69902],[136.959823,34.699025],[136.959799,34.699025],[136.959774,34.699018],[136.95975,34.699005],[136.959709,34.698973],[136.959676,34.698935],[136.959654,34.698894],[136.959632,34.698843],[136.959619,34.698815],[136.959606,34.698785],[136.959586,34.698755],[136.959564,34.698731],[136.959536,34.698714],[136.959514,34.698707],[136.959494,34.698703],[136.95947,34.698708],[136.959457,34.698718],[136.959438,34.698739],[136.959423,34.698778],[136.959416,34.698819],[136.959417,34.698858],[136.95942,34.698901],[136.959418,34.698941],[136.95941,34.698958],[136.959396,34.698967],[136.959378,34.698971],[136.95936,34.698971],[136.959344,34.698966],[136.959324,34.698948],[136.959301,34.698929],[136.95928,34.698921],[136.959224,34.698916],[136.959162,34.698918],[136.959109,34.698923],[136.959037,34.698938],[136.959031,34.69894],[136.958979,34.698957],[136.958943,34.698965],[136.958873,34.698972],[136.958791,34.698976],[136.958779,34.698976],[136.958696,34.698974],[136.958684,34.69897],[136.958678,34.698964],[136.958675,34.698951],[136.958675,34.698948],[136.958675,34.698945],[136.958678,34.698925],[136.958684,34.698891],[136.958685,34.698887],[136.958692,34.698863],[136.958694,34.698858],[136.958697,34.698838],[136.958694,34.698821],[136.958684,34.698801],[136.958681,34.698797],[136.958678,34.698792],[136.958656,34.698773],[136.958642,34.698766],[136.958629,34.698766],[136.958618,34.698771],[136.958614,34.698775],[136.958602,34.698788],[136.958599,34.698791],[136.958597,34.698795],[136.958588,34.698814],[136.958582,34.698836],[136.958583,34.698876],[136.95859,34.698938],[136.958595,34.698978],[136.958597,34.699008],[136.958595,34.699018],[136.958593,34.699025],[136.958587,34.699035],[136.958583,34.699039],[136.958567,34.69905],[136.958559,34.699053],[136.958556,34.699054],[136.958547,34.699057],[136.958542,34.699058],[136.958538,34.699059],[136.958518,34.699061],[136.958509,34.69906],[136.958504,34.699059],[136.958497,34.699057],[136.958483,34.699052],[136.958458,34.699036],[136.958451,34.699033],[136.958436,34.699019],[136.958431,34.699015],[136.958426,34.699011],[136.958414,34.699003],[136.958409,34.699],[136.958401,34.698997],[136.958383,34.698993],[136.958376,34.698992],[136.958353,34.698992],[136.958339,34.698998],[136.958331,34.699003],[136.958326,34.699012],[136.958324,34.699017],[136.958323,34.699022],[136.95832,34.699043],[136.958319,34.699049],[136.958318,34.699054],[136.958318,34.699066],[136.958318,34.699072],[136.958318,34.699077],[136.958324,34.69916],[136.958328,34.699187],[136.958336,34.699255],[136.958336,34.699293],[136.958336,34.699327],[136.958332,34.699352],[136.958324,34.699368],[136.958316,34.699375],[136.958313,34.699378],[136.95831,34.69938],[136.958299,34.699386],[136.958294,34.699388],[136.95829,34.699389],[136.958271,34.699395],[136.95825,34.699395],[136.958245,34.699395],[136.958242,34.699395],[136.958222,34.699393],[136.958216,34.699392],[136.958093,34.699369],[136.958034,34.699365],[136.958006,34.699367],[136.95796,34.699372],[136.957917,34.699381],[136.957872,34.699395],[136.957825,34.699415],[136.957778,34.699443],[136.957619,34.699573],[136.957573,34.699618],[136.957525,34.699684],[136.957514,34.699705],[136.957507,34.699729],[136.957505,34.699761],[136.957509,34.69978],[136.957518,34.699808],[136.957542,34.699848],[136.957547,34.699853],[136.957562,34.69987],[136.957568,34.699876],[136.957575,34.69988],[136.957589,34.699889],[136.957615,34.699897],[136.957621,34.699898],[136.957626,34.699898],[136.957638,34.699899],[136.957644,34.699899],[136.957648,34.699899],[136.957707,34.699883],[136.957715,34.699881],[136.957723,34.699881],[136.957731,34.699885],[136.957736,34.69989],[136.957747,34.699907],[136.957751,34.699911],[136.957757,34.699931],[136.957757,34.699968],[136.957745,34.700005],[136.957738,34.70002],[136.957735,34.700026],[136.957713,34.700054],[136.957631,34.700131],[136.957597,34.700153],[136.957559,34.700171],[136.957528,34.70018],[136.957498,34.700184],[136.957466,34.700185],[136.957345,34.700168],[136.957241,34.700149],[136.957138,34.700125],[136.957092,34.700122],[136.957085,34.700119],[136.957079,34.700116],[136.957073,34.700109],[136.957071,34.700107],[136.957068,34.700101],[136.957067,34.700097],[136.957068,34.700089],[136.95709,34.700076],[136.957093,34.700073],[136.957096,34.700071],[136.957147,34.700043],[136.957152,34.70004],[136.957155,34.700038],[136.957166,34.700028],[136.957168,34.700025],[136.957171,34.700022],[136.957173,34.700017],[136.957174,34.700013],[136.957174,34.700007],[136.957173,34.700004],[136.957165,34.699998],[136.95714,34.699987],[136.957101,34.699977],[136.957055,34.699956],[136.957039,34.699948],[136.95702,34.699943],[136.957014,34.699942],[136.957007,34.699942],[136.957002,34.699942],[136.956995,34.699942],[136.956951,34.699945],[136.956935,34.699947],[136.956931,34.699948],[136.956925,34.699949],[136.95692,34.699949],[136.956912,34.699949],[136.956903,34.699947],[136.956894,34.699942],[136.956866,34.699927],[136.956853,34.699903],[136.956852,34.699901],[136.956851,34.699898],[136.956848,34.699885],[136.956847,34.699879],[136.956856,34.699784],[136.956877,34.699663],[136.956895,34.699576],[136.956898,34.699566],[136.956907,34.699547],[136.956908,34.699543],[136.956921,34.699519],[136.956936,34.699505],[136.956941,34.699502],[136.956974,34.699476],[136.956981,34.69947],[136.957049,34.699395],[136.957115,34.699313],[136.957185,34.699213],[136.957226,34.69914],[136.957273,34.699039],[136.957277,34.698994],[136.957284,34.698949],[136.9573,34.698878],[136.957314,34.698838],[136.957343,34.698783],[136.957364,34.698737],[136.957401,34.698627],[136.957419,34.698558],[136.957441,34.698491],[136.957458,34.698458],[136.957487,34.69841],[136.957511,34.698355],[136.957577,34.69816],[136.95759,34.698101],[136.957597,34.698004],[136.957618,34.697943],[136.957636,34.697908],[136.957639,34.697902],[136.95765,34.697887],[136.957655,34.697881],[136.957679,34.697863],[136.957684,34.69786],[136.957708,34.697839],[136.957724,34.697812],[136.957728,34.697803],[136.957729,34.697775],[136.957729,34.69777],[136.957729,34.697766],[136.95772,34.697733],[136.957719,34.69773],[136.957718,34.697726],[136.957718,34.697718],[136.957714,34.697712],[136.957705,34.697711],[136.957688,34.697715],[136.957685,34.697717],[136.957682,34.697719],[136.957664,34.697733],[136.957659,34.697743],[136.957657,34.697748],[136.95765,34.697766],[136.957649,34.697772],[136.957616,34.697827],[136.957612,34.697834],[136.957574,34.697901],[136.957543,34.697968],[136.957522,34.698029],[136.957451,34.698235],[136.957427,34.698331],[136.957411,34.698388],[136.957382,34.698455],[136.957363,34.698492],[136.957348,34.698508],[136.957337,34.698515],[136.957313,34.698528],[136.957309,34.69853],[136.957299,34.698531],[136.957293,34.69853],[136.95729,34.698529],[136.957287,34.698528],[136.957284,34.698526],[136.957273,34.698517],[136.957267,34.698497],[136.957262,34.698454],[136.957261,34.698447],[136.957263,34.698398],[136.957269,34.698354],[136.957261,34.698334],[136.957249,34.698324],[136.957218,34.69831],[136.957173,34.698295],[136.957169,34.698293],[136.957148,34.698282],[136.957145,34.698279],[136.957141,34.698278],[136.957127,34.698263],[136.957119,34.698197],[136.957117,34.698193],[136.957116,34.698149],[136.957117,34.698142],[136.957117,34.698136],[136.957111,34.698107],[136.957111,34.698103],[136.95711,34.698097],[136.957104,34.698082],[136.9571,34.698077],[136.957083,34.698059],[136.957067,34.698051],[136.957059,34.698051],[136.957056,34.698051],[136.957051,34.698051],[136.957041,34.698054],[136.957038,34.698055],[136.957034,34.698056],[136.95699,34.698064],[136.956982,34.698065],[136.956976,34.698065],[136.956954,34.69807],[136.956943,34.698073],[136.956837,34.698105],[136.956778,34.698123],[136.956767,34.698125],[136.956731,34.698133],[136.956725,34.698134],[136.956718,34.698134],[136.956705,34.698134],[136.956696,34.698134],[136.956688,34.698131],[136.956683,34.698129],[136.956679,34.698127],[136.956655,34.69811],[136.956613,34.698074],[136.956579,34.698034],[136.956555,34.697993],[136.956543,34.697967],[136.956541,34.697948],[136.95654,34.697929],[136.956542,34.697924],[136.956551,34.697919],[136.956583,34.69792],[136.956615,34.69792],[136.956638,34.697913],[136.956643,34.697911],[136.956651,34.697904],[136.956653,34.697901],[136.956676,34.697868],[136.956709,34.697815],[136.956721,34.697787],[136.956729,34.697774],[136.956734,34.697762],[136.956734,34.697751],[136.956732,34.697743],[136.956722,34.697735],[136.956714,34.697733],[136.956683,34.697737],[136.95667,34.697741],[136.956662,34.697743],[136.956646,34.697743],[136.956629,34.697741],[136.956622,34.697738],[136.95661,34.69773],[136.956606,34.69772],[136.956596,34.697684],[136.956595,34.697679],[136.956595,34.697629],[136.956612,34.697546],[136.956616,34.697339],[136.956613,34.697255],[136.956609,34.697243],[136.956608,34.697236],[136.956609,34.697219],[136.95662,34.697203],[136.956641,34.697186],[136.956646,34.697181],[136.956714,34.697138],[136.956738,34.697121],[136.956745,34.697109],[136.956746,34.697096],[136.956737,34.697065],[136.956736,34.69706],[136.956735,34.697055],[136.95673,34.697035],[136.956727,34.697031],[136.956725,34.697026],[136.956719,34.697018],[136.956714,34.697015],[136.95671,34.697012],[136.95668,34.697],[136.956656,34.69698],[136.956652,34.696974],[136.95665,34.696969],[136.956649,34.696962],[136.956649,34.696956],[136.956651,34.696903],[136.956646,34.696889],[136.956632,34.696872],[136.95658,34.696841],[136.956574,34.69684],[136.956569,34.69684],[136.956561,34.696843],[136.956551,34.696852],[136.956545,34.696866],[136.956541,34.696872],[136.956539,34.696894],[136.956537,34.696903],[136.956531,34.696914],[136.956518,34.696934],[136.956509,34.696937],[136.956503,34.696938],[136.956481,34.696933],[136.956473,34.696935],[136.956461,34.696942],[136.956456,34.696947],[136.956449,34.696954],[136.956445,34.696961],[136.956437,34.696988],[136.956435,34.696992],[136.956418,34.697012],[136.956399,34.697022],[136.956365,34.697026],[136.956347,34.697031],[136.956282,34.697047],[136.956259,34.697051],[136.956247,34.697049],[136.95623,34.697043],[136.95621,34.697028],[136.956206,34.697019],[136.956204,34.697014],[136.956196,34.697005],[136.956189,34.697001],[136.956183,34.696999],[136.95617,34.697],[136.956161,34.697005],[136.956152,34.697026],[136.95615,34.69704],[136.956152,34.697073],[136.956153,34.697098],[136.956171,34.697346],[136.956181,34.697382],[136.956194,34.697428],[136.956194,34.697453],[136.956186,34.697475],[136.956184,34.69748],[136.956167,34.697504],[136.95616,34.697514],[136.956143,34.697531],[136.956132,34.697541],[136.956113,34.697564],[136.956105,34.697574],[136.95609,34.697609],[136.956068,34.697692],[136.956054,34.697764],[136.956053,34.697788],[136.956055,34.697847],[136.956061,34.697881],[136.956071,34.697914],[136.956088,34.697944],[136.956115,34.697978],[136.956151,34.698015],[136.956199,34.698055],[136.956239,34.69808],[136.956296,34.698107],[136.956336,34.698122],[136.956393,34.698137],[136.956444,34.698145],[136.95651,34.698153],[136.956539,34.698161],[136.956573,34.698171],[136.956599,34.698183],[136.956623,34.698197],[136.956638,34.698209],[136.95665,34.698224],[136.956658,34.698233],[136.956664,34.698244],[136.956668,34.698251],[136.956677,34.698276],[136.956683,34.698303],[136.956681,34.698332],[136.956671,34.698367],[136.956655,34.698395],[136.956604,34.698457],[136.956528,34.698531],[136.956398,34.698684],[136.956308,34.698764],[136.956259,34.698819],[136.956211,34.698888],[136.956191,34.698922],[136.956171,34.698969],[136.956154,34.699003],[136.95612,34.699048],[136.9561,34.699064],[136.956079,34.699075],[136.956061,34.699084],[136.956037,34.699087],[136.956004,34.699087],[136.955975,34.69908],[136.955966,34.699076],[136.955911,34.699051],[136.955876,34.699029],[136.955864,34.699021],[136.955824,34.698985],[136.955771,34.69892],[136.95573,34.698851],[136.955715,34.698811],[136.955706,34.698793],[136.95569,34.698776],[136.955676,34.698768],[136.955661,34.698761],[136.955641,34.698761],[136.955586,34.69877],[136.955566,34.698776],[136.955519,34.698798],[136.955493,34.698812],[136.95548,34.698821],[136.955394,34.69889],[136.95531,34.698936],[136.955299,34.69894],[136.955266,34.698949],[136.955249,34.698952],[136.955238,34.698948],[136.955235,34.698946],[136.955224,34.698931],[136.955201,34.698914],[136.955193,34.698913],[136.955184,34.698914],[136.955174,34.698919],[136.955152,34.698943],[136.955141,34.69896],[136.955139,34.698965],[136.95512,34.698986],[136.955115,34.698992],[136.955102,34.698999],[136.955088,34.699002],[136.955075,34.699],[136.955058,34.698993],[136.955037,34.698978],[136.955026,34.698964],[136.955015,34.698946],[136.955007,34.698928],[136.955002,34.698917],[136.954999,34.698905],[136.954997,34.698893],[136.954997,34.698879],[136.955003,34.698844],[136.955005,34.698834],[136.955014,34.698806],[136.955016,34.698795],[136.955016,34.69876],[136.955009,34.698753],[136.955002,34.698749],[136.95499,34.698747],[136.954979,34.698749],[136.954971,34.698751],[136.954962,34.698755],[136.954958,34.698759],[136.95495,34.698767],[136.954938,34.698788],[136.954921,34.698828],[136.954915,34.698838],[136.954907,34.69885],[136.954886,34.69887],[136.954879,34.698875],[136.95486,34.698888],[136.954852,34.698892],[136.954828,34.698902],[136.954794,34.698912],[136.95474,34.698932],[136.954729,34.698938],[136.95472,34.698946],[136.954708,34.698966],[136.954702,34.699014],[136.954685,34.699177],[136.954673,34.699211],[136.954648,34.699248],[136.954631,34.699264],[136.954625,34.699269],[136.954603,34.699281],[136.954595,34.699286],[136.954581,34.699293],[136.954568,34.699303],[136.954564,34.69931],[136.954556,34.69933],[136.954555,34.69935],[136.954561,34.699392],[136.954611,34.699497],[136.954623,34.699524],[136.954631,34.699553],[136.954636,34.699603],[136.954633,34.699638],[136.954622,34.699683],[136.954601,34.699716],[136.954574,34.699737],[136.954541,34.699752],[136.954506,34.69976],[136.954468,34.699767],[136.954428,34.699767],[136.954389,34.699761],[136.954353,34.699751],[136.954293,34.699718],[136.954182,34.699661],[136.954094,34.699636],[136.954041,34.69962],[136.953995,34.699598],[136.95394,34.699562],[136.953901,34.699527],[136.95386,34.699473],[136.953823,34.699405],[136.953793,34.699331],[136.953742,34.699218],[136.953691,34.699115],[136.953637,34.699029],[136.95359,34.698966],[136.953345,34.698715],[136.953281,34.69863],[136.953223,34.69856],[136.953168,34.698501],[136.953107,34.698445],[136.953038,34.698394],[136.952912,34.698313],[136.952779,34.698238],[136.952605,34.698128],[136.952548,34.69809],[136.952509,34.698072],[136.952495,34.698068],[136.952465,34.698066],[136.952438,34.698068],[136.952413,34.698076],[136.952387,34.698095],[136.952372,34.698116],[136.952368,34.698122],[136.952357,34.698149],[136.952346,34.698184],[136.952343,34.69822],[136.952344,34.698255],[136.952358,34.698294],[136.952374,34.698326],[136.952381,34.698343],[136.952375,34.698363],[136.95237,34.698371],[136.952363,34.698377],[136.952292,34.698416],[136.952278,34.698425],[136.952265,34.698436],[136.952255,34.698446],[136.952233,34.698476],[136.952211,34.698519],[136.952171,34.698583],[136.95211,34.698683],[136.952102,34.698706],[136.952102,34.698725],[136.952108,34.698743],[136.952135,34.698774],[136.952194,34.698825],[136.952263,34.698871],[136.952279,34.698883],[136.952303,34.698906],[136.952335,34.698949],[136.952366,34.699011],[136.95241,34.699085],[136.952482,34.699216],[136.952518,34.699262],[136.952572,34.699317],[136.952617,34.69935],[136.952711,34.699397],[136.952772,34.699442],[136.952837,34.699503],[136.952917,34.699595],[136.952999,34.69967],[136.953025,34.699698],[136.953064,34.699747],[136.953077,34.699773],[136.953099,34.699823],[136.953115,34.699869],[136.953118,34.699893],[136.953115,34.699924],[136.953109,34.699941],[136.953104,34.699953],[136.953095,34.699965],[136.953084,34.699976],[136.953056,34.699998],[136.953029,34.700008],[136.952942,34.70003],[136.952898,34.700044],[136.952864,34.700052],[136.952804,34.700056],[136.952757,34.700052],[136.952709,34.700041],[136.952687,34.700033],[136.952636,34.700009],[136.952602,34.699983],[136.952594,34.699976],[136.952554,34.699924],[136.952521,34.699896],[136.952482,34.699871],[136.952461,34.699861],[136.952431,34.69985],[136.95239,34.699839],[136.952375,34.699839],[136.952357,34.699841],[136.952344,34.699846],[136.952331,34.699856],[136.952309,34.699876],[136.952274,34.699911],[136.952258,34.699925],[136.952213,34.69995],[136.952141,34.69998],[136.952073,34.700001],[136.951955,34.700016],[136.951769,34.700029],[136.951707,34.700027],[136.951639,34.700019],[136.951596,34.700004],[136.951575,34.699992],[136.951545,34.699964],[136.951535,34.699948],[136.951505,34.699899],[136.951475,34.699849],[136.951441,34.699798],[136.951408,34.699762],[136.951356,34.69973],[136.951319,34.699714],[136.951281,34.699707],[136.951209,34.699703],[136.951175,34.699705],[136.951132,34.699704],[136.951115,34.699701],[136.951096,34.699696],[136.951073,34.699684],[136.951057,34.699671],[136.951033,34.699645],[136.951022,34.699629],[136.951014,34.699613],[136.951012,34.699607],[136.951008,34.699582],[136.951008,34.699568],[136.95101,34.699556],[136.951016,34.699539],[136.951018,34.699534],[136.951038,34.699506],[136.951063,34.699474],[136.95107,34.699467],[136.951161,34.699364],[136.951182,34.699333],[136.951196,34.699301],[136.951214,34.699216],[136.951198,34.699145],[136.951182,34.699102],[136.951159,34.69906],[136.951112,34.698995],[136.95107,34.69895],[136.950979,34.69888],[136.950917,34.698824],[136.950872,34.698767],[136.950824,34.698678],[136.950814,34.698641],[136.950811,34.69861],[136.950813,34.698578],[136.95082,34.698545],[136.950823,34.698538],[136.950834,34.698506],[136.950851,34.698457],[136.950858,34.698443],[136.950862,34.698433],[136.950883,34.698382],[136.950889,34.698359],[136.950889,34.698317],[136.950884,34.698296],[136.950874,34.698276],[136.950852,34.69824],[136.950823,34.698214],[136.950814,34.698209],[136.950798,34.698201],[136.950792,34.698199],[136.950786,34.698197],[136.95078,34.698194],[136.950775,34.698192],[136.950769,34.698189],[136.950752,34.698177],[136.950732,34.698155],[136.950729,34.698152],[136.950725,34.698148],[136.950699,34.698135],[136.950693,34.698132],[136.950677,34.698127],[136.950644,34.698125],[136.950611,34.698129],[136.95059,34.698135],[136.950579,34.69814],[136.950561,34.698148],[136.950556,34.698151],[136.950526,34.698179],[136.950519,34.698184],[136.950513,34.698188],[136.950504,34.698192],[136.950496,34.698195],[136.950465,34.698196],[136.950459,34.698197],[136.950454,34.698198],[136.950447,34.6982],[136.950441,34.698203],[136.950435,34.698205],[136.950412,34.698221],[136.950399,34.698237],[136.950395,34.698244],[136.95039,34.698259],[136.950391,34.698288],[136.950392,34.698295],[136.950397,34.698325],[136.950398,34.698329],[136.950399,34.698333],[136.950402,34.698347],[136.950365,34.698359],[136.95036,34.69836],[136.950355,34.69836],[136.950328,34.698363],[136.950319,34.698362],[136.950307,34.698361],[136.950302,34.69836],[136.950283,34.698354],[136.950226,34.69831],[136.95022,34.698306],[136.950186,34.698285],[136.950178,34.698282],[136.950172,34.698279],[136.950163,34.698276],[136.950154,34.698274],[136.950149,34.698273],[136.950134,34.698272],[136.950128,34.698272],[136.950123,34.698272],[136.950114,34.698272],[136.950102,34.698276],[136.950099,34.698278],[136.950094,34.698281],[136.950089,34.698285],[136.950088,34.698287],[136.950067,34.698315],[136.950065,34.698318],[136.950054,34.698341],[136.950052,34.698367],[136.950054,34.698373],[136.95006,34.698391],[136.950064,34.698396],[136.950067,34.698401],[136.950106,34.698468],[136.950069,34.698507],[136.950063,34.698511],[136.949994,34.698563],[136.94997,34.698589],[136.949881,34.698708],[136.949829,34.698669],[136.949815,34.698657],[136.949809,34.698652],[136.949802,34.698646],[136.949773,34.698623],[136.949765,34.698618],[136.949756,34.698614],[136.949731,34.698601],[136.949717,34.6986],[136.949713,34.698601],[136.949706,34.698602],[136.94971,34.698638],[136.949711,34.698642],[136.949719,34.698665],[136.949743,34.698706],[136.949789,34.698779],[136.949803,34.698804],[136.949805,34.698812],[136.949808,34.69883],[136.949808,34.698846],[136.949807,34.698851],[136.949806,34.698855],[136.949805,34.698859],[136.949802,34.698862],[136.949783,34.698888],[136.949644,34.698947],[136.949633,34.698951],[136.949583,34.698968],[136.949578,34.698969],[136.949574,34.69897],[136.949557,34.698976],[136.949544,34.698941],[136.949541,34.698938],[136.949538,34.698932],[136.949526,34.698913],[136.949498,34.698881],[136.949492,34.698876],[136.949461,34.698847],[136.94943,34.698856],[136.949407,34.698869],[136.949403,34.698873],[136.949392,34.698883],[136.949388,34.69889],[136.949384,34.698898],[136.949383,34.698905],[136.949384,34.698919],[136.949385,34.698924],[136.949386,34.698929],[136.949389,34.698945],[136.949389,34.69895],[136.949393,34.699],[136.949362,34.699013],[136.949358,34.699014],[136.949355,34.699015],[136.949344,34.699017],[136.949339,34.699017],[136.949328,34.699014],[136.949309,34.699006],[136.949283,34.698973],[136.949276,34.698968],[136.949252,34.69895],[136.949246,34.698946],[136.949239,34.698942],[136.949222,34.698933],[136.949216,34.698932],[136.949211,34.69893],[136.949178,34.698921],[136.94917,34.698944],[136.94917,34.698948],[136.94917,34.69896],[136.94918,34.69898],[136.949228,34.699033],[136.949242,34.699068],[136.949258,34.699127],[136.949253,34.699181],[136.949243,34.699202],[136.949238,34.699209],[136.949232,34.699216],[136.949207,34.69924],[136.9492,34.699245],[136.94912,34.699315],[136.949106,34.699325],[136.949014,34.69939],[136.949008,34.699394],[136.949002,34.699396],[136.948987,34.699402],[136.948982,34.699403],[136.948977,34.699404],[136.948954,34.699405],[136.94895,34.699405],[136.94894,34.699405],[136.948882,34.69935],[136.94887,34.699338],[136.948787,34.699245],[136.948722,34.69916],[136.94869,34.69911],[136.948671,34.699074],[136.948645,34.699014],[136.948623,34.698977],[136.948528,34.698856],[136.948476,34.698799],[136.948469,34.698789],[136.948438,34.698741],[136.948437,34.698728],[136.948444,34.69871],[136.948446,34.698707],[136.948448,34.698704],[136.948463,34.698691],[136.948482,34.698683],[136.948503,34.698683],[136.948512,34.698688],[136.948523,34.698702],[136.948524,34.698705],[136.948536,34.698727],[136.948538,34.698729],[136.948542,34.698738],[136.948557,34.698746],[136.948575,34.69875],[136.948598,34.698734],[136.948601,34.698726],[136.948601,34.69872],[136.948597,34.698704],[136.948595,34.6987],[136.948593,34.698696],[136.948593,34.698658],[136.948594,34.698652],[136.948596,34.698636],[136.948599,34.698629],[136.94861,34.698605],[136.948618,34.698578],[136.948618,34.698575],[136.948618,34.698571],[136.948612,34.698556],[136.94859,34.698528],[136.948572,34.698515],[136.948558,34.698511],[136.948538,34.698512],[136.948516,34.698523],[136.94851,34.698528],[136.948507,34.698532],[136.948504,34.698536],[136.948502,34.698541],[136.94849,34.698574],[136.94849,34.698578],[136.948486,34.698591],[136.948481,34.698601],[136.948456,34.698618],[136.948415,34.698604],[136.948408,34.698602],[136.948384,34.698598],[136.948374,34.698598],[136.948348,34.698592],[136.948344,34.69859],[136.948339,34.698588],[136.948327,34.698583],[136.948323,34.69858],[136.948319,34.698578],[136.948308,34.69857],[136.948301,34.698565],[136.948296,34.698559],[136.948286,34.698548],[136.948283,34.698541],[136.948218,34.698436],[136.948211,34.698428],[136.948189,34.698403],[136.948186,34.698401],[136.948183,34.698398],[136.948162,34.698382],[136.948152,34.698381],[136.948149,34.698381],[136.948146,34.698381],[136.948128,34.698385],[136.948121,34.698408],[136.948121,34.698414],[136.948121,34.698424],[136.948122,34.698429],[136.948123,34.698435],[136.948131,34.69846],[136.948136,34.698473],[136.948155,34.698509],[136.948185,34.698557],[136.948195,34.698582],[136.948207,34.698648],[136.948199,34.698722],[136.948171,34.698731],[136.948164,34.698732],[136.948144,34.698732],[136.948137,34.698731],[136.948131,34.69873],[136.948103,34.698726],[136.948076,34.698686],[136.948071,34.698679],[136.94803,34.69864],[136.948023,34.698634],[136.948001,34.698619],[136.947969,34.698602],[136.947951,34.698579],[136.947945,34.698563],[136.947946,34.698557],[136.947947,34.698539],[136.947948,34.698535],[136.947949,34.69853],[136.94795,34.698521],[136.94795,34.698518],[136.94795,34.698516],[136.947951,34.698495],[136.947952,34.698444],[136.947898,34.698444],[136.947887,34.698443],[136.947817,34.698439],[136.947806,34.698439],[136.947782,34.69844],[136.947777,34.698441],[136.947747,34.698442],[136.947734,34.698465],[136.947731,34.698477],[136.947731,34.698494],[136.94775,34.698563],[136.947763,34.698623],[136.947766,34.698637],[136.947778,34.698665],[136.947795,34.698692],[136.947825,34.698723],[136.947895,34.698777],[136.947946,34.698813],[136.947954,34.69882],[136.947972,34.698843],[136.947982,34.698858],[136.947907,34.69885],[136.947901,34.69885],[136.947897,34.69885],[136.947887,34.69885],[136.947881,34.698851],[136.947853,34.698857],[136.947845,34.698863],[136.947843,34.698866],[136.947839,34.698872],[136.947839,34.698899],[136.947842,34.698911],[136.947844,34.698916],[136.947846,34.69892],[136.94786,34.698946],[136.947872,34.698959],[136.947878,34.698964],[136.947883,34.698969],[136.947894,34.69898],[136.947899,34.698986],[136.947902,34.698993],[136.947903,34.699],[136.947903,34.699012],[136.947902,34.699016],[136.947901,34.69902],[136.947884,34.699074],[136.947885,34.699096],[136.947886,34.699102],[136.947897,34.699128],[136.9479,34.699133],[136.947905,34.69914],[136.94791,34.699147],[136.947975,34.699198],[136.947979,34.6992],[136.947983,34.699203],[136.94799,34.699208],[136.947992,34.699212],[136.947994,34.699215],[136.947996,34.699223],[136.947992,34.699232],[136.94799,34.699235],[136.947987,34.699238],[136.947979,34.69925],[136.947916,34.699274],[136.947908,34.699277],[136.947899,34.69928],[136.947835,34.699299],[136.947829,34.699302],[136.947822,34.699304],[136.947793,34.69932],[136.947776,34.699322],[136.947763,34.699319],[136.947757,34.699315],[136.94775,34.699309],[136.947747,34.699304],[136.947744,34.6993],[136.947711,34.699255],[136.947701,34.69924],[136.947581,34.699002],[136.947538,34.698923],[136.947534,34.698917],[136.947513,34.698893],[136.947497,34.698879],[136.947482,34.698876],[136.947473,34.698876],[136.94745,34.698884],[136.947443,34.698888],[136.947381,34.698925],[136.947374,34.69893],[136.947357,34.698944],[136.947352,34.69895],[136.947347,34.698955],[136.94734,34.698967],[136.947337,34.698973],[136.947323,34.699011],[136.947314,34.699049],[136.94731,34.69914],[136.947304,34.699182],[136.947299,34.699239],[136.947302,34.699283],[136.947314,34.699327],[136.947333,34.69937],[136.94734,34.69938],[136.94737,34.699422],[136.947391,34.699434],[136.947407,34.699436],[136.947421,34.699432],[136.947455,34.699421],[136.947532,34.699492],[136.947612,34.699556],[136.947742,34.699644],[136.947859,34.699714],[136.94799,34.699788],[136.947989,34.699794],[136.947979,34.69984],[136.947977,34.699846],[136.94797,34.699868],[136.947968,34.699871],[136.947965,34.699877],[136.947936,34.699903],[136.947846,34.699892],[136.947782,34.699892],[136.947742,34.699896],[136.947703,34.699905],[136.947664,34.699917],[136.947657,34.69992],[136.94762,34.699939],[136.947613,34.699941],[136.947598,34.699945],[136.947582,34.699945],[136.947576,34.699944],[136.947571,34.699943],[136.947554,34.699939],[136.947549,34.699939],[136.947542,34.699939],[136.947529,34.69994],[136.947523,34.699941],[136.947516,34.699942],[136.94751,34.699943],[136.947503,34.699945],[136.947498,34.699946],[136.947478,34.699954],[136.947458,34.699968],[136.947454,34.699973],[136.947451,34.699976],[136.947441,34.699991],[136.947438,34.699997],[136.947436,34.700008],[136.947436,34.70001],[136.947438,34.700027],[136.947439,34.700033],[136.947442,34.700038],[136.947447,34.700059],[136.94745,34.700071],[136.94747,34.700112],[136.947507,34.700174],[136.94754,34.700226],[136.947554,34.700256],[136.947558,34.70027],[136.947559,34.700277],[136.947561,34.7003],[136.947554,34.700399],[136.947571,34.700565],[136.947605,34.700736],[136.947624,34.700835],[136.945858,34.701013],[136.945876,34.700822],[136.945828,34.700818],[136.945814,34.700959],[136.945626,34.700991],[136.945606,34.700996],[136.945589,34.701009],[136.945575,34.701022],[136.945561,34.701045],[136.945485,34.701352],[136.945487,34.701386],[136.945493,34.701403],[136.945517,34.70141],[136.945569,34.701409],[136.945586,34.701406],[136.945595,34.701401],[136.945611,34.701392],[136.945691,34.701142],[136.94563,34.701111],[136.945637,34.701101],[136.945645,34.701087],[136.945657,34.70108],[136.945676,34.701071],[136.946445,34.700992],[136.946503,34.701988],[136.945725,34.702025],[136.945549,34.701712],[136.945562,34.701584],[136.94556,34.70157],[136.945551,34.701557],[136.945537,34.701546],[136.945511,34.701538],[136.945492,34.701542],[136.94549,34.701543],[136.945475,34.701554],[136.945432,34.701683],[136.945433,34.701701],[136.945637,34.702031],[136.945651,34.702027],[136.945659,34.70204],[136.94566,34.702054],[136.945637,34.702063],[136.945642,34.702072],[136.945648,34.702083],[136.945671,34.702074],[136.945674,34.702081],[136.945555,34.702124],[136.945551,34.702117],[136.94557,34.70211],[136.945564,34.7021],[136.945559,34.70209],[136.945541,34.702097],[136.945338,34.701734],[136.945319,34.701742],[136.945315,34.70172],[136.945309,34.701675],[136.945321,34.701547],[136.945343,34.701398],[136.945382,34.701143],[136.945349,34.701142],[136.945285,34.701048],[136.945255,34.701003],[136.945595,34.700798],[136.945596,34.700781],[136.945568,34.70075],[136.945558,34.700746],[136.945484,34.700787],[136.945464,34.70076],[136.945456,34.700753],[136.94544,34.70074],[136.945435,34.700736],[136.945428,34.700732],[136.945364,34.70069],[136.945358,34.700685],[136.945353,34.700681],[136.945343,34.700668],[136.94534,34.700664],[136.945338,34.70066],[136.945329,34.700641],[136.945327,34.700629],[136.945327,34.700625],[136.945327,34.700621],[136.945331,34.700595],[136.945332,34.700591],[136.945333,34.700588],[136.94534,34.700563],[136.94534,34.700559],[136.94534,34.700556],[136.94534,34.700535],[136.945334,34.700518],[136.945332,34.700515],[136.945329,34.700512],[136.945317,34.700501],[136.945308,34.700498],[136.945298,34.700499],[136.945294,34.700499],[136.945291,34.7005],[136.945281,34.700506],[136.945276,34.70051],[136.945266,34.700522],[136.945258,34.700543],[136.945259,34.700574],[136.94526,34.700581],[136.94527,34.700621],[136.945279,34.700655],[136.945294,34.700692],[136.945296,34.700712],[136.945296,34.700723],[136.945293,34.700734],[136.945287,34.700746],[136.945284,34.700751],[136.945253,34.70071],[136.945248,34.700701],[136.945215,34.700636],[136.94521,34.700627],[136.945193,34.7006],[136.945188,34.700595],[136.945184,34.700589],[136.945167,34.700569],[136.945161,34.700563],[136.945037,34.70046],[136.945033,34.700458],[136.945027,34.700454],[136.94501,34.700444],[136.945004,34.700441],[136.94496,34.700422],[136.944827,34.700479],[136.944812,34.700485],[136.944762,34.700502],[136.944695,34.700518],[136.944646,34.700525],[136.944608,34.700529],[136.9446,34.700529],[136.944558,34.700528],[136.944541,34.700525],[136.944536,34.700523],[136.944529,34.700521],[136.944524,34.700517],[136.944522,34.700515],[136.944508,34.700502],[136.94455,34.700451],[136.944553,34.700447],[136.944557,34.700441],[136.944575,34.700417],[136.94458,34.700413],[136.944595,34.700394],[136.944652,34.700305],[136.944719,34.70022],[136.944793,34.70014],[136.94487,34.700064],[136.944926,34.700003],[136.944956,34.699957],[136.944964,34.699942],[136.944971,34.699918],[136.944971,34.699909],[136.944971,34.699905],[136.94497,34.6999],[136.944969,34.699896],[136.944946,34.699823],[136.944958,34.699797],[136.94496,34.699794],[136.944966,34.699787],[136.944972,34.699781],[136.944979,34.699775],[136.945047,34.699729],[136.94508,34.699701],[136.945096,34.69968],[136.945103,34.699655],[136.945105,34.69965],[136.945104,34.699607],[136.945104,34.6996],[136.945103,34.699594],[136.945099,34.699575],[136.945088,34.699555],[136.945024,34.699508],[136.945011,34.699496],[136.945005,34.699488],[136.94499,34.699462],[136.94497,34.699409],[136.944945,34.699358],[136.944929,34.699334],[136.944921,34.699327],[136.944902,34.699312],[136.944896,34.699307],[136.944859,34.699287],[136.944821,34.699274],[136.94478,34.699265],[136.944751,34.699263],[136.94471,34.699266],[136.944671,34.699275],[136.944614,34.699291],[136.944576,34.699303],[136.944513,34.699321],[136.944452,34.699341],[136.944371,34.699374],[136.944288,34.699415],[136.944153,34.699489],[136.944008,34.699557],[136.943872,34.699611],[136.94377,34.699644],[136.943736,34.699654],[136.943702,34.699666],[136.943649,34.699695],[136.943536,34.699769],[136.943401,34.699845],[136.943126,34.70001],[136.942968,34.700112],[136.942904,34.700163],[136.942893,34.700173],[136.942814,34.700249],[136.94281,34.700254],[136.942804,34.700261],[136.942779,34.700288],[136.942771,34.700293],[136.942758,34.700301],[136.942753,34.700304],[136.942719,34.700314],[136.942712,34.700314],[136.942698,34.700319],[136.942689,34.700322],[136.94266,34.70033],[136.94259,34.700358],[136.942569,34.700368],[136.942552,34.700377],[136.94253,34.70039],[136.942476,34.700419],[136.942392,34.700475],[136.94233,34.700527],[136.942151,34.700714],[136.942076,34.700781],[136.941913,34.700921],[136.941811,34.700992],[136.941703,34.701056],[136.941634,34.701089],[136.941569,34.701109],[136.941518,34.701132],[136.941461,34.701166],[136.9414,34.701211],[136.941297,34.701301],[136.941237,34.701339],[136.941217,34.701357],[136.941211,34.701368],[136.941206,34.701382],[136.941202,34.701395],[136.941206,34.701402],[136.941216,34.701402],[136.941219,34.701402],[136.941224,34.701402],[136.94123,34.7014],[136.941234,34.701399],[136.941238,34.701398],[136.941258,34.701391],[136.941262,34.701389],[136.941266,34.701388],[136.941291,34.701377],[136.941302,34.701371],[136.941365,34.70133],[136.941439,34.701295],[136.941459,34.70129],[136.94147,34.701289],[136.941491,34.701289],[136.941495,34.70129],[136.941498,34.701291],[136.941502,34.701294],[136.941505,34.701302],[136.941505,34.701305],[136.941503,34.701308],[136.941502,34.70131],[136.941501,34.701313],[136.941495,34.70132],[136.941492,34.701322],[136.941426,34.701398],[136.94142,34.701404],[136.941397,34.701439],[136.941376,34.701486],[136.941367,34.701524],[136.941378,34.70169],[136.941379,34.701732],[136.941383,34.701745],[136.941388,34.701751],[136.941393,34.701757],[136.941398,34.701762],[136.941404,34.701765],[136.94141,34.701768],[136.941416,34.701768],[136.941419,34.701767],[136.941422,34.701766],[136.941445,34.701756],[136.94145,34.701753],[136.94146,34.701749],[136.941463,34.701748],[136.941467,34.701747],[136.941483,34.701748],[136.941499,34.701753],[136.941503,34.701755],[136.941508,34.701756],[136.941522,34.701767],[136.941525,34.70177],[136.941528,34.701773],[136.941547,34.701796],[136.941551,34.701803],[136.941558,34.701818],[136.94156,34.701823],[136.941566,34.701843],[136.941567,34.701849],[136.941571,34.701871],[136.941572,34.701908],[136.941564,34.70196],[136.941552,34.701998],[136.941531,34.702043],[136.941499,34.702096],[136.941489,34.702123],[136.941487,34.702138],[136.941475,34.702179],[136.941457,34.702203],[136.941443,34.702212],[136.94142,34.702217],[136.941417,34.702218],[136.941403,34.702219],[136.941394,34.702213],[136.941392,34.702202],[136.941392,34.70218],[136.941392,34.702177],[136.941392,34.702175],[136.941393,34.702159],[136.941394,34.702154],[136.941391,34.70214],[136.941378,34.70213],[136.941365,34.702127],[136.941359,34.702127],[136.941355,34.702127],[136.941351,34.702128],[136.941346,34.702128],[136.941342,34.702129],[136.941324,34.702138],[136.941297,34.702161],[136.941245,34.702231],[136.94121,34.702296],[136.941188,34.702326],[136.941185,34.702331],[136.941177,34.702344],[136.941175,34.702348],[136.941167,34.702358],[136.941159,34.702361],[136.941151,34.702362],[136.941143,34.702362],[136.941136,34.702357],[136.941137,34.702344],[136.941137,34.702341],[136.941137,34.702338],[136.941142,34.702316],[136.941143,34.702309],[136.941153,34.702279],[136.941155,34.702272],[136.941168,34.702227],[136.941169,34.702223],[136.94117,34.702217],[136.941174,34.702181],[136.94117,34.702172],[136.941157,34.70217],[136.941143,34.702173],[136.941123,34.702191],[136.94112,34.702197],[136.941111,34.702215],[136.94111,34.702219],[136.941109,34.702223],[136.941075,34.702286],[136.941072,34.702292],[136.94106,34.702327],[136.941057,34.702334],[136.941053,34.702341],[136.941049,34.702346],[136.941042,34.702352],[136.941033,34.702356],[136.94102,34.702361],[136.941002,34.702361],[136.940986,34.702353],[136.940966,34.702332],[136.940955,34.702305],[136.940953,34.702301],[136.940951,34.702296],[136.940946,34.702274],[136.940944,34.702269],[136.940942,34.702266],[136.940931,34.702257],[136.940907,34.702253],[136.940884,34.702265],[136.940881,34.702266],[136.940878,34.702268],[136.940814,34.702311],[136.940809,34.702315],[136.940803,34.702319],[136.940785,34.702327],[136.940776,34.702328],[136.940754,34.702327],[136.940741,34.702324],[136.940737,34.702323],[136.940731,34.702322],[136.940716,34.702316],[136.94071,34.702313],[136.940706,34.702311],[136.940633,34.702264],[136.940628,34.70226],[136.940616,34.702246],[136.940612,34.702242],[136.940609,34.702237],[136.940597,34.702225],[136.940584,34.702221],[136.940576,34.702221],[136.940573,34.702221],[136.940569,34.702221],[136.940555,34.702224],[136.940545,34.702232],[136.940541,34.702235],[136.940522,34.702246],[136.940511,34.702249],[136.940506,34.702249],[136.940503,34.702249],[136.940497,34.702248],[136.940486,34.702239],[136.940479,34.702226],[136.940483,34.702204],[136.940485,34.7022],[136.940487,34.702195],[136.940489,34.702191],[136.9405,34.702178],[136.940501,34.702176],[136.940506,34.702168],[136.940505,34.70215],[136.940502,34.702143],[136.940488,34.702132],[136.940481,34.702132],[136.940477,34.702132],[136.940473,34.702132],[136.940458,34.702135],[136.94045,34.702136],[136.940425,34.702148],[136.94042,34.702151],[136.940416,34.702154],[136.940367,34.702176],[136.94036,34.702179],[136.940354,34.702181],[136.94034,34.702182],[136.940334,34.702182],[136.940304,34.702179],[136.940298,34.702178],[136.940292,34.702177],[136.940271,34.702176],[136.940254,34.70218],[136.940236,34.702187],[136.940211,34.702202],[136.940207,34.702204],[136.940197,34.702213],[136.940188,34.70222],[136.940125,34.702288],[136.940119,34.702296],[136.940049,34.702372],[136.939985,34.70243],[136.939916,34.702478],[136.939859,34.702522],[136.939832,34.702542],[136.939749,34.70262],[136.939703,34.702661],[136.93968,34.702688],[136.939668,34.702709],[136.93966,34.702734],[136.939656,34.702777],[136.939659,34.702804],[136.93966,34.702831],[136.939658,34.702837],[136.939657,34.702841],[136.939656,34.702845],[136.939647,34.702862],[136.939636,34.702874],[136.93963,34.702879],[136.939566,34.702913],[136.939556,34.702918],[136.939419,34.702991],[136.939404,34.703007],[136.939397,34.703016],[136.939389,34.70303],[136.939386,34.703039],[136.939386,34.703043],[136.939386,34.703046],[136.939388,34.70305],[136.93939,34.703053],[136.939391,34.703056],[136.939402,34.703066],[136.93941,34.70307],[136.939415,34.703071],[136.939418,34.703071],[136.939426,34.703072],[136.93943,34.703072],[136.939434,34.703072],[136.93946,34.70307],[136.939468,34.703068],[136.939511,34.703055],[136.939537,34.70305],[136.939544,34.703049],[136.939646,34.70305],[136.939585,34.70309],[136.93956,34.703106],[136.939557,34.703109],[136.939548,34.703114],[136.93954,34.703118],[136.939533,34.703122],[136.939531,34.703128],[136.939538,34.703135],[136.939543,34.703137],[136.939549,34.703138],[136.93957,34.703135],[136.939716,34.703089],[136.939726,34.703087],[136.939735,34.703084],[136.939756,34.703079],[136.939802,34.703078],[136.939748,34.703114],[136.939738,34.703119],[136.93968,34.703142],[136.93967,34.703147],[136.939646,34.703162],[136.939639,34.703166],[136.939633,34.703169],[136.939615,34.70318],[136.939611,34.703184],[136.939607,34.70319],[136.939603,34.703196],[136.939602,34.703203],[136.939603,34.703214],[136.939612,34.703231],[136.939753,34.703377],[136.939193,34.70378],[136.939204,34.703791],[136.939278,34.703861],[136.939364,34.70382],[136.939378,34.703832],[136.939428,34.703879],[136.939517,34.703967],[136.939533,34.703967],[136.940108,34.704805],[136.940088,34.704816],[136.940137,34.704893],[136.940167,34.704944],[136.940219,34.704924],[136.940202,34.704893],[136.940143,34.704794],[136.940134,34.704796],[136.940072,34.704705],[136.940084,34.704696],[136.939555,34.703933],[136.939606,34.703904],[136.939722,34.703929],[136.940466,34.703539],[136.941474,34.704828],[136.94143,34.704853],[136.941425,34.704857],[136.941418,34.704861],[136.941375,34.704895],[136.941018,34.705188],[136.940965,34.705144],[136.940946,34.705158],[136.941092,34.705277],[136.940173,34.706046],[136.939865,34.705801],[136.94046,34.705287],[136.940309,34.705154],[136.940319,34.705147],[136.940269,34.705073],[136.940225,34.705093],[136.940283,34.705191],[136.939981,34.705446],[136.939544,34.70582],[136.93948,34.705874],[136.939067,34.706216],[136.939081,34.706225],[136.939049,34.706252],[136.939038,34.706243],[136.939022,34.706258],[136.938706,34.706003],[136.938692,34.706012],[136.938655,34.705982],[136.93867,34.705968],[136.938314,34.705685],[136.938303,34.705694],[136.938269,34.705666],[136.938284,34.705657],[136.937973,34.705406],[136.937961,34.705416],[136.937925,34.705389],[136.937933,34.70538],[136.93792,34.705369],[136.938403,34.70489],[136.938483,34.704804],[136.938429,34.704769],[136.938314,34.70489],[136.937846,34.705354],[136.937536,34.70539],[136.936866,34.705475],[136.937064,34.706711],[136.936713,34.707196],[136.93666,34.707177],[136.936668,34.707165],[136.936536,34.707121],[136.936521,34.70715],[136.936649,34.707193],[136.936655,34.707184],[136.936706,34.707203],[136.936598,34.707351],[136.936551,34.707327],[136.936557,34.707313],[136.936436,34.707254],[136.936415,34.707281],[136.936536,34.707342],[136.936544,34.707333],[136.936592,34.70736],[136.936211,34.707878],[136.935987,34.707771],[136.935664,34.708188],[136.935676,34.708281],[136.935603,34.708287],[136.935585,34.708191],[136.934555,34.707679],[136.934309,34.707559],[136.9343,34.707571],[136.934453,34.707643],[136.934553,34.707691],[136.934452,34.707832],[136.934328,34.707989],[136.934197,34.70792],[136.933729,34.707694],[136.933672,34.707585],[136.93358,34.707409],[136.933674,34.707361],[136.93354,34.707284],[136.933983,34.706742],[136.934078,34.706794],[136.934073,34.706801],[136.934455,34.706993],[136.934556,34.707047],[136.935305,34.707453],[136.93533,34.707418],[136.934556,34.706998],[136.934455,34.706943],[136.934105,34.706758],[136.934097,34.706767],[136.934002,34.706714],[136.93423,34.706431],[136.934196,34.70641],[136.933973,34.706677],[136.933644,34.706486],[136.933628,34.706504],[136.933364,34.706505],[136.933293,34.706222],[136.933104,34.705468],[136.93306,34.705292],[136.933281,34.705298],[136.934109,34.705718],[136.9342,34.705605],[136.93384,34.70542],[136.934057,34.705156],[136.934412,34.70534],[136.934459,34.705282],[136.934556,34.705162],[136.934739,34.704935],[136.934656,34.704883],[136.934626,34.704863],[136.936644,34.704029],[136.936616,34.703989],[136.934572,34.704832],[136.934556,34.704823],[136.934516,34.704802],[136.934461,34.704823],[136.934302,34.704882],[136.933967,34.705025],[136.933702,34.704881],[136.933223,34.704617],[136.933158,34.704386],[136.933822,34.703557],[136.934144,34.703498],[136.934464,34.703701],[136.934556,34.70376],[136.935276,34.704219],[136.935378,34.704106],[136.934556,34.703591],[136.934464,34.703534],[136.934246,34.703397],[136.934064,34.70253],[136.933545,34.702272],[136.929969,34.703033],[136.930245,34.703941],[136.930267,34.704011],[136.930338,34.704248],[136.930505,34.704797],[136.930463,34.704808],[136.930422,34.704822],[136.930395,34.704835],[136.930337,34.704874],[136.930286,34.704903],[136.930254,34.704928],[136.930227,34.704955],[136.930148,34.705036],[136.930122,34.705063],[136.930056,34.705051],[136.930025,34.705049],[136.929991,34.705047],[136.929923,34.705056],[136.929877,34.705071],[136.929834,34.705089],[136.929791,34.705114],[136.929778,34.705145],[136.929769,34.7052],[136.929767,34.705265],[136.929751,34.705318],[136.929718,34.705351],[136.929685,34.705373],[136.929632,34.70538],[136.929541,34.705397],[136.929429,34.705422],[136.92931,34.705435],[136.92916,34.705449],[136.929035,34.705478],[136.929006,34.705502],[136.929019,34.705526],[136.929049,34.705543],[136.929064,34.705568],[136.929068,34.705593],[136.929061,34.705627],[136.929035,34.705664],[136.928977,34.705719],[136.928918,34.705774],[136.928909,34.705808],[136.928911,34.705833],[136.928908,34.705851],[136.928889,34.705867],[136.928846,34.705886],[136.928735,34.705957],[136.928699,34.705968],[136.928657,34.705959],[136.928616,34.70595],[136.928601,34.705942],[136.928574,34.705945],[136.928553,34.705958],[136.928523,34.705963],[136.9285,34.705958],[136.928469,34.705953],[136.928413,34.705972],[136.928302,34.706031],[136.928251,34.706054],[136.928227,34.706049],[136.92819,34.706035],[136.928143,34.706024],[136.9281,34.706023],[136.928033,34.706054],[136.927979,34.706078],[136.927954,34.706085],[136.927935,34.706079],[136.927913,34.706066],[136.927875,34.706055],[136.927867,34.706057],[136.92781,34.706074],[136.927764,34.706101],[136.927724,34.706136],[136.927673,34.706159],[136.927613,34.706193],[136.927585,34.7062],[136.927558,34.706201],[136.927522,34.706194],[136.927477,34.706196],[136.927406,34.70622],[136.92735,34.706246],[136.927314,34.70629],[136.927314,34.706322],[136.927337,34.706351],[136.927357,34.706369],[136.927365,34.706382],[136.927351,34.706388],[136.927328,34.706388],[136.927285,34.706395],[136.927248,34.706428],[136.927228,34.706472],[136.927178,34.706505],[136.927129,34.70653],[136.927068,34.706543],[136.927014,34.706546],[136.92693,34.706542],[136.926852,34.706532],[136.926797,34.706511],[136.926739,34.706459],[136.926714,34.706399],[136.926728,34.706335],[136.926773,34.706253],[136.926769,34.706236],[136.926681,34.706212],[136.926575,34.706212],[136.926542,34.706187],[136.926487,34.706176],[136.926369,34.706185],[136.926214,34.706193],[136.926177,34.706188],[136.926121,34.70618],[136.926064,34.706196],[136.925874,34.706198],[136.92574,34.706204],[136.92569,34.706194],[136.925664,34.706163],[136.925542,34.706188],[136.925396,34.706228],[136.925303,34.706269],[136.925207,34.706298],[136.925171,34.706296],[136.92512,34.706308],[136.925082,34.706341],[136.924993,34.706361],[136.924944,34.706396],[136.924922,34.706433],[136.924845,34.706429],[136.924812,34.706442],[136.924732,34.706466],[136.924637,34.706506],[136.924623,34.706539],[136.924604,34.706565],[136.924597,34.706592],[136.924605,34.70663],[136.924589,34.706621],[136.924552,34.706551],[136.924505,34.70651],[136.924475,34.706515],[136.924444,34.706529],[136.92438,34.706621],[136.924357,34.706631],[136.92433,34.706626],[136.924283,34.706597],[136.924241,34.706593],[136.924219,34.706571],[136.924139,34.706591],[136.924085,34.70662],[136.924054,34.706653],[136.924021,34.706682],[136.923983,34.706699],[136.92399,34.706729],[136.924028,34.706754],[136.924096,34.706848],[136.924096,34.706902],[136.923983,34.706988],[136.923916,34.707022],[136.923775,34.707088],[136.923708,34.707091],[136.923658,34.707076],[136.923637,34.707011],[136.923604,34.706976],[136.923564,34.706937],[136.923562,34.706902],[136.923628,34.706881],[136.923648,34.706861],[136.923547,34.706701],[136.923514,34.706664],[136.92347,34.706654],[136.923382,34.706689],[136.92334,34.706673],[136.923111,34.706807],[136.923083,34.706812],[136.923033,34.706774],[136.92301,34.706727],[136.922989,34.706717],[136.922953,34.706723],[136.92287,34.706785],[136.922852,34.706818],[136.922851,34.706867],[136.922763,34.706869],[136.922683,34.706785],[136.922721,34.706719],[136.922716,34.70668],[136.922689,34.706654],[136.922642,34.706644],[136.922593,34.706652],[136.922515,34.706677],[136.922449,34.706708],[136.922394,34.706751],[136.922393,34.706787],[136.922023,34.706821],[136.921704,34.706902],[136.921611,34.70694],[136.921341,34.707192],[136.920924,34.707408],[136.920546,34.707586],[136.920464,34.707535],[136.920335,34.707577],[136.920312,34.707583],[136.920316,34.707557],[136.920354,34.707538],[136.92039,34.707505],[136.920397,34.707486],[136.920373,34.707486],[136.920265,34.707544],[136.920085,34.707631],[136.919984,34.707672],[136.919921,34.707745],[136.919916,34.707826],[136.919892,34.707838],[136.919829,34.707774],[136.919801,34.707775],[136.919723,34.707754],[136.919704,34.707746],[136.919659,34.707763],[136.91964,34.707785],[136.9196,34.70782],[136.919556,34.70786],[136.919563,34.707959],[136.919438,34.70798],[136.91938,34.707991],[136.919267,34.708004],[136.919255,34.708037],[136.919145,34.708045],[136.919074,34.708054],[136.919052,34.708111],[136.91907,34.708145],[136.919105,34.708155],[136.91919,34.708157],[136.919311,34.708102],[136.919417,34.708091],[136.919475,34.708136],[136.91952,34.708146],[136.919605,34.708136],[136.919852,34.708048],[136.920038,34.707978],[136.920194,34.707905],[136.920293,34.707881],[136.920404,34.707864],[136.920775,34.707661],[136.921248,34.707431],[136.921458,34.707307],[136.921561,34.707205],[136.921597,34.707131],[136.922565,34.70698],[136.923138,34.707672],[136.923091,34.707717],[136.923008,34.707765],[136.922932,34.707789],[136.922803,34.707779],[136.922714,34.707789],[136.922521,34.707888],[136.922342,34.708033],[136.92225,34.708075],[136.922158,34.708135],[136.922149,34.708174],[136.922111,34.708244],[136.922042,34.708299],[136.921912,34.708359],[136.921804,34.708386],[136.921745,34.708405],[136.921595,34.708423],[136.921542,34.70843],[136.921456,34.708466],[136.921378,34.708487],[136.921101,34.708004],[136.920698,34.708139],[136.920663,34.7081],[136.920619,34.708084],[136.920546,34.708086],[136.920428,34.708177],[136.920193,34.708261],[136.920186,34.708294],[136.920162,34.708274],[136.920106,34.708294],[136.919936,34.708338],[136.919912,34.708358],[136.919945,34.708455],[136.919932,34.708569],[136.919948,34.708577],[136.920024,34.708548],[136.920216,34.7089],[136.9186,34.709525],[136.918379,34.709088],[136.918328,34.709085],[136.918343,34.709136],[136.918281,34.709148],[136.91824,34.709079],[136.918294,34.708993],[136.918351,34.708943],[136.918364,34.708877],[136.918387,34.708809],[136.918457,34.708722],[136.918514,34.708609],[136.918568,34.708561],[136.918586,34.708512],[136.91857,34.708452],[136.918724,34.708193],[136.91868,34.708176],[136.918185,34.709052],[136.918302,34.70928],[136.918001,34.709324],[136.917849,34.709366],[136.917776,34.709403],[136.917744,34.709393],[136.917724,34.709391],[136.917703,34.709435],[136.917579,34.709485],[136.917354,34.70954],[136.917165,34.709596],[136.917115,34.709597],[136.916966,34.709639],[136.916812,34.70967],[136.916799,34.709693],[136.916822,34.709719],[136.91688,34.709727],[136.916993,34.709708],[136.917075,34.709668],[136.917179,34.709676],[136.917285,34.709672],[136.917409,34.709635],[136.917489,34.709625],[136.917514,34.70964],[136.917499,34.709679],[136.917438,34.709715],[136.917356,34.709744],[136.917329,34.709764],[136.917341,34.709789],[136.917373,34.709797],[136.917586,34.709746],[136.917656,34.709774],[136.917645,34.709814],[136.9176,34.709938],[136.91757,34.710126],[136.917414,34.710274],[136.917404,34.710299],[136.917426,34.710341],[136.917535,34.710346],[136.917554,34.710348],[136.917569,34.710368],[136.917553,34.710388],[136.917425,34.710486],[136.917296,34.710575],[136.917236,34.710617],[136.91711,34.710707],[136.917018,34.710751],[136.916903,34.71069],[136.916759,34.710694],[136.916709,34.710707],[136.916642,34.710723],[136.916591,34.710728],[136.916588,34.710715],[136.916635,34.710676],[136.91664,34.710595],[136.916639,34.710512],[136.91659,34.710447],[136.91649,34.710362],[136.916414,34.710262],[136.916397,34.710221],[136.916597,34.710195],[136.916634,34.710168],[136.916629,34.710136],[136.916594,34.710124],[136.916439,34.710111],[136.916349,34.710073],[136.916268,34.710046],[136.916181,34.709995],[136.916087,34.709989],[136.915999,34.709954],[136.915937,34.709934],[136.9159,34.70994],[136.915865,34.70997],[136.915855,34.710009],[136.915914,34.710129],[136.915929,34.710186],[136.915874,34.710217],[136.915603,34.710314],[136.915528,34.710324],[136.915412,34.710353],[136.915336,34.710395],[136.915296,34.710434],[136.915312,34.710455],[136.915375,34.710452],[136.915404,34.710499],[136.9154,34.710604],[136.915381,34.71061],[136.915346,34.710559],[136.915304,34.710539],[136.91527,34.710551],[136.915274,34.710597],[136.915299,34.710649],[136.915383,34.710784],[136.915393,34.71079],[136.915454,34.710784],[136.915448,34.71085],[136.915403,34.710952],[136.915403,34.710993],[136.91546,34.711064],[136.915557,34.711167],[136.915648,34.711257],[136.91566,34.711284],[136.915645,34.711318],[136.915511,34.711483],[136.915447,34.711538],[136.91538,34.711601],[136.915274,34.711691],[136.915111,34.71176],[136.915039,34.711774],[136.914965,34.71177],[136.914892,34.711732],[136.914467,34.711882],[136.914375,34.711736],[136.914365,34.711695],[136.914391,34.711674],[136.914552,34.711578],[136.914834,34.711473],[136.914835,34.711441],[136.914819,34.711424],[136.914602,34.711446],[136.91456,34.711433],[136.914503,34.711395],[136.914419,34.711337],[136.914328,34.711305],[136.914306,34.711282],[136.914303,34.711253],[136.914267,34.711227],[136.914206,34.711224],[136.9141,34.711242],[136.91407,34.711242],[136.914125,34.711215],[136.914228,34.711181],[136.914298,34.711146],[136.914347,34.711122],[136.914359,34.711108],[136.91431,34.711069],[136.914214,34.711071],[136.914115,34.711079],[136.914014,34.711117],[136.913851,34.711172],[136.913781,34.711176],[136.913744,34.711176],[136.913605,34.71124],[136.913553,34.711254],[136.913541,34.71125],[136.913524,34.71115],[136.913546,34.710997],[136.913576,34.710964],[136.913699,34.710963],[136.913734,34.710944],[136.913746,34.710932],[136.913715,34.710877],[136.913691,34.710843],[136.913683,34.71084],[136.913628,34.710858],[136.913556,34.710899],[136.913428,34.710921],[136.913278,34.710969],[136.913244,34.710999],[136.913152,34.711075],[136.913066,34.711095],[136.91294,34.711139],[136.9129,34.71117],[136.912897,34.711217],[136.912929,34.711268],[136.912924,34.711311],[136.912938,34.711361],[136.91296,34.711391],[136.913019,34.711404],[136.913073,34.711428],[136.913076,34.711471],[136.913075,34.711538],[136.913064,34.711586],[136.91298,34.711615],[136.912915,34.711636],[136.912823,34.711669],[136.912724,34.71171],[136.912406,34.71187],[136.912284,34.711935],[136.91223,34.711952],[136.912173,34.711942],[136.912114,34.711892],[136.912071,34.711822],[136.912058,34.711764],[136.912076,34.711698],[136.912168,34.711615],[136.912245,34.711554],[136.91235,34.711484],[136.912389,34.71148],[136.912429,34.711453],[136.912436,34.711419],[136.912417,34.711382],[136.91237,34.711366],[136.912317,34.711367],[136.912151,34.711452],[136.911797,34.711622],[136.911551,34.711768],[136.911532,34.711762],[136.911539,34.711743],[136.911592,34.711697],[136.911642,34.711661],[136.911662,34.711612],[136.911662,34.711539],[136.911662,34.711506],[136.911704,34.711402],[136.911766,34.711318],[136.911845,34.71128],[136.911944,34.711241],[136.912004,34.711211],[136.912056,34.711164],[136.912094,34.711078],[136.912067,34.711035],[136.912001,34.71099],[136.911939,34.710992],[136.911805,34.711036],[136.911546,34.711136],[136.911477,34.711172],[136.911321,34.711261],[136.911093,34.711359],[136.911002,34.711393],[136.91091,34.71145],[136.910809,34.711497],[136.910657,34.711522],[136.910976,34.711354],[136.911134,34.711274],[136.911149,34.711258],[136.911154,34.711236],[136.911127,34.711215],[136.911093,34.711219],[136.910665,34.711445],[136.91044,34.711558],[136.910338,34.711585],[136.91,34.711738],[136.909984,34.711761],[136.91,34.711787],[136.910043,34.711798],[136.910074,34.711813],[136.91011,34.711891],[136.910159,34.711936],[136.910236,34.711962],[136.910265,34.712013],[136.910308,34.712062],[136.910344,34.712088],[136.910399,34.71209],[136.910468,34.712086],[136.910551,34.712031],[136.910608,34.712016],[136.910688,34.712031],[136.910812,34.71204],[136.910884,34.712061],[136.911056,34.712215],[136.911033,34.712226],[136.910978,34.712216],[136.910895,34.712178],[136.910828,34.712135],[136.910759,34.712133],[136.910702,34.712152],[136.910637,34.71219],[136.910588,34.712209],[136.910513,34.712224],[136.910454,34.712232],[136.910194,34.712346],[136.910066,34.712408],[136.910007,34.712449],[136.909949,34.712559],[136.909879,34.712627],[136.909784,34.712678],[136.909598,34.71281],[136.909511,34.712875],[136.909402,34.712966],[136.909309,34.71303],[136.909283,34.713079],[136.909278,34.713139],[136.909293,34.713158],[136.909327,34.713177],[136.909381,34.713177],[136.909595,34.713163],[136.90967,34.713176],[136.909778,34.713236],[136.909856,34.713263],[136.910009,34.713226],[136.910102,34.713167],[136.910141,34.713169],[136.910162,34.713188],[136.910258,34.713281],[136.910271,34.713339],[136.910258,34.71339],[136.910209,34.713409],[136.910126,34.713398],[136.91008,34.713417],[136.91004,34.713445],[136.91002,34.713464],[136.91001,34.713477],[136.910778,34.714143],[136.911006,34.714448],[136.911194,34.714609],[136.911296,34.714792],[136.911364,34.714962],[136.911408,34.715099],[136.911537,34.71533],[136.91175,34.715676],[136.911972,34.716052],[136.912237,34.715922],[136.912413,34.715841],[136.912873,34.715787],[136.913405,34.71569],[136.913815,34.715691],[136.913943,34.715674],[136.914019,34.71562],[136.914065,34.715518],[136.914109,34.715322],[136.914141,34.715271],[136.914216,34.715241],[136.914303,34.715254],[136.914394,34.715296],[136.914638,34.715555],[136.914724,34.715596],[136.914851,34.715643],[136.914898,34.715677],[136.914908,34.7157],[136.914931,34.715792],[136.914977,34.71592],[136.915051,34.716108],[136.915206,34.716291],[136.915303,34.716454],[136.91559,34.717268],[136.915524,34.717431],[136.915438,34.717529],[136.915347,34.717642],[136.915228,34.717737],[136.915133,34.717799],[136.915099,34.717835],[136.915083,34.717878],[136.915034,34.717989],[136.914982,34.718052],[136.91491,34.718123],[136.91484,34.718178],[136.914563,34.718388],[136.914473,34.718482],[136.914292,34.718715],[136.914267,34.718763],[136.914243,34.718836],[136.914225,34.718971],[136.914232,34.719195],[136.914308,34.719386],[136.914288,34.719465],[136.914247,34.719547],[136.914214,34.71963],[136.914183,34.719761],[136.914187,34.719847],[136.914306,34.720051],[136.914399,34.720194],[136.914388,34.720315],[136.91434,34.720464],[136.914289,34.72059],[136.914285,34.720597],[136.914233,34.720688],[136.914247,34.720713],[136.914302,34.720812],[136.914306,34.720989],[136.914267,34.721221],[136.914184,34.721419],[136.914125,34.721665],[136.914135,34.72187],[136.914113,34.722189],[136.914055,34.722284],[136.913903,34.722419],[136.913868,34.72248],[136.913876,34.722529],[136.913906,34.722588],[136.914219,34.722876],[136.914374,34.723064],[136.914557,34.723274],[136.914665,34.723414],[136.914925,34.723709],[136.914995,34.72372],[136.91522,34.723678],[136.915398,34.723651],[136.915579,34.723634],[136.915906,34.723686],[136.916165,34.723781],[136.916397,34.723954],[136.916606,34.724127],[136.916836,34.724317],[136.917073,34.724563],[136.91724,34.725036],[136.917272,34.725386],[136.917312,34.725628],[136.917317,34.725789],[136.917321,34.725915],[136.91737,34.726066],[136.91749,34.726078],[136.917589,34.726098],[136.917871,34.726029],[136.917932,34.726024],[136.918338,34.726001],[136.918396,34.725999],[136.918605,34.72604],[136.918794,34.726152],[136.918945,34.726464],[136.919104,34.726873],[136.919743,34.726614],[136.921058,34.72684],[136.921342,34.726953],[136.921518,34.727049],[136.92167,34.727073],[136.921683,34.727069],[136.921811,34.727026],[136.921846,34.72702],[136.9219,34.727011],[136.922601,34.727241],[136.922707,34.727271],[136.922825,34.727257],[136.923282,34.72732],[136.922848,34.72844],[136.922745,34.728709],[136.922624,34.729023],[136.922579,34.729152],[136.923878,34.729455]]]}},{"type":"Feature","id":"234450030","properties":{"KEY_CODE":"234450030","PREF":"23","CITY":"445","S_AREA":"003000","PREF_NAME":"愛知県","CITY_NAME":"南知多町","S_NAME":"大字豊浜","HCODE":8101,"AREA":1863.755,"KIGO_E":"E2","JINKO":0,"SETAI":0,"X_CODE":136.925482,"Y_CODE":34.705405},"geometry":{"type":"Polygon","coordinates":[[[136.925756,34.705281],[136.925606,34.705207],[136.925481,34.705207],[136.925456,34.705231],[136.925232,34.705273],[136.925157,34.70539],[136.925281,34.705548],[136.925406,34.705615],[136.925506,34.705615],[136.925756,34.705506],[136.925756,34.705281]]]}},{"type":"Feature","id":"234450040","properties":{"KEY_CODE":"234450040","PREF":"23","CITY":"445","S_AREA":"004000","PREF_NAME":"愛知県","CITY_NAME":"南知多町","S_NAME":"大字豊丘","HCODE":8101,"AREA":4386407.551,"KIGO_E":"","JINKO":1049,"SETAI":307,"X_CODE":136.938124,"Y_CODE":34.732468},"geometry":{"type":"Polygon","coordinates":[[[136.942533,34.747522],[136.942246,34.747389],[136.942199,34.747387],[136.941899,34.747209],[136.941833,34.747062],[136.941883,34.746991],[136.942533,34.747374],[136.94293,34.747595],[136.94296,34.747557],[136.942864,34.747504],[136.942867,34.747493],[136.942707,34.747401],[136.942709,34.74735],[136.942709,34.747342],[136.942707,34.74729],[136.942706,34.747283],[136.942704,34.747269],[136.942702,34.747263],[136.942701,34.747259],[136.942696,34.747233],[136.942697,34.747181],[136.942703,34.747149],[136.942735,34.747069],[136.942745,34.747024],[136.942756,34.746949],[136.942772,34.746894],[136.942795,34.746818],[136.942805,34.746768],[136.942808,34.746741],[136.942808,34.746715],[136.942802,34.746689],[136.942801,34.746662],[136.942821,34.746556],[136.942826,34.746515],[136.942835,34.746401],[136.942847,34.746313],[136.942864,34.746238],[136.942899,34.746134],[136.942994,34.745878],[136.94302,34.745792],[136.943051,34.745717],[136.943091,34.74564],[136.943125,34.745585],[136.94313,34.745577],[136.943167,34.745528],[136.943172,34.745523],[136.943176,34.745519],[136.943208,34.745483],[136.943223,34.745466],[136.943237,34.74545],[136.943241,34.745446],[136.943262,34.745427],[136.943298,34.745406],[136.943421,34.745365],[136.94343,34.745362],[136.943551,34.745422],[136.943562,34.745421],[136.94357,34.745412],[136.943568,34.745394],[136.943468,34.745347],[136.943548,34.745277],[136.943578,34.745243],[136.943596,34.745208],[136.943628,34.74512],[136.943666,34.745049],[136.943672,34.745037],[136.943698,34.744991],[136.943702,34.744987],[136.943705,34.744982],[136.943721,34.744954],[136.943725,34.744947],[136.943748,34.744889],[136.943751,34.744881],[136.943797,34.744808],[136.943801,34.744803],[136.94382,34.744773],[136.943824,34.744768],[136.943826,34.744764],[136.943836,34.744737],[136.943837,34.744733],[136.943838,34.744728],[136.943842,34.744698],[136.94385,34.744702],[136.943858,34.744699],[136.943862,34.744692],[136.943862,34.744686],[136.943848,34.744678],[136.943865,34.744648],[136.943882,34.744627],[136.943883,34.744624],[136.943884,34.744621],[136.943895,34.744589],[136.943896,34.744586],[136.943897,34.744583],[136.943904,34.74457],[136.943906,34.744567],[136.943916,34.744551],[136.944751,34.743885],[136.944756,34.74388],[136.944766,34.743868],[136.94477,34.743864],[136.944772,34.74386],[136.944775,34.743851],[136.944778,34.743846],[136.944801,34.743785],[136.944803,34.74378],[136.944845,34.74367],[136.944884,34.743557],[136.945126,34.743729],[136.945146,34.743712],[136.944897,34.743536],[136.944911,34.743492],[136.944931,34.743443],[136.944936,34.743433],[136.944966,34.743376],[136.944989,34.743339],[136.94503,34.743285],[136.945067,34.743245],[136.945163,34.74316],[136.945419,34.742929],[136.945539,34.742832],[136.945612,34.742779],[136.945693,34.742736],[136.945839,34.742671],[136.945847,34.742667],[136.945895,34.742641],[136.945901,34.742637],[136.945905,34.742634],[136.945945,34.742607],[136.946149,34.742806],[136.946175,34.742791],[136.94597,34.74259],[136.946136,34.742443],[136.946199,34.742401],[136.946281,34.74234],[136.946358,34.742282],[136.946538,34.742169],[136.94666,34.74209],[136.946783,34.741997],[136.9469,34.741904],[136.946881,34.741883],[136.946878,34.741881],[136.946873,34.741876],[136.946862,34.741869],[136.946855,34.741866],[136.94685,34.741864],[136.946801,34.741842],[136.946795,34.74184],[136.94679,34.741838],[136.946747,34.741822],[136.946744,34.74182],[136.946705,34.741804],[136.946782,34.74177],[136.946999,34.741845],[136.947244,34.742029],[136.947254,34.742021],[136.947043,34.741861],[136.948119,34.740968],[136.948268,34.740837],[136.948526,34.740969],[136.949015,34.741209],[136.94903,34.741196],[136.949028,34.741183],[136.948599,34.740969],[136.948124,34.740718],[136.948082,34.740623],[136.948112,34.740606],[136.948203,34.740508],[136.948174,34.740488],[136.948259,34.740406],[136.948304,34.740371],[136.948394,34.740307],[136.948468,34.740365],[136.948451,34.740383],[136.948529,34.74044],[136.948426,34.74057],[136.948294,34.740505],[136.948277,34.740527],[136.948336,34.740556],[136.948327,34.740638],[136.948347,34.740641],[136.948357,34.740565],[136.948565,34.740668],[136.948991,34.740873],[136.949036,34.74097],[136.949083,34.741082],[136.949094,34.741086],[136.949107,34.741079],[136.94911,34.741073],[136.949074,34.740983],[136.949119,34.74097],[136.949382,34.740902],[136.949373,34.740877],[136.949136,34.740941],[136.949068,34.740805],[136.948783,34.740648],[136.949132,34.740211],[136.949084,34.740182],[136.949255,34.739986],[136.949726,34.740277],[136.94966,34.740851],[136.949666,34.740858],[136.949672,34.740862],[136.94968,34.740861],[136.949687,34.740857],[136.949694,34.74085],[136.949764,34.740269],[136.949389,34.740037],[136.949489,34.739791],[136.949574,34.739595],[136.949605,34.739543],[136.949681,34.73943],[136.949769,34.739333],[136.949918,34.739202],[136.950029,34.739125],[136.950167,34.739045],[136.95026,34.738971],[136.950261,34.738958],[136.950252,34.738937],[136.950232,34.738916],[136.950213,34.738896],[136.950196,34.738871],[136.950146,34.738797],[136.950172,34.738786],[136.950181,34.738803],[136.950203,34.73884],[136.950229,34.738878],[136.950239,34.73889],[136.950257,34.738905],[136.950272,34.738925],[136.950281,34.738943],[136.950291,34.738946],[136.950348,34.738896],[136.950465,34.73879],[136.95059,34.738692],[136.950657,34.738639],[136.950747,34.738591],[136.950773,34.738577],[136.950621,34.738074],[136.948738,34.736349],[136.948548,34.736142],[136.948409,34.735991],[136.948614,34.735797],[136.948662,34.735491],[136.948621,34.735461],[136.94842,34.735424],[136.948368,34.73539],[136.948348,34.735363],[136.948331,34.735309],[136.948313,34.735142],[136.948341,34.734703],[136.948383,34.734421],[136.948438,34.73423],[136.948425,34.734072],[136.948083,34.734094],[136.94807,34.733914],[136.94803,34.733801],[136.947934,34.733699],[136.947866,34.73353],[136.947785,34.733237],[136.947622,34.733],[136.947445,34.732786],[136.947323,34.732526],[136.947256,34.732267],[136.947084,34.731947],[136.946997,34.731849],[136.946731,34.731641],[136.946585,34.731467],[136.946221,34.731161],[136.946224,34.7311],[136.946554,34.730944],[136.946654,34.730875],[136.946712,34.730798],[136.94673,34.730699],[136.946728,34.730542],[136.946674,34.730373],[136.946469,34.730226],[136.946509,34.725673],[136.945894,34.725638],[136.945649,34.725503],[136.945486,34.725322],[136.9452,34.724871],[136.944997,34.724521],[136.94482,34.724307],[136.943581,34.723223],[136.946029,34.721278],[136.945402,34.720871],[136.945102,34.72096],[136.944611,34.720588],[136.944366,34.72061],[136.943915,34.720812],[136.943274,34.720664],[136.943124,34.720405],[136.942852,34.720043],[136.942594,34.719795],[136.942691,34.718973],[136.941942,34.718588],[136.941423,34.718677],[136.941177,34.718891],[136.940385,34.718934],[136.939784,34.719035],[136.939553,34.71891],[136.939375,34.719068],[136.939265,34.719169],[136.938979,34.719247],[136.938951,34.719326],[136.939033,34.719416],[136.939,34.719506],[136.938854,34.71998],[136.938934,34.7206],[136.938496,34.721038],[136.938155,34.721026],[136.937581,34.72116],[136.937132,34.720731],[136.936051,34.721653],[136.935055,34.721674],[136.934795,34.721955],[136.9347,34.721921],[136.934439,34.722247],[136.934427,34.721718],[136.934072,34.721717],[136.933848,34.72173],[136.933434,34.721759],[136.933308,34.721807],[136.932925,34.722092],[136.932695,34.722146],[136.932487,34.722198],[136.932286,34.722277],[136.932103,34.72241],[136.931816,34.722729],[136.931247,34.721802],[136.930688,34.72162],[136.930415,34.721597],[136.930115,34.721608],[136.929896,34.721653],[136.929076,34.721967],[136.929055,34.722222],[136.929034,34.722496],[136.929482,34.722648],[136.928578,34.724636],[136.928427,34.724918],[136.92799,34.725052],[136.927592,34.725784],[136.927127,34.726087],[136.926573,34.725935],[136.926266,34.726574],[136.926214,34.726653],[136.926148,34.726729],[136.92603,34.7268],[136.92621,34.726919],[136.926292,34.727009],[136.926305,34.727133],[136.926264,34.727235],[136.926017,34.727415],[136.925962,34.727685],[136.925962,34.727865],[136.926016,34.728001],[136.926029,34.728046],[136.925988,34.728181],[136.925906,34.72835],[136.924619,34.729418],[136.924299,34.729403],[136.924334,34.729479],[136.924345,34.729661],[136.924296,34.729818],[136.924165,34.730116],[136.924019,34.730493],[136.924142,34.730496],[136.924435,34.730605],[136.924634,34.730744],[136.924752,34.730896],[136.924797,34.731098],[136.924759,34.731295],[136.924715,34.731425],[136.925312,34.732079],[136.925827,34.731789],[136.926521,34.732337],[136.926521,34.732502],[136.92655,34.73269],[136.926586,34.732753],[136.926701,34.732854],[136.926834,34.732912],[136.926969,34.732962],[136.927244,34.733105],[136.927249,34.733136],[136.927238,34.733208],[136.927194,34.733334],[136.927086,34.733568],[136.927042,34.733774],[136.927804,34.734228],[136.928202,34.734012],[136.928562,34.734215],[136.928483,34.734336],[136.928417,34.734466],[136.928389,34.734549],[136.928393,34.734666],[136.928431,34.73475],[136.92848,34.734812],[136.928582,34.734894],[136.928714,34.734976],[136.928964,34.73512],[136.929093,34.735189],[136.929371,34.73548],[136.929502,34.735643],[136.929522,34.735744],[136.929499,34.736251],[136.929496,34.736745],[136.929518,34.736969],[136.92955,34.737161],[136.929581,34.737314],[136.929626,34.737448],[136.929664,34.737543],[136.92969,34.737567],[136.929789,34.737656],[136.929944,34.737814],[136.929993,34.737954],[136.930007,34.737959],[136.930146,34.738012],[136.930284,34.738057],[136.930478,34.737981],[136.930645,34.737907],[136.9308,34.737839],[136.931043,34.737728],[136.931244,34.737678],[136.931516,34.737945],[136.931669,34.738074],[136.931901,34.738285],[136.932373,34.738708],[136.932638,34.738948],[136.933005,34.739279],[136.933185,34.739411],[136.933517,34.739634],[136.933884,34.739873],[136.934087,34.740016],[136.934125,34.740107],[136.934175,34.740191],[136.934288,34.740363],[136.934301,34.740631],[136.93435,34.740864],[136.934399,34.740944],[136.934549,34.741089],[136.934653,34.741152],[136.934718,34.741192],[136.934799,34.741219],[136.934882,34.741239],[136.934972,34.74127],[136.935073,34.741321],[136.935176,34.741389],[136.935246,34.741487],[136.935259,34.741515],[136.935257,34.741589],[136.935062,34.741748],[136.934758,34.742016],[136.934665,34.742074],[136.93443,34.742267],[136.93423,34.742463],[136.934295,34.742549],[136.934362,34.742697],[136.934412,34.74282],[136.934475,34.742975],[136.934529,34.743174],[136.934479,34.743504],[136.934473,34.743681],[136.934497,34.74382],[136.934546,34.743875],[136.934717,34.743996],[136.934834,34.744069],[136.935004,34.744207],[136.93513,34.7443],[136.935416,34.744513],[136.935639,34.74467],[136.935669,34.744697],[136.935806,34.744819],[136.935973,34.74497],[136.936236,34.745205],[136.936302,34.745217],[136.93657,34.744987],[136.936848,34.745141],[136.936999,34.745196],[136.93729,34.745245],[136.937401,34.745256],[136.937783,34.745251],[136.937996,34.745284],[136.93822,34.745384],[136.938377,34.745449],[136.938575,34.745516],[136.938712,34.745575],[136.938893,34.745673],[136.939065,34.745764],[136.939142,34.745824],[136.939254,34.745966],[136.93937,34.746088],[136.939411,34.746114],[136.940052,34.746329],[136.940229,34.746387],[136.940391,34.746515],[136.940473,34.746594],[136.940573,34.746682],[136.940716,34.746768],[136.940846,34.746817],[136.940944,34.746826],[136.941203,34.746889],[136.941354,34.746928],[136.941464,34.746983],[136.941514,34.747047],[136.941548,34.747132],[136.941594,34.747348],[136.941645,34.74738],[136.941786,34.747474],[136.941961,34.747538],[136.942089,34.747524],[136.942158,34.747515],[136.942214,34.747489],[136.942259,34.747466],[136.942533,34.74759],[136.942798,34.74771],[136.942814,34.747706],[136.94284,34.747678],[136.942713,34.747615],[136.94271,34.747604],[136.942533,34.747522]]]}},{"type":"Feature","id":"234450050","properties":{"KEY_CODE":"234450050","PREF":"23","CITY":"445","S_AREA":"005000","PREF_NAME":"愛知県","CITY_NAME":"南知多町","S_NAME":"大字大井","HCODE":8101,"AREA":4256373.899,"KIGO_E":"","JINKO":1594,"SETAI":655,"X_CODE":136.955644,"Y_CODE":34.726161},"geometry":{"type":"Polygon","coordinates":[[[136.950909,34.738339],[136.950932,34.738327],[136.950937,34.738334],[136.950954,34.738362],[136.950974,34.738389],[136.950977,34.738392],[136.95098,34.738397],[136.951039,34.738452],[136.951055,34.738452],[136.951062,34.738446],[136.951064,34.738443],[136.951066,34.73844],[136.951086,34.738409],[136.951107,34.738378],[136.951111,34.738373],[136.951116,34.738369],[136.951147,34.738337],[136.951153,34.738333],[136.95117,34.73832],[136.951184,34.738312],[136.951238,34.738288],[136.951295,34.738265],[136.951455,34.738188],[136.951547,34.738143],[136.951621,34.738112],[136.9517,34.738087],[136.951826,34.738053],[136.951973,34.738022],[136.952077,34.738005],[136.952164,34.737995],[136.95234,34.737979],[136.952652,34.737943],[136.952912,34.737923],[136.953259,34.7379],[136.953632,34.73788],[136.954028,34.73787],[136.954456,34.737872],[136.954693,34.73787],[136.955767,34.737864],[136.95606,34.737849],[136.956221,34.737834],[136.956327,34.737821],[136.956425,34.737805],[136.956503,34.737789],[136.956772,34.737721],[136.956812,34.737709],[136.956868,34.737689],[136.956875,34.737686],[136.956954,34.737649],[136.956969,34.737643],[136.957148,34.737549],[136.957281,34.737486],[136.957422,34.737428],[136.957522,34.737395],[136.957682,34.737349],[136.957786,34.737321],[136.957847,34.737301],[136.95792,34.737271],[136.958008,34.737234],[136.958117,34.737196],[136.958151,34.737184],[136.958383,34.737112],[136.958649,34.73704],[136.958757,34.73701],[136.958941,34.736973],[136.959453,34.736867],[136.959714,34.736819],[136.959952,34.736771],[136.959977,34.736766],[136.959986,34.736764],[136.960012,34.736756],[136.960015,34.736754],[136.96002,34.736752],[136.960046,34.736739],[136.96006,34.736722],[136.960064,34.736717],[136.960067,34.736701],[136.960067,34.736693],[136.960066,34.736689],[136.960057,34.736668],[136.960047,34.736658],[136.960044,34.736656],[136.960041,34.736653],[136.96001,34.736628],[136.960008,34.736624],[136.959992,34.736609],[136.959833,34.736481],[136.959752,34.736417],[136.959688,34.736374],[136.959628,34.736341],[136.959486,34.73628],[136.959309,34.736214],[136.959248,34.736185],[136.959209,34.736159],[136.959167,34.736123],[136.959126,34.736074],[136.959096,34.736029],[136.959076,34.735988],[136.959066,34.735952],[136.959068,34.735887],[136.959068,34.735834],[136.959062,34.735805],[136.959039,34.735739],[136.959035,34.735693],[136.959029,34.735623],[136.959028,34.735613],[136.95903,34.735609],[136.959038,34.735602],[136.959047,34.735598],[136.959057,34.735597],[136.959068,34.735599],[136.959079,34.735606],[136.95909,34.735817],[136.959093,34.735895],[136.959098,34.735951],[136.959107,34.735984],[136.959119,34.73601],[136.959153,34.73606],[136.959187,34.736092],[136.959262,34.736145],[136.959346,34.73619],[136.959547,34.736283],[136.959731,34.736364],[136.959792,34.736389],[136.959871,34.736422],[136.959932,34.736462],[136.95996,34.736481],[136.960031,34.736534],[136.96005,34.736534],[136.960088,34.736492],[136.960323,34.736621],[136.960311,34.736639],[136.960349,34.736658],[136.960389,34.736608],[136.96035,34.736588],[136.960339,34.7366],[136.960329,34.736595],[136.960337,34.736557],[136.960338,34.736552],[136.960348,34.736522],[136.960361,34.736496],[136.960369,34.736482],[136.960397,34.736438],[136.960448,34.736375],[136.960598,34.73623],[136.960668,34.736172],[136.96075,34.736116],[136.960972,34.735964],[136.961165,34.735822],[136.961431,34.735643],[136.961693,34.735475],[136.961834,34.735381],[136.961955,34.735308],[136.962186,34.735186],[136.962841,34.734874],[136.963135,34.734725],[136.9634,34.734595],[136.963673,34.73448],[136.963862,34.734397],[136.964001,34.734342],[136.96416,34.734272],[136.96426,34.73422],[136.964312,34.734185],[136.96438,34.734134],[136.964442,34.734078],[136.964688,34.73381],[136.964774,34.733705],[136.9648,34.733681],[136.964878,34.733626],[136.964886,34.73362],[136.964946,34.733571],[136.965009,34.733507],[136.96508,34.733426],[136.965155,34.733327],[136.965302,34.733133],[136.965402,34.733015],[136.965489,34.732925],[136.965574,34.73285],[136.96569,34.73276],[136.965758,34.732715],[136.965776,34.732704],[136.965835,34.732671],[136.965858,34.732689],[136.965875,34.732674],[136.965838,34.732645],[136.96584,34.732615],[136.965841,34.732611],[136.965854,34.732581],[136.965913,34.732499],[136.965972,34.732434],[136.965994,34.73241],[136.966132,34.732234],[136.966192,34.732147],[136.966261,34.732048],[136.966297,34.731985],[136.966501,34.731408],[136.966574,34.731202],[136.966659,34.730961],[136.966801,34.730551],[136.966941,34.730181],[136.967103,34.729841],[136.967149,34.729748],[136.96718,34.729685],[136.967203,34.729616],[136.967217,34.729584],[136.967283,34.729468],[136.967272,34.72942],[136.96727,34.729407],[136.967266,34.729347],[136.967267,34.729282],[136.967274,34.72922],[136.967286,34.729144],[136.967309,34.728826],[136.96731,34.72861],[136.967308,34.728419],[136.967311,34.728346],[136.967317,34.728303],[136.967343,34.728202],[136.967355,34.728142],[136.967361,34.728074],[136.967362,34.727984],[136.967367,34.727934],[136.967385,34.72783],[136.967418,34.727695],[136.967438,34.727632],[136.96746,34.727577],[136.967462,34.72757],[136.967472,34.727538],[136.967473,34.727532],[136.967474,34.727527],[136.967477,34.727509],[136.967477,34.727502],[136.967478,34.727497],[136.967478,34.727479],[136.967473,34.72741],[136.967474,34.727404],[136.967475,34.72738],[136.967476,34.727374],[136.967477,34.727368],[136.967482,34.727354],[136.967487,34.727347],[136.967501,34.72733],[136.967505,34.727327],[136.96751,34.727322],[136.967523,34.727312],[136.967527,34.72731],[136.96753,34.727309],[136.967568,34.727292],[136.967571,34.727291],[136.967574,34.72729],[136.967581,34.727287],[136.967586,34.727283],[136.967592,34.727276],[136.967594,34.727271],[136.967598,34.727211],[136.967599,34.727202],[136.9676,34.727152],[136.967611,34.727094],[136.967644,34.726981],[136.967668,34.726895],[136.967703,34.726808],[136.967734,34.726748],[136.967774,34.726683],[136.967837,34.726596],[136.967888,34.726539],[136.967894,34.726534],[136.96796,34.726475],[136.967974,34.726462],[136.96808,34.726357],[136.968119,34.726333],[136.968187,34.726306],[136.968226,34.726282],[136.96824,34.726267],[136.968249,34.726246],[136.968241,34.72618],[136.968308,34.726147],[136.968393,34.726096],[136.968615,34.725919],[136.968621,34.725914],[136.968628,34.72591],[136.96866,34.725892],[136.968711,34.725871],[136.968757,34.725858],[136.968811,34.725849],[136.968838,34.725848],[136.968865,34.725851],[136.968875,34.725854],[136.968906,34.725873],[136.968968,34.725931],[136.96901,34.725981],[136.96902,34.72599],[136.969036,34.726003],[136.969042,34.726008],[136.96905,34.726012],[136.969086,34.726034],[136.969093,34.726039],[136.969099,34.726045],[136.969122,34.726067],[136.969134,34.726087],[136.969137,34.726095],[136.969146,34.726147],[136.969148,34.726156],[136.969158,34.726171],[136.969191,34.726203],[136.969198,34.726208],[136.96924,34.726248],[136.969246,34.726253],[136.969268,34.72628],[136.969274,34.72629],[136.96929,34.726333],[136.969301,34.726378],[136.969322,34.726434],[136.969342,34.726463],[136.969348,34.726468],[136.969363,34.726479],[136.969371,34.726483],[136.969405,34.726497],[136.969437,34.726503],[136.969449,34.726505],[136.969487,34.726503],[136.969568,34.726489],[136.969605,34.726481],[136.969657,34.726465],[136.969741,34.726431],[136.969814,34.726394],[136.969866,34.726357],[136.96991,34.72631],[136.97,34.726189],[136.970025,34.726143],[136.970056,34.726084],[136.970065,34.726063],[136.970083,34.726036],[136.970109,34.726008],[136.970115,34.726004],[136.97012,34.726],[136.970148,34.725985],[136.970151,34.725982],[136.970158,34.72598],[136.97017,34.725979],[136.970181,34.725985],[136.970194,34.726001],[136.970197,34.72601],[136.970197,34.726013],[136.970197,34.726018],[136.970198,34.726028],[136.970209,34.726041],[136.970231,34.726054],[136.970246,34.726056],[136.970259,34.726057],[136.970265,34.726056],[136.970273,34.726054],[136.970293,34.726048],[136.970299,34.726046],[136.970306,34.726043],[136.970316,34.726039],[136.970324,34.726035],[136.970363,34.726008],[136.970382,34.725985],[136.970388,34.725974],[136.970389,34.725969],[136.97039,34.725965],[136.970395,34.725952],[136.970398,34.725949],[136.970401,34.725944],[136.970415,34.725931],[136.970422,34.725927],[136.97044,34.725917],[136.970457,34.725913],[136.970486,34.725913],[136.970515,34.725917],[136.970551,34.725925],[136.970559,34.725926],[136.970615,34.725941],[136.970624,34.725943],[136.970629,34.725943],[136.970634,34.725945],[136.970639,34.725947],[136.970662,34.725953],[136.97067,34.725953],[136.970686,34.72595],[136.970689,34.725949],[136.970692,34.725948],[136.970699,34.725945],[136.970706,34.725936],[136.970702,34.725927],[136.97069,34.725914],[136.970687,34.725912],[136.970685,34.72591],[136.970649,34.725894],[136.97064,34.72589],[136.970638,34.725887],[136.970638,34.725883],[136.970641,34.725874],[136.970649,34.725871],[136.970678,34.725872],[136.970685,34.725875],[136.970695,34.725878],[136.970716,34.725886],[136.970747,34.725891],[136.970765,34.725887],[136.970771,34.725875],[136.970754,34.725858],[136.970723,34.72584],[136.970718,34.725837],[136.970694,34.725829],[136.970688,34.725827],[136.970682,34.725825],[136.970652,34.72582],[136.970645,34.72582],[136.97058,34.725821],[136.970575,34.725822],[136.970549,34.725821],[136.970541,34.725821],[136.970497,34.725812],[136.97049,34.725809],[136.970448,34.725796],[136.9704,34.725778],[136.970392,34.725766],[136.97039,34.725763],[136.970389,34.72576],[136.970388,34.725753],[136.970392,34.725747],[136.970396,34.725739],[136.9704,34.725737],[136.970419,34.725721],[136.970423,34.725716],[136.970428,34.725711],[136.970488,34.725653],[136.97049,34.725649],[136.970492,34.725646],[136.970497,34.725636],[136.970496,34.725615],[136.970491,34.725593],[136.970488,34.725588],[136.970485,34.725579],[136.970485,34.725568],[136.970487,34.725563],[136.97049,34.725557],[136.970494,34.725553],[136.970498,34.725548],[136.970595,34.725475],[136.970605,34.725467],[136.970639,34.725429],[136.970666,34.725384],[136.970684,34.725347],[136.970691,34.725323],[136.970692,34.725316],[136.97069,34.725281],[136.970689,34.725276],[136.97069,34.725267],[136.970694,34.725252],[136.970723,34.725204],[136.970726,34.725196],[136.97074,34.725158],[136.970738,34.725144],[136.970734,34.725134],[136.97072,34.725123],[136.970715,34.725122],[136.970712,34.72512],[136.970699,34.725114],[136.970682,34.725111],[136.970678,34.725111],[136.970675,34.725111],[136.970662,34.725111],[136.970656,34.725111],[136.970634,34.72512],[136.970622,34.725119],[136.970616,34.725114],[136.970615,34.725112],[136.970577,34.72506],[136.970574,34.725055],[136.970573,34.725053],[136.970561,34.725036],[136.970563,34.725029],[136.970567,34.725021],[136.970591,34.72501],[136.970624,34.724998],[136.970774,34.724916],[136.970815,34.724887],[136.970862,34.72484],[136.970922,34.72477],[136.970953,34.724732],[136.970999,34.724689],[136.971006,34.724684],[136.971027,34.724669],[136.971037,34.724664],[136.97109,34.724648],[136.971121,34.724638],[136.971162,34.724613],[136.971206,34.724575],[136.971252,34.724526],[136.971276,34.72449],[136.97129,34.724455],[136.971298,34.724419],[136.9713,34.724381],[136.971294,34.724336],[136.971291,34.724327],[136.971285,34.724303],[136.971283,34.724298],[136.971281,34.724292],[136.971259,34.724237],[136.971253,34.724234],[136.971248,34.724233],[136.971235,34.724234],[136.971207,34.724257],[136.971197,34.724257],[136.971174,34.724235],[136.971171,34.724231],[136.971169,34.724228],[136.971156,34.724204],[136.971117,34.724161],[136.9711,34.724148],[136.971095,34.724146],[136.971091,34.724144],[136.971077,34.724138],[136.971073,34.724138],[136.971069,34.724137],[136.971064,34.724135],[136.971052,34.724138],[136.971041,34.724146],[136.971034,34.724168],[136.971032,34.724172],[136.971029,34.724177],[136.971012,34.724213],[136.971009,34.724219],[136.971006,34.724224],[136.970987,34.724247],[136.970983,34.724251],[136.970976,34.724255],[136.970972,34.724255],[136.970968,34.724256],[136.970957,34.724257],[136.970944,34.724257],[136.97094,34.724256],[136.970933,34.724255],[136.970922,34.72425],[136.970868,34.724196],[136.970861,34.72419],[136.970856,34.724183],[136.970843,34.724171],[136.970836,34.724165],[136.970829,34.72416],[136.970802,34.724139],[136.970787,34.724135],[136.970772,34.724135],[136.970768,34.724136],[136.970763,34.724137],[136.970746,34.724142],[136.970741,34.724144],[136.970709,34.72416],[136.970684,34.724181],[136.970632,34.724243],[136.970621,34.724255],[136.970468,34.724404],[136.97046,34.72441],[136.970435,34.724429],[136.970431,34.724436],[136.970427,34.724442],[136.970426,34.724447],[136.970425,34.72445],[136.970425,34.724466],[136.970426,34.724471],[136.970427,34.724475],[136.97043,34.724483],[136.970432,34.724486],[136.970434,34.72449],[136.970444,34.724504],[136.970448,34.724507],[136.970456,34.724516],[136.970465,34.72455],[136.97046,34.724558],[136.970451,34.724559],[136.970446,34.72456],[136.970437,34.724559],[136.970434,34.724558],[136.97043,34.724558],[136.970415,34.724554],[136.97041,34.724554],[136.970406,34.724555],[136.970403,34.724556],[136.970391,34.72456],[136.970369,34.724571],[136.970359,34.724577],[136.97034,34.724593],[136.970332,34.724602],[136.970279,34.724659],[136.970276,34.724666],[136.970272,34.72467],[136.970265,34.724676],[136.97026,34.724679],[136.970253,34.724682],[136.970243,34.724684],[136.970227,34.724684],[136.970224,34.724683],[136.970219,34.724682],[136.970213,34.724681],[136.970206,34.724675],[136.970203,34.724672],[136.970201,34.724667],[136.970199,34.724663],[136.970193,34.724644],[136.970191,34.724639],[136.970178,34.724605],[136.970171,34.724553],[136.970164,34.724463],[136.970144,34.724336],[136.970125,34.724265],[136.970123,34.724259],[136.970115,34.724235],[136.97011,34.724228],[136.970101,34.724213],[136.970097,34.724207],[136.970094,34.724203],[136.970069,34.724173],[136.970051,34.724157],[136.970046,34.724155],[136.97004,34.724152],[136.970034,34.724149],[136.970028,34.724148],[136.970022,34.724147],[136.970015,34.724146],[136.970009,34.724146],[136.970002,34.724146],[136.969948,34.724142],[136.969929,34.724136],[136.969927,34.724134],[136.96992,34.724131],[136.969938,34.724118],[136.969943,34.724102],[136.969942,34.724086],[136.969937,34.724073],[136.969934,34.724068],[136.96993,34.724064],[136.969908,34.724046],[136.96987,34.724026],[136.969862,34.724023],[136.96985,34.72402],[136.969843,34.724019],[136.969827,34.724019],[136.969818,34.72402],[136.969812,34.724022],[136.969804,34.724025],[136.969797,34.724027],[136.969791,34.724031],[136.969784,34.724035],[136.969757,34.72405],[136.96975,34.724055],[136.969744,34.72406],[136.969717,34.724082],[136.96971,34.724087],[136.969702,34.72409],[136.969692,34.724094],[136.969688,34.724095],[136.969683,34.724096],[136.969653,34.724096],[136.969649,34.724097],[136.969643,34.724098],[136.969633,34.724103],[136.969601,34.724136],[136.969595,34.724141],[136.969581,34.72415],[136.969576,34.724151],[136.969564,34.724154],[136.969558,34.724154],[136.969546,34.724152],[136.969539,34.724151],[136.969503,34.72414],[136.969497,34.724138],[136.969485,34.724133],[136.969468,34.724123],[136.969461,34.724117],[136.969453,34.724108],[136.969448,34.724094],[136.969444,34.724044],[136.969422,34.723977],[136.969416,34.72394],[136.969417,34.723886],[136.969423,34.723845],[136.969427,34.723835],[136.969457,34.723714],[136.969457,34.723709],[136.969461,34.723691],[136.969468,34.723681],[136.969484,34.723668],[136.96949,34.723665],[136.969498,34.723659],[136.96953,34.723641],[136.969569,34.723619],[136.969571,34.723611],[136.969568,34.723606],[136.969556,34.723599],[136.96954,34.723601],[136.969513,34.72361],[136.969462,34.723622],[136.969452,34.723625],[136.969365,34.723652],[136.969338,34.723665],[136.969328,34.723663],[136.96932,34.723656],[136.969319,34.723653],[136.969318,34.723651],[136.969311,34.723637],[136.969311,34.723631],[136.969317,34.723609],[136.969319,34.723604],[136.969322,34.723587],[136.969326,34.723581],[136.969333,34.723562],[136.969334,34.723557],[136.969332,34.723547],[136.969328,34.723541],[136.969326,34.723539],[136.969322,34.723537],[136.969319,34.723535],[136.969303,34.723529],[136.9693,34.723528],[136.969295,34.723527],[136.969271,34.723527],[136.969261,34.72352],[136.969256,34.723503],[136.969249,34.723497],[136.969238,34.723494],[136.969235,34.723494],[136.969231,34.723493],[136.969219,34.723492],[136.969211,34.723492],[136.969205,34.723493],[136.969191,34.723496],[136.969185,34.723499],[136.969178,34.723502],[136.969152,34.723511],[136.969147,34.723512],[136.96908,34.723522],[136.969062,34.723519],[136.96905,34.72351],[136.969047,34.723502],[136.969047,34.723499],[136.969048,34.723495],[136.969051,34.723492],[136.969053,34.723489],[136.969056,34.723477],[136.96905,34.723464],[136.969027,34.723444],[136.969022,34.723441],[136.969008,34.72343],[136.969006,34.723427],[136.969004,34.723422],[136.969003,34.723418],[136.969003,34.723414],[136.969003,34.723409],[136.969005,34.723399],[136.969008,34.723394],[136.969019,34.72336],[136.969019,34.723349],[136.969008,34.72334],[136.968998,34.723338],[136.968992,34.723339],[136.968982,34.723342],[136.968977,34.723345],[136.968966,34.723349],[136.96896,34.723351],[136.968946,34.723353],[136.968919,34.723361],[136.968867,34.723383],[136.968749,34.723439],[136.968738,34.723445],[136.968705,34.723469],[136.968698,34.723475],[136.968691,34.72348],[136.968668,34.7235],[136.968663,34.723508],[136.96864,34.723538],[136.968638,34.723541],[136.968635,34.72355],[136.968634,34.723556],[136.968636,34.723562],[136.968652,34.723581],[136.968652,34.723587],[136.968652,34.72359],[136.968651,34.723593],[136.96865,34.723595],[136.968646,34.723601],[136.968643,34.723604],[136.968631,34.723619],[136.968627,34.723625],[136.968588,34.723657],[136.968552,34.723674],[136.96853,34.723681],[136.968496,34.723688],[136.96845,34.723691],[136.968406,34.723686],[136.968334,34.723669],[136.968293,34.723655],[136.968263,34.723644],[136.968198,34.723596],[136.968156,34.723554],[136.96815,34.723547],[136.96813,34.72352],[136.968128,34.723514],[136.968113,34.723485],[136.968104,34.723448],[136.968104,34.723441],[136.968103,34.723414],[136.968104,34.72341],[136.968105,34.723406],[136.968109,34.723394],[136.968109,34.72339],[136.968108,34.723382],[136.968105,34.723377],[136.968103,34.723374],[136.968099,34.723371],[136.968088,34.723364],[136.968085,34.723363],[136.968074,34.72336],[136.968052,34.723362],[136.968048,34.723363],[136.968042,34.723364],[136.967996,34.723365],[136.967991,34.723365],[136.967984,34.723365],[136.967953,34.723364],[136.967946,34.723361],[136.967938,34.723357],[136.967933,34.723343],[136.967934,34.723335],[136.967946,34.72332],[136.967947,34.723317],[136.967947,34.723309],[136.967946,34.723307],[136.96794,34.723299],[136.967927,34.723292],[136.967923,34.723291],[136.967919,34.72329],[136.967884,34.723291],[136.967854,34.723297],[136.967849,34.723297],[136.967842,34.723297],[136.967837,34.723297],[136.96783,34.723297],[136.967812,34.72329],[136.967797,34.723281],[136.967719,34.723209],[136.967598,34.723076],[136.967511,34.722971],[136.967474,34.722928],[136.967425,34.722888],[136.967379,34.722858],[136.967343,34.722841],[136.967256,34.722811],[136.967284,34.722409],[136.967258,34.722407],[136.967231,34.722736],[136.967166,34.722736],[136.96701,34.722734],[136.967,34.722971],[136.966998,34.723008],[136.966996,34.723034],[136.966982,34.723066],[136.966968,34.723089],[136.966954,34.723107],[136.966931,34.723122],[136.966894,34.723149],[136.96683,34.723178],[136.966585,34.723277],[136.966491,34.723316],[136.966413,34.723339],[136.966188,34.723412],[136.966118,34.723432],[136.966071,34.723442],[136.966026,34.723446],[136.965899,34.723451],[136.965796,34.723446],[136.965795,34.723288],[136.96582,34.722969],[136.965835,34.722349],[136.965732,34.722346],[136.965706,34.722968],[136.965705,34.722987],[136.965751,34.723029],[136.965745,34.723134],[136.965726,34.723135],[136.965722,34.723249],[136.964946,34.723226],[136.964954,34.722988],[136.964447,34.722966],[136.963853,34.722951],[136.963301,34.722076],[136.963217,34.721943],[136.963149,34.721955],[136.963185,34.721767],[136.963415,34.721704],[136.963445,34.721774],[136.964138,34.721599],[136.964109,34.721527],[136.964611,34.721401],[136.965077,34.722281],[136.965132,34.722256],[136.964597,34.72125],[136.964303,34.720671],[136.964367,34.719847],[136.964569,34.719481],[136.964523,34.719469],[136.964505,34.719506],[136.964092,34.719338],[136.96384,34.719758],[136.963771,34.720646],[136.963527,34.720636],[136.963528,34.720648],[136.963498,34.720648],[136.963497,34.720636],[136.963357,34.720635],[136.963356,34.720641],[136.963328,34.720641],[136.963324,34.72063],[136.963058,34.72062],[136.962857,34.721105],[136.961982,34.721205],[136.961976,34.721123],[136.961977,34.720983],[136.961997,34.720815],[136.962014,34.720724],[136.962076,34.720463],[136.962138,34.720468],[136.962177,34.72045],[136.96246,34.720322],[136.962668,34.719485],[136.962689,34.719457],[136.963144,34.718824],[136.963179,34.718797],[136.963706,34.718458],[136.964029,34.718254],[136.964627,34.717877],[136.964677,34.717844],[136.964987,34.717889],[136.965173,34.717933],[136.965704,34.718062],[136.965718,34.718069],[136.965943,34.718265],[136.965871,34.71833],[136.966035,34.718461],[136.966148,34.718552],[136.966237,34.718482],[136.966506,34.718705],[136.966564,34.71873],[136.966775,34.718727],[136.967035,34.719025],[136.967058,34.719019],[136.966803,34.718717],[136.967175,34.718722],[136.967948,34.718724],[136.967988,34.718784],[136.968019,34.718819],[136.96807,34.718864],[136.968112,34.718891],[136.968272,34.718973],[136.968371,34.719031],[136.968404,34.719055],[136.968433,34.719089],[136.968462,34.719123],[136.968466,34.719127],[136.968513,34.719161],[136.968426,34.719771],[136.968459,34.719774],[136.968549,34.719134],[136.968596,34.719105],[136.968609,34.719098],[136.96876,34.719026],[136.968803,34.719009],[136.968856,34.718983],[136.968883,34.718966],[136.968944,34.718912],[136.969084,34.718777],[136.969168,34.718712],[136.969257,34.718654],[136.969298,34.718634],[136.969305,34.718633],[136.969342,34.718621],[136.969368,34.718617],[136.969402,34.718617],[136.969428,34.718622],[136.969463,34.718637],[136.969568,34.718714],[136.969432,34.718506],[136.969241,34.71827],[136.968971,34.718012],[136.968854,34.717932],[136.968708,34.717824],[136.968378,34.717591],[136.96792,34.717289],[136.96755,34.717023],[136.967441,34.717083],[136.967329,34.717148],[136.967212,34.71723],[136.967008,34.717392],[136.966877,34.717492],[136.96675,34.717613],[136.966475,34.718046],[136.966451,34.718064],[136.966401,34.718074],[136.966333,34.718072],[136.966282,34.718049],[136.966205,34.718003],[136.966093,34.717934],[136.965908,34.717832],[136.965685,34.717758],[136.965609,34.71773],[136.965467,34.717602],[136.965306,34.717424],[136.965149,34.7173],[136.965046,34.717244],[136.96474,34.717093],[136.964674,34.717036],[136.964071,34.716915],[136.963965,34.71724],[136.963833,34.717302],[136.963682,34.717337],[136.963532,34.717328],[136.963371,34.717273],[136.963241,34.717164],[136.963179,34.71722],[136.963099,34.717257],[136.962817,34.717281],[136.962815,34.717281],[136.962316,34.717246],[136.96096,34.717363],[136.960731,34.717336],[136.960523,34.717254],[136.960455,34.717162],[136.960436,34.716821],[136.959958,34.716814],[136.959805,34.716797],[136.958229,34.716104],[136.958095,34.716278],[136.958048,34.71633],[136.95796,34.716362],[136.957817,34.716381],[136.95697,34.716399],[136.956621,34.716396],[136.956441,34.716405],[136.956227,34.716494],[136.956177,34.716539],[136.956129,34.716665],[136.956155,34.717708],[136.95613,34.717776],[136.956088,34.717811],[136.95558,34.717841],[136.955441,34.717818],[136.955336,34.717723],[136.954912,34.71698],[136.95483,34.716898],[136.954725,34.71685],[136.953914,34.717012],[136.953739,34.71705],[136.953138,34.717055],[136.952753,34.717016],[136.952344,34.716914],[136.951502,34.71665],[136.951223,34.716625],[136.950821,34.716585],[136.950633,34.716517],[136.950461,34.716434],[136.95033,34.716312],[136.950221,34.716191],[136.950092,34.71586],[136.949953,34.715604],[136.949798,34.715371],[136.949454,34.715111],[136.949381,34.715203],[136.949289,34.715275],[136.949184,34.715306],[136.949061,34.715283],[136.948949,34.715233],[136.948861,34.715136],[136.948571,34.714814],[136.948434,34.714757],[136.948106,34.714869],[136.947847,34.714918],[136.947479,34.714857],[136.946017,34.715553],[136.945511,34.715687],[136.945061,34.715754],[136.944474,34.715911],[136.943914,34.716101],[136.943463,34.716326],[136.943291,34.71647],[136.943211,34.716601],[136.943123,34.716838],[136.943078,34.716932],[136.942958,34.717051],[136.942257,34.718059],[136.942024,34.718408],[136.941942,34.718588],[136.942691,34.718973],[136.942594,34.719795],[136.942852,34.720043],[136.943124,34.720405],[136.943274,34.720664],[136.943915,34.720812],[136.944366,34.72061],[136.944611,34.720588],[136.945102,34.72096],[136.945402,34.720871],[136.946029,34.721278],[136.943581,34.723223],[136.94482,34.724307],[136.944997,34.724521],[136.9452,34.724871],[136.945486,34.725322],[136.945649,34.725503],[136.945894,34.725638],[136.946509,34.725673],[136.946469,34.730226],[136.946674,34.730373],[136.946728,34.730542],[136.94673,34.730699],[136.946712,34.730798],[136.946654,34.730875],[136.946554,34.730944],[136.946224,34.7311],[136.946221,34.731161],[136.946585,34.731467],[136.946731,34.731641],[136.946997,34.731849],[136.947084,34.731947],[136.947256,34.732267],[136.947323,34.732526],[136.947445,34.732786],[136.947622,34.733],[136.947785,34.733237],[136.947866,34.73353],[136.947934,34.733699],[136.94803,34.733801],[136.94807,34.733914],[136.948083,34.734094],[136.948425,34.734072],[136.948438,34.73423],[136.948383,34.734421],[136.948341,34.734703],[136.948313,34.735142],[136.948331,34.735309],[136.948348,34.735363],[136.948368,34.73539],[136.94842,34.735424],[136.948621,34.735461],[136.948662,34.735491],[136.948614,34.735797],[136.948409,34.735991],[136.948548,34.736142],[136.948738,34.736349],[136.950621,34.738074],[136.950773,34.738577],[136.950819,34.738552],[136.950935,34.738502],[136.951012,34.738473],[136.951012,34.738463],[136.950969,34.738423],[136.950935,34.738376],[136.950909,34.738339]]]}},{"type":"Feature","id":"234450060","properties":{"KEY_CODE":"234450060","PREF":"23","CITY":"445","S_AREA":"006000","PREF_NAME":"愛知県","CITY_NAME":"南知多町","S_NAME":"大字片名","HCODE":8101,"AREA":2072253.458,"KIGO_E":"","JINKO":1047,"SETAI":444,"X_CODE":136.961452,"Y_CODE":34.712375},"geometry":{"type":"Polygon","coordinates":[[[136.970168,34.719229],[136.970178,34.719226],[136.970205,34.719226],[136.970249,34.719236],[136.970365,34.719246],[136.970456,34.719248],[136.970481,34.719245],[136.970499,34.719238],[136.970504,34.719234],[136.970518,34.719224],[136.970522,34.719221],[136.970526,34.719216],[136.970532,34.719207],[136.970534,34.719195],[136.970533,34.719188],[136.970529,34.719177],[136.970526,34.719172],[136.97051,34.719156],[136.970485,34.719146],[136.970481,34.719144],[136.970477,34.719141],[136.970457,34.71913],[136.970454,34.719127],[136.970447,34.719115],[136.970447,34.719107],[136.970451,34.719102],[136.970458,34.7191],[136.970461,34.7191],[136.970465,34.7191],[136.970472,34.719099],[136.970516,34.719114],[136.970521,34.719115],[136.970524,34.719116],[136.970527,34.719117],[136.970531,34.719117],[136.970535,34.719117],[136.970548,34.719116],[136.970561,34.71911],[136.970566,34.719103],[136.970565,34.719085],[136.970563,34.719081],[136.970571,34.719063],[136.970574,34.719058],[136.970593,34.719039],[136.9706,34.719034],[136.970621,34.719024],[136.970629,34.719022],[136.97064,34.719021],[136.970648,34.719021],[136.97067,34.719025],[136.970676,34.719028],[136.97069,34.719033],[136.970698,34.719034],[136.970706,34.719035],[136.970745,34.719042],[136.970751,34.719042],[136.970758,34.719042],[136.970764,34.719041],[136.970771,34.719039],[136.970782,34.719034],[136.970802,34.71901],[136.970805,34.719005],[136.970824,34.718971],[136.970827,34.718962],[136.970838,34.718928],[136.970854,34.718851],[136.970853,34.718833],[136.970851,34.718825],[136.970844,34.718809],[136.970824,34.718789],[136.97082,34.718787],[136.970815,34.718783],[136.970802,34.718773],[136.970794,34.718768],[136.970754,34.71875],[136.970724,34.718737],[136.970586,34.718663],[136.970426,34.71857],[136.970328,34.718502],[136.970297,34.718479],[136.970296,34.718468],[136.970295,34.718447],[136.970292,34.718432],[136.970288,34.718417],[136.970281,34.718404],[136.970273,34.718392],[136.970264,34.71838],[136.970254,34.718369],[136.970244,34.718358],[136.970233,34.718346],[136.970222,34.718335],[136.970212,34.718324],[136.970201,34.718313],[136.97019,34.718302],[136.970096,34.718315],[136.970091,34.718328],[136.970088,34.718343],[136.970083,34.718356],[136.970076,34.718369],[136.970066,34.718381],[136.970055,34.718391],[136.970043,34.718401],[136.97003,34.71841],[136.970018,34.71842],[136.970005,34.718431],[136.969992,34.718442],[136.969979,34.718453],[136.969964,34.718463],[136.969956,34.718468],[136.969934,34.718476],[136.969921,34.718481],[136.969897,34.718487],[136.969867,34.718494],[136.969834,34.718495],[136.969805,34.71849],[136.969742,34.718475],[136.969709,34.718467],[136.969689,34.718459],[136.969539,34.718403],[136.969526,34.718389],[136.969518,34.718371],[136.969514,34.718353],[136.969494,34.718282],[136.969459,34.718171],[136.969411,34.718065],[136.969349,34.717958],[136.969341,34.717943],[136.969334,34.717928],[136.969326,34.717913],[136.969319,34.717898],[136.969315,34.717885],[136.969312,34.71787],[136.96931,34.717856],[136.969308,34.717843],[136.969308,34.717829],[136.969308,34.717813],[136.96931,34.717799],[136.969313,34.717784],[136.96932,34.717769],[136.969329,34.717756],[136.969338,34.717742],[136.969349,34.717729],[136.96936,34.717717],[136.969371,34.717706],[136.969383,34.717695],[136.969395,34.717684],[136.969407,34.717674],[136.969478,34.717608],[136.969556,34.717534],[136.969612,34.717474],[136.969696,34.717369],[136.969789,34.717288],[136.969856,34.717229],[136.969945,34.71717],[136.969961,34.717161],[136.969976,34.717152],[136.969993,34.717144],[136.970009,34.717135],[136.970025,34.717127],[136.970041,34.717122],[136.970057,34.717117],[136.970074,34.717112],[136.970089,34.717108],[136.970105,34.717103],[136.970193,34.717086],[136.970327,34.71707],[136.970427,34.717062],[136.97045,34.717059],[136.970529,34.717048],[136.970683,34.717026],[136.970697,34.717033],[136.970712,34.71704],[136.970727,34.717047],[136.970742,34.717053],[136.970758,34.717058],[136.970774,34.717063],[136.97079,34.717067],[136.970807,34.717069],[136.970824,34.71707],[136.970844,34.717069],[136.970865,34.717067],[136.970886,34.717064],[136.970893,34.71705],[136.970899,34.717038],[136.970908,34.717025],[136.970918,34.717013],[136.97093,34.717005],[136.97096,34.717003],[136.970977,34.717005],[136.970993,34.71701],[136.971008,34.717015],[136.971024,34.717022],[136.971039,34.717029],[136.971053,34.717037],[136.971067,34.717044],[136.971156,34.717099],[136.971244,34.717157],[136.97126,34.717165],[136.971277,34.717172],[136.971293,34.717179],[136.971309,34.717185],[136.971328,34.717191],[136.971346,34.717196],[136.971365,34.717201],[136.971383,34.717204],[136.971404,34.717206],[136.971424,34.717207],[136.971445,34.717211],[136.971463,34.717218],[136.97148,34.717226],[136.971496,34.717238],[136.97151,34.717251],[136.971525,34.717262],[136.971542,34.717271],[136.971558,34.71728],[136.971575,34.717287],[136.971592,34.717294],[136.971609,34.717301],[136.971626,34.717308],[136.971642,34.717313],[136.971658,34.717319],[136.971675,34.717327],[136.971689,34.717336],[136.9717,34.717346],[136.97171,34.717357],[136.971719,34.717368],[136.97173,34.717379],[136.971741,34.71739],[136.971755,34.717397],[136.971774,34.717398],[136.971791,34.717396],[136.97181,34.717398],[136.971828,34.717402],[136.971847,34.717404],[136.971938,34.717461],[136.972035,34.717523],[136.972047,34.717536],[136.97206,34.71755],[136.972073,34.717563],[136.972087,34.717574],[136.972101,34.717584],[136.972117,34.717593],[136.972137,34.7176],[136.972157,34.717603],[136.972176,34.717605],[136.972197,34.717606],[136.972222,34.717604],[136.972246,34.717603],[136.972263,34.717606],[136.972279,34.71761],[136.972294,34.717615],[136.972313,34.717627],[136.97233,34.71764],[136.972346,34.717646],[136.972363,34.717651],[136.97238,34.717655],[136.972398,34.717659],[136.972418,34.717664],[136.97244,34.717668],[136.972462,34.717669],[136.97248,34.717666],[136.972497,34.717661],[136.972512,34.717653],[136.972528,34.717637],[136.972539,34.717619],[136.972546,34.717604],[136.972553,34.717589],[136.972539,34.717565],[136.972526,34.717544],[136.97255,34.71754],[136.972568,34.717539],[136.972587,34.717539],[136.972607,34.717543],[136.972625,34.717549],[136.972644,34.717554],[136.972661,34.717555],[136.972678,34.717554],[136.972694,34.717553],[136.97271,34.71755],[136.972734,34.717546],[136.972757,34.717539],[136.97277,34.717528],[136.972781,34.717515],[136.972769,34.717504],[136.972756,34.717493],[136.97274,34.717483],[136.972724,34.717473],[136.972705,34.717451],[136.972712,34.71744],[136.972713,34.717423],[136.972718,34.717406],[136.972736,34.717391],[136.97276,34.717401],[136.972776,34.717407],[136.972792,34.717411],[136.972809,34.717415],[136.972826,34.717418],[136.97285,34.71742],[136.972874,34.717421],[136.97289,34.717395],[136.972874,34.717374],[136.972859,34.717361],[136.972843,34.71735],[136.972829,34.717343],[136.972813,34.717337],[136.972797,34.717331],[136.972782,34.717326],[136.972793,34.717284],[136.972798,34.717269],[136.972804,34.717255],[136.972809,34.717239],[136.972814,34.717222],[136.972816,34.717205],[136.972819,34.717188],[136.972835,34.717183],[136.972851,34.717178],[136.972873,34.717181],[136.972895,34.717187],[136.972911,34.717191],[136.972927,34.717194],[136.972944,34.717198],[136.97296,34.7172],[136.972977,34.717201],[136.972994,34.7172],[136.973011,34.7172],[136.973035,34.717167],[136.973025,34.717152],[136.973011,34.717139],[136.972994,34.717131],[136.972974,34.717128],[136.972955,34.717124],[136.972935,34.717121],[136.972914,34.71712],[136.972895,34.717118],[136.972877,34.717099],[136.972867,34.717084],[136.97286,34.717071],[136.972853,34.717055],[136.972846,34.717041],[136.972823,34.716989],[136.972831,34.716971],[136.972858,34.716978],[136.972874,34.716982],[136.97289,34.716988],[136.972906,34.716992],[136.972922,34.716996],[136.972945,34.717001],[136.972969,34.717],[136.972992,34.716988],[136.972982,34.716977],[136.972973,34.716965],[136.972961,34.716953],[136.972949,34.71694],[136.972933,34.716918],[136.972926,34.716903],[136.972921,34.716887],[136.972917,34.716871],[136.972913,34.716854],[136.972892,34.716784],[136.972885,34.716742],[136.972905,34.716732],[136.972925,34.716742],[136.972941,34.716748],[136.972959,34.716754],[136.972976,34.716759],[136.972982,34.716745],[136.972974,34.716732],[136.972966,34.716719],[136.972957,34.716708],[136.972945,34.716695],[136.972931,34.716683],[136.972918,34.716671],[136.972906,34.71666],[136.972894,34.716648],[136.972882,34.716637],[136.972869,34.716626],[136.972855,34.716615],[136.972839,34.716606],[136.972823,34.716597],[136.972806,34.716587],[136.97279,34.716578],[136.972776,34.716572],[136.972763,34.716563],[136.972755,34.716542],[136.972757,34.716523],[136.972764,34.716505],[136.97277,34.716491],[136.972775,34.716478],[136.972782,34.716465],[136.972789,34.716452],[136.972796,34.71644],[136.972802,34.716426],[136.972814,34.716413],[136.972832,34.716403],[136.972856,34.716406],[136.972873,34.716416],[136.97289,34.716428],[136.972903,34.716438],[136.972916,34.716449],[136.972932,34.716455],[136.972955,34.716456],[136.972947,34.71644],[136.972937,34.716424],[136.972928,34.716412],[136.972919,34.716399],[136.97291,34.716386],[136.972901,34.716374],[136.972887,34.716359],[136.972875,34.716341],[136.97287,34.716324],[136.972873,34.716307],[136.972886,34.716284],[136.972904,34.716276],[136.972924,34.716272],[136.97294,34.716268],[136.972957,34.716266],[136.972974,34.716264],[136.972991,34.716262],[136.973015,34.716261],[136.973016,34.716241],[136.972997,34.716231],[136.972979,34.716221],[136.972962,34.71621],[136.972947,34.716198],[136.972932,34.716186],[136.972919,34.716172],[136.972906,34.716158],[136.972896,34.716145],[136.972886,34.716131],[136.972874,34.716118],[136.972857,34.71611],[136.972839,34.716104],[136.972821,34.716099],[136.972785,34.716111],[136.972743,34.716126],[136.972732,34.716119],[136.97272,34.716109],[136.972708,34.716099],[136.972697,34.716089],[136.972684,34.716079],[136.972671,34.716069],[136.972659,34.716059],[136.972646,34.716048],[136.972635,34.716037],[136.972623,34.716023],[136.972613,34.716008],[136.972603,34.715994],[136.972592,34.715979],[136.972581,34.715963],[136.972575,34.71595],[136.97257,34.715936],[136.972567,34.715923],[136.972565,34.715908],[136.972562,34.715895],[136.972561,34.71588],[136.97256,34.715867],[136.972559,34.715851],[136.972558,34.715834],[136.972558,34.715818],[136.972562,34.715802],[136.972569,34.715785],[136.972579,34.715768],[136.972592,34.715755],[136.972605,34.715741],[136.972613,34.715725],[136.972619,34.715708],[136.972621,34.715691],[136.97262,34.715674],[136.972614,34.715657],[136.972603,34.715644],[136.972592,34.715632],[136.972585,34.715619],[136.9726,34.715596],[136.972614,34.715596],[136.972632,34.715604],[136.972646,34.715614],[136.972662,34.715625],[136.972678,34.715636],[136.972693,34.715646],[136.972707,34.715655],[136.972721,34.715664],[136.972737,34.715672],[136.972754,34.715678],[136.972785,34.71568],[136.97279,34.715665],[136.972794,34.715651],[136.972794,34.715636],[136.972791,34.715622],[136.972788,34.715607],[136.972784,34.715591],[136.972778,34.715574],[136.972773,34.715558],[136.972768,34.715542],[136.972765,34.715526],[136.972763,34.715511],[136.97276,34.715495],[136.972758,34.715479],[136.972756,34.715464],[136.972722,34.715371],[136.972729,34.715354],[136.972749,34.715349],[136.97277,34.715348],[136.97279,34.71535],[136.972811,34.715351],[136.972832,34.715353],[136.972854,34.715353],[136.97287,34.715351],[136.972887,34.715347],[136.972902,34.715343],[136.972919,34.715339],[136.972937,34.715335],[136.972956,34.715334],[136.972975,34.715342],[136.972993,34.715353],[136.97301,34.715363],[136.97303,34.715372],[136.973047,34.715374],[136.973064,34.715374],[136.97308,34.715369],[136.973094,34.715356],[136.973104,34.715339],[136.973114,34.715324],[136.973125,34.715308],[136.973137,34.715293],[136.973148,34.715283],[136.973162,34.715274],[136.973183,34.715269],[136.9732,34.715269],[136.973218,34.715271],[136.973234,34.715278],[136.973253,34.715281],[136.973267,34.715273],[136.973266,34.715248],[136.97326,34.715235],[136.973253,34.715222],[136.973245,34.71521],[136.973187,34.715201],[136.97317,34.7152],[136.973152,34.715198],[136.973136,34.715194],[136.973112,34.715182],[136.973098,34.71517],[136.973083,34.715158],[136.973067,34.715149],[136.97305,34.715142],[136.973031,34.715138],[136.973004,34.715141],[136.972981,34.715156],[136.972953,34.715157],[136.972935,34.715152],[136.972919,34.715145],[136.972903,34.715138],[136.972886,34.715131],[136.97287,34.715123],[136.972855,34.715114],[136.972838,34.715106],[136.972758,34.715064],[136.972743,34.715056],[136.972729,34.715047],[136.972715,34.715039],[136.972701,34.715031],[136.972687,34.715022],[136.972674,34.715013],[136.972659,34.715002],[136.972645,34.714991],[136.972632,34.714979],[136.972618,34.714967],[136.972605,34.714955],[136.97251,34.714864],[136.972434,34.714798],[136.972407,34.714795],[136.972394,34.714805],[136.972382,34.714816],[136.972369,34.714827],[136.972361,34.714839],[136.972354,34.714851],[136.972348,34.714864],[136.972339,34.714876],[136.972323,34.714889],[136.972307,34.7149],[136.972288,34.714911],[136.972263,34.714923],[136.972245,34.714929],[136.972224,34.714928],[136.972207,34.714915],[136.972194,34.714905],[136.97218,34.714896],[136.972166,34.714888],[136.972147,34.714881],[136.972127,34.714875],[136.972119,34.714861],[136.972079,34.714784],[136.972021,34.71465],[136.972014,34.714635],[136.972006,34.714622],[136.972,34.714607],[136.971993,34.714593],[136.971988,34.714578],[136.971983,34.714563],[136.971979,34.714548],[136.971975,34.714533],[136.971972,34.714518],[136.971967,34.714503],[136.971944,34.714379],[136.971919,34.714234],[136.971913,34.714082],[136.971918,34.713963],[136.971922,34.713898],[136.971931,34.713877],[136.971933,34.713873],[136.971935,34.71387],[136.971947,34.713852],[136.971967,34.713837],[136.97197,34.713835],[136.971973,34.713834],[136.97198,34.713831],[136.971983,34.71383],[136.971988,34.713829],[136.972008,34.71383],[136.97203,34.713837],[136.972034,34.713839],[136.972096,34.713873],[136.972102,34.713876],[136.972109,34.71388],[136.972116,34.713883],[136.972124,34.713885],[136.972133,34.713886],[136.972149,34.713885],[136.972171,34.713878],[136.972187,34.713868],[136.972193,34.713864],[136.972197,34.713859],[136.972208,34.713843],[136.972212,34.713836],[136.972236,34.713816],[136.97224,34.713813],[136.972243,34.713811],[136.972256,34.713804],[136.972268,34.713804],[136.972277,34.713807],[136.97228,34.713809],[136.972283,34.713811],[136.972359,34.713843],[136.972363,34.713846],[136.972367,34.713849],[136.97238,34.713855],[136.972395,34.713854],[136.972407,34.713846],[136.97241,34.713838],[136.972411,34.713819],[136.972402,34.713799],[136.972401,34.713796],[136.972395,34.71376],[136.972394,34.713757],[136.972393,34.713754],[136.972391,34.713739],[136.972404,34.713727],[136.972414,34.713724],[136.972419,34.713723],[136.97247,34.713733],[136.972484,34.713729],[136.972498,34.713717],[136.972499,34.713708],[136.972491,34.713697],[136.97249,34.713694],[136.972488,34.713689],[136.972467,34.713656],[136.972436,34.713623],[136.972428,34.713616],[136.972415,34.713607],[136.972408,34.713604],[136.972402,34.7136],[136.972389,34.713595],[136.972382,34.713592],[136.972376,34.713589],[136.972369,34.713587],[136.972361,34.713586],[136.972355,34.713584],[136.972332,34.713578],[136.972324,34.713577],[136.972257,34.713574],[136.972199,34.713572],[136.972169,34.713567],[136.972161,34.713564],[136.97214,34.713557],[136.972133,34.713555],[136.972127,34.713553],[136.972116,34.713545],[136.972108,34.71354],[136.972102,34.713528],[136.972102,34.713524],[136.972101,34.713521],[136.972106,34.713484],[136.972108,34.713478],[136.97211,34.713473],[136.972115,34.713461],[136.972117,34.713456],[136.972133,34.713436],[136.972138,34.71343],[136.972158,34.713413],[136.972164,34.713408],[136.972171,34.713402],[136.972227,34.713342],[136.972233,34.713335],[136.972279,34.713276],[136.97229,34.713251],[136.972292,34.713231],[136.972289,34.713185],[136.972286,34.713174],[136.972276,34.713135],[136.972261,34.713095],[136.972228,34.713051],[136.972207,34.713034],[136.972198,34.71303],[136.972187,34.713027],[136.972183,34.713026],[136.972178,34.713026],[136.972174,34.713026],[136.972162,34.713028],[136.972158,34.713029],[136.972122,34.713027],[136.972111,34.713023],[136.972101,34.713009],[136.9721,34.713006],[136.972099,34.713004],[136.97208,34.712974],[136.972077,34.71297],[136.972075,34.712967],[136.972054,34.712947],[136.97204,34.71294],[136.972028,34.71294],[136.97201,34.712946],[136.972005,34.712949],[136.971989,34.712949],[136.971985,34.712949],[136.971982,34.712949],[136.971973,34.712947],[136.971968,34.712941],[136.971967,34.712938],[136.971966,34.712935],[136.971956,34.712917],[136.971953,34.712912],[136.971936,34.712881],[136.971933,34.712873],[136.971916,34.712819],[136.971911,34.712811],[136.971897,34.71279],[136.971895,34.712787],[136.971893,34.712784],[136.971886,34.712779],[136.97188,34.712776],[136.971875,34.712775],[136.971871,34.712774],[136.971868,34.712773],[136.971855,34.712773],[136.97185,34.712774],[136.971846,34.712775],[136.971837,34.712779],[136.971834,34.712781],[136.971831,34.712784],[136.971816,34.712803],[136.97181,34.712807],[136.971807,34.712808],[136.971803,34.71281],[136.971797,34.712812],[136.971793,34.712813],[136.971786,34.712813],[136.971781,34.712811],[136.971776,34.712807],[136.971769,34.712786],[136.971767,34.712781],[136.971755,34.712747],[136.971729,34.712705],[136.971709,34.712687],[136.971705,34.712683],[136.971695,34.712677],[136.971691,34.712674],[136.971686,34.712671],[136.971662,34.712663],[136.971651,34.712662],[136.971646,34.712662],[136.971635,34.712664],[136.97163,34.712666],[136.971625,34.712668],[136.971614,34.712677],[136.971609,34.712684],[136.971599,34.712702],[136.971598,34.712709],[136.971598,34.712713],[136.971598,34.712719],[136.971598,34.712724],[136.971599,34.712732],[136.971611,34.712757],[136.971636,34.712777],[136.971641,34.712781],[136.971645,34.712785],[136.971669,34.712811],[136.971673,34.712816],[136.971678,34.712822],[136.971681,34.712828],[136.971684,34.712833],[136.971686,34.71284],[136.971689,34.712847],[136.97169,34.712859],[136.97169,34.712861],[136.97169,34.712864],[136.971686,34.712881],[136.971674,34.712897],[136.97167,34.712901],[136.971661,34.712918],[136.971658,34.712924],[136.971651,34.712952],[136.971641,34.712979],[136.971638,34.712989],[136.971629,34.713001],[136.971624,34.713],[136.971616,34.712994],[136.971614,34.712991],[136.971612,34.712988],[136.971538,34.712931],[136.971529,34.712924],[136.971495,34.712904],[136.971452,34.71289],[136.971429,34.712885],[136.971395,34.712885],[136.971371,34.712892],[136.971363,34.712895],[136.971337,34.71291],[136.971328,34.712921],[136.971325,34.712926],[136.971323,34.712932],[136.971322,34.712938],[136.971321,34.712944],[136.971323,34.712949],[136.971329,34.712964],[136.971332,34.712969],[136.971335,34.712974],[136.971339,34.712984],[136.971343,34.712997],[136.971377,34.713127],[136.971403,34.713277],[136.971379,34.713263],[136.971374,34.713259],[136.97137,34.713256],[136.971349,34.71323],[136.971345,34.713226],[136.971342,34.713222],[136.971267,34.713154],[136.971263,34.713149],[136.971258,34.713145],[136.971247,34.713137],[136.97124,34.713133],[136.971234,34.71313],[136.971215,34.713125],[136.97121,34.713124],[136.971203,34.713123],[136.971179,34.713122],[136.971173,34.713122],[136.971167,34.713122],[136.971142,34.713126],[136.971138,34.713127],[136.971132,34.713128],[136.971119,34.713128],[136.97109,34.713124],[136.971085,34.713123],[136.971081,34.713122],[136.971077,34.71312],[136.97107,34.713117],[136.971065,34.713115],[136.971035,34.713097],[136.97103,34.713092],[136.970974,34.713065],[136.970965,34.713061],[136.970929,34.713039],[136.970925,34.713036],[136.970921,34.713033],[136.970915,34.713031],[136.97091,34.71303],[136.970904,34.713029],[136.970885,34.713028],[136.97088,34.713028],[136.97087,34.713025],[136.970866,34.713023],[136.970861,34.71302],[136.970857,34.713016],[136.970854,34.713011],[136.970848,34.712997],[136.970845,34.712993],[136.970839,34.712984],[136.970834,34.712981],[136.97082,34.712974],[136.970814,34.712972],[136.970804,34.712968],[136.970792,34.712967],[136.970784,34.712967],[136.970769,34.712971],[136.970761,34.712974],[136.970752,34.712979],[136.970743,34.712992],[136.970738,34.712998],[136.970732,34.713014],[136.970728,34.713022],[136.970725,34.713045],[136.970725,34.713053],[136.970729,34.713126],[136.970722,34.713123],[136.970718,34.713122],[136.970685,34.713107],[136.970678,34.713102],[136.970648,34.713078],[136.970642,34.713073],[136.970638,34.71307],[136.970618,34.713047],[136.970614,34.713044],[136.9706,34.713035],[136.970566,34.713033],[136.970556,34.71303],[136.970552,34.713028],[136.970547,34.713026],[136.970481,34.712991],[136.970469,34.712984],[136.970408,34.71295],[136.970337,34.712924],[136.970289,34.712913],[136.970276,34.712912],[136.970236,34.712907],[136.970224,34.712909],[136.970218,34.71291],[136.970209,34.712915],[136.970199,34.712927],[136.970196,34.712936],[136.970196,34.712939],[136.970196,34.712942],[136.970199,34.71295],[136.970209,34.712963],[136.970212,34.712965],[136.970214,34.712968],[136.970231,34.712979],[136.970234,34.712981],[136.970262,34.713008],[136.970248,34.71301],[136.970245,34.71301],[136.970215,34.71301],[136.97019,34.713006],[136.970186,34.713005],[136.970182,34.713004],[136.970151,34.712993],[136.970169,34.71299],[136.970147,34.712947],[136.969526,34.713148],[136.969085,34.713145],[136.968632,34.713347],[136.968534,34.71334],[136.968536,34.713323],[136.968528,34.713323],[136.968519,34.713322],[136.968518,34.713339],[136.96849,34.713336],[136.968505,34.713256],[136.968527,34.713257],[136.968526,34.713274],[136.968534,34.713274],[136.968542,34.713275],[136.968543,34.71326],[136.968623,34.713269],[136.968679,34.713257],[136.968755,34.713223],[136.969078,34.713043],[136.969557,34.713044],[136.970096,34.71285],[136.971028,34.712522],[136.970604,34.711698],[136.970643,34.71162],[136.970855,34.71119],[136.970809,34.711173],[136.970784,34.711219],[136.970799,34.711226],[136.970603,34.71162],[136.970566,34.711696],[136.970697,34.711963],[136.970664,34.711974],[136.970761,34.71216],[136.97037,34.712301],[136.970266,34.712113],[136.969277,34.712481],[136.96923,34.712379],[136.96917,34.712075],[136.968934,34.71162],[136.968824,34.711408],[136.968776,34.711424],[136.968876,34.71162],[136.969114,34.712082],[136.96913,34.71208],[136.969187,34.712383],[136.969224,34.712465],[136.968635,34.712664],[136.968352,34.71242],[136.968239,34.712316],[136.968176,34.71225],[136.968135,34.712189],[136.96809,34.712101],[136.968047,34.712019],[136.967996,34.712034],[136.967925,34.711888],[136.968178,34.711821],[136.968108,34.711648],[136.968202,34.71162],[136.968238,34.711609],[136.96822,34.711563],[136.968155,34.711578],[136.968112,34.711446],[136.967895,34.711452],[136.967896,34.711464],[136.967862,34.711465],[136.967858,34.711451],[136.967782,34.711451],[136.967766,34.711022],[136.967755,34.710738],[136.967736,34.710736],[136.967735,34.7107],[136.967754,34.710698],[136.967726,34.709829],[136.96771,34.709828],[136.967714,34.709791],[136.96773,34.709792],[136.967773,34.709576],[136.968419,34.709665],[136.968635,34.71013],[136.969818,34.710289],[136.970197,34.710965],[136.970252,34.710942],[136.969874,34.710278],[136.970387,34.709453],[136.970468,34.709323],[136.970651,34.709026],[136.971112,34.708885],[136.971514,34.708259],[136.971691,34.707982],[136.971726,34.707998],[136.971723,34.708002],[136.971768,34.708023],[136.971783,34.708],[136.971738,34.70798],[136.971734,34.707986],[136.971699,34.707972],[136.971747,34.707896],[136.9722,34.70719],[136.972308,34.707237],[136.972315,34.707226],[136.972206,34.70718],[136.972483,34.706748],[136.972721,34.706377],[136.972822,34.706219],[136.972877,34.706243],[136.972875,34.706259],[136.972912,34.706277],[136.972928,34.706251],[136.972887,34.706234],[136.972891,34.706227],[136.972833,34.706202],[136.972846,34.706181],[136.973257,34.706362],[136.973284,34.706324],[136.97287,34.70614],[136.972961,34.706],[136.97306,34.705849],[136.972934,34.705466],[136.972945,34.705444],[136.972573,34.705259],[136.972476,34.705205],[136.972613,34.705111],[136.972795,34.704973],[136.972716,34.704904],[136.972642,34.704853],[136.971947,34.705357],[136.971631,34.705097],[136.970922,34.705648],[136.97072,34.705488],[136.970592,34.705583],[136.970532,34.705628],[136.970486,34.705674],[136.970437,34.705743],[136.970403,34.705805],[136.970298,34.705952],[136.970123,34.706183],[136.969919,34.70632],[136.969952,34.706349],[136.969641,34.706528],[136.969177,34.706473],[136.969044,34.706537],[136.96892,34.706567],[136.968832,34.706574],[136.968678,34.706549],[136.968601,34.706523],[136.968501,34.706452],[136.968291,34.706311],[136.968057,34.706097],[136.967781,34.705948],[136.967539,34.705906],[136.967243,34.705873],[136.966903,34.70586],[136.966607,34.705864],[136.966333,34.705858],[136.96595,34.705881],[136.965623,34.705948],[136.965395,34.70605],[136.965243,34.706179],[136.964823,34.706554],[136.964567,34.706775],[136.964347,34.707209],[136.9642,34.707404],[136.964082,34.707469],[136.963909,34.707507],[136.963758,34.707553],[136.963727,34.707618],[136.963711,34.707947],[136.963687,34.708072],[136.963626,34.708171],[136.963492,34.708274],[136.963337,34.708026],[136.963135,34.707877],[136.96299,34.708073],[136.962627,34.708539],[136.962575,34.708569],[136.962375,34.708628],[136.9621,34.709089],[136.961854,34.708982],[136.961527,34.709517],[136.960462,34.709221],[136.959777,34.709091],[136.959831,34.708991],[136.959838,34.708946],[136.959833,34.708622],[136.959823,34.708395],[136.959833,34.707839],[136.958721,34.707862],[136.958709,34.707355],[136.958689,34.70712],[136.959124,34.707016],[136.958767,34.706786],[136.958579,34.706246],[136.958547,34.705987],[136.958362,34.70602],[136.958137,34.705399],[136.957985,34.704816],[136.958047,34.704717],[136.957704,34.704468],[136.957695,34.704485],[136.957655,34.704515],[136.957574,34.704548],[136.957453,34.704623],[136.957285,34.704732],[136.957185,34.704869],[136.957085,34.704998],[136.956964,34.705136],[136.956848,34.705258],[136.95673,34.705395],[136.956547,34.705587],[136.956545,34.70559],[136.956545,34.705593],[136.95654,34.706033],[136.956599,34.706355],[136.95661,34.706394],[136.956627,34.706443],[136.956674,34.706631],[136.95671,34.70682],[136.956724,34.707019],[136.956727,34.70719],[136.956708,34.707344],[136.956655,34.707436],[136.956498,34.707592],[136.956267,34.707791],[136.956119,34.707899],[136.956024,34.707959],[136.955955,34.707982],[136.955674,34.70811],[136.955524,34.708183],[136.955402,34.708262],[136.955333,34.708305],[136.955247,34.708386],[136.955126,34.708533],[136.955012,34.708668],[136.954955,34.708766],[136.954906,34.70886],[136.954787,34.709045],[136.954691,34.709232],[136.954641,34.70939],[136.954622,34.709591],[136.954608,34.709743],[136.954579,34.709839],[136.954527,34.709928],[136.954446,34.709984],[136.954215,34.710076],[136.954078,34.710126],[136.953966,34.71015],[136.953808,34.710183],[136.953586,34.710255],[136.953442,34.710285],[136.953257,34.71032],[136.953138,34.710338],[136.952994,34.710336],[136.952776,34.710338],[136.952462,34.710359],[136.952297,34.710375],[136.952119,34.71043],[136.951952,34.710513],[136.95188,34.710565],[136.951741,34.710661],[136.951566,34.710746],[136.951415,34.710796],[136.951276,34.710824],[136.951158,34.710824],[136.951087,34.710808],[136.950788,34.710714],[136.950309,34.711043],[136.950285,34.71107],[136.950265,34.711177],[136.95013,34.711455],[136.950006,34.711556],[136.949926,34.71168],[136.949768,34.711915],[136.949678,34.712015],[136.949566,34.712109],[136.949471,34.712171],[136.949349,34.712244],[136.949194,34.712326],[136.949065,34.712403],[136.948944,34.712467],[136.948863,34.712512],[136.948763,34.712564],[136.948667,34.712619],[136.948591,34.712665],[136.948539,34.712686],[136.948299,34.712754],[136.948087,34.71283],[136.94795,34.712892],[136.947811,34.712979],[136.947726,34.713106],[136.947684,34.71325],[136.947665,34.713448],[136.947646,34.713599],[136.947617,34.713676],[136.94752,34.713979],[136.947469,34.714204],[136.947473,34.714554],[136.947479,34.714857],[136.947847,34.714918],[136.948106,34.714869],[136.948434,34.714757],[136.948571,34.714814],[136.948861,34.715136],[136.948949,34.715233],[136.949061,34.715283],[136.949184,34.715306],[136.949289,34.715275],[136.949381,34.715203],[136.949454,34.715111],[136.949798,34.715371],[136.949953,34.715604],[136.950092,34.71586],[136.950221,34.716191],[136.95033,34.716312],[136.950461,34.716434],[136.950633,34.716517],[136.950821,34.716585],[136.951223,34.716625],[136.951502,34.71665],[136.952344,34.716914],[136.952753,34.717016],[136.953138,34.717055],[136.953739,34.71705],[136.953914,34.717012],[136.954725,34.71685],[136.95483,34.716898],[136.954912,34.71698],[136.955336,34.717723],[136.955441,34.717818],[136.95558,34.717841],[136.956088,34.717811],[136.95613,34.717776],[136.956155,34.717708],[136.956129,34.716665],[136.956177,34.716539],[136.956227,34.716494],[136.956441,34.716405],[136.956621,34.716396],[136.95697,34.716399],[136.957817,34.716381],[136.95796,34.716362],[136.958048,34.71633],[136.958095,34.716278],[136.958229,34.716104],[136.959805,34.716797],[136.959958,34.716814],[136.960436,34.716821],[136.960455,34.717162],[136.960523,34.717254],[136.960731,34.717336],[136.96096,34.717363],[136.962316,34.717246],[136.962815,34.717281],[136.962817,34.717281],[136.963099,34.717257],[136.963179,34.71722],[136.963241,34.717164],[136.963371,34.717273],[136.963532,34.717328],[136.963682,34.717337],[136.963833,34.717302],[136.963965,34.71724],[136.964071,34.716915],[136.964674,34.717036],[136.96474,34.717093],[136.965046,34.717244],[136.965149,34.7173],[136.965306,34.717424],[136.965467,34.717602],[136.965609,34.71773],[136.965685,34.717758],[136.965908,34.717832],[136.966093,34.717934],[136.966205,34.718003],[136.966282,34.718049],[136.966333,34.718072],[136.966401,34.718074],[136.966451,34.718064],[136.966475,34.718046],[136.96675,34.717613],[136.966877,34.717492],[136.967008,34.717392],[136.967212,34.71723],[136.967329,34.717148],[136.967441,34.717083],[136.96755,34.717023],[136.96792,34.717289],[136.968378,34.717591],[136.968708,34.717824],[136.968854,34.717932],[136.968971,34.718012],[136.969241,34.71827],[136.969432,34.718506],[136.969568,34.718714],[136.969662,34.718796],[136.969729,34.718864],[136.969735,34.71887],[136.969779,34.718909],[136.969785,34.718915],[136.969791,34.718921],[136.969818,34.718953],[136.969821,34.718959],[136.969833,34.718982],[136.96984,34.719013],[136.96984,34.719017],[136.96984,34.71902],[136.969839,34.719042],[136.96984,34.719046],[136.969841,34.719049],[136.969845,34.719058],[136.969883,34.719085],[136.969885,34.719086],[136.969909,34.7191],[136.969931,34.719114],[136.969933,34.719117],[136.969936,34.71912],[136.969941,34.719129],[136.969944,34.719135],[136.969948,34.719156],[136.969946,34.719167],[136.969945,34.719175],[136.969934,34.719194],[136.969911,34.719221],[136.969908,34.719229],[136.969895,34.719257],[136.969894,34.719264],[136.969894,34.719268],[136.969894,34.719274],[136.969895,34.719282],[136.969898,34.719288],[136.969908,34.719302],[136.96993,34.719322],[136.969936,34.719326],[136.969961,34.719339],[136.969997,34.719349],[136.970007,34.719351],[136.970026,34.719353],[136.970043,34.719354],[136.970048,34.719353],[136.970052,34.719352],[136.970064,34.719349],[136.970072,34.719343],[136.970081,34.719334],[136.970086,34.719329],[136.97009,34.719324],[136.970113,34.719291],[136.970116,34.719286],[136.970119,34.71928],[136.970125,34.719269],[136.970129,34.719263],[136.970133,34.719258],[136.970158,34.719235],[136.970168,34.719229]]]}},{"type":"Feature","id":"234450070","properties":{"KEY_CODE":"234450070","PREF":"23","CITY":"445","S_AREA":"007000","PREF_NAME":"愛知県","CITY_NAME":"南知多町","S_NAME":"大字師崎","HCODE":8101,"AREA":1242839.963,"KIGO_E":"","JINKO":1305,"SETAI":535,"X_CODE":136.96703,"Y_CODE":34.703111},"geometry":{"type":"Polygon","coordinates":[[[136.961527,34.709517],[136.961854,34.708982],[136.9621,34.709089],[136.962375,34.708628],[136.962575,34.708569],[136.962627,34.708539],[136.96299,34.708073],[136.963135,34.707877],[136.963337,34.708026],[136.963492,34.708274],[136.963626,34.708171],[136.963687,34.708072],[136.963711,34.707947],[136.963727,34.707618],[136.963758,34.707553],[136.963909,34.707507],[136.964082,34.707469],[136.9642,34.707404],[136.964347,34.707209],[136.964567,34.706775],[136.964823,34.706554],[136.965243,34.706179],[136.965395,34.70605],[136.965623,34.705948],[136.96595,34.705881],[136.966333,34.705858],[136.966607,34.705864],[136.966903,34.70586],[136.967243,34.705873],[136.967539,34.705906],[136.967781,34.705948],[136.968057,34.706097],[136.968291,34.706311],[136.968501,34.706452],[136.968601,34.706523],[136.968678,34.706549],[136.968832,34.706574],[136.96892,34.706567],[136.969044,34.706537],[136.969177,34.706473],[136.969641,34.706528],[136.969952,34.706349],[136.969919,34.70632],[136.970123,34.706183],[136.970298,34.705952],[136.970403,34.705805],[136.970437,34.705743],[136.970486,34.705674],[136.970532,34.705628],[136.970592,34.705583],[136.97072,34.705488],[136.970922,34.705648],[136.971631,34.705097],[136.971947,34.705357],[136.972642,34.704853],[136.972716,34.704904],[136.972795,34.704973],[136.972613,34.705111],[136.972476,34.705205],[136.972573,34.705259],[136.972815,34.705082],[136.972994,34.70495],[136.97328,34.704713],[136.973513,34.704861],[136.973581,34.704887],[136.9736,34.704894],[136.973624,34.704914],[136.973647,34.704937],[136.973657,34.704951],[136.973837,34.705102],[136.973762,34.705158],[136.973443,34.705673],[136.973471,34.705685],[136.973577,34.705516],[136.974146,34.705986],[136.974303,34.705853],[136.973914,34.705526],[136.974125,34.70509],[136.975051,34.705271],[136.974802,34.706417],[136.974862,34.706426],[136.974974,34.705938],[136.975393,34.706],[136.976264,34.706129],[136.976869,34.704956],[136.977365,34.703969],[136.977453,34.703648],[136.977377,34.703637],[136.977772,34.701791],[136.977498,34.70175],[136.977488,34.701794],[136.977692,34.701827],[136.977304,34.703631],[136.976051,34.703434],[136.976404,34.701802],[136.976715,34.701846],[136.976723,34.701811],[136.975825,34.701688],[136.975773,34.701366],[136.975714,34.701372],[136.975764,34.701685],[136.975599,34.701696],[136.975596,34.701649],[136.975584,34.70165],[136.975587,34.701697],[136.975435,34.701706],[136.975491,34.702263],[136.975402,34.702426],[136.97518,34.702829],[136.974997,34.702934],[136.975008,34.702806],[136.974247,34.702808],[136.974225,34.702865],[136.974227,34.702914],[136.974198,34.702871],[136.974202,34.702858],[136.973725,34.702366],[136.973812,34.702239],[136.973779,34.702225],[136.973677,34.70238],[136.97348,34.702463],[136.973279,34.702139],[136.973385,34.702111],[136.973631,34.702043],[136.973632,34.702112],[136.973671,34.702113],[136.973673,34.701802],[136.974027,34.701684],[136.974073,34.701514],[136.974074,34.701493],[136.97407,34.701455],[136.974066,34.701418],[136.974165,34.701143],[136.974054,34.701106],[136.974072,34.701036],[136.973995,34.701011],[136.973976,34.700862],[136.974005,34.700859],[136.973942,34.700444],[136.973878,34.700039],[136.973831,34.699693],[136.973805,34.699455],[136.9733,34.699433],[136.97267,34.698793],[136.972635,34.698823],[136.973269,34.699462],[136.972663,34.700227],[136.971945,34.699925],[136.971973,34.699911],[136.971955,34.699891],[136.971893,34.699903],[136.971798,34.699911],[136.971781,34.699912],[136.97172,34.699994],[136.971668,34.699969],[136.971736,34.699876],[136.971718,34.699864],[136.97173,34.699859],[136.97181,34.699822],[136.97138,34.6993],[136.971283,34.69896],[136.971294,34.698739],[136.971158,34.698737],[136.97114,34.698979],[136.971155,34.698977],[136.971259,34.69936],[136.970942,34.699439],[136.970901,34.699341],[136.970717,34.699386],[136.970564,34.699031],[136.970476,34.698829],[136.970691,34.698772],[136.970707,34.698894],[136.970734,34.698893],[136.970714,34.698618],[136.970695,34.698252],[136.970696,34.697995],[136.971944,34.698091],[136.971978,34.697836],[136.972504,34.697865],[136.972546,34.697475],[136.973584,34.696857],[136.973451,34.696485],[136.973681,34.696472],[136.974832,34.697796],[136.97488,34.697764],[136.973923,34.696681],[136.973938,34.696673],[136.973945,34.696661],[136.973944,34.696647],[136.973943,34.696634],[136.973942,34.696619],[136.97394,34.696602],[136.973941,34.696585],[136.973941,34.696568],[136.973941,34.696553],[136.973943,34.696538],[136.973949,34.696526],[136.973957,34.696514],[136.973967,34.696502],[136.973977,34.696491],[136.973987,34.69648],[136.973999,34.696469],[136.974013,34.696457],[136.97403,34.696448],[136.974048,34.696446],[136.974066,34.696447],[136.974084,34.696449],[136.974094,34.696498],[136.974134,34.696513],[136.974151,34.696505],[136.974169,34.696498],[136.974185,34.69649],[136.974199,34.696481],[136.974213,34.696471],[136.974226,34.696461],[136.974238,34.69645],[136.97425,34.69644],[136.974261,34.696428],[136.974274,34.696414],[136.974285,34.696398],[136.974288,34.696383],[136.974289,34.696368],[136.974295,34.696352],[136.974313,34.696335],[136.974332,34.69633],[136.97435,34.696324],[136.974368,34.696319],[136.974386,34.696312],[136.974402,34.696305],[136.974416,34.696297],[136.974429,34.696288],[136.974443,34.69628],[136.974459,34.696273],[136.974474,34.696267],[136.97449,34.696261],[136.974506,34.696256],[136.974521,34.696249],[136.974538,34.69624],[136.974556,34.69623],[136.974571,34.696217],[136.974582,34.696206],[136.974592,34.696192],[136.974599,34.696178],[136.974603,34.696163],[136.974604,34.696149],[136.974602,34.696135],[136.974589,34.696113],[136.974569,34.696103],[136.974546,34.696098],[136.974522,34.696094],[136.974498,34.696093],[136.97448,34.696097],[136.974462,34.696105],[136.974443,34.696107],[136.97442,34.6961],[136.9744,34.696089],[136.974386,34.696078],[136.974373,34.696067],[136.97436,34.696056],[136.974346,34.696046],[136.974329,34.696037],[136.974313,34.696031],[136.974297,34.696027],[136.974279,34.696024],[136.974261,34.696021],[136.974243,34.69602],[136.974225,34.696019],[136.974205,34.696018],[136.974185,34.696018],[136.974166,34.696017],[136.974155,34.696003],[136.974195,34.695992],[136.974212,34.695989],[136.974229,34.695984],[136.974245,34.695981],[136.974263,34.695978],[136.974282,34.695976],[136.974301,34.695975],[136.974321,34.695975],[136.974336,34.695959],[136.974345,34.695943],[136.974347,34.695937],[136.974351,34.695925],[136.974352,34.695921],[136.974354,34.695917],[136.974356,34.695897],[136.974355,34.695893],[136.974355,34.695887],[136.974346,34.695876],[136.974341,34.695872],[136.974329,34.695865],[136.974324,34.695865],[136.974314,34.695864],[136.974288,34.695867],[136.974297,34.695836],[136.974319,34.695792],[136.974321,34.695789],[136.97433,34.695777],[136.974329,34.695767],[136.974321,34.695759],[136.974318,34.695757],[136.974315,34.695756],[136.974307,34.695754],[136.9743,34.695755],[136.974282,34.695761],[136.974272,34.695764],[136.974258,34.695776],[136.974252,34.695781],[136.974248,34.695787],[136.974234,34.695801],[136.974227,34.695806],[136.974222,34.695809],[136.974142,34.695852],[136.974135,34.695856],[136.974107,34.695879],[136.974104,34.695882],[136.974081,34.695914],[136.974081,34.69589],[136.97408,34.695887],[136.974079,34.695883],[136.974071,34.695866],[136.974058,34.69585],[136.974055,34.695847],[136.974051,34.695844],[136.974037,34.695833],[136.974033,34.695832],[136.974029,34.69583],[136.974015,34.695825],[136.973986,34.695824],[136.973982,34.695825],[136.973976,34.695826],[136.973962,34.695831],[136.973958,34.695832],[136.97394,34.695841],[136.973934,34.695826],[136.973935,34.69581],[136.973934,34.695807],[136.973928,34.6958],[136.973916,34.695795],[136.973903,34.695797],[136.973896,34.6958],[136.973888,34.695805],[136.973883,34.695812],[136.973871,34.695833],[136.973868,34.695838],[136.973863,34.695844],[136.973818,34.695911],[136.973808,34.695925],[136.9738,34.695936],[136.973787,34.695949],[136.973773,34.695963],[136.973753,34.695975],[136.973733,34.695973],[136.973729,34.69596],[136.973727,34.695936],[136.973725,34.69593],[136.973714,34.695927],[136.973704,34.695925],[136.973692,34.695922],[136.97368,34.695923],[136.973668,34.695928],[136.973658,34.695936],[136.973619,34.695972],[136.973574,34.696017],[136.973528,34.696062],[136.973511,34.696144],[136.973506,34.696241],[136.973518,34.696367],[136.973522,34.696418],[136.97351,34.696433],[136.973492,34.696436],[136.973482,34.696433],[136.973475,34.696386],[136.973473,34.69629],[136.973467,34.696227],[136.973461,34.696185],[136.973456,34.696171],[136.973449,34.696156],[136.973438,34.696142],[136.973422,34.69613],[136.973406,34.696126],[136.973388,34.696126],[136.973372,34.696128],[136.973353,34.69613],[136.973335,34.696133],[136.973316,34.696136],[136.973298,34.696141],[136.97328,34.696146],[136.973263,34.696152],[136.973245,34.696158],[136.973227,34.696163],[136.973209,34.696167],[136.973192,34.696169],[136.973174,34.696171],[136.973155,34.696172],[136.973136,34.696173],[136.973116,34.696171],[136.973096,34.696166],[136.973077,34.69616],[136.973057,34.696153],[136.973041,34.696146],[136.973025,34.696139],[136.973008,34.696132],[136.972992,34.696125],[136.972976,34.696118],[136.97296,34.69611],[136.972946,34.696102],[136.972931,34.696095],[136.972917,34.696088],[136.972903,34.696079],[136.972887,34.696068],[136.972872,34.696057],[136.972858,34.696044],[136.972847,34.696033],[136.972837,34.69602],[136.972827,34.696007],[136.972811,34.695984],[136.972804,34.695971],[136.972797,34.695958],[136.972792,34.69594],[136.972792,34.695934],[136.972806,34.695887],[136.972822,34.69585],[136.972849,34.695806],[136.972853,34.695797],[136.972869,34.695761],[136.972871,34.695757],[136.972872,34.695752],[136.972873,34.695741],[136.972871,34.69572],[136.972862,34.695706],[136.972855,34.695701],[136.972846,34.695695],[136.97284,34.695694],[136.972835,34.695692],[136.972814,34.695688],[136.972806,34.695688],[136.972795,34.695688],[136.972753,34.695698],[136.972746,34.695699],[136.972743,34.695699],[136.97273,34.695701],[136.972727,34.695701],[136.972722,34.695701],[136.972711,34.695698],[136.972705,34.695695],[136.97272,34.695671],[136.972763,34.695638],[136.972768,34.695627],[136.972772,34.695621],[136.972776,34.695593],[136.972774,34.695555],[136.972765,34.69552],[136.97275,34.695489],[136.972744,34.695479],[136.972713,34.695438],[136.972696,34.695426],[136.972674,34.69542],[136.972663,34.695446],[136.972651,34.695457],[136.972648,34.695458],[136.972644,34.69546],[136.972597,34.69548],[136.972591,34.695483],[136.972583,34.695485],[136.97254,34.695495],[136.97251,34.695496],[136.972503,34.695495],[136.972485,34.695491],[136.97248,34.695489],[136.972475,34.695487],[136.972471,34.695486],[136.972466,34.695483],[136.972453,34.695472],[136.97245,34.695467],[136.972429,34.695447],[136.972426,34.695445],[136.972415,34.695437],[136.972377,34.695467],[136.972368,34.695467],[136.972358,34.695466],[136.972339,34.695451],[136.972335,34.695443],[136.972334,34.695438],[136.972333,34.695433],[136.972332,34.695429],[136.972332,34.695423],[136.972332,34.695419],[136.972332,34.695383],[136.972338,34.695349],[136.972341,34.695343],[136.972352,34.695312],[136.972312,34.695285],[136.972305,34.695282],[136.972299,34.695278],[136.972257,34.695256],[136.972231,34.695241],[136.972258,34.69521],[136.972297,34.695184],[136.972449,34.69511],[136.972456,34.695105],[136.972507,34.695074],[136.972513,34.695068],[136.97252,34.695062],[136.972547,34.695038],[136.972554,34.69502],[136.972555,34.695016],[136.972556,34.695012],[136.972556,34.694999],[136.972555,34.694995],[136.972554,34.694993],[136.972547,34.694981],[136.972531,34.694967],[136.972508,34.694958],[136.972504,34.694957],[136.972498,34.694956],[136.972487,34.694955],[136.972482,34.694955],[136.972476,34.694955],[136.97247,34.694955],[136.972464,34.694956],[136.972459,34.694956],[136.972437,34.694958],[136.972418,34.694901],[136.972402,34.69488],[136.972399,34.694878],[136.972376,34.694858],[136.972355,34.694829],[136.972354,34.694825],[136.972353,34.694823],[136.972353,34.694814],[136.972354,34.69481],[136.972355,34.694807],[136.972359,34.694798],[136.972359,34.694796],[136.972359,34.694792],[136.972358,34.694782],[136.972335,34.69474],[136.972331,34.694736],[136.972305,34.694696],[136.9723,34.694692],[136.972288,34.694685],[136.97227,34.694676],[136.972241,34.694703],[136.972235,34.694706],[136.972211,34.694718],[136.972167,34.694735],[136.97216,34.694736],[136.972144,34.694741],[136.972139,34.694743],[136.972134,34.694746],[136.972114,34.69476],[136.972109,34.694766],[136.972092,34.694779],[136.972088,34.694782],[136.972084,34.694784],[136.972052,34.694802],[136.972047,34.694806],[136.972037,34.69482],[136.972023,34.694848],[136.97201,34.694896],[136.972006,34.694947],[136.972011,34.695047],[136.972013,34.695134],[136.972014,34.695146],[136.972017,34.695171],[136.972018,34.695177],[136.972019,34.695181],[136.972029,34.695214],[136.972029,34.695222],[136.972028,34.69524],[136.972027,34.695243],[136.972026,34.695252],[136.972001,34.695221],[136.971997,34.695214],[136.971993,34.695209],[136.971985,34.69519],[136.971982,34.695185],[136.97198,34.695178],[136.971972,34.695148],[136.971972,34.695142],[136.971963,34.695097],[136.971962,34.695094],[136.971961,34.695091],[136.971958,34.695085],[136.971889,34.695027],[136.971886,34.695025],[136.971882,34.695023],[136.971863,34.695011],[136.971834,34.695032],[136.971826,34.695039],[136.971791,34.695079],[136.971599,34.695333],[136.971599,34.695309],[136.9716,34.695306],[136.971601,34.695303],[136.971604,34.695285],[136.971604,34.695281],[136.971603,34.695271],[136.971602,34.695268],[136.971601,34.695264],[136.971598,34.69525],[136.971579,34.695257],[136.971569,34.695265],[136.971556,34.69529],[136.971554,34.695296],[136.97155,34.695308],[136.971521,34.695341],[136.971432,34.695416],[136.971423,34.695423],[136.971373,34.695466],[136.97137,34.69547],[136.971367,34.695474],[136.971365,34.695479],[136.971364,34.695483],[136.971363,34.695488],[136.971364,34.695501],[136.971374,34.695536],[136.971375,34.695538],[136.97138,34.695554],[136.971371,34.695575],[136.971369,34.695578],[136.971363,34.695587],[136.971358,34.69559],[136.971352,34.695598],[136.971324,34.695579],[136.97132,34.695578],[136.971316,34.695576],[136.971308,34.695573],[136.9713,34.695571],[136.97127,34.695568],[136.971246,34.695571],[136.971238,34.695575],[136.971227,34.695582],[136.971222,34.695587],[136.971192,34.695636],[136.971189,34.695641],[136.97118,34.695655],[136.971178,34.69566],[136.971177,34.695666],[136.971176,34.695684],[136.97118,34.695698],[136.971183,34.695704],[136.971208,34.695726],[136.971182,34.695752],[136.971115,34.695823],[136.97111,34.695828],[136.971104,34.695832],[136.971084,34.69585],[136.971079,34.695858],[136.97107,34.695873],[136.971066,34.695894],[136.971092,34.695893],[136.971102,34.695889],[136.971114,34.695882],[136.971143,34.695846],[136.971181,34.695809],[136.971185,34.695805],[136.971227,34.695781],[136.971253,34.695792],[136.971281,34.695799],[136.971287,34.6958],[136.971292,34.695801],[136.971302,34.695804],[136.971286,34.695824],[136.971282,34.695827],[136.97128,34.695829],[136.971265,34.695841],[136.971262,34.69585],[136.971262,34.695853],[136.971262,34.695856],[136.971262,34.695862],[136.971263,34.695865],[136.971266,34.695872],[136.971273,34.695878],[136.971278,34.69588],[136.971289,34.695884],[136.971295,34.695885],[136.971314,34.695896],[136.971319,34.6959],[136.971337,34.695919],[136.971339,34.695923],[136.971345,34.695932],[136.971362,34.695958],[136.971369,34.695977],[136.971378,34.695995],[136.971389,34.696],[136.971409,34.696005],[136.971381,34.696114],[136.971382,34.696135],[136.971398,34.696154],[136.97143,34.69616],[136.971453,34.696164],[136.971464,34.696169],[136.971465,34.69618],[136.971455,34.696194],[136.971444,34.696209],[136.971433,34.696223],[136.971418,34.696238],[136.971405,34.696253],[136.9714,34.696266],[136.971398,34.69628],[136.971397,34.696298],[136.971392,34.696316],[136.971382,34.696335],[136.97135,34.696337],[136.971332,34.696318],[136.971316,34.696308],[136.971299,34.696301],[136.971279,34.696297],[136.971258,34.696298],[136.971239,34.696302],[136.971219,34.696307],[136.971155,34.696324],[136.971135,34.696332],[136.971114,34.696337],[136.971098,34.696336],[136.971081,34.696337],[136.971064,34.696338],[136.971048,34.69634],[136.971032,34.696361],[136.971029,34.696371],[136.970981,34.696403],[136.970961,34.696414],[136.970944,34.696427],[136.970936,34.696441],[136.970932,34.696456],[136.970933,34.696471],[136.970939,34.69649],[136.970953,34.696506],[136.970975,34.696515],[136.970998,34.696517],[136.971015,34.696517],[136.971032,34.696515],[136.971049,34.696513],[136.971067,34.69651],[136.971084,34.69651],[136.971101,34.696522],[136.97111,34.696537],[136.971117,34.696554],[136.97112,34.696572],[136.971112,34.69659],[136.971107,34.696609],[136.971105,34.696622],[136.971106,34.696637],[136.971113,34.69665],[136.971126,34.69666],[136.971154,34.696667],[136.971166,34.696678],[136.971175,34.696691],[136.971179,34.696706],[136.971182,34.696721],[136.971183,34.696737],[136.971182,34.696757],[136.97118,34.696775],[136.971067,34.696895],[136.970971,34.696989],[136.970843,34.697062],[136.970824,34.697064],[136.970807,34.697067],[136.970788,34.697068],[136.970771,34.697066],[136.970755,34.697062],[136.970739,34.697057],[136.970724,34.697052],[136.970706,34.697044],[136.97069,34.697037],[136.970675,34.697028],[136.970662,34.697016],[136.970653,34.697004],[136.970646,34.696992],[136.970642,34.696978],[136.970637,34.696966],[136.970631,34.696952],[136.970626,34.69694],[136.970622,34.696926],[136.970617,34.696913],[136.970612,34.6969],[136.970607,34.696886],[136.970563,34.696795],[136.970522,34.696744],[136.970512,34.696731],[136.970501,34.696719],[136.970488,34.696709],[136.970473,34.696701],[136.970456,34.696696],[136.970439,34.696693],[136.970419,34.696695],[136.970399,34.696699],[136.97038,34.696705],[136.97036,34.696709],[136.970333,34.696708],[136.970321,34.696694],[136.970326,34.696679],[136.970337,34.696669],[136.970349,34.696658],[136.970363,34.69665],[136.970377,34.696641],[136.970389,34.696631],[136.970404,34.696609],[136.970395,34.696589],[136.970377,34.696584],[136.970359,34.69658],[136.970343,34.696578],[136.970325,34.696579],[136.97031,34.696588],[136.970295,34.696596],[136.970268,34.696601],[136.970249,34.6966],[136.97023,34.696598],[136.970213,34.696599],[136.970197,34.6966],[136.97018,34.696603],[136.970164,34.696606],[136.970147,34.696611],[136.970131,34.696617],[136.970116,34.696624],[136.970102,34.696632],[136.970086,34.69664],[136.970072,34.696647],[136.970021,34.696675],[136.970003,34.696685],[136.969986,34.696697],[136.96997,34.69671],[136.969959,34.696725],[136.969962,34.696752],[136.969982,34.696767],[136.969995,34.696786],[136.969996,34.696803],[136.969985,34.69682],[136.969973,34.696838],[136.96996,34.696849],[136.969946,34.696858],[136.969931,34.696866],[136.969915,34.696875],[136.969901,34.696884],[136.969886,34.696896],[136.969872,34.696908],[136.969859,34.69692],[136.969845,34.696933],[136.969835,34.696946],[136.969826,34.696958],[136.969817,34.696972],[136.969808,34.696985],[136.969799,34.696998],[136.969764,34.697047],[136.969722,34.697108],[136.969714,34.69712],[136.969707,34.697133],[136.9697,34.697146],[136.969692,34.697158],[136.96968,34.697175],[136.969667,34.697192],[136.969655,34.697208],[136.969647,34.697226],[136.969653,34.697242],[136.969665,34.697254],[136.96968,34.69726],[136.969696,34.697264],[136.969717,34.697277],[136.969719,34.697296],[136.969705,34.697314],[136.969697,34.697338],[136.969694,34.697365],[136.969694,34.69738],[136.969696,34.697395],[136.9697,34.69741],[136.969709,34.697426],[136.969717,34.697442],[136.969715,34.697458],[136.96971,34.697474],[136.969702,34.697489],[136.969693,34.697504],[136.969684,34.697519],[136.969672,34.697532],[136.969658,34.697545],[136.969644,34.697556],[136.969629,34.697564],[136.969613,34.697572],[136.969596,34.697579],[136.96958,34.697587],[136.969478,34.697633],[136.969463,34.697638],[136.969448,34.697644],[136.969433,34.69765],[136.969418,34.697656],[136.969403,34.697661],[136.969386,34.697665],[136.969368,34.69767],[136.96935,34.697674],[136.969331,34.697674],[136.969309,34.697669],[136.969302,34.697656],[136.969287,34.697638],[136.969258,34.697634],[136.969218,34.69766],[136.969205,34.697672],[136.969191,34.697684],[136.969178,34.697695],[136.969164,34.697705],[136.969149,34.697714],[136.969134,34.697723],[136.969119,34.697732],[136.969105,34.697741],[136.96909,34.697751],[136.969076,34.697761],[136.969063,34.697773],[136.969052,34.697785],[136.969043,34.697797],[136.969036,34.697811],[136.969029,34.697824],[136.969024,34.697839],[136.96902,34.697856],[136.969017,34.697871],[136.969014,34.697887],[136.969011,34.697902],[136.969008,34.697916],[136.969007,34.69793],[136.969008,34.697945],[136.969013,34.697959],[136.96902,34.697973],[136.969029,34.697986],[136.969042,34.698002],[136.969055,34.698018],[136.96906,34.698029],[136.969056,34.698046],[136.969046,34.698061],[136.969039,34.698078],[136.969033,34.698093],[136.969026,34.698109],[136.969021,34.698123],[136.969016,34.698138],[136.969012,34.698152],[136.969008,34.698167],[136.969,34.698189],[136.968987,34.6982],[136.968976,34.698199],[136.968965,34.698184],[136.968955,34.698168],[136.968948,34.698154],[136.968942,34.69814],[136.968937,34.698126],[136.968931,34.698112],[136.968927,34.698098],[136.968921,34.698085],[136.96887,34.698],[136.968865,34.697983],[136.968858,34.697965],[136.968852,34.697948],[136.968844,34.697933],[136.968837,34.697918],[136.968815,34.697917],[136.968792,34.697918],[136.968776,34.697925],[136.968758,34.697929],[136.968744,34.697921],[136.968735,34.697909],[136.96873,34.697895],[136.968728,34.69788],[136.968723,34.697864],[136.968708,34.697845],[136.968658,34.697862],[136.968595,34.697922],[136.968583,34.697932],[136.96857,34.697941],[136.968558,34.69795],[136.968546,34.69796],[136.968534,34.697969],[136.968522,34.697983],[136.96851,34.697996],[136.968497,34.69801],[136.968477,34.698022],[136.96846,34.698036],[136.968451,34.698058],[136.968457,34.698071],[136.968466,34.698082],[136.968479,34.698092],[136.968494,34.6981],[136.968484,34.698119],[136.968418,34.698143],[136.968401,34.698149],[136.968382,34.698156],[136.968365,34.698162],[136.968347,34.698169],[136.968332,34.698176],[136.968318,34.698183],[136.968302,34.69819],[136.968288,34.698197],[136.9682,34.698278],[136.968189,34.698292],[136.968177,34.698305],[136.968167,34.698319],[136.968159,34.698335],[136.968151,34.69835],[136.968144,34.698366],[136.968135,34.69838],[136.968124,34.698392],[136.968114,34.698405],[136.96809,34.698394],[136.968081,34.698381],[136.968072,34.698368],[136.968054,34.698363],[136.968036,34.698362],[136.968012,34.698366],[136.967991,34.698375],[136.967978,34.698384],[136.967968,34.698395],[136.967957,34.698406],[136.967944,34.698416],[136.96793,34.698427],[136.967915,34.698437],[136.9679,34.698447],[136.967885,34.698456],[136.967869,34.698465],[136.967853,34.698472],[136.967836,34.698479],[136.967818,34.698486],[136.967798,34.698489],[136.967775,34.698487],[136.967753,34.698482],[136.967735,34.698477],[136.96772,34.698468],[136.967706,34.698459],[136.967697,34.698444],[136.967692,34.698429],[136.967687,34.698413],[136.967684,34.6984],[136.967677,34.698387],[136.967654,34.698371],[136.967636,34.698365],[136.967618,34.69836],[136.9676,34.698354],[136.967585,34.698343],[136.967572,34.69833],[136.967571,34.698316],[136.967569,34.698302],[136.967567,34.698289],[136.967566,34.698274],[136.967566,34.69826],[136.967567,34.698245],[136.967568,34.698231],[136.967568,34.698217],[136.967564,34.698201],[136.967558,34.698186],[136.967534,34.698171],[136.967519,34.69818],[136.967513,34.698223],[136.967506,34.698279],[136.967503,34.698296],[136.967498,34.698313],[136.967487,34.698331],[136.967465,34.698322],[136.967444,34.698312],[136.967428,34.6983],[136.967414,34.698288],[136.967398,34.698275],[136.967386,34.698265],[136.967374,34.698255],[136.967361,34.698246],[136.967344,34.698234],[136.967323,34.698226],[136.967306,34.698224],[136.967289,34.698227],[136.967273,34.698238],[136.967261,34.698253],[136.967253,34.69827],[136.967251,34.698288],[136.96725,34.698306],[136.96725,34.698321],[136.967252,34.698334],[136.967255,34.698348],[136.967258,34.69836],[136.967262,34.698374],[136.967265,34.698387],[136.967267,34.698402],[136.967268,34.698415],[136.96727,34.69843],[136.967273,34.698443],[136.967279,34.698462],[136.967291,34.698473],[136.967306,34.698481],[136.967303,34.698496],[136.967301,34.69851],[136.967296,34.698524],[136.96729,34.698538],[136.967275,34.698552],[136.967261,34.698567],[136.967252,34.698582],[136.967247,34.698599],[136.967248,34.698615],[136.967251,34.69863],[136.967258,34.698648],[136.967265,34.698666],[136.967286,34.698717],[136.967302,34.69882],[136.967305,34.698835],[136.967309,34.698848],[136.967312,34.698863],[136.967316,34.698876],[136.967319,34.698891],[136.967324,34.698904],[136.967329,34.698918],[136.967335,34.69893],[136.96734,34.698944],[136.967345,34.698956],[136.967351,34.69897],[136.967356,34.698984],[136.967363,34.698998],[136.967368,34.699011],[136.967374,34.699026],[136.967378,34.69904],[136.967381,34.699055],[136.967382,34.699069],[136.967381,34.699084],[136.967381,34.699098],[136.96738,34.699112],[136.967379,34.699128],[136.967378,34.699144],[136.967378,34.699159],[136.96738,34.699175],[136.967382,34.699189],[136.967385,34.699204],[136.967458,34.699277],[136.967562,34.699333],[136.967642,34.699372],[136.967721,34.699409],[136.967874,34.699469],[136.96789,34.699475],[136.967906,34.699479],[136.967923,34.699485],[136.967941,34.699492],[136.96796,34.6995],[136.967977,34.699508],[136.968002,34.699521],[136.968021,34.699528],[136.96804,34.699535],[136.968018,34.699588],[136.967962,34.699703],[136.967912,34.699809],[136.967911,34.699875],[136.967912,34.700006],[136.967901,34.700101],[136.967897,34.700155],[136.967877,34.700157],[136.967862,34.70017],[136.96785,34.70019],[136.967835,34.700187],[136.967828,34.700173],[136.967823,34.700159],[136.967817,34.700145],[136.967814,34.700131],[136.967811,34.700116],[136.96781,34.700103],[136.967808,34.700089],[136.967805,34.700074],[136.967802,34.700057],[136.967799,34.700041],[136.967795,34.700024],[136.967793,34.700009],[136.967789,34.699995],[136.967782,34.699982],[136.967765,34.699972],[136.967747,34.699964],[136.967733,34.699973],[136.967718,34.699982],[136.967706,34.699992],[136.967697,34.700005],[136.967689,34.700019],[136.967683,34.700034],[136.967678,34.700049],[136.967675,34.700064],[136.967672,34.700079],[136.967671,34.700096],[136.96767,34.700111],[136.967667,34.700126],[136.967663,34.700141],[136.967659,34.700156],[136.96765,34.700169],[136.967636,34.70018],[136.967621,34.700188],[136.967603,34.700195],[136.967588,34.7002],[136.967572,34.700204],[136.967555,34.700208],[136.967543,34.700177],[136.967537,34.700158],[136.967526,34.70014],[136.967506,34.70013],[136.967479,34.700156],[136.967471,34.700219],[136.967469,34.700237],[136.967468,34.700255],[136.967462,34.700272],[136.967452,34.700288],[136.96744,34.700304],[136.967376,34.700326],[136.967296,34.700347],[136.96722,34.700371],[136.967116,34.700388],[136.967074,34.700398],[136.967041,34.700411],[136.96701,34.700433],[136.967007,34.700435],[136.966985,34.700454],[136.966983,34.700457],[136.96698,34.70046],[136.96696,34.700481],[136.966956,34.700484],[136.966953,34.700487],[136.966936,34.700498],[136.966929,34.700501],[136.966915,34.700505],[136.966909,34.700505],[136.966904,34.700506],[136.966836,34.700513],[136.966828,34.700513],[136.966766,34.700515],[136.966686,34.700511],[136.966619,34.700511],[136.966547,34.700512],[136.966484,34.700506],[136.966451,34.7005],[136.966443,34.700498],[136.966423,34.700491],[136.966408,34.700482],[136.966405,34.700477],[136.966405,34.700471],[136.966417,34.700458],[136.966424,34.700455],[136.966439,34.700451],[136.96645,34.700447],[136.966458,34.700442],[136.966465,34.700432],[136.966469,34.70042],[136.966472,34.700413],[136.96648,34.700406],[136.96652,34.700391],[136.966569,34.700373],[136.96659,34.700362],[136.966605,34.70035],[136.966616,34.700336],[136.966624,34.700323],[136.966625,34.700292],[136.966621,34.700271],[136.966612,34.700252],[136.966598,34.700225],[136.966565,34.700175],[136.966521,34.70011],[136.966486,34.700058],[136.966462,34.700022],[136.966425,34.699974],[136.966377,34.699914],[136.966337,34.699869],[136.966308,34.699842],[136.966276,34.699813],[136.966232,34.699781],[136.966209,34.69977],[136.966185,34.699763],[136.966163,34.699761],[136.966142,34.699763],[136.966123,34.699768],[136.966088,34.699778],[136.966053,34.699783],[136.966032,34.699778],[136.966011,34.69977],[136.965974,34.69975],[136.965946,34.69973],[136.96592,34.6997],[136.965882,34.699646],[136.965844,34.699591],[136.965817,34.699553],[136.965796,34.699528],[136.965772,34.699502],[136.96574,34.699469],[136.965694,34.699423],[136.965654,34.699378],[136.965627,34.699348],[136.965598,34.699324],[136.965546,34.699296],[136.965492,34.699275],[136.965458,34.699268],[136.965437,34.699273],[136.965409,34.699281],[136.965381,34.69929],[136.965355,34.699293],[136.965334,34.699289],[136.965317,34.699274],[136.965302,34.699253],[136.965284,34.699227],[136.965262,34.699196],[136.965233,34.699158],[136.965207,34.699121],[136.965184,34.699092],[136.965171,34.699083],[136.965154,34.699075],[136.965135,34.699074],[136.965109,34.699075],[136.965088,34.699082],[136.96507,34.699093],[136.965063,34.699107],[136.96506,34.699118],[136.965058,34.69914],[136.965059,34.69918],[136.965061,34.69921],[136.96506,34.699222],[136.965056,34.699228],[136.965048,34.699233],[136.965034,34.699236],[136.965022,34.699235],[136.965009,34.699232],[136.964994,34.699226],[136.964982,34.699216],[136.964963,34.699193],[136.964947,34.699173],[136.964936,34.699167],[136.964924,34.699163],[136.964886,34.699166],[136.96484,34.699178],[136.964802,34.699192],[136.964775,34.699207],[136.964746,34.69923],[136.964714,34.699259],[136.964695,34.699286],[136.964691,34.699313],[136.96469,34.699343],[136.964693,34.699382],[136.964704,34.699431],[136.964727,34.699485],[136.96476,34.699534],[136.9648,34.699576],[136.964843,34.699619],[136.964887,34.699665],[136.964931,34.699703],[136.964973,34.699741],[136.964992,34.699765],[136.96501,34.699792],[136.965038,34.699855],[136.965053,34.699912],[136.965058,34.699959],[136.965066,34.700005],[136.965075,34.700029],[136.9651,34.700082],[136.965134,34.700136],[136.965175,34.700184],[136.965209,34.700221],[136.965243,34.700258],[136.965273,34.700302],[136.965298,34.700348],[136.965312,34.700386],[136.965321,34.70043],[136.965321,34.700433],[136.96532,34.700511],[136.96532,34.700516],[136.965316,34.700544],[136.965316,34.700549],[136.965304,34.700581],[136.965297,34.700592],[136.965281,34.700606],[136.965277,34.700609],[136.965274,34.700612],[136.965265,34.700616],[136.965261,34.700618],[136.965256,34.70062],[136.965241,34.700623],[136.965223,34.700622],[136.965209,34.700612],[136.965206,34.700609],[136.965149,34.70057],[136.965135,34.700555],[136.965131,34.700548],[136.965107,34.700504],[136.965094,34.700497],[136.965087,34.700493],[136.965083,34.700492],[136.96508,34.700492],[136.965076,34.700492],[136.965072,34.700492],[136.965068,34.700492],[136.965063,34.700492],[136.965058,34.7005],[136.965057,34.700502],[136.965057,34.700515],[136.965064,34.700531],[136.965066,34.700538],[136.965069,34.700543],[136.965086,34.700568],[136.96509,34.700574],[136.965092,34.70058],[136.965093,34.700585],[136.965094,34.700589],[136.965094,34.70061],[136.965089,34.700635],[136.965073,34.700669],[136.965063,34.700684],[136.965059,34.700688],[136.965055,34.70069],[136.965052,34.700691],[136.965049,34.700692],[136.965046,34.700692],[136.965041,34.700692],[136.965038,34.700692],[136.965031,34.700691],[136.965028,34.70069],[136.965024,34.700689],[136.964992,34.700672],[136.96498,34.700667],[136.964977,34.700666],[136.964974,34.700665],[136.964958,34.700664],[136.96495,34.700665],[136.964937,34.700673],[136.964928,34.700684],[136.964922,34.700691],[136.964911,34.700712],[136.964909,34.700719],[136.964904,34.700761],[136.964902,34.700763],[136.964901,34.700781],[136.964901,34.700784],[136.964901,34.700787],[136.964907,34.700802],[136.964925,34.700824],[136.96493,34.700828],[136.964933,34.700831],[136.964951,34.700843],[136.964957,34.700848],[136.965038,34.700891],[136.965045,34.700896],[136.965078,34.700925],[136.965128,34.700985],[136.965045,34.701008],[136.964971,34.701036],[136.964898,34.701069],[136.964753,34.701153],[136.964678,34.701188],[136.964646,34.701199],[136.9646,34.701208],[136.964555,34.70122],[136.964479,34.701251],[136.964428,34.701268],[136.964352,34.701285],[136.96429,34.701296],[136.964248,34.701301],[136.9642,34.701302],[136.964112,34.701297],[136.963986,34.701283],[136.963856,34.701275],[136.963779,34.701273],[136.963686,34.701277],[136.963532,34.701291],[136.963366,34.701313],[136.963253,34.701335],[136.963183,34.701347],[136.963102,34.701354],[136.963044,34.701355],[136.962906,34.701356],[136.962658,34.701346],[136.962643,34.701338],[136.962572,34.701242],[136.962566,34.70123],[136.962565,34.701227],[136.962564,34.701205],[136.96257,34.701195],[136.962575,34.701191],[136.96258,34.701189],[136.962596,34.701176],[136.962603,34.701169],[136.962616,34.701147],[136.962636,34.701101],[136.96265,34.701065],[136.96266,34.701043],[136.962663,34.701036],[136.962682,34.701012],[136.96269,34.701006],[136.962707,34.701002],[136.96271,34.701002],[136.962714,34.701002],[136.962721,34.701002],[136.962725,34.701003],[136.962729,34.701004],[136.962743,34.701011],[136.962746,34.701014],[136.962749,34.701016],[136.962767,34.701036],[136.962774,34.701057],[136.962775,34.701061],[136.962801,34.701102],[136.962807,34.701108],[136.962811,34.701113],[136.962868,34.701195],[136.962873,34.701201],[136.962878,34.701206],[136.962915,34.701249],[136.962954,34.701281],[136.962987,34.701302],[136.963009,34.701307],[136.96302,34.701305],[136.963028,34.7013],[136.96303,34.701297],[136.963032,34.701294],[136.963035,34.701289],[136.963032,34.701273],[136.963032,34.701271],[136.963032,34.701267],[136.963042,34.701235],[136.963035,34.701173],[136.963022,34.70112],[136.96302,34.701114],[136.963007,34.701081],[136.963005,34.701077],[136.963002,34.701072],[136.962982,34.701036],[136.962977,34.701029],[136.962937,34.700971],[136.962861,34.700883],[136.962783,34.70078],[136.962758,34.700737],[136.962726,34.700671],[136.962723,34.700664],[136.96271,34.700631],[136.962707,34.700626],[136.962691,34.700607],[136.962668,34.70059],[136.962661,34.700588],[136.962658,34.700588],[136.962654,34.700588],[136.96264,34.700593],[136.962629,34.700606],[136.962623,34.700616],[136.962617,34.700635],[136.962617,34.700645],[136.962619,34.700655],[136.962632,34.700703],[136.962633,34.700707],[136.962634,34.700712],[136.962639,34.700724],[136.962641,34.700727],[136.962647,34.700755],[136.962647,34.700791],[136.962644,34.700797],[136.962642,34.700799],[136.962633,34.700806],[136.962612,34.700807],[136.962604,34.700808],[136.962513,34.700807],[136.962486,34.700801],[136.962476,34.700792],[136.962474,34.700789],[136.962472,34.700786],[136.96243,34.70075],[136.96242,34.700746],[136.962415,34.700745],[136.962382,34.700749],[136.962365,34.700753],[136.962359,34.700756],[136.96235,34.700757],[136.962346,34.700757],[136.962343,34.700757],[136.962332,34.700754],[136.962329,34.700753],[136.962325,34.700752],[136.962309,34.700746],[136.962305,34.700743],[136.96229,34.700727],[136.962286,34.70072],[136.96226,34.70067],[136.962219,34.700614],[136.962213,34.700607],[136.962177,34.700554],[136.962145,34.700518],[136.962124,34.700508],[136.962111,34.700505],[136.962097,34.70051],[136.962089,34.700521],[136.962087,34.700524],[136.962085,34.700526],[136.96208,34.700537],[136.962079,34.70054],[136.962078,34.700542],[136.962078,34.70055],[136.962079,34.700554],[136.96208,34.700558],[136.962138,34.700674],[136.962151,34.700699],[136.962153,34.700704],[136.962155,34.700708],[136.962161,34.70073],[136.962157,34.700738],[136.962147,34.700746],[136.962126,34.700751],[136.962122,34.700752],[136.962119,34.700753],[136.962102,34.700762],[136.962098,34.700763],[136.962095,34.700765],[136.962087,34.700769],[136.962083,34.70077],[136.962079,34.700771],[136.962013,34.700771],[136.962008,34.700769],[136.962004,34.700767],[136.962002,34.700766],[136.961985,34.700751],[136.961952,34.700701],[136.961948,34.700694],[136.961854,34.700566],[136.961848,34.700557],[136.961837,34.700539],[136.961835,34.700535],[136.961823,34.70052],[136.961802,34.700505],[136.961788,34.700503],[136.961771,34.700512],[136.961768,34.70052],[136.961767,34.700523],[136.961766,34.700526],[136.961765,34.700533],[136.961793,34.700581],[136.961797,34.700587],[136.961802,34.700593],[136.961862,34.700671],[136.961878,34.700707],[136.961894,34.700759],[136.961893,34.700765],[136.96189,34.700769],[136.961881,34.700773],[136.961872,34.700768],[136.961846,34.70073],[136.96184,34.700719],[136.961815,34.700655],[136.961798,34.700625],[136.961769,34.700588],[136.961763,34.70058],[136.961745,34.700565],[136.961733,34.700562],[136.961729,34.700562],[136.961725,34.700562],[136.96172,34.700563],[136.961713,34.70057],[136.961712,34.700573],[136.961711,34.700582],[136.961719,34.700601],[136.96172,34.700605],[136.961722,34.700609],[136.961738,34.700637],[136.961757,34.700657],[136.961763,34.700663],[136.961788,34.700695],[136.961788,34.700702],[136.961784,34.700704],[136.961774,34.700705],[136.961746,34.700694],[136.961743,34.700693],[136.961738,34.700692],[136.961725,34.700692],[136.961721,34.700693],[136.961716,34.700694],[136.961699,34.700701],[136.961678,34.700717],[136.961675,34.70072],[136.961662,34.700743],[136.961661,34.700748],[136.961659,34.700758],[136.961659,34.700763],[136.961659,34.700767],[136.961661,34.700786],[136.961662,34.700794],[136.961671,34.700825],[136.961718,34.700943],[136.961729,34.700978],[136.961742,34.701032],[136.961743,34.701039],[136.961743,34.701068],[136.961738,34.701083],[136.961737,34.701086],[136.961736,34.701088],[136.961723,34.701111],[136.961692,34.701143],[136.961689,34.701145],[136.961673,34.701158],[136.961669,34.701161],[136.961667,34.701164],[136.961663,34.701173],[136.961662,34.701188],[136.961662,34.701191],[136.961662,34.701196],[136.961664,34.701204],[136.961665,34.701209],[136.961666,34.701213],[136.961674,34.70123],[136.961676,34.701233],[136.961679,34.701239],[136.961708,34.701274],[136.961712,34.701279],[136.961715,34.701285],[136.961719,34.701297],[136.961726,34.701349],[136.961517,34.701356],[136.961205,34.701358],[136.961117,34.701359],[136.961028,34.701355],[136.960773,34.70133],[136.96073,34.701323],[136.960671,34.701308],[136.960617,34.701288],[136.960465,34.701229],[136.960383,34.70119],[136.960261,34.701119],[136.9602,34.701075],[136.960195,34.701068],[136.960138,34.701008],[136.960135,34.701003],[136.960106,34.700974],[136.960059,34.700938],[136.95999,34.700908],[136.959975,34.700856],[136.959976,34.700833],[136.95885,34.700917],[136.958788,34.701264],[136.959356,34.7017],[136.959258,34.702862],[136.958907,34.703037],[136.958788,34.703103],[136.958629,34.703186],[136.958506,34.703245],[136.958273,34.703344],[136.958136,34.703405],[136.957952,34.703489],[136.957893,34.703579],[136.95784,34.703685],[136.957778,34.703903],[136.957757,34.704082],[136.957747,34.704209],[136.95774,34.704314],[136.957728,34.704391],[136.95772,34.704437],[136.957704,34.704468],[136.958047,34.704717],[136.957985,34.704816],[136.958137,34.705399],[136.958362,34.70602],[136.958547,34.705987],[136.958579,34.706246],[136.958767,34.706786],[136.959124,34.707016],[136.958689,34.70712],[136.958709,34.707355],[136.958721,34.707862],[136.959833,34.707839],[136.959823,34.708395],[136.959833,34.708622],[136.959838,34.708946],[136.959831,34.708991],[136.959777,34.709091],[136.960462,34.709221],[136.961527,34.709517]]]}},{"type":"Feature","id":"234450080","properties":{"KEY_CODE":"234450080","PREF":"23","CITY":"445","S_AREA":"008000","PREF_NAME":"愛知県","CITY_NAME":"南知多町","S_NAME":"大字篠島","HCODE":8101,"AREA":2462.015,"KIGO_E":"E6","JINKO":0,"SETAI":0,"X_CODE":136.990752,"Y_CODE":34.670067},"geometry":{"type":"Polygon","coordinates":[[[136.990824,34.670183],[136.990835,34.670182],[136.990858,34.670188],[136.990879,34.670198],[136.990902,34.670208],[136.99093,34.67022],[136.990962,34.670231],[136.990996,34.670238],[136.991029,34.670235],[136.991045,34.670231],[136.991076,34.670214],[136.991103,34.670199],[136.991121,34.670187],[136.991126,34.670178],[136.991129,34.670167],[136.991129,34.670127],[136.991123,34.670081],[136.991111,34.670042],[136.991097,34.670011],[136.991081,34.669981],[136.991072,34.669957],[136.991071,34.669948],[136.991075,34.669934],[136.99108,34.669912],[136.99108,34.669901],[136.991076,34.669886],[136.991072,34.669876],[136.991067,34.66987],[136.991056,34.669865],[136.991033,34.669861],[136.991006,34.669858],[136.990991,34.66986],[136.990979,34.669866],[136.99097,34.669876],[136.990952,34.669904],[136.990942,34.669919],[136.990917,34.669942],[136.990904,34.669955],[136.990896,34.669963],[136.990884,34.669982],[136.990877,34.669994],[136.990871,34.669993],[136.990861,34.669982],[136.990853,34.669964],[136.99085,34.669955],[136.990847,34.669944],[136.990844,34.669935],[136.990831,34.669924],[136.990822,34.66992],[136.9908,34.669918],[136.990774,34.669917],[136.99076,34.669914],[136.990744,34.669906],[136.990711,34.669883],[136.990624,34.669828],[136.990581,34.669807],[136.990545,34.669793],[136.990519,34.669788],[136.99051,34.669789],[136.990497,34.669796],[136.990493,34.669802],[136.990491,34.669823],[136.990495,34.669858],[136.990506,34.669896],[136.99052,34.669921],[136.99054,34.669941],[136.990554,34.669955],[136.990561,34.669962],[136.990581,34.669983],[136.990592,34.669996],[136.990593,34.670005],[136.990584,34.670014],[136.990571,34.670021],[136.990556,34.670019],[136.990536,34.67001],[136.99051,34.669992],[136.990487,34.669973],[136.990475,34.669957],[136.990474,34.669955],[136.990466,34.669947],[136.99045,34.66994],[136.990433,34.669939],[136.990417,34.669939],[136.990411,34.669943],[136.990401,34.669955],[136.990386,34.669984],[136.990379,34.670009],[136.990377,34.670085],[136.990374,34.670101],[136.990377,34.670117],[136.990381,34.670126],[136.990385,34.670133],[136.990394,34.670142],[136.990403,34.67015],[136.990411,34.670156],[136.990423,34.67016],[136.990436,34.670164],[136.990447,34.670166],[136.99047,34.670162],[136.990493,34.67016],[136.990503,34.670163],[136.990522,34.670178],[136.990543,34.670198],[136.990566,34.670222],[136.990586,34.670248],[136.990602,34.670272],[136.990616,34.670294],[136.990633,34.670313],[136.990653,34.670329],[136.990679,34.67034],[136.990694,34.670343],[136.990722,34.67034],[136.990753,34.670332],[136.99078,34.67032],[136.99079,34.670312],[136.990798,34.670301],[136.990801,34.670288],[136.9908,34.670273],[136.990792,34.670246],[136.990783,34.670226],[136.990786,34.67021],[136.990791,34.6702],[136.9908,34.670192],[136.990824,34.670183]]]}},{"type":"Feature","id":"234450080","properties":{"KEY_CODE":"234450080","PREF":"23","CITY":"445","S_AREA":"008000","PREF_NAME":"愛知県","CITY_NAME":"南知多町","S_NAME":"大字篠島","HCODE":8101,"AREA":218.735,"KIGO_E":"E8","JINKO":0,"SETAI":0,"X_CODE":136.992715,"Y_CODE":34.67032},"geometry":{"type":"Polygon","coordinates":[[[136.992721,34.670406],[136.992739,34.670399],[136.992759,34.670401],[136.99278,34.670403],[136.99279,34.670402],[136.992795,34.670397],[136.992805,34.670387],[136.992807,34.670376],[136.992805,34.670369],[136.992788,34.670352],[136.99276,34.670332],[136.992744,34.670319],[136.992741,34.670312],[136.992745,34.670305],[136.992751,34.670294],[136.992756,34.670282],[136.992759,34.670267],[136.992757,34.670247],[136.992751,34.670224],[136.992741,34.670208],[136.992728,34.6702],[136.992711,34.670198],[136.992702,34.670199],[136.992694,34.670201],[136.992685,34.670209],[136.992679,34.670219],[136.992672,34.670235],[136.992662,34.670281],[136.992656,34.670326],[136.992653,34.670366],[136.992653,34.670383],[136.992654,34.670397],[136.99266,34.670406],[136.99267,34.670415],[136.992683,34.670419],[136.992697,34.670418],[136.992706,34.670416],[136.992721,34.670406]]]}},{"type":"Feature","id":"234450080","properties":{"KEY_CODE":"234450080","PREF":"23","CITY":"445","S_AREA":"008000","PREF_NAME":"愛知県","CITY_NAME":"南知多町","S_NAME":"大字篠島","HCODE":8101,"AREA":35071.936,"KIGO_E":"E4","JINKO":0,"SETAI":0,"X_CODE":136.998898,"Y_CODE":34.680136},"geometry":{"type":"Polygon","coordinates":[[[136.999028,34.681098],[136.999035,34.681095],[136.999041,34.681095],[136.999046,34.681095],[136.999063,34.681099],[136.999068,34.681101],[136.999087,34.681105],[136.999095,34.681107],[136.999149,34.681122],[136.999166,34.681125],[136.999221,34.681123],[136.999267,34.681123],[136.999339,34.681128],[136.999345,34.681128],[136.999387,34.681128],[136.999393,34.681127],[136.999424,34.681123],[136.999431,34.68112],[136.999442,34.681115],[136.999452,34.681104],[136.999452,34.681083],[136.999451,34.681078],[136.999449,34.681071],[136.999448,34.681065],[136.999448,34.681059],[136.999451,34.68102],[136.999455,34.681011],[136.999458,34.681006],[136.999461,34.681001],[136.999474,34.680989],[136.999491,34.68098],[136.999497,34.680978],[136.999525,34.680972],[136.999532,34.680967],[136.999537,34.680962],[136.999541,34.680949],[136.999541,34.68091],[136.999558,34.680833],[136.999578,34.680779],[136.999606,34.680729],[136.99964,34.680679],[136.999645,34.680672],[136.999663,34.680652],[136.999669,34.680646],[136.999675,34.680641],[136.99972,34.680601],[136.999775,34.680534],[136.999782,34.680526],[136.999833,34.680481],[136.999839,34.680475],[136.999876,34.68043],[136.999922,34.68037],[136.999981,34.680294],[137.000007,34.680269],[137.000019,34.680257],[137.00004,34.680218],[137.000049,34.680167],[137.000051,34.680112],[137.00005,34.68007],[137.000044,34.68004],[137.00002,34.679999],[137.000008,34.679981],[136.999997,34.679955],[136.999994,34.67995],[136.999992,34.679943],[136.999971,34.67989],[136.999969,34.679886],[136.999967,34.67988],[136.999938,34.67984],[137.000008,34.679793],[137.000038,34.679775],[137.000019,34.679757],[137.000008,34.679764],[136.999936,34.679814],[136.99989,34.679776],[136.999885,34.679769],[136.999879,34.679763],[136.999874,34.679756],[136.99987,34.679749],[136.999864,34.679733],[136.999863,34.679728],[136.999862,34.679722],[136.999859,34.679711],[136.999857,34.679705],[136.999853,34.679699],[136.999845,34.679684],[136.999844,34.679681],[136.999825,34.679657],[136.999822,34.679655],[136.999819,34.679652],[136.9998,34.679635],[136.999788,34.679612],[136.999775,34.679552],[136.999757,34.679475],[136.999747,34.679408],[136.999733,34.679361],[136.99971,34.679302],[136.999697,34.67928],[136.999692,34.679273],[136.999686,34.679267],[136.99968,34.679261],[136.999673,34.679256],[136.999659,34.679246],[136.999651,34.679241],[136.999644,34.679237],[136.999589,34.679208],[136.999565,34.679201],[136.99954,34.6792],[136.999483,34.679211],[136.999396,34.679221],[136.99935,34.679223],[136.999295,34.679215],[136.999241,34.679215],[136.999232,34.679216],[136.999179,34.67922],[136.999175,34.679221],[136.99917,34.679222],[136.999157,34.679225],[136.999153,34.679225],[136.999148,34.679225],[136.999136,34.679222],[136.999133,34.679221],[136.99913,34.67922],[136.999123,34.679217],[136.999121,34.679216],[136.999118,34.679214],[136.99911,34.679208],[136.999106,34.679204],[136.999088,34.679176],[136.999071,34.679166],[136.999042,34.679158],[136.999026,34.67915],[136.999004,34.679128],[136.999001,34.679123],[136.99899,34.679111],[136.998983,34.679108],[136.998978,34.679107],[136.998974,34.679107],[136.998971,34.679107],[136.998962,34.679109],[136.998959,34.679111],[136.998934,34.679119],[136.99893,34.679121],[136.998923,34.679122],[136.998912,34.679119],[136.998901,34.679104],[136.9989,34.679102],[136.998899,34.679098],[136.998892,34.679085],[136.998878,34.679073],[136.99887,34.67907],[136.998859,34.679072],[136.998852,34.679079],[136.99885,34.679087],[136.99885,34.679092],[136.99885,34.679095],[136.99885,34.679115],[136.998851,34.67912],[136.998852,34.679123],[136.998854,34.679131],[136.998854,34.679136],[136.998854,34.679139],[136.998853,34.679156],[136.998852,34.679158],[136.998851,34.679161],[136.998846,34.679167],[136.998842,34.679171],[136.998836,34.679173],[136.998815,34.679172],[136.998811,34.679171],[136.998781,34.679168],[136.998773,34.679165],[136.998726,34.679155],[136.998723,34.679153],[136.998705,34.679146],[136.998686,34.679125],[136.998683,34.67912],[136.998679,34.679116],[136.998662,34.679102],[136.998659,34.6791],[136.998654,34.679098],[136.998638,34.67909],[136.998631,34.679087],[136.998618,34.679083],[136.99861,34.679083],[136.998579,34.679083],[136.998574,34.679084],[136.998539,34.679086],[136.998534,34.679087],[136.99853,34.679088],[136.998522,34.679089],[136.998515,34.679093],[136.998496,34.679104],[136.998491,34.679108],[136.998475,34.679125],[136.998472,34.67913],[136.998469,34.679135],[136.998464,34.679145],[136.998463,34.679151],[136.99846,34.679179],[136.998461,34.679206],[136.998461,34.679209],[136.998461,34.679212],[136.998464,34.679231],[136.998455,34.679243],[136.998442,34.67925],[136.998438,34.679251],[136.998433,34.679252],[136.998429,34.679251],[136.998425,34.679251],[136.99842,34.67925],[136.998405,34.679243],[136.998401,34.679242],[136.998396,34.679242],[136.998375,34.67924],[136.998369,34.67924],[136.998365,34.67924],[136.998352,34.679242],[136.998348,34.679242],[136.998344,34.679243],[136.998328,34.679249],[136.998317,34.679254],[136.998309,34.679259],[136.998298,34.679276],[136.998295,34.679281],[136.998287,34.6793],[136.998284,34.679305],[136.998278,34.679312],[136.998257,34.67933],[136.998248,34.679334],[136.998184,34.679371],[136.998179,34.679376],[136.998144,34.679398],[136.998139,34.679403],[136.998134,34.679406],[136.998114,34.679424],[136.998111,34.679428],[136.998108,34.679432],[136.998099,34.679446],[136.998098,34.679449],[136.998097,34.679454],[136.998095,34.679476],[136.998094,34.679481],[136.998093,34.679485],[136.998084,34.679506],[136.998078,34.679515],[136.998075,34.679519],[136.998072,34.679522],[136.998045,34.679546],[136.998041,34.679556],[136.998039,34.679562],[136.998036,34.679575],[136.998036,34.679583],[136.998032,34.679637],[136.998031,34.679641],[136.99803,34.679661],[136.998029,34.679666],[136.998028,34.679668],[136.998026,34.679683],[136.998024,34.679686],[136.998023,34.679688],[136.99802,34.679697],[136.998007,34.679713],[136.998,34.679717],[136.997995,34.679718],[136.997991,34.679719],[136.997955,34.679719],[136.997949,34.679721],[136.997932,34.679726],[136.997927,34.679728],[136.997922,34.67973],[136.9979,34.679739],[136.997889,34.679746],[136.997882,34.679759],[136.997881,34.679766],[136.99788,34.679774],[136.997881,34.67978],[136.997883,34.679794],[136.997883,34.6798],[136.997883,34.679804],[136.997883,34.679809],[136.997882,34.679813],[136.997881,34.679817],[136.997879,34.67983],[136.997879,34.679834],[136.997879,34.679839],[136.99788,34.679847],[136.99789,34.679862],[136.997908,34.679877],[136.997914,34.67988],[136.997917,34.679882],[136.997933,34.679886],[136.997945,34.679893],[136.997949,34.679896],[136.997951,34.6799],[136.997958,34.679927],[136.997963,34.679942],[136.997969,34.679972],[136.997976,34.680087],[136.99798,34.680138],[136.997982,34.680147],[136.997989,34.68017],[136.997991,34.680176],[136.997993,34.680181],[136.998005,34.680205],[136.998008,34.68021],[136.998011,34.680216],[136.998018,34.680225],[136.998021,34.680227],[136.998024,34.68023],[136.998046,34.680255],[136.998053,34.680268],[136.998048,34.680279],[136.998045,34.680284],[136.998037,34.680289],[136.998031,34.68029],[136.998019,34.680288],[136.998012,34.680285],[136.998004,34.680283],[136.997999,34.680283],[136.997994,34.680283],[136.997963,34.680286],[136.997936,34.680294],[136.997928,34.680298],[136.997898,34.680316],[136.997851,34.680357],[136.997817,34.6804],[136.997804,34.680424],[136.997781,34.680485],[136.997766,34.680511],[136.997765,34.680515],[136.99776,34.680534],[136.99776,34.680537],[136.99776,34.680541],[136.997761,34.680549],[136.997767,34.680558],[136.997771,34.68056],[136.997773,34.680561],[136.997784,34.680567],[136.997821,34.680565],[136.997827,34.680566],[136.997831,34.680568],[136.997834,34.68057],[136.997836,34.680573],[136.99784,34.680592],[136.99784,34.680597],[136.997834,34.680632],[136.997839,34.680647],[136.997841,34.680654],[136.99788,34.680709],[136.997887,34.680718],[136.997947,34.680803],[136.99798,34.680848],[136.997985,34.680857],[136.99799,34.680868],[136.997991,34.680872],[136.997993,34.680875],[136.997997,34.680883],[136.998,34.680886],[136.998002,34.680889],[136.998012,34.680897],[136.998023,34.680901],[136.998026,34.680901],[136.998031,34.680901],[136.99805,34.680898],[136.998056,34.680899],[136.99807,34.680903],[136.998073,34.680905],[136.998077,34.680906],[136.998092,34.680914],[136.998122,34.680944],[136.998166,34.681014],[136.998171,34.681019],[136.998182,34.681028],[136.998189,34.681033],[136.998195,34.681036],[136.998228,34.681056],[136.998268,34.681075],[136.998274,34.681077],[136.998279,34.681079],[136.998309,34.681084],[136.998313,34.681084],[136.998341,34.68109],[136.998345,34.681091],[136.998348,34.681092],[136.998373,34.681099],[136.998379,34.681101],[136.998395,34.681107],[136.998399,34.681108],[136.998405,34.681109],[136.99841,34.68111],[136.998419,34.68111],[136.998445,34.681103],[136.99845,34.681102],[136.998456,34.6811],[136.998461,34.681098],[136.998468,34.681097],[136.998474,34.681096],[136.998501,34.681094],[136.998507,34.681094],[136.998514,34.681094],[136.998546,34.681095],[136.998554,34.681095],[136.998606,34.681103],[136.998632,34.681111],[136.998637,34.681112],[136.998642,34.681113],[136.998664,34.681115],[136.99867,34.681115],[136.998674,34.681115],[136.998685,34.681115],[136.99869,34.681115],[136.9987,34.681112],[136.998706,34.681109],[136.998712,34.681104],[136.998715,34.6811],[136.998717,34.681097],[136.998729,34.681075],[136.998748,34.681059],[136.998763,34.681057],[136.998776,34.681061],[136.99878,34.681063],[136.998784,34.681065],[136.998841,34.681088],[136.998848,34.681089],[136.998853,34.681091],[136.998864,34.681093],[136.998867,34.681093],[136.998872,34.681093],[136.998892,34.681093],[136.998896,34.681094],[136.998899,34.681095],[136.99891,34.681097],[136.998921,34.681103],[136.998924,34.681112],[136.99892,34.681128],[136.99892,34.681131],[136.99892,34.681135],[136.998925,34.681153],[136.998927,34.681156],[136.998929,34.68116],[136.998941,34.681174],[136.998959,34.681184],[136.998963,34.681185],[136.998975,34.681184],[136.999,34.681176],[136.999011,34.681159],[136.999012,34.681156],[136.999013,34.681153],[136.999015,34.681145],[136.999015,34.681142],[136.999015,34.681138],[136.999016,34.681125],[136.999017,34.681122],[136.999019,34.681106],[136.999028,34.681098]]]}},{"type":"Feature","id":"234450080","properties":{"KEY_CODE":"234450080","PREF":"23","CITY":"445","S_AREA":"008000","PREF_NAME":"愛知県","CITY_NAME":"南知多町","S_NAME":"大字篠島","HCODE":8101,"AREA":42421.331,"KIGO_E":"E3","JINKO":0,"SETAI":0,"X_CODE":137.007618,"Y_CODE":34.691795},"geometry":{"type":"Polygon","coordinates":[[[137.008193,34.692722],[137.008217,34.692718],[137.008243,34.692721],[137.008253,34.692722],[137.008281,34.692732],[137.0083,34.692733],[137.008324,34.692733],[137.008352,34.692728],[137.008379,34.69272],[137.00844,34.6927],[137.00849,34.692681],[137.008529,34.692667],[137.008559,34.692653],[137.008574,34.692644],[137.008588,34.692635],[137.008622,34.692601],[137.008661,34.692567],[137.0087,34.69254],[137.008732,34.692514],[137.008743,34.6925],[137.008752,34.69248],[137.008758,34.692462],[137.008759,34.692445],[137.008751,34.692416],[137.008748,34.692403],[137.008744,34.692385],[137.008741,34.692346],[137.008736,34.692305],[137.008724,34.692268],[137.008717,34.692233],[137.008719,34.692215],[137.008735,34.692179],[137.008757,34.692142],[137.008775,34.692105],[137.00878,34.692086],[137.008781,34.692046],[137.008777,34.692007],[137.008769,34.691969],[137.008768,34.691932],[137.008778,34.691896],[137.008801,34.691858],[137.008829,34.691813],[137.008841,34.691788],[137.00885,34.691761],[137.008852,34.691703],[137.008848,34.691653],[137.008848,34.691623],[137.008856,34.6916],[137.00887,34.691569],[137.008883,34.691535],[137.008892,34.691479],[137.008895,34.691439],[137.008898,34.691407],[137.0089,34.691368],[137.008903,34.69133],[137.008902,34.691298],[137.008901,34.691286],[137.008895,34.691271],[137.008878,34.691243],[137.008858,34.69122],[137.008842,34.691205],[137.008837,34.691201],[137.008834,34.691194],[137.008834,34.691182],[137.008835,34.691169],[137.008832,34.69116],[137.008826,34.691149],[137.008806,34.691126],[137.008777,34.691099],[137.008745,34.691074],[137.008732,34.691065],[137.008712,34.691055],[137.008697,34.691051],[137.008681,34.69105],[137.008666,34.691051],[137.008637,34.691064],[137.00861,34.691077],[137.008582,34.691087],[137.008554,34.691096],[137.008539,34.6911],[137.008527,34.691102],[137.008517,34.691102],[137.00851,34.691098],[137.008504,34.691093],[137.008483,34.691074],[137.008439,34.691042],[137.008395,34.691016],[137.00836,34.690996],[137.00833,34.690983],[137.008279,34.690966],[137.008171,34.690941],[137.007951,34.690888],[137.007861,34.69087],[137.007796,34.690858],[137.007751,34.690856],[137.007729,34.690858],[137.007679,34.690867],[137.007635,34.690882],[137.00761,34.690894],[137.007595,34.6909],[137.007588,34.690902],[137.007574,34.690901],[137.007555,34.690896],[137.007517,34.69089],[137.007471,34.690883],[137.007416,34.690878],[137.007359,34.690877],[137.0073,34.69088],[137.007236,34.690884],[137.007172,34.690886],[137.007118,34.69089],[137.007078,34.690899],[137.007039,34.690909],[137.007007,34.69092],[137.006997,34.690928],[137.006991,34.690935],[137.00699,34.690943],[137.006992,34.690964],[137.006988,34.690985],[137.006984,34.690997],[137.006977,34.691005],[137.006968,34.691011],[137.006958,34.691015],[137.006937,34.691019],[137.00691,34.691017],[137.006887,34.691013],[137.006868,34.691008],[137.006845,34.690997],[137.00681,34.690977],[137.006772,34.690956],[137.006734,34.690939],[137.006717,34.690934],[137.006694,34.690929],[137.006666,34.690924],[137.006645,34.690923],[137.00662,34.690924],[137.006596,34.690928],[137.006573,34.690935],[137.006551,34.690945],[137.006513,34.690966],[137.006494,34.690974],[137.006459,34.690989],[137.00644,34.691001],[137.006429,34.691011],[137.006405,34.691039],[137.006385,34.691063],[137.006374,34.691071],[137.006361,34.691078],[137.006344,34.691084],[137.00632,34.691086],[137.006266,34.691093],[137.00622,34.691104],[137.006211,34.691109],[137.006205,34.691113],[137.0062,34.691118],[137.006194,34.691124],[137.006189,34.691137],[137.006188,34.691152],[137.006191,34.691166],[137.006203,34.691193],[137.006213,34.69121],[137.006223,34.69122],[137.006235,34.691231],[137.00625,34.691244],[137.006263,34.691256],[137.006276,34.691269],[137.006284,34.691283],[137.006291,34.691295],[137.00624,34.691294],[137.00624,34.691281],[137.006138,34.691281],[137.006138,34.69132],[137.006162,34.69132],[137.006162,34.691301],[137.006216,34.691301],[137.006216,34.691314],[137.006216,34.691323],[137.006249,34.691323],[137.00625,34.691314],[137.006278,34.691314],[137.006278,34.691372],[137.006328,34.691372],[137.00633,34.691378],[137.006337,34.691398],[137.006348,34.691413],[137.006361,34.691427],[137.006366,34.691435],[137.006369,34.691444],[137.006374,34.69146],[137.006376,34.691476],[137.006372,34.691516],[137.00637,34.691567],[137.006369,34.691604],[137.00637,34.691631],[137.006368,34.691649],[137.006362,34.691662],[137.00635,34.691677],[137.006342,34.691684],[137.006331,34.69169],[137.006301,34.691704],[137.006273,34.691722],[137.006259,34.691733],[137.006249,34.691747],[137.006233,34.691776],[137.006222,34.691802],[137.00622,34.691814],[137.00622,34.691825],[137.006221,34.691834],[137.006224,34.69184],[137.006231,34.691846],[137.00624,34.691851],[137.006253,34.691855],[137.006263,34.691857],[137.006277,34.691858],[137.006292,34.691856],[137.006302,34.691853],[137.006319,34.691844],[137.006343,34.691829],[137.006359,34.69182],[137.006364,34.691819],[137.00637,34.691819],[137.006375,34.69182],[137.006377,34.691822],[137.006381,34.691827],[137.006383,34.691835],[137.00638,34.691857],[137.006376,34.691889],[137.006373,34.691923],[137.006369,34.691958],[137.006363,34.691988],[137.006356,34.692018],[137.00635,34.692046],[137.00635,34.692076],[137.006351,34.69209],[137.006355,34.692102],[137.006364,34.692114],[137.006376,34.692125],[137.006392,34.692135],[137.006411,34.692141],[137.006435,34.692148],[137.00646,34.692152],[137.006571,34.692163],[137.006637,34.692175],[137.006693,34.692186],[137.006728,34.692194],[137.006756,34.692204],[137.006786,34.692218],[137.006816,34.692238],[137.006839,34.69226],[137.006848,34.692271],[137.006854,34.692284],[137.006858,34.6923],[137.006858,34.692309],[137.006855,34.692321],[137.00685,34.692332],[137.006838,34.692343],[137.00683,34.692348],[137.006806,34.692359],[137.006782,34.692365],[137.006771,34.692369],[137.006764,34.692374],[137.006759,34.692382],[137.006759,34.692392],[137.00676,34.6924],[137.006766,34.692411],[137.006777,34.692422],[137.006786,34.692428],[137.006801,34.692436],[137.006819,34.692441],[137.00686,34.692446],[137.006903,34.692451],[137.00694,34.692458],[137.006958,34.692463],[137.006971,34.692469],[137.006983,34.692477],[137.00699,34.692484],[137.007009,34.692505],[137.007031,34.692536],[137.007054,34.692572],[137.00707,34.692607],[137.007079,34.692637],[137.007079,34.692647],[137.007074,34.692657],[137.007069,34.692661],[137.007046,34.692672],[137.00703,34.692678],[137.007016,34.692686],[137.007006,34.692697],[137.007003,34.692704],[137.007001,34.692712],[137.007002,34.69273],[137.007006,34.692742],[137.007011,34.692749],[137.007019,34.69276],[137.007028,34.692767],[137.007041,34.692776],[137.007053,34.692781],[137.007086,34.692794],[137.007168,34.692814],[137.00726,34.692829],[137.007362,34.692843],[137.007465,34.692852],[137.007564,34.692861],[137.007652,34.692872],[137.007742,34.69288],[137.007838,34.692877],[137.007885,34.692873],[137.007924,34.692864],[137.007955,34.692855],[137.007978,34.692844],[137.008002,34.692828],[137.008043,34.692796],[137.008089,34.692763],[137.008108,34.692749],[137.008133,34.692739],[137.008168,34.69273],[137.008193,34.692722]]]}},{"type":"Feature","id":"234450080","properties":{"KEY_CODE":"234450080","PREF":"23","CITY":"445","S_AREA":"008000","PREF_NAME":"愛知県","CITY_NAME":"南知多町","S_NAME":"大字篠島","HCODE":8101,"AREA":52047.337,"KIGO_E":"E2","JINKO":0,"SETAI":0,"X_CODE":137.007846,"Y_CODE":34.658347},"geometry":{"type":"Polygon","coordinates":[[[137.007272,34.659935],[137.007292,34.659934],[137.007312,34.659939],[137.007335,34.659947],[137.007365,34.659951],[137.007397,34.659952],[137.007419,34.659948],[137.00744,34.659942],[137.007456,34.659935],[137.007471,34.659924],[137.007476,34.659911],[137.007486,34.659901],[137.007501,34.659892],[137.00752,34.659889],[137.007534,34.659891],[137.007546,34.6599],[137.007555,34.659911],[137.007564,34.659924],[137.00757,34.659931],[137.007581,34.659938],[137.00759,34.659938],[137.007601,34.659934],[137.007615,34.659924],[137.007618,34.659921],[137.007622,34.659917],[137.007627,34.659912],[137.007642,34.659894],[137.007655,34.659868],[137.007659,34.659863],[137.007677,34.659818],[137.007689,34.659804],[137.007697,34.659798],[137.007721,34.659786],[137.00773,34.659783],[137.007795,34.659745],[137.007805,34.65974],[137.007847,34.65972],[137.007887,34.659709],[137.007962,34.659697],[137.008056,34.659688],[137.008118,34.659678],[137.008165,34.659668],[137.008198,34.659654],[137.008227,34.65963],[137.008225,34.659649],[137.008204,34.659707],[137.008224,34.659713],[137.008232,34.659691],[137.008246,34.659645],[137.008289,34.659649],[137.008294,34.659649],[137.008299,34.659649],[137.008313,34.659648],[137.008325,34.659646],[137.008349,34.659642],[137.008418,34.659622],[137.008439,34.659616],[137.00848,34.659601],[137.008512,34.659595],[137.008524,34.659596],[137.008542,34.659599],[137.008545,34.6596],[137.008548,34.659601],[137.008555,34.659604],[137.008558,34.659607],[137.008561,34.65961],[137.008567,34.659619],[137.008569,34.659623],[137.00857,34.659625],[137.008572,34.659631],[137.008589,34.659641],[137.00862,34.659652],[137.008628,34.659638],[137.008629,34.659634],[137.00863,34.659632],[137.008631,34.659624],[137.008628,34.659611],[137.008615,34.659597],[137.008616,34.65959],[137.008617,34.659587],[137.008618,34.659585],[137.008619,34.659582],[137.008621,34.659579],[137.008625,34.659576],[137.008632,34.65957],[137.008637,34.659569],[137.008641,34.659567],[137.008672,34.659557],[137.008679,34.659554],[137.008686,34.659551],[137.008728,34.659535],[137.008736,34.659533],[137.008778,34.659524],[137.008805,34.659515],[137.008808,34.659512],[137.008811,34.659507],[137.008813,34.6595],[137.008811,34.659496],[137.008809,34.659488],[137.008796,34.659479],[137.008793,34.659479],[137.00879,34.659478],[137.008768,34.65947],[137.008765,34.659469],[137.00876,34.659468],[137.008742,34.659462],[137.008738,34.659462],[137.008734,34.659462],[137.008724,34.659461],[137.008721,34.65946],[137.008718,34.659459],[137.008711,34.659456],[137.008705,34.659449],[137.008704,34.659443],[137.008707,34.659434],[137.008728,34.659406],[137.008729,34.659404],[137.00873,34.6594],[137.008732,34.659392],[137.008732,34.659388],[137.008732,34.659386],[137.008727,34.659374],[137.008719,34.659368],[137.008708,34.659368],[137.008663,34.659418],[137.008627,34.659439],[137.008616,34.659442],[137.008613,34.659442],[137.00861,34.659442],[137.008596,34.659441],[137.008592,34.65944],[137.008589,34.659439],[137.008575,34.659435],[137.008553,34.659422],[137.008534,34.659403],[137.008532,34.6594],[137.00853,34.659396],[137.008517,34.659374],[137.008513,34.659355],[137.008513,34.659349],[137.008513,34.659344],[137.008519,34.65931],[137.008519,34.659305],[137.008518,34.659265],[137.008511,34.659205],[137.008492,34.659124],[137.00847,34.659046],[137.00847,34.659039],[137.00847,34.659026],[137.008471,34.659023],[137.008472,34.659018],[137.008473,34.659008],[137.008476,34.659002],[137.008482,34.65899],[137.008485,34.658986],[137.008488,34.658981],[137.008503,34.658968],[137.00851,34.658963],[137.008547,34.65894],[137.008557,34.658936],[137.008562,34.658933],[137.008588,34.658912],[137.00859,34.658909],[137.008593,34.658905],[137.008598,34.658896],[137.008597,34.65889],[137.008595,34.658886],[137.008594,34.658883],[137.00859,34.658876],[137.008588,34.658873],[137.008586,34.658871],[137.008577,34.658861],[137.008573,34.658858],[137.008568,34.658855],[137.008537,34.658835],[137.008532,34.658832],[137.008519,34.65882],[137.008516,34.658814],[137.008512,34.658806],[137.008511,34.658801],[137.00851,34.658764],[137.008511,34.65876],[137.008512,34.658755],[137.008518,34.658726],[137.008568,34.658671],[137.008571,34.658666],[137.008631,34.658586],[137.008635,34.65858],[137.00857,34.65853],[137.008559,34.658515],[137.008558,34.658512],[137.008557,34.658509],[137.00855,34.658492],[137.008582,34.658482],[137.00862,34.658476],[137.008701,34.658471],[137.008773,34.65847],[137.008783,34.658469],[137.008809,34.658465],[137.008815,34.658464],[137.00882,34.658463],[137.008841,34.658462],[137.008845,34.658462],[137.008848,34.658462],[137.008866,34.658463],[137.00887,34.658462],[137.008879,34.658458],[137.00889,34.658448],[137.008891,34.658446],[137.008893,34.658442],[137.008895,34.658437],[137.008895,34.658425],[137.008894,34.65842],[137.008889,34.658411],[137.008868,34.658386],[137.008894,34.658367],[137.008898,34.658365],[137.008901,34.658364],[137.008911,34.658356],[137.008911,34.65835],[137.008905,34.658345],[137.008883,34.658339],[137.008879,34.658337],[137.008876,34.658335],[137.008851,34.658326],[137.008877,34.658313],[137.00891,34.658311],[137.008929,34.658299],[137.008933,34.65829],[137.008927,34.658277],[137.008925,34.658274],[137.008923,34.658272],[137.008911,34.658265],[137.008907,34.658264],[137.008897,34.658261],[137.008893,34.658259],[137.008877,34.658253],[137.008919,34.658205],[137.008967,34.658145],[137.008976,34.658136],[137.009016,34.658097],[137.009047,34.658081],[137.009051,34.658079],[137.009055,34.658077],[137.009067,34.658073],[137.009098,34.658071],[137.009114,34.658064],[137.009134,34.658046],[137.009138,34.658038],[137.009142,34.658022],[137.009142,34.658019],[137.009142,34.658017],[137.009138,34.658002],[137.009137,34.658],[137.009136,34.657997],[137.00913,34.657983],[137.00913,34.657981],[137.00913,34.657977],[137.009132,34.657972],[137.009146,34.657952],[137.009149,34.657939],[137.009149,34.657934],[137.009148,34.657928],[137.009147,34.657924],[137.009145,34.657919],[137.009111,34.657872],[137.009105,34.657864],[137.009099,34.657858],[137.009041,34.657798],[137.009032,34.65779],[137.009007,34.657762],[137.008984,34.657722],[137.008979,34.657697],[137.008979,34.657691],[137.008973,34.657641],[137.008972,34.657632],[137.008969,34.657579],[137.008957,34.657524],[137.008939,34.657458],[137.008936,34.657453],[137.008935,34.657447],[137.008933,34.65744],[137.008926,34.657418],[137.008917,34.657411],[137.00889,34.657401],[137.008869,34.657398],[137.008862,34.657398],[137.008857,34.657398],[137.008811,34.657396],[137.008824,34.657371],[137.008825,34.657367],[137.008836,34.657329],[137.008843,34.657271],[137.008842,34.657233],[137.00884,34.657225],[137.008833,34.657201],[137.008827,34.657188],[137.008817,34.657176],[137.00881,34.657171],[137.008779,34.657154],[137.008759,34.657148],[137.00875,34.657146],[137.008724,34.657142],[137.008689,34.657142],[137.008651,34.657148],[137.008597,34.657168],[137.008591,34.65717],[137.008541,34.657194],[137.008548,34.657171],[137.008546,34.65716],[137.008545,34.657158],[137.008544,34.657155],[137.008541,34.657146],[137.008541,34.657143],[137.008541,34.65714],[137.008547,34.657124],[137.008548,34.657122],[137.008549,34.657119],[137.008554,34.657103],[137.008554,34.657098],[137.008553,34.657095],[137.008552,34.657093],[137.008549,34.657088],[137.008528,34.657062],[137.008527,34.657059],[137.008526,34.657056],[137.008526,34.657053],[137.008527,34.65705],[137.008528,34.657048],[137.008537,34.657031],[137.008537,34.657021],[137.008536,34.657018],[137.008535,34.657015],[137.00853,34.65701],[137.008525,34.657005],[137.008514,34.657001],[137.0085,34.657004],[137.008497,34.657006],[137.008489,34.657008],[137.008486,34.657008],[137.008477,34.657008],[137.008465,34.657004],[137.008456,34.656986],[137.008455,34.656983],[137.008451,34.656975],[137.008374,34.656886],[137.008345,34.656859],[137.008338,34.656854],[137.008306,34.656835],[137.008301,34.656832],[137.00829,34.656828],[137.008283,34.656827],[137.008273,34.656827],[137.008259,34.65683],[137.008237,34.65684],[137.008222,34.656852],[137.008218,34.656855],[137.008213,34.656859],[137.008192,34.656883],[137.008183,34.6569],[137.008181,34.656905],[137.008173,34.656913],[137.008157,34.656917],[137.008151,34.656918],[137.008143,34.656913],[137.008141,34.656907],[137.008145,34.656889],[137.00816,34.65687],[137.008165,34.656855],[137.008165,34.65683],[137.008165,34.656823],[137.008158,34.656799],[137.008149,34.656785],[137.008146,34.65678],[137.008142,34.656777],[137.008123,34.656761],[137.008118,34.656758],[137.008114,34.656755],[137.008104,34.656751],[137.008099,34.65675],[137.008096,34.656749],[137.008062,34.65675],[137.008048,34.656744],[137.008047,34.656736],[137.008052,34.656727],[137.008052,34.656718],[137.008052,34.656715],[137.008052,34.656712],[137.00805,34.656689],[137.008048,34.656684],[137.008046,34.656681],[137.008043,34.656678],[137.008035,34.656671],[137.008031,34.656669],[137.008028,34.656668],[137.008019,34.656665],[137.007993,34.656665],[137.007948,34.656683],[137.007945,34.656685],[137.007935,34.656687],[137.007914,34.656686],[137.007873,34.656671],[137.007869,34.656668],[137.007863,34.656662],[137.007862,34.656659],[137.007861,34.656656],[137.00786,34.656646],[137.007869,34.656633],[137.00787,34.65663],[137.007871,34.656627],[137.00787,34.656615],[137.007859,34.656601],[137.007848,34.656597],[137.007844,34.656596],[137.007841,34.656595],[137.007836,34.656595],[137.007832,34.656595],[137.007828,34.656595],[137.00782,34.656596],[137.007815,34.656597],[137.007811,34.656598],[137.007796,34.656603],[137.00779,34.656606],[137.007786,34.656608],[137.007771,34.656619],[137.007766,34.656623],[137.00776,34.656628],[137.007748,34.656644],[137.007724,34.656683],[137.007684,34.656728],[137.007636,34.65678],[137.007601,34.656817],[137.007594,34.656835],[137.007592,34.656839],[137.00759,34.656859],[137.00759,34.656864],[137.00759,34.656869],[137.007592,34.656883],[137.007593,34.656888],[137.007595,34.656891],[137.007608,34.656923],[137.007613,34.656963],[137.007616,34.657027],[137.007606,34.657065],[137.007604,34.657068],[137.007601,34.657072],[137.007595,34.657075],[137.007585,34.657077],[137.007582,34.657077],[137.007578,34.657077],[137.007575,34.657076],[137.007571,34.657075],[137.007568,34.657074],[137.007563,34.65707],[137.007559,34.657065],[137.007559,34.657037],[137.007554,34.657031],[137.007544,34.65703],[137.007534,34.657036],[137.007533,34.65704],[137.007532,34.657043],[137.007532,34.657046],[137.007533,34.657048],[137.007534,34.657071],[137.007535,34.657075],[137.007535,34.657126],[137.007529,34.657138],[137.007486,34.65716],[137.007449,34.657175],[137.007442,34.657178],[137.007419,34.657191],[137.007411,34.657196],[137.007403,34.657202],[137.007302,34.65729],[137.007284,34.657299],[137.007277,34.657304],[137.007254,34.657316],[137.007246,34.657316],[137.007234,34.657318],[137.007211,34.657312],[137.007206,34.657311],[137.007202,34.65731],[137.007177,34.657302],[137.007173,34.6573],[137.00716,34.657297],[137.007155,34.657297],[137.007151,34.657297],[137.007132,34.657302],[137.007126,34.657307],[137.007124,34.65731],[137.007121,34.657313],[137.007119,34.657318],[137.00712,34.657331],[137.007134,34.657343],[137.007145,34.657343],[137.007151,34.657343],[137.007161,34.657347],[137.007165,34.657348],[137.007168,34.657349],[137.007203,34.657363],[137.007206,34.657365],[137.00721,34.657367],[137.007225,34.657378],[137.007229,34.657382],[137.007234,34.65739],[137.007236,34.657394],[137.007238,34.657398],[137.007247,34.657425],[137.007248,34.657428],[137.007255,34.657454],[137.007255,34.657461],[137.007253,34.657471],[137.007241,34.657487],[137.007238,34.65749],[137.007234,34.657498],[137.007234,34.657505],[137.007235,34.657508],[137.007243,34.657521],[137.007245,34.657524],[137.007247,34.657527],[137.007261,34.657552],[137.007263,34.657555],[137.007265,34.657559],[137.00727,34.65758],[137.007271,34.657584],[137.007272,34.657589],[137.007272,34.657601],[137.007269,34.65761],[137.007266,34.657615],[137.007263,34.657619],[137.007259,34.65762],[137.007256,34.657622],[137.007242,34.657628],[137.007224,34.657632],[137.007219,34.657632],[137.007212,34.657632],[137.007207,34.657631],[137.007201,34.65763],[137.007196,34.657629],[137.007191,34.657629],[137.007184,34.657629],[137.007173,34.657631],[137.007168,34.657633],[137.007156,34.65764],[137.007152,34.657643],[137.007149,34.657645],[137.007146,34.657649],[137.007144,34.657653],[137.007141,34.657656],[137.007137,34.657665],[137.007141,34.657703],[137.007143,34.657707],[137.007152,34.657744],[137.007154,34.657751],[137.007158,34.657779],[137.007155,34.6578],[137.007147,34.657822],[137.007139,34.657835],[137.007136,34.657838],[137.007132,34.657842],[137.007122,34.657847],[137.007117,34.65785],[137.007112,34.657852],[137.007106,34.657853],[137.0071,34.657854],[137.007062,34.657854],[137.007056,34.657854],[137.007048,34.657853],[137.007028,34.657848],[137.007021,34.657846],[137.007014,34.657845],[137.006965,34.657835],[137.006954,34.65784],[137.006946,34.657852],[137.006945,34.657854],[137.006939,34.657859],[137.006936,34.657861],[137.006934,34.657862],[137.006927,34.657865],[137.006924,34.657866],[137.006921,34.657867],[137.006912,34.657868],[137.006896,34.657858],[137.006892,34.657855],[137.006863,34.657843],[137.006857,34.657842],[137.00685,34.65784],[137.006843,34.657839],[137.006837,34.657839],[137.006819,34.657843],[137.006805,34.657855],[137.006799,34.657865],[137.006798,34.657868],[137.006797,34.657872],[137.006797,34.657886],[137.006803,34.657896],[137.006805,34.657898],[137.006807,34.657901],[137.006816,34.657906],[137.006832,34.65791],[137.006836,34.657911],[137.006872,34.657917],[137.006876,34.657917],[137.006879,34.657917],[137.006892,34.657919],[137.006899,34.657928],[137.006893,34.657936],[137.006886,34.657936],[137.00688,34.657937],[137.006859,34.657936],[137.006855,34.657935],[137.00678,34.657934],[137.006775,34.657935],[137.006771,34.657936],[137.006767,34.657937],[137.006761,34.657941],[137.006756,34.657949],[137.006756,34.657961],[137.006761,34.657971],[137.006779,34.657978],[137.006782,34.657979],[137.00681,34.657988],[137.006813,34.657989],[137.006817,34.657989],[137.006824,34.657989],[137.006829,34.657989],[137.006832,34.657989],[137.006837,34.657991],[137.006842,34.657998],[137.006843,34.658],[137.006843,34.658003],[137.006841,34.658008],[137.006823,34.658018],[137.00682,34.658024],[137.006818,34.658033],[137.006819,34.658044],[137.006822,34.65805],[137.006831,34.658059],[137.006846,34.658064],[137.006849,34.658065],[137.006855,34.658067],[137.006879,34.658071],[137.006899,34.65807],[137.006904,34.658069],[137.006908,34.658068],[137.006931,34.658061],[137.006935,34.65806],[137.006956,34.658059],[137.006964,34.658065],[137.006964,34.658076],[137.006962,34.658081],[137.006959,34.658083],[137.006957,34.658086],[137.006947,34.658094],[137.006917,34.658101],[137.006881,34.658111],[137.006871,34.658113],[137.006863,34.658114],[137.006828,34.658111],[137.006821,34.658111],[137.006786,34.658106],[137.006779,34.658104],[137.006734,34.658096],[137.006728,34.658095],[137.006681,34.658093],[137.006659,34.658098],[137.006654,34.658099],[137.006648,34.6581],[137.006639,34.658104],[137.006633,34.658106],[137.006629,34.658109],[137.00661,34.658123],[137.006608,34.658131],[137.006611,34.658137],[137.006613,34.65814],[137.006616,34.658142],[137.006624,34.658148],[137.006634,34.658147],[137.006637,34.658147],[137.006644,34.658144],[137.006647,34.658143],[137.006651,34.658142],[137.00666,34.658142],[137.006681,34.658145],[137.006684,34.658146],[137.006696,34.658151],[137.006713,34.658168],[137.006716,34.658173],[137.006718,34.658182],[137.006719,34.658185],[137.00672,34.658188],[137.006727,34.658195],[137.006757,34.658202],[137.006788,34.6582],[137.006793,34.658205],[137.006796,34.658208],[137.006798,34.658209],[137.0068,34.658213],[137.006797,34.658223],[137.006789,34.658226],[137.006764,34.658226],[137.006727,34.658216],[137.006721,34.658215],[137.006717,34.658215],[137.006673,34.658203],[137.00664,34.658191],[137.006618,34.658173],[137.006609,34.658171],[137.006599,34.658173],[137.006588,34.658181],[137.006586,34.658189],[137.006589,34.658198],[137.006593,34.658202],[137.006613,34.658212],[137.006631,34.658242],[137.006632,34.658246],[137.006638,34.658256],[137.006641,34.658259],[137.006648,34.658264],[137.006653,34.658266],[137.006657,34.658268],[137.006679,34.658274],[137.006685,34.658277],[137.006722,34.658287],[137.006728,34.658288],[137.006772,34.658303],[137.006778,34.658306],[137.006784,34.658309],[137.006819,34.65833],[137.006824,34.658337],[137.006819,34.658345],[137.006813,34.65835],[137.006808,34.658352],[137.006801,34.658353],[137.006796,34.658353],[137.006789,34.658352],[137.006784,34.658351],[137.006754,34.658351],[137.006744,34.658351],[137.006628,34.658361],[137.006591,34.658367],[137.006568,34.658374],[137.006557,34.65838],[137.006533,34.658394],[137.006528,34.658398],[137.006521,34.658406],[137.006517,34.658413],[137.006517,34.658428],[137.006521,34.658441],[137.006529,34.658448],[137.006532,34.65845],[137.006535,34.658451],[137.006562,34.658459],[137.006593,34.658464],[137.006628,34.658462],[137.006639,34.658464],[137.006642,34.658466],[137.006646,34.658467],[137.006651,34.658471],[137.006654,34.658475],[137.006654,34.65848],[137.006653,34.658483],[137.006652,34.658486],[137.006644,34.6585],[137.006642,34.658503],[137.006641,34.658506],[137.006633,34.658519],[137.006632,34.658524],[137.006632,34.658535],[137.006639,34.658553],[137.00666,34.658567],[137.006681,34.658573],[137.006686,34.658575],[137.006693,34.658576],[137.006697,34.658577],[137.006718,34.658577],[137.00674,34.658573],[137.006748,34.658572],[137.006775,34.65857],[137.006778,34.65857],[137.006782,34.65857],[137.006792,34.658571],[137.0068,34.658579],[137.006802,34.65859],[137.006802,34.658593],[137.006814,34.658619],[137.006832,34.658638],[137.006837,34.658641],[137.006841,34.658642],[137.006845,34.658643],[137.006857,34.658645],[137.006873,34.658637],[137.006877,34.658634],[137.00688,34.658633],[137.006885,34.658631],[137.00689,34.65863],[137.006931,34.658618],[137.006934,34.658616],[137.006939,34.658614],[137.006945,34.658612],[137.00695,34.658611],[137.006953,34.65861],[137.006961,34.65861],[137.006968,34.658616],[137.00697,34.658619],[137.006974,34.658627],[137.006973,34.658641],[137.006963,34.658648],[137.006957,34.65865],[137.006953,34.658654],[137.00695,34.658658],[137.00695,34.658666],[137.006956,34.658678],[137.00697,34.658686],[137.006974,34.658686],[137.006994,34.6587],[137.007002,34.658711],[137.007003,34.658723],[137.006997,34.658733],[137.00699,34.658738],[137.006987,34.658739],[137.006983,34.65874],[137.006976,34.65874],[137.006884,34.6587],[137.006876,34.658697],[137.006849,34.65869],[137.006843,34.658687],[137.006826,34.658684],[137.00682,34.658684],[137.006814,34.658684],[137.006809,34.658686],[137.006803,34.658689],[137.006797,34.658693],[137.006784,34.65872],[137.00678,34.658726],[137.006778,34.658731],[137.006775,34.658743],[137.006774,34.658748],[137.006774,34.658755],[137.006774,34.658772],[137.006775,34.658778],[137.006781,34.658801],[137.006798,34.658821],[137.006823,34.65883],[137.006826,34.658832],[137.006829,34.658834],[137.006846,34.658846],[137.00685,34.658849],[137.006883,34.658867],[137.006887,34.658869],[137.00689,34.658871],[137.006904,34.658885],[137.006913,34.658901],[137.006915,34.658905],[137.006917,34.65891],[137.006942,34.658947],[137.006949,34.658956],[137.00699,34.659008],[137.007052,34.659065],[137.00706,34.659072],[137.007187,34.659199],[137.007194,34.659204],[137.00723,34.65923],[137.007238,34.659235],[137.007244,34.659239],[137.007302,34.659282],[137.00731,34.659287],[137.007316,34.659293],[137.007328,34.659305],[137.007333,34.659313],[137.007338,34.659318],[137.007355,34.659347],[137.007358,34.65936],[137.00736,34.659366],[137.007358,34.659392],[137.007357,34.659396],[137.007354,34.659402],[137.007349,34.659407],[137.007335,34.659415],[137.00733,34.659415],[137.007326,34.659414],[137.007314,34.659407],[137.007307,34.659405],[137.007304,34.659404],[137.007245,34.659374],[137.007236,34.65937],[137.007211,34.659357],[137.007205,34.659352],[137.007195,34.659349],[137.007188,34.659348],[137.007182,34.659349],[137.007173,34.659354],[137.007166,34.65936],[137.007157,34.659391],[137.007153,34.659397],[137.007151,34.659421],[137.00715,34.659425],[137.007149,34.659466],[137.007155,34.659567],[137.007153,34.659586],[137.007147,34.659592],[137.007127,34.659596],[137.007096,34.659594],[137.007062,34.659589],[137.007037,34.659582],[137.007022,34.659569],[137.007007,34.659545],[137.006989,34.65951],[137.006976,34.65948],[137.006967,34.659456],[137.006952,34.659437],[137.006933,34.659419],[137.006915,34.659398],[137.006901,34.659374],[137.006892,34.659354],[137.006881,34.659341],[137.006863,34.659333],[137.00684,34.659331],[137.006822,34.659339],[137.006811,34.659354],[137.00681,34.65937],[137.006814,34.659388],[137.006824,34.659414],[137.006834,34.659445],[137.006837,34.659467],[137.006829,34.659477],[137.006813,34.659484],[137.006793,34.659494],[137.006781,34.659508],[137.006778,34.659518],[137.006775,34.659539],[137.006769,34.65956],[137.006753,34.659571],[137.006736,34.659574],[137.00671,34.659572],[137.006681,34.659578],[137.006668,34.659585],[137.006661,34.659596],[137.006656,34.659607],[137.006655,34.659622],[137.006659,34.659636],[137.006669,34.659659],[137.006678,34.659666],[137.0067,34.659676],[137.006729,34.65968],[137.006762,34.659681],[137.006791,34.659679],[137.006813,34.659672],[137.006821,34.659666],[137.006835,34.659652],[137.006853,34.65964],[137.006876,34.659635],[137.006888,34.659637],[137.006911,34.659647],[137.006921,34.659658],[137.006931,34.659673],[137.006944,34.659708],[137.00695,34.659745],[137.006944,34.659771],[137.006936,34.659787],[137.006928,34.659793],[137.006912,34.659794],[137.006882,34.659795],[137.006852,34.659802],[137.006843,34.659809],[137.006837,34.659817],[137.006833,34.659844],[137.006827,34.659882],[137.006822,34.659923],[137.006817,34.659929],[137.006811,34.659934],[137.006805,34.659935],[137.0068,34.659936],[137.006792,34.659935],[137.006786,34.659934],[137.00678,34.65993],[137.006776,34.659923],[137.006769,34.659846],[137.006763,34.659828],[137.006756,34.659824],[137.006743,34.659822],[137.006727,34.659827],[137.006716,34.659837],[137.006712,34.659849],[137.006714,34.659866],[137.006716,34.659891],[137.006719,34.659923],[137.006721,34.659941],[137.006724,34.659957],[137.006738,34.659977],[137.006757,34.659991],[137.006779,34.660001],[137.006802,34.660007],[137.006821,34.660006],[137.006842,34.660002],[137.006863,34.659996],[137.006884,34.659993],[137.006901,34.659992],[137.006921,34.659996],[137.006942,34.660004],[137.006964,34.660012],[137.006983,34.660013],[137.007002,34.660012],[137.007019,34.660004],[137.007032,34.659991],[137.007031,34.65997],[137.007028,34.659946],[137.007019,34.659923],[137.007015,34.659918],[137.007006,34.659904],[137.006998,34.659888],[137.006996,34.659875],[137.006999,34.659864],[137.007006,34.659856],[137.007018,34.659849],[137.007026,34.659847],[137.007045,34.659852],[137.007065,34.659867],[137.007082,34.659888],[137.0071,34.659923],[137.007106,34.659947],[137.007113,34.659972],[137.007119,34.659987],[137.007128,34.659999],[137.007134,34.660006],[137.00714,34.660015],[137.007148,34.660025],[137.007163,34.660035],[137.007185,34.660037],[137.007205,34.660031],[137.007214,34.660016],[137.00722,34.659995],[137.00723,34.659971],[137.007242,34.659953],[137.007249,34.659943],[137.007258,34.659939],[137.007272,34.659935]]]}},{"type":"Feature","id":"234450080","properties":{"KEY_CODE":"234450080","PREF":"23","CITY":"445","S_AREA":"008000","PREF_NAME":"愛知県","CITY_NAME":"南知多町","S_NAME":"大字篠島","HCODE":8101,"AREA":8725.039,"KIGO_E":"E5","JINKO":0,"SETAI":0,"X_CODE":136.995236,"Y_CODE":34.667102},"geometry":{"type":"Polygon","coordinates":[[[136.995875,34.667289],[136.995868,34.667274],[136.995867,34.667268],[136.99587,34.667262],[136.995886,34.667258],[136.995917,34.667259],[136.995953,34.667259],[136.99597,34.667257],[136.995987,34.667254],[136.996001,34.667249],[136.996009,34.667243],[136.996016,34.667232],[136.996018,34.667223],[136.99602,34.667211],[136.996017,34.667201],[136.996011,34.667191],[136.995999,34.667182],[136.995988,34.667174],[136.995969,34.667166],[136.995923,34.667154],[136.995868,34.66714],[136.995811,34.667125],[136.995762,34.667115],[136.995723,34.667107],[136.995709,34.667104],[136.995698,34.667098],[136.99569,34.667093],[136.995685,34.667086],[136.995682,34.667077],[136.99568,34.667065],[136.995681,34.667041],[136.995684,34.667018],[136.995684,34.66701],[136.995682,34.666999],[136.995676,34.666991],[136.995665,34.666982],[136.995637,34.666968],[136.995613,34.666961],[136.995602,34.666959],[136.995596,34.666955],[136.995595,34.66695],[136.995595,34.666944],[136.995598,34.666937],[136.995604,34.66693],[136.995622,34.666917],[136.995631,34.666911],[136.995635,34.666903],[136.995637,34.666895],[136.995636,34.666887],[136.995631,34.666878],[136.99562,34.666867],[136.995608,34.666858],[136.995591,34.66685],[136.995583,34.666847],[136.995569,34.666847],[136.995554,34.666851],[136.995537,34.666861],[136.995526,34.666865],[136.99551,34.666868],[136.995501,34.666867],[136.995488,34.666863],[136.995473,34.666857],[136.995449,34.666846],[136.995432,34.666838],[136.995428,34.666834],[136.995425,34.666827],[136.995422,34.66682],[136.995419,34.666798],[136.995413,34.666777],[136.995407,34.666769],[136.995401,34.666764],[136.995391,34.66676],[136.995381,34.666757],[136.995369,34.666756],[136.995364,34.666757],[136.995359,34.666759],[136.995352,34.666765],[136.995345,34.666774],[136.995336,34.666795],[136.995332,34.666803],[136.995326,34.666806],[136.99532,34.666806],[136.995314,34.666803],[136.995307,34.666797],[136.995301,34.666792],[136.995295,34.666785],[136.99529,34.666778],[136.995287,34.66677],[136.995285,34.66676],[136.995284,34.666752],[136.995284,34.666744],[136.995286,34.666738],[136.995291,34.666732],[136.9953,34.66672],[136.995307,34.666712],[136.995311,34.6667],[136.995316,34.666685],[136.99532,34.666658],[136.995319,34.666649],[136.995316,34.666639],[136.99531,34.666632],[136.995301,34.666625],[136.99527,34.666612],[136.995253,34.666606],[136.995234,34.666604],[136.995218,34.666604],[136.995204,34.666607],[136.995189,34.666612],[136.995165,34.666627],[136.995153,34.666639],[136.995146,34.666648],[136.995129,34.66668],[136.995116,34.66672],[136.995106,34.666751],[136.995097,34.66677],[136.995092,34.666776],[136.995077,34.666779],[136.995059,34.666776],[136.995041,34.666761],[136.995021,34.666743],[136.994997,34.666723],[136.994975,34.666706],[136.994957,34.666691],[136.994951,34.666689],[136.994936,34.666684],[136.994921,34.666682],[136.994884,34.666683],[136.994845,34.666682],[136.994808,34.666677],[136.994778,34.666669],[136.99475,34.66666],[136.994718,34.666653],[136.994681,34.666649],[136.994645,34.666642],[136.994612,34.666636],[136.994586,34.666635],[136.994563,34.666637],[136.994553,34.666635],[136.99453,34.666618],[136.994509,34.666598],[136.994499,34.666591],[136.994489,34.666586],[136.994481,34.666585],[136.994475,34.666587],[136.99447,34.666591],[136.994466,34.666598],[136.994464,34.666607],[136.994462,34.666631],[136.994461,34.66666],[136.994463,34.666682],[136.994462,34.6667],[136.99446,34.666724],[136.994454,34.666755],[136.994449,34.666769],[136.994433,34.66679],[136.994416,34.666807],[136.994403,34.666826],[136.994399,34.666837],[136.994397,34.666849],[136.994396,34.666865],[136.994397,34.666874],[136.994403,34.666898],[136.994407,34.666909],[136.994412,34.666917],[136.994421,34.666929],[136.994429,34.666936],[136.994454,34.666955],[136.994482,34.666973],[136.994498,34.666988],[136.994508,34.667005],[136.994513,34.667026],[136.99452,34.667049],[136.994529,34.667065],[136.994546,34.66708],[136.994567,34.667095],[136.994598,34.667107],[136.994634,34.667116],[136.994654,34.667118],[136.994669,34.667118],[136.994692,34.667116],[136.994715,34.667113],[136.994745,34.667114],[136.994761,34.667118],[136.994774,34.667124],[136.99478,34.667133],[136.994785,34.667144],[136.994792,34.667167],[136.9948,34.667177],[136.994811,34.667186],[136.994827,34.667196],[136.994844,34.667204],[136.994888,34.667223],[136.994935,34.667242],[136.994975,34.667257],[136.995013,34.667269],[136.99505,34.667279],[136.995084,34.667286],[136.995107,34.667285],[136.995118,34.667286],[136.99513,34.66729],[136.995156,34.667308],[136.995182,34.667328],[136.9952,34.667334],[136.995221,34.667334],[136.995251,34.667337],[136.995269,34.667342],[136.9953,34.667359],[136.995328,34.667383],[136.995359,34.667402],[136.995393,34.667415],[136.995422,34.667421],[136.995447,34.667424],[136.995477,34.667425],[136.99551,34.66743],[136.995526,34.667436],[136.995551,34.667455],[136.995572,34.667485],[136.995606,34.667562],[136.995616,34.667619],[136.995621,34.667667],[136.995629,34.667716],[136.99564,34.667762],[136.995655,34.667801],[136.995666,34.667818],[136.995673,34.667827],[136.995694,34.667845],[136.995715,34.667862],[136.995731,34.667871],[136.995745,34.667876],[136.995772,34.667881],[136.995788,34.667882],[136.99581,34.667881],[136.99583,34.667876],[136.995846,34.667867],[136.995858,34.667855],[136.995875,34.667829],[136.99589,34.667803],[136.995894,34.66779],[136.995895,34.667775],[136.995885,34.667736],[136.99587,34.667694],[136.995856,34.667658],[136.995844,34.667629],[136.995832,34.667606],[136.995825,34.667587],[136.995822,34.667577],[136.995826,34.667551],[136.995837,34.667509],[136.995853,34.667454],[136.995875,34.667412],[136.995894,34.667388],[136.9959,34.667373],[136.995904,34.667357],[136.995902,34.667345],[136.995899,34.667329],[136.995895,34.667319],[136.995888,34.667308],[136.995875,34.667289]]]}},{"type":"Feature","id":"234450080","properties":{"KEY_CODE":"234450080","PREF":"23","CITY":"445","S_AREA":"008000","PREF_NAME":"愛知県","CITY_NAME":"南知多町","S_NAME":"大字篠島","HCODE":8101,"AREA":287.123,"KIGO_E":"E7","JINKO":0,"SETAI":0,"X_CODE":136.992434,"Y_CODE":34.670259},"geometry":{"type":"Polygon","coordinates":[[[136.992461,34.670155],[136.992451,34.670153],[136.992442,34.670155],[136.992376,34.670203],[136.992356,34.670219],[136.992335,34.670234],[136.992327,34.670243],[136.992324,34.670252],[136.992323,34.670266],[136.99233,34.670291],[136.99234,34.670311],[136.992353,34.670324],[136.992377,34.670334],[136.992415,34.670341],[136.992438,34.670341],[136.992484,34.670332],[136.992522,34.670317],[136.992531,34.670309],[136.992539,34.670298],[136.992538,34.670275],[136.992525,34.67024],[136.992505,34.670203],[136.992482,34.670171],[136.992461,34.670155]]]}},{"type":"Feature","id":"234450080","properties":{"KEY_CODE":"234450080","PREF":"23","CITY":"445","S_AREA":"008000","PREF_NAME":"愛知県","CITY_NAME":"南知多町","S_NAME":"大字篠島","HCODE":8101,"AREA":948322.889,"KIGO_E":"E1","JINKO":1518,"SETAI":583,"X_CODE":137.004826,"Y_CODE":34.676116},"geometry":{"type":"Polygon","coordinates":[[[137.00853,34.686298],[137.008484,34.686208],[137.00856,34.68617],[137.008576,34.68615],[137.008567,34.686117],[137.008458,34.686026],[137.008403,34.685927],[137.008383,34.685848],[137.008419,34.685731],[137.00847,34.685607],[137.008499,34.685518],[137.008526,34.685401],[137.008564,34.685336],[137.008623,34.685266],[137.008681,34.685205],[137.008702,34.685157],[137.008699,34.685089],[137.008683,34.685038],[137.008624,34.684987],[137.008602,34.684964],[137.008611,34.684856],[137.008611,34.684773],[137.008623,34.684723],[137.008661,34.684677],[137.008776,34.684619],[137.008894,34.684569],[137.009322,34.684389],[137.009888,34.684141],[137.010244,34.683965],[137.010287,34.683952],[137.010302,34.684038],[137.01032,34.684063],[137.01036,34.684069],[137.010401,34.684048],[137.010413,34.684015],[137.010419,34.683956],[137.010394,34.68389],[137.010474,34.68391],[137.010555,34.683899],[137.01061,34.683879],[137.010642,34.683848],[137.010653,34.683765],[137.010643,34.683656],[137.010606,34.683604],[137.010522,34.683558],[137.010524,34.683537],[137.010554,34.683514],[137.010569,34.683477],[137.01057,34.683425],[137.010534,34.683363],[137.010487,34.683325],[137.01044,34.683337],[137.010421,34.68342],[137.010404,34.683439],[137.010397,34.683414],[137.010372,34.683397],[137.010352,34.683312],[137.010323,34.683235],[137.010245,34.683126],[137.010246,34.683052],[137.010274,34.683004],[137.010387,34.682952],[137.010451,34.682866],[137.010441,34.682631],[137.010416,34.682602],[137.010353,34.68257],[137.010348,34.682552],[137.010433,34.682531],[137.010447,34.682519],[137.010435,34.682502],[137.010381,34.682473],[137.010367,34.682342],[137.010425,34.682337],[137.010467,34.682295],[137.010496,34.682231],[137.010473,34.682184],[137.010452,34.682151],[137.010498,34.682147],[137.010515,34.682124],[137.010518,34.682084],[137.010505,34.682065],[137.010524,34.682024],[137.010519,34.68199],[137.010491,34.681971],[137.010493,34.681928],[137.010544,34.681791],[137.010569,34.681724],[137.010564,34.68167],[137.010515,34.681557],[137.010521,34.68144],[137.0105,34.681395],[137.010477,34.681368],[137.010512,34.681265],[137.010498,34.681208],[137.010426,34.681134],[137.010417,34.680986],[137.010399,34.680673],[137.010387,34.680542],[137.010319,34.679819],[137.010283,34.679396],[137.010244,34.678934],[137.010214,34.678843],[137.0102,34.678681],[137.010184,34.678528],[137.010197,34.678306],[137.010241,34.678225],[137.010253,34.678143],[137.010239,34.678059],[137.01022,34.677987],[137.010203,34.677946],[137.010207,34.677902],[137.01022,34.677861],[137.010233,34.677702],[137.010193,34.677601],[137.010178,34.67757],[137.010175,34.677522],[137.010195,34.677416],[137.010195,34.677366],[137.010179,34.677317],[137.010136,34.67726],[137.010073,34.677227],[137.010048,34.677173],[137.009977,34.677099],[137.009912,34.677087],[137.009835,34.677113],[137.009676,34.677027],[137.009467,34.676948],[137.009484,34.676897],[137.009474,34.676877],[137.009444,34.676856],[137.009304,34.676852],[137.009245,34.676852],[137.009173,34.676856],[137.009151,34.676848],[137.009119,34.67681],[137.009093,34.676752],[137.009057,34.676744],[137.00899,34.676757],[137.008924,34.676778],[137.008911,34.67677],[137.008861,34.676724],[137.008823,34.676707],[137.008776,34.676712],[137.00873,34.676733],[137.008542,34.676723],[137.008496,34.676748],[137.008476,34.676782],[137.008471,34.676832],[137.008446,34.676842],[137.008364,34.676857],[137.008291,34.676892],[137.008238,34.676937],[137.008173,34.676976],[137.008137,34.676982],[137.008082,34.676974],[137.008085,34.676962],[137.0081,34.676931],[137.008083,34.676914],[137.008033,34.676914],[137.007958,34.67694],[137.007924,34.676964],[137.007873,34.676958],[137.007867,34.676958],[137.007783,34.676929],[137.007727,34.676911],[137.007677,34.676895],[137.007672,34.676893],[137.007623,34.676874],[137.007567,34.676853],[137.007525,34.676833],[137.007466,34.676806],[137.007403,34.676774],[137.007349,34.676749],[137.007294,34.676718],[137.007242,34.676691],[137.007167,34.676647],[137.007025,34.676565],[137.006927,34.676506],[137.006841,34.67645],[137.006762,34.676394],[137.006711,34.676359],[137.006655,34.676321],[137.006554,34.676245],[137.006439,34.676161],[137.006332,34.676076],[137.006246,34.676008],[137.006167,34.675944],[137.00609,34.675872],[137.006015,34.675803],[137.005893,34.675676],[137.005796,34.67558],[137.005735,34.675515],[137.005696,34.675461],[137.005679,34.675439],[137.005599,34.675337],[137.005512,34.675226],[137.005455,34.67517],[137.005384,34.675097],[137.005293,34.674984],[137.005241,34.674911],[137.005217,34.674877],[137.005117,34.674732],[137.005029,34.674588],[137.004949,34.67444],[137.004862,34.674274],[137.004809,34.674145],[137.004773,34.674019],[137.00473,34.673903],[137.00468,34.673787],[137.004667,34.673753],[137.004626,34.673646],[137.004567,34.673446],[137.004566,34.673443],[137.004512,34.67323],[137.004482,34.67303],[137.004459,34.672896],[137.004443,34.67278],[137.004444,34.672673],[137.004472,34.672549],[137.004505,34.672453],[137.004519,34.672411],[137.004563,34.672299],[137.004612,34.672198],[137.004648,34.672103],[137.004654,34.672089],[137.004658,34.672073],[137.004664,34.672059],[137.004672,34.672045],[137.004692,34.672023],[137.004716,34.672013],[137.004768,34.672008],[137.004836,34.671998],[137.004894,34.671976],[137.004926,34.67194],[137.004959,34.671857],[137.005038,34.671714],[137.005146,34.671582],[137.005236,34.671512],[137.005293,34.67149],[137.005332,34.671497],[137.005384,34.671517],[137.005442,34.671577],[137.005477,34.671592],[137.005512,34.671599],[137.005554,34.671603],[137.005585,34.671601],[137.005642,34.671587],[137.005698,34.671565],[137.005733,34.671538],[137.00576,34.671487],[137.005768,34.671418],[137.005766,34.671335],[137.005729,34.67124],[137.005705,34.671175],[137.005708,34.67116],[137.005729,34.67115],[137.005764,34.671154],[137.005804,34.671216],[137.005855,34.671382],[137.005878,34.671422],[137.005922,34.671456],[137.005974,34.671469],[137.006,34.671456],[137.006026,34.671414],[137.006039,34.67137],[137.00605,34.67132],[137.006098,34.671271],[137.006126,34.671229],[137.006131,34.67119],[137.006111,34.671134],[137.006089,34.671081],[137.006057,34.671038],[137.006006,34.670999],[137.005944,34.670982],[137.005899,34.67096],[137.005859,34.670961],[137.00583,34.670978],[137.005802,34.671027],[137.005787,34.671034],[137.005763,34.671023],[137.005771,34.671],[137.00579,34.670974],[137.005793,34.670946],[137.005768,34.670921],[137.005695,34.670916],[137.005643,34.670933],[137.005623,34.670951],[137.005627,34.670973],[137.005643,34.671023],[137.005582,34.670958],[137.005515,34.670875],[137.005513,34.670848],[137.00554,34.670786],[137.005531,34.670765],[137.005464,34.67068],[137.005437,34.670657],[137.005388,34.670647],[137.005363,34.670648],[137.005344,34.670628],[137.005319,34.670579],[137.005316,34.670553],[137.005304,34.670539],[137.005267,34.67051],[137.005223,34.670487],[137.005212,34.670465],[137.00523,34.670424],[137.005256,34.670397],[137.005263,34.670379],[137.00526,34.670357],[137.005243,34.670314],[137.005216,34.670294],[137.005165,34.670271],[137.005139,34.670256],[137.00512,34.670215],[137.005136,34.670075],[137.005165,34.670026],[137.00523,34.66997],[137.00531,34.669932],[137.005364,34.669926],[137.005488,34.66994],[137.005558,34.669936],[137.005633,34.669907],[137.005751,34.669835],[137.00579,34.6698],[137.00583,34.669775],[137.00588,34.669754],[137.005918,34.66972],[137.005931,34.669679],[137.005912,34.669649],[137.005875,34.669626],[137.005868,34.669611],[137.005914,34.669587],[137.005924,34.669568],[137.005922,34.669554],[137.005915,34.669535],[137.005867,34.66949],[137.005833,34.669456],[137.005829,34.669436],[137.005827,34.669414],[137.005831,34.669381],[137.005837,34.669366],[137.005846,34.669349],[137.005862,34.669326],[137.005876,34.669296],[137.005883,34.669258],[137.005883,34.669216],[137.005853,34.669067],[137.005836,34.668969],[137.005835,34.668903],[137.005854,34.668875],[137.005891,34.668842],[137.005946,34.668827],[137.006038,34.66884],[137.006116,34.668857],[137.006167,34.668854],[137.006191,34.668826],[137.006184,34.668756],[137.006095,34.66861],[137.006011,34.668538],[137.005947,34.66853],[137.005923,34.668542],[137.005908,34.668574],[137.005863,34.668562],[137.005731,34.668455],[137.005681,34.668374],[137.005662,34.668292],[137.00566,34.668171],[137.005675,34.66814],[137.005713,34.668124],[137.005792,34.668126],[137.005835,34.668102],[137.005866,34.66806],[137.005895,34.668014],[137.005931,34.667976],[137.005982,34.667947],[137.006023,34.667937],[137.006043,34.667913],[137.00608,34.66784],[137.006122,34.667767],[137.006136,34.667739],[137.005971,34.667739],[137.006141,34.667688],[137.006143,34.667624],[137.00614,34.667574],[137.00611,34.667526],[137.006079,34.667472],[137.00607,34.667434],[137.006092,34.66741],[137.00609,34.667385],[137.006035,34.667333],[137.006002,34.667351],[137.005969,34.667326],[137.005931,34.667267],[137.005886,34.667209],[137.005847,34.66718],[137.00581,34.667168],[137.005842,34.667147],[137.005932,34.667107],[137.005971,34.667066],[137.00598,34.667035],[137.005959,34.667014],[137.005995,34.667008],[137.006006,34.666993],[137.006007,34.666965],[137.005945,34.666919],[137.005881,34.666912],[137.005792,34.666916],[137.005824,34.6669],[137.005931,34.66689],[137.005986,34.666883],[137.00602,34.666867],[137.006029,34.666839],[137.006019,34.666803],[137.005969,34.666768],[137.005902,34.666749],[137.005821,34.666745],[137.005755,34.666775],[137.005721,34.666741],[137.00562,34.666715],[137.005533,34.666708],[137.005464,34.666728],[137.005419,34.666681],[137.005444,34.666627],[137.005434,34.666614],[137.005375,34.666586],[137.00534,34.666593],[137.005302,34.666624],[137.005143,34.66657],[137.005106,34.666547],[137.005046,34.666495],[137.00501,34.66642],[137.005024,34.666394],[137.005,34.666369],[137.004956,34.666356],[137.004918,34.666375],[137.004847,34.666353],[137.00479,34.666325],[137.004748,34.66629],[137.004679,34.666298],[137.004638,34.666329],[137.004593,34.666412],[137.004602,34.666476],[137.004741,34.666474],[137.004787,34.666489],[137.004769,34.666506],[137.004721,34.666493],[137.004706,34.666502],[137.004677,34.666536],[137.004626,34.666633],[137.004567,34.666735],[137.00449,34.666806],[137.004443,34.66683],[137.0044,34.6669],[137.004335,34.666854],[137.004298,34.666791],[137.004227,34.666683],[137.004104,34.666583],[137.004036,34.666539],[137.003987,34.666535],[137.00395,34.666519],[137.003943,34.666499],[137.003918,34.666481],[137.003877,34.66648],[137.003788,34.666506],[137.003759,34.666529],[137.003738,34.666527],[137.003712,34.666511],[137.003682,34.66651],[137.003632,34.666531],[137.0036,34.666532],[137.003559,34.666493],[137.003532,34.666476],[137.003503,34.666475],[137.00347,34.666485],[137.003451,34.666546],[137.003434,34.666542],[137.003379,34.666502],[137.003331,34.666493],[137.003299,34.666497],[137.003271,34.666519],[137.003253,34.666546],[137.003231,34.666564],[137.0032,34.666577],[137.003182,34.666598],[137.003177,34.666667],[137.003137,34.666707],[137.003128,34.666791],[137.003131,34.66685],[137.003195,34.66691],[137.003208,34.666942],[137.00324,34.666964],[137.003252,34.666992],[137.003198,34.667033],[137.003151,34.667155],[137.003101,34.667195],[137.00303,34.667206],[137.002991,34.667193],[137.00292,34.667153],[137.00286,34.667155],[137.002806,34.66708],[137.002779,34.667067],[137.002713,34.667067],[137.002662,34.66704],[137.002648,34.667014],[137.00263,34.667001],[137.00259,34.666997],[137.002577,34.666982],[137.002567,34.666955],[137.002549,34.666948],[137.002518,34.666949],[137.002479,34.666969],[137.002472,34.666921],[137.002456,34.666893],[137.002427,34.666869],[137.002395,34.666866],[137.002364,34.666888],[137.002317,34.666913],[137.002267,34.666924],[137.002194,34.666935],[137.002136,34.666964],[137.002081,34.667019],[137.002019,34.667037],[137.001978,34.667071],[137.001964,34.66711],[137.00197,34.667139],[137.002043,34.667185],[137.002044,34.667195],[137.002023,34.66721],[137.002003,34.667231],[137.002025,34.667271],[137.001994,34.667329],[137.001934,34.667378],[137.001934,34.667404],[137.001948,34.667463],[137.001927,34.667534],[137.001966,34.667566],[137.001996,34.667708],[137.002021,34.667719],[137.002065,34.667709],[137.002093,34.667698],[137.002354,34.667856],[137.00242,34.667879],[137.00254,34.667888],[137.002606,34.667905],[137.002672,34.667928],[137.002769,34.667964],[137.002824,34.667968],[137.002876,34.668079],[137.002894,34.668172],[137.002897,34.668365],[137.002894,34.668496],[137.002887,34.668597],[137.002832,34.668717],[137.002786,34.668762],[137.002693,34.668793],[137.00266,34.668799],[137.002618,34.668833],[137.002564,34.668896],[137.00243,34.668928],[137.002311,34.668935],[137.002206,34.669015],[137.002153,34.669069],[137.002149,34.669118],[137.002183,34.669177],[137.002222,34.669362],[137.002271,34.669425],[137.002283,34.669545],[137.002267,34.669569],[137.002244,34.669562],[137.002226,34.66957],[137.002202,34.669658],[137.002221,34.669726],[137.002227,34.669743],[137.002199,34.669766],[137.00219,34.669805],[137.0022,34.669846],[137.002204,34.669866],[137.002172,34.669913],[137.002152,34.669957],[137.002147,34.669976],[137.00215,34.67],[137.002151,34.670063],[137.002156,34.670154],[137.002136,34.670213],[137.002052,34.670293],[137.001927,34.670387],[137.001838,34.670442],[137.001798,34.670444],[137.001728,34.670468],[137.001693,34.670486],[137.001589,34.670559],[137.001557,34.670567],[137.001413,34.670571],[137.001085,34.670634],[137.0008,34.670727],[137.000764,34.670722],[137.000662,34.670553],[137.000648,34.670541],[137.000607,34.670533],[137.000603,34.67051],[137.000621,34.670474],[137.000616,34.670434],[137.000591,34.6704],[137.000563,34.670388],[137.000536,34.670392],[137.000483,34.670415],[137.000457,34.670409],[137.000389,34.670371],[137.000371,34.670362],[137.000365,34.670348],[137.00037,34.670297],[137.000329,34.670256],[137.000247,34.67026],[137.000163,34.670289],[137.000096,34.670305],[137.000083,34.67033],[137.000082,34.670366],[137.000057,34.670344],[137.000018,34.670347],[136.999989,34.670371],[136.999987,34.670407],[136.999962,34.670434],[136.999895,34.670472],[136.999813,34.670492],[136.999698,34.670505],[136.999591,34.670514],[136.999523,34.670529],[136.999459,34.670529],[136.99943,34.670513],[136.999398,34.670489],[136.999368,34.670484],[136.999335,34.670489],[136.999313,34.670472],[136.999313,34.670437],[136.999296,34.670423],[136.999265,34.670425],[136.999224,34.670457],[136.999164,34.670462],[136.999135,34.670453],[136.999142,34.670406],[136.99913,34.670366],[136.99912,34.670351],[136.999109,34.670342],[136.999077,34.670333],[136.999041,34.670347],[136.999027,34.670376],[136.999046,34.670464],[136.999034,34.670474],[136.999003,34.670472],[136.99897,34.670427],[136.998892,34.67025],[136.998829,34.670215],[136.998736,34.670197],[136.998706,34.670206],[136.998694,34.67022],[136.998683,34.670284],[136.99866,34.670335],[136.998622,34.670361],[136.998574,34.67038],[136.998538,34.670376],[136.998506,34.670361],[136.998484,34.670342],[136.998457,34.670339],[136.998419,34.670349],[136.998383,34.670371],[136.998338,34.670397],[136.998284,34.670416],[136.998155,34.670436],[136.998111,34.670456],[136.998096,34.670488],[136.998111,34.670586],[136.998123,34.670686],[136.998162,34.670814],[136.998145,34.670886],[136.998112,34.670965],[136.99808,34.671037],[136.998083,34.671081],[136.998103,34.671178],[136.998133,34.671241],[136.998158,34.671294],[136.998153,34.671346],[136.998167,34.671369],[136.998218,34.671397],[136.998236,34.671414],[136.998217,34.671433],[136.998179,34.671444],[136.998163,34.671462],[136.99815,34.671556],[136.998176,34.6716],[136.998198,34.671621],[136.998215,34.67165],[136.99823,34.671712],[136.998263,34.671762],[136.99832,34.671808],[136.998361,34.671834],[136.998391,34.671834],[136.99842,34.67183],[136.998457,34.671833],[136.998492,34.671877],[136.998528,34.671916],[136.998574,34.671932],[136.998651,34.671988],[136.998725,34.672078],[136.998803,34.672154],[136.99886,34.672243],[136.998916,34.672295],[136.998974,34.672361],[136.999001,34.672406],[136.998972,34.67252],[136.998982,34.672592],[136.999055,34.672634],[136.999062,34.672713],[136.999099,34.672745],[136.999126,34.672749],[136.999152,34.672745],[136.999161,34.672721],[136.999151,34.672651],[136.999169,34.672632],[136.999213,34.67263],[136.999281,34.672637],[136.999312,34.672652],[136.999372,34.672706],[136.999466,34.672748],[136.999549,34.672763],[136.999587,34.672779],[136.999811,34.672966],[136.999841,34.673043],[136.99982,34.673115],[136.999761,34.673194],[136.999749,34.673255],[136.999723,34.673285],[136.999724,34.673365],[136.999712,34.67344],[136.999676,34.673528],[136.999678,34.673613],[136.999707,34.67364],[136.999784,34.673652],[136.999864,34.67365],[137.000061,34.673597],[137.000089,34.673589],[137.000113,34.673594],[137.000173,34.673673],[137.00021,34.673688],[137.00025,34.673695],[137.00032,34.673679],[137.000388,34.673649],[137.000498,34.673568],[137.000551,34.673562],[137.000599,34.673579],[137.000612,34.673659],[137.000691,34.673689],[137.000749,34.673733],[137.000816,34.673755],[137.000902,34.673765],[137.00092,34.673783],[137.000893,34.673826],[137.00089,34.673885],[137.000959,34.673892],[137.001021,34.673864],[137.00119,34.673855],[137.001269,34.673899],[137.001457,34.674052],[137.001543,34.674161],[137.001554,34.674193],[137.001573,34.67425],[137.001575,34.674346],[137.001553,34.674409],[137.001567,34.674447],[137.001622,34.674484],[137.001648,34.674548],[137.001665,34.674627],[137.001651,34.674701],[137.001608,34.674767],[137.001581,34.674821],[137.001497,34.674949],[137.001469,34.674993],[137.001459,34.675033],[137.001469,34.675066],[137.001478,34.675087],[137.001474,34.675115],[137.001453,34.675145],[137.00142,34.675182],[137.001349,34.675236],[137.001318,34.675269],[137.001328,34.675293],[137.001347,34.675309],[137.001414,34.675311],[137.001453,34.67531],[137.001476,34.675335],[137.001508,34.675385],[137.00154,34.675452],[137.001559,34.675521],[137.001582,34.675625],[137.001591,34.675689],[137.001581,34.675812],[137.001494,34.675939],[137.001486,34.676007],[137.001473,34.676135],[137.001459,34.67619],[137.0014,34.676264],[137.001341,34.676312],[137.001297,34.676334],[137.001252,34.676348],[137.001199,34.67636],[137.001149,34.676378],[137.001128,34.676379],[137.001099,34.676375],[137.001075,34.676362],[137.001059,34.676385],[137.001059,34.676406],[137.00105,34.676441],[137.001033,34.676455],[137.000991,34.676469],[137.000976,34.676467],[137.000963,34.676461],[137.000934,34.676441],[137.000907,34.676433],[137.000867,34.676441],[137.00084,34.676463],[137.000838,34.67648],[137.000854,34.676487],[137.000882,34.676487],[137.000904,34.67649],[137.000904,34.676506],[137.000891,34.676528],[137.000859,34.676579],[137.000818,34.676628],[137.000784,34.676653],[137.000766,34.676693],[137.000766,34.676748],[137.000776,34.676805],[137.000774,34.676823],[137.000741,34.676868],[137.000686,34.676908],[137.000645,34.676931],[137.000599,34.676959],[137.000572,34.676994],[137.000552,34.677005],[137.000539,34.677003],[137.000518,34.677016],[137.000516,34.677026],[137.000512,34.677044],[137.000502,34.67707],[137.00048,34.677095],[137.000472,34.677102],[137.000456,34.6771],[137.000446,34.677089],[137.000413,34.677018],[137.000388,34.676984],[137.00036,34.676973],[137.000349,34.676975],[137.000328,34.67699],[137.000319,34.676997],[137.000307,34.677016],[137.000311,34.677036],[137.000309,34.677061],[137.000288,34.677113],[137.000278,34.677128],[137.000269,34.677132],[137.000248,34.67713],[137.000238,34.677135],[137.000232,34.677162],[137.000232,34.677182],[137.000237,34.677203],[137.000239,34.677241],[137.000231,34.67726],[137.000204,34.677288],[137.000198,34.677293],[137.000194,34.677308],[137.000195,34.67732],[137.000202,34.677331],[137.000218,34.677348],[137.000222,34.677357],[137.000222,34.677364],[137.000211,34.67739],[137.000196,34.677401],[137.000177,34.677414],[137.000143,34.677453],[137.000129,34.677479],[137.000117,34.677497],[137.000099,34.677507],[137.000073,34.677511],[137.000058,34.677523],[137.000051,34.677544],[137.000041,34.677553],[137.00004,34.677558],[137.000049,34.67757],[137.00006,34.677587],[137.000067,34.677604],[137.00008,34.677619],[137.00011,34.677656],[137.000129,34.67768],[137.000143,34.677705],[137.000148,34.677727],[137.000154,34.67775],[137.000159,34.677762],[137.000173,34.677775],[137.000196,34.677777],[137.000214,34.677772],[137.000232,34.677769],[137.000246,34.677775],[137.000256,34.677791],[137.00027,34.677817],[137.000283,34.677829],[137.000301,34.677834],[137.000348,34.677837],[137.000395,34.677855],[137.000419,34.677864],[137.000452,34.677879],[137.000475,34.677887],[137.000513,34.677896],[137.000515,34.677899],[137.000515,34.677905],[137.000477,34.677944],[137.000432,34.677983],[137.000387,34.678027],[137.000354,34.678062],[137.000343,34.678077],[137.000336,34.678098],[137.00033,34.67812],[137.000455,34.678201],[137.000576,34.678273],[137.000791,34.678406],[137.000833,34.67839],[137.000871,34.678378],[137.000891,34.678368],[137.000929,34.678342],[137.000961,34.678316],[137.000986,34.678294],[137.001005,34.67828],[137.001023,34.678276],[137.001032,34.678279],[137.001046,34.678291],[137.001058,34.67831],[137.001065,34.67833],[137.001077,34.678355],[137.001098,34.678383],[137.001123,34.678411],[137.001142,34.678433],[137.001153,34.678451],[137.001159,34.678465],[137.001163,34.678478],[137.001115,34.67852],[137.001194,34.678568],[137.001248,34.678532],[137.001282,34.678538],[137.001338,34.678549],[137.001455,34.678611],[137.001538,34.678654],[137.001602,34.678711],[137.001613,34.678709],[137.001726,34.678984],[137.001727,34.678984],[137.001752,34.679047],[137.001813,34.67903],[137.001674,34.678697],[137.001679,34.678639],[137.001709,34.678605],[137.001806,34.678537],[137.001816,34.678528],[137.001833,34.678539],[137.001868,34.678554],[137.001887,34.678563],[137.001915,34.678574],[137.002001,34.6786],[137.002017,34.678603],[137.002029,34.678605],[137.002032,34.678605],[137.002035,34.678603],[137.002037,34.678601],[137.002039,34.678598],[137.002058,34.678555],[137.002058,34.678553],[137.002058,34.67855],[137.002056,34.678547],[137.002051,34.678545],[137.001911,34.678505],[137.001918,34.678472],[137.001874,34.678466],[137.001899,34.678386],[137.001965,34.67806],[137.002187,34.677895],[137.002508,34.677776],[137.00252,34.677858],[137.002935,34.677821],[137.002985,34.677791],[137.003229,34.678046],[137.003097,34.678207],[137.002929,34.678306],[137.002771,34.6784],[137.002577,34.678473],[137.002614,34.678542],[137.002266,34.678637],[137.002289,34.678688],[137.002671,34.678595],[137.002951,34.678434],[137.00298,34.678457],[137.003257,34.678299],[137.00334,34.678202],[137.003367,34.678155],[137.003458,34.677968],[137.00401,34.677958],[137.004484,34.677926],[137.004318,34.678551],[137.004806,34.678636],[137.004953,34.678159],[137.006316,34.678396],[137.006334,34.678399],[137.006555,34.678565],[137.006944,34.678857],[137.006277,34.67975],[137.006201,34.679853],[137.003894,34.679851],[137.003496,34.679734],[137.002765,34.679292],[137.002221,34.679285],[137.002225,34.68047],[137.001776,34.680469],[137.001794,34.68253],[137.003572,34.682536],[137.00402,34.682731],[137.004054,34.682678],[137.003822,34.682578],[137.003574,34.682471],[137.003574,34.682457],[137.003564,34.680726],[137.005716,34.680716],[137.005724,34.679968],[137.005926,34.679969],[137.005933,34.681999],[137.005349,34.682479],[137.004418,34.682477],[137.004418,34.682521],[137.005363,34.682522],[137.00574,34.682851],[137.006229,34.682467],[137.006406,34.682623],[137.006479,34.682636],[137.006439,34.682716],[137.00642,34.682708],[137.006241,34.683031],[137.006261,34.683039],[137.006238,34.683074],[137.006229,34.683069],[137.006116,34.683222],[137.006166,34.683247],[137.006279,34.683094],[137.006265,34.683087],[137.00629,34.68305],[137.006313,34.683058],[137.006492,34.682735],[137.006468,34.682726],[137.006515,34.682643],[137.007137,34.682754],[137.007621,34.684398],[137.007643,34.684505],[137.007497,34.684466],[137.007461,34.684499],[137.007454,34.684548],[137.007432,34.684535],[137.007416,34.684541],[137.007402,34.68456],[137.007388,34.684598],[137.007389,34.684662],[137.007421,34.684702],[137.00744,34.684833],[137.007457,34.68486],[137.007482,34.684878],[137.007505,34.684885],[137.00751,34.684894],[137.007502,34.684902],[137.007455,34.684902],[137.007442,34.684922],[137.007438,34.68498],[137.00747,34.685075],[137.007475,34.685139],[137.007452,34.68517],[137.007377,34.685194],[137.007337,34.6852],[137.007305,34.68522],[137.007292,34.685275],[137.007297,34.685354],[137.007331,34.685408],[137.007354,34.685474],[137.007387,34.685492],[137.007415,34.685492],[137.007447,34.685547],[137.007484,34.685597],[137.007457,34.68561],[137.007446,34.685632],[137.007463,34.685667],[137.007505,34.685718],[137.007579,34.685745],[137.007665,34.68575],[137.00767,34.685765],[137.007661,34.685802],[137.007661,34.685836],[137.007677,34.685846],[137.007709,34.685858],[137.007746,34.6859],[137.007785,34.685919],[137.007817,34.685917],[137.007855,34.685887],[137.007879,34.685888],[137.007903,34.6859],[137.007911,34.685939],[137.00794,34.685975],[137.008013,34.68598],[137.008053,34.685991],[137.008055,34.686069],[137.008066,34.686132],[137.008086,34.686165],[137.008114,34.686178],[137.008168,34.686189],[137.008212,34.686186],[137.008258,34.686263],[137.00827,34.686308],[137.008298,34.686329],[137.008325,34.686322],[137.008357,34.686298],[137.008385,34.686308],[137.008427,34.686351],[137.00844,34.686404],[137.008532,34.686402],[137.008559,34.686377],[137.008559,34.686347],[137.00853,34.686298]]]}},{"type":"Feature","id":"234450090","properties":{"KEY_CODE":"234450090","PREF":"23","CITY":"445","S_AREA":"009000","PREF_NAME":"愛知県","CITY_NAME":"南知多町","S_NAME":"大字日間賀島","HCODE":8101,"AREA":869561.886,"KIGO_E":"E1","JINKO":1716,"SETAI":593,"X_CODE":137.004394,"Y_CODE":34.704858},"geometry":{"type":"Polygon","coordinates":[[[137.003451,34.709266],[137.003494,34.709264],[137.00351,34.709267],[137.003516,34.709268],[137.00352,34.70927],[137.003538,34.709282],[137.003541,34.709286],[137.003572,34.709306],[137.003577,34.709309],[137.003581,34.709312],[137.003601,34.709322],[137.003607,34.709325],[137.003624,34.70933],[137.003629,34.709331],[137.003634,34.709332],[137.003666,34.709337],[137.003671,34.709337],[137.003676,34.709337],[137.003685,34.709337],[137.003689,34.709336],[137.003694,34.709335],[137.003703,34.709332],[137.003729,34.709311],[137.003791,34.709189],[137.003836,34.709093],[137.003861,34.709015],[137.003869,34.708971],[137.003871,34.708925],[137.003869,34.708904],[137.003867,34.708897],[137.003861,34.70888],[137.003857,34.708873],[137.003848,34.708858],[137.003836,34.708844],[137.003829,34.708838],[137.003808,34.708826],[137.003803,34.708823],[137.003796,34.708821],[137.00377,34.708813],[137.003762,34.708811],[137.00373,34.708805],[137.003687,34.708802],[137.004028,34.708572],[137.00574,34.709143],[137.005724,34.709172],[137.005841,34.709204],[137.005945,34.709231],[137.005951,34.709234],[137.005959,34.709236],[137.005988,34.70924],[137.005994,34.70924],[137.005999,34.70924],[137.006024,34.709239],[137.006503,34.709406],[137.006794,34.709507],[137.007089,34.709614],[137.00714,34.709508],[137.007444,34.708862],[137.007512,34.708895],[137.007553,34.708903],[137.007605,34.708904],[137.007639,34.708899],[137.007679,34.708888],[137.007688,34.708885],[137.007714,34.708874],[137.007721,34.70887],[137.007726,34.708867],[137.007738,34.708859],[137.007742,34.708855],[137.007748,34.70885],[137.007753,34.708843],[137.007754,34.70884],[137.007757,34.708836],[137.007763,34.708822],[137.007764,34.708818],[137.007765,34.708814],[137.007766,34.708808],[137.007766,34.708805],[137.007766,34.708802],[137.007767,34.708785],[137.007771,34.708777],[137.007772,34.708773],[137.007786,34.708756],[137.007789,34.708753],[137.007793,34.70875],[137.007817,34.708735],[137.007854,34.708722],[137.007869,34.70872],[137.007875,34.70872],[137.007881,34.70872],[137.007887,34.708721],[137.00789,34.708722],[137.007893,34.708723],[137.007913,34.708729],[137.007928,34.708737],[137.00793,34.70874],[137.007959,34.708765],[137.007962,34.708769],[137.007965,34.708772],[137.007989,34.708798],[137.007994,34.708801],[137.007998,34.708805],[137.008038,34.708833],[137.008105,34.708863],[137.008111,34.708864],[137.008124,34.708868],[137.008132,34.708869],[137.008136,34.70887],[137.008152,34.708871],[137.008178,34.708871],[137.008205,34.708864],[137.008238,34.708849],[137.008295,34.708803],[137.008336,34.708781],[137.008351,34.708776],[137.008382,34.708767],[137.008421,34.708759],[137.008428,34.708758],[137.008485,34.708755],[137.008563,34.708761],[137.008609,34.70877],[137.008656,34.708785],[137.00873,34.708814],[137.008811,34.708846],[137.008839,34.708854],[137.008899,34.708865],[137.008943,34.708868],[137.008955,34.708869],[137.009002,34.708868],[137.009052,34.70886],[137.009164,34.708838],[137.009245,34.708819],[137.009293,34.708808],[137.00937,34.708794],[137.009394,34.708789],[137.009429,34.708781],[137.009559,34.708758],[137.00962,34.708746],[137.009723,34.708734],[137.009796,34.70874],[137.009871,34.708743],[137.009906,34.708743],[137.009955,34.708733],[137.009995,34.708733],[137.010026,34.708738],[137.010081,34.708755],[137.0102,34.708794],[137.010254,34.708811],[137.010374,34.708833],[137.010427,34.70884],[137.010481,34.708846],[137.010523,34.708847],[137.01064,34.708832],[137.01076,34.708818],[137.010811,34.708814],[137.010872,34.708815],[137.010902,34.708813],[137.010934,34.708808],[137.010955,34.708802],[137.011001,34.708772],[137.01103,34.70874],[137.011051,34.708714],[137.011068,34.708687],[137.011079,34.708661],[137.011083,34.708624],[137.011082,34.708586],[137.011077,34.708558],[137.011057,34.708524],[137.011027,34.708477],[137.01098,34.708424],[137.010931,34.70838],[137.010887,34.708337],[137.010873,34.708322],[137.010867,34.708303],[137.010858,34.708256],[137.010854,34.708223],[137.010859,34.708179],[137.010869,34.708139],[137.010877,34.708124],[137.010904,34.7081],[137.010938,34.708066],[137.010975,34.708018],[137.011003,34.707966],[137.011028,34.707908],[137.011044,34.707847],[137.011056,34.707771],[137.01106,34.70765],[137.011066,34.707544],[137.01108,34.707512],[137.011115,34.707476],[137.011132,34.707465],[137.011159,34.707454],[137.011198,34.707446],[137.01125,34.707436],[137.011286,34.70744],[137.011309,34.70745],[137.011328,34.707471],[137.011333,34.707494],[137.011331,34.70751],[137.01132,34.707536],[137.011293,34.707587],[137.011271,34.707634],[137.011267,34.707674],[137.011276,34.707706],[137.01129,34.707731],[137.011302,34.707747],[137.011316,34.707759],[137.011334,34.707771],[137.01136,34.707778],[137.011393,34.707782],[137.011432,34.707782],[137.011476,34.707769],[137.011525,34.707739],[137.011575,34.707709],[137.011673,34.707663],[137.011717,34.707643],[137.011758,34.707628],[137.011797,34.707621],[137.011837,34.707613],[137.011904,34.707609],[137.011972,34.70761],[137.012113,34.707624],[137.012457,34.707656],[137.012505,34.707653],[137.012533,34.70765],[137.012551,34.707641],[137.01256,34.707628],[137.012571,34.707603],[137.012573,34.707578],[137.012567,34.707568],[137.012548,34.707557],[137.0125,34.707537],[137.012437,34.707513],[137.01236,34.707482],[137.012295,34.707455],[137.012246,34.707427],[137.012205,34.707403],[137.012179,34.707383],[137.012165,34.707369],[137.012154,34.707352],[137.012142,34.707324],[137.012139,34.707311],[137.012139,34.707295],[137.012141,34.707281],[137.012147,34.707272],[137.012159,34.707265],[137.012176,34.707257],[137.012235,34.707234],[137.012334,34.707201],[137.012405,34.707179],[137.012421,34.707192],[137.012455,34.707199],[137.012512,34.707209],[137.012579,34.707216],[137.012709,34.707227],[137.012825,34.707238],[137.012966,34.707244],[137.012992,34.70724],[137.013018,34.707235],[137.013052,34.707226],[137.013088,34.707214],[137.013123,34.707203],[137.013157,34.707192],[137.013197,34.707173],[137.013226,34.707157],[137.013242,34.707144],[137.013264,34.707119],[137.013274,34.707104],[137.013287,34.707074],[137.013294,34.707048],[137.013297,34.70701],[137.013298,34.706992],[137.013294,34.706969],[137.013288,34.706946],[137.013277,34.706923],[137.013259,34.706897],[137.013334,34.706674],[137.013469,34.70647],[137.013441,34.706457],[137.013433,34.706446],[137.013411,34.706432],[137.013393,34.706424],[137.013347,34.706415],[137.013322,34.706414],[137.013274,34.706421],[137.013252,34.706426],[137.013219,34.706438],[137.013189,34.706443],[137.013166,34.706441],[137.013134,34.706432],[137.013094,34.706418],[137.012974,34.706362],[137.01281,34.706279],[137.012635,34.706187],[137.01249,34.706109],[137.012363,34.706046],[137.012249,34.705992],[137.012155,34.705942],[137.012136,34.705932],[137.012064,34.705894],[137.012017,34.705868],[137.011969,34.705838],[137.011922,34.705799],[137.011839,34.705716],[137.011774,34.705647],[137.011748,34.705621],[137.011693,34.705579],[137.011629,34.705533],[137.011568,34.705476],[137.011527,34.705425],[137.011492,34.705366],[137.011475,34.70533],[137.011461,34.705291],[137.011454,34.705264],[137.011451,34.70525],[137.011447,34.705209],[137.011448,34.705135],[137.011455,34.705029],[137.011456,34.705006],[137.011463,34.704905],[137.011524,34.70482],[137.011942,34.704803],[137.011939,34.704753],[137.011509,34.704771],[137.011405,34.704677],[137.011393,34.704534],[137.011228,34.704337],[137.011126,34.704294],[137.010997,34.704171],[137.010955,34.704176],[137.010678,34.703987],[137.011027,34.703611],[137.010815,34.702654],[137.010801,34.702656],[137.010798,34.702657],[137.010793,34.702658],[137.01075,34.702669],[137.010966,34.703599],[137.010644,34.703932],[137.010212,34.703656],[137.01024,34.703621],[137.010259,34.703628],[137.010397,34.703443],[137.010331,34.703411],[137.010193,34.703596],[137.010219,34.70361],[137.010186,34.703652],[137.010133,34.703619],[137.009862,34.703892],[137.009586,34.703735],[137.009411,34.703633],[137.009355,34.70357],[137.009999,34.702847],[137.010346,34.702881],[137.010353,34.702839],[137.010356,34.702814],[137.010018,34.702773],[137.009683,34.702732],[137.009466,34.702968],[137.009342,34.70302],[137.009263,34.703053],[137.009257,34.703055],[137.009218,34.703068],[137.009212,34.70307],[137.009205,34.703072],[137.009189,34.703074],[137.009185,34.703074],[137.009181,34.703074],[137.009167,34.703076],[137.009146,34.703073],[137.009117,34.703067],[137.009111,34.703065],[137.00906,34.703051],[137.009021,34.703035],[137.009011,34.70303],[137.008965,34.703002],[137.008946,34.702983],[137.008941,34.702978],[137.008903,34.702916],[137.008883,34.702874],[137.008848,34.702817],[137.008819,34.702778],[137.008774,34.702733],[137.008705,34.702684],[137.008625,34.702641],[137.00852,34.702588],[137.008294,34.702486],[137.008222,34.70246],[137.008149,34.702437],[137.008132,34.702434],[137.008116,34.702429],[137.008099,34.702425],[137.008082,34.702421],[137.008065,34.702419],[137.008047,34.702418],[137.008031,34.702418],[137.008014,34.702419],[137.007995,34.702421],[137.007976,34.702425],[137.007959,34.702428],[137.00794,34.702432],[137.007858,34.702449],[137.007673,34.702516],[137.007654,34.702521],[137.007636,34.702525],[137.007616,34.70253],[137.007598,34.702534],[137.00758,34.70254],[137.007564,34.702547],[137.007548,34.702554],[137.007533,34.702561],[137.007518,34.702569],[137.007502,34.702577],[137.007486,34.702587],[137.00747,34.702598],[137.007453,34.702608],[137.007307,34.702673],[137.007236,34.702704],[137.007185,34.702744],[137.007138,34.70278],[137.007105,34.702814],[137.007042,34.702871],[137.00703,34.702881],[137.007019,34.702891],[137.007007,34.7029],[137.006994,34.702909],[137.006977,34.702918],[137.006959,34.702925],[137.006941,34.702933],[137.006873,34.702965],[137.006854,34.702962],[137.006835,34.70296],[137.006816,34.702957],[137.006798,34.702953],[137.00678,34.702949],[137.006764,34.702945],[137.006747,34.702941],[137.006731,34.702937],[137.006715,34.702932],[137.006582,34.702897],[137.006459,34.70286],[137.006448,34.702849],[137.006439,34.702838],[137.006428,34.702827],[137.006417,34.702817],[137.006405,34.702806],[137.006393,34.702795],[137.006381,34.702785],[137.006369,34.702774],[137.006322,34.702724],[137.006299,34.702641],[137.006309,34.702627],[137.006319,34.702613],[137.006326,34.702598],[137.006331,34.702583],[137.006322,34.70257],[137.006314,34.702558],[137.006298,34.70254],[137.006304,34.702515],[137.006317,34.702505],[137.006331,34.702496],[137.006344,34.702486],[137.006354,34.702473],[137.006356,34.702459],[137.006354,34.702444],[137.006348,34.702429],[137.006338,34.702416],[137.006326,34.702403],[137.006313,34.702392],[137.0063,34.702382],[137.006286,34.702371],[137.00622,34.702323],[137.006109,34.702253],[137.006009,34.702193],[137.005888,34.702148],[137.005868,34.702142],[137.005848,34.702137],[137.005828,34.702134],[137.00581,34.702134],[137.005793,34.702136],[137.005776,34.702139],[137.005759,34.702141],[137.005746,34.702153],[137.005733,34.702165],[137.005724,34.702177],[137.005713,34.702189],[137.005697,34.702195],[137.00568,34.702196],[137.005663,34.702198],[137.005642,34.7022],[137.005621,34.702201],[137.0056,34.702205],[137.005581,34.70221],[137.005561,34.702218],[137.005544,34.702227],[137.005528,34.702238],[137.005514,34.702251],[137.005501,34.702264],[137.005489,34.702273],[137.005477,34.702284],[137.005464,34.702294],[137.005452,34.702303],[137.005438,34.702312],[137.00542,34.702321],[137.005402,34.702328],[137.005382,34.702335],[137.005364,34.702338],[137.005346,34.702339],[137.005328,34.70234],[137.00531,34.702339],[137.005289,34.702337],[137.005269,34.702334],[137.00525,34.70233],[137.005231,34.702324],[137.005216,34.702317],[137.005201,34.70231],[137.005187,34.702302],[137.005172,34.702294],[137.005153,34.702283],[137.005134,34.70227],[137.005122,34.702259],[137.005112,34.702248],[137.005105,34.702236],[137.005098,34.70222],[137.005095,34.702203],[137.005095,34.702182],[137.005098,34.702162],[137.005104,34.702143],[137.005112,34.702124],[137.005119,34.702106],[137.005126,34.702088],[137.00513,34.702075],[137.005134,34.702062],[137.005137,34.702048],[137.00514,34.702035],[137.005151,34.701988],[137.005137,34.701952],[137.005037,34.70188],[137.00502,34.701873],[137.005005,34.701867],[137.004989,34.701861],[137.004972,34.701854],[137.004956,34.701849],[137.00494,34.701844],[137.004921,34.701841],[137.004903,34.701837],[137.004884,34.701834],[137.004864,34.701832],[137.004846,34.70183],[137.004828,34.701829],[137.004811,34.701829],[137.004793,34.701829],[137.004776,34.701828],[137.004759,34.701825],[137.004743,34.701821],[137.004728,34.701815],[137.004713,34.701809],[137.004702,34.701804],[137.004699,34.701803],[137.004682,34.701794],[137.004666,34.701785],[137.004651,34.701776],[137.004634,34.701767],[137.00462,34.70176],[137.004605,34.701753],[137.004591,34.701745],[137.004576,34.701738],[137.004562,34.701731],[137.004547,34.701724],[137.004531,34.701718],[137.004515,34.701711],[137.004499,34.701705],[137.004483,34.701699],[137.004466,34.701693],[137.00445,34.701687],[137.004334,34.701639],[137.004239,34.701631],[137.00413,34.701621],[137.004113,34.701618],[137.004095,34.701615],[137.004078,34.701612],[137.00406,34.701609],[137.004044,34.701603],[137.004027,34.701595],[137.004011,34.701586],[137.003996,34.701576],[137.003981,34.701565],[137.003966,34.701555],[137.003951,34.701544],[137.003937,34.701532],[137.003923,34.70152],[137.00391,34.701509],[137.003898,34.701498],[137.003887,34.701486],[137.003875,34.701475],[137.003864,34.701463],[137.003853,34.701453],[137.00377,34.701392],[137.003661,34.701358],[137.003553,34.701342],[137.003456,34.701312],[137.003335,34.701268],[137.003234,34.701231],[137.003088,34.701197],[137.003017,34.701181],[137.002996,34.701175],[137.002975,34.701169],[137.002953,34.701166],[137.00293,34.70117],[137.002909,34.701174],[137.002911,34.70119],[137.002926,34.701203],[137.00293,34.701215],[137.00291,34.701236],[137.002892,34.701244],[137.002873,34.70125],[137.002858,34.701256],[137.002842,34.70126],[137.002827,34.701264],[137.00281,34.701268],[137.002702,34.701284],[137.002683,34.701287],[137.002666,34.70129],[137.002647,34.701292],[137.00263,34.701295],[137.002611,34.701295],[137.002591,34.701293],[137.002572,34.701289],[137.002552,34.701285],[137.002533,34.701281],[137.002516,34.701277],[137.002501,34.701271],[137.002486,34.701267],[137.002471,34.701261],[137.002455,34.701258],[137.002439,34.701254],[137.002419,34.701251],[137.0024,34.70125],[137.00238,34.701249],[137.00236,34.701248],[137.002341,34.701247],[137.002294,34.701262],[137.002275,34.701269],[137.002256,34.701274],[137.002237,34.701272],[137.002221,34.701266],[137.002203,34.70126],[137.002185,34.701256],[137.002165,34.701254],[137.002146,34.701251],[137.002127,34.701248],[137.002103,34.701259],[137.002107,34.701278],[137.002118,34.701292],[137.002132,34.701305],[137.002149,34.701316],[137.002165,34.701327],[137.002179,34.701335],[137.002192,34.701343],[137.002206,34.70135],[137.002225,34.701357],[137.002243,34.701363],[137.002262,34.701368],[137.002281,34.701376],[137.002296,34.701382],[137.00231,34.701389],[137.002322,34.701398],[137.002332,34.70141],[137.002339,34.701422],[137.002344,34.701435],[137.002345,34.701453],[137.002343,34.70147],[137.002337,34.701487],[137.002328,34.701501],[137.002318,34.701514],[137.002306,34.701527],[137.002294,34.701537],[137.002281,34.701546],[137.002268,34.701554],[137.002255,34.701562],[137.002242,34.701571],[137.002229,34.701582],[137.002217,34.701593],[137.002205,34.701604],[137.002194,34.701616],[137.002182,34.701627],[137.002165,34.70163],[137.002148,34.701633],[137.002132,34.701636],[137.002114,34.701638],[137.002097,34.701639],[137.002079,34.701638],[137.002063,34.701636],[137.002045,34.701634],[137.002029,34.701633],[137.002011,34.701631],[137.001903,34.701618],[137.001778,34.701603],[137.00167,34.701578],[137.001536,34.701539],[137.00141,34.701494],[137.001396,34.701484],[137.001382,34.701475],[137.001367,34.701466],[137.001354,34.701456],[137.001342,34.701445],[137.001331,34.70143],[137.001323,34.701415],[137.001314,34.701399],[137.001305,34.701387],[137.001295,34.701374],[137.001285,34.701363],[137.001276,34.701349],[137.00127,34.701335],[137.001264,34.70132],[137.001261,34.701305],[137.001259,34.701289],[137.001261,34.701272],[137.001267,34.701255],[137.001275,34.70124],[137.001289,34.701228],[137.001304,34.70122],[137.001319,34.701212],[137.001336,34.701203],[137.001353,34.701195],[137.001371,34.701188],[137.001388,34.701181],[137.001404,34.701174],[137.00142,34.701169],[137.001436,34.701163],[137.001452,34.701157],[137.001502,34.701134],[137.00151,34.70111],[137.001502,34.701086],[137.001489,34.70107],[137.001471,34.701056],[137.001454,34.701045],[137.001434,34.701036],[137.001414,34.701029],[137.001395,34.701024],[137.001375,34.70102],[137.001356,34.701016],[137.001336,34.701013],[137.001217,34.700999],[137.001115,34.700998],[137.001099,34.701004],[137.001083,34.701011],[137.001066,34.701019],[137.00105,34.701029],[137.001034,34.701038],[137.001019,34.70105],[137.001008,34.701062],[137.000999,34.701074],[137.00099,34.701086],[137.00098,34.701098],[137.000969,34.701111],[137.000959,34.701122],[137.000947,34.701133],[137.000932,34.701142],[137.000917,34.701146],[137.0009,34.701149],[137.000884,34.701152],[137.00077,34.701121],[137.000654,34.701097],[137.000564,34.70108],[137.000546,34.701068],[137.000548,34.701051],[137.000587,34.701042],[137.000605,34.701038],[137.000623,34.701034],[137.000641,34.70103],[137.000657,34.701024],[137.000674,34.701015],[137.000691,34.701004],[137.000707,34.700994],[137.000717,34.70097],[137.00071,34.700949],[137.000695,34.700941],[137.000678,34.700936],[137.000657,34.700933],[137.000636,34.700932],[137.000619,34.700932],[137.000601,34.700932],[137.000584,34.700933],[137.000567,34.700934],[137.000547,34.700935],[137.000527,34.700936],[137.000508,34.700935],[137.000488,34.700932],[137.000468,34.700928],[137.000449,34.700923],[137.000439,34.70091],[137.000428,34.700896],[137.000416,34.700884],[137.000402,34.700873],[137.000389,34.700864],[137.000375,34.700853],[137.000352,34.700854],[137.000329,34.700855],[137.000311,34.70086],[137.000295,34.700867],[137.000279,34.700873],[137.000259,34.700882],[137.00024,34.70089],[137.00022,34.700897],[137.000199,34.700899],[137.000178,34.700899],[137.000157,34.7009],[137.000143,34.700893],[137.000129,34.700885],[137.000118,34.700874],[137.000114,34.700851],[137.00011,34.700833],[137.000104,34.700817],[137.000091,34.700803],[137.000073,34.70079],[137.000057,34.700781],[137.00004,34.700774],[137.000022,34.700767],[137.000006,34.700761],[136.999989,34.700756],[136.999973,34.700751],[136.999965,34.70075],[136.999925,34.700736],[136.999872,34.700719],[136.999839,34.700703],[136.999803,34.700672],[136.999799,34.700654],[136.999802,34.700627],[136.999791,34.700588],[136.99977,34.700562],[136.9997,34.700482],[136.999665,34.700441],[136.999623,34.700409],[136.999593,34.700392],[136.999523,34.700358],[136.999513,34.700353],[136.999456,34.700327],[136.999396,34.700297],[136.999328,34.700261],[136.999256,34.700219],[136.999196,34.700184],[136.999143,34.700152],[136.999068,34.700107],[136.998978,34.700056],[136.99891,34.70002],[136.998867,34.700004],[136.998806,34.699984],[136.998726,34.699955],[136.998662,34.699927],[136.998615,34.699901],[136.998553,34.699864],[136.998472,34.699818],[136.998402,34.699781],[136.998345,34.699756],[136.998284,34.69974],[136.998215,34.699729],[136.998144,34.699724],[136.998075,34.69973],[136.998001,34.699744],[136.997931,34.699764],[136.997882,34.699782],[136.99785,34.699799],[136.997808,34.69983],[136.997756,34.699871],[136.997718,34.699911],[136.997707,34.699929],[136.997693,34.699966],[136.99768,34.70001],[136.997672,34.700056],[136.997671,34.700096],[136.997675,34.700115],[136.997683,34.700154],[136.997696,34.70019],[136.997715,34.700222],[136.997741,34.70025],[136.997777,34.700279],[136.99782,34.700309],[136.997845,34.700321],[136.997872,34.700329],[136.997927,34.700338],[136.997987,34.700339],[136.998043,34.700337],[136.998086,34.700337],[136.998116,34.700341],[136.99813,34.700345],[136.998142,34.700351],[136.998154,34.700357],[136.998163,34.700364],[136.998168,34.70037],[136.99817,34.700375],[136.99817,34.700383],[136.998165,34.700391],[136.998159,34.700398],[136.998149,34.700404],[136.998129,34.700415],[136.998114,34.700425],[136.998108,34.700429],[136.998105,34.700435],[136.998104,34.700439],[136.998105,34.700446],[136.99811,34.700456],[136.998131,34.70048],[136.998158,34.7005],[136.998205,34.700521],[136.998289,34.700545],[136.998315,34.700547],[136.998405,34.70059],[136.998473,34.700621],[136.998511,34.700642],[136.99852,34.700651],[136.998529,34.700674],[136.998528,34.7007],[136.998521,34.700717],[136.998484,34.700757],[136.998456,34.700782],[136.99838,34.700837],[136.998345,34.700862],[136.998295,34.70089],[136.998258,34.700906],[136.998222,34.700916],[136.998183,34.700917],[136.998166,34.700914],[136.99814,34.700895],[136.998122,34.700879],[136.998102,34.700877],[136.998076,34.700878],[136.998064,34.700883],[136.998053,34.70089],[136.998035,34.700913],[136.998017,34.70094],[136.998009,34.70095],[136.997993,34.700962],[136.997973,34.700968],[136.997941,34.700973],[136.997893,34.700969],[136.997869,34.700966],[136.997828,34.700952],[136.997795,34.700945],[136.997769,34.700946],[136.99776,34.700948],[136.997758,34.700954],[136.997773,34.700983],[136.99779,34.701006],[136.99781,34.701028],[136.997851,34.701057],[136.997874,34.701076],[136.997881,34.701093],[136.997882,34.701106],[136.997881,34.701113],[136.997865,34.701128],[136.997824,34.701149],[136.997773,34.701175],[136.997761,34.701181],[136.997737,34.701192],[136.997724,34.701199],[136.997691,34.701204],[136.997646,34.70121],[136.997588,34.701215],[136.997557,34.701212],[136.997527,34.701207],[136.997503,34.701197],[136.997467,34.701167],[136.997446,34.701155],[136.997415,34.701149],[136.997333,34.70115],[136.997245,34.701155],[136.997168,34.701158],[136.997114,34.701163],[136.997095,34.701166],[136.997083,34.701173],[136.997067,34.701196],[136.997058,34.701231],[136.997052,34.701267],[136.997054,34.70129],[136.997085,34.701312],[136.997059,34.701331],[136.997049,34.701337],[136.997041,34.701343],[136.997033,34.70137],[136.996202,34.701366],[136.996105,34.702863],[136.996196,34.702866],[136.996271,34.701646],[136.996915,34.701659],[136.996929,34.702288],[136.997049,34.702287],[136.997226,34.702285],[136.997273,34.703149],[136.997213,34.703144],[136.997215,34.703131],[136.997049,34.703115],[136.996965,34.703107],[136.99696,34.703154],[136.997049,34.703164],[136.997206,34.703182],[136.997212,34.703163],[136.997277,34.703169],[136.997291,34.703446],[136.997049,34.703349],[136.997012,34.703334],[136.996997,34.703329],[136.996229,34.703346],[136.996213,34.703253],[136.996134,34.703265],[136.996152,34.703408],[136.996951,34.703389],[136.997004,34.703397],[136.997049,34.703412],[136.99708,34.703424],[136.997135,34.703525],[136.997165,34.703603],[136.997181,34.703666],[136.997195,34.703745],[136.997216,34.703914],[136.997218,34.703979],[136.997216,34.704033],[136.997209,34.704079],[136.997197,34.704125],[136.997166,34.704221],[136.997126,34.704325],[136.997122,34.704333],[136.997094,34.70439],[136.997059,34.704445],[136.997049,34.704458],[136.997019,34.704497],[136.996979,34.704545],[136.996895,34.704628],[136.996815,34.704704],[136.996737,34.704775],[136.996654,34.704826],[136.99661,34.704848],[136.996521,34.704887],[136.996441,34.704921],[136.996404,34.704932],[136.996367,34.704938],[136.996282,34.704932],[136.996202,34.704923],[136.996167,34.704923],[136.996135,34.704928],[136.996105,34.704937],[136.99608,34.704951],[136.996047,34.704978],[136.99604,34.704985],[136.996014,34.705014],[136.996042,34.704854],[136.996006,34.704851],[136.995982,34.704985],[136.995979,34.705008],[136.995972,34.705086],[136.995977,34.705122],[136.995978,34.705127],[136.995984,34.705147],[136.995989,34.705154],[136.996008,34.705179],[136.995932,34.705179],[136.995928,34.70518],[136.995925,34.705181],[136.995912,34.705187],[136.995907,34.705192],[136.995902,34.705197],[136.995901,34.7052],[136.9959,34.705204],[136.9959,34.705212],[136.995915,34.705232],[136.99592,34.705238],[136.995999,34.70531],[136.996007,34.705318],[136.996062,34.705387],[136.996113,34.705437],[136.9962,34.705512],[136.996391,34.705655],[136.996486,34.705735],[136.996519,34.705771],[136.996531,34.70579],[136.996533,34.705796],[136.996541,34.705828],[136.996543,34.705832],[136.996553,34.705843],[136.99658,34.705857],[136.996584,34.70586],[136.996628,34.705879],[136.996635,34.705883],[136.996639,34.705885],[136.996643,34.705888],[136.996657,34.705897],[136.996661,34.7059],[136.996664,34.705902],[136.996676,34.705919],[136.996677,34.705925],[136.996677,34.705928],[136.996672,34.705936],[136.996671,34.705939],[136.99667,34.705941],[136.996671,34.705953],[136.996677,34.70596],[136.996688,34.70596],[136.996698,34.705953],[136.996708,34.705939],[136.996719,34.705935],[136.996724,34.705936],[136.996728,34.705937],[136.996731,34.705938],[136.996746,34.705943],[136.996804,34.705991],[136.996814,34.705998],[136.996948,34.706091],[136.996957,34.706098],[136.997005,34.706136],[136.997008,34.706139],[136.997013,34.706143],[136.99703,34.706163],[136.997034,34.706169],[136.997046,34.706199],[136.997049,34.706205],[136.997049,34.706207],[136.997051,34.70621],[136.997066,34.706237],[136.997069,34.706241],[136.997072,34.706246],[136.997084,34.706258],[136.9971,34.706263],[136.99712,34.706264],[136.997125,34.706257],[136.997126,34.706253],[136.997122,34.706236],[136.997102,34.706212],[136.9971,34.706209],[136.997098,34.706205],[136.997085,34.706174],[136.997135,34.706198],[136.997171,34.706214],[136.997175,34.706217],[136.997185,34.706221],[136.997191,34.706223],[136.997224,34.706234],[136.99723,34.706237],[136.997249,34.706254],[136.997255,34.706262],[136.997257,34.706267],[136.997259,34.70627],[136.997261,34.706278],[136.997262,34.706285],[136.997259,34.706305],[136.997258,34.70631],[136.997257,34.706314],[136.997257,34.706332],[136.997256,34.70634],[136.997258,34.70638],[136.997266,34.706406],[136.997283,34.706436],[136.997287,34.706443],[136.997308,34.706466],[136.997314,34.706474],[136.997339,34.706493],[136.997347,34.706497],[136.997355,34.706502],[136.997373,34.706517],[136.997379,34.706521],[136.997383,34.706524],[136.997392,34.706528],[136.9974,34.706528],[136.997409,34.706526],[136.997412,34.706525],[136.997416,34.706523],[136.997423,34.706517],[136.997426,34.706514],[136.997428,34.706511],[136.997431,34.706502],[136.997426,34.706482],[136.997426,34.70648],[136.997423,34.706472],[136.997421,34.70647],[136.997415,34.706456],[136.997421,34.706449],[136.997429,34.706448],[136.997432,34.706448],[136.997439,34.70645],[136.997442,34.706452],[136.997444,34.706453],[136.99748,34.70649],[136.997483,34.706492],[136.997523,34.706519],[136.997537,34.706526],[136.997546,34.706528],[136.997553,34.70653],[136.997571,34.706537],[136.997574,34.706538],[136.997583,34.706539],[136.997593,34.706538],[136.9976,34.706529],[136.9976,34.706525],[136.9976,34.706522],[136.9976,34.70652],[136.997599,34.706511],[136.997596,34.706506],[136.997588,34.706498],[136.997583,34.706495],[136.997564,34.706474],[136.997562,34.706471],[136.99756,34.706468],[136.997557,34.706459],[136.997559,34.706451],[136.997561,34.706447],[136.997567,34.70644],[136.997575,34.70644],[136.99758,34.706443],[136.997582,34.706446],[136.997622,34.70648],[136.997637,34.706484],[136.997642,34.706484],[136.997647,34.706485],[136.997661,34.706485],[136.997671,34.706484],[136.997676,34.706482],[136.99768,34.70648],[136.9977,34.706467],[136.997703,34.706459],[136.997704,34.706453],[136.997691,34.706434],[136.99769,34.706426],[136.997694,34.706421],[136.997701,34.706418],[136.997704,34.706417],[136.997707,34.706416],[136.997722,34.706413],[136.997727,34.706413],[136.997739,34.70641],[136.997745,34.706407],[136.99778,34.706383],[136.997785,34.706379],[136.99779,34.706376],[136.997839,34.706346],[136.997845,34.706343],[136.997849,34.706341],[136.997889,34.706329],[136.998625,34.706887],[136.999951,34.707652],[137.000003,34.707681],[137.000367,34.707887],[137.000384,34.707867],[137.000012,34.707655],[136.999952,34.707621],[136.999047,34.707092],[136.999882,34.705985],[136.999955,34.706008],[137.000018,34.706028],[137.000391,34.706134],[137.000418,34.706072],[137.000042,34.705966],[136.999955,34.705941],[136.999512,34.705813],[136.999398,34.706005],[136.998673,34.705744],[136.997667,34.705742],[136.997754,34.705295],[136.998086,34.704996],[136.998498,34.705017],[136.999403,34.705065],[136.99953,34.705072],[136.999533,34.705072],[136.999592,34.705075],[136.999957,34.705094],[137.000063,34.705102],[137.000298,34.705111],[137.000412,34.705115],[137.000548,34.705162],[137.000599,34.70518],[137.000734,34.705219],[137.000892,34.705257],[137.001049,34.705291],[137.00115,34.705306],[137.001207,34.705312],[137.001369,34.705314],[137.00142,34.70531],[137.001493,34.7053],[137.001532,34.705291],[137.001572,34.705282],[137.001605,34.705273],[137.001646,34.70526],[137.001682,34.705249],[137.001702,34.705243],[137.001695,34.705338],[137.001456,34.705322],[137.001455,34.70533],[137.001586,34.705339],[137.00153,34.705907],[137.001424,34.705902],[137.001354,34.706582],[137.001259,34.706573],[137.00126,34.706558],[137.001088,34.70655],[137.001085,34.706598],[137.001257,34.706607],[137.001258,34.70659],[137.001354,34.706596],[137.00135,34.706639],[137.001333,34.706826],[137.000878,34.706858],[137.000882,34.706888],[137.001346,34.706858],[137.001719,34.70736],[137.00193,34.70743],[137.001783,34.707719],[137.002139,34.707839],[137.002266,34.707597],[137.003418,34.707975],[137.003436,34.708014],[137.003468,34.70801],[137.003458,34.707986],[137.003455,34.70798],[137.003685,34.707482],[137.003775,34.70745],[137.004485,34.707674],[137.005044,34.707617],[137.005425,34.707445],[137.006017,34.706873],[137.006302,34.707089],[137.006294,34.707151],[137.006282,34.707238],[137.006303,34.707243],[137.006278,34.707426],[137.006083,34.70784],[137.005677,34.707918],[137.005326,34.707654],[137.005268,34.707652],[137.005202,34.707718],[137.005414,34.707889],[137.005392,34.707947],[137.005495,34.708171],[137.006097,34.708384],[137.006165,34.708265],[137.006654,34.708422],[137.006417,34.708876],[137.005998,34.709017],[137.003845,34.708284],[137.003773,34.708433],[137.003674,34.7084],[137.003649,34.708449],[137.003716,34.708474],[137.002921,34.709039],[137.000922,34.708584],[137.000913,34.708609],[137.003097,34.709106],[137.003054,34.709127],[137.003038,34.709134],[137.003029,34.70914],[137.003026,34.709143],[137.003024,34.709147],[137.003019,34.709161],[137.003019,34.709165],[137.003019,34.709169],[137.003016,34.709196],[137.002988,34.709206],[137.00297,34.709221],[137.002967,34.709226],[137.002965,34.70923],[137.002962,34.709234],[137.002954,34.709256],[137.002951,34.709262],[137.00295,34.709268],[137.002948,34.70928],[137.002948,34.709286],[137.002925,34.709435],[137.002921,34.709467],[137.00292,34.709502],[137.002928,34.709574],[137.002938,34.709632],[137.002953,34.709685],[137.002976,34.709735],[137.003001,34.709778],[137.003017,34.709801],[137.003031,34.709811],[137.003049,34.709815],[137.003074,34.709812],[137.0031,34.709793],[137.003129,34.709763],[137.00316,34.709724],[137.003186,34.709677],[137.003198,34.70965],[137.003207,34.709626],[137.003226,34.709537],[137.003228,34.709527],[137.003239,34.709502],[137.003253,34.709487],[137.003258,34.70948],[137.003261,34.709474],[137.003263,34.709468],[137.003269,34.709436],[137.003269,34.709431],[137.003274,34.709407],[137.003275,34.709403],[137.003276,34.709398],[137.00328,34.709385],[137.003282,34.709381],[137.003284,34.709376],[137.003292,34.709363],[137.003295,34.709359],[137.003298,34.709355],[137.003328,34.709326],[137.003381,34.709289],[137.003389,34.709285],[137.003408,34.709275],[137.003413,34.709274],[137.003419,34.709272],[137.00344,34.709268],[137.003446,34.709267],[137.003451,34.709266]]]}},{"type":"Feature","id":"234450090","properties":{"KEY_CODE":"234450090","PREF":"23","CITY":"445","S_AREA":"009000","PREF_NAME":"愛知県","CITY_NAME":"南知多町","S_NAME":"大字日間賀島","HCODE":8101,"AREA":14136.751,"KIGO_E":"E2","JINKO":0,"SETAI":0,"X_CODE":136.993237,"Y_CODE":34.703235},"geometry":{"type":"Polygon","coordinates":[[[136.99348,34.704052],[136.993491,34.704041],[136.99351,34.704042],[136.993528,34.704043],[136.993547,34.704042],[136.993569,34.704035],[136.993589,34.704027],[136.993613,34.704022],[136.993641,34.704012],[136.993656,34.704002],[136.99367,34.703991],[136.993682,34.703979],[136.993693,34.703965],[136.993704,34.703952],[136.993721,34.70389],[136.993754,34.703788],[136.993765,34.70377],[136.993776,34.703756],[136.993788,34.703745],[136.993801,34.703735],[136.993819,34.703722],[136.993836,34.703709],[136.99385,34.703685],[136.993855,34.703664],[136.993855,34.703638],[136.993852,34.703619],[136.993848,34.7036],[136.993826,34.703481],[136.993833,34.703475],[136.99385,34.703485],[136.993867,34.703494],[136.993884,34.703504],[136.993899,34.703515],[136.993916,34.703528],[136.993931,34.703543],[136.993947,34.703539],[136.993948,34.703513],[136.993921,34.703471],[136.993861,34.703366],[136.993778,34.703134],[136.993705,34.70289],[136.993675,34.702828],[136.993656,34.702818],[136.993638,34.70281],[136.99362,34.702807],[136.993603,34.702806],[136.993585,34.702805],[136.993572,34.702792],[136.993559,34.70278],[136.993549,34.702765],[136.993544,34.702748],[136.993541,34.70273],[136.993539,34.702712],[136.993551,34.702697],[136.993562,34.702681],[136.99357,34.702668],[136.993579,34.702653],[136.993587,34.70264],[136.99359,34.70258],[136.993556,34.702443],[136.993525,34.702346],[136.993506,34.702335],[136.993488,34.702335],[136.993473,34.702343],[136.993466,34.702358],[136.993437,34.702363],[136.993361,34.702372],[136.993322,34.702403],[136.993322,34.702454],[136.993316,34.702592],[136.993287,34.702627],[136.993257,34.702629],[136.993264,34.702598],[136.993241,34.702501],[136.993218,34.70246],[136.993176,34.702472],[136.993152,34.702514],[136.993169,34.702646],[136.993171,34.702756],[136.993166,34.702773],[136.993163,34.702788],[136.993157,34.702804],[136.99315,34.702819],[136.993139,34.70283],[136.993125,34.70284],[136.993112,34.702849],[136.993097,34.702859],[136.99291,34.702868],[136.992896,34.70286],[136.992883,34.702851],[136.992873,34.702841],[136.992864,34.702828],[136.992856,34.702815],[136.992845,34.702801],[136.992833,34.702789],[136.992821,34.702777],[136.992809,34.702764],[136.992772,34.70276],[136.992715,34.702795],[136.992712,34.702811],[136.992707,34.702826],[136.992696,34.702838],[136.992681,34.702847],[136.992664,34.702852],[136.992632,34.702851],[136.992614,34.702846],[136.992596,34.702839],[136.992577,34.702835],[136.99256,34.702839],[136.992544,34.702844],[136.992525,34.702849],[136.992518,34.702836],[136.992506,34.702824],[136.992487,34.70282],[136.992469,34.70282],[136.992445,34.702875],[136.992432,34.702908],[136.992399,34.702902],[136.992395,34.702889],[136.992392,34.702875],[136.992388,34.702862],[136.992382,34.702848],[136.992375,34.702836],[136.992366,34.702823],[136.992357,34.702811],[136.992329,34.702825],[136.992329,34.70284],[136.99233,34.702856],[136.99233,34.702872],[136.992331,34.702887],[136.992333,34.702902],[136.992337,34.702917],[136.992342,34.702931],[136.992347,34.702945],[136.992353,34.702959],[136.992344,34.702972],[136.99232,34.702979],[136.992242,34.702861],[136.99223,34.702846],[136.99222,34.702834],[136.992209,34.702825],[136.992194,34.702817],[136.992174,34.702815],[136.992155,34.702819],[136.992143,34.702831],[136.992139,34.702846],[136.992141,34.702864],[136.99223,34.703033],[136.992242,34.703046],[136.992254,34.703059],[136.992267,34.703069],[136.99228,34.703077],[136.992293,34.703086],[136.992379,34.70306],[136.992397,34.703054],[136.992416,34.70305],[136.992437,34.703054],[136.992455,34.703062],[136.99247,34.703074],[136.992483,34.703086],[136.992495,34.703104],[136.992506,34.703121],[136.99257,34.703226],[136.992578,34.703242],[136.992587,34.70326],[136.992591,34.703277],[136.99259,34.703291],[136.992588,34.703305],[136.992584,34.703318],[136.992581,34.703332],[136.992577,34.703345],[136.992572,34.703359],[136.992594,34.703378],[136.992614,34.70337],[136.992627,34.703361],[136.992638,34.703349],[136.992648,34.703337],[136.992658,34.703326],[136.992679,34.703318],[136.992702,34.703316],[136.992724,34.703323],[136.992743,34.703335],[136.992766,34.703354],[136.992783,34.703423],[136.992808,34.70348],[136.99282,34.703502],[136.992882,34.703523],[136.992897,34.703531],[136.992914,34.703534],[136.992935,34.703528],[136.992937,34.703548],[136.99294,34.703567],[136.99295,34.703587],[136.992959,34.703602],[136.992972,34.703614],[136.992997,34.703623],[136.993017,34.703627],[136.993038,34.703629],[136.993058,34.703632],[136.993053,34.703649],[136.99305,34.703667],[136.993054,34.703692],[136.993068,34.703708],[136.993085,34.703719],[136.993101,34.70373],[136.993113,34.703743],[136.993123,34.703756],[136.993129,34.703771],[136.993137,34.703785],[136.993127,34.7038],[136.993116,34.703814],[136.993112,34.70383],[136.993126,34.703849],[136.993138,34.703861],[136.993151,34.703871],[136.993165,34.703881],[136.99318,34.70389],[136.993201,34.703901],[136.993218,34.703913],[136.993233,34.703928],[136.99324,34.703947],[136.993247,34.703966],[136.993252,34.703985],[136.993272,34.703995],[136.993293,34.703999],[136.993314,34.704001],[136.993326,34.704003],[136.993347,34.704009],[136.993356,34.704018],[136.993367,34.704029],[136.993378,34.704039],[136.99339,34.704049],[136.993408,34.704061],[136.993429,34.704069],[136.993451,34.704076],[136.993466,34.704064],[136.99348,34.704052]]]}}]}