{"type":"FeatureCollection","name":"23563_豊根村","crs":{"type":"name","properties":{"name":"urn:ogc:def:crs:OGC:1.3:CRS84"}},"features":[{"type":"Feature","id":"23563001001","properties":{"KEY_CODE":"23563001001","PREF":"23","CITY":"563","S_AREA":"001001","PREF_NAME":"愛知県","CITY_NAME":"豊根村","S_NAME":"下黒川","HCODE":8101,"AREA":545604.928,"KIGO_E":"","JINKO":57,"SETAI":19,"X_CODE":137.719122,"Y_CODE":35.149481},"geometry":{"type":"Polygon","coordinates":[[[137.723981,35.15065],[137.723737,35.15006],[137.723548,35.149667],[137.722772,35.149298],[137.722023,35.149083],[137.72133,35.149064],[137.720742,35.148848],[137.72034,35.148543],[137.720553,35.148219],[137.720812,35.147805],[137.720958,35.147258],[137.720997,35.146804],[137.720911,35.145856],[137.720954,35.145493],[137.721162,35.145171],[137.721253,35.144625],[137.721344,35.14408],[137.721225,35.143812],[137.720892,35.143639],[137.72023,35.143476],[137.719074,35.143235],[137.718026,35.142946],[137.718007,35.144032],[137.717819,35.144942],[137.717601,35.14549],[137.717365,35.146085],[137.717285,35.146288],[137.716609,35.148006],[137.716362,35.148782],[137.716172,35.149647],[137.716029,35.150284],[137.71595,35.151191],[137.715979,35.15205],[137.716064,35.152953],[137.716199,35.153719],[137.716286,35.154506],[137.716587,35.155555],[137.719018,35.15422],[137.720371,35.153163],[137.722548,35.151729],[137.723981,35.15065]]]}},{"type":"Feature","id":"23563001002","properties":{"KEY_CODE":"23563001002","PREF":"23","CITY":"563","S_AREA":"001002","PREF_NAME":"愛知県","CITY_NAME":"豊根村","S_NAME":"下黒川","HCODE":8101,"AREA":2203754.412,"KIGO_E":"","JINKO":14,"SETAI":6,"X_CODE":137.722569,"Y_CODE":35.139243},"geometry":{"type":"Polygon","coordinates":[[[137.731871,35.145073],[137.731629,35.144306],[137.731606,35.143628],[137.731672,35.142886],[137.731548,35.142107],[137.731355,35.14164],[137.731115,35.141271],[137.730828,35.140902],[137.730154,35.139696],[137.729793,35.138938],[137.728737,35.137266],[137.728305,35.136683],[137.727419,35.135557],[137.726462,35.134469],[137.726031,35.133865],[137.725901,35.133234],[137.725667,35.132788],[137.725209,35.132167],[137.724366,35.131465],[137.723973,35.131158],[137.723451,35.130267],[137.723065,35.129622],[137.723732,35.129192],[137.723244,35.128967],[137.722907,35.128717],[137.722419,35.12845],[137.722342,35.128416],[137.721894,35.128217],[137.721694,35.1284],[137.721382,35.1291],[137.721219,35.129675],[137.721207,35.130442],[137.721069,35.130908],[137.720432,35.131141],[137.719494,35.131358],[137.719332,35.13135],[137.718994,35.131266],[137.718482,35.13125],[137.71807,35.131125],[137.717757,35.131108],[137.716945,35.131258],[137.716457,35.13115],[137.716086,35.131189],[137.714582,35.133126],[137.713855,35.134276],[137.713499,35.135055],[137.713139,35.135743],[137.712938,35.136291],[137.712872,35.137483],[137.713824,35.138259],[137.71422,35.138656],[137.715629,35.139931],[137.716422,35.14077],[137.716878,35.141301],[137.717903,35.142542],[137.718026,35.142946],[137.719074,35.143235],[137.72023,35.143476],[137.720892,35.143639],[137.721225,35.143812],[137.721344,35.14408],[137.721253,35.144625],[137.721162,35.145171],[137.720954,35.145493],[137.720911,35.145856],[137.720997,35.146804],[137.720958,35.147258],[137.720812,35.147805],[137.720553,35.148219],[137.72034,35.148543],[137.720742,35.148848],[137.72133,35.149064],[137.722023,35.149083],[137.722772,35.149298],[137.723548,35.149667],[137.723737,35.15006],[137.723981,35.15065],[137.725056,35.149638],[137.726064,35.14879],[137.727294,35.146875],[137.72858,35.14612],[137.729726,35.145637],[137.730562,35.145389],[137.731871,35.145073]]]}},{"type":"Feature","id":"23563001003","properties":{"KEY_CODE":"23563001003","PREF":"23","CITY":"563","S_AREA":"001003","PREF_NAME":"愛知県","CITY_NAME":"豊根村","S_NAME":"下黒川","HCODE":8101,"AREA":446155.156,"KIGO_E":"","JINKO":1,"SETAI":1,"X_CODE":137.718225,"Y_CODE":35.180867},"geometry":{"type":"Polygon","coordinates":[[[137.725236,35.185624],[137.724831,35.184535],[137.724372,35.183913],[137.723746,35.183161],[137.723005,35.182275],[137.722267,35.18148],[137.721311,35.180691],[137.720141,35.180043],[137.719018,35.179167],[137.715997,35.176335],[137.714259,35.177527],[137.711537,35.179545],[137.71582,35.181695],[137.717155,35.182339],[137.719966,35.183694],[137.721421,35.18432],[137.7229,35.184856],[137.724225,35.185288],[137.725236,35.185624]]]}},{"type":"Feature","id":"23563001004","properties":{"KEY_CODE":"23563001004","PREF":"23","CITY":"563","S_AREA":"001004","PREF_NAME":"愛知県","CITY_NAME":"豊根村","S_NAME":"下黒川","HCODE":8101,"AREA":5812628.498,"KIGO_E":"","JINKO":27,"SETAI":13,"X_CODE":137.711269,"Y_CODE":35.194356},"geometry":{"type":"Polygon","coordinates":[[[137.704051,35.21264],[137.706165,35.212042],[137.70795,35.211407],[137.709348,35.210691],[137.71085,35.209792],[137.71186,35.208906],[137.712495,35.208255],[137.712864,35.207839],[137.713106,35.207455],[137.713431,35.206783],[137.713528,35.206418],[137.713981,35.20523],[137.714235,35.204603],[137.71479,35.203885],[137.715456,35.203203],[137.716416,35.202758],[137.717755,35.202219],[137.719362,35.201735],[137.72068,35.201361],[137.721484,35.201193],[137.721222,35.200377],[137.721128,35.199826],[137.72117,35.199367],[137.721318,35.198173],[137.72167,35.197236],[137.722069,35.196683],[137.722491,35.19624],[137.723204,35.195815],[137.723919,35.195683],[137.72553,35.195602],[137.727229,35.195484],[137.727968,35.195499],[137.726981,35.193158],[137.726441,35.191919],[137.725784,35.190895],[137.724801,35.189673],[137.724052,35.188959],[137.723127,35.187397],[137.723278,35.187164],[137.72461,35.186731],[137.72507,35.186192],[137.725614,35.185647],[137.725236,35.185624],[137.724225,35.185288],[137.7229,35.184856],[137.721421,35.18432],[137.719966,35.183694],[137.717155,35.182339],[137.71582,35.181695],[137.711537,35.179545],[137.71085,35.179506],[137.710441,35.179483],[137.709458,35.179509],[137.708644,35.179711],[137.706868,35.180573],[137.706488,35.180673],[137.705943,35.180733],[137.705239,35.180932],[137.704267,35.18132],[137.704226,35.181728],[137.704185,35.182136],[137.704205,35.182724],[137.703527,35.184159],[137.702289,35.185987],[137.701674,35.187225],[137.700379,35.189386],[137.699572,35.191444],[137.699296,35.192191],[137.699079,35.193086],[137.698252,35.196185],[137.698174,35.197137],[137.698215,35.198358],[137.698397,35.198896],[137.698805,35.199655],[137.698876,35.199751],[137.699263,35.200276],[137.699828,35.200804],[137.70067,35.201461],[137.701065,35.201813],[137.702015,35.202421],[137.702747,35.203036],[137.703257,35.203565],[137.703601,35.204054],[137.703776,35.204366],[137.703955,35.204814],[137.704028,35.205355],[137.703845,35.206446],[137.702832,35.210545],[137.702693,35.211273],[137.702721,35.211824],[137.702983,35.211991],[137.703101,35.212032],[137.703547,35.212291],[137.703993,35.212551],[137.704051,35.21264]]]}},{"type":"Feature","id":"23563001005","properties":{"KEY_CODE":"23563001005","PREF":"23","CITY":"563","S_AREA":"001005","PREF_NAME":"愛知県","CITY_NAME":"豊根村","S_NAME":"下黒川","HCODE":8101,"AREA":1849535.292,"KIGO_E":"","JINKO":16,"SETAI":6,"X_CODE":137.708176,"Y_CODE":35.171152},"geometry":{"type":"Polygon","coordinates":[[[137.71085,35.179506],[137.710915,35.178928],[137.710993,35.177975],[137.711032,35.177522],[137.711128,35.177112],[137.711488,35.176424],[137.712167,35.175454],[137.712595,35.175173],[137.71292,35.175074],[137.71329,35.174702],[137.713818,35.174145],[137.713925,35.174052],[137.71416,35.173798],[137.714504,35.173295],[137.715527,35.168678],[137.715519,35.168547],[137.714813,35.166614],[137.714446,35.165772],[137.713967,35.164647],[137.713538,35.164107],[137.712786,35.163509],[137.712224,35.163183],[137.711556,35.163055],[137.710943,35.163145],[137.710038,35.163368],[137.708653,35.163659],[137.707214,35.163862],[137.7066,35.163821],[137.706013,35.163714],[137.705184,35.163411],[137.704649,35.163151],[137.703967,35.162946],[137.703725,35.163369],[137.703489,35.163673],[137.703044,35.164246],[137.702843,35.164795],[137.702597,35.165616],[137.702569,35.166431],[137.702657,35.167424],[137.702734,35.168101],[137.702748,35.168508],[137.702647,35.168782],[137.702178,35.169473],[137.701443,35.170397],[137.701235,35.17072],[137.701135,35.170994],[137.701205,35.171444],[137.703957,35.178568],[137.704033,35.179199],[137.70423,35.180189],[137.704267,35.18132],[137.705239,35.180932],[137.705943,35.180733],[137.706488,35.180673],[137.706868,35.180573],[137.708644,35.179711],[137.709458,35.179509],[137.710441,35.179483],[137.71085,35.179506]]]}},{"type":"Feature","id":"23563001006","properties":{"KEY_CODE":"23563001006","PREF":"23","CITY":"563","S_AREA":"001006","PREF_NAME":"愛知県","CITY_NAME":"豊根村","S_NAME":"下黒川","HCODE":8101,"AREA":632616.464,"KIGO_E":"","JINKO":9,"SETAI":5,"X_CODE":137.716926,"Y_CODE":35.165836},"geometry":{"type":"Polygon","coordinates":[[[137.711537,35.179545],[137.712095,35.178218],[137.712239,35.177626],[137.712333,35.177171],[137.712647,35.176755],[137.713071,35.176337],[137.713499,35.176054],[137.71393,35.175862],[137.71431,35.175761],[137.714527,35.17571],[137.714795,35.175568],[137.715008,35.175381],[137.715432,35.174963],[137.715571,35.174235],[137.715558,35.173828],[137.715911,35.172047],[137.715922,35.171671],[137.716085,35.171135],[137.716419,35.170274],[137.716528,35.169954],[137.717162,35.169223],[137.717579,35.168842],[137.717749,35.168481],[137.717821,35.168116],[137.717989,35.167487],[137.717959,35.166595],[137.718006,35.166291],[137.718201,35.165884],[137.718548,35.1649],[137.718797,35.164534],[137.719018,35.164411],[137.720151,35.163899],[137.720935,35.162963],[137.722054,35.160398],[137.722749,35.157319],[137.720043,35.158912],[137.718221,35.159813],[137.71672,35.160509],[137.716178,35.160795],[137.715539,35.161203],[137.715044,35.161714],[137.71468,35.162266],[137.713836,35.163627],[137.713538,35.164107],[137.713967,35.164647],[137.714446,35.165772],[137.714813,35.166614],[137.715519,35.168547],[137.715527,35.168678],[137.714504,35.173295],[137.71416,35.173798],[137.713925,35.174052],[137.713818,35.174145],[137.71329,35.174702],[137.71292,35.175074],[137.712595,35.175173],[137.712167,35.175454],[137.711488,35.176424],[137.711128,35.177112],[137.711032,35.177522],[137.710993,35.177975],[137.710915,35.178928],[137.71085,35.179506],[137.711537,35.179545]]]}},{"type":"Feature","id":"23563001007","properties":{"KEY_CODE":"23563001007","PREF":"23","CITY":"563","S_AREA":"001007","PREF_NAME":"愛知県","CITY_NAME":"豊根村","S_NAME":"下黒川","HCODE":8101,"AREA":1167054.387,"KIGO_E":"","JINKO":16,"SETAI":6,"X_CODE":137.714175,"Y_CODE":35.158509},"geometry":{"type":"Polygon","coordinates":[[[137.713538,35.164107],[137.713836,35.163627],[137.71468,35.162266],[137.715044,35.161714],[137.715539,35.161203],[137.716178,35.160795],[137.71672,35.160509],[137.718221,35.159813],[137.720043,35.158912],[137.722749,35.157319],[137.723559,35.156626],[137.724523,35.155771],[137.723747,35.155424],[137.723131,35.155055],[137.723716,35.154811],[137.724751,35.154062],[137.724961,35.153579],[137.725116,35.152856],[137.72506,35.152419],[137.723981,35.15065],[137.722548,35.151729],[137.720371,35.153163],[137.719018,35.15422],[137.716587,35.155555],[137.716971,35.157174],[137.717271,35.158092],[137.716547,35.157635],[137.715879,35.15731],[137.714836,35.156964],[137.714034,35.156749],[137.713286,35.156555],[137.712216,35.155969],[137.711575,35.155862],[137.711095,35.155886],[137.710537,35.156085],[137.703983,35.159606],[137.704273,35.160843],[137.704306,35.161784],[137.704203,35.162376],[137.703967,35.162946],[137.704649,35.163151],[137.705184,35.163411],[137.706013,35.163714],[137.7066,35.163821],[137.707214,35.163862],[137.708653,35.163659],[137.710038,35.163368],[137.710943,35.163145],[137.711556,35.163055],[137.712224,35.163183],[137.712786,35.163509],[137.713538,35.164107]]]}},{"type":"Feature","id":"23563001008","properties":{"KEY_CODE":"23563001008","PREF":"23","CITY":"563","S_AREA":"001008","PREF_NAME":"愛知県","CITY_NAME":"豊根村","S_NAME":"下黒川","HCODE":8101,"AREA":899335.953,"KIGO_E":"","JINKO":38,"SETAI":11,"X_CODE":137.708406,"Y_CODE":35.147447},"geometry":{"type":"Polygon","coordinates":[[[137.710537,35.156085],[137.709472,35.153669],[137.708537,35.150209],[137.708526,35.149893],[137.708826,35.147396],[137.710859,35.144447],[137.712438,35.142595],[137.712664,35.141186],[137.712872,35.137483],[137.712938,35.136291],[137.711747,35.13664],[137.710667,35.13703],[137.710135,35.137451],[137.70966,35.137962],[137.709447,35.138262],[137.708613,35.138924],[137.707829,35.139797],[137.707698,35.139977],[137.707344,35.140465],[137.707168,35.140825],[137.707114,35.141255],[137.706981,35.141824],[137.706921,35.14208],[137.706771,35.142363],[137.706316,35.142954],[137.706031,35.143277],[137.705815,35.14381],[137.705654,35.144191],[137.705475,35.144353],[137.705352,35.144431],[137.7054,35.144535],[137.705528,35.144698],[137.705911,35.145007],[137.706122,35.145179],[137.706602,35.145288],[137.706542,35.146144],[137.705819,35.149059],[137.705692,35.150148],[137.705263,35.153689],[137.704525,35.157827],[137.704231,35.15883],[137.703983,35.159606],[137.710537,35.156085]]]}},{"type":"Feature","id":"23563001009","properties":{"KEY_CODE":"23563001009","PREF":"23","CITY":"563","S_AREA":"001009","PREF_NAME":"愛知県","CITY_NAME":"豊根村","S_NAME":"下黒川","HCODE":8101,"AREA":685692.169,"KIGO_E":"","JINKO":16,"SETAI":7,"X_CODE":137.712711,"Y_CODE":35.146207},"geometry":{"type":"Polygon","coordinates":[[[137.717601,35.14549],[137.717819,35.144942],[137.718007,35.144032],[137.718026,35.142946],[137.717903,35.142542],[137.716878,35.141301],[137.716422,35.14077],[137.715629,35.139931],[137.71422,35.138656],[137.713824,35.138259],[137.712872,35.137483],[137.712664,35.141186],[137.712438,35.142595],[137.710859,35.144447],[137.708826,35.147396],[137.708526,35.149893],[137.708537,35.150209],[137.709472,35.153669],[137.710537,35.156085],[137.710985,35.155549],[137.711159,35.155073],[137.711404,35.154207],[137.711577,35.153674],[137.71186,35.15307],[137.712371,35.152055],[137.713072,35.148506],[137.713171,35.148187],[137.713145,35.147418],[137.713185,35.146965],[137.713239,35.146694],[137.713337,35.146341],[137.713492,35.145964],[137.713804,35.145646],[137.714061,35.145539],[137.714404,35.145455],[137.716378,35.145423],[137.717601,35.14549]]]}},{"type":"Feature","id":"23563001010","properties":{"KEY_CODE":"23563001010","PREF":"23","CITY":"563","S_AREA":"001010","PREF_NAME":"愛知県","CITY_NAME":"豊根村","S_NAME":"下黒川","HCODE":8101,"AREA":467852.023,"KIGO_E":"","JINKO":28,"SETAI":16,"X_CODE":137.714469,"Y_CODE":35.151628},"geometry":{"type":"Polygon","coordinates":[[[137.716587,35.155555],[137.716286,35.154506],[137.716199,35.153719],[137.716064,35.152953],[137.715979,35.15205],[137.71595,35.151191],[137.716029,35.150284],[137.716172,35.149647],[137.716362,35.148782],[137.716609,35.148006],[137.717285,35.146288],[137.717365,35.146085],[137.717601,35.14549],[137.716378,35.145423],[137.714404,35.145455],[137.714061,35.145539],[137.713804,35.145646],[137.713492,35.145964],[137.713337,35.146341],[137.713239,35.146694],[137.713185,35.146965],[137.713145,35.147418],[137.713171,35.148187],[137.713072,35.148506],[137.712371,35.152055],[137.71186,35.15307],[137.711577,35.153674],[137.711404,35.154207],[137.711159,35.155073],[137.710985,35.155549],[137.710537,35.156085],[137.711095,35.155886],[137.711575,35.155862],[137.712216,35.155969],[137.713286,35.156555],[137.714034,35.156749],[137.714836,35.156964],[137.715879,35.15731],[137.716547,35.157635],[137.717271,35.158092],[137.716971,35.157174],[137.716587,35.155555]]]}},{"type":"Feature","id":"23563002001","properties":{"KEY_CODE":"23563002001","PREF":"23","CITY":"563","S_AREA":"002001","PREF_NAME":"愛知県","CITY_NAME":"豊根村","S_NAME":"上黒川","HCODE":8101,"AREA":181640.444,"KIGO_E":"","JINKO":12,"SETAI":4,"X_CODE":137.695896,"Y_CODE":35.137751},"geometry":{"type":"Polygon","coordinates":[[[137.696465,35.141867],[137.696905,35.141536],[137.697243,35.14133],[137.696058,35.14065],[137.695816,35.140515],[137.695863,35.140339],[137.695945,35.140111],[137.696131,35.139766],[137.696239,35.139435],[137.696383,35.138929],[137.696491,35.138193],[137.696639,35.137303],[137.696618,35.137215],[137.696725,35.133983],[137.696607,35.133709],[137.696417,35.13359],[137.696191,35.133514],[137.694461,35.133638],[137.694487,35.133743],[137.69457,35.134601],[137.694469,35.135046],[137.694761,35.136328],[137.695058,35.1372],[137.695396,35.138304],[137.695004,35.138744],[137.694348,35.139637],[137.693679,35.140337],[137.692817,35.140843],[137.692338,35.14105],[137.692428,35.141184],[137.69268,35.141303],[137.693409,35.141723],[137.693954,35.141825],[137.694113,35.14189],[137.694026,35.142012],[137.693989,35.142096],[137.694041,35.142152],[137.694173,35.142161],[137.69425,35.142133],[137.69431,35.142078],[137.694603,35.141871],[137.694666,35.141815],[137.694877,35.141737],[137.695054,35.141811],[137.695273,35.14193],[137.695549,35.142344],[137.695913,35.142155],[137.696465,35.141867]]]}},{"type":"Feature","id":"23563002002","properties":{"KEY_CODE":"23563002002","PREF":"23","CITY":"563","S_AREA":"002002","PREF_NAME":"愛知県","CITY_NAME":"豊根村","S_NAME":"上黒川","HCODE":8101,"AREA":3077031.346,"KIGO_E":"","JINKO":26,"SETAI":11,"X_CODE":137.703683,"Y_CODE":35.132538},"geometry":{"type":"Polygon","coordinates":[[[137.706981,35.141824],[137.707114,35.141255],[137.707168,35.140825],[137.707344,35.140465],[137.707698,35.139977],[137.707829,35.139797],[137.708613,35.138924],[137.709447,35.138262],[137.70966,35.137962],[137.710135,35.137451],[137.710667,35.13703],[137.711747,35.13664],[137.712938,35.136291],[137.713139,35.135743],[137.713499,35.135055],[137.713855,35.134276],[137.714582,35.133126],[137.716086,35.131189],[137.715745,35.131225],[137.715657,35.131166],[137.715532,35.130166],[137.715395,35.129866],[137.714795,35.129108],[137.714432,35.128783],[137.713907,35.128692],[137.713582,35.128566],[137.713232,35.128083],[137.713032,35.127658],[137.712977,35.127573],[137.712795,35.127292],[137.71242,35.126883],[137.712133,35.126433],[137.71187,35.125883],[137.711797,35.12578],[137.711633,35.12555],[137.711558,35.125492],[137.710995,35.125433],[137.709408,35.125392],[137.70887,35.12525],[137.708595,35.125017],[137.707783,35.124017],[137.70737,35.123717],[137.706895,35.123459],[137.705933,35.123267],[137.705583,35.123309],[137.705383,35.123625],[137.704833,35.124183],[137.703658,35.124825],[137.703446,35.125183],[137.703183,35.125508],[137.702833,35.125741],[137.702146,35.125708],[137.701446,35.125783],[137.700808,35.125316],[137.700051,35.124559],[137.699958,35.124467],[137.699558,35.124242],[137.699458,35.124225],[137.699071,35.124325],[137.698383,35.12425],[137.697859,35.124317],[137.696634,35.124116],[137.696021,35.124275],[137.695681,35.124366],[137.695521,35.124356],[137.695246,35.124183],[137.694871,35.124075],[137.694346,35.124],[137.694146,35.124116],[137.694021,35.124425],[137.693921,35.125091],[137.693796,35.1256],[137.693609,35.125916],[137.693472,35.126059],[137.693146,35.126399],[137.693059,35.126708],[137.692978,35.127661],[137.692946,35.128033],[137.692734,35.128183],[137.692646,35.128208],[137.692309,35.128422],[137.692902,35.128807],[137.693309,35.12952],[137.693622,35.130734],[137.69417,35.132439],[137.694461,35.133638],[137.696191,35.133514],[137.696417,35.13359],[137.696607,35.133709],[137.696725,35.133983],[137.696618,35.137215],[137.696639,35.137303],[137.696491,35.138193],[137.696383,35.138929],[137.696239,35.139435],[137.696131,35.139766],[137.695945,35.140111],[137.695863,35.140339],[137.695816,35.140515],[137.696058,35.14065],[137.697243,35.14133],[137.698769,35.141741],[137.699671,35.142029],[137.701917,35.14329],[137.702614,35.143553],[137.702861,35.143646],[137.703245,35.143668],[137.703467,35.143565],[137.704139,35.143155],[137.704932,35.142728],[137.705794,35.142378],[137.706504,35.142115],[137.706981,35.141824]]]}},{"type":"Feature","id":"23563002003","properties":{"KEY_CODE":"23563002003","PREF":"23","CITY":"563","S_AREA":"002003","PREF_NAME":"愛知県","CITY_NAME":"豊根村","S_NAME":"上黒川","HCODE":8101,"AREA":1277500.222,"KIGO_E":"","JINKO":92,"SETAI":19,"X_CODE":137.70128,"Y_CODE":35.148997},"geometry":{"type":"Polygon","coordinates":[[[137.705815,35.14381],[137.706031,35.143277],[137.706316,35.142954],[137.706771,35.142363],[137.706921,35.14208],[137.706981,35.141824],[137.706504,35.142115],[137.705794,35.142378],[137.704932,35.142728],[137.704139,35.143155],[137.703467,35.143565],[137.703245,35.143668],[137.702861,35.143646],[137.702614,35.143553],[137.701917,35.14329],[137.699671,35.142029],[137.698769,35.141741],[137.697243,35.14133],[137.696905,35.141536],[137.696465,35.141867],[137.695913,35.142155],[137.695549,35.142344],[137.695655,35.142876],[137.695594,35.143116],[137.695589,35.143134],[137.695547,35.143561],[137.695625,35.143883],[137.695626,35.143886],[137.695731,35.144248],[137.695975,35.144629],[137.695936,35.145093],[137.695885,35.145996],[137.695861,35.146416],[137.695974,35.147703],[137.696186,35.148723],[137.696452,35.150164],[137.696602,35.151084],[137.697119,35.152138],[137.697233,35.152271],[137.697453,35.15231],[137.697948,35.152388],[137.698445,35.152556],[137.699111,35.152855],[137.699393,35.153119],[137.699692,35.153881],[137.699883,35.15469],[137.700241,35.155586],[137.700815,35.156431],[137.701562,35.157497],[137.702636,35.158555],[137.703983,35.159606],[137.704231,35.15883],[137.704525,35.157827],[137.705263,35.153689],[137.705692,35.150148],[137.705819,35.149059],[137.706542,35.146144],[137.706602,35.145288],[137.706122,35.145179],[137.705911,35.145007],[137.705528,35.144698],[137.7054,35.144535],[137.705352,35.144431],[137.705475,35.144353],[137.705654,35.144191],[137.705815,35.14381]]]}},{"type":"Feature","id":"23563002004","properties":{"KEY_CODE":"23563002004","PREF":"23","CITY":"563","S_AREA":"002004","PREF_NAME":"愛知県","CITY_NAME":"豊根村","S_NAME":"上黒川","HCODE":8101,"AREA":3042478.572,"KIGO_E":"","JINKO":41,"SETAI":18,"X_CODE":137.671075,"Y_CODE":35.135341},"geometry":{"type":"Polygon","coordinates":[[[137.676172,35.140222],[137.677421,35.14023],[137.679407,35.140161],[137.681152,35.139941],[137.681991,35.139778],[137.682683,35.139586],[137.683201,35.1392],[137.683572,35.138828],[137.683886,35.138413],[137.684093,35.138045],[137.684458,35.137492],[137.685261,35.136974],[137.685964,35.13673],[137.686619,35.136668],[137.688072,35.137209],[137.688517,35.137224],[137.688984,35.137144],[137.689353,35.136907],[137.689753,35.136391],[137.689794,35.136173],[137.689684,35.135607],[137.689492,35.134575],[137.689082,35.133392],[137.688977,35.13298],[137.688933,35.132959],[137.688422,35.132715],[137.687884,35.132565],[137.687034,35.132407],[137.686359,35.132382],[137.685197,35.13239],[137.683997,35.131948],[137.683697,35.132265],[137.683509,35.132548],[137.682897,35.13249],[137.682435,35.13249],[137.682047,35.132623],[137.681897,35.132632],[137.681372,35.132473],[137.68086,35.13244],[137.679747,35.131832],[137.679235,35.131673],[137.678835,35.131357],[137.67841,35.13069],[137.678247,35.130582],[137.677947,35.130598],[137.67656,35.130707],[137.676198,35.130657],[137.675698,35.13049],[137.675473,35.130548],[137.675235,35.130482],[137.674923,35.130207],[137.674435,35.130107],[137.673914,35.130106],[137.67376,35.130106],[137.672998,35.129873],[137.672635,35.129723],[137.672223,35.12964],[137.672023,35.129573],[137.671498,35.12959],[137.671073,35.129432],[137.670498,35.12909],[137.669511,35.129331],[137.668861,35.12919],[137.668498,35.12904],[137.668011,35.129106],[137.667473,35.129331],[137.667248,35.129731],[137.666473,35.12944],[137.665861,35.129331],[137.665399,35.129406],[137.665036,35.129381],[137.664736,35.129215],[137.664611,35.12919],[137.664249,35.129256],[137.663986,35.129156],[137.663411,35.128673],[137.662711,35.128456],[137.662249,35.128456],[137.661736,35.128614],[137.661586,35.128723],[137.660899,35.128981],[137.660287,35.128989],[137.659737,35.128956],[137.659549,35.128998],[137.659424,35.128898],[137.659537,35.129031],[137.659662,35.129414],[137.659674,35.129797],[137.659449,35.131047],[137.659287,35.131506],[137.659074,35.131889],[137.658312,35.13293],[137.657937,35.133339],[137.657487,35.134447],[137.656999,35.135164],[137.656774,35.135638],[137.656587,35.136272],[137.656499,35.136947],[137.656162,35.137605],[137.656087,35.137988],[137.655949,35.138313],[137.655699,35.138621],[137.655512,35.139038],[137.655412,35.139471],[137.655374,35.13943],[137.655399,35.139496],[137.655687,35.139721],[137.656524,35.140001],[137.657112,35.140196],[137.657837,35.140571],[137.658039,35.140703],[137.658449,35.140971],[137.658886,35.141205],[137.660799,35.14063],[137.661299,35.140496],[137.661736,35.14038],[137.662824,35.140163],[137.664298,35.140272],[137.664548,35.140272],[137.664948,35.140105],[137.665423,35.140063],[137.665836,35.140455],[137.666236,35.141055],[137.666736,35.141522],[137.667411,35.141413],[137.668036,35.141213],[137.669187,35.141214],[137.669461,35.141214],[137.67021,35.141489],[137.67066,35.141572],[137.671235,35.14123],[137.671886,35.140913],[137.672023,35.140847],[137.672473,35.140747],[137.672885,35.140864],[137.673223,35.140822],[137.67336,35.140755],[137.673553,35.140558],[137.67366,35.140447],[137.673977,35.14035],[137.673985,35.140347],[137.674335,35.140331],[137.674848,35.140064],[137.675323,35.139931],[137.675772,35.139972],[137.676172,35.140222]]]}},{"type":"Feature","id":"23563002005","properties":{"KEY_CODE":"23563002005","PREF":"23","CITY":"563","S_AREA":"002005","PREF_NAME":"愛知県","CITY_NAME":"豊根村","S_NAME":"上黒川","HCODE":8101,"AREA":2876132.448,"KIGO_E":"","JINKO":41,"SETAI":20,"X_CODE":137.683779,"Y_CODE":35.145956},"geometry":{"type":"Polygon","coordinates":[[[137.672253,35.167448],[137.673788,35.165915],[137.674134,35.165526],[137.675107,35.164433],[137.67545,35.163794],[137.675674,35.163377],[137.676131,35.162324],[137.676491,35.161636],[137.67686,35.161219],[137.677389,35.160662],[137.678034,35.160329],[137.679169,35.159937],[137.6796,35.159745],[137.680074,35.15919],[137.680273,35.158596],[137.680496,35.157052],[137.680587,35.156506],[137.680746,35.15626],[137.681275,35.15581],[137.682515,35.15528],[137.683594,35.154844],[137.684452,35.154324],[137.685091,35.153809],[137.685782,35.153203],[137.686148,35.152696],[137.687157,35.150135],[137.687875,35.148714],[137.688269,35.147391],[137.688562,35.146619],[137.689021,35.145335],[137.6892,35.145002],[137.689941,35.14341],[137.690251,35.142859],[137.690999,35.14159],[137.691142,35.141631],[137.69187,35.141253],[137.692338,35.14105],[137.692817,35.140843],[137.693679,35.140337],[137.694348,35.139637],[137.695004,35.138744],[137.695396,35.138304],[137.695058,35.1372],[137.694761,35.136328],[137.694469,35.135046],[137.69457,35.134601],[137.694487,35.133743],[137.694461,35.133638],[137.69417,35.132439],[137.693622,35.130734],[137.693309,35.12952],[137.692902,35.128807],[137.692309,35.128422],[137.691821,35.128732],[137.691546,35.128766],[137.690896,35.128766],[137.690334,35.129091],[137.690134,35.129399],[137.690271,35.129757],[137.690321,35.130557],[137.690221,35.131032],[137.689884,35.131699],[137.689621,35.132032],[137.689347,35.132465],[137.68915,35.132871],[137.689097,35.132982],[137.689034,35.133007],[137.688977,35.13298],[137.689082,35.133392],[137.689492,35.134575],[137.689684,35.135607],[137.689794,35.136173],[137.689753,35.136391],[137.689353,35.136907],[137.688984,35.137144],[137.688517,35.137224],[137.688072,35.137209],[137.686619,35.136668],[137.685964,35.13673],[137.685261,35.136974],[137.684458,35.137492],[137.684093,35.138045],[137.683886,35.138413],[137.683572,35.138828],[137.683201,35.1392],[137.682683,35.139586],[137.681991,35.139778],[137.681152,35.139941],[137.679407,35.140161],[137.677421,35.14023],[137.676172,35.140222],[137.67646,35.140581],[137.67651,35.140789],[137.676247,35.141207],[137.676185,35.141306],[137.676154,35.14138],[137.675741,35.14197],[137.675673,35.142361],[137.675852,35.142793],[137.676476,35.143418],[137.676682,35.143497],[137.676823,35.143598],[137.677006,35.144622],[137.677095,35.144809],[137.677325,35.14514],[137.677326,35.145314],[137.676804,35.146153],[137.67665,35.146775],[137.6766,35.147179],[137.676578,35.147829],[137.676672,35.147988],[137.677097,35.148597],[137.67716,35.149113],[137.677097,35.149705],[137.676922,35.150513],[137.676939,35.150559],[137.677492,35.150752],[137.677885,35.150871],[137.678067,35.151325],[137.67806,35.151847],[137.677875,35.152217],[137.677633,35.152403],[137.677344,35.152573],[137.677072,35.15259],[137.676857,35.152614],[137.676661,35.152715],[137.676476,35.15294],[137.676278,35.153181],[137.676035,35.153754],[137.67601,35.154054],[137.676247,35.154688],[137.676397,35.155413],[137.67696,35.156846],[137.67711,35.157521],[137.677047,35.157971],[137.67661,35.158437],[137.676022,35.158937],[137.67561,35.159479],[137.675435,35.159979],[137.675122,35.160537],[137.674897,35.160762],[137.674108,35.16133],[137.673947,35.161445],[137.673547,35.16192],[137.672809,35.163382],[137.672811,35.164232],[137.672782,35.164409],[137.672756,35.164546],[137.672703,35.164621],[137.672194,35.165231],[137.672083,35.165291],[137.671976,35.165312],[137.67183,35.165316],[137.671742,35.16534],[137.67165,35.165393],[137.671558,35.165465],[137.671519,35.165545],[137.671399,35.165885],[137.671383,35.165919],[137.671355,35.165945],[137.671308,35.165956],[137.67089,35.165841],[137.670111,35.165627],[137.669765,35.165751],[137.669636,35.165856],[137.669591,35.16591],[137.669569,35.165978],[137.669562,35.166029],[137.66956,35.166101],[137.669812,35.1671],[137.672253,35.167448]]]}},{"type":"Feature","id":"23563002006","properties":{"KEY_CODE":"23563002006","PREF":"23","CITY":"563","S_AREA":"002006","PREF_NAME":"愛知県","CITY_NAME":"豊根村","S_NAME":"上黒川","HCODE":8101,"AREA":4423520.87,"KIGO_E":"","JINKO":20,"SETAI":10,"X_CODE":137.691216,"Y_CODE":35.169359},"geometry":{"type":"Polygon","coordinates":[[[137.704267,35.18132],[137.70423,35.180189],[137.704033,35.179199],[137.703957,35.178568],[137.701205,35.171444],[137.701135,35.170994],[137.701235,35.17072],[137.701443,35.170397],[137.702178,35.169473],[137.702647,35.168782],[137.702748,35.168508],[137.702734,35.168101],[137.702657,35.167424],[137.702569,35.166431],[137.702597,35.165616],[137.702843,35.164795],[137.703044,35.164246],[137.703489,35.163673],[137.703725,35.163369],[137.702686,35.162886],[137.700575,35.162326],[137.699213,35.162026],[137.698331,35.161811],[137.697264,35.161662],[137.696623,35.161577],[137.695688,35.161362],[137.694807,35.161279],[137.693794,35.161327],[137.692755,35.16155],[137.691718,35.161971],[137.691318,35.162126],[137.691025,35.162149],[137.690731,35.162041],[137.690086,35.161321],[137.68869,35.15986],[137.688074,35.159491],[137.686926,35.159342],[137.685214,35.158583],[137.684063,35.157822],[137.682859,35.157258],[137.681896,35.15678],[137.680746,35.15626],[137.680587,35.156506],[137.680496,35.157052],[137.680273,35.158596],[137.680074,35.15919],[137.6796,35.159745],[137.679169,35.159937],[137.678034,35.160329],[137.677389,35.160662],[137.67686,35.161219],[137.676491,35.161636],[137.676131,35.162324],[137.675674,35.163377],[137.67545,35.163794],[137.675107,35.164433],[137.674134,35.165526],[137.673788,35.165915],[137.672253,35.167448],[137.672295,35.167663],[137.673877,35.168045],[137.674853,35.168301],[137.676276,35.168662],[137.677463,35.168959],[137.680523,35.16994],[137.681578,35.170174],[137.682475,35.170559],[137.683241,35.170901],[137.683717,35.171159],[137.684825,35.171629],[137.68633,35.172293],[137.687123,35.172765],[137.687925,35.173374],[137.688601,35.173992],[137.689062,35.174704],[137.689461,35.175191],[137.690026,35.175719],[137.690424,35.17624],[137.690827,35.176784],[137.691356,35.177902],[137.691885,35.179019],[137.692584,35.180313],[137.693129,35.181252],[137.694054,35.181896],[137.694714,35.182153],[137.695329,35.182278],[137.69627,35.182615],[137.697647,35.182896],[137.703527,35.184159],[137.704205,35.182724],[137.704185,35.182136],[137.704226,35.181728],[137.704267,35.18132]]]}},{"type":"Feature","id":"23563002007","properties":{"KEY_CODE":"23563002007","PREF":"23","CITY":"563","S_AREA":"002007","PREF_NAME":"愛知県","CITY_NAME":"豊根村","S_NAME":"上黒川","HCODE":8101,"AREA":1981736.414,"KIGO_E":"","JINKO":18,"SETAI":8,"X_CODE":137.692973,"Y_CODE":35.155628},"geometry":{"type":"Polygon","coordinates":[[[137.703967,35.162946],[137.704203,35.162376],[137.704306,35.161784],[137.704273,35.160843],[137.703983,35.159606],[137.702636,35.158555],[137.701562,35.157497],[137.700815,35.156431],[137.700241,35.155586],[137.699883,35.15469],[137.699692,35.153881],[137.699393,35.153119],[137.699111,35.152855],[137.698445,35.152556],[137.697948,35.152388],[137.697453,35.15231],[137.697233,35.152271],[137.697119,35.152138],[137.696602,35.151084],[137.695872,35.151362],[137.69531,35.151862],[137.694875,35.1525],[137.6942,35.151558],[137.692743,35.149469],[137.691919,35.148185],[137.691855,35.147996],[137.691917,35.147876],[137.693438,35.146976],[137.693458,35.146856],[137.692718,35.145708],[137.692571,35.145623],[137.692215,35.145521],[137.6892,35.145002],[137.689021,35.145335],[137.688562,35.146619],[137.688269,35.147391],[137.687875,35.148714],[137.687157,35.150135],[137.686148,35.152696],[137.685782,35.153203],[137.685091,35.153809],[137.684452,35.154324],[137.683594,35.154844],[137.682515,35.15528],[137.681275,35.15581],[137.680746,35.15626],[137.681896,35.15678],[137.682859,35.157258],[137.684063,35.157822],[137.685214,35.158583],[137.686926,35.159342],[137.688074,35.159491],[137.68869,35.15986],[137.690086,35.161321],[137.690731,35.162041],[137.691025,35.162149],[137.691318,35.162126],[137.691718,35.161971],[137.692755,35.16155],[137.693794,35.161327],[137.694807,35.161279],[137.695688,35.161362],[137.696623,35.161577],[137.697264,35.161662],[137.698331,35.161811],[137.699213,35.162026],[137.700575,35.162326],[137.702686,35.162886],[137.703725,35.163369],[137.703967,35.162946]]]}},{"type":"Feature","id":"23563002008","properties":{"KEY_CODE":"23563002008","PREF":"23","CITY":"563","S_AREA":"002008","PREF_NAME":"愛知県","CITY_NAME":"豊根村","S_NAME":"上黒川","HCODE":8101,"AREA":421618.093,"KIGO_E":"","JINKO":9,"SETAI":4,"X_CODE":137.693622,"Y_CODE":35.146025},"geometry":{"type":"Polygon","coordinates":[[[137.696602,35.151084],[137.696452,35.150164],[137.696186,35.148723],[137.695974,35.147703],[137.695861,35.146416],[137.695885,35.145996],[137.695936,35.145093],[137.695975,35.144629],[137.695731,35.144248],[137.695626,35.143886],[137.695625,35.143883],[137.695547,35.143561],[137.695589,35.143134],[137.695594,35.143116],[137.695655,35.142876],[137.695549,35.142344],[137.695273,35.14193],[137.695054,35.141811],[137.694877,35.141737],[137.694666,35.141815],[137.694603,35.141871],[137.69431,35.142078],[137.69425,35.142133],[137.694173,35.142161],[137.694041,35.142152],[137.693989,35.142096],[137.694026,35.142012],[137.694113,35.14189],[137.693954,35.141825],[137.693409,35.141723],[137.69268,35.141303],[137.692428,35.141184],[137.692338,35.14105],[137.69187,35.141253],[137.691142,35.141631],[137.690999,35.14159],[137.690251,35.142859],[137.689941,35.14341],[137.6892,35.145002],[137.692215,35.145521],[137.692571,35.145623],[137.692718,35.145708],[137.693458,35.146856],[137.693438,35.146976],[137.691917,35.147876],[137.691855,35.147996],[137.691919,35.148185],[137.692743,35.149469],[137.6942,35.151558],[137.694875,35.1525],[137.69531,35.151862],[137.695872,35.151362],[137.696602,35.151084]]]}},{"type":"Feature","id":"23563003001","properties":{"KEY_CODE":"23563003001","PREF":"23","CITY":"563","S_AREA":"003001","PREF_NAME":"愛知県","CITY_NAME":"豊根村","S_NAME":"坂宇場","HCODE":8101,"AREA":626724.22,"KIGO_E":"","JINKO":31,"SETAI":16,"X_CODE":137.686105,"Y_CODE":35.179549},"geometry":{"type":"Polygon","coordinates":[[[137.693129,35.181252],[137.692584,35.180313],[137.691885,35.179019],[137.691356,35.177902],[137.690827,35.176784],[137.690424,35.17624],[137.685025,35.176069],[137.68479,35.176372],[137.684213,35.176764],[137.683637,35.177328],[137.68351,35.177912],[137.679721,35.178339],[137.67939,35.180198],[137.679266,35.181409],[137.679244,35.182109],[137.679182,35.18263],[137.680053,35.182951],[137.680819,35.18338],[137.681532,35.183766],[137.682032,35.183699],[137.682268,35.183568],[137.68253,35.183286],[137.682659,35.182896],[137.682735,35.182399],[137.68231,35.181774],[137.681912,35.181279],[137.681803,35.180782],[137.68214,35.179873],[137.682933,35.180389],[137.683488,35.180797],[137.683596,35.181077],[137.685388,35.181394],[137.686334,35.181066],[137.686702,35.180913],[137.687569,35.180715],[137.688017,35.180756],[137.688706,35.181358],[137.689052,35.182005],[137.690268,35.182799],[137.690585,35.182841],[137.691294,35.182557],[137.691922,35.182035],[137.693129,35.181252]]]}},{"type":"Feature","id":"23563003002","properties":{"KEY_CODE":"23563003002","PREF":"23","CITY":"563","S_AREA":"003002","PREF_NAME":"愛知県","CITY_NAME":"豊根村","S_NAME":"坂宇場","HCODE":8101,"AREA":2004142.261,"KIGO_E":"","JINKO":29,"SETAI":14,"X_CODE":137.672776,"Y_CODE":35.178385},"geometry":{"type":"Polygon","coordinates":[[[137.668107,35.18649],[137.674461,35.183568],[137.676287,35.182967],[137.677207,35.182617],[137.678233,35.182461],[137.679182,35.18263],[137.679244,35.182109],[137.679266,35.181409],[137.67939,35.180198],[137.679721,35.178339],[137.68351,35.177912],[137.683637,35.177328],[137.684213,35.176764],[137.68479,35.176372],[137.685025,35.176069],[137.684943,35.175615],[137.684704,35.175314],[137.684202,35.175078],[137.683623,35.175124],[137.682847,35.175181],[137.682214,35.175033],[137.681424,35.17495],[137.67987,35.174827],[137.680129,35.174134],[137.680906,35.172208],[137.680902,35.171495],[137.680743,35.171301],[137.680453,35.171259],[137.678642,35.172174],[137.677751,35.172826],[137.676824,35.17203],[137.676323,35.17186],[137.675161,35.171368],[137.674396,35.171155],[137.673958,35.17107],[137.672541,35.170762],[137.672573,35.171131],[137.669255,35.170786],[137.668789,35.170953],[137.668727,35.171002],[137.668681,35.171047],[137.66866,35.1711],[137.668671,35.17116],[137.669068,35.171943],[137.669076,35.172004],[137.669085,35.172064],[137.669098,35.172101],[137.669135,35.172161],[137.669085,35.173261],[137.66881,35.173619],[137.668448,35.173961],[137.66831,35.174344],[137.668348,35.174461],[137.66831,35.174836],[137.667223,35.175652],[137.666885,35.175852],[137.666398,35.175902],[137.665348,35.176352],[137.664823,35.176419],[137.664411,35.176552],[137.664273,35.17676],[137.664173,35.17746],[137.664086,35.177593],[137.663811,35.177768],[137.663598,35.178085],[137.663618,35.178349],[137.663673,35.178468],[137.663948,35.178718],[137.664286,35.178943],[137.664611,35.17906],[137.664836,35.179193],[137.665161,35.179235],[137.665211,35.179285],[137.665211,35.179418],[137.665145,35.179692],[137.665048,35.180093],[137.665023,35.180635],[137.665186,35.18131],[137.665461,35.182051],[137.665898,35.182276],[137.666098,35.182435],[137.666073,35.182526],[137.665873,35.182751],[137.664636,35.183768],[137.664286,35.184151],[137.664123,35.184484],[137.664086,35.184984],[137.664198,35.185476],[137.664148,35.185793],[137.663711,35.186492],[137.663267,35.18731],[137.666003,35.186996],[137.668107,35.18649]]]}},{"type":"Feature","id":"23563003003","properties":{"KEY_CODE":"23563003003","PREF":"23","CITY":"563","S_AREA":"003003","PREF_NAME":"愛知県","CITY_NAME":"豊根村","S_NAME":"坂宇場","HCODE":8101,"AREA":468199.421,"KIGO_E":"","JINKO":54,"SETAI":22,"X_CODE":137.677001,"Y_CODE":35.170759},"geometry":{"type":"Polygon","coordinates":[[[137.683717,35.171159],[137.683241,35.170901],[137.682475,35.170559],[137.681578,35.170174],[137.680523,35.16994],[137.677463,35.168959],[137.676276,35.168662],[137.674853,35.168301],[137.673877,35.168045],[137.672295,35.167663],[137.672253,35.167448],[137.669812,35.1671],[137.66995,35.16768],[137.670238,35.169816],[137.670225,35.169901],[137.670184,35.169993],[137.670064,35.170294],[137.670031,35.170354],[137.669969,35.170412],[137.669671,35.17063],[137.669557,35.170678],[137.669255,35.170786],[137.672573,35.171131],[137.672541,35.170762],[137.673958,35.17107],[137.674396,35.171155],[137.675161,35.171368],[137.676323,35.17186],[137.676824,35.17203],[137.677751,35.172826],[137.678642,35.172174],[137.680453,35.171259],[137.680743,35.171301],[137.680902,35.171495],[137.680906,35.172208],[137.680129,35.174134],[137.67987,35.174827],[137.681424,35.17495],[137.682214,35.175033],[137.682847,35.175181],[137.68329,35.174838],[137.683443,35.174523],[137.683717,35.171159]]]}},{"type":"Feature","id":"23563003004","properties":{"KEY_CODE":"23563003004","PREF":"23","CITY":"563","S_AREA":"003004","PREF_NAME":"愛知県","CITY_NAME":"豊根村","S_NAME":"坂宇場","HCODE":8101,"AREA":201773.12,"KIGO_E":"","JINKO":0,"SETAI":0,"X_CODE":137.686191,"Y_CODE":35.174189},"geometry":{"type":"Polygon","coordinates":[[[137.690424,35.17624],[137.690026,35.175719],[137.689461,35.175191],[137.689062,35.174704],[137.688601,35.173992],[137.687925,35.173374],[137.687123,35.172765],[137.68633,35.172293],[137.684825,35.171629],[137.683717,35.171159],[137.683443,35.174523],[137.68329,35.174838],[137.682847,35.175181],[137.683623,35.175124],[137.684202,35.175078],[137.684704,35.175314],[137.684943,35.175615],[137.685025,35.176069],[137.690424,35.17624]]]}},{"type":"Feature","id":"23563003005","properties":{"KEY_CODE":"23563003005","PREF":"23","CITY":"563","S_AREA":"003005","PREF_NAME":"愛知県","CITY_NAME":"豊根村","S_NAME":"坂宇場","HCODE":8101,"AREA":1176499.583,"KIGO_E":"","JINKO":5,"SETAI":3,"X_CODE":137.682505,"Y_CODE":35.191872},"geometry":{"type":"Polygon","coordinates":[[[137.692881,35.189735],[137.692139,35.189025],[137.690976,35.188317],[137.689072,35.187072],[137.687303,35.186388],[137.684848,35.185556],[137.683398,35.185281],[137.681081,35.185269],[137.680592,35.187],[137.680231,35.18819],[137.68001,35.188677],[137.678342,35.191385],[137.678004,35.192078],[137.677483,35.192988],[137.676858,35.194157],[137.67652,35.194872],[137.675421,35.195978],[137.674298,35.197474],[137.672988,35.198646],[137.674227,35.198727],[137.676308,35.198762],[137.678862,35.198708],[137.680044,35.198292],[137.681277,35.197423],[137.682483,35.196532],[137.684635,35.195485],[137.685291,35.195007],[137.685811,35.194054],[137.686306,35.193145],[137.687272,35.191822],[137.687977,35.190869],[137.689,35.190346],[137.689868,35.190061],[137.690762,35.189841],[137.69184,35.189685],[137.692881,35.189735]]]}},{"type":"Feature","id":"23563003006","properties":{"KEY_CODE":"23563003006","PREF":"23","CITY":"563","S_AREA":"003006","PREF_NAME":"愛知県","CITY_NAME":"豊根村","S_NAME":"坂宇場","HCODE":8101,"AREA":3652318.635,"KIGO_E":"","JINKO":9,"SETAI":4,"X_CODE":137.691142,"Y_CODE":35.201406},"geometry":{"type":"Polygon","coordinates":[[[137.702983,35.211991],[137.702721,35.211824],[137.702693,35.211273],[137.702832,35.210545],[137.703845,35.206446],[137.704028,35.205355],[137.703955,35.204814],[137.703776,35.204366],[137.703601,35.204054],[137.703257,35.203565],[137.702747,35.203036],[137.702015,35.202421],[137.701065,35.201813],[137.70067,35.201461],[137.699828,35.200804],[137.699263,35.200276],[137.698876,35.199751],[137.698805,35.199655],[137.698397,35.198896],[137.698215,35.198358],[137.698174,35.197137],[137.698252,35.196185],[137.699079,35.193086],[137.699296,35.192191],[137.698399,35.191979],[137.69737,35.191616],[137.696472,35.191231],[137.695862,35.190629],[137.694937,35.190093],[137.693961,35.189859],[137.692881,35.189735],[137.69184,35.189685],[137.690762,35.189841],[137.689868,35.190061],[137.689,35.190346],[137.687977,35.190869],[137.687272,35.191822],[137.686306,35.193145],[137.685811,35.194054],[137.685291,35.195007],[137.684635,35.195485],[137.682483,35.196532],[137.681277,35.197423],[137.680044,35.198292],[137.678862,35.198708],[137.676308,35.198762],[137.674227,35.198727],[137.672988,35.198646],[137.672521,35.199418],[137.6718,35.200603],[137.671513,35.201269],[137.671276,35.20216],[137.671293,35.203132],[137.671353,35.204245],[137.67319,35.202789],[137.675571,35.202939],[137.680047,35.203996],[137.681077,35.204238],[137.684886,35.204793],[137.686003,35.204775],[137.687152,35.204584],[137.687638,35.204635],[137.688173,35.204818],[137.689165,35.205399],[137.689759,35.205815],[137.690458,35.206343],[137.690736,35.2067],[137.691621,35.208291],[137.692377,35.210015],[137.692577,35.21089],[137.693056,35.211073],[137.693548,35.21106],[137.694311,35.21095],[137.694806,35.211027],[137.695361,35.211284],[137.695982,35.211856],[137.696736,35.213149],[137.697023,35.213549],[137.69714,35.213772],[137.697477,35.214034],[137.698134,35.214063],[137.699322,35.213579],[137.700668,35.21291],[137.701954,35.212107],[137.70261,35.211947],[137.702983,35.211991]],[[137.686937,35.195119],[137.686837,35.194575],[137.686866,35.194083],[137.687217,35.193364],[137.687523,35.193071],[137.687926,35.192843],[137.68846,35.192721],[137.68893,35.192759],[137.689286,35.192811],[137.689644,35.193075],[137.68984,35.193273],[137.690053,35.193751],[137.690221,35.1946],[137.689999,35.195372],[137.689597,35.195838],[137.689096,35.195987],[137.688336,35.19607],[137.68793,35.195925],[137.687654,35.195834],[137.687085,35.195384],[137.686937,35.195119]]]}},{"type":"Feature","id":"23563003007","properties":{"KEY_CODE":"23563003007","PREF":"23","CITY":"563","S_AREA":"003007","PREF_NAME":"愛知県","CITY_NAME":"豊根村","S_NAME":"坂宇場","HCODE":8101,"AREA":90069.491,"KIGO_E":"","JINKO":28,"SETAI":14,"X_CODE":137.68854,"Y_CODE":35.194408},"geometry":{"type":"Polygon","coordinates":[[[137.686937,35.195119],[137.687085,35.195384],[137.687654,35.195834],[137.68793,35.195925],[137.688336,35.19607],[137.689096,35.195987],[137.689597,35.195838],[137.689999,35.195372],[137.690221,35.1946],[137.690053,35.193751],[137.68984,35.193273],[137.689644,35.193075],[137.689286,35.192811],[137.68893,35.192759],[137.68846,35.192721],[137.687926,35.192843],[137.687523,35.193071],[137.687217,35.193364],[137.686866,35.194083],[137.686837,35.194575],[137.686937,35.195119]]]}},{"type":"Feature","id":"23563003008","properties":{"KEY_CODE":"23563003008","PREF":"23","CITY":"563","S_AREA":"003008","PREF_NAME":"愛知県","CITY_NAME":"豊根村","S_NAME":"坂宇場","HCODE":8101,"AREA":3150463.386,"KIGO_E":"","JINKO":12,"SETAI":7,"X_CODE":137.663667,"Y_CODE":35.199415},"geometry":{"type":"Polygon","coordinates":[[[137.657652,35.213599],[137.659141,35.212766],[137.662938,35.210882],[137.664928,35.20971],[137.667373,35.207946],[137.669935,35.205776],[137.671353,35.204245],[137.671293,35.203132],[137.671276,35.20216],[137.671513,35.201269],[137.6718,35.200603],[137.672521,35.199418],[137.672988,35.198646],[137.672455,35.19759],[137.672117,35.196594],[137.67186,35.195424],[137.671366,35.193718],[137.670959,35.192959],[137.67022,35.192118],[137.669843,35.190635],[137.669487,35.189784],[137.668107,35.18649],[137.666003,35.186996],[137.663267,35.18731],[137.663073,35.187667],[137.662774,35.188],[137.662361,35.188384],[137.662336,35.188401],[137.661836,35.18875],[137.661011,35.189042],[137.660386,35.1892],[137.659974,35.189359],[137.659674,35.189517],[137.655909,35.196637],[137.655549,35.197316],[137.655087,35.198215],[137.654999,35.198557],[137.654949,35.199099],[137.655146,35.199934],[137.655224,35.200265],[137.655412,35.200698],[137.655724,35.20119],[137.655937,35.201823],[137.655999,35.202273],[137.656099,35.20254],[137.656874,35.203823],[137.656987,35.20489],[137.656987,35.205406],[137.656899,35.205764],[137.656762,35.206106],[137.656799,35.207747],[137.656937,35.208089],[137.657349,35.208806],[137.657537,35.209322],[137.657649,35.209997],[137.657674,35.210722],[137.657487,35.211713],[137.657349,35.212097],[137.657187,35.212322],[137.656962,35.212505],[137.656799,35.212705],[137.656774,35.213113],[137.656824,35.213447],[137.656982,35.213908],[137.657652,35.213599]]]}},{"type":"Feature","id":"23563003009","properties":{"KEY_CODE":"23563003009","PREF":"23","CITY":"563","S_AREA":"003009","PREF_NAME":"愛知県","CITY_NAME":"豊根村","S_NAME":"坂宇場","HCODE":8101,"AREA":2492591.925,"KIGO_E":"","JINKO":27,"SETAI":12,"X_CODE":137.674466,"Y_CODE":35.189299},"geometry":{"type":"Polygon","coordinates":[[[137.699296,35.192191],[137.699572,35.191444],[137.700379,35.189386],[137.701674,35.187225],[137.702289,35.185987],[137.703527,35.184159],[137.697647,35.182896],[137.69627,35.182615],[137.695329,35.182278],[137.694714,35.182153],[137.694054,35.181896],[137.693129,35.181252],[137.691922,35.182035],[137.691294,35.182557],[137.690585,35.182841],[137.690268,35.182799],[137.689052,35.182005],[137.688706,35.181358],[137.688017,35.180756],[137.687569,35.180715],[137.686702,35.180913],[137.686334,35.181066],[137.685388,35.181394],[137.683596,35.181077],[137.683488,35.180797],[137.682933,35.180389],[137.68214,35.179873],[137.681803,35.180782],[137.681912,35.181279],[137.68231,35.181774],[137.682735,35.182399],[137.682659,35.182896],[137.68253,35.183286],[137.682268,35.183568],[137.682032,35.183699],[137.681532,35.183766],[137.680819,35.18338],[137.680053,35.182951],[137.679182,35.18263],[137.678233,35.182461],[137.677207,35.182617],[137.676287,35.182967],[137.674461,35.183568],[137.668107,35.18649],[137.669487,35.189784],[137.669843,35.190635],[137.67022,35.192118],[137.670959,35.192959],[137.671366,35.193718],[137.67186,35.195424],[137.672117,35.196594],[137.672455,35.19759],[137.672988,35.198646],[137.674298,35.197474],[137.675421,35.195978],[137.67652,35.194872],[137.676858,35.194157],[137.677483,35.192988],[137.678004,35.192078],[137.678342,35.191385],[137.68001,35.188677],[137.680231,35.18819],[137.680592,35.187],[137.681081,35.185269],[137.683398,35.185281],[137.684848,35.185556],[137.687303,35.186388],[137.689072,35.187072],[137.690976,35.188317],[137.692139,35.189025],[137.692881,35.189735],[137.693961,35.189859],[137.694937,35.190093],[137.695862,35.190629],[137.696472,35.191231],[137.69737,35.191616],[137.698399,35.191979],[137.699296,35.192191]]]}},{"type":"Feature","id":"23563003010","properties":{"KEY_CODE":"23563003010","PREF":"23","CITY":"563","S_AREA":"003010","PREF_NAME":"愛知県","CITY_NAME":"豊根村","S_NAME":"坂宇場","HCODE":8101,"AREA":2124002.587,"KIGO_E":"","JINKO":7,"SETAI":3,"X_CODE":137.676607,"Y_CODE":35.208775},"geometry":{"type":"Polygon","coordinates":[[[137.692577,35.21089],[137.692377,35.210015],[137.691621,35.208291],[137.690736,35.2067],[137.690458,35.206343],[137.689759,35.205815],[137.689165,35.205399],[137.688173,35.204818],[137.687638,35.204635],[137.687152,35.204584],[137.686003,35.204775],[137.684886,35.204793],[137.681077,35.204238],[137.680047,35.203996],[137.675571,35.202939],[137.67319,35.202789],[137.671353,35.204245],[137.669935,35.205776],[137.667373,35.207946],[137.664928,35.20971],[137.662938,35.210882],[137.659141,35.212766],[137.657652,35.213599],[137.658811,35.213747],[137.660717,35.214046],[137.66195,35.214209],[137.663219,35.214112],[137.667547,35.213497],[137.670289,35.213088],[137.674582,35.212871],[137.676754,35.212456],[137.681734,35.211669],[137.685529,35.211002],[137.692577,35.21089]]]}},{"type":"Feature","id":"23563003011","properties":{"KEY_CODE":"23563003011","PREF":"23","CITY":"563","S_AREA":"003011","PREF_NAME":"愛知県","CITY_NAME":"豊根村","S_NAME":"坂宇場","HCODE":8101,"AREA":3994573.907,"KIGO_E":"","JINKO":67,"SETAI":24,"X_CODE":137.670802,"Y_CODE":35.218391},"geometry":{"type":"Polygon","coordinates":[[[137.653587,35.217504],[137.65355,35.217554],[137.653687,35.217871],[137.653775,35.218229],[137.6538,35.218587],[137.65355,35.219471],[137.65345,35.219962],[137.653387,35.220504],[137.653425,35.220979],[137.653362,35.22147],[137.65315,35.221862],[137.652625,35.222579],[137.652425,35.222962],[137.652425,35.223078],[137.652512,35.223278],[137.652675,35.223412],[137.653062,35.223528],[137.653425,35.223753],[137.653637,35.224112],[137.653725,35.224562],[137.65375,35.225037],[137.653725,35.226003],[137.653775,35.226345],[137.653975,35.226728],[137.654275,35.22697],[137.655237,35.22742],[137.656149,35.228094],[137.656637,35.228211],[137.657274,35.228228],[137.658374,35.228186],[137.659162,35.228028],[137.660786,35.227328],[137.661286,35.227195],[137.661586,35.227278],[137.661886,35.227528],[137.662324,35.227711],[137.662824,35.227795],[137.663786,35.227861],[137.663899,35.227861],[137.664086,35.227778],[137.66442,35.227738],[137.664545,35.227561],[137.665232,35.226819],[137.666573,35.226015],[137.671669,35.222896],[137.674483,35.221282],[137.675966,35.220432],[137.677106,35.220176],[137.678144,35.220104],[137.6788,35.220087],[137.679352,35.220254],[137.680078,35.220687],[137.681076,35.221252],[137.681598,35.221143],[137.68318,35.220339],[137.684203,35.219615],[137.684927,35.219015],[137.686078,35.217923],[137.686616,35.217476],[137.687416,35.216921],[137.689091,35.216118],[137.690944,35.215382],[137.694094,35.214542],[137.69714,35.213772],[137.697023,35.213549],[137.696736,35.213149],[137.695982,35.211856],[137.695361,35.211284],[137.694806,35.211027],[137.694311,35.21095],[137.693548,35.21106],[137.693056,35.211073],[137.692577,35.21089],[137.685529,35.211002],[137.681734,35.211669],[137.676754,35.212456],[137.674582,35.212871],[137.670289,35.213088],[137.667547,35.213497],[137.663219,35.214112],[137.66195,35.214209],[137.660717,35.214046],[137.658811,35.213747],[137.657652,35.213599],[137.656982,35.213908],[137.657149,35.214371],[137.657149,35.214713],[137.657099,35.215005],[137.657007,35.2152],[137.656962,35.215296],[137.656637,35.215638],[137.656112,35.21588],[137.655724,35.215996],[137.655474,35.216113],[137.655237,35.216404],[137.654987,35.216788],[137.654412,35.217171],[137.653587,35.217504]]]}},{"type":"Feature","id":"23563003012","properties":{"KEY_CODE":"23563003012","PREF":"23","CITY":"563","S_AREA":"003012","PREF_NAME":"愛知県","CITY_NAME":"豊根村","S_NAME":"坂宇場","HCODE":8101,"AREA":5858093.569,"KIGO_E":"","JINKO":28,"SETAI":10,"X_CODE":137.691778,"Y_CODE":35.224698},"geometry":{"type":"Polygon","coordinates":[[[137.66442,35.227738],[137.664498,35.227728],[137.665323,35.227412],[137.665898,35.227453],[137.666373,35.22737],[137.667086,35.227278],[137.667773,35.227253],[137.668348,35.227387],[137.668735,35.227637],[137.669285,35.228178],[137.669748,35.228403],[137.670823,35.228645],[137.671485,35.22887],[137.671873,35.229095],[137.672428,35.229729],[137.673556,35.230463],[137.674404,35.230801],[137.674897,35.23092],[137.675522,35.231029],[137.675772,35.231029],[137.67621,35.230895],[137.676984,35.230895],[137.677559,35.230829],[137.678222,35.230846],[137.678634,35.230937],[137.679097,35.231229],[137.679372,35.231521],[137.679547,35.231954],[137.679822,35.232879],[137.680334,35.233395],[137.680559,35.233662],[137.680721,35.233979],[137.680996,35.234629],[137.681134,35.23492],[137.681296,35.235145],[137.681496,35.23522],[137.681959,35.235079],[137.682259,35.234879],[137.682396,35.234745],[137.682509,35.23452],[137.682484,35.23427],[137.682646,35.233929],[137.683196,35.233279],[137.683471,35.233096],[137.683771,35.233004],[137.684346,35.232329],[137.685008,35.231788],[137.685421,35.231179],[137.685808,35.231021],[137.686546,35.230838],[137.687158,35.230746],[137.687783,35.23073],[137.688308,35.230746],[137.688883,35.230955],[137.689271,35.231196],[137.689608,35.23158],[137.689845,35.231938],[137.690208,35.232571],[137.69037,35.232754],[137.69067,35.232913],[137.691145,35.233088],[137.691608,35.233204],[137.692295,35.233221],[137.693283,35.233496],[137.69387,35.233671],[137.694145,35.233671],[137.694657,35.233196],[137.694932,35.233063],[137.695845,35.232863],[137.696345,35.232813],[137.69672,35.232746],[137.697245,35.232296],[137.69752,35.232138],[137.697957,35.232113],[137.69812,35.232047],[137.698845,35.23153],[137.69917,35.231413],[137.699582,35.23153],[137.700107,35.23173],[137.701669,35.232655],[137.702082,35.232855],[137.702469,35.232963],[137.703519,35.233705],[137.704319,35.233955],[137.705057,35.23398],[137.705657,35.233888],[137.705769,35.233613],[137.705819,35.233322],[137.706044,35.233163],[137.706482,35.232988],[137.706894,35.232713],[137.707369,35.232464],[137.707606,35.232239],[137.707744,35.232197],[137.707669,35.231989],[137.707769,35.231764],[137.709044,35.23068],[137.709144,35.230639],[137.709319,35.230614],[137.709731,35.230456],[137.710194,35.230214],[137.710544,35.229964],[137.710769,35.229622],[137.710744,35.229556],[137.711069,35.229289],[137.711844,35.228906],[137.71239,35.228882],[137.712017,35.22836],[137.711325,35.227292],[137.711027,35.226576],[137.710833,35.225676],[137.710699,35.224956],[137.709411,35.22241],[137.709124,35.22201],[137.708343,35.221578],[137.708068,35.22154],[137.707248,35.221562],[137.706808,35.221483],[137.706585,35.221353],[137.706354,35.220997],[137.706114,35.22037],[137.704487,35.217516],[137.704168,35.216167],[137.70409,35.215445],[137.704195,35.213677],[137.704051,35.21264],[137.703993,35.212551],[137.703547,35.212291],[137.703101,35.212032],[137.702983,35.211991],[137.70261,35.211947],[137.701954,35.212107],[137.700668,35.21291],[137.699322,35.213579],[137.698134,35.214063],[137.697477,35.214034],[137.69714,35.213772],[137.694094,35.214542],[137.690944,35.215382],[137.689091,35.216118],[137.687416,35.216921],[137.686616,35.217476],[137.686078,35.217923],[137.684927,35.219015],[137.684203,35.219615],[137.68318,35.220339],[137.681598,35.221143],[137.681076,35.221252],[137.680078,35.220687],[137.679352,35.220254],[137.6788,35.220087],[137.678144,35.220104],[137.677106,35.220176],[137.675966,35.220432],[137.674483,35.221282],[137.671669,35.222896],[137.666573,35.226015],[137.665232,35.226819],[137.664545,35.227561],[137.66442,35.227738]]]}},{"type":"Feature","id":"23563004001","properties":{"KEY_CODE":"23563004001","PREF":"23","CITY":"563","S_AREA":"004001","PREF_NAME":"愛知県","CITY_NAME":"豊根村","S_NAME":"三沢","HCODE":8101,"AREA":7288102.569,"KIGO_E":"","JINKO":44,"SETAI":22,"X_CODE":137.725732,"Y_CODE":35.21429},"geometry":{"type":"Polygon","coordinates":[[[137.71239,35.228882],[137.712419,35.228881],[137.713519,35.229081],[137.714644,35.229489],[137.714981,35.229664],[137.715306,35.229797],[137.716656,35.229981],[137.717043,35.229889],[137.717968,35.229281],[137.718406,35.229231],[137.719043,35.229456],[137.719368,35.229481],[137.719843,35.229706],[137.720393,35.230448],[137.720668,35.230673],[137.720968,35.230831],[137.721131,35.230873],[137.721518,35.230898],[137.721856,35.230781],[137.722093,35.230473],[137.722368,35.229773],[137.722431,35.229564],[137.722481,35.228981],[137.722456,35.228014],[137.722343,35.227631],[137.722006,35.226998],[137.722006,35.226373],[137.721818,35.22619],[137.721268,35.22594],[137.720931,35.225715],[137.720768,35.225331],[137.720793,35.224931],[137.721206,35.223798],[137.721868,35.222648],[137.722531,35.221957],[137.723106,35.221682],[137.723543,35.22164],[137.724043,35.221707],[137.72453,35.221998],[137.725105,35.22224],[137.725468,35.222173],[137.72583,35.221774],[137.726155,35.22159],[137.72753,35.221207],[137.72808,35.22109],[137.729155,35.220982],[137.72943,35.221115],[137.729455,35.221565],[137.729643,35.22179],[137.72998,35.221965],[137.73058,35.222124],[137.731218,35.22219],[137.733143,35.222307],[137.73438,35.222482],[137.73493,35.222615],[137.735368,35.222682],[137.735693,35.22259],[137.73608,35.222299],[137.73633,35.222032],[137.736605,35.221849],[137.73688,35.221757],[137.73748,35.221807],[137.738193,35.222049],[137.73853,35.222007],[137.739042,35.221624],[137.73963,35.221507],[137.740255,35.221307],[137.740393,35.221251],[137.740642,35.221149],[137.740805,35.220966],[137.740967,35.220182],[137.74108,35.219907],[137.741767,35.219799],[137.742342,35.219566],[137.742917,35.219233],[137.742939,35.219215],[137.742505,35.217147],[137.742524,35.216105],[137.742641,35.213071],[137.742938,35.210529],[137.742962,35.210134],[137.742959,35.209764],[137.743074,35.208412],[137.743129,35.208282],[137.746122,35.205481],[137.74629,35.205268],[137.746341,35.204374],[137.746314,35.203907],[137.746278,35.203555],[137.746253,35.203231],[137.74609,35.202603],[137.745971,35.201678],[137.745891,35.201493],[137.74563,35.201374],[137.745223,35.201237],[137.744511,35.201129],[137.74313,35.201187],[137.739845,35.201054],[137.739732,35.200925],[137.73972,35.200842],[137.739926,35.199684],[137.740127,35.198566],[137.74017,35.19748],[137.740112,35.197332],[137.739987,35.197184],[137.739796,35.197195],[137.739413,35.197307],[137.73902,35.197642],[137.738583,35.198117],[137.738246,35.198248],[137.737727,35.198259],[137.737422,35.198196],[137.737031,35.197999],[137.735836,35.199217],[137.734144,35.200326],[137.732809,35.201434],[137.731473,35.202431],[137.729225,35.204223],[137.728156,35.204888],[137.727465,35.205314],[137.726886,35.205684],[137.725927,35.206221],[137.724745,35.206703],[137.723183,35.20739],[137.721195,35.20795],[137.718174,35.207982],[137.71701,35.207859],[137.716248,35.207789],[137.715485,35.207679],[137.714717,35.207609],[137.713106,35.207455],[137.712864,35.207839],[137.712495,35.208255],[137.71186,35.208906],[137.71085,35.209792],[137.709348,35.210691],[137.70795,35.211407],[137.706165,35.212042],[137.704051,35.21264],[137.704195,35.213677],[137.70409,35.215445],[137.704168,35.216167],[137.704487,35.217516],[137.706114,35.22037],[137.706354,35.220997],[137.706585,35.221353],[137.706808,35.221483],[137.707248,35.221562],[137.708068,35.22154],[137.708343,35.221578],[137.709124,35.22201],[137.709411,35.22241],[137.710699,35.224956],[137.710833,35.225676],[137.711027,35.226576],[137.711325,35.227292],[137.712017,35.22836],[137.71239,35.228882]]]}},{"type":"Feature","id":"23563004002","properties":{"KEY_CODE":"23563004002","PREF":"23","CITY":"563","S_AREA":"004002","PREF_NAME":"愛知県","CITY_NAME":"豊根村","S_NAME":"三沢","HCODE":8101,"AREA":7939353.918,"KIGO_E":"","JINKO":26,"SETAI":17,"X_CODE":137.749985,"Y_CODE":35.192361},"geometry":{"type":"Polygon","coordinates":[[[137.742939,35.219215],[137.743192,35.219008],[137.743492,35.218866],[137.74363,35.218849],[137.744155,35.218866],[137.744755,35.219008],[137.745417,35.219341],[137.746142,35.219908],[137.74646,35.219844],[137.746934,35.21968],[137.747407,35.219515],[137.74796,35.219415],[137.7485,35.219326],[137.748869,35.219292],[137.749212,35.219301],[137.749462,35.219333],[137.749605,35.219366],[137.74993,35.218166],[137.750042,35.2174],[137.750254,35.216617],[137.750254,35.216408],[137.750179,35.216008],[137.750504,35.215417],[137.751192,35.214408],[137.752017,35.213634],[137.752867,35.212784],[137.753454,35.212534],[137.753779,35.212126],[137.753992,35.211134],[137.754404,35.210751],[137.754817,35.210276],[137.754879,35.209334],[137.755154,35.208676],[137.755292,35.207885],[137.755292,35.207593],[137.755179,35.207035],[137.755154,35.206493],[137.755917,35.20566],[137.756279,35.205068],[137.756579,35.202819],[137.756904,35.202435],[137.757354,35.202277],[137.757454,35.202119],[137.757816,35.201194],[137.758366,35.200377],[137.759304,35.199677],[137.759554,35.199594],[137.759635,35.199469],[137.759879,35.199094],[137.759991,35.198827],[137.760129,35.198303],[137.761191,35.197694],[137.762079,35.196978],[137.762329,35.196453],[137.762129,35.19612],[137.761329,35.195445],[137.761054,35.195328],[137.760479,35.19497],[137.760366,35.194628],[137.760316,35.194045],[137.760366,35.193528],[137.760016,35.193028],[137.759879,35.192495],[137.760266,35.191745],[137.760454,35.191653],[137.760891,35.191203],[137.761441,35.190778],[137.761554,35.190645],[137.762354,35.189562],[137.762904,35.18922],[137.763229,35.188745],[137.763254,35.188612],[137.763066,35.187779],[137.763116,35.18717],[137.763279,35.186562],[137.763417,35.186395],[137.763616,35.186154],[137.763754,35.185796],[137.763454,35.185387],[137.762904,35.185071],[137.762179,35.184846],[137.761004,35.184762],[137.760366,35.184471],[137.760016,35.184404],[137.760066,35.183771],[137.760591,35.183029],[137.760866,35.182554],[137.760979,35.182437],[137.760979,35.182304],[137.760779,35.181604],[137.760641,35.181379],[137.760841,35.180904],[137.760979,35.180388],[137.761491,35.179779],[137.761716,35.179463],[137.761716,35.179171],[137.761666,35.179055],[137.761254,35.17863],[137.759954,35.177955],[137.759842,35.177821],[137.759567,35.177305],[137.758967,35.176763],[137.758667,35.176355],[137.758279,35.175521],[137.757929,35.174597],[137.757567,35.174147],[137.757104,35.173813],[137.756854,35.173205],[137.757204,35.172322],[137.757204,35.172122],[137.757281,35.171813],[137.757311,35.171178],[137.756101,35.170805],[137.755099,35.17062],[137.754199,35.170519],[137.753531,35.170417],[137.753018,35.170461],[137.752122,35.170845],[137.750434,35.171654],[137.748488,35.172527],[137.746671,35.173231],[137.744776,35.173957],[137.74393,35.17415],[137.743544,35.174047],[137.742226,35.172873],[137.741602,35.17178],[137.74098,35.170898],[137.740369,35.17166],[137.740048,35.173473],[137.740139,35.175369],[137.740361,35.176295],[137.740428,35.176656],[137.740548,35.176969],[137.741011,35.177726],[137.741369,35.178622],[137.742022,35.180143],[137.742397,35.181536],[137.742458,35.183344],[137.742476,35.183887],[137.74254,35.184157],[137.742688,35.185036],[137.742656,35.185259],[137.742476,35.185389],[137.74229,35.185404],[137.741613,35.185379],[137.741105,35.185326],[137.740461,35.185227],[137.739359,35.184895],[137.73914,35.184984],[137.738999,35.185035],[137.738804,35.185346],[137.738967,35.186132],[137.738937,35.187479],[137.738919,35.188063],[137.738745,35.189072],[137.738415,35.190222],[137.738331,35.191138],[137.738055,35.192727],[137.737744,35.193506],[137.736853,35.195912],[137.736739,35.196482],[137.736788,35.197158],[137.737031,35.197999],[137.737422,35.198196],[137.737727,35.198259],[137.738246,35.198248],[137.738583,35.198117],[137.73902,35.197642],[137.739413,35.197307],[137.739796,35.197195],[137.739987,35.197184],[137.740112,35.197332],[137.74017,35.19748],[137.740127,35.198566],[137.739926,35.199684],[137.73972,35.200842],[137.739732,35.200925],[137.739845,35.201054],[137.74313,35.201187],[137.744511,35.201129],[137.745223,35.201237],[137.74563,35.201374],[137.745891,35.201493],[137.745971,35.201678],[137.74609,35.202603],[137.746253,35.203231],[137.746278,35.203555],[137.746314,35.203907],[137.746341,35.204374],[137.74629,35.205268],[137.746122,35.205481],[137.743129,35.208282],[137.743074,35.208412],[137.742959,35.209764],[137.742962,35.210134],[137.742938,35.210529],[137.742641,35.213071],[137.742524,35.216105],[137.742505,35.217147],[137.742939,35.219215]]]}},{"type":"Feature","id":"23563004003","properties":{"KEY_CODE":"23563004003","PREF":"23","CITY":"563","S_AREA":"004003","PREF_NAME":"愛知県","CITY_NAME":"豊根村","S_NAME":"三沢","HCODE":8101,"AREA":3636188.0,"KIGO_E":"","JINKO":48,"SETAI":27,"X_CODE":137.728002,"Y_CODE":35.193903},"geometry":{"type":"Polygon","coordinates":[[[137.737031,35.197999],[137.736788,35.197158],[137.736739,35.196482],[137.736853,35.195912],[137.737744,35.193506],[137.738055,35.192727],[137.738331,35.191138],[137.738415,35.190222],[137.738745,35.189072],[137.738919,35.188063],[137.738937,35.187479],[137.738967,35.186132],[137.738804,35.185346],[137.738999,35.185035],[137.738208,35.184835],[137.737155,35.184313],[137.736239,35.183928],[137.734326,35.182956],[137.733441,35.182331],[137.732982,35.181939],[137.732714,35.180756],[137.732781,35.179089],[137.732702,35.179006],[137.732215,35.178675],[137.732099,35.178652],[137.731492,35.179415],[137.730577,35.181351],[137.729011,35.185419],[137.726074,35.180836],[137.725337,35.180041],[137.72438,35.179252],[137.723538,35.178595],[137.722758,35.178164],[137.722149,35.177953],[137.721433,35.177791],[137.720167,35.177553],[137.71956,35.177388],[137.718837,35.177045],[137.718224,35.176699],[137.716933,35.175692],[137.715997,35.176335],[137.719018,35.179167],[137.720141,35.180043],[137.721311,35.180691],[137.722267,35.18148],[137.723005,35.182275],[137.723746,35.183161],[137.724372,35.183913],[137.724831,35.184535],[137.725236,35.185624],[137.725614,35.185647],[137.72507,35.186192],[137.72461,35.186731],[137.723278,35.187164],[137.723127,35.187397],[137.724052,35.188959],[137.724801,35.189673],[137.725784,35.190895],[137.726441,35.191919],[137.726981,35.193158],[137.727968,35.195499],[137.727229,35.195484],[137.72553,35.195602],[137.723919,35.195683],[137.723204,35.195815],[137.722491,35.19624],[137.722069,35.196683],[137.72167,35.197236],[137.721318,35.198173],[137.72117,35.199367],[137.721128,35.199826],[137.721222,35.200377],[137.721484,35.201193],[137.72068,35.201361],[137.719362,35.201735],[137.717755,35.202219],[137.716416,35.202758],[137.715456,35.203203],[137.71479,35.203885],[137.714235,35.204603],[137.713981,35.20523],[137.713528,35.206418],[137.713431,35.206783],[137.713106,35.207455],[137.714717,35.207609],[137.715485,35.207679],[137.716248,35.207789],[137.71701,35.207859],[137.718174,35.207982],[137.721195,35.20795],[137.723183,35.20739],[137.724745,35.206703],[137.725927,35.206221],[137.726886,35.205684],[137.727465,35.205314],[137.728156,35.204888],[137.729225,35.204223],[137.731473,35.202431],[137.732809,35.201434],[137.734144,35.200326],[137.735836,35.199217],[137.737031,35.197999]]]}},{"type":"Feature","id":"23563004004","properties":{"KEY_CODE":"23563004004","PREF":"23","CITY":"563","S_AREA":"004004","PREF_NAME":"愛知県","CITY_NAME":"豊根村","S_NAME":"三沢","HCODE":8101,"AREA":2283527.481,"KIGO_E":"","JINKO":5,"SETAI":3,"X_CODE":137.733176,"Y_CODE":35.176798},"geometry":{"type":"Polygon","coordinates":[[[137.738999,35.185035],[137.73914,35.184984],[137.739359,35.184895],[137.740461,35.185227],[137.741105,35.185326],[137.741613,35.185379],[137.74229,35.185404],[137.742476,35.185389],[137.742656,35.185259],[137.742688,35.185036],[137.74254,35.184157],[137.742476,35.183887],[137.742458,35.183344],[137.742397,35.181536],[137.742022,35.180143],[137.741369,35.178622],[137.741011,35.177726],[137.740548,35.176969],[137.740428,35.176656],[137.740361,35.176295],[137.740139,35.175369],[137.740048,35.173473],[137.740369,35.17166],[137.74098,35.170898],[137.740761,35.170381],[137.740463,35.169786],[137.740468,35.168801],[137.74056,35.168365],[137.740729,35.167817],[137.740998,35.167431],[137.742275,35.166452],[137.742841,35.166186],[137.743224,35.165789],[137.74382,35.164944],[137.743721,35.164843],[137.742931,35.164969],[137.742118,35.165175],[137.740825,35.165759],[137.736925,35.168168],[137.733991,35.170672],[137.733302,35.171323],[137.732565,35.172157],[137.732193,35.172484],[137.731546,35.172773],[137.73068,35.173022],[137.728669,35.173392],[137.726771,35.173894],[137.72526,35.174477],[137.723792,35.174742],[137.7233,35.174755],[137.722863,35.174767],[137.722533,35.17473],[137.721981,35.174564],[137.721369,35.174263],[137.72053,35.173697],[137.72036,35.17352],[137.720135,35.173345],[137.719969,35.173259],[137.719695,35.173267],[137.716933,35.175692],[137.718224,35.176699],[137.718837,35.177045],[137.71956,35.177388],[137.720167,35.177553],[137.721433,35.177791],[137.722149,35.177953],[137.722758,35.178164],[137.723538,35.178595],[137.72438,35.179252],[137.725337,35.180041],[137.726074,35.180836],[137.729011,35.185419],[137.730577,35.181351],[137.731492,35.179415],[137.732099,35.178652],[137.732215,35.178675],[137.732702,35.179006],[137.732781,35.179089],[137.732714,35.180756],[137.732982,35.181939],[137.733441,35.182331],[137.734326,35.182956],[137.736239,35.183928],[137.737155,35.184313],[137.738208,35.184835],[137.738999,35.185035]]]}},{"type":"Feature","id":"23563004005","properties":{"KEY_CODE":"23563004005","PREF":"23","CITY":"563","S_AREA":"004005","PREF_NAME":"愛知県","CITY_NAME":"豊根村","S_NAME":"三沢","HCODE":8101,"AREA":3031280.648,"KIGO_E":"","JINKO":21,"SETAI":8,"X_CODE":137.727326,"Y_CODE":35.166457},"geometry":{"type":"Polygon","coordinates":[[[137.715997,35.176335],[137.716933,35.175692],[137.719695,35.173267],[137.719969,35.173259],[137.720135,35.173345],[137.72036,35.17352],[137.72053,35.173697],[137.721369,35.174263],[137.721981,35.174564],[137.722533,35.17473],[137.722863,35.174767],[137.7233,35.174755],[137.723792,35.174742],[137.72526,35.174477],[137.726771,35.173894],[137.728669,35.173392],[137.73068,35.173022],[137.731546,35.172773],[137.732193,35.172484],[137.732565,35.172157],[137.733302,35.171323],[137.733991,35.170672],[137.736925,35.168168],[137.740825,35.165759],[137.740846,35.165212],[137.741233,35.164115],[137.7416,35.163607],[137.742338,35.163177],[137.742411,35.163015],[137.742237,35.162833],[137.741197,35.162473],[137.739786,35.162054],[137.738003,35.161394],[137.736988,35.160952],[137.735823,35.160471],[137.734956,35.160029],[137.733988,35.159385],[137.733181,35.158831],[137.731748,35.158696],[137.729596,35.15826],[137.727715,35.15758],[137.726451,35.156957],[137.725484,35.156434],[137.724523,35.155771],[137.723559,35.156626],[137.722749,35.157319],[137.722054,35.160398],[137.720935,35.162963],[137.720151,35.163899],[137.719018,35.164411],[137.718797,35.164534],[137.718548,35.1649],[137.718201,35.165884],[137.718006,35.166291],[137.717959,35.166595],[137.717989,35.167487],[137.717821,35.168116],[137.717749,35.168481],[137.717579,35.168842],[137.717162,35.169223],[137.716528,35.169954],[137.716419,35.170274],[137.716085,35.171135],[137.715922,35.171671],[137.715911,35.172047],[137.715558,35.173828],[137.715571,35.174235],[137.715432,35.174963],[137.715008,35.175381],[137.714795,35.175568],[137.714527,35.17571],[137.71431,35.175761],[137.71393,35.175862],[137.713499,35.176054],[137.713071,35.176337],[137.712647,35.176755],[137.712333,35.177171],[137.712239,35.177626],[137.712095,35.178218],[137.711537,35.179545],[137.714259,35.177527],[137.715997,35.176335]]]}},{"type":"Feature","id":"23563005001","properties":{"KEY_CODE":"23563005001","PREF":"23","CITY":"563","S_AREA":"005001","PREF_NAME":"愛知県","CITY_NAME":"豊根村","S_NAME":"古真立","HCODE":8101,"AREA":3151472.556,"KIGO_E":"","JINKO":12,"SETAI":6,"X_CODE":137.750448,"Y_CODE":35.164389},"geometry":{"type":"Polygon","coordinates":[[[137.757311,35.171178],[137.757292,35.170614],[137.757329,35.169614],[137.758404,35.169064],[137.758854,35.16873],[137.759354,35.168481],[137.759792,35.168214],[137.760154,35.167881],[137.760604,35.167772],[137.760742,35.167706],[137.760854,35.167322],[137.761217,35.166964],[137.762029,35.167247],[137.762967,35.167364],[137.763467,35.167147],[137.763942,35.166839],[137.764267,35.166747],[137.764679,35.166439],[137.764717,35.165989],[137.764917,35.165514],[137.764929,35.164973],[137.764979,35.164789],[137.764854,35.164381],[137.764879,35.164023],[137.765304,35.163573],[137.765387,35.163383],[137.765617,35.162856],[137.765404,35.162265],[137.765029,35.161698],[137.765004,35.161115],[137.765092,35.160523],[137.765179,35.160281],[137.765217,35.159848],[137.764804,35.159482],[137.764954,35.159082],[137.76523,35.158694],[137.763256,35.159575],[137.76239,35.159825],[137.761683,35.159934],[137.760862,35.159911],[137.760203,35.159838],[137.75905,35.159688],[137.756403,35.159034],[137.75458,35.158495],[137.751315,35.15736],[137.748999,35.156788],[137.748228,35.156627],[137.747084,35.156748],[137.746814,35.156846],[137.746715,35.157165],[137.746673,35.157529],[137.746521,35.157895],[137.746312,35.158172],[137.745945,35.158634],[137.745567,35.15878],[137.744705,35.159165],[137.743893,35.159413],[137.743183,35.159431],[137.74143,35.159342],[137.740631,35.159273],[137.74021,35.159072],[137.739241,35.158245],[137.737705,35.157563],[137.736368,35.157124],[137.735081,35.156805],[137.734711,35.156848],[137.732453,35.157453],[137.732693,35.15808],[137.732882,35.158448],[137.733181,35.158831],[137.733988,35.159385],[137.734956,35.160029],[137.735823,35.160471],[137.736988,35.160952],[137.738003,35.161394],[137.739786,35.162054],[137.741197,35.162473],[137.742237,35.162833],[137.742411,35.163015],[137.742338,35.163177],[137.7416,35.163607],[137.741233,35.164115],[137.740846,35.165212],[137.740825,35.165759],[137.742118,35.165175],[137.742931,35.164969],[137.743721,35.164843],[137.74382,35.164944],[137.743224,35.165789],[137.742841,35.166186],[137.742275,35.166452],[137.740998,35.167431],[137.740729,35.167817],[137.74056,35.168365],[137.740468,35.168801],[137.740463,35.169786],[137.740761,35.170381],[137.74098,35.170898],[137.741602,35.17178],[137.742226,35.172873],[137.743544,35.174047],[137.74393,35.17415],[137.744776,35.173957],[137.746671,35.173231],[137.748488,35.172527],[137.750434,35.171654],[137.752122,35.170845],[137.753018,35.170461],[137.753531,35.170417],[137.754199,35.170519],[137.755099,35.17062],[137.756101,35.170805],[137.757311,35.171178]]]}},{"type":"Feature","id":"23563005002","properties":{"KEY_CODE":"23563005002","PREF":"23","CITY":"563","S_AREA":"005002","PREF_NAME":"愛知県","CITY_NAME":"豊根村","S_NAME":"古真立","HCODE":8101,"AREA":2547418.151,"KIGO_E":"","JINKO":4,"SETAI":3,"X_CODE":137.74872,"Y_CODE":35.154161},"geometry":{"type":"Polygon","coordinates":[[[137.76523,35.158694],[137.765292,35.158607],[137.765542,35.15814],[137.765467,35.157707],[137.764979,35.157207],[137.764904,35.156523],[137.765079,35.156057],[137.764942,35.155374],[137.764704,35.15499],[137.764745,35.154804],[137.764817,35.154474],[137.764992,35.154024],[137.763866,35.153181],[137.762695,35.152663],[137.761591,35.152216],[137.761127,35.15211],[137.760466,35.152077],[137.759722,35.152112],[137.758847,35.15209],[137.75661,35.152241],[137.754699,35.152337],[137.754123,35.15218],[137.753416,35.151858],[137.752355,35.151375],[137.751558,35.150891],[137.749741,35.149308],[137.748012,35.14787],[137.746995,35.147224],[137.745271,35.146509],[137.744082,35.14615],[137.743495,35.146923],[137.742349,35.148956],[137.742128,35.149119],[137.741757,35.1491],[137.74094,35.148841],[137.73688,35.147299],[137.736963,35.148697],[137.736805,35.150786],[137.736635,35.151213],[137.736471,35.151735],[137.735394,35.153845],[137.734716,35.154814],[137.734394,35.155003],[137.733748,35.155292],[137.733103,35.155626],[137.732781,35.155815],[137.732626,35.156091],[137.732479,35.156593],[137.732382,35.156957],[137.732453,35.157453],[137.734711,35.156848],[137.735081,35.156805],[137.736368,35.157124],[137.737705,35.157563],[137.739241,35.158245],[137.74021,35.159072],[137.740631,35.159273],[137.74143,35.159342],[137.743183,35.159431],[137.743893,35.159413],[137.744705,35.159165],[137.745567,35.15878],[137.745945,35.158634],[137.746312,35.158172],[137.746521,35.157895],[137.746673,35.157529],[137.746715,35.157165],[137.746814,35.156846],[137.747084,35.156748],[137.748228,35.156627],[137.748999,35.156788],[137.751315,35.15736],[137.75458,35.158495],[137.756403,35.159034],[137.75905,35.159688],[137.760203,35.159838],[137.760862,35.159911],[137.761683,35.159934],[137.76239,35.159825],[137.763256,35.159575],[137.76523,35.158694]]]}},{"type":"Feature","id":"23563005003","properties":{"KEY_CODE":"23563005003","PREF":"23","CITY":"563","S_AREA":"005003","PREF_NAME":"愛知県","CITY_NAME":"豊根村","S_NAME":"古真立","HCODE":8101,"AREA":5674340.913,"KIGO_E":"","JINKO":9,"SETAI":4,"X_CODE":137.742955,"Y_CODE":35.139301},"geometry":{"type":"Polygon","coordinates":[[[137.761591,35.152216],[137.761925,35.150967],[137.762219,35.149964],[137.762483,35.149685],[137.762906,35.149267],[137.763212,35.148625],[137.763622,35.1478],[137.764889,35.14487],[137.765031,35.144232],[137.765108,35.143745],[137.765016,35.143203],[137.764837,35.142915],[137.764307,35.142682],[137.763667,35.142541],[137.761882,35.142351],[137.760416,35.142241],[137.759513,35.142227],[137.758786,35.142122],[137.758102,35.142017],[137.757484,35.141803],[137.756664,35.141138],[137.75662,35.141066],[137.756792,35.140504],[137.75703,35.139961],[137.754884,35.138669],[137.752249,35.138102],[137.751866,35.138067],[137.751432,35.138169],[137.750835,35.138321],[137.749857,35.138482],[137.749315,35.138633],[137.749092,35.138503],[137.748977,35.138325],[137.748969,35.138099],[137.749072,35.137915],[137.74916,35.137279],[137.74945,35.13614],[137.749485,35.135551],[137.749418,35.135191],[137.749134,35.134881],[137.747963,35.134188],[137.746005,35.132883],[137.742335,35.131034],[137.740888,35.130258],[137.739991,35.129603],[137.739745,35.129428],[137.739319,35.129123],[137.73892,35.128636],[137.738234,35.127749],[137.738125,35.127457],[137.737814,35.126629],[137.737001,35.123277],[137.736756,35.123284],[137.736494,35.123476],[137.736144,35.123534],[137.735369,35.123409],[137.734819,35.123451],[137.734406,35.123559],[137.734056,35.123718],[137.733531,35.124401],[137.733244,35.124559],[137.732944,35.124567],[137.732644,35.124509],[137.732269,35.124709],[137.731556,35.124867],[137.731119,35.125276],[137.729781,35.125642],[137.729244,35.125859],[137.728944,35.126092],[137.728782,35.126401],[137.728457,35.126692],[137.727982,35.126925],[137.726869,35.127175],[137.726232,35.127425],[137.726069,35.127513],[137.725644,35.127742],[137.724732,35.128167],[137.724718,35.128186],[137.724069,35.129067],[137.723732,35.129192],[137.723065,35.129622],[137.723451,35.130267],[137.723973,35.131158],[137.724366,35.131465],[137.725209,35.132167],[137.725667,35.132788],[137.725901,35.133234],[137.726031,35.133865],[137.726462,35.134469],[137.727419,35.135557],[137.728305,35.136683],[137.728737,35.137266],[137.729793,35.138938],[137.730154,35.139696],[137.730828,35.140902],[137.731115,35.141271],[137.731355,35.14164],[137.731548,35.142107],[137.731672,35.142886],[137.731606,35.143628],[137.731629,35.144306],[137.731871,35.145073],[137.732223,35.145693],[137.732548,35.14592],[137.733265,35.146039],[137.734305,35.146338],[137.735468,35.146799],[137.73688,35.147299],[137.74094,35.148841],[137.741757,35.1491],[137.742128,35.149119],[137.742349,35.148956],[137.743495,35.146923],[137.744082,35.14615],[137.745271,35.146509],[137.746995,35.147224],[137.748012,35.14787],[137.749741,35.149308],[137.751558,35.150891],[137.752355,35.151375],[137.753416,35.151858],[137.754123,35.15218],[137.754699,35.152337],[137.75661,35.152241],[137.758847,35.15209],[137.759722,35.152112],[137.760466,35.152077],[137.761127,35.15211],[137.761591,35.152216]]]}},{"type":"Feature","id":"23563005004","properties":{"KEY_CODE":"23563005004","PREF":"23","CITY":"563","S_AREA":"005004","PREF_NAME":"愛知県","CITY_NAME":"豊根村","S_NAME":"古真立","HCODE":8101,"AREA":4118137.818,"KIGO_E":"","JINKO":0,"SETAI":0,"X_CODE":137.757425,"Y_CODE":35.134706},"geometry":{"type":"Polygon","coordinates":[[[137.767651,35.15332],[137.768044,35.152433],[137.768375,35.150931],[137.768457,35.150114],[137.768422,35.149074],[137.768225,35.148129],[137.767976,35.147231],[137.767842,35.14651],[137.768398,35.145183],[137.768797,35.144041],[137.768933,35.143223],[137.769071,35.14245],[137.769048,35.141772],[137.768897,35.140554],[137.768498,35.138483],[137.768304,35.137583],[137.768114,35.136819],[137.768089,35.136095],[137.768125,35.135551],[137.768526,35.134454],[137.768989,35.133627],[137.769779,35.132746],[137.770471,35.132185],[137.774597,35.12728],[137.774989,35.126814],[137.772505,35.12729],[137.770047,35.127761],[137.768086,35.12795],[137.763511,35.128434],[137.759307,35.128592],[137.756361,35.128761],[137.755047,35.128705],[137.753949,35.128553],[137.75235,35.128143],[137.751189,35.127767],[137.750393,35.127399],[137.750357,35.127382],[137.749351,35.12673],[137.748114,35.125722],[137.744818,35.12296],[137.744681,35.12296],[137.743968,35.12301],[137.743531,35.12311],[137.742793,35.123118],[137.741256,35.122976],[137.740618,35.122885],[137.740193,35.122735],[137.739744,35.122659],[137.739698,35.122665],[137.739406,35.122701],[137.738969,35.122668],[137.738494,35.122709],[137.738194,35.122876],[137.737819,35.123143],[137.737319,35.123268],[137.737001,35.123277],[137.737814,35.126629],[137.738125,35.127457],[137.738234,35.127749],[137.73892,35.128636],[137.739319,35.129123],[137.739745,35.129428],[137.739991,35.129603],[137.740888,35.130258],[137.742335,35.131034],[137.746005,35.132883],[137.747963,35.134188],[137.749134,35.134881],[137.749418,35.135191],[137.749485,35.135551],[137.74945,35.13614],[137.74916,35.137279],[137.749072,35.137915],[137.748969,35.138099],[137.748977,35.138325],[137.749092,35.138503],[137.749315,35.138633],[137.749857,35.138482],[137.750835,35.138321],[137.751432,35.138169],[137.751866,35.138067],[137.752249,35.138102],[137.754884,35.138669],[137.75703,35.139961],[137.756792,35.140504],[137.75662,35.141066],[137.756664,35.141138],[137.757484,35.141803],[137.758102,35.142017],[137.758786,35.142122],[137.759513,35.142227],[137.760416,35.142241],[137.761882,35.142351],[137.763667,35.142541],[137.764307,35.142682],[137.764837,35.142915],[137.765016,35.143203],[137.765108,35.143745],[137.765031,35.144232],[137.764889,35.14487],[137.763622,35.1478],[137.763212,35.148625],[137.762906,35.149267],[137.762483,35.149685],[137.762219,35.149964],[137.761925,35.150967],[137.761591,35.152216],[137.762695,35.152663],[137.763866,35.153181],[137.764992,35.154024],[137.765492,35.15389],[137.766292,35.15379],[137.766904,35.153207],[137.767651,35.15332]]]}},{"type":"Feature","id":"23563005005","properties":{"KEY_CODE":"23563005005","PREF":"23","CITY":"563","S_AREA":"005005","PREF_NAME":"愛知県","CITY_NAME":"豊根村","S_NAME":"古真立","HCODE":8101,"AREA":22317993.485,"KIGO_E":"","JINKO":0,"SETAI":0,"X_CODE":137.781761,"Y_CODE":35.127023},"geometry":{"type":"Polygon","coordinates":[[[137.79089,35.153058],[137.79149,35.153558],[137.792877,35.154458],[137.793202,35.154799],[137.793715,35.155933],[137.795402,35.156691],[137.795952,35.157174],[137.797115,35.158632],[137.797452,35.158316],[137.797927,35.157707],[137.798502,35.157108],[137.798727,35.156933],[137.799314,35.156283],[137.800089,35.155566],[137.800902,35.155033],[137.801402,35.154608],[137.802089,35.154208],[137.802314,35.153716],[137.802526,35.152608],[137.802701,35.152067],[137.802626,35.151408],[137.802739,35.151033],[137.803214,35.150742],[137.803676,35.150583],[137.804064,35.150342],[137.804451,35.150034],[137.805014,35.149717],[137.805476,35.149225],[137.805735,35.149041],[137.806563,35.14845],[137.807976,35.147176],[137.808351,35.146684],[137.808988,35.146126],[137.810063,35.145318],[137.810875,35.144809],[137.81225,35.144076],[137.812513,35.143468],[137.813263,35.14251],[137.813988,35.141743],[137.814625,35.141185],[137.814963,35.14081],[137.814525,35.140235],[137.813163,35.139368],[137.810626,35.137893],[137.809976,35.137277],[137.808213,35.133986],[137.807163,35.132394],[137.806564,35.131777],[137.805739,35.131211],[137.805594,35.1311],[137.805251,35.130936],[137.804264,35.130652],[137.803201,35.130552],[137.801826,35.130652],[137.800964,35.130911],[137.800689,35.131044],[137.800052,35.131494],[137.799689,35.131985],[137.799289,35.133452],[137.799052,35.134602],[137.798827,35.135277],[137.798352,35.135768],[137.797327,35.136368],[137.796639,35.136518],[137.795702,35.136393],[137.794615,35.136002],[137.793465,35.135518],[137.793002,35.135152],[137.792677,35.134443],[137.79229,35.133019],[137.79214,35.132027],[137.791915,35.129677],[137.791952,35.128977],[137.792202,35.128569],[137.792652,35.128102],[137.79329,35.127794],[137.794452,35.127486],[137.796402,35.127253],[137.796929,35.127166],[137.797314,35.127103],[137.797914,35.126794],[137.798114,35.126661],[137.798589,35.126144],[137.798902,35.12547],[137.799077,35.12462],[137.799189,35.123786],[137.799014,35.122987],[137.798427,35.121112],[137.798114,35.120203],[137.798127,35.119462],[137.798514,35.117362],[137.799027,35.115312],[137.799889,35.112363],[137.800789,35.109072],[137.801164,35.107538],[137.801264,35.106547],[137.801126,35.105897],[137.800364,35.105364],[137.798976,35.10488],[137.797227,35.104189],[137.795777,35.103447],[137.795077,35.102989],[137.794727,35.102239],[137.794414,35.100881],[137.794264,35.099772],[137.793952,35.098439],[137.793664,35.097581],[137.792939,35.096198],[137.792889,35.095723],[137.792516,35.095406],[137.792015,35.095306],[137.790527,35.095289],[137.789627,35.095489],[137.788965,35.095797],[137.788215,35.095947],[137.78729,35.095872],[137.786053,35.095722],[137.785778,35.095739],[137.785328,35.096055],[137.784566,35.096389],[137.783653,35.096555],[137.781678,35.096697],[137.781066,35.096963],[137.780566,35.097322],[137.780291,35.097405],[137.779729,35.09808],[137.779554,35.09878],[137.779279,35.099113],[137.778866,35.099405],[137.778316,35.099605],[137.776991,35.099863],[137.776216,35.100096],[137.775366,35.100321],[137.774617,35.100313],[137.774379,35.100355],[137.773667,35.101454],[137.771892,35.102946],[137.771642,35.103104],[137.770867,35.103479],[137.770067,35.103929],[137.769204,35.104662],[137.768567,35.105037],[137.767792,35.105437],[137.76713,35.105679],[137.765967,35.106687],[137.765517,35.107154],[137.76538,35.107654],[137.765267,35.107737],[137.763605,35.108495],[137.763192,35.108828],[137.763155,35.109003],[137.763392,35.110228],[137.763867,35.111178],[137.764392,35.111636],[137.765917,35.11242],[137.76643,35.112811],[137.766542,35.113011],[137.766642,35.113536],[137.76648,35.113603],[137.765705,35.113436],[137.764592,35.113128],[137.763742,35.112695],[137.762942,35.112436],[137.76243,35.112161],[137.761167,35.112103],[137.760117,35.112228],[137.75968,35.112228],[137.758643,35.11237],[137.757818,35.112453],[137.756305,35.112461],[137.755805,35.112528],[137.755168,35.112544],[137.754843,35.112586],[137.753805,35.112553],[137.752258,35.112533],[137.751744,35.112687],[137.751568,35.112844],[137.751181,35.113228],[137.750868,35.113927],[137.750392,35.114144],[137.749843,35.114294],[137.748556,35.114486],[137.747718,35.115019],[137.747729,35.115061],[137.747881,35.115652],[137.747731,35.116035],[137.747231,35.116444],[137.746968,35.116885],[137.746931,35.116994],[137.746356,35.117369],[137.745606,35.118335],[137.745556,35.118568],[137.745743,35.118818],[137.745893,35.119243],[137.745868,35.119535],[137.745618,35.119893],[137.745418,35.120327],[137.745368,35.120877],[137.745418,35.121235],[137.745693,35.121876],[137.745481,35.122626],[137.745481,35.122901],[137.745318,35.12296],[137.744818,35.12296],[137.748114,35.125722],[137.749351,35.12673],[137.750357,35.127382],[137.750393,35.127399],[137.751189,35.127767],[137.75235,35.128143],[137.753949,35.128553],[137.755047,35.128705],[137.756361,35.128761],[137.759307,35.128592],[137.763511,35.128434],[137.768086,35.12795],[137.770047,35.127761],[137.772505,35.12729],[137.774989,35.126814],[137.774597,35.12728],[137.770471,35.132185],[137.769779,35.132746],[137.768989,35.133627],[137.768526,35.134454],[137.768125,35.135551],[137.768089,35.136095],[137.768114,35.136819],[137.768304,35.137583],[137.768498,35.138483],[137.768897,35.140554],[137.769048,35.141772],[137.769071,35.14245],[137.768933,35.143223],[137.768797,35.144041],[137.768398,35.145183],[137.767842,35.14651],[137.767976,35.147231],[137.768225,35.148129],[137.768422,35.149074],[137.768457,35.150114],[137.768375,35.150931],[137.768044,35.152433],[137.767651,35.15332],[137.769279,35.153566],[137.770279,35.153666],[137.772079,35.153957],[137.772516,35.154391],[137.772891,35.155024],[137.773854,35.15524],[137.776816,35.155649],[137.777253,35.155432],[137.777891,35.155366],[137.778903,35.155782],[137.779016,35.155716],[137.779766,35.154932],[137.780291,35.154516],[137.781891,35.154324],[137.782778,35.153882],[137.783466,35.153666],[137.783878,35.153849],[137.784891,35.154107],[137.785766,35.153958],[137.786428,35.153599],[137.78749,35.152841],[137.788365,35.152624],[137.788753,35.152649],[137.789578,35.152841],[137.790758,35.153036],[137.79089,35.153058]]]}},{"type":"Feature","id":"23563005006","properties":{"KEY_CODE":"23563005006","PREF":"23","CITY":"563","S_AREA":"005006","PREF_NAME":"愛知県","CITY_NAME":"豊根村","S_NAME":"古真立","HCODE":8101,"AREA":1223827.445,"KIGO_E":"","JINKO":8,"SETAI":2,"X_CODE":137.730486,"Y_CODE":35.151726},"geometry":{"type":"Polygon","coordinates":[[[137.732453,35.157453],[137.732382,35.156957],[137.732479,35.156593],[137.732626,35.156091],[137.732781,35.155815],[137.733103,35.155626],[137.733748,35.155292],[137.734394,35.155003],[137.734716,35.154814],[137.735394,35.153845],[137.736471,35.151735],[137.736635,35.151213],[137.736805,35.150786],[137.736963,35.148697],[137.73688,35.147299],[137.735468,35.146799],[137.734305,35.146338],[137.733265,35.146039],[137.732548,35.14592],[137.732223,35.145693],[137.731871,35.145073],[137.730562,35.145389],[137.729726,35.145637],[137.72858,35.14612],[137.727294,35.146875],[137.726064,35.14879],[137.725056,35.149638],[137.723981,35.15065],[137.72506,35.152419],[137.725116,35.152856],[137.724961,35.153579],[137.724751,35.154062],[137.723716,35.154811],[137.723131,35.155055],[137.723747,35.155424],[137.724523,35.155771],[137.725484,35.156434],[137.726451,35.156957],[137.727715,35.15758],[137.729596,35.15826],[137.731748,35.158696],[137.733181,35.158831],[137.732882,35.158448],[137.732693,35.15808],[137.732453,35.157453]]]}},{"type":"Feature","id":"235630060","properties":{"KEY_CODE":"235630060","PREF":"23","CITY":"563","S_AREA":"006000","PREF_NAME":"愛知県","CITY_NAME":"豊根村","S_NAME":"富山","HCODE":8101,"AREA":34733190.586,"KIGO_E":"","JINKO":62,"SETAI":32,"X_CODE":137.790713,"Y_CODE":35.182901},"geometry":{"type":"Polygon","coordinates":[[[137.760454,35.22075],[137.761366,35.220642],[137.761754,35.220658],[137.762516,35.220458],[137.763378,35.220167],[137.764028,35.2196],[137.764778,35.218675],[137.765516,35.218475],[137.766428,35.218675],[137.767691,35.21845],[137.768078,35.218359],[137.767991,35.218067],[137.768266,35.217209],[137.769253,35.216101],[137.769141,35.214276],[137.768841,35.213468],[137.768341,35.212676],[137.767716,35.212068],[137.767078,35.211301],[137.766366,35.210676],[137.766066,35.210226],[137.766316,35.209618],[137.766941,35.208602],[137.767628,35.206935],[137.767716,35.20686],[137.768678,35.206435],[137.769303,35.206144],[137.769966,35.206052],[137.770516,35.206094],[137.770978,35.205844],[137.771591,35.205752],[137.772028,35.205777],[137.773178,35.205552],[137.773378,35.205461],[137.773865,35.205052],[137.774065,35.204336],[137.774253,35.204086],[137.77409,35.203703],[137.774065,35.203253],[137.774615,35.203411],[137.776428,35.203544],[137.777115,35.203478],[137.777965,35.203703],[137.77859,35.203428],[137.779002,35.202911],[137.77927,35.20277],[137.779302,35.202753],[137.779715,35.203019],[137.779852,35.203228],[137.780077,35.203678],[137.780852,35.204236],[137.78189,35.204328],[137.782877,35.204803],[137.783465,35.205927],[137.783677,35.205952],[137.784914,35.205811],[137.785989,35.205653],[137.786889,35.205269],[137.787664,35.205086],[137.788164,35.204636],[137.788852,35.204369],[137.789802,35.204728],[137.790626,35.205203],[137.791314,35.205019],[137.791726,35.204728],[137.792064,35.204886],[137.793001,35.205128],[137.794101,35.204944],[137.795276,35.204111],[137.796151,35.204836],[137.797201,35.205219],[137.797726,35.205219],[137.79843,35.205255],[137.798876,35.205278],[137.800163,35.20562],[137.800688,35.205953],[137.801375,35.206519],[137.802338,35.207444],[137.80325,35.208003],[137.805475,35.209286],[137.80621,35.209604],[137.806825,35.209869],[137.808137,35.210119],[137.808662,35.210144],[137.80965,35.210344],[137.810562,35.211128],[137.811612,35.211869],[137.812712,35.212211],[137.813974,35.212528],[137.814936,35.212728],[137.815261,35.212928],[137.815836,35.213653],[137.816174,35.213894],[137.818124,35.214661],[137.819473,35.214769],[137.820436,35.215311],[137.821648,35.215694],[137.823073,35.215878],[137.824398,35.215919],[137.825185,35.215761],[137.826235,35.215844],[137.827548,35.215645],[137.830222,35.214895],[137.831835,35.214537],[137.834647,35.213745],[137.835884,35.21332],[137.837884,35.212504],[137.838047,35.212479],[137.838159,35.212504],[137.837797,35.212145],[137.837359,35.211854],[137.836322,35.211404],[137.835022,35.211112],[137.833622,35.210995],[137.831835,35.211087],[137.830185,35.211295],[137.828698,35.211545],[137.82796,35.211478],[137.82766,35.21107],[137.827548,35.210212],[137.827685,35.208754],[137.828123,35.208145],[137.828285,35.207987],[137.830435,35.206971],[137.83081,35.206587],[137.831035,35.205729],[137.830897,35.204988],[137.830397,35.204621],[137.829273,35.204354],[137.827373,35.204404],[137.824523,35.204812],[137.823223,35.204612],[137.822186,35.203954],[137.821523,35.203079],[137.821323,35.202063],[137.821248,35.201029],[137.820672,35.198352],[137.82025,35.19752],[137.81918,35.196163],[137.817778,35.194561],[137.81696,35.193327],[137.816739,35.192529],[137.816587,35.19152],[137.816565,35.190439],[137.816562,35.190134],[137.816413,35.189348],[137.816019,35.188386],[137.815454,35.187555],[137.814258,35.186587],[137.813741,35.186413],[137.813037,35.186297],[137.811937,35.186505],[137.810462,35.187155],[137.810125,35.18738],[137.809063,35.18783],[137.808752,35.187868],[137.80865,35.18788],[137.807546,35.187789],[137.806425,35.187272],[137.806032,35.186954],[137.805538,35.186555],[137.804188,35.185089],[137.803476,35.184097],[137.803176,35.183222],[137.80343,35.182447],[137.803726,35.181547],[137.803801,35.181189],[137.804138,35.180356],[137.804453,35.179879],[137.804688,35.179522],[137.805676,35.178756],[137.805967,35.178556],[137.806963,35.177873],[137.807763,35.177039],[137.808551,35.176389],[137.809375,35.175623],[137.810563,35.174806],[137.811663,35.174381],[137.812813,35.174015],[137.813912,35.174173],[137.8152,35.17494],[137.8163,35.175098],[137.818062,35.174623],[137.818387,35.17449],[137.820637,35.172657],[137.822474,35.170924],[137.823386,35.169957],[137.823386,35.169924],[137.823599,35.169782],[137.824236,35.169149],[137.825161,35.168441],[137.825599,35.167991],[137.825861,35.167474],[137.825974,35.166958],[137.825824,35.166208],[137.824974,35.165208],[137.824136,35.164316],[137.823066,35.163085],[137.822949,35.16295],[137.822249,35.161975],[137.821737,35.161083],[137.821299,35.16025],[137.821124,35.159275],[137.821249,35.158392],[137.821612,35.15765],[137.822312,35.157092],[137.823361,35.156583],[137.824524,35.156192],[137.826361,35.155775],[137.827411,35.155475],[137.827973,35.154934],[137.828161,35.154667],[137.828673,35.153817],[137.829011,35.153026],[137.829073,35.152376],[137.828861,35.152009],[137.827799,35.151251],[137.826624,35.150518],[137.825336,35.149784],[137.823486,35.148884],[137.822062,35.148084],[137.821412,35.148093],[137.819887,35.148576],[137.818225,35.149559],[137.817637,35.150209],[137.817087,35.150925],[137.816687,35.151642],[137.81635,35.152359],[137.8159,35.152809],[137.8153,35.1528],[137.8147,35.1525],[137.814,35.151709],[137.81335,35.150709],[137.812813,35.149342],[137.8125,35.148234],[137.81225,35.146718],[137.81215,35.145609],[137.812163,35.144484],[137.81225,35.144076],[137.810875,35.144809],[137.810063,35.145318],[137.808988,35.146126],[137.808351,35.146684],[137.807976,35.147176],[137.806563,35.14845],[137.805735,35.149041],[137.805476,35.149225],[137.805014,35.149717],[137.804451,35.150034],[137.804064,35.150342],[137.803676,35.150583],[137.803214,35.150742],[137.802739,35.151033],[137.802626,35.151408],[137.802701,35.152067],[137.802526,35.152608],[137.802314,35.153716],[137.802089,35.154208],[137.801402,35.154608],[137.800902,35.155033],[137.800089,35.155566],[137.799314,35.156283],[137.798727,35.156933],[137.798502,35.157108],[137.797927,35.157707],[137.797452,35.158316],[137.797115,35.158632],[137.795952,35.157174],[137.795402,35.156691],[137.793715,35.155933],[137.793202,35.154799],[137.792877,35.154458],[137.79149,35.153558],[137.79089,35.153058],[137.790758,35.153036],[137.789578,35.152841],[137.788753,35.152649],[137.788365,35.152624],[137.78749,35.152841],[137.786428,35.153599],[137.785766,35.153958],[137.784891,35.154107],[137.783878,35.153849],[137.783466,35.153666],[137.782778,35.153882],[137.781891,35.154324],[137.780291,35.154516],[137.779766,35.154932],[137.779016,35.155716],[137.778903,35.155782],[137.777891,35.155366],[137.777253,35.155432],[137.776816,35.155649],[137.773854,35.15524],[137.772891,35.155024],[137.772516,35.154391],[137.772079,35.153957],[137.770279,35.153666],[137.769279,35.153566],[137.767651,35.15332],[137.766904,35.153207],[137.766292,35.15379],[137.765492,35.15389],[137.764992,35.154024],[137.764817,35.154474],[137.764745,35.154804],[137.764704,35.15499],[137.764942,35.155374],[137.765079,35.156057],[137.764904,35.156523],[137.764979,35.157207],[137.765467,35.157707],[137.765542,35.15814],[137.765292,35.158607],[137.76523,35.158694],[137.764954,35.159082],[137.764804,35.159482],[137.765217,35.159848],[137.765179,35.160281],[137.765092,35.160523],[137.765004,35.161115],[137.765029,35.161698],[137.765404,35.162265],[137.765617,35.162856],[137.765387,35.163383],[137.765304,35.163573],[137.764879,35.164023],[137.764854,35.164381],[137.764979,35.164789],[137.764929,35.164973],[137.764917,35.165514],[137.764717,35.165989],[137.764679,35.166439],[137.764267,35.166747],[137.763942,35.166839],[137.763467,35.167147],[137.762967,35.167364],[137.762029,35.167247],[137.761217,35.166964],[137.760854,35.167322],[137.760742,35.167706],[137.760604,35.167772],[137.760154,35.167881],[137.759792,35.168214],[137.759354,35.168481],[137.758854,35.16873],[137.758404,35.169064],[137.757329,35.169614],[137.757292,35.170614],[137.757311,35.171178],[137.757281,35.171813],[137.757204,35.172122],[137.757204,35.172322],[137.756854,35.173205],[137.757104,35.173813],[137.757567,35.174147],[137.757929,35.174597],[137.758279,35.175521],[137.758667,35.176355],[137.758967,35.176763],[137.759567,35.177305],[137.759842,35.177821],[137.759954,35.177955],[137.761254,35.17863],[137.761666,35.179055],[137.761716,35.179171],[137.761716,35.179463],[137.761491,35.179779],[137.760979,35.180388],[137.760841,35.180904],[137.760641,35.181379],[137.760779,35.181604],[137.760979,35.182304],[137.760979,35.182437],[137.760866,35.182554],[137.760591,35.183029],[137.760066,35.183771],[137.760016,35.184404],[137.760366,35.184471],[137.761004,35.184762],[137.762179,35.184846],[137.762904,35.185071],[137.763454,35.185387],[137.763754,35.185796],[137.763616,35.186154],[137.763417,35.186395],[137.763279,35.186562],[137.763116,35.18717],[137.763066,35.187779],[137.763254,35.188612],[137.763229,35.188745],[137.762904,35.18922],[137.762354,35.189562],[137.761554,35.190645],[137.761441,35.190778],[137.760891,35.191203],[137.760454,35.191653],[137.760266,35.191745],[137.759879,35.192495],[137.760016,35.193028],[137.760366,35.193528],[137.760316,35.194045],[137.760366,35.194628],[137.760479,35.19497],[137.761054,35.195328],[137.761329,35.195445],[137.762129,35.19612],[137.762329,35.196453],[137.762079,35.196978],[137.761191,35.197694],[137.760129,35.198303],[137.759991,35.198827],[137.759879,35.199094],[137.759635,35.199469],[137.759554,35.199594],[137.759304,35.199677],[137.758366,35.200377],[137.757816,35.201194],[137.757454,35.202119],[137.757354,35.202277],[137.756904,35.202435],[137.756579,35.202819],[137.756279,35.205068],[137.755917,35.20566],[137.755154,35.206493],[137.755179,35.207035],[137.755292,35.207593],[137.755292,35.207885],[137.755154,35.208676],[137.754879,35.209334],[137.754817,35.210276],[137.754404,35.210751],[137.753992,35.211134],[137.753779,35.212126],[137.753454,35.212534],[137.752867,35.212784],[137.752017,35.213634],[137.751192,35.214408],[137.750504,35.215417],[137.750179,35.216008],[137.750254,35.216408],[137.750254,35.216617],[137.750042,35.2174],[137.74993,35.218166],[137.749605,35.219366],[137.749467,35.219474],[137.750342,35.220558],[137.750754,35.220758],[137.751492,35.220599],[137.752492,35.220241],[137.753479,35.220283],[137.753942,35.2204],[137.754929,35.220708],[137.755567,35.220708],[137.755704,35.220666],[137.756529,35.22085],[137.757154,35.22145],[137.758066,35.221791],[137.758916,35.222016],[137.759554,35.222058],[137.759854,35.221516],[137.760454,35.22075]]]}}]}