{"type":"FeatureCollection","features":[{"type":"Feature","properties":{"name":"赤城町","city":"名古屋市西区","code":"104","setai":564,"jinko":1281,"n":1,"towns":["231040010"],"lx":136.888527,"ly":35.223312},"geometry":{"type":"Polygon","coordinates":[[[136.8875,35.22168],[136.886263,35.221578],[136.886239,35.222067],[136.88618,35.223],[136.886147,35.223709],[136.88612,35.224255],[136.886789,35.224434],[136.887256,35.224558],[136.887958,35.224745],[136.888064,35.224781],[136.888512,35.224932],[136.88903,35.225107],[136.889404,35.225217],[136.889575,35.224853],[136.889774,35.22443],[136.88978,35.224419],[136.889788,35.224401],[136.889981,35.223992],[136.890037,35.223645],[136.890085,35.223331],[136.890091,35.222869],[136.890078,35.222424],[136.890107,35.221931],[136.890108,35.22192],[136.89011,35.221905],[136.888858,35.221794],[136.888834,35.221792],[136.88752,35.221681],[136.8875,35.22168]]]}},{"type":"Feature","properties":{"name":"あし原町","city":"名古屋市西区","code":"104","setai":210,"jinko":440,"n":1,"towns":["231040020"],"lx":136.865408,"ly":35.211115},"geometry":{"type":"Polygon","coordinates":[[[136.868118,35.210935],[136.868039,35.210876],[136.867992,35.210917],[136.867936,35.21084],[136.867903,35.210746],[136.867728,35.210464],[136.867721,35.210443],[136.867554,35.209988],[136.867527,35.20994],[136.867453,35.209809],[136.867292,35.20951],[136.867191,35.209287],[136.867132,35.209156],[136.867085,35.209047],[136.867076,35.209026],[136.866967,35.209046],[136.866267,35.209179],[136.866095,35.209211],[136.866061,35.208893],[136.866059,35.208874],[136.865831,35.208291],[136.865942,35.208199],[136.865907,35.208032],[136.865861,35.207847],[136.86586,35.207848],[136.865401,35.208294],[136.864737,35.208934],[136.864458,35.209202],[136.863886,35.209753],[136.863365,35.210255],[136.863019,35.210584],[136.862565,35.210046],[136.862356,35.209813],[136.861658,35.209036],[136.861321,35.208661],[136.860567,35.207811],[136.86026,35.208035],[136.860176,35.208096],[136.860794,35.20882],[136.861093,35.209139],[136.861242,35.209316],[136.861606,35.209748],[136.861918,35.210119],[136.862609,35.21094],[136.862623,35.210958],[136.862711,35.211067],[136.862807,35.21118],[136.862954,35.211346],[136.863101,35.211517],[136.863453,35.211928],[136.863805,35.212352],[136.864157,35.212777],[136.864671,35.213397],[136.864918,35.213683],[136.865078,35.213592],[136.865406,35.213415],[136.866285,35.212942],[136.867197,35.212453],[136.867216,35.212444],[136.868374,35.211869],[136.868474,35.211813],[136.868143,35.211745],[136.868173,35.211422],[136.868151,35.211353],[136.868139,35.211317],[136.868161,35.211115],[136.868136,35.211008],[136.868118,35.210935]]]}},{"type":"Feature","properties":{"name":"天塚町","city":"名古屋市西区","code":"104","setai":1138,"jinko":2507,"n":4,"towns":["23104003001","23104003002","23104003003","23104003004"],"lx":136.893125,"ly":35.200513},"geometry":{"type":"Polygon","coordinates":[[[136.891589,35.199102],[136.892371,35.199102],[136.89239,35.198994],[136.892423,35.198994],[136.893336,35.198999],[136.893349,35.198999],[136.893381,35.199],[136.894061,35.199009],[136.894591,35.199006],[136.894623,35.199007],[136.894633,35.198817],[136.895716,35.198826],[136.897103,35.198837],[136.897367,35.198839],[136.897373,35.199022],[136.897373,35.199041],[136.89737,35.199391],[136.89737,35.199399],[136.897384,35.199408],[136.897376,35.19978],[136.897376,35.199794],[136.897379,35.200158],[136.897381,35.200526],[136.897368,35.200551],[136.897369,35.200613],[136.897374,35.200926],[136.89738,35.201322],[136.897589,35.201322],[136.897818,35.201321],[136.898378,35.20132],[136.898596,35.20132],[136.898834,35.201332],[136.898859,35.201339],[136.898849,35.201515],[136.898596,35.201514],[136.898372,35.201513],[136.897597,35.201508],[136.897096,35.201509],[136.897096,35.201712],[136.897087,35.201712],[136.895938,35.201698],[136.895934,35.201581],[136.895693,35.20158],[136.895693,35.201504],[136.895189,35.201503],[136.894605,35.201492],[136.894596,35.201492],[136.894278,35.201496],[136.894313,35.201829],[136.894174,35.201835],[136.894175,35.201986],[136.894182,35.202171],[136.893914,35.202177],[136.893816,35.202148],[136.893591,35.202152],[136.893332,35.202153],[136.893285,35.202153],[136.893137,35.202158],[136.893128,35.20204],[136.892767,35.202049],[136.892477,35.202046],[136.892475,35.202113],[136.892242,35.202107],[136.892004,35.202078],[136.891851,35.202095],[136.891656,35.202065],[136.891649,35.202065],[136.891648,35.202053],[136.89162,35.201422],[136.89162,35.201412],[136.891614,35.200861],[136.89161,35.2006],[136.89161,35.200524],[136.891607,35.200255],[136.891605,35.200094],[136.891603,35.199958],[136.891603,35.199943],[136.891598,35.199665],[136.891593,35.199348],[136.891589,35.199102]]]}},{"type":"Feature","properties":{"name":"新木町","city":"名古屋市西区","code":"104","setai":34,"jinko":51,"n":1,"towns":["231040040"],"lx":136.862444,"ly":35.216443},"geometry":{"type":"Polygon","coordinates":[[[136.86377,35.216555],[136.863587,35.21628],[136.863016,35.215427],[136.862286,35.215396],[136.862199,35.215419],[136.862087,35.215417],[136.861972,35.215415],[136.861936,35.215414],[136.860704,35.215392],[136.860294,35.215385],[136.86024,35.215445],[136.86028,35.215521],[136.860279,35.215525],[136.860299,35.215555],[136.860234,35.215746],[136.860218,35.215795],[136.860205,35.215833],[136.86019,35.21589],[136.859637,35.215849],[136.859598,35.21589],[136.859539,35.215953],[136.85949,35.21615],[136.859473,35.216189],[136.859477,35.21619],[136.859439,35.21634],[136.859245,35.216333],[136.859217,35.216444],[136.859215,35.216449],[136.859203,35.216513],[136.859161,35.216574],[136.859141,35.21662],[136.859155,35.216673],[136.859155,35.216735],[136.859141,35.21676],[136.859104,35.21678],[136.859059,35.216791],[136.858992,35.216807],[136.858987,35.21682],[136.859004,35.216824],[136.85975,35.216997],[136.859959,35.217039],[136.860053,35.217052],[136.860243,35.217084],[136.860999,35.217227],[136.861134,35.217253],[136.863219,35.217647],[136.86377,35.216555]]]}},{"type":"Feature","properties":{"name":"市場木町","city":"名古屋市西区","code":"104","setai":1175,"jinko":2363,"n":1,"towns":["231040050"],"lx":136.888446,"ly":35.216967},"geometry":{"type":"Polygon","coordinates":[[[136.885283,35.219153],[136.886179,35.21866],[136.886312,35.218669],[136.886561,35.218685],[136.886669,35.218692],[136.886804,35.2187],[136.888103,35.218827],[136.889192,35.218921],[136.890491,35.219037],[136.890561,35.218569],[136.890568,35.218515],[136.890618,35.218096],[136.891158,35.218135],[136.891467,35.217906],[136.891929,35.217568],[136.891957,35.217546],[136.891954,35.217544],[136.891925,35.217517],[136.891818,35.217399],[136.891669,35.217273],[136.891067,35.216752],[136.89106,35.216746],[136.890432,35.216202],[136.890422,35.216194],[136.89013,35.215938],[136.89012,35.21593],[136.890084,35.215897],[136.889857,35.215699],[136.889809,35.215657],[136.889786,35.215637],[136.889766,35.21562],[136.889752,35.215607],[136.889571,35.215451],[136.889537,35.215421],[136.889499,35.215389],[136.889484,35.215375],[136.889087,35.215031],[136.889075,35.215021],[136.889051,35.215001],[136.888707,35.214702],[136.888698,35.214707],[136.888684,35.214694],[136.887842,35.215164],[136.887735,35.215223],[136.887211,35.21541],[136.886514,35.215787],[136.886485,35.215802],[136.885859,35.21614],[136.885782,35.216182],[136.885484,35.216336],[136.885427,35.216367],[136.884886,35.216662],[136.884718,35.216754],[136.884657,35.216787],[136.884197,35.217039],[136.884196,35.217039],[136.883909,35.217195],[136.883592,35.217368],[136.883449,35.217453],[136.883426,35.217466],[136.883469,35.217538],[136.883584,35.217717],[136.883809,35.218069],[136.884107,35.218513],[136.88474,35.219448],[136.885283,35.219153]]]}},{"type":"Feature","properties":{"name":"稲生町","city":"名古屋市西区","code":"104","setai":1381,"jinko":3307,"n":8,"towns":["23104006000","23104006001","23104006002","23104006003","23104006004","23104006005","23104006006","23104006007"],"lx":136.893858,"ly":35.209796},"geometry":{"type":"Polygon","coordinates":[[[136.890925,35.211633],[136.891136,35.210983],[136.891202,35.210796],[136.8913,35.210437],[136.891351,35.21019],[136.89135,35.210111],[136.891852,35.210283],[136.892128,35.21038],[136.892189,35.210312],[136.892192,35.210237],[136.891905,35.209903],[136.891899,35.209836],[136.891902,35.20977],[136.891884,35.209749],[136.891857,35.20965],[136.891901,35.209469],[136.891908,35.20944],[136.891932,35.209337],[136.891932,35.208893],[136.891931,35.208865],[136.891931,35.20836],[136.89193,35.208053],[136.89193,35.208032],[136.891777,35.208032],[136.891778,35.207708],[136.89176,35.207674],[136.891842,35.207617],[136.891869,35.207589],[136.892269,35.20793],[136.892419,35.208004],[136.892542,35.208035],[136.892544,35.208035],[136.892577,35.208036],[136.892979,35.208047],[136.89327,35.208055],[136.893288,35.208056],[136.893556,35.208063],[136.894088,35.208079],[136.894406,35.208088],[136.894743,35.208099],[136.894904,35.208103],[136.895664,35.208126],[136.895735,35.208128],[136.895977,35.2081],[136.896363,35.208032],[136.897046,35.207912],[136.897069,35.207907],[136.897457,35.207846],[136.897516,35.207838],[136.897767,35.207803],[136.897801,35.207799],[136.898539,35.207698],[136.899485,35.20757],[136.900772,35.207394],[136.900784,35.207392],[136.900786,35.207522],[136.900768,35.207765],[136.900766,35.207799],[136.900758,35.207824],[136.900678,35.2081],[136.900766,35.208104],[136.900773,35.208136],[136.900778,35.208161],[136.900621,35.208189],[136.900613,35.208241],[136.90053,35.208584],[136.900522,35.208617],[136.900375,35.209338],[136.900355,35.209364],[136.900289,35.209878],[136.900289,35.209882],[136.900286,35.209896],[136.899487,35.209758],[136.899269,35.20972],[136.899242,35.210087],[136.898917,35.210104],[136.898803,35.210109],[136.898576,35.210125],[136.898336,35.21014],[136.898309,35.210142],[136.898102,35.210163],[136.897965,35.210192],[136.897962,35.210192],[136.897922,35.210196],[136.897839,35.210204],[136.897832,35.210205],[136.897823,35.210091],[136.897813,35.209959],[136.897404,35.210026],[136.897404,35.21003],[136.89743,35.210162],[136.897448,35.2103],[136.897146,35.21037],[136.896733,35.21057],[136.896343,35.210759],[136.896327,35.210767],[136.895926,35.210962],[136.895581,35.211129],[136.895335,35.210961],[136.895267,35.210997],[136.894556,35.211376],[136.89453,35.211389],[136.892707,35.21236],[136.892378,35.212528],[136.892335,35.212497],[136.891508,35.211906],[136.890925,35.211633]]]}},{"type":"Feature","properties":{"name":"浮野町","city":"名古屋市西区","code":"104","setai":523,"jinko":1009,"n":1,"towns":["231040070"],"lx":136.857715,"ly":35.227045},"geometry":{"type":"Polygon","coordinates":[[[136.856423,35.225324],[136.856023,35.225244],[136.855973,35.225701],[136.855968,35.225772],[136.855945,35.226148],[136.85599,35.226211],[136.85604,35.227117],[136.856042,35.227164],[136.856053,35.227383],[136.856055,35.227419],[136.856062,35.227563],[136.856058,35.22815],[136.856047,35.228244],[136.855999,35.228646],[136.855915,35.229075],[136.8565,35.228969],[136.857409,35.228804],[136.857978,35.228701],[136.859284,35.228464],[136.859902,35.228352],[136.860596,35.228226],[136.860627,35.22752],[136.860628,35.227507],[136.860686,35.226498],[136.860688,35.226478],[136.860744,35.225467],[136.860745,35.225443],[136.860042,35.22542],[136.859266,35.225405],[136.858423,35.225393],[136.858311,35.225389],[136.857848,35.225373],[136.857671,35.225366],[136.857481,35.225359],[136.857015,35.225342],[136.856423,35.225324]]]}},{"type":"Feature","properties":{"name":"牛島町","city":"名古屋市西区","code":"104","setai":293,"jinko":347,"n":1,"towns":["231040080"],"lx":136.880502,"ly":35.175063},"geometry":{"type":"Polygon","coordinates":[[[136.879881,35.177172],[136.880803,35.176292],[136.880813,35.176316],[136.881167,35.175871],[136.881426,35.17555],[136.881443,35.175521],[136.881764,35.175138],[136.881812,35.175081],[136.881974,35.174845],[136.882188,35.174533],[136.882155,35.174366],[136.882071,35.17393],[136.882089,35.173829],[136.880648,35.174012],[136.880552,35.174024],[136.879741,35.174127],[136.879516,35.174529],[136.879597,35.174581],[136.87951,35.174762],[136.87908,35.175541],[136.878948,35.175651],[136.878885,35.175825],[136.878807,35.175997],[136.878785,35.176042],[136.878192,35.177262],[136.878096,35.177454],[136.878076,35.177502],[136.87804,35.177593],[136.878568,35.177589],[136.878629,35.177587],[136.878739,35.177585],[136.87943,35.177569],[136.879466,35.177569],[136.879795,35.177254],[136.879881,35.177172]]]}},{"type":"Feature","properties":{"name":"歌里町","city":"名古屋市西区","code":"104","setai":794,"jinko":1872,"n":1,"towns":["231040090"],"lx":136.893047,"ly":35.22059},"geometry":{"type":"Polygon","coordinates":[[[136.895567,35.22078],[136.895024,35.220221],[136.894372,35.219647],[136.893858,35.21921],[136.893838,35.219193],[136.893396,35.218805],[136.89288,35.218353],[136.892845,35.218322],[136.891957,35.217546],[136.891929,35.217568],[136.891467,35.217906],[136.891158,35.218135],[136.890618,35.218096],[136.890568,35.218515],[136.890561,35.218569],[136.890491,35.219037],[136.891782,35.219162],[136.891722,35.219702],[136.891719,35.219736],[136.891398,35.219709],[136.891299,35.22057],[136.891296,35.22059],[136.890307,35.22051],[136.890248,35.220953],[136.890248,35.220958],[136.890181,35.221413],[136.89018,35.22142],[136.89011,35.221905],[136.890108,35.22192],[136.891426,35.222027],[136.892748,35.222147],[136.892785,35.22215],[136.894042,35.222255],[136.895385,35.222373],[136.895416,35.222377],[136.896022,35.222436],[136.895963,35.22185],[136.895803,35.221217],[136.895567,35.22078]]]}},{"type":"Feature","properties":{"name":"江向町","city":"名古屋市西区","code":"104","setai":999,"jinko":1987,"n":6,"towns":["23104010001","23104010002","23104010003","23104010004","23104010005","23104010006"],"lx":136.895688,"ly":35.20711},"geometry":{"type":"Polygon","coordinates":[[[136.891568,35.206056],[136.8919,35.206057],[136.893295,35.206081],[136.894664,35.206081],[136.895192,35.206085],[136.895512,35.206093],[136.895665,35.206092],[136.895685,35.206093],[136.896715,35.206099],[136.897051,35.206102],[136.897586,35.206102],[136.898004,35.206092],[136.898294,35.206083],[136.898293,35.206281],[136.89839,35.206282],[136.898558,35.206283],[136.898566,35.206159],[136.898565,35.206143],[136.898929,35.206139],[136.898934,35.20609],[136.899542,35.206088],[136.899546,35.20595],[136.899647,35.205943],[136.899655,35.206098],[136.900658,35.206107],[136.900678,35.206275],[136.900685,35.206334],[136.900717,35.206591],[136.900727,35.206736],[136.900729,35.206751],[136.900776,35.207176],[136.900777,35.207184],[136.900783,35.207317],[136.900784,35.207392],[136.900772,35.207394],[136.899485,35.20757],[136.898539,35.207698],[136.897801,35.207799],[136.897767,35.207803],[136.897516,35.207838],[136.897457,35.207846],[136.897069,35.207907],[136.897046,35.207912],[136.896363,35.208032],[136.895977,35.2081],[136.895735,35.208128],[136.895664,35.208126],[136.894904,35.208103],[136.894743,35.208099],[136.894406,35.208088],[136.894088,35.208079],[136.893556,35.208063],[136.893288,35.208056],[136.89327,35.208055],[136.892979,35.208047],[136.892577,35.208036],[136.892544,35.208035],[136.892542,35.208035],[136.892419,35.208004],[136.892269,35.20793],[136.891869,35.207589],[136.891697,35.20744],[136.891696,35.207289],[136.89166,35.206943],[136.891634,35.206688],[136.891579,35.206159],[136.891571,35.206083],[136.891568,35.206056]]]}},{"type":"Feature","properties":{"name":"円明町","city":"名古屋市西区","code":"104","setai":341,"jinko":720,"n":1,"towns":["231040120"],"lx":136.872412,"ly":35.22943},"geometry":{"type":"Polygon","coordinates":[[[136.871574,35.231194],[136.87183,35.231194],[136.871905,35.231225],[136.871933,35.23118],[136.872122,35.230861],[136.872143,35.230827],[136.87216,35.230798],[136.872109,35.230776],[136.872185,35.230649],[136.872214,35.23064],[136.872243,35.230629],[136.872341,35.230481],[136.872307,35.230466],[136.87231,35.230457],[136.87242,35.230274],[136.872579,35.230129],[136.872606,35.230106],[136.872719,35.230153],[136.872749,35.230167],[136.872766,35.230138],[136.872859,35.229993],[136.872962,35.230027],[136.873,35.230047],[136.873106,35.229884],[136.873055,35.229859],[136.873054,35.229861],[136.872986,35.229831],[136.873177,35.22952],[136.873181,35.229479],[136.873183,35.22948],[136.87319,35.229432],[136.873249,35.229004],[136.873252,35.228967],[136.873253,35.228965],[136.873312,35.228738],[136.873312,35.228556],[136.873335,35.228524],[136.873333,35.228524],[136.873356,35.228488],[136.873428,35.228224],[136.873445,35.228127],[136.873475,35.228003],[136.873498,35.227965],[136.873575,35.227835],[136.873545,35.227824],[136.873574,35.227764],[136.87354,35.227752],[136.873538,35.227751],[136.873482,35.22773],[136.873627,35.227503],[136.873647,35.227472],[136.873849,35.227185],[136.873894,35.227206],[136.873902,35.227209],[136.874176,35.227321],[136.874225,35.227341],[136.874281,35.227243],[136.874289,35.227238],[136.874287,35.227232],[136.87444,35.226962],[136.874182,35.226851],[136.874124,35.226828],[136.874247,35.22666],[136.874276,35.226618],[136.87424,35.226497],[136.87389,35.226369],[136.873832,35.226343],[136.873857,35.22631],[136.873865,35.226311],[136.873813,35.226269],[136.873929,35.226176],[136.873979,35.22614],[136.8741,35.226059],[136.874335,35.225878],[136.874628,35.225653],[136.874699,35.225598],[136.874754,35.225497],[136.8748,35.225434],[136.874581,35.225302],[136.874143,35.225014],[136.874075,35.225158],[136.873869,35.225597],[136.87385,35.225638],[136.873568,35.22624],[136.873557,35.226263],[136.873394,35.226633],[136.873339,35.226717],[136.873094,35.227094],[136.873033,35.227202],[136.873021,35.227222],[136.87301,35.227243],[136.87298,35.227294],[136.872754,35.227623],[136.872682,35.227726],[136.872459,35.228043],[136.872429,35.228089],[136.872411,35.228117],[136.872387,35.228153],[136.872136,35.228531],[136.871876,35.228969],[136.871675,35.229285],[136.871655,35.229316],[136.871319,35.229848],[136.871303,35.229873],[136.870762,35.230702],[136.870668,35.230847],[136.870706,35.231015],[136.870861,35.231085],[136.870773,35.231207],[136.871025,35.231229],[136.871073,35.231226],[136.871574,35.231194]]]}},{"type":"Feature","properties":{"name":"大金町","city":"名古屋市西区","code":"104","setai":725,"jinko":1339,"n":6,"towns":["23104013001","23104013002","23104013003","23104013004","23104013004","23104013005"],"lx":136.889271,"ly":35.204475},"geometry":{"type":"Polygon","coordinates":[[[136.885222,35.20345],[136.886369,35.203421],[136.887398,35.203402],[136.887411,35.203462],[136.887877,35.203455],[136.887876,35.203393],[136.887953,35.203395],[136.888112,35.203393],[136.889385,35.203374],[136.890619,35.203349],[136.890742,35.203348],[136.890751,35.203564],[136.890769,35.203785],[136.890788,35.204029],[136.891015,35.204021],[136.891037,35.204241],[136.890713,35.20425],[136.890738,35.204477],[136.890785,35.204504],[136.890792,35.204715],[136.8908,35.204926],[136.890807,35.205136],[136.890813,35.205311],[136.890761,35.205312],[136.890774,35.205543],[136.889965,35.205552],[136.88983,35.205554],[136.889446,35.20556],[136.889452,35.205627],[136.889125,35.205626],[136.889123,35.205564],[136.888253,35.205573],[136.888249,35.205541],[136.887964,35.205537],[136.887965,35.205576],[136.887968,35.205625],[136.887658,35.205623],[136.88766,35.20558],[136.887663,35.205492],[136.887555,35.205489],[136.887551,35.20558],[136.886685,35.205574],[136.886685,35.205638],[136.886461,35.205641],[136.886462,35.205595],[136.886453,35.205431],[136.886438,35.205046],[136.886422,35.204855],[136.88642,35.204819],[136.886248,35.20482],[136.886133,35.204821],[136.885894,35.204823],[136.885314,35.204823],[136.885314,35.204623],[136.885294,35.204383],[136.885283,35.204189],[136.885271,35.204178],[136.885237,35.203719],[136.885222,35.20345]]]}},{"type":"Feature","properties":{"name":"大野木","city":"名古屋市西区","code":"104","setai":2752,"jinko":6287,"n":5,"towns":["23104014091","23104014092","23104014093","23104014094","23104014095"],"lx":136.9012,"ly":35.221373},"geometry":{"type":"Polygon","coordinates":[[[136.891067,35.216752],[136.891536,35.216382],[136.891563,35.216363],[136.891738,35.216232],[136.891802,35.216183],[136.892,35.216029],[136.891997,35.216025],[136.892042,35.215984],[136.891628,35.215575],[136.891597,35.215545],[136.891889,35.215376],[136.891908,35.215219],[136.891919,35.215167],[136.891975,35.214883],[136.892026,35.214624],[136.892022,35.214577],[136.892031,35.214375],[136.891978,35.214286],[136.891915,35.214182],[136.891866,35.214069],[136.891851,35.214017],[136.891739,35.213633],[136.891748,35.213635],[136.891765,35.213569],[136.892043,35.21366],[136.892164,35.213707],[136.892215,35.213713],[136.892274,35.213791],[136.892415,35.213593],[136.89265,35.213694],[136.892786,35.213815],[136.893186,35.214213],[136.893196,35.214241],[136.893083,35.214309],[136.893209,35.214458],[136.893253,35.214554],[136.89358,35.214903],[136.893659,35.214806],[136.893731,35.214712],[136.894178,35.214886],[136.89433,35.214952],[136.894634,35.215128],[136.894667,35.215156],[136.894767,35.215195],[136.894976,35.215328],[136.895796,35.21576],[136.895913,35.216089],[136.895721,35.216245],[136.895755,35.216341],[136.895926,35.216418],[136.895977,35.216426],[136.896073,35.216442],[136.896234,35.216475],[136.896449,35.216539],[136.89663,35.216592],[136.896635,35.21644],[136.89678,35.216444],[136.897256,35.216457],[136.897281,35.216385],[136.89775,35.216506],[136.8977,35.216622],[136.897842,35.216659],[136.89816,35.216748],[136.898326,35.216772],[136.898438,35.216825],[136.898755,35.217002],[136.898877,35.217091],[136.899111,35.21734],[136.899223,35.217493],[136.899228,35.217506],[136.899441,35.217491],[136.899532,35.217541],[136.89957,35.217562],[136.899697,35.217682],[136.900247,35.218342],[136.900216,35.218395],[136.900633,35.218354],[136.901052,35.218307],[136.901956,35.218194],[136.901857,35.218127],[136.90229,35.218049],[136.902402,35.218134],[136.902647,35.218443],[136.902937,35.21877],[136.903191,35.219042],[136.903454,35.219286],[136.903766,35.219505],[136.904068,35.219724],[136.904537,35.220034],[136.904711,35.22014],[136.904843,35.22022],[136.904914,35.220252],[136.905345,35.220491],[136.905817,35.220676],[136.906306,35.22079],[136.90697,35.220836],[136.907399,35.220859],[136.907912,35.220886],[136.908027,35.220894],[136.907803,35.221346],[136.907532,35.222043],[136.907355,35.222599],[136.907314,35.222727],[136.907303,35.222762],[136.907125,35.223118],[136.907071,35.223227],[136.906894,35.223487],[136.90679,35.223628],[136.906732,35.223691],[136.906711,35.223715],[136.906485,35.223983],[136.906241,35.224281],[136.90484,35.224316],[136.903191,35.224389],[136.902659,35.224413],[136.90222,35.224429],[136.901568,35.224453],[136.901525,35.224455],[136.901118,35.224437],[136.900509,35.224405],[136.900495,35.224404],[136.90048,35.22441],[136.89951,35.224285],[136.899502,35.224284],[136.898086,35.224051],[136.898047,35.224044],[136.896825,35.223931],[136.896802,35.223929],[136.89619,35.223867],[136.896022,35.222436],[136.895963,35.22185],[136.895803,35.221217],[136.895567,35.22078],[136.895024,35.220221],[136.894372,35.219647],[136.893858,35.21921],[136.893838,35.219193],[136.893396,35.218805],[136.89288,35.218353],[136.892845,35.218322],[136.891957,35.217546],[136.891954,35.217544],[136.891925,35.217517],[136.891818,35.217399],[136.891669,35.217273],[136.891067,35.216752]]]}},{"type":"Feature","properties":{"name":"押切","city":"名古屋市西区","code":"104","setai":457,"jinko":911,"n":2,"towns":["23104021091","23104021092"],"lx":136.885021,"ly":35.186737},"geometry":{"type":"Polygon","coordinates":[[[136.88306,35.18718],[136.883118,35.186894],[136.883124,35.186867],[136.883204,35.186568],[136.883212,35.186541],[136.88328,35.186068],[136.88328,35.186067],[136.883277,35.185726],[136.883299,35.18572],[136.883297,35.185695],[136.883617,35.185606],[136.883913,35.185523],[136.88417,35.185451],[136.884368,35.185396],[136.884577,35.185338],[136.884798,35.185276],[136.884959,35.185231],[136.885243,35.185151],[136.885603,35.185051],[136.885715,35.185017],[136.886191,35.184883],[136.886191,35.184885],[136.886209,35.184879],[136.886214,35.18503],[136.886207,35.185034],[136.886213,35.185098],[136.886258,35.185517],[136.886298,35.185511],[136.886345,35.185785],[136.886427,35.186259],[136.886452,35.186403],[136.886457,35.186401],[136.886515,35.186769],[136.886582,35.187196],[136.886603,35.18733],[136.886632,35.187512],[136.886667,35.187746],[136.886679,35.187822],[136.886713,35.188049],[136.886711,35.18805],[136.886598,35.18807],[136.886223,35.188101],[136.885875,35.188129],[136.885206,35.188194],[136.884519,35.188261],[136.884019,35.188306],[136.883686,35.188341],[136.883252,35.188387],[136.883203,35.188085],[136.883094,35.18736],[136.88306,35.18718]]]}},{"type":"Feature","properties":{"name":"貝田町","city":"名古屋市西区","code":"104","setai":417,"jinko":911,"n":2,"towns":["23104023001","23104023002"],"lx":136.899129,"ly":35.200394},"geometry":{"type":"Polygon","coordinates":[[[136.897368,35.200551],[136.897381,35.200526],[136.897379,35.200158],[136.897376,35.199794],[136.897376,35.19978],[136.897384,35.199408],[136.89737,35.199399],[136.89737,35.199391],[136.898358,35.199405],[136.900085,35.199418],[136.900086,35.199444],[136.900098,35.199823],[136.900099,35.199861],[136.900112,35.200228],[136.900112,35.200398],[136.900132,35.200605],[136.900133,35.200618],[136.900133,35.20062],[136.900152,35.200994],[136.900152,35.201004],[136.900165,35.201372],[136.900167,35.201415],[136.900173,35.201638],[136.900184,35.201867],[136.900211,35.202407],[136.899368,35.202407],[136.898848,35.202408],[136.898853,35.202223],[136.898842,35.202051],[136.898843,35.202035],[136.898845,35.201898],[136.898848,35.201705],[136.898848,35.201699],[136.898849,35.201516],[136.898849,35.201515],[136.898859,35.201339],[136.898834,35.201332],[136.898596,35.20132],[136.898378,35.20132],[136.897818,35.201321],[136.897589,35.201322],[136.89738,35.201322],[136.897374,35.200926],[136.897369,35.200613],[136.897368,35.200551]]]}},{"type":"Feature","properties":{"name":"笠取町","city":"名古屋市西区","code":"104","setai":1167,"jinko":2616,"n":6,"towns":["23104024001","23104024002","23104024003","23104024003","23104024004","23104024004"],"lx":136.887112,"ly":35.199743},"geometry":{"type":"Polygon","coordinates":[[[136.88394,35.19865],[136.884164,35.198584],[136.884431,35.198578],[136.884459,35.198578],[136.884456,35.1987],[136.884609,35.198698],[136.884611,35.198579],[136.884733,35.198579],[136.88474,35.198697],[136.884849,35.198699],[136.884846,35.198579],[136.885335,35.198581],[136.885358,35.198581],[136.8855,35.198575],[136.88592,35.198577],[136.886117,35.198572],[136.886111,35.198311],[136.886131,35.198311],[136.886327,35.198308],[136.886531,35.198291],[136.886559,35.198288],[136.88655,35.1982],[136.887175,35.198207],[136.887267,35.198208],[136.887694,35.198212],[136.887711,35.198327],[136.88773,35.198326],[136.888159,35.198307],[136.889175,35.198278],[136.889182,35.198261],[136.889706,35.198218],[136.88971,35.198245],[136.889707,35.198376],[136.889713,35.198664],[136.889555,35.198673],[136.889559,35.198852],[136.889616,35.198853],[136.889621,35.199038],[136.889618,35.199038],[136.889627,35.199243],[136.889878,35.199251],[136.88988,35.199385],[136.890042,35.199404],[136.890049,35.199424],[136.890008,35.19959],[136.890466,35.199634],[136.89046,35.199814],[136.890349,35.199818],[136.890346,35.19989],[136.89042,35.199903],[136.890422,35.200007],[136.890422,35.200008],[136.89045,35.200115],[136.890449,35.200141],[136.890507,35.200151],[136.890464,35.200452],[136.890468,35.200598],[136.89047,35.200681],[136.890547,35.200678],[136.890553,35.200786],[136.890473,35.20079],[136.890481,35.201082],[136.890495,35.201082],[136.890507,35.2013],[136.890415,35.201302],[136.890415,35.201291],[136.889322,35.2013],[136.889318,35.201046],[136.889137,35.201053],[136.888976,35.201056],[136.88882,35.201056],[136.888829,35.201331],[136.88811,35.201333],[136.888109,35.201283],[136.887822,35.201277],[136.887821,35.201213],[136.887537,35.201219],[136.887542,35.201345],[136.886323,35.201375],[136.88629,35.201375],[136.886198,35.201378],[136.886151,35.201379],[136.885171,35.201405],[136.884428,35.201422],[136.88441,35.201163],[136.884386,35.200912],[136.884359,35.200681],[136.884358,35.200668],[136.884351,35.200584],[136.884307,35.200088],[136.884295,35.199851],[136.884296,35.199835],[136.884218,35.199123],[136.884267,35.199123],[136.884327,35.199089],[136.884205,35.198951],[136.88394,35.19865]]]}},{"type":"Feature","properties":{"name":"上小田井","city":"名古屋市西区","code":"104","setai":1603,"jinko":3365,"n":2,"towns":["23104025091","23104025092"],"lx":136.88012,"ly":35.216459},"geometry":{"type":"Polygon","coordinates":[[[136.875812,35.221202],[136.875939,35.220863],[136.875961,35.220804],[136.876089,35.22024],[136.87623,35.219618],[136.876303,35.219299],[136.876304,35.219293],[136.876572,35.218129],[136.876582,35.218084],[136.876678,35.217666],[136.876749,35.217354],[136.876777,35.217239],[136.876921,35.216632],[136.876931,35.216581],[136.87694,35.216539],[136.877156,35.215524],[136.8772,35.215475],[136.877222,35.21549],[136.877334,35.215561],[136.877376,35.215588],[136.877403,35.215563],[136.877418,35.21555],[136.877804,35.215624],[136.878019,35.215132],[136.878041,35.215105],[136.878039,35.215082],[136.878026,35.215073],[136.877943,35.215017],[136.877996,35.214926],[136.878065,35.214688],[136.878095,35.214425],[136.878104,35.21435],[136.878168,35.214305],[136.878335,35.213988],[136.878343,35.213971],[136.878382,35.213893],[136.878435,35.213786],[136.878964,35.213893],[136.879016,35.213857],[136.879228,35.21371],[136.879316,35.213548],[136.8794,35.213382],[136.87939,35.212936],[136.879419,35.212815],[136.879455,35.212789],[136.879753,35.212996],[136.880054,35.213223],[136.880282,35.213334],[136.880642,35.213508],[136.880919,35.213773],[136.881158,35.214],[136.881414,35.214259],[136.881444,35.21429],[136.881445,35.214288],[136.882111,35.214989],[136.882163,35.21504],[136.882172,35.215072],[136.882256,35.215025],[136.882496,35.215276],[136.882371,35.215378],[136.882403,35.215401],[136.882718,35.21561],[136.882789,35.215627],[136.883156,35.215715],[136.883473,35.215817],[136.883839,35.215937],[136.883908,35.215939],[136.884438,35.21595],[136.884438,35.215951],[136.884767,35.215958],[136.885362,35.215918],[136.886038,35.215823],[136.887211,35.21541],[136.886514,35.215787],[136.886485,35.215802],[136.885859,35.21614],[136.885782,35.216182],[136.885484,35.216336],[136.885427,35.216367],[136.884886,35.216662],[136.884718,35.216754],[136.884657,35.216787],[136.884197,35.217039],[136.884196,35.217039],[136.883909,35.217195],[136.883592,35.217368],[136.883449,35.217453],[136.883426,35.217466],[136.882799,35.217805],[136.881815,35.218336],[136.880194,35.219212],[136.880187,35.219215],[136.879552,35.219554],[136.879581,35.219576],[136.878641,35.220065],[136.878627,35.220122],[136.878434,35.220176],[136.878162,35.220317],[136.877038,35.220901],[136.877005,35.220918],[136.876603,35.221125],[136.87622,35.221322],[136.876198,35.221347],[136.875991,35.221458],[136.875843,35.221301],[136.875861,35.221246],[136.875812,35.221202]]]}},{"type":"Feature","properties":{"name":"上名古屋","city":"名古屋市西区","code":"104","setai":2575,"jinko":5257,"n":4,"towns":["23104028091","23104028092","23104028093","23104028094"],"lx":136.893083,"ly":35.194664},"geometry":{"type":"Polygon","coordinates":[[[136.890568,35.197001],[136.890598,35.1966],[136.890631,35.196137],[136.890635,35.196095],[136.890635,35.196093],[136.890646,35.195686],[136.890649,35.195592],[136.89065,35.195422],[136.89065,35.195365],[136.890679,35.19499],[136.890687,35.19489],[136.890687,35.194889],[136.890702,35.194692],[136.89071,35.194594],[136.890713,35.194554],[136.890725,35.194406],[136.89073,35.194327],[136.890731,35.194302],[136.890774,35.19362],[136.890783,35.193477],[136.890786,35.193431],[136.890794,35.193312],[136.890815,35.193011],[136.890824,35.192879],[136.890865,35.192275],[136.890874,35.192181],[136.89131,35.192198],[136.891334,35.192199],[136.891616,35.192215],[136.892246,35.192247],[136.892217,35.192268],[136.892674,35.192292],[136.892739,35.192271],[136.893838,35.192332],[136.894598,35.192372],[136.895473,35.192418],[136.895531,35.192421],[136.895847,35.192432],[136.896804,35.19249],[136.897256,35.1925],[136.898336,35.192565],[136.898634,35.192577],[136.899126,35.192597],[136.899735,35.192628],[136.899733,35.192646],[136.89989,35.192743],[136.899898,35.193184],[136.899904,35.193526],[136.899909,35.193783],[136.899914,35.194068],[136.89992,35.194284],[136.899928,35.194475],[136.89993,35.194531],[136.899938,35.194735],[136.899942,35.194842],[136.899947,35.194968],[136.899949,35.195026],[136.899954,35.195157],[136.899959,35.195307],[136.899963,35.195412],[136.899974,35.195824],[136.899979,35.195995],[136.89998,35.196036],[136.899986,35.196234],[136.899997,35.196644],[136.900006,35.197014],[136.90001,35.19714],[136.898413,35.197116],[136.89761,35.197104],[136.897545,35.197103],[136.89733,35.1971],[136.897026,35.197095],[136.896993,35.197094],[136.895858,35.197077],[136.894634,35.197059],[136.893375,35.19704],[136.892449,35.197025],[136.892432,35.197025],[136.89135,35.197009],[136.891325,35.197008],[136.891188,35.197006],[136.890568,35.197001]]]}},{"type":"Feature","properties":{"name":"上橋町","city":"名古屋市西区","code":"104","setai":365,"jinko":860,"n":1,"towns":["231040320"],"lx":136.862506,"ly":35.22387},"geometry":{"type":"Polygon","coordinates":[[[136.86103,35.222088],[136.861018,35.222087],[136.860954,35.222209],[136.860955,35.22226],[136.860952,35.222271],[136.86089,35.223275],[136.86089,35.223286],[136.860833,35.224121],[136.860745,35.225443],[136.860744,35.225467],[136.861402,35.225487],[136.86231,35.225515],[136.863248,35.225546],[136.864005,35.225566],[136.864506,35.225579],[136.86451,35.225464],[136.86455,35.224801],[136.864552,35.224766],[136.864558,35.224647],[136.864563,35.224612],[136.864594,35.224407],[136.864628,35.224183],[136.864683,35.223851],[136.864685,35.223705],[136.864663,35.223546],[136.864571,35.223276],[136.864587,35.223053],[136.864596,35.222941],[136.864625,35.22254],[136.86464,35.222531],[136.864641,35.222488],[136.864629,35.222486],[136.86422,35.222358],[136.864095,35.22235],[136.864018,35.222343],[136.862651,35.222225],[136.862609,35.222221],[136.862488,35.222211],[136.861637,35.222139],[136.86103,35.222088]]]}},{"type":"Feature","properties":{"name":"上堀越町","city":"名古屋市西区","code":"104","setai":504,"jinko":1046,"n":4,"towns":["23104033001","23104033002","23104033003","23104033004"],"lx":136.880924,"ly":35.204535},"geometry":{"type":"Polygon","coordinates":[[[136.877932,35.203429],[136.878032,35.2034],[136.878622,35.20324],[136.878781,35.20321],[136.878974,35.203188],[136.87909,35.20319],[136.879176,35.20319],[136.879164,35.203081],[136.879725,35.203078],[136.880367,35.203072],[136.880403,35.203071],[136.881021,35.203064],[136.881084,35.203064],[136.881187,35.203001],[136.88126,35.202943],[136.881307,35.20288],[136.881308,35.202879],[136.881481,35.20288],[136.881477,35.202918],[136.881586,35.202911],[136.881707,35.202927],[136.881869,35.202987],[136.881869,35.202899],[136.88187,35.202761],[136.882134,35.202762],[136.88215,35.202889],[136.882186,35.203175],[136.882321,35.203982],[136.882451,35.204744],[136.882983,35.204742],[136.88304,35.205125],[136.883078,35.205516],[136.883108,35.205813],[136.883141,35.206135],[136.883173,35.206429],[136.883134,35.206584],[136.883061,35.20693],[136.883049,35.206953],[136.882941,35.206919],[136.882079,35.206635],[136.881497,35.206438],[136.881331,35.206377],[136.881324,35.206374],[136.880374,35.205903],[136.88024,35.205837],[136.879586,35.205477],[136.879073,35.205112],[136.878922,35.205006],[136.87857,35.204655],[136.87826,35.204091],[136.877932,35.203429]]]}},{"type":"Feature","properties":{"name":"菊井","city":"名古屋市西区","code":"104","setai":2176,"jinko":3390,"n":2,"towns":["23104035091","23104035092"],"lx":136.88415,"ly":35.179808},"geometry":{"type":"Polygon","coordinates":[[[136.881296,35.177629],[136.881354,35.177633],[136.881937,35.177694],[136.882518,35.17773],[136.882549,35.177732],[136.883007,35.177764],[136.883069,35.177767],[136.883066,35.177723],[136.883584,35.177781],[136.883722,35.177793],[136.884063,35.177823],[136.884539,35.177856],[136.884539,35.177849],[136.884977,35.17788],[136.885603,35.177923],[136.885615,35.177965],[136.885615,35.177942],[136.885998,35.177935],[136.886086,35.177933],[136.886114,35.177933],[136.886115,35.178261],[136.886116,35.178466],[136.886117,35.17872],[136.886118,35.178927],[136.886119,35.179183],[136.886119,35.179184],[136.886123,35.179919],[136.886124,35.179979],[136.886126,35.180379],[136.886127,35.180446],[136.886133,35.181092],[136.886139,35.181652],[136.88614,35.182063],[136.886166,35.182987],[136.886166,35.183016],[136.886176,35.183541],[136.886182,35.183915],[136.886184,35.18399],[136.886186,35.184073],[136.886199,35.184568],[136.886202,35.184694],[136.886209,35.184879],[136.886191,35.184885],[136.886191,35.184883],[136.885715,35.185017],[136.885603,35.185051],[136.885243,35.185151],[136.884959,35.185231],[136.884798,35.185276],[136.884577,35.185338],[136.884368,35.185396],[136.88417,35.185451],[136.883913,35.185523],[136.883617,35.185606],[136.883297,35.185695],[136.883292,35.185626],[136.883281,35.185327],[136.88327,35.184734],[136.883257,35.184553],[136.883255,35.184536],[136.883252,35.184465],[136.883239,35.184144],[136.883234,35.183986],[136.883231,35.183949],[136.883208,35.18355],[136.883201,35.18331],[136.883162,35.183048],[136.883145,35.183048],[136.883038,35.182696],[136.88303,35.182671],[136.882959,35.182463],[136.882938,35.182401],[136.882881,35.182238],[136.882777,35.181904],[136.882759,35.181846],[136.882708,35.181691],[136.882642,35.181483],[136.882566,35.181321],[136.882438,35.180904],[136.882449,35.180893],[136.882386,35.180701],[136.882351,35.180707],[136.882162,35.18002],[136.882003,35.179553],[136.881589,35.178431],[136.881296,35.177629]]]}},{"type":"Feature","properties":{"name":"貴生町","city":"名古屋市西区","code":"104","setai":396,"jinko":725,"n":1,"towns":["231040380"],"lx":136.875811,"ly":35.223586},"geometry":{"type":"Polygon","coordinates":[[[136.877737,35.222869],[136.877492,35.222666],[136.877491,35.222668],[136.876932,35.222192],[136.876915,35.222178],[136.876107,35.221453],[136.876198,35.221347],[136.875991,35.221458],[136.875604,35.221666],[136.874771,35.222113],[136.873795,35.222637],[136.873277,35.222915],[136.873255,35.222927],[136.873247,35.222931],[136.873429,35.223152],[136.873,35.223364],[136.873132,35.223526],[136.873541,35.223971],[136.873777,35.224199],[136.874023,35.224487],[136.874106,35.224549],[136.874219,35.224667],[136.874329,35.224717],[136.874362,35.224744],[136.87443,35.224802],[136.874606,35.224919],[136.874973,35.225186],[136.875599,35.225509],[136.875668,35.22554],[136.875746,35.225574],[136.875888,35.225623],[136.876917,35.225973],[136.87698,35.225994],[136.877018,35.226007],[136.877547,35.226188],[136.878142,35.226369],[136.88049,35.227085],[136.880831,35.227193],[136.881716,35.227488],[136.881879,35.227545],[136.883099,35.227976],[136.883547,35.228136],[136.883789,35.228223],[136.883997,35.228303],[136.884139,35.228357],[136.885105,35.228751],[136.885704,35.228991],[136.885874,35.228619],[136.885881,35.228523],[136.88514,35.228214],[136.885043,35.228174],[136.885087,35.228096],[136.883819,35.227643],[136.883673,35.227605],[136.88297,35.227365],[136.882811,35.227311],[136.882605,35.227241],[136.882242,35.227117],[136.881706,35.226934],[136.881149,35.226744],[136.880985,35.226688],[136.880748,35.22661],[136.880737,35.226607],[136.880676,35.226587],[136.879515,35.226207],[136.879256,35.226142],[136.879109,35.226082],[136.878904,35.226025],[136.878543,35.225912],[136.878103,35.225782],[136.877785,35.225669],[136.878187,35.224793],[136.878197,35.224771],[136.878308,35.224533],[136.878529,35.224057],[136.878723,35.223641],[136.87883,35.223419],[136.878839,35.2234],[136.878865,35.223336],[136.878717,35.223309],[136.878609,35.223289],[136.877737,35.222869]]]}},{"type":"Feature","properties":{"name":"木前町","city":"名古屋市西区","code":"104","setai":102,"jinko":162,"n":1,"towns":["231040400"],"lx":136.865807,"ly":35.221552},"geometry":{"type":"Polygon","coordinates":[[[136.864896,35.218222],[136.864636,35.217849],[136.864527,35.217938],[136.864552,35.218485],[136.864574,35.218957],[136.864597,35.219441],[136.864644,35.220452],[136.864662,35.220853],[136.86466,35.221359],[136.86466,35.221377],[136.864652,35.221842],[136.864641,35.222488],[136.865231,35.222612],[136.865571,35.222677],[136.8658,35.222739],[136.86624,35.222858],[136.866524,35.222962],[136.867023,35.223145],[136.867173,35.22321],[136.867306,35.223251],[136.867351,35.223264],[136.86812,35.223637],[136.868266,35.2237],[136.868317,35.223724],[136.868318,35.223721],[136.868003,35.22281],[136.867882,35.222617],[136.867776,35.222447],[136.867766,35.222421],[136.867726,35.222317],[136.867719,35.222298],[136.867147,35.221469],[136.866585,35.220654],[136.86634,35.220302],[136.866128,35.219996],[136.86602,35.219841],[136.865467,35.219044],[136.864896,35.218222]]]}},{"type":"Feature","properties":{"name":"清里町","city":"名古屋市西区","code":"104","setai":1393,"jinko":3073,"n":1,"towns":["231040410"],"lx":136.895458,"ly":35.230749},"geometry":{"type":"Polygon","coordinates":[[[136.891631,35.228738],[136.890193,35.22863],[136.89014,35.229084],[136.890085,35.229559],[136.890038,35.230027],[136.890016,35.230257],[136.890122,35.230306],[136.891392,35.230868],[136.891678,35.230994],[136.891826,35.231058],[136.892088,35.231172],[136.892294,35.231255],[136.892909,35.231503],[136.892968,35.231529],[136.893276,35.231666],[136.894113,35.232027],[136.894194,35.232063],[136.89535,35.232573],[136.895734,35.232742],[136.895929,35.232825],[136.89673,35.233167],[136.89686,35.233226],[136.896901,35.233246],[136.896958,35.233275],[136.897088,35.23336],[136.897173,35.233441],[136.897296,35.233516],[136.897407,35.233572],[136.897462,35.233482],[136.897569,35.233235],[136.897633,35.233037],[136.897655,35.232927],[136.897636,35.232914],[136.897558,35.232587],[136.897505,35.232251],[136.897455,35.232015],[136.897453,35.231995],[136.897329,35.23136],[136.897328,35.231359],[136.89717,35.230581],[136.89716,35.230529],[136.897068,35.230053],[136.896893,35.229145],[136.896293,35.229101],[136.896248,35.229098],[136.895706,35.229051],[136.895669,35.229048],[136.894719,35.228968],[136.893112,35.228848],[136.893061,35.228845],[136.891666,35.228741],[136.891631,35.228738]]]}},{"type":"Feature","properties":{"name":"康生通","city":"名古屋市西区","code":"104","setai":177,"jinko":308,"n":2,"towns":["23104042001","23104042002"],"lx":136.889414,"ly":35.197319},"geometry":{"type":"Polygon","coordinates":[[[136.882576,35.197088],[136.882808,35.19695],[136.882962,35.196949],[136.883046,35.196948],[136.883137,35.196948],[136.883833,35.196945],[136.883992,35.196946],[136.884981,35.196954],[136.886384,35.196966],[136.887111,35.196972],[136.887158,35.196973],[136.88749,35.196976],[136.887928,35.196979],[136.888761,35.196987],[136.889781,35.196995],[136.889782,35.197043],[136.889764,35.19705],[136.889751,35.197351],[136.889746,35.19746],[136.889737,35.197651],[136.889058,35.197639],[136.889057,35.197446],[136.888759,35.19744],[136.888344,35.197434],[136.888348,35.197202],[136.888186,35.197201],[136.888043,35.197198],[136.888044,35.19743],[136.887562,35.197423],[136.886438,35.197409],[136.88497,35.197388],[136.884032,35.197383],[136.88403,35.197353],[136.883654,35.197348],[136.883169,35.197342],[136.88306,35.19737],[136.882912,35.197455],[136.88263,35.197149],[136.882626,35.197145],[136.882576,35.197088]]]}},{"type":"Feature","properties":{"name":"香呑町","city":"名古屋市西区","code":"104","setai":1279,"jinko":2568,"n":6,"towns":["23104043001","23104043002","23104043003","23104043004","23104043005","23104043006"],"lx":136.895299,"ly":35.202818},"geometry":{"type":"Polygon","coordinates":[[[136.891275,35.203551],[136.891278,35.203425],[136.891686,35.203417],[136.891726,35.203407],[136.89171,35.203138],[136.891709,35.203115],[136.891691,35.202782],[136.89167,35.20239],[136.891669,35.202381],[136.891649,35.202065],[136.891656,35.202065],[136.891851,35.202095],[136.892004,35.202078],[136.892242,35.202107],[136.892475,35.202113],[136.892477,35.202046],[136.892767,35.202049],[136.893128,35.20204],[136.893137,35.202158],[136.893285,35.202153],[136.893332,35.202153],[136.893591,35.202152],[136.893816,35.202148],[136.893914,35.202177],[136.894182,35.202171],[136.894175,35.201986],[136.894174,35.201835],[136.894313,35.201829],[136.894278,35.201496],[136.894596,35.201492],[136.894605,35.201492],[136.895189,35.201503],[136.895693,35.201504],[136.895693,35.20158],[136.895934,35.201581],[136.895938,35.201698],[136.897087,35.201712],[136.897096,35.201712],[136.897096,35.201509],[136.897597,35.201508],[136.898372,35.201513],[136.898596,35.201514],[136.898849,35.201515],[136.898849,35.201516],[136.898848,35.201699],[136.898848,35.201705],[136.898845,35.201898],[136.898843,35.202035],[136.898842,35.202051],[136.898853,35.202223],[136.898848,35.202408],[136.899368,35.202407],[136.900211,35.202407],[136.900239,35.202795],[136.900277,35.203176],[136.900285,35.203257],[136.900315,35.203558],[136.900329,35.203702],[136.900353,35.203938],[136.900371,35.204114],[136.900373,35.204136],[136.900128,35.204158],[136.900126,35.204113],[136.899389,35.204108],[136.899388,35.204053],[136.899387,35.203931],[136.899386,35.203911],[136.898867,35.203914],[136.898834,35.203915],[136.897096,35.203925],[136.897096,35.204112],[136.897061,35.204113],[136.897061,35.204106],[136.896992,35.204106],[136.895705,35.204109],[136.895704,35.204257],[136.895653,35.204258],[136.895429,35.204262],[136.895422,35.204109],[136.894447,35.204106],[136.894408,35.204106],[136.893307,35.204104],[136.893306,35.204257],[136.893268,35.204261],[136.893097,35.204248],[136.893152,35.20502],[136.893153,35.205042],[136.891807,35.205034],[136.891533,35.205033],[136.891481,35.205023],[136.891422,35.205021],[136.891366,35.204488],[136.891363,35.204457],[136.89135,35.204323],[136.891299,35.203805],[136.891281,35.203774],[136.891275,35.203551]]]}},{"type":"Feature","properties":{"name":"五才美町","city":"名古屋市西区","code":"104","setai":766,"jinko":1744,"n":1,"towns":["231040440"],"lx":136.887003,"ly":35.22018},"geometry":{"type":"Polygon","coordinates":[[[136.890248,35.220953],[136.890307,35.22051],[136.891296,35.22059],[136.891299,35.22057],[136.891398,35.219709],[136.891719,35.219736],[136.891722,35.219702],[136.891782,35.219162],[136.890491,35.219037],[136.889192,35.218921],[136.888103,35.218827],[136.886804,35.2187],[136.886669,35.218692],[136.886561,35.218685],[136.886312,35.218669],[136.886179,35.21866],[136.885283,35.219153],[136.88474,35.219448],[136.885489,35.220545],[136.886049,35.221363],[136.886204,35.221573],[136.886263,35.221578],[136.8875,35.22168],[136.88752,35.221681],[136.888834,35.221792],[136.888858,35.221794],[136.89011,35.221905],[136.89018,35.22142],[136.890181,35.221413],[136.890248,35.220958],[136.890248,35.220953]]]}},{"type":"Feature","properties":{"name":"児玉","city":"名古屋市西区","code":"104","setai":2045,"jinko":4223,"n":3,"towns":["23104046091","23104046092","23104046093"],"lx":136.88345,"ly":35.194761},"geometry":{"type":"Polygon","coordinates":[[[136.877803,35.191617],[136.878288,35.1916],[136.879358,35.191629],[136.879467,35.191627],[136.880797,35.191708],[136.881646,35.191755],[136.881962,35.191772],[136.882537,35.191808],[136.882728,35.191818],[136.88323,35.191846],[136.883263,35.191847],[136.88334,35.191871],[136.883673,35.191882],[136.883782,35.191869],[136.884139,35.192307],[136.884094,35.192672],[136.884592,35.192682],[136.885812,35.192745],[136.885804,35.192877],[136.885803,35.192911],[136.885789,35.193205],[136.88622,35.193181],[136.886247,35.19318],[136.88637,35.19318],[136.887015,35.193189],[136.887018,35.193381],[136.887735,35.193422],[136.888289,35.193447],[136.888261,35.193262],[136.888794,35.193285],[136.889002,35.193291],[136.889512,35.193285],[136.889515,35.193309],[136.88953,35.193667],[136.88956,35.194233],[136.889582,35.194533],[136.889604,35.194711],[136.889614,35.194842],[136.889649,35.195147],[136.889676,35.195426],[136.889703,35.195509],[136.889698,35.19565],[136.889761,35.196018],[136.889769,35.196472],[136.88977,35.196533],[136.889772,35.196667],[136.889781,35.196995],[136.888761,35.196987],[136.887928,35.196979],[136.88749,35.196976],[136.887158,35.196973],[136.887111,35.196972],[136.886384,35.196966],[136.884981,35.196954],[136.883992,35.196946],[136.883833,35.196945],[136.883137,35.196948],[136.883046,35.196948],[136.882962,35.196949],[136.882808,35.19695],[136.882576,35.197088],[136.882403,35.196888],[136.882043,35.196474],[136.881453,35.195796],[136.881409,35.195744],[136.8814,35.195734],[136.881398,35.195731],[136.881222,35.195531],[136.881223,35.19552],[136.881052,35.195322],[136.880695,35.19492],[136.880685,35.19491],[136.880326,35.194493],[136.880199,35.194347],[136.87997,35.194098],[136.879965,35.194092],[136.879958,35.194085],[136.879783,35.193882],[136.87961,35.193683],[136.879252,35.193269],[136.879248,35.193263],[136.879023,35.193015],[136.878851,35.192825],[136.878506,35.192432],[136.878397,35.192307],[136.878315,35.192211],[136.878155,35.192026],[136.877803,35.191617]]]}},{"type":"Feature","properties":{"name":"こも原町","city":"名古屋市西区","code":"104","setai":219,"jinko":396,"n":1,"towns":["231040490"],"lx":136.863105,"ly":35.208668},"geometry":{"type":"Polygon","coordinates":[[[136.865861,35.207847],[136.865693,35.207177],[136.865649,35.206995],[136.865638,35.206975],[136.865285,35.207022],[136.864534,35.207123],[136.864507,35.206887],[136.864522,35.20688],[136.86444,35.206694],[136.864461,35.206681],[136.864283,35.206254],[136.864368,35.206225],[136.864416,35.206204],[136.864285,35.205933],[136.864166,35.205927],[136.864074,35.20592],[136.863993,35.205963],[136.863732,35.206032],[136.863663,35.206043],[136.863759,35.206364],[136.863772,35.206409],[136.863835,35.206695],[136.863933,35.206971],[136.86405,35.207199],[136.863086,35.207343],[136.863071,35.207345],[136.863031,35.207321],[136.862742,35.207317],[136.862401,35.207409],[136.862226,35.207458],[136.861007,35.207671],[136.86074,35.207714],[136.860567,35.207811],[136.861321,35.208661],[136.861658,35.209036],[136.862356,35.209813],[136.862565,35.210046],[136.863019,35.210584],[136.863365,35.210255],[136.863886,35.209753],[136.864458,35.209202],[136.864737,35.208934],[136.865401,35.208294],[136.86586,35.207848],[136.865861,35.207847]]]}},{"type":"Feature","properties":{"name":"坂井戸町","city":"名古屋市西区","code":"104","setai":325,"jinko":687,"n":1,"towns":["231040500"],"lx":136.890655,"ly":35.2148},"geometry":{"type":"Polygon","coordinates":[[[136.901793,35.217546],[136.901347,35.217206],[136.900787,35.216854],[136.900683,35.216788],[136.900545,35.2167],[136.899634,35.216248],[136.899252,35.216106],[136.898937,35.215977],[136.898452,35.215789],[136.897526,35.215366],[136.896918,35.215077],[136.894432,35.21381],[136.893478,35.213311],[136.892996,35.212999],[136.893002,35.21298],[136.892366,35.212553],[136.892351,35.212542],[136.89237,35.212532],[136.892378,35.212528],[136.892335,35.212497],[136.891508,35.211906],[136.890925,35.211633],[136.890901,35.211696],[136.890422,35.21305],[136.890394,35.21313],[136.890376,35.213126],[136.890224,35.213447],[136.890069,35.213664],[136.889961,35.21379],[136.889924,35.213834],[136.889689,35.214062],[136.889616,35.214142],[136.889504,35.214234],[136.889343,35.214348],[136.889186,35.214436],[136.889151,35.214456],[136.888707,35.214702],[136.889051,35.215001],[136.889075,35.215021],[136.889087,35.215031],[136.889484,35.215375],[136.889499,35.215389],[136.889537,35.215421],[136.889571,35.215451],[136.889752,35.215607],[136.889766,35.21562],[136.889786,35.215637],[136.889809,35.215657],[136.889857,35.215699],[136.890084,35.215897],[136.89012,35.21593],[136.89013,35.215938],[136.890422,35.216194],[136.890432,35.216202],[136.89106,35.216746],[136.891067,35.216752],[136.891536,35.216382],[136.891563,35.216363],[136.891738,35.216232],[136.891802,35.216183],[136.892,35.216029],[136.891997,35.216025],[136.892042,35.215984],[136.891628,35.215575],[136.891597,35.215545],[136.891889,35.215376],[136.891908,35.215219],[136.891919,35.215167],[136.891975,35.214883],[136.892026,35.214624],[136.892022,35.214577],[136.892031,35.214375],[136.891978,35.214286],[136.891915,35.214182],[136.891866,35.214069],[136.891851,35.214017],[136.891739,35.213633],[136.891748,35.213635],[136.891765,35.213569],[136.892043,35.21366],[136.892164,35.213707],[136.892215,35.213713],[136.892274,35.213791],[136.892415,35.213593],[136.89265,35.213694],[136.892786,35.213815],[136.893186,35.214213],[136.893196,35.214241],[136.893083,35.214309],[136.893209,35.214458],[136.893253,35.214554],[136.89358,35.214903],[136.893659,35.214806],[136.893731,35.214712],[136.894178,35.214886],[136.89433,35.214952],[136.894634,35.215128],[136.894667,35.215156],[136.894767,35.215195],[136.894976,35.215328],[136.895796,35.21576],[136.895913,35.216089],[136.895721,35.216245],[136.895738,35.216293],[136.895755,35.216341],[136.895926,35.216418],[136.895977,35.216426],[136.896073,35.216442],[136.896234,35.216475],[136.896449,35.216539],[136.89663,35.216592],[136.896635,35.21644],[136.89678,35.216444],[136.897256,35.216457],[136.897281,35.216385],[136.89775,35.216506],[136.8977,35.216622],[136.897842,35.216659],[136.89816,35.216748],[136.898326,35.216772],[136.898438,35.216825],[136.898755,35.217002],[136.898877,35.217091],[136.899111,35.21734],[136.899223,35.217493],[136.899228,35.217506],[136.899441,35.217491],[136.899532,35.217541],[136.89957,35.217562],[136.899697,35.217682],[136.900247,35.218342],[136.900216,35.218395],[136.900633,35.218354],[136.901052,35.218307],[136.901956,35.218194],[136.901857,35.218127],[136.90229,35.218049],[136.901793,35.217546]]]}},{"type":"Feature","properties":{"name":"笹塚町","city":"名古屋市西区","code":"104","setai":861,"jinko":1966,"n":2,"towns":["23104051001","23104051002"],"lx":136.882853,"ly":35.201367},"geometry":{"type":"Polygon","coordinates":[[[136.881246,35.200732],[136.881389,35.199774],[136.881481,35.199158],[136.881562,35.199157],[136.881562,35.199154],[136.882068,35.19915],[136.882978,35.199146],[136.883648,35.199132],[136.884218,35.199123],[136.884296,35.199835],[136.884295,35.199851],[136.884307,35.200088],[136.884351,35.200584],[136.884358,35.200668],[136.884359,35.200681],[136.884386,35.200912],[136.88441,35.201163],[136.884428,35.201422],[136.884439,35.20158],[136.884448,35.201705],[136.884462,35.201919],[136.884465,35.201961],[136.884481,35.202157],[136.884496,35.20235],[136.88451,35.20254],[136.884526,35.202744],[136.884541,35.202954],[136.884556,35.203148],[136.883634,35.20316],[136.883234,35.203166],[136.882186,35.203175],[136.88215,35.202889],[136.882134,35.202762],[136.88187,35.202761],[136.881869,35.202899],[136.881869,35.202987],[136.881707,35.202927],[136.881586,35.202911],[136.881477,35.202918],[136.881481,35.20288],[136.881308,35.202879],[136.881307,35.202879],[136.881351,35.202807],[136.881365,35.202753],[136.881365,35.202752],[136.88132,35.201984],[136.88131,35.201814],[136.881284,35.201374],[136.881273,35.201196],[136.881246,35.200733],[136.881246,35.200732]]]}},{"type":"Feature","properties":{"name":"城西","city":"名古屋市西区","code":"104","setai":3157,"jinko":6250,"n":5,"towns":["23104052091","23104052092","23104052093","23104052094","23104052095"],"lx":136.893344,"ly":35.188077},"geometry":{"type":"Polygon","coordinates":[[[136.890584,35.185193],[136.891193,35.185007],[136.891205,35.185003],[136.891802,35.184822],[136.891874,35.184804],[136.891777,35.184562],[136.891814,35.18455],[136.891763,35.184413],[136.891715,35.184389],[136.891531,35.183967],[136.891447,35.183792],[136.891343,35.183438],[136.891375,35.183428],[136.891718,35.183342],[136.891767,35.183329],[136.891921,35.18329],[136.892182,35.183216],[136.892208,35.183208],[136.892227,35.183203],[136.89223,35.183202],[136.892654,35.183079],[136.893137,35.182939],[136.893213,35.182917],[136.893239,35.18291],[136.893833,35.182739],[136.893869,35.182726],[136.89399,35.18268],[136.894004,35.182675],[136.894075,35.182574],[136.89408,35.182571],[136.894488,35.182308],[136.894667,35.182193],[136.894894,35.182707],[136.894959,35.182692],[136.895068,35.182981],[136.895266,35.183532],[136.895347,35.183734],[136.895391,35.183967],[136.895372,35.183989],[136.895331,35.184147],[136.895259,35.184493],[136.8952,35.184743],[136.89513,35.185424],[136.895111,35.185739],[136.89508,35.186079],[136.895082,35.186121],[136.895173,35.186357],[136.895282,35.186603],[136.895479,35.186944],[136.895617,35.187149],[136.89586,35.187451],[136.895853,35.18751],[136.895825,35.187686],[136.895722,35.188535],[136.895689,35.188693],[136.895674,35.188762],[136.895633,35.189054],[136.895618,35.189162],[136.895598,35.189332],[136.895597,35.189357],[136.895583,35.18958],[136.895904,35.189613],[136.895928,35.189615],[136.896713,35.189683],[136.896772,35.189688],[136.897367,35.189744],[136.897778,35.189781],[136.898155,35.18977],[136.898513,35.189754],[136.898961,35.18954],[136.89926,35.189756],[136.89943,35.189879],[136.89964,35.190047],[136.899783,35.190166],[136.899871,35.190311],[136.899912,35.190455],[136.899918,35.190651],[136.899921,35.190754],[136.899921,35.190821],[136.899918,35.191154],[136.899913,35.191635],[136.899947,35.191786],[136.900012,35.191971],[136.900148,35.192117],[136.900295,35.192227],[136.900475,35.192307],[136.900596,35.192342],[136.900481,35.192574],[136.899886,35.192559],[136.89989,35.192743],[136.899733,35.192646],[136.899735,35.192628],[136.899126,35.192597],[136.898634,35.192577],[136.898336,35.192565],[136.897256,35.1925],[136.896804,35.19249],[136.895847,35.192432],[136.895531,35.192421],[136.895473,35.192418],[136.894598,35.192372],[136.893838,35.192332],[136.892739,35.192271],[136.892674,35.192292],[136.892217,35.192268],[136.892246,35.192247],[136.891616,35.192215],[136.891334,35.192199],[136.89131,35.192198],[136.890874,35.192181],[136.890829,35.192179],[136.890851,35.191861],[136.890889,35.191329],[136.890889,35.191309],[136.890909,35.191115],[136.890912,35.191087],[136.890941,35.190762],[136.890956,35.190561],[136.890981,35.190552],[136.891002,35.190224],[136.891009,35.189999],[136.891009,35.189973],[136.891012,35.189866],[136.891021,35.189722],[136.891041,35.189231],[136.891043,35.1892],[136.890977,35.188661],[136.89093,35.188225],[136.890909,35.188031],[136.89081,35.18714],[136.890809,35.187129],[136.89076,35.186649],[136.890753,35.186585],[136.890703,35.186109],[136.890651,35.185604],[136.890584,35.185193]]]}},{"type":"Feature","properties":{"name":"浄心","city":"名古屋市西区","code":"104","setai":843,"jinko":1710,"n":2,"towns":["23104057091","23104057092"],"lx":136.89011,"ly":35.1929},"geometry":{"type":"Polygon","coordinates":[[[136.883782,35.191869],[136.884454,35.191919],[136.885872,35.191997],[136.886433,35.192034],[136.887094,35.192065],[136.887218,35.19207],[136.887678,35.192091],[136.88784,35.192098],[136.888119,35.19211],[136.888842,35.192139],[136.888948,35.192144],[136.888993,35.192169],[136.889603,35.1922],[136.889912,35.192216],[136.889914,35.19216],[136.890185,35.19217],[136.890794,35.192191],[136.890829,35.192179],[136.890874,35.192181],[136.890865,35.192275],[136.890824,35.192879],[136.890815,35.193011],[136.890794,35.193312],[136.890786,35.193431],[136.890783,35.193477],[136.890774,35.19362],[136.890731,35.194302],[136.89073,35.194327],[136.890725,35.194406],[136.890713,35.194554],[136.89071,35.194594],[136.890702,35.194692],[136.890687,35.194889],[136.890687,35.19489],[136.890679,35.19499],[136.89065,35.195365],[136.89065,35.195422],[136.890649,35.195592],[136.890646,35.195686],[136.890635,35.196093],[136.890635,35.196095],[136.890631,35.196137],[136.890598,35.1966],[136.890568,35.197001],[136.890527,35.197001],[136.890125,35.196998],[136.889781,35.196995],[136.889772,35.196667],[136.88977,35.196533],[136.889769,35.196472],[136.889761,35.196018],[136.889698,35.19565],[136.889703,35.195509],[136.889676,35.195426],[136.889649,35.195147],[136.889614,35.194842],[136.889604,35.194711],[136.889582,35.194533],[136.88956,35.194233],[136.88953,35.193667],[136.889515,35.193309],[136.889512,35.193285],[136.889002,35.193291],[136.888794,35.193285],[136.888261,35.193262],[136.888289,35.193447],[136.887735,35.193422],[136.887018,35.193381],[136.887015,35.193189],[136.88637,35.19318],[136.886247,35.19318],[136.88622,35.193181],[136.885789,35.193205],[136.885803,35.192911],[136.885804,35.192877],[136.885812,35.192745],[136.884592,35.192682],[136.884094,35.192672],[136.884139,35.192307],[136.883782,35.191869]]]}},{"type":"Feature","properties":{"name":"浄心本通","city":"名古屋市西区","code":"104","setai":310,"jinko":660,"n":1,"towns":["231040590"],"lx":136.89078,"ly":35.197628},"geometry":{"type":"Polygon","coordinates":[[[136.891521,35.198354],[136.891498,35.198208],[136.891489,35.198108],[136.891457,35.197882],[136.891419,35.197665],[136.891391,35.197464],[136.891338,35.197086],[136.891334,35.197065],[136.891325,35.197008],[136.891188,35.197006],[136.890568,35.197001],[136.890527,35.197001],[136.890125,35.196998],[136.889781,35.196995],[136.889782,35.197043],[136.889764,35.19705],[136.889751,35.197351],[136.889746,35.19746],[136.889737,35.197651],[136.889712,35.198047],[136.889706,35.198218],[136.88971,35.198245],[136.890632,35.198236],[136.890635,35.198263],[136.890637,35.198387],[136.89064,35.198418],[136.890649,35.198513],[136.890659,35.198622],[136.890669,35.198729],[136.891552,35.198699],[136.891548,35.198594],[136.891544,35.198499],[136.891521,35.198354]]]}},{"type":"Feature","properties":{"name":"庄内通","city":"名古屋市西区","code":"104","setai":811,"jinko":1314,"n":5,"towns":["23104060001","23104060002","23104060003","23104060004","23104060005"],"lx":136.890986,"ly":35.199325},"geometry":{"type":"Polygon","coordinates":[[[136.889555,35.198673],[136.889713,35.198664],[136.889707,35.198376],[136.88971,35.198245],[136.890632,35.198236],[136.890635,35.198263],[136.890637,35.198387],[136.89064,35.198418],[136.890649,35.198513],[136.890659,35.198622],[136.890669,35.198729],[136.891552,35.198699],[136.891562,35.198944],[136.891563,35.198963],[136.891563,35.198971],[136.891568,35.199099],[136.891589,35.199102],[136.891593,35.199348],[136.891598,35.199665],[136.891603,35.199943],[136.891603,35.199958],[136.891605,35.200094],[136.891607,35.200255],[136.89161,35.200524],[136.89161,35.2006],[136.891614,35.200861],[136.89162,35.201412],[136.89162,35.201422],[136.891648,35.202053],[136.891649,35.202065],[136.891669,35.202381],[136.89167,35.20239],[136.891691,35.202782],[136.891709,35.203115],[136.89171,35.203138],[136.891726,35.203407],[136.891686,35.203417],[136.891278,35.203425],[136.891275,35.203551],[136.891281,35.203774],[136.891299,35.203805],[136.89135,35.204323],[136.891363,35.204457],[136.891366,35.204488],[136.891422,35.205021],[136.891481,35.205023],[136.891497,35.205435],[136.891502,35.205557],[136.891509,35.20563],[136.891614,35.205628],[136.891614,35.205848],[136.89154,35.205851],[136.891542,35.205894],[136.891545,35.206019],[136.891566,35.206021],[136.891568,35.206051],[136.891568,35.206056],[136.891571,35.206083],[136.891579,35.206159],[136.891634,35.206688],[136.89166,35.206943],[136.891696,35.207289],[136.891697,35.20744],[136.891869,35.207589],[136.891842,35.207617],[136.89176,35.207674],[136.891778,35.207708],[136.891777,35.208032],[136.89193,35.208032],[136.89193,35.208053],[136.891931,35.20836],[136.891931,35.208865],[136.891932,35.208893],[136.891932,35.209337],[136.891908,35.20944],[136.891901,35.209469],[136.891857,35.20965],[136.891884,35.209749],[136.891902,35.20977],[136.891899,35.209836],[136.891905,35.209903],[136.892192,35.210237],[136.892189,35.210312],[136.892128,35.21038],[136.891852,35.210283],[136.89135,35.210111],[136.891365,35.20973],[136.891366,35.209536],[136.891265,35.209538],[136.891256,35.209316],[136.891196,35.209316],[136.891176,35.208952],[136.891156,35.20857],[136.890974,35.208575],[136.890976,35.208596],[136.890929,35.208599],[136.890922,35.208422],[136.890922,35.208352],[136.89092,35.208316],[136.891138,35.208309],[136.89112,35.20799],[136.891029,35.207986],[136.890939,35.207981],[136.890928,35.207728],[136.890921,35.207551],[136.890905,35.207522],[136.890882,35.207481],[136.890869,35.207268],[136.890864,35.207176],[136.890883,35.207134],[136.890892,35.207062],[136.890894,35.206939],[136.891116,35.206938],[136.891058,35.206789],[136.890817,35.206521],[136.890761,35.206462],[136.890659,35.206343],[136.890661,35.206009],[136.890747,35.206025],[136.890877,35.206034],[136.890911,35.206029],[136.890902,35.2058],[136.890857,35.205802],[136.890842,35.205542],[136.890774,35.205543],[136.890761,35.205312],[136.890813,35.205311],[136.890807,35.205136],[136.8908,35.204926],[136.890792,35.204715],[136.890785,35.204504],[136.890738,35.204477],[136.890713,35.20425],[136.891037,35.204241],[136.891015,35.204021],[136.890788,35.204029],[136.890769,35.203785],[136.890751,35.203564],[136.890742,35.203348],[136.89073,35.203062],[136.89073,35.20306],[136.890692,35.20306],[136.890683,35.202815],[136.890662,35.202815],[136.890661,35.202793],[136.890652,35.202573],[136.890631,35.20256],[136.890621,35.20232],[136.89061,35.202058],[136.890575,35.202052],[136.890574,35.202038],[136.890569,35.201837],[136.890569,35.201805],[136.890482,35.201807],[136.890482,35.201795],[136.890479,35.201742],[136.890479,35.201544],[136.890536,35.20154],[136.890535,35.20151],[136.890534,35.201299],[136.890507,35.2013],[136.890495,35.201082],[136.890481,35.201082],[136.890473,35.20079],[136.890553,35.200786],[136.890547,35.200678],[136.89047,35.200681],[136.890468,35.200598],[136.890464,35.200452],[136.890507,35.200151],[136.890449,35.200141],[136.89045,35.200115],[136.890422,35.200008],[136.890422,35.200007],[136.89042,35.199903],[136.890346,35.19989],[136.890349,35.199818],[136.89046,35.199814],[136.890466,35.199634],[136.890008,35.19959],[136.890049,35.199424],[136.890042,35.199404],[136.88988,35.199385],[136.889878,35.199251],[136.889627,35.199243],[136.889618,35.199038],[136.889621,35.199038],[136.889616,35.198853],[136.889559,35.198852],[136.889555,35.198673]]]}},{"type":"Feature","properties":{"name":"城北町","city":"名古屋市西区","code":"104","setai":639,"jinko":1421,"n":3,"towns":["23104061001","23104061002","23104061003"],"lx":136.898217,"ly":35.198491},"geometry":{"type":"Polygon","coordinates":[[[136.891391,35.197464],[136.891735,35.197467],[136.892212,35.19748],[136.892214,35.197523],[136.892414,35.197522],[136.892413,35.197523],[136.892439,35.197523],[136.892445,35.197524],[136.892445,35.197492],[136.893174,35.197507],[136.893174,35.197449],[136.893349,35.197451],[136.893349,35.197453],[136.89338,35.197454],[136.89338,35.197511],[136.894001,35.197519],[136.894046,35.197519],[136.894045,35.197656],[136.894159,35.197657],[136.894159,35.197521],[136.894411,35.197524],[136.894609,35.197526],[136.894634,35.197527],[136.894689,35.19753],[136.894685,35.197553],[136.894781,35.197553],[136.894781,35.197529],[136.895385,35.197537],[136.895804,35.197543],[136.896979,35.19756],[136.897019,35.19756],[136.897143,35.197562],[136.897139,35.197691],[136.897227,35.197692],[136.897231,35.197564],[136.897231,35.197554],[136.89744,35.197558],[136.89744,35.197567],[136.897438,35.197628],[136.897562,35.197629],[136.897563,35.197569],[136.897577,35.197569],[136.898378,35.197582],[136.899431,35.197599],[136.89942,35.197769],[136.899513,35.197771],[136.899524,35.19808],[136.899702,35.198113],[136.900043,35.198152],[136.900044,35.19818],[136.900058,35.198601],[136.90007,35.198966],[136.900072,35.19902],[136.900079,35.199239],[136.900085,35.199418],[136.898358,35.199405],[136.89737,35.199391],[136.897373,35.199041],[136.897373,35.199022],[136.897367,35.198839],[136.897103,35.198837],[136.895716,35.198826],[136.894633,35.198817],[136.894623,35.199007],[136.894591,35.199006],[136.894061,35.199009],[136.893381,35.199],[136.893349,35.198999],[136.893336,35.198999],[136.892423,35.198994],[136.89239,35.198994],[136.892371,35.199102],[136.891589,35.199102],[136.891568,35.199099],[136.891563,35.198971],[136.891563,35.198963],[136.891562,35.198944],[136.891552,35.198699],[136.891548,35.198594],[136.891544,35.198499],[136.891521,35.198354],[136.891498,35.198208],[136.891489,35.198108],[136.891457,35.197882],[136.891419,35.197665],[136.891391,35.197464]]]}},{"type":"Feature","properties":{"name":"城町","city":"名古屋市西区","code":"104","setai":519,"jinko":1215,"n":1,"towns":["231040620"],"lx":136.8666,"ly":35.22888},"geometry":{"type":"Polygon","coordinates":[[[136.867504,35.23063],[136.867851,35.230622],[136.868137,35.230631],[136.868157,35.23039],[136.868195,35.229925],[136.868272,35.229248],[136.868275,35.22922],[136.868308,35.228891],[136.868349,35.22841],[136.868387,35.228009],[136.868425,35.227553],[136.86848,35.227167],[136.86775,35.227136],[136.867734,35.227135],[136.866889,35.227137],[136.866859,35.227137],[136.866583,35.227159],[136.865608,35.22733],[136.865593,35.227333],[136.865083,35.227426],[136.864353,35.227562],[136.864355,35.228253],[136.864355,35.228387],[136.864354,35.228763],[136.864354,35.229297],[136.864353,35.229751],[136.864352,35.230252],[136.864352,35.230509],[136.864333,35.230577],[136.864353,35.230589],[136.864384,35.230607],[136.86503,35.230575],[136.865436,35.230576],[136.865471,35.230576],[136.865512,35.230576],[136.866235,35.230581],[136.866292,35.230581],[136.866593,35.230583],[136.866775,35.230571],[136.867065,35.230596],[136.867262,35.230628],[136.867311,35.230635],[136.867315,35.230635],[136.867504,35.23063]]]}},{"type":"Feature","properties":{"name":"城西町","city":"名古屋市西区","code":"104","setai":373,"jinko":831,"n":1,"towns":["231040630"],"lx":136.862954,"ly":35.229241},"geometry":{"type":"Polygon","coordinates":[[[136.861797,35.230688],[136.861807,35.230603],[136.861874,35.230604],[136.862517,35.230636],[136.863032,35.230643],[136.863066,35.230643],[136.863633,35.230687],[136.86364,35.230687],[136.864275,35.230585],[136.864333,35.230577],[136.864352,35.230509],[136.864352,35.230252],[136.864353,35.229751],[136.864354,35.229297],[136.864354,35.228763],[136.864355,35.228387],[136.864355,35.228253],[136.864353,35.227562],[136.863155,35.227784],[136.862076,35.227974],[136.860595,35.228239],[136.860559,35.228784],[136.86053,35.229233],[136.860501,35.229696],[136.86047,35.23016],[136.860445,35.230581],[136.86044,35.230656],[136.86046,35.230656],[136.861797,35.230688]]]}},{"type":"Feature","properties":{"name":"新福寺町","city":"名古屋市西区","code":"104","setai":268,"jinko":563,"n":2,"towns":["23104064001","23104064002"],"lx":136.884354,"ly":35.205637},"geometry":{"type":"Polygon","coordinates":[[[136.882186,35.203175],[136.883234,35.203166],[136.883634,35.20316],[136.884556,35.203148],[136.884569,35.203328],[136.884775,35.203322],[136.884775,35.203327],[136.884783,35.203471],[136.885222,35.20345],[136.885237,35.203719],[136.885271,35.204178],[136.885283,35.204189],[136.885294,35.204383],[136.885314,35.204623],[136.885314,35.204823],[136.885894,35.204823],[136.886133,35.204821],[136.886248,35.20482],[136.88642,35.204819],[136.886422,35.204855],[136.886438,35.205046],[136.886453,35.205431],[136.886462,35.205595],[136.886461,35.205641],[136.886457,35.205771],[136.886833,35.205771],[136.886833,35.205792],[136.886837,35.206152],[136.886837,35.206172],[136.886842,35.206327],[136.886849,35.206535],[136.886848,35.206551],[136.886861,35.206898],[136.886862,35.206936],[136.886496,35.206928],[136.886485,35.206928],[136.885682,35.206907],[136.885481,35.206891],[136.885417,35.206879],[136.885406,35.206876],[136.885246,35.206838],[136.885232,35.206835],[136.884925,35.206759],[136.884859,35.207201],[136.884836,35.207443],[136.884833,35.207468],[136.883575,35.207117],[136.883049,35.206953],[136.883061,35.20693],[136.883134,35.206584],[136.883173,35.206429],[136.883141,35.206135],[136.883108,35.205813],[136.883078,35.205516],[136.88304,35.205125],[136.882983,35.204742],[136.882451,35.204744],[136.882321,35.203982],[136.882186,35.203175]]]}},{"type":"Feature","properties":{"name":"新道","city":"名古屋市西区","code":"104","setai":2093,"jinko":3701,"n":2,"towns":["23104065091","23104065092"],"lx":136.888227,"ly":35.182147},"geometry":{"type":"Polygon","coordinates":[[[136.886114,35.177933],[136.886145,35.177932],[136.886369,35.177928],[136.88637,35.177947],[136.886439,35.177944],[136.887138,35.177917],[136.887139,35.177944],[136.887972,35.177907],[136.888226,35.177886],[136.888317,35.177879],[136.888634,35.177856],[136.888638,35.177856],[136.888639,35.177868],[136.888835,35.17786],[136.888835,35.177859],[136.888956,35.177861],[136.888956,35.177859],[136.889038,35.177858],[136.889124,35.177854],[136.889899,35.177826],[136.89007,35.177819],[136.890053,35.178026],[136.890056,35.178087],[136.890063,35.178086],[136.890066,35.178289],[136.890071,35.178734],[136.890073,35.178942],[136.890075,35.178942],[136.890078,35.179173],[136.890085,35.179637],[136.890087,35.179749],[136.890087,35.179801],[136.890093,35.18017],[136.890094,35.18017],[136.890093,35.180257],[136.890114,35.180524],[136.890116,35.180545],[136.890145,35.180755],[136.890165,35.180902],[136.89017,35.180901],[136.890258,35.181598],[136.890289,35.181848],[136.890345,35.182296],[136.890351,35.182295],[136.890429,35.182842],[136.890545,35.183659],[136.890386,35.183705],[136.889851,35.183859],[136.889837,35.183863],[136.889192,35.184042],[136.888964,35.184105],[136.888873,35.184131],[136.888274,35.1843],[136.888113,35.184345],[136.887967,35.184386],[136.887697,35.184462],[136.887248,35.184588],[136.887192,35.184603],[136.887068,35.184638],[136.886723,35.184734],[136.886701,35.18474],[136.886457,35.184808],[136.886408,35.184821],[136.886349,35.184838],[136.886346,35.184839],[136.886209,35.184879],[136.886202,35.184694],[136.886199,35.184568],[136.886186,35.184073],[136.886184,35.18399],[136.886182,35.183915],[136.886176,35.183541],[136.886166,35.183016],[136.886166,35.182987],[136.88614,35.182063],[136.886139,35.181652],[136.886133,35.181092],[136.886127,35.180446],[136.886126,35.180379],[136.886124,35.179979],[136.886123,35.179919],[136.886119,35.179184],[136.886119,35.179183],[136.886118,35.178927],[136.886117,35.17872],[136.886116,35.178466],[136.886115,35.178261],[136.886114,35.177933]]]}},{"type":"Feature","properties":{"name":"数寄屋町","city":"名古屋市西区","code":"104","setai":175,"jinko":337,"n":1,"towns":["231040670"],"lx":136.896405,"ly":35.188911},"geometry":{"type":"Polygon","coordinates":[[[136.896191,35.187805],[136.895853,35.18751],[136.895825,35.187686],[136.895722,35.188535],[136.895689,35.188693],[136.895674,35.188762],[136.895633,35.189054],[136.895618,35.189162],[136.895598,35.189332],[136.895597,35.189357],[136.895583,35.18958],[136.895904,35.189613],[136.895928,35.189615],[136.896713,35.189683],[136.896772,35.189688],[136.897367,35.189744],[136.897778,35.189781],[136.898155,35.18977],[136.898513,35.189754],[136.898961,35.18954],[136.89869,35.189291],[136.898478,35.189134],[136.898246,35.18897],[136.898009,35.188826],[136.897736,35.188687],[136.897478,35.188578],[136.897291,35.188511],[136.897118,35.188467],[136.89675,35.188252],[136.896634,35.188159],[136.896377,35.18795],[136.896191,35.187805]]]}},{"type":"Feature","properties":{"name":"砂原町","city":"名古屋市西区","code":"104","setai":372,"jinko":892,"n":1,"towns":["231040680"],"lx":136.891893,"ly":35.227242},"geometry":{"type":"Polygon","coordinates":[[[136.892011,35.225686],[136.890983,35.225341],[136.890455,35.226468],[136.890459,35.226515],[136.890432,35.226726],[136.890373,35.227192],[136.890315,35.227649],[136.890249,35.228133],[136.890194,35.228621],[136.890193,35.22863],[136.891631,35.228738],[136.891666,35.228741],[136.893061,35.228845],[136.893112,35.228848],[136.894719,35.228968],[136.895669,35.229048],[136.895706,35.229051],[136.896248,35.229098],[136.896293,35.229101],[136.896893,35.229145],[136.896886,35.229108],[136.896723,35.228299],[136.896649,35.227915],[136.896563,35.227216],[136.895479,35.226853],[136.893906,35.22632],[136.893886,35.226313],[136.893854,35.226309],[136.893311,35.226122],[136.892719,35.225924],[136.892365,35.225805],[136.892314,35.225788],[136.892011,35.225686]]]}},{"type":"Feature","properties":{"name":"浅間","city":"名古屋市西区","code":"104","setai":492,"jinko":894,"n":2,"towns":["23104069091","23104069092"],"lx":136.887047,"ly":35.185424},"geometry":{"type":"Polygon","coordinates":[[[136.886207,35.185034],[136.886214,35.18503],[136.886209,35.184879],[136.886346,35.184839],[136.886349,35.184838],[136.886408,35.184821],[136.886457,35.184808],[136.886701,35.18474],[136.886723,35.184734],[136.887068,35.184638],[136.887192,35.184603],[136.887248,35.184588],[136.887697,35.184462],[136.887967,35.184386],[136.888113,35.184345],[136.888274,35.1843],[136.888873,35.184131],[136.888964,35.184105],[136.889192,35.184042],[136.889837,35.183863],[136.889851,35.183859],[136.890386,35.183705],[136.890545,35.183659],[136.890546,35.183659],[136.890615,35.18364],[136.89067,35.183626],[136.890685,35.183622],[136.891095,35.183508],[136.891127,35.183499],[136.891212,35.183475],[136.891241,35.183467],[136.891343,35.183438],[136.891447,35.183792],[136.891531,35.183967],[136.891715,35.184389],[136.891763,35.184413],[136.891814,35.18455],[136.891777,35.184562],[136.891874,35.184804],[136.891802,35.184822],[136.891205,35.185003],[136.891193,35.185007],[136.890584,35.185193],[136.890024,35.185354],[136.889931,35.185379],[136.88959,35.185478],[136.889439,35.18552],[136.888658,35.185744],[136.888549,35.185776],[136.88792,35.185955],[136.887398,35.186098],[136.88693,35.186262],[136.886556,35.186376],[136.886457,35.186401],[136.886452,35.186403],[136.886427,35.186259],[136.886345,35.185785],[136.886298,35.185511],[136.886258,35.185517],[136.886213,35.185098],[136.886207,35.185034]]]}},{"type":"Feature","properties":{"name":"田幡町","city":"名古屋市西区","code":"104","setai":8,"jinko":18,"n":1,"towns":["231040720"],"lx":136.899772,"ly":35.19779},"geometry":{"type":"Polygon","coordinates":[[[136.900031,35.197793],[136.900025,35.197615],[136.900022,35.197514],[136.899568,35.197518],[136.899567,35.197602],[136.899431,35.197599],[136.89942,35.197769],[136.89942,35.197769],[136.899513,35.197771],[136.899524,35.19808],[136.899702,35.198113],[136.900043,35.198152],[136.900031,35.197793]]]}},{"type":"Feature","properties":{"name":"玉池町","city":"名古屋市西区","code":"104","setai":562,"jinko":1046,"n":1,"towns":["231040730"],"lx":136.888203,"ly":35.227111},"geometry":{"type":"Polygon","coordinates":[[[136.890194,35.228621],[136.890249,35.228133],[136.890315,35.227649],[136.890373,35.227192],[136.890432,35.226726],[136.890459,35.226515],[136.890455,35.226468],[136.890983,35.225341],[136.889575,35.224853],[136.889404,35.225217],[136.88903,35.225107],[136.888512,35.224932],[136.888064,35.224781],[136.887958,35.224745],[136.887256,35.224558],[136.886789,35.224434],[136.88612,35.224255],[136.886118,35.224306],[136.886134,35.224311],[136.886127,35.224468],[136.886107,35.225149],[136.886093,35.225575],[136.886089,35.225689],[136.886071,35.22617],[136.886059,35.226612],[136.886058,35.226645],[136.886032,35.227261],[136.88603,35.227302],[136.886021,35.227448],[136.886007,35.227626],[136.885969,35.227815],[136.885953,35.22803],[136.88594,35.228266],[136.885934,35.228352],[136.885901,35.228519],[136.885898,35.228532],[136.885885,35.228525],[136.885881,35.228523],[136.885874,35.228619],[136.885704,35.228991],[136.88588,35.229059],[136.886642,35.229364],[136.886849,35.229447],[136.887174,35.229577],[136.887646,35.229766],[136.888315,35.230066],[136.888716,35.230246],[136.888907,35.230331],[136.888959,35.230355],[136.889328,35.230522],[136.889493,35.230597],[136.889961,35.230808],[136.890519,35.231059],[136.890717,35.231148],[136.891045,35.231296],[136.891332,35.231424],[136.89154,35.231517],[136.892027,35.231728],[136.892363,35.231885],[136.892597,35.231995],[136.893856,35.232576],[136.894075,35.232675],[136.894165,35.232716],[136.894382,35.232814],[136.894992,35.233107],[136.895559,35.233347],[136.895679,35.233398],[136.896672,35.233819],[136.897138,35.234013],[136.897139,35.234013],[136.897145,35.234003],[136.897407,35.233572],[136.897296,35.233516],[136.897173,35.233441],[136.897088,35.23336],[136.896958,35.233275],[136.896901,35.233246],[136.89686,35.233226],[136.89673,35.233167],[136.895929,35.232825],[136.895734,35.232742],[136.89535,35.232573],[136.894194,35.232063],[136.894113,35.232027],[136.893276,35.231666],[136.892968,35.231529],[136.892909,35.231503],[136.892294,35.231255],[136.892088,35.231172],[136.891826,35.231058],[136.891678,35.230994],[136.891392,35.230868],[136.890122,35.230306],[136.890016,35.230257],[136.890038,35.230027],[136.890085,35.229559],[136.89014,35.229084],[136.890193,35.22863],[136.890194,35.228621]]]}},{"type":"Feature","properties":{"name":"秩父通","city":"名古屋市西区","code":"104","setai":148,"jinko":444,"n":2,"towns":["23104074001","23104074002"],"lx":136.892338,"ly":35.197269},"geometry":{"type":"Polygon","coordinates":[[[136.891325,35.197008],[136.89135,35.197009],[136.892432,35.197025],[136.892449,35.197025],[136.893375,35.19704],[136.894634,35.197059],[136.895858,35.197077],[136.896993,35.197094],[136.897026,35.197095],[136.89733,35.1971],[136.897545,35.197103],[136.89761,35.197104],[136.898413,35.197116],[136.90001,35.19714],[136.900012,35.197205],[136.900022,35.197514],[136.899568,35.197518],[136.899567,35.197602],[136.899431,35.197599],[136.898378,35.197582],[136.897577,35.197569],[136.897563,35.197569],[136.897562,35.197629],[136.897438,35.197628],[136.89744,35.197567],[136.89744,35.197558],[136.897231,35.197554],[136.897231,35.197564],[136.897227,35.197692],[136.897139,35.197691],[136.897143,35.197562],[136.897019,35.19756],[136.896979,35.19756],[136.895804,35.197543],[136.895385,35.197537],[136.894781,35.197529],[136.894781,35.197553],[136.894685,35.197553],[136.894689,35.19753],[136.894634,35.197527],[136.894609,35.197526],[136.894411,35.197524],[136.894159,35.197521],[136.894159,35.197657],[136.894045,35.197656],[136.894046,35.197519],[136.894001,35.197519],[136.89338,35.197511],[136.89338,35.197454],[136.893349,35.197453],[136.893349,35.197451],[136.893174,35.197449],[136.893174,35.197507],[136.892445,35.197492],[136.892445,35.197524],[136.892439,35.197523],[136.892413,35.197523],[136.892414,35.197522],[136.892214,35.197523],[136.892212,35.19748],[136.891735,35.197467],[136.891391,35.197464],[136.891338,35.197086],[136.891334,35.197065],[136.891325,35.197008]]]}},{"type":"Feature","properties":{"name":"天神山町","city":"名古屋市西区","code":"104","setai":165,"jinko":286,"n":1,"towns":["231040750"],"lx":136.88522,"ly":35.189937},"geometry":{"type":"Polygon","coordinates":[[[136.887221,35.191857],[136.887207,35.191757],[136.887205,35.191757],[136.887177,35.191508],[136.887177,35.191503],[136.887064,35.190672],[136.887062,35.190672],[136.886998,35.190203],[136.886963,35.189948],[136.886894,35.189444],[136.88689,35.189446],[136.886805,35.188784],[136.886711,35.18805],[136.886598,35.18807],[136.886223,35.188101],[136.885875,35.188129],[136.885206,35.188194],[136.884519,35.188261],[136.884019,35.188306],[136.883686,35.188341],[136.883252,35.188387],[136.883285,35.188617],[136.883457,35.189822],[136.883559,35.190488],[136.883619,35.190885],[136.883663,35.191272],[136.883673,35.19133],[136.883675,35.191341],[136.88372,35.19159],[136.883782,35.191869],[136.884454,35.191919],[136.885872,35.191997],[136.886433,35.192034],[136.887094,35.192065],[136.887094,35.192065],[136.887218,35.19207],[136.887219,35.191992],[136.887221,35.191888],[136.887221,35.191857]]]}},{"type":"Feature","properties":{"name":"東岸町","city":"名古屋市西区","code":"104","setai":70,"jinko":123,"n":1,"towns":["231040760"],"lx":136.882488,"ly":35.198281},"geometry":{"type":"Polygon","coordinates":[[[136.88394,35.19865],[136.883746,35.19843],[136.883755,35.198432],[136.883499,35.198151],[136.883478,35.198088],[136.883301,35.197889],[136.883186,35.197763],[136.883077,35.197635],[136.882912,35.197455],[136.88263,35.197149],[136.882626,35.197145],[136.882576,35.197088],[136.882183,35.197334],[136.88205,35.197417],[136.881687,35.197773],[136.881676,35.197853],[136.881599,35.198366],[136.881481,35.199158],[136.881562,35.199157],[136.881562,35.199154],[136.882068,35.19915],[136.882978,35.199146],[136.883648,35.199132],[136.884218,35.199123],[136.884267,35.199123],[136.884327,35.199089],[136.884205,35.198951],[136.88394,35.19865]]]}},{"type":"Feature","properties":{"name":"十方町","city":"名古屋市西区","code":"104","setai":105,"jinko":209,"n":1,"towns":["231040770"],"lx":136.859453,"ly":35.217954},"geometry":{"type":"Polygon","coordinates":[[[136.863219,35.217647],[136.861134,35.217253],[136.860999,35.217227],[136.860243,35.217084],[136.860053,35.217052],[136.859959,35.217039],[136.85975,35.216997],[136.859004,35.216824],[136.858987,35.21682],[136.858985,35.216838],[136.858978,35.216901],[136.858958,35.216948],[136.858912,35.217062],[136.858847,35.217084],[136.85878,35.217107],[136.858741,35.217232],[136.858731,35.217263],[136.858167,35.217193],[136.858148,35.217191],[136.858051,35.217541],[136.858026,35.21763],[136.857836,35.218317],[136.857739,35.218492],[136.858355,35.21872],[136.858883,35.218904],[136.860185,35.219027],[136.860296,35.219037],[136.862436,35.219234],[136.862879,35.218337],[136.863219,35.217647]]]}},{"type":"Feature","properties":{"name":"鳥見町","city":"名古屋市西区","code":"104","setai":1146,"jinko":2308,"n":4,"towns":["23104078001","23104078002","23104078003","23104078004"],"lx":136.889139,"ly":35.202331},"geometry":{"type":"Polygon","coordinates":[[[136.884428,35.201422],[136.885171,35.201405],[136.886151,35.201379],[136.886198,35.201378],[136.88629,35.201375],[136.886323,35.201375],[136.887542,35.201345],[136.887537,35.201219],[136.887821,35.201213],[136.887822,35.201277],[136.888109,35.201283],[136.88811,35.201333],[136.888829,35.201331],[136.88882,35.201056],[136.888976,35.201056],[136.889137,35.201053],[136.889318,35.201046],[136.889322,35.2013],[136.890415,35.201291],[136.890415,35.201302],[136.890507,35.2013],[136.890534,35.201299],[136.890535,35.20151],[136.890536,35.20154],[136.890479,35.201544],[136.890479,35.201742],[136.890482,35.201795],[136.890482,35.201807],[136.890569,35.201805],[136.890569,35.201837],[136.890574,35.202038],[136.890575,35.202052],[136.89061,35.202058],[136.890621,35.20232],[136.890631,35.20256],[136.890652,35.202573],[136.890661,35.202793],[136.890662,35.202815],[136.890683,35.202815],[136.890692,35.20306],[136.89073,35.20306],[136.89073,35.203062],[136.890742,35.203348],[136.890619,35.203349],[136.889385,35.203374],[136.888112,35.203393],[136.887953,35.203395],[136.887876,35.203393],[136.887877,35.203455],[136.887411,35.203462],[136.887398,35.203402],[136.886369,35.203421],[136.885222,35.20345],[136.884783,35.203471],[136.884775,35.203327],[136.884775,35.203322],[136.884569,35.203328],[136.884556,35.203148],[136.884541,35.202954],[136.884526,35.202744],[136.88451,35.20254],[136.884496,35.20235],[136.884481,35.202157],[136.884465,35.201961],[136.884462,35.201919],[136.884448,35.201705],[136.884439,35.20158],[136.884428,35.201422]]]}},{"type":"Feature","properties":{"name":"中小田井","city":"名古屋市西区","code":"104","setai":4681,"jinko":10290,"n":5,"towns":["23104079091","23104079092","23104079093","23104079094","23104079095"],"lx":136.872478,"ly":35.215645},"geometry":{"type":"Polygon","coordinates":[[[136.864902,35.213692],[136.864918,35.213683],[136.865078,35.213592],[136.865406,35.213415],[136.866285,35.212942],[136.867197,35.212453],[136.867216,35.212444],[136.868374,35.211869],[136.868474,35.211813],[136.868746,35.21186],[136.869171,35.211789],[136.869396,35.211752],[136.86984,35.211619],[136.869893,35.211609],[136.869966,35.211595],[136.870486,35.21146],[136.871374,35.21123],[136.871877,35.2111],[136.87182,35.210888],[136.871953,35.210259],[136.871935,35.210171],[136.872006,35.210155],[136.873472,35.209818],[136.873655,35.209784],[136.87412,35.209681],[136.874249,35.209653],[136.874556,35.209614],[136.874705,35.209573],[136.874851,35.209565],[136.875443,35.209554],[136.876106,35.209548],[136.876388,35.209561],[136.876679,35.209557],[136.876965,35.209551],[136.877297,35.209531],[136.877478,35.209493],[136.877531,35.209482],[136.877747,35.210132],[136.877784,35.210309],[136.877639,35.210326],[136.877657,35.210379],[136.877737,35.210661],[136.877755,35.210724],[136.877732,35.210999],[136.877864,35.21132],[136.877865,35.211322],[136.877999,35.211633],[136.877999,35.211631],[136.878026,35.21169],[136.878128,35.211699],[136.878135,35.211916],[136.878411,35.211942],[136.878734,35.212164],[136.878888,35.212273],[136.878926,35.2123],[136.879371,35.212796],[136.879411,35.212758],[136.879455,35.212789],[136.879419,35.212815],[136.87939,35.212936],[136.8794,35.213382],[136.879316,35.213548],[136.879228,35.21371],[136.879016,35.213857],[136.878964,35.213893],[136.878435,35.213786],[136.878382,35.213893],[136.878343,35.213971],[136.878335,35.213988],[136.878168,35.214305],[136.878104,35.21435],[136.878095,35.214425],[136.878065,35.214688],[136.877996,35.214926],[136.877943,35.215017],[136.878026,35.215073],[136.878039,35.215082],[136.878041,35.215105],[136.878019,35.215132],[136.877804,35.215624],[136.877418,35.21555],[136.877403,35.215563],[136.877376,35.215588],[136.877334,35.215561],[136.877222,35.21549],[136.8772,35.215475],[136.877156,35.215524],[136.87694,35.216539],[136.876931,35.216581],[136.876921,35.216632],[136.876777,35.217239],[136.876749,35.217354],[136.876678,35.217666],[136.876582,35.218084],[136.876572,35.218129],[136.876304,35.219293],[136.876303,35.219299],[136.87623,35.219618],[136.876089,35.22024],[136.875961,35.220804],[136.875939,35.220863],[136.875812,35.221202],[136.875861,35.221246],[136.875843,35.221301],[136.875991,35.221458],[136.875604,35.221666],[136.874771,35.222113],[136.873795,35.222637],[136.873277,35.222915],[136.873255,35.222927],[136.873247,35.222931],[136.873429,35.223152],[136.873,35.223364],[136.872999,35.223363],[136.872941,35.223325],[136.872875,35.223258],[136.872856,35.223228],[136.872812,35.223175],[136.872654,35.222981],[136.872517,35.222814],[136.872163,35.222382],[136.871926,35.222091],[136.871788,35.221926],[136.871637,35.221744],[136.871456,35.221525],[136.871351,35.221398],[136.87116,35.22117],[136.871048,35.221036],[136.870909,35.22087],[136.870679,35.220597],[136.870586,35.220485],[136.870351,35.220204],[136.870014,35.219801],[136.869629,35.219337],[136.869303,35.218945],[136.868974,35.218548],[136.868961,35.218533],[136.868531,35.217999],[136.86833,35.21775],[136.868306,35.217747],[136.868057,35.217458],[136.867817,35.217171],[136.867661,35.216985],[136.867569,35.216875],[136.867248,35.216493],[136.867218,35.216457],[136.866917,35.216099],[136.866853,35.216023],[136.866582,35.215702],[136.866222,35.215275],[136.86592,35.214915],[136.865635,35.214576],[136.865269,35.214136],[136.864902,35.213692]]]}},{"type":"Feature","properties":{"name":"長先町","city":"名古屋市西区","code":"104","setai":107,"jinko":190,"n":1,"towns":["231040840"],"lx":136.858366,"ly":35.220334},"geometry":{"type":"Polygon","coordinates":[[[136.860185,35.219027],[136.858883,35.218904],[136.858355,35.21872],[136.857739,35.218492],[136.857729,35.21851],[136.857728,35.218514],[136.857735,35.218569],[136.857734,35.218608],[136.857689,35.218927],[136.857683,35.218975],[136.857659,35.218965],[136.856784,35.218526],[136.85675,35.218509],[136.856682,35.218771],[136.856606,35.21914],[136.856524,35.219382],[136.856487,35.219492],[136.856353,35.219878],[136.856288,35.220067],[136.856398,35.220107],[136.856386,35.220213],[136.856371,35.220493],[136.856368,35.220544],[136.856345,35.220769],[136.85632,35.22107],[136.856287,35.221452],[136.856276,35.221528],[136.856296,35.221532],[136.857303,35.221719],[136.857867,35.221819],[136.857898,35.221826],[136.859504,35.221937],[136.860271,35.221988],[136.861026,35.222037],[136.861048,35.222047],[136.861056,35.222047],[136.861299,35.221551],[136.86153,35.22108],[136.861742,35.220649],[136.861969,35.220185],[136.862195,35.219726],[136.862436,35.219234],[136.860296,35.219037],[136.860185,35.219027]]]}},{"type":"Feature","properties":{"name":"中沼町","city":"名古屋市西区","code":"104","setai":1024,"jinko":1937,"n":1,"towns":["231040850"],"lx":136.857921,"ly":35.223603},"geometry":{"type":"Polygon","coordinates":[[[136.860954,35.222209],[136.861018,35.222087],[136.86103,35.222088],[136.861048,35.222047],[136.861026,35.222037],[136.860271,35.221988],[136.859504,35.221937],[136.857898,35.221826],[136.857867,35.221819],[136.857303,35.221719],[136.856296,35.221532],[136.856276,35.221528],[136.856261,35.221525],[136.856135,35.222438],[136.856131,35.222747],[136.856131,35.222938],[136.85613,35.223079],[136.85613,35.223214],[136.856137,35.223398],[136.856149,35.22422],[136.856143,35.224285],[136.856123,35.224341],[136.856065,35.224397],[136.856054,35.224794],[136.856023,35.225244],[136.856423,35.225324],[136.857015,35.225342],[136.857481,35.225359],[136.857671,35.225366],[136.857848,35.225373],[136.858311,35.225389],[136.858423,35.225393],[136.859266,35.225405],[136.860042,35.22542],[136.860745,35.225443],[136.860833,35.224121],[136.86089,35.223286],[136.86089,35.223275],[136.860952,35.222271],[136.860955,35.22226],[136.860954,35.222209]]]}},{"type":"Feature","properties":{"name":"那古野","city":"名古屋市西区","code":"104","setai":2060,"jinko":3186,"n":2,"towns":["23104086091","23104086092"],"lx":136.891336,"ly":35.175853},"geometry":{"type":"Polygon","coordinates":[[[136.886029,35.175212],[136.886985,35.174947],[136.887262,35.174877],[136.887351,35.174854],[136.887621,35.174784],[136.887772,35.174748],[136.888189,35.174645],[136.888269,35.174644],[136.888601,35.174646],[136.88861,35.174646],[136.888951,35.174644],[136.889789,35.174639],[136.889909,35.174641],[136.889908,35.174625],[136.889907,35.174481],[136.889905,35.17435],[136.889902,35.1741],[136.889951,35.174081],[136.890352,35.173967],[136.891053,35.173737],[136.891562,35.173576],[136.891656,35.173547],[136.892147,35.1734],[136.89221,35.173635],[136.892244,35.173764],[136.89269,35.173723],[136.892921,35.173718],[136.893261,35.176091],[136.89348,35.177506],[136.893492,35.177582],[136.893268,35.177595],[136.893226,35.177598],[136.892819,35.177625],[136.892029,35.177677],[136.892027,35.177678],[136.891987,35.177681],[136.891838,35.177693],[136.891671,35.177706],[136.891612,35.177711],[136.89161,35.177711],[136.89125,35.177736],[136.890645,35.177778],[136.890073,35.177819],[136.89007,35.177819],[136.889899,35.177826],[136.889124,35.177854],[136.889038,35.177858],[136.888956,35.177859],[136.888956,35.177861],[136.888835,35.177859],[136.888835,35.17786],[136.888639,35.177868],[136.888638,35.177856],[136.888634,35.177856],[136.888317,35.177879],[136.888226,35.177886],[136.887972,35.177907],[136.887139,35.177944],[136.887138,35.177917],[136.886439,35.177944],[136.88637,35.177947],[136.886369,35.177928],[136.886145,35.177932],[136.886114,35.177933],[136.886086,35.177933],[136.886085,35.177683],[136.886085,35.177584],[136.886084,35.177398],[136.886084,35.177183],[136.886082,35.177071],[136.886077,35.176802],[136.886074,35.17662],[136.886069,35.176327],[136.886061,35.175732],[136.886057,35.175409],[136.886058,35.175287],[136.886058,35.175228],[136.886029,35.175212]]]}},{"type":"Feature","properties":{"name":"名塚町","city":"名古屋市西区","code":"104","setai":704,"jinko":1516,"n":5,"towns":["23104088001","23104088002","23104088003","23104088004","23104088005"],"lx":136.88868,"ly":35.208246},"geometry":{"type":"Polygon","coordinates":[[[136.884243,35.209307],[136.884713,35.207782],[136.884826,35.207506],[136.884833,35.207468],[136.884836,35.207443],[136.884859,35.207201],[136.884925,35.206759],[136.885232,35.206835],[136.885246,35.206838],[136.885406,35.206876],[136.885417,35.206879],[136.885481,35.206891],[136.885682,35.206907],[136.886485,35.206928],[136.886496,35.206928],[136.886862,35.206936],[136.886861,35.206898],[136.886848,35.206551],[136.886849,35.206535],[136.886842,35.206327],[136.886837,35.206172],[136.886837,35.206152],[136.886833,35.205792],[136.886833,35.205771],[136.886457,35.205771],[136.886461,35.205641],[136.886685,35.205638],[136.886685,35.205574],[136.887551,35.20558],[136.887555,35.205489],[136.887663,35.205492],[136.88766,35.20558],[136.887658,35.205623],[136.887968,35.205625],[136.887965,35.205576],[136.887964,35.205537],[136.888249,35.205541],[136.888253,35.205573],[136.889123,35.205564],[136.889125,35.205626],[136.889452,35.205627],[136.889446,35.20556],[136.88983,35.205554],[136.889965,35.205552],[136.890774,35.205543],[136.890842,35.205542],[136.890857,35.205802],[136.890902,35.2058],[136.890911,35.206029],[136.890877,35.206034],[136.890747,35.206025],[136.890661,35.206009],[136.890659,35.206343],[136.890761,35.206462],[136.890817,35.206521],[136.891058,35.206789],[136.891116,35.206938],[136.890894,35.206939],[136.890892,35.207062],[136.890883,35.207134],[136.890864,35.207176],[136.890869,35.207268],[136.890882,35.207481],[136.890905,35.207522],[136.890921,35.207551],[136.890928,35.207728],[136.890939,35.207981],[136.891029,35.207986],[136.89112,35.20799],[136.891138,35.208309],[136.89092,35.208316],[136.890922,35.208352],[136.890922,35.208422],[136.890929,35.208599],[136.890976,35.208596],[136.890974,35.208575],[136.891156,35.20857],[136.891176,35.208952],[136.891196,35.209316],[136.891256,35.209316],[136.891265,35.209538],[136.891366,35.209536],[136.891365,35.20973],[136.89135,35.210111],[136.891351,35.21019],[136.8913,35.210437],[136.891202,35.210796],[136.891136,35.210983],[136.890925,35.211633],[136.890715,35.211547],[136.888862,35.210681],[136.888575,35.210576],[136.888347,35.210506],[136.888098,35.210417],[136.887156,35.21008],[136.886768,35.209982],[136.88665,35.209975],[136.886465,35.209945],[136.886346,35.209926],[136.886084,35.20989],[136.885898,35.209855],[136.885763,35.209824],[136.885653,35.209799],[136.885553,35.209772],[136.885391,35.209729],[136.88518,35.209652],[136.884918,35.209568],[136.884792,35.209506],[136.884623,35.20945],[136.884446,35.209394],[136.884243,35.209307]]]}},{"type":"Feature","properties":{"name":"西原町","city":"名古屋市西区","code":"104","setai":186,"jinko":393,"n":1,"towns":["231040900"],"lx":136.861915,"ly":35.226743},"geometry":{"type":"Polygon","coordinates":[[[136.861402,35.225487],[136.860744,35.225467],[136.860688,35.226478],[136.860686,35.226498],[136.860628,35.227507],[136.860627,35.22752],[136.860596,35.228226],[136.860595,35.228239],[136.862076,35.227974],[136.863155,35.227784],[136.864353,35.227562],[136.864431,35.227069],[136.864464,35.226676],[136.864482,35.22653],[136.864489,35.226191],[136.864499,35.226077],[136.864506,35.225579],[136.864005,35.225566],[136.863248,35.225546],[136.86231,35.225515],[136.861402,35.225487]]]}},{"type":"Feature","properties":{"name":"野南町","city":"名古屋市西区","code":"104","setai":229,"jinko":483,"n":1,"towns":["231040910"],"lx":136.859416,"ly":35.229549},"geometry":{"type":"Polygon","coordinates":[[[136.86044,35.230656],[136.860445,35.230581],[136.86047,35.23016],[136.860501,35.229696],[136.86053,35.229233],[136.860559,35.228784],[136.860595,35.228239],[136.860596,35.228226],[136.859902,35.228352],[136.859284,35.228464],[136.857978,35.228701],[136.857409,35.228804],[136.8565,35.228969],[136.855915,35.229075],[136.855886,35.22922],[136.855911,35.229543],[136.855905,35.229608],[136.855918,35.230154],[136.855948,35.230506],[136.855952,35.23055],[136.856211,35.230555],[136.856286,35.230644],[136.857048,35.230646],[136.857099,35.230619],[136.857946,35.230631],[136.858655,35.230629],[136.858725,35.23063],[136.858754,35.23063],[136.86044,35.230656]]]}},{"type":"Feature","properties":{"name":"則武新町","city":"名古屋市西区","code":"104","setai":2020,"jinko":3623,"n":4,"towns":["23104092091","23104092092","23104092093","23104092094"],"lx":136.879416,"ly":35.180822},"geometry":{"type":"Polygon","coordinates":[[[136.873295,35.182921],[136.873439,35.182777],[136.873726,35.182475],[136.873831,35.182411],[136.874059,35.182336],[136.874884,35.181496],[136.875324,35.181052],[136.875358,35.180857],[136.875446,35.180839],[136.875465,35.180892],[136.875802,35.180556],[136.876528,35.17983],[136.876838,35.179473],[136.877037,35.17923],[136.877447,35.178685],[136.877634,35.178417],[136.877721,35.178251],[136.877858,35.17805],[136.87804,35.177593],[136.878568,35.177589],[136.878629,35.177587],[136.878739,35.177585],[136.87943,35.177569],[136.879466,35.177569],[136.879931,35.177559],[136.880155,35.177562],[136.880299,35.177563],[136.880422,35.177566],[136.88118,35.177621],[136.881296,35.177629],[136.881589,35.178431],[136.882003,35.179553],[136.882162,35.18002],[136.882351,35.180707],[136.882386,35.180701],[136.882449,35.180893],[136.882438,35.180904],[136.882566,35.181321],[136.882642,35.181483],[136.882708,35.181691],[136.882759,35.181846],[136.882777,35.181904],[136.882881,35.182238],[136.882938,35.182401],[136.882959,35.182463],[136.88303,35.182671],[136.883038,35.182696],[136.883145,35.183048],[136.883162,35.183048],[136.883201,35.18331],[136.883208,35.18355],[136.883231,35.183949],[136.883234,35.183986],[136.883239,35.184144],[136.883252,35.184465],[136.883255,35.184536],[136.883257,35.184553],[136.88327,35.184734],[136.883281,35.185327],[136.883292,35.185626],[136.883297,35.185695],[136.883299,35.18572],[136.883277,35.185726],[136.882874,35.185843],[136.882114,35.186062],[136.881924,35.186118],[136.881542,35.186231],[136.881467,35.186253],[136.881381,35.186278],[136.881048,35.186377],[136.880806,35.186448],[136.880804,35.186449],[136.88071,35.186476],[136.880405,35.186564],[136.879789,35.186743],[136.879657,35.186781],[136.879249,35.186899],[136.879242,35.186901],[136.879189,35.186785],[136.879003,35.186356],[136.878996,35.186341],[136.878962,35.186275],[136.878972,35.186003],[136.878972,35.185963],[136.878957,35.185611],[136.878948,35.185422],[136.878947,35.185387],[136.878941,35.185332],[136.878938,35.185299],[136.878907,35.185075],[136.878904,35.185005],[136.878896,35.184852],[136.878817,35.184478],[136.878781,35.184291],[136.878744,35.184102],[136.878768,35.184102],[136.878767,35.184094],[136.878673,35.183583],[136.878177,35.183568],[136.877992,35.183548],[136.877494,35.183523],[136.877078,35.183503],[136.875739,35.183481],[136.875157,35.183432],[136.874622,35.183395],[136.874332,35.183374],[136.8742,35.183361],[136.874034,35.183345],[136.873922,35.183338],[136.873819,35.183331],[136.873805,35.183321],[136.87363,35.183183],[136.873295,35.182921]]]}},{"type":"Feature","properties":{"name":"花の木","city":"名古屋市西区","code":"104","setai":1976,"jinko":3521,"n":3,"towns":["23104095091","23104095092","23104095093"],"lx":136.888793,"ly":35.187878},"geometry":{"type":"Polygon","coordinates":[[[136.886457,35.186401],[136.886556,35.186376],[136.88693,35.186262],[136.887398,35.186098],[136.88792,35.185955],[136.888549,35.185776],[136.888658,35.185744],[136.889439,35.18552],[136.88959,35.185478],[136.889931,35.185379],[136.890024,35.185354],[136.890584,35.185193],[136.890651,35.185604],[136.890703,35.186109],[136.890753,35.186585],[136.89076,35.186649],[136.890809,35.187129],[136.89081,35.18714],[136.890909,35.188031],[136.89093,35.188225],[136.890977,35.188661],[136.891043,35.1892],[136.891041,35.189231],[136.891021,35.189722],[136.891012,35.189866],[136.891009,35.189973],[136.891009,35.189999],[136.891002,35.190224],[136.890981,35.190552],[136.890956,35.190561],[136.890941,35.190762],[136.890912,35.191087],[136.890909,35.191115],[136.890889,35.191309],[136.890889,35.191329],[136.890851,35.191861],[136.890829,35.192179],[136.890794,35.192191],[136.890185,35.19217],[136.889914,35.19216],[136.889912,35.192216],[136.889603,35.1922],[136.888993,35.192169],[136.888948,35.192144],[136.888842,35.192139],[136.888119,35.19211],[136.88784,35.192098],[136.887678,35.192091],[136.887218,35.19207],[136.887219,35.191992],[136.887221,35.191888],[136.887221,35.191857],[136.887207,35.191757],[136.887205,35.191757],[136.887177,35.191508],[136.887177,35.191503],[136.887064,35.190672],[136.887062,35.190672],[136.886998,35.190203],[136.886963,35.189948],[136.886894,35.189444],[136.88689,35.189446],[136.886805,35.188784],[136.886711,35.18805],[136.886713,35.188049],[136.886679,35.187822],[136.886667,35.187746],[136.886632,35.187512],[136.886603,35.18733],[136.886582,35.187196],[136.886515,35.186769],[136.886457,35.186401]]]}},{"type":"Feature","properties":{"name":"花原町","city":"名古屋市西区","code":"104","setai":355,"jinko":793,"n":1,"towns":["231040980"],"lx":136.895583,"ly":35.226012},"geometry":{"type":"Polygon","coordinates":[[[136.891871,35.224597],[136.891321,35.224412],[136.891293,35.224403],[136.891275,35.224418],[136.889981,35.223992],[136.889788,35.224401],[136.88978,35.224419],[136.889774,35.22443],[136.889575,35.224853],[136.890983,35.225341],[136.892011,35.225686],[136.892314,35.225788],[136.892365,35.225805],[136.892719,35.225924],[136.893311,35.226122],[136.893854,35.226309],[136.893886,35.226313],[136.893906,35.22632],[136.895479,35.226853],[136.896563,35.227216],[136.896562,35.227203],[136.896429,35.226103],[136.896428,35.226091],[136.896326,35.225227],[136.896322,35.225218],[136.895736,35.22519],[136.895688,35.225188],[136.895667,35.225187],[136.895134,35.22512],[136.893976,35.224973],[136.893938,35.224968],[136.89393,35.224967],[136.893386,35.224897],[136.892918,35.224837],[136.892868,35.22483],[136.892433,35.224777],[136.892414,35.224774],[136.892406,35.224772],[136.891871,35.224597]]]}},{"type":"Feature","properties":{"name":"幅下","city":"名古屋市西区","code":"104","setai":1589,"jinko":2629,"n":2,"towns":["23104099091","23104099092"],"lx":136.892212,"ly":35.181124},"geometry":{"type":"Polygon","coordinates":[[[136.890053,35.178026],[136.89007,35.177819],[136.890073,35.177819],[136.890645,35.177778],[136.89125,35.177736],[136.89161,35.177711],[136.891612,35.177711],[136.891671,35.177706],[136.891838,35.177693],[136.891987,35.177681],[136.892027,35.177678],[136.892029,35.177677],[136.892819,35.177625],[136.893226,35.177598],[136.893268,35.177595],[136.893492,35.177582],[136.893813,35.179487],[136.89419,35.180769],[136.894258,35.18091],[136.894525,35.181799],[136.894635,35.182121],[136.894667,35.182193],[136.894488,35.182308],[136.89408,35.182571],[136.894075,35.182574],[136.894004,35.182675],[136.89399,35.18268],[136.893869,35.182726],[136.893833,35.182739],[136.893239,35.18291],[136.893213,35.182917],[136.893137,35.182939],[136.892654,35.183079],[136.89223,35.183202],[136.892227,35.183203],[136.892208,35.183208],[136.892182,35.183216],[136.891921,35.18329],[136.891767,35.183329],[136.891718,35.183342],[136.891375,35.183428],[136.891343,35.183438],[136.891241,35.183467],[136.891212,35.183475],[136.891127,35.183499],[136.891095,35.183508],[136.890685,35.183622],[136.89067,35.183626],[136.890615,35.18364],[136.890546,35.183659],[136.890545,35.183659],[136.890429,35.182842],[136.890351,35.182295],[136.890345,35.182296],[136.890289,35.181848],[136.890258,35.181598],[136.89017,35.180901],[136.890165,35.180902],[136.890145,35.180755],[136.890116,35.180545],[136.890114,35.180524],[136.890093,35.180257],[136.890094,35.18017],[136.890093,35.18017],[136.890087,35.179801],[136.890087,35.179749],[136.890085,35.179637],[136.890078,35.179173],[136.890075,35.178942],[136.890073,35.178942],[136.890071,35.178734],[136.890066,35.178289],[136.890063,35.178086],[136.890056,35.178087],[136.890053,35.178026]]]}},{"type":"Feature","properties":{"name":"樋の口町","city":"名古屋市西区","code":"104","setai":27,"jinko":63,"n":1,"towns":["231041010"],"lx":136.895672,"ly":35.185089},"geometry":{"type":"Polygon","coordinates":[[[136.895476,35.182655],[136.89531,35.182601],[136.895041,35.182649],[136.894959,35.182692],[136.895068,35.182981],[136.895266,35.183532],[136.895347,35.183734],[136.895391,35.183967],[136.895372,35.183989],[136.895331,35.184147],[136.895259,35.184493],[136.8952,35.184743],[136.89513,35.185424],[136.895111,35.185739],[136.89508,35.186079],[136.895082,35.186121],[136.895173,35.186357],[136.895282,35.186603],[136.895479,35.186944],[136.895617,35.187149],[136.89586,35.187451],[136.895888,35.187236],[136.895964,35.186671],[136.896047,35.186126],[136.896134,35.185432],[136.896222,35.184795],[136.896234,35.18472],[136.896211,35.184687],[136.895911,35.184639],[136.895843,35.184594],[136.895857,35.184328],[136.8959,35.183622],[136.895917,35.183399],[136.895992,35.182901],[136.895968,35.182889],[136.895623,35.182725],[136.895476,35.182655]]]}},{"type":"Feature","properties":{"name":"比良","city":"名古屋市西区","code":"104","setai":2018,"jinko":4896,"n":4,"towns":["23104102091","23104102092","23104102093","23104102094"],"lx":136.900356,"ly":35.228024},"geometry":{"type":"Polygon","coordinates":[[[136.896173,35.223899],[136.89619,35.223867],[136.896802,35.223929],[136.896825,35.223931],[136.898047,35.224044],[136.898086,35.224051],[136.899502,35.224284],[136.89951,35.224285],[136.90048,35.22441],[136.900495,35.224404],[136.900509,35.224405],[136.901118,35.224437],[136.901525,35.224455],[136.901568,35.224453],[136.90222,35.224429],[136.902659,35.224413],[136.903191,35.224389],[136.90484,35.224316],[136.906241,35.224281],[136.905932,35.22466],[136.905848,35.224746],[136.905805,35.224802],[136.905777,35.224883],[136.905618,35.225267],[136.905589,35.225317],[136.905401,35.225536],[136.905273,35.225721],[136.905192,35.225812],[136.904715,35.226059],[136.904585,35.226121],[136.90454,35.226187],[136.9045,35.22629],[136.904374,35.226891],[136.904138,35.227777],[136.904025,35.228201],[136.903979,35.228371],[136.903945,35.228544],[136.903909,35.228698],[136.903784,35.229612],[136.903747,35.230043],[136.903698,35.230474],[136.903981,35.230953],[136.904107,35.231171],[136.90412,35.231192],[136.904228,35.231379],[136.904222,35.231426],[136.904167,35.231836],[136.904165,35.231913],[136.904162,35.23198],[136.904141,35.232408],[136.904137,35.232517],[136.904125,35.232779],[136.904105,35.232957],[136.90409,35.233012],[136.904068,35.233089],[136.904061,35.233115],[136.904045,35.233155],[136.903993,35.233278],[136.903949,35.233362],[136.903846,35.233518],[136.903694,35.233701],[136.903649,35.233748],[136.903409,35.233989],[136.90329,35.23408],[136.90309,35.234202],[136.902896,35.234227],[136.902755,35.234235],[136.902513,35.234293],[136.902306,35.234326],[136.902119,35.234366],[136.901802,35.234362],[136.901469,35.234392],[136.901328,35.234423],[136.901059,35.234499],[136.900651,35.234617],[136.900403,35.234656],[136.899913,35.234705],[136.899567,35.234715],[136.899308,35.234729],[136.899368,35.234757],[136.899275,35.234758],[136.899122,35.234685],[136.898945,35.234642],[136.898484,35.234528],[136.89806,35.234373],[136.897236,35.23404],[136.897145,35.234003],[136.897407,35.233572],[136.897462,35.233482],[136.897569,35.233235],[136.897633,35.233037],[136.897655,35.232927],[136.897636,35.232914],[136.897558,35.232587],[136.897505,35.232251],[136.897455,35.232015],[136.897453,35.231995],[136.897329,35.23136],[136.897328,35.231359],[136.89717,35.230581],[136.89716,35.230529],[136.897068,35.230053],[136.896893,35.229145],[136.896886,35.229108],[136.896723,35.228299],[136.896649,35.227915],[136.896563,35.227216],[136.896562,35.227203],[136.896429,35.226103],[136.896428,35.226091],[136.896326,35.225227],[136.896324,35.225209],[136.896173,35.223899]]]}},{"type":"Feature","properties":{"name":"平出町","city":"名古屋市西区","code":"104","setai":525,"jinko":1260,"n":1,"towns":["231041060"],"lx":136.869969,"ly":35.228886},"geometry":{"type":"Polygon","coordinates":[[[136.868571,35.230798],[136.868679,35.230664],[136.869064,35.230685],[136.869076,35.230677],[136.86907,35.230578],[136.869161,35.230576],[136.869238,35.230575],[136.869266,35.230576],[136.869416,35.230768],[136.869433,35.230768],[136.869433,35.230769],[136.869959,35.230821],[136.870129,35.230819],[136.870207,35.23082],[136.87066,35.230859],[136.870668,35.230847],[136.870762,35.230702],[136.871303,35.229873],[136.871319,35.229848],[136.871655,35.229316],[136.871675,35.229285],[136.871876,35.228969],[136.872136,35.228531],[136.872387,35.228153],[136.872411,35.228117],[136.872429,35.228089],[136.872459,35.228043],[136.872682,35.227726],[136.872754,35.227623],[136.87298,35.227294],[136.87301,35.227243],[136.873021,35.227222],[136.873033,35.227202],[136.873094,35.227094],[136.873339,35.226717],[136.873287,35.226722],[136.8727,35.226848],[136.871974,35.227003],[136.871925,35.227014],[136.871232,35.22715],[136.870957,35.227204],[136.870722,35.227234],[136.870494,35.227239],[136.870094,35.227234],[136.870053,35.227233],[136.870018,35.227229],[136.869212,35.2272],[136.869192,35.227199],[136.86848,35.227167],[136.868425,35.227553],[136.868387,35.228009],[136.868349,35.22841],[136.868308,35.228891],[136.868275,35.22922],[136.868272,35.229248],[136.868195,35.229925],[136.868157,35.23039],[136.868137,35.230631],[136.868185,35.230633],[136.868169,35.230852],[136.868468,35.230871],[136.868508,35.230875],[136.868571,35.230798]]]}},{"type":"Feature","properties":{"name":"平中町","city":"名古屋市西区","code":"104","setai":653,"jinko":1459,"n":1,"towns":["231041070"],"lx":136.866555,"ly":35.225133},"geometry":{"type":"Polygon","coordinates":[[[136.866889,35.227137],[136.867734,35.227135],[136.86775,35.227136],[136.86848,35.227167],[136.868501,35.226878],[136.868525,35.226702],[136.868601,35.226419],[136.868717,35.226119],[136.868811,35.225922],[136.868914,35.22577],[136.868993,35.22562],[136.86921,35.225355],[136.869222,35.225344],[136.869246,35.225321],[136.869433,35.225147],[136.869746,35.224919],[136.869873,35.224845],[136.870149,35.224656],[136.868963,35.224038],[136.868929,35.22402],[136.868317,35.223724],[136.868266,35.2237],[136.86812,35.223637],[136.867351,35.223264],[136.867306,35.223251],[136.867173,35.22321],[136.867023,35.223145],[136.866524,35.222962],[136.86624,35.222858],[136.8658,35.222739],[136.865571,35.222677],[136.865231,35.222612],[136.864641,35.222488],[136.86464,35.222531],[136.864625,35.22254],[136.864596,35.222941],[136.864587,35.223053],[136.864571,35.223276],[136.864663,35.223546],[136.864685,35.223705],[136.864683,35.223851],[136.864628,35.224183],[136.864594,35.224407],[136.864563,35.224612],[136.864558,35.224647],[136.864552,35.224766],[136.86455,35.224801],[136.86451,35.225464],[136.864506,35.225579],[136.864499,35.226077],[136.864489,35.226191],[136.864482,35.22653],[136.864464,35.226676],[136.864431,35.227069],[136.864353,35.227562],[136.865083,35.227426],[136.865593,35.227333],[136.865608,35.22733],[136.866583,35.227159],[136.866859,35.227137],[136.866889,35.227137]]]}},{"type":"Feature","properties":{"name":"枇杷島","city":"名古屋市西区","code":"104","setai":3419,"jinko":7234,"n":5,"towns":["23104110091","23104110092","23104110093","23104110094","23104110095"],"lx":136.875096,"ly":35.193722},"geometry":{"type":"Polygon","coordinates":[[[136.865598,35.191652],[136.865645,35.19155],[136.865886,35.190973],[136.866003,35.190709],[136.866012,35.19069],[136.866053,35.190625],[136.866238,35.190387],[136.866339,35.190159],[136.866575,35.18975],[136.866712,35.189503],[136.867034,35.189037],[136.867172,35.188843],[136.867363,35.18862],[136.867468,35.188466],[136.867573,35.188342],[136.867725,35.188204],[136.867996,35.187915],[136.868153,35.187782],[136.868238,35.187685],[136.868524,35.187638],[136.868637,35.187684],[136.868799,35.187692],[136.869007,35.187681],[136.869206,35.18769],[136.869226,35.187692],[136.869399,35.18771],[136.869559,35.187755],[136.869728,35.187833],[136.870034,35.188021],[136.870195,35.188163],[136.870492,35.188334],[136.870622,35.188376],[136.870815,35.188376],[136.870813,35.188396],[136.870884,35.188402],[136.871138,35.188332],[136.871318,35.188262],[136.871412,35.188239],[136.871446,35.188239],[136.87164,35.188246],[136.871727,35.188278],[136.871793,35.188278],[136.872144,35.188419],[136.872291,35.188466],[136.872308,35.188486],[136.872768,35.188619],[136.872828,35.188603],[136.873091,35.188651],[136.873237,35.18861],[136.874122,35.188359],[136.87499,35.188112],[136.875258,35.188036],[136.875583,35.187944],[136.875824,35.188483],[136.87585,35.188548],[136.875893,35.188661],[136.876026,35.188904],[136.876046,35.188932],[136.875989,35.188932],[136.875432,35.189183],[136.875446,35.189195],[136.875469,35.18923],[136.875482,35.189238],[136.875506,35.189254],[136.875529,35.189274],[136.875563,35.189302],[136.87562,35.189334],[136.875852,35.189489],[136.87611,35.189713],[136.876112,35.189714],[136.876308,35.189982],[136.876328,35.189974],[136.876657,35.190361],[136.876848,35.190577],[136.87709,35.190849],[136.877096,35.190856],[136.877395,35.191178],[136.877613,35.191413],[136.877658,35.191462],[136.877784,35.191597],[136.877803,35.191617],[136.878155,35.192026],[136.878315,35.192211],[136.878397,35.192307],[136.878506,35.192432],[136.878851,35.192825],[136.879023,35.193015],[136.879248,35.193263],[136.879252,35.193269],[136.87961,35.193683],[136.879783,35.193882],[136.879958,35.194085],[136.879965,35.194092],[136.87997,35.194098],[136.880199,35.194347],[136.880326,35.194493],[136.880685,35.19491],[136.880695,35.19492],[136.881052,35.195322],[136.880216,35.195602],[136.879047,35.196002],[136.877869,35.196403],[136.876663,35.196802],[136.876611,35.196819],[136.875399,35.197223],[136.874271,35.197601],[136.873542,35.197846],[136.873495,35.197862],[136.873413,35.197763],[136.872957,35.196974],[136.872829,35.196751],[136.872723,35.196546],[136.872594,35.196298],[136.872485,35.196088],[136.872242,35.195619],[136.872175,35.195491],[136.872126,35.195417],[136.872105,35.195384],[136.871933,35.195098],[136.871798,35.194873],[136.871682,35.194822],[136.871505,35.194447],[136.871365,35.194186],[136.871251,35.193976],[136.87119,35.193868],[136.870711,35.193314],[136.870653,35.193253],[136.870654,35.193253],[136.869936,35.192469],[136.869031,35.192766],[136.869252,35.193008],[136.869116,35.193011],[136.868873,35.192849],[136.868387,35.192534],[136.868098,35.192354],[136.867619,35.192113],[136.867507,35.192081],[136.867338,35.19205],[136.866718,35.191904],[136.866103,35.191752],[136.865865,35.191703],[136.865598,35.191652]]]}},{"type":"Feature","properties":{"name":"二方町","city":"名古屋市西区","code":"104","setai":1061,"jinko":2886,"n":1,"towns":["231041170"],"lx":136.884183,"ly":35.22577},"geometry":{"type":"Polygon","coordinates":[[[136.879755,35.223456],[136.878839,35.2234],[136.87883,35.223419],[136.878723,35.223641],[136.878529,35.224057],[136.878308,35.224533],[136.878197,35.224771],[136.878187,35.224793],[136.877785,35.225669],[136.878103,35.225782],[136.878543,35.225912],[136.878904,35.226025],[136.879109,35.226082],[136.879256,35.226142],[136.879515,35.226207],[136.880676,35.226587],[136.880737,35.226607],[136.880748,35.22661],[136.880985,35.226688],[136.881149,35.226744],[136.881706,35.226934],[136.882242,35.227117],[136.882605,35.227241],[136.882811,35.227311],[136.88297,35.227365],[136.883673,35.227605],[136.883819,35.227643],[136.885087,35.228096],[136.885043,35.228174],[136.88514,35.228214],[136.885881,35.228523],[136.885885,35.228525],[136.885898,35.228532],[136.885901,35.228519],[136.885934,35.228352],[136.88594,35.228266],[136.885953,35.22803],[136.885969,35.227815],[136.886007,35.227626],[136.886021,35.227448],[136.88603,35.227302],[136.886032,35.227261],[136.886058,35.226645],[136.886059,35.226612],[136.886071,35.22617],[136.886089,35.225689],[136.886093,35.225575],[136.886107,35.225149],[136.886127,35.224468],[136.886134,35.224311],[136.886118,35.224306],[136.885602,35.224161],[136.88507,35.224007],[136.884838,35.223961],[136.883894,35.223773],[136.883563,35.223741],[136.882364,35.223626],[136.881401,35.223556],[136.880787,35.223518],[136.879755,35.223456]]]}},{"type":"Feature","properties":{"name":"宝地町","city":"名古屋市西区","code":"104","setai":606,"jinko":1414,"n":1,"towns":["231041180"],"lx":136.894787,"ly":35.223695},"geometry":{"type":"Polygon","coordinates":[[[136.896324,35.225209],[136.896173,35.223899],[136.89619,35.223867],[136.896022,35.222436],[136.895416,35.222377],[136.895385,35.222373],[136.894042,35.222255],[136.892785,35.22215],[136.892748,35.222147],[136.891426,35.222027],[136.890108,35.22192],[136.890107,35.221931],[136.890078,35.222424],[136.890091,35.222869],[136.890085,35.223331],[136.890037,35.223645],[136.889981,35.223992],[136.891275,35.224418],[136.891293,35.224403],[136.891321,35.224412],[136.891871,35.224597],[136.892406,35.224772],[136.892414,35.224774],[136.892433,35.224777],[136.892868,35.22483],[136.892918,35.224837],[136.893386,35.224897],[136.89393,35.224967],[136.893938,35.224968],[136.893976,35.224973],[136.895134,35.22512],[136.895667,35.225187],[136.895688,35.225188],[136.895736,35.22519],[136.896322,35.225218],[136.896326,35.225227],[136.896324,35.225209]]]}},{"type":"Feature","properties":{"name":"堀越","city":"名古屋市西区","code":"104","setai":288,"jinko":681,"n":3,"towns":["23104120091","23104120092","23104120093"],"lx":136.878836,"ly":35.200124},"geometry":{"type":"Polygon","coordinates":[[[136.874946,35.20109],[136.874975,35.201013],[136.876163,35.200594],[136.876248,35.200564],[136.876389,35.200514],[136.87639,35.200485],[136.876346,35.200281],[136.876109,35.199169],[136.87599,35.198641],[136.875871,35.198118],[136.877108,35.197688],[136.877105,35.197683],[136.877448,35.197568],[136.87845,35.197625],[136.878786,35.197644],[136.879781,35.197694],[136.879838,35.197684],[136.880217,35.197696],[136.880364,35.197705],[136.881324,35.197818],[136.881657,35.19785],[136.881676,35.197853],[136.881599,35.198366],[136.881481,35.199158],[136.881389,35.199774],[136.881246,35.200732],[136.881246,35.200733],[136.881273,35.201196],[136.881284,35.201374],[136.88131,35.201814],[136.88132,35.201984],[136.881365,35.202752],[136.881365,35.202753],[136.881351,35.202807],[136.881307,35.202879],[136.881308,35.202879],[136.881307,35.20288],[136.88126,35.202943],[136.881187,35.203001],[136.881084,35.203064],[136.881021,35.203064],[136.880403,35.203071],[136.880367,35.203072],[136.879725,35.203078],[136.879164,35.203081],[136.879176,35.20319],[136.87909,35.20319],[136.878974,35.203188],[136.878781,35.20321],[136.878622,35.20324],[136.878032,35.2034],[136.877932,35.203429],[136.87826,35.204091],[136.87857,35.204655],[136.878922,35.205006],[136.879073,35.205112],[136.879586,35.205477],[136.88024,35.205837],[136.880374,35.205903],[136.881324,35.206374],[136.881331,35.206377],[136.881497,35.206438],[136.882079,35.206635],[136.882941,35.206919],[136.883049,35.206953],[136.883575,35.207117],[136.884833,35.207468],[136.884826,35.207506],[136.884713,35.207782],[136.884243,35.209307],[136.883115,35.208909],[136.882602,35.208646],[136.882283,35.208446],[136.880594,35.20739],[136.879767,35.206872],[136.879265,35.206558],[136.878592,35.206118],[136.878502,35.205965],[136.878457,35.205888],[136.878303,35.205781],[136.87805,35.205621],[136.877604,35.205314],[136.877119,35.204764],[136.876458,35.204081],[136.876329,35.203875],[136.876078,35.203449],[136.875969,35.203235],[136.875806,35.202884],[136.875689,35.202656],[136.875418,35.202046],[136.875183,35.201581],[136.875078,35.201363],[136.874971,35.201142],[136.874946,35.20109]]]}},{"type":"Feature","properties":{"name":"堀端町","city":"名古屋市西区","code":"104","setai":63,"jinko":146,"n":1,"towns":["231041230"],"lx":136.898332,"ly":35.188166},"geometry":{"type":"Polygon","coordinates":[[[136.897375,35.187357],[136.895888,35.187236],[136.89586,35.187451],[136.895853,35.18751],[136.896191,35.187805],[136.896377,35.18795],[136.896634,35.188159],[136.89675,35.188252],[136.897118,35.188467],[136.897291,35.188511],[136.897478,35.188578],[136.897736,35.188687],[136.898009,35.188826],[136.898246,35.18897],[136.898478,35.189134],[136.89869,35.189291],[136.898961,35.18954],[136.898944,35.189473],[136.899009,35.188788],[136.899074,35.188142],[136.899136,35.187526],[136.899141,35.187477],[136.898626,35.18745],[136.898027,35.187408],[136.897375,35.187357]]]}},{"type":"Feature","properties":{"name":"桝形町","city":"名古屋市西区","code":"104","setai":39,"jinko":94,"n":1,"towns":["231041240"],"lx":136.900869,"ly":35.209031},"geometry":{"type":"Polygon","coordinates":[[[136.900787,35.208214],[136.900778,35.208161],[136.900621,35.208189],[136.900613,35.208241],[136.90053,35.208584],[136.900522,35.208617],[136.900375,35.209338],[136.900715,35.209423],[136.900666,35.209836],[136.901114,35.209861],[136.901203,35.2099],[136.901248,35.209704],[136.901316,35.209398],[136.901379,35.209114],[136.901455,35.209069],[136.900993,35.208524],[136.900826,35.208293],[136.900787,35.208214]]]}},{"type":"Feature","properties":{"name":"又穂町","city":"名古屋市西区","code":"104","setai":975,"jinko":1773,"n":6,"towns":["23104125001","23104125002","23104125003","23104125004","23104125005","23104125006"],"lx":136.898628,"ly":35.205025},"geometry":{"type":"Polygon","coordinates":[[[136.891481,35.205023],[136.891533,35.205033],[136.891807,35.205034],[136.893153,35.205042],[136.893152,35.20502],[136.893097,35.204248],[136.893268,35.204261],[136.893306,35.204257],[136.893307,35.204104],[136.894408,35.204106],[136.894447,35.204106],[136.895422,35.204109],[136.895429,35.204262],[136.895653,35.204258],[136.895704,35.204257],[136.895705,35.204109],[136.896992,35.204106],[136.897061,35.204106],[136.897061,35.204113],[136.897096,35.204112],[136.897096,35.203925],[136.898834,35.203915],[136.898867,35.203914],[136.899386,35.203911],[136.899387,35.203931],[136.899388,35.204053],[136.899389,35.204108],[136.900126,35.204113],[136.900128,35.204158],[136.900373,35.204136],[136.900375,35.20416],[136.90038,35.204205],[136.900389,35.204303],[136.900397,35.20438],[136.900441,35.204607],[136.900445,35.204673],[136.900458,35.204862],[136.900491,35.205044],[136.900553,35.205428],[136.900569,35.205604],[136.900619,35.20586],[136.900658,35.206107],[136.899655,35.206098],[136.899647,35.205943],[136.899546,35.20595],[136.899542,35.206088],[136.898934,35.20609],[136.898929,35.206139],[136.898565,35.206143],[136.898566,35.206159],[136.898558,35.206283],[136.89839,35.206282],[136.898293,35.206281],[136.898294,35.206083],[136.898004,35.206092],[136.897586,35.206102],[136.897051,35.206102],[136.896715,35.206099],[136.895685,35.206093],[136.895665,35.206092],[136.895512,35.206093],[136.895192,35.206085],[136.894664,35.206081],[136.893295,35.206081],[136.8919,35.206057],[136.891568,35.206056],[136.891568,35.206051],[136.891566,35.206021],[136.891545,35.206019],[136.891542,35.205894],[136.89154,35.205851],[136.891614,35.205848],[136.891614,35.205628],[136.891509,35.20563],[136.891502,35.205557],[136.891497,35.205435],[136.891481,35.205023]]]}},{"type":"Feature","properties":{"name":"丸野","city":"名古屋市西区","code":"104","setai":114,"jinko":173,"n":2,"towns":["23104128091","23104128092"],"lx":136.867026,"ly":35.219107},"geometry":{"type":"Polygon","coordinates":[[[136.863016,35.215427],[136.86324,35.215434],[136.863574,35.215265],[136.863727,35.215449],[136.863754,35.215479],[136.86382,35.215452],[136.863913,35.215411],[136.863954,35.215456],[136.864147,35.215462],[136.864306,35.2153],[136.864105,35.215065],[136.864253,35.214983],[136.864268,35.214923],[136.8643,35.214901],[136.864311,35.214869],[136.864298,35.214783],[136.864344,35.214764],[136.864226,35.214303],[136.864173,35.213948],[136.864231,35.213913],[136.864087,35.213724],[136.864153,35.213686],[136.864671,35.213397],[136.864918,35.213683],[136.864902,35.213692],[136.865269,35.214136],[136.865635,35.214576],[136.86592,35.214915],[136.866222,35.215275],[136.865666,35.215566],[136.866031,35.215997],[136.866364,35.216389],[136.866693,35.216776],[136.867088,35.217241],[136.867731,35.21801],[136.868384,35.218789],[136.869051,35.219587],[136.867702,35.220171],[136.866585,35.220654],[136.86634,35.220302],[136.866128,35.219996],[136.86602,35.219841],[136.865467,35.219044],[136.864896,35.218222],[136.864636,35.217849],[136.864515,35.217676],[136.864465,35.217602],[136.864191,35.217189],[136.864089,35.217035],[136.863772,35.216558],[136.86377,35.216555],[136.863587,35.21628],[136.863016,35.215427]]]}},{"type":"Feature","properties":{"name":"万代町","city":"名古屋市西区","code":"104","setai":309,"jinko":612,"n":2,"towns":["23104130001","23104130002"],"lx":136.884158,"ly":35.197984},"geometry":{"type":"Polygon","coordinates":[[[136.882912,35.197455],[136.88306,35.19737],[136.883169,35.197342],[136.883654,35.197348],[136.88403,35.197353],[136.884032,35.197383],[136.88497,35.197388],[136.886438,35.197409],[136.887562,35.197423],[136.888044,35.19743],[136.888043,35.197198],[136.888186,35.197201],[136.888348,35.197202],[136.888344,35.197434],[136.888759,35.19744],[136.889057,35.197446],[136.889058,35.197639],[136.889737,35.197651],[136.889712,35.198047],[136.889706,35.198218],[136.889182,35.198261],[136.889175,35.198278],[136.888159,35.198307],[136.88773,35.198326],[136.887711,35.198327],[136.887694,35.198212],[136.887267,35.198208],[136.887175,35.198207],[136.88655,35.1982],[136.886559,35.198288],[136.886531,35.198291],[136.886327,35.198308],[136.886131,35.198311],[136.886111,35.198311],[136.886117,35.198572],[136.88592,35.198577],[136.8855,35.198575],[136.885358,35.198581],[136.885335,35.198581],[136.884846,35.198579],[136.884849,35.198699],[136.88474,35.198697],[136.884733,35.198579],[136.884611,35.198579],[136.884609,35.198698],[136.884456,35.1987],[136.884459,35.198578],[136.884431,35.198578],[136.884164,35.198584],[136.88394,35.19865],[136.883746,35.19843],[136.883755,35.198432],[136.883499,35.198151],[136.883478,35.198088],[136.883301,35.197889],[136.883186,35.197763],[136.883077,35.197635],[136.882912,35.197455]]]}},{"type":"Feature","properties":{"name":"南川町","city":"名古屋市西区","code":"104","setai":751,"jinko":1387,"n":1,"towns":["231041320"],"lx":136.882906,"ly":35.219514},"geometry":{"type":"Polygon","coordinates":[[[136.883469,35.217538],[136.883426,35.217466],[136.882799,35.217805],[136.881815,35.218336],[136.880194,35.219212],[136.880187,35.219215],[136.879552,35.219554],[136.879581,35.219576],[136.880547,35.220261],[136.881733,35.22073],[136.882789,35.221136],[136.882802,35.22114],[136.883321,35.221299],[136.883571,35.221334],[136.883851,35.221373],[136.885147,35.221483],[136.886204,35.221573],[136.886049,35.221363],[136.885489,35.220545],[136.88474,35.219448],[136.884107,35.218513],[136.883809,35.218069],[136.883584,35.217717],[136.883469,35.217538]]]}},{"type":"Feature","properties":{"name":"南堀越","city":"名古屋市西区","code":"104","setai":651,"jinko":1449,"n":2,"towns":["23104133091","23104133092"],"lx":136.87471,"ly":35.198809},"geometry":{"type":"Polygon","coordinates":[[[136.869031,35.192766],[136.869936,35.192469],[136.870654,35.193253],[136.870653,35.193253],[136.870711,35.193314],[136.87119,35.193868],[136.871251,35.193976],[136.871365,35.194186],[136.871505,35.194447],[136.871682,35.194822],[136.871798,35.194873],[136.871933,35.195098],[136.872105,35.195384],[136.872126,35.195417],[136.872175,35.195491],[136.872242,35.195619],[136.872485,35.196088],[136.872594,35.196298],[136.872723,35.196546],[136.872829,35.196751],[136.872957,35.196974],[136.873413,35.197763],[136.873495,35.197862],[136.873542,35.197846],[136.874271,35.197601],[136.875399,35.197223],[136.876611,35.196819],[136.876663,35.196802],[136.877869,35.196403],[136.879047,35.196002],[136.880216,35.195602],[136.881052,35.195322],[136.881223,35.19552],[136.881222,35.195531],[136.881398,35.195731],[136.8814,35.195734],[136.881409,35.195744],[136.881453,35.195796],[136.882043,35.196474],[136.882403,35.196888],[136.882576,35.197088],[136.882183,35.197334],[136.88205,35.197417],[136.881687,35.197773],[136.881676,35.197853],[136.881657,35.19785],[136.881324,35.197818],[136.880364,35.197705],[136.880217,35.197696],[136.879838,35.197684],[136.879781,35.197694],[136.878786,35.197644],[136.87845,35.197625],[136.877448,35.197568],[136.877105,35.197683],[136.877108,35.197688],[136.875871,35.198118],[136.87599,35.198641],[136.876109,35.199169],[136.876346,35.200281],[136.87639,35.200485],[136.876389,35.200514],[136.876248,35.200564],[136.876163,35.200594],[136.874975,35.201013],[136.874627,35.20063],[136.874589,35.200588],[136.874563,35.20056],[136.874222,35.200187],[136.873617,35.199515],[136.8734,35.199247],[136.873153,35.198929],[136.873149,35.198924],[136.872563,35.198175],[136.872442,35.198007],[136.872329,35.197829],[136.872322,35.197819],[136.871989,35.197299],[136.871576,35.196633],[136.871481,35.196497],[136.871345,35.19627],[136.871032,35.195763],[136.870849,35.195481],[136.870739,35.195331],[136.870567,35.195058],[136.870532,35.195],[136.870498,35.194944],[136.870277,35.194579],[136.870035,35.194183],[136.869832,35.193853],[136.869749,35.19372],[136.869734,35.193697],[136.86959,35.193472],[136.869443,35.193223],[136.869252,35.193008],[136.869031,35.192766]]]}},{"type":"Feature","properties":{"name":"見寄町","city":"名古屋市西区","code":"104","setai":118,"jinko":261,"n":1,"towns":["231041350"],"lx":136.863234,"ly":35.220844},"geometry":{"type":"Polygon","coordinates":[[[136.864641,35.222488],[136.864652,35.221842],[136.86466,35.221377],[136.86466,35.221359],[136.864662,35.220853],[136.864644,35.220452],[136.864597,35.219441],[136.864574,35.218957],[136.864552,35.218485],[136.864527,35.217938],[136.864636,35.217849],[136.864515,35.217676],[136.864465,35.217602],[136.864191,35.217189],[136.864089,35.217035],[136.863772,35.216558],[136.86377,35.216555],[136.863219,35.217647],[136.862879,35.218337],[136.862436,35.219234],[136.862195,35.219726],[136.861969,35.220185],[136.861742,35.220649],[136.86153,35.22108],[136.861299,35.221551],[136.861056,35.222047],[136.861048,35.222047],[136.86103,35.222088],[136.861637,35.222139],[136.862488,35.222211],[136.862609,35.222221],[136.862651,35.222225],[136.864018,35.222343],[136.864095,35.22235],[136.86422,35.222358],[136.864629,35.222486],[136.864641,35.222488]]]}},{"type":"Feature","properties":{"name":"名駅","city":"名古屋市西区","code":"104","setai":1526,"jinko":2196,"n":3,"towns":["23104136091","23104136092","23104136093"],"lx":136.884911,"ly":35.176709},"geometry":{"type":"MultiPolygon","coordinates":[[[[136.879466,35.177569],[136.879795,35.177254],[136.879881,35.177172],[136.880803,35.176292],[136.880813,35.176316],[136.881167,35.175871],[136.881426,35.17555],[136.881443,35.175521],[136.881764,35.175138],[136.882159,35.175343],[136.882083,35.175443],[136.882113,35.175457],[136.882223,35.175501],[136.882274,35.175722],[136.88231,35.175991],[136.882337,35.1762],[136.88287,35.176046],[136.883308,35.17592],[136.883311,35.175857],[136.883451,35.175786],[136.883452,35.175698],[136.883547,35.175645],[136.883729,35.175741],[136.883788,35.175837],[136.883875,35.175875],[136.884012,35.175878],[136.884226,35.175756],[136.884408,35.175658],[136.884604,35.175502],[136.88461,35.175455],[136.884625,35.175329],[136.884646,35.175314],[136.885207,35.175244],[136.885634,35.175181],[136.88563,35.175024],[136.885629,35.17498],[136.885626,35.174835],[136.885694,35.174691],[136.885693,35.174689],[136.885666,35.174516],[136.885777,35.174513],[136.885852,35.174511],[136.885849,35.174446],[136.88585,35.174446],[136.885918,35.174449],[136.886112,35.174443],[136.886277,35.174387],[136.886557,35.174315],[136.886675,35.174279],[136.886989,35.174185],[136.88703,35.174161],[136.887164,35.174145],[136.887612,35.174024],[136.887625,35.17402],[136.887927,35.173944],[136.888116,35.173919],[136.888174,35.174005],[136.888197,35.174006],[136.888198,35.174049],[136.888199,35.174236],[136.888198,35.174287],[136.888196,35.17436],[136.888192,35.174549],[136.888189,35.174645],[136.887772,35.174748],[136.887621,35.174784],[136.887351,35.174854],[136.887262,35.174877],[136.886985,35.174947],[136.886029,35.175212],[136.886058,35.175228],[136.886058,35.175287],[136.886057,35.175409],[136.886061,35.175732],[136.886069,35.176327],[136.886074,35.17662],[136.886077,35.176802],[136.886082,35.177071],[136.886084,35.177183],[136.886084,35.177398],[136.886085,35.177584],[136.886085,35.177683],[136.886086,35.177933],[136.885998,35.177935],[136.885615,35.177942],[136.885615,35.177965],[136.885603,35.177923],[136.884977,35.17788],[136.884539,35.177849],[136.884539,35.177856],[136.884063,35.177823],[136.883722,35.177793],[136.883584,35.177781],[136.883066,35.177723],[136.883069,35.177767],[136.883007,35.177764],[136.882549,35.177732],[136.882518,35.17773],[136.881937,35.177694],[136.881354,35.177633],[136.88118,35.177621],[136.880422,35.177566],[136.880299,35.177563],[136.880155,35.177562],[136.879931,35.177559],[136.879466,35.177569]]],[[[136.879741,35.174127],[136.879981,35.173529],[136.880197,35.172864],[136.880295,35.172231],[136.880392,35.172152],[136.880409,35.172022],[136.880421,35.171738],[136.88053,35.171438],[136.880578,35.171433],[136.880677,35.17123],[136.880961,35.171146],[136.881985,35.170917],[136.882132,35.171766],[136.882168,35.171972],[136.882101,35.172952],[136.882028,35.173487],[136.882092,35.173761],[136.882089,35.173829],[136.880648,35.174012],[136.880552,35.174024],[136.879741,35.174127]]]]}},{"type":"Feature","properties":{"name":"八筋町","city":"名古屋市西区","code":"104","setai":787,"jinko":1711,"n":1,"towns":["231041400"],"lx":136.87948,"ly":35.22167},"geometry":{"type":"Polygon","coordinates":[[[136.88618,35.223],[136.886239,35.222067],[136.886263,35.221578],[136.886204,35.221573],[136.885147,35.221483],[136.883851,35.221373],[136.883571,35.221334],[136.883321,35.221299],[136.882802,35.22114],[136.882789,35.221136],[136.881733,35.22073],[136.880547,35.220261],[136.879581,35.219576],[136.878641,35.220065],[136.878627,35.220122],[136.878434,35.220176],[136.878162,35.220317],[136.877038,35.220901],[136.877005,35.220918],[136.876603,35.221125],[136.87622,35.221322],[136.876198,35.221347],[136.876107,35.221453],[136.876915,35.222178],[136.876932,35.222192],[136.877491,35.222668],[136.877492,35.222666],[136.877737,35.222869],[136.878609,35.223289],[136.878717,35.223309],[136.878865,35.223336],[136.878839,35.2234],[136.879755,35.223456],[136.880787,35.223518],[136.881401,35.223556],[136.882364,35.223626],[136.883563,35.223741],[136.883894,35.223773],[136.884838,35.223961],[136.88507,35.224007],[136.885602,35.224161],[136.886118,35.224306],[136.88612,35.224255],[136.886147,35.223709],[136.88618,35.223]]]}},{"type":"Feature","properties":{"name":"山木","city":"名古屋市西区","code":"104","setai":1010,"jinko":2319,"n":2,"towns":["23104141091","23104141092"],"lx":136.87199,"ly":35.225071},"geometry":{"type":"Polygon","coordinates":[[[136.865666,35.215566],[136.866222,35.215275],[136.866582,35.215702],[136.866853,35.216023],[136.866917,35.216099],[136.867218,35.216457],[136.867248,35.216493],[136.867569,35.216875],[136.867661,35.216985],[136.867817,35.217171],[136.868057,35.217458],[136.868306,35.217747],[136.86833,35.21775],[136.868531,35.217999],[136.868961,35.218533],[136.868974,35.218548],[136.869303,35.218945],[136.869629,35.219337],[136.870014,35.219801],[136.870351,35.220204],[136.870586,35.220485],[136.870679,35.220597],[136.870909,35.22087],[136.871048,35.221036],[136.87116,35.22117],[136.871351,35.221398],[136.871456,35.221525],[136.871637,35.221744],[136.871788,35.221926],[136.871926,35.222091],[136.872163,35.222382],[136.872517,35.222814],[136.872654,35.222981],[136.872812,35.223175],[136.872856,35.223228],[136.872875,35.223258],[136.872941,35.223325],[136.872999,35.223363],[136.873,35.223364],[136.873132,35.223526],[136.873541,35.223971],[136.873777,35.224199],[136.874023,35.224487],[136.874106,35.224549],[136.874219,35.224667],[136.874329,35.224717],[136.874362,35.224744],[136.87443,35.224802],[136.874606,35.224919],[136.874973,35.225186],[136.8748,35.225434],[136.874581,35.225302],[136.874143,35.225014],[136.874075,35.225158],[136.873869,35.225597],[136.87385,35.225638],[136.873568,35.22624],[136.873557,35.226263],[136.873394,35.226633],[136.873339,35.226717],[136.873287,35.226722],[136.8727,35.226848],[136.871974,35.227003],[136.871925,35.227014],[136.871232,35.22715],[136.870957,35.227204],[136.870722,35.227234],[136.870494,35.227239],[136.870094,35.227234],[136.870053,35.227233],[136.870018,35.227229],[136.869212,35.2272],[136.869192,35.227199],[136.86848,35.227167],[136.868501,35.226878],[136.868525,35.226702],[136.868601,35.226419],[136.868717,35.226119],[136.868811,35.225922],[136.868914,35.22577],[136.868993,35.22562],[136.86921,35.225355],[136.869222,35.225344],[136.869246,35.225321],[136.869433,35.225147],[136.869746,35.224919],[136.869873,35.224845],[136.870149,35.224656],[136.868963,35.224038],[136.868929,35.22402],[136.868317,35.223724],[136.868318,35.223721],[136.868003,35.22281],[136.867882,35.222617],[136.867776,35.222447],[136.867726,35.222317],[136.867719,35.222298],[136.867147,35.221469],[136.866585,35.220654],[136.867702,35.220171],[136.869051,35.219587],[136.868384,35.218789],[136.867731,35.21801],[136.867088,35.217241],[136.866693,35.216776],[136.866364,35.216389],[136.866031,35.215997],[136.865666,35.215566]]]}},{"type":"Feature","properties":{"name":"山田町大字上小田井","city":"名古屋市西区","code":"104","setai":0,"jinko":0,"n":1,"towns":["231041430"],"lx":136.886832,"ly":35.214632},"geometry":{"type":"Polygon","coordinates":[[[136.884438,35.215951],[136.884767,35.215958],[136.885362,35.215918],[136.886038,35.215823],[136.887211,35.21541],[136.887735,35.215223],[136.887842,35.215164],[136.888684,35.214694],[136.888698,35.214707],[136.888707,35.214702],[136.889151,35.214456],[136.889186,35.214436],[136.889343,35.214348],[136.889504,35.214234],[136.889616,35.214142],[136.889689,35.214062],[136.889924,35.213834],[136.889961,35.21379],[136.890069,35.213664],[136.890224,35.213447],[136.890376,35.213126],[136.890394,35.21313],[136.890422,35.21305],[136.890901,35.211696],[136.890925,35.211633],[136.890715,35.211547],[136.889646,35.213181],[136.88895,35.213375],[136.888393,35.21352],[136.888096,35.213599],[136.887909,35.213648],[136.887907,35.213635],[136.887904,35.213289],[136.887858,35.213291],[136.887838,35.213292],[136.887588,35.213304],[136.887587,35.213345],[136.887578,35.213689],[136.887042,35.213745],[136.886404,35.213814],[136.886188,35.214063],[136.886102,35.214156],[136.886085,35.214175],[136.886006,35.214291],[136.885973,35.214354],[136.885926,35.214443],[136.885879,35.214563],[136.885805,35.214845],[136.885792,35.214883],[136.88575,35.214945],[136.885702,35.214994],[136.885569,35.215075],[136.885493,35.215116],[136.885398,35.215161],[136.885119,35.21525],[136.884799,35.215306],[136.884652,35.215293],[136.884544,35.215272],[136.884181,35.215181],[136.883636,35.214927],[136.883593,35.214902],[136.883425,35.214805],[136.882999,35.214634],[136.882834,35.214595],[136.88272,35.214539],[136.88261,35.214411],[136.882491,35.214244],[136.882458,35.214173],[136.882421,35.214106],[136.882169,35.213433],[136.882054,35.21312],[136.881722,35.21245],[136.881641,35.212287],[136.880697,35.212025],[136.880319,35.2119],[136.879543,35.212669],[136.879519,35.212657],[136.879411,35.212758],[136.879455,35.212789],[136.879753,35.212996],[136.880054,35.213223],[136.880282,35.213334],[136.880642,35.213508],[136.880919,35.213773],[136.881158,35.214],[136.881414,35.214259],[136.881444,35.21429],[136.881445,35.214288],[136.882111,35.214989],[136.882163,35.21504],[136.882172,35.215072],[136.882256,35.215025],[136.882496,35.215276],[136.882371,35.215378],[136.882403,35.215401],[136.882718,35.21561],[136.882789,35.215627],[136.883156,35.215715],[136.883473,35.215817],[136.883839,35.215937],[136.883908,35.215939],[136.884438,35.21595],[136.884438,35.215951]]]}},{"type":"Feature","properties":{"name":"栄生","city":"名古屋市西区","code":"104","setai":2416,"jinko":4159,"n":3,"towns":["23104145091","23104145092","23104145093"],"lx":136.873969,"ly":35.185827},"geometry":{"type":"Polygon","coordinates":[[[136.868238,35.187685],[136.868305,35.187624],[136.868429,35.187504],[136.86852,35.187538],[136.869235,35.186879],[136.869865,35.186283],[136.86991,35.18624],[136.870793,35.185408],[136.870922,35.185287],[136.871391,35.184845],[136.871403,35.184703],[136.87148,35.18461],[136.871598,35.184653],[136.871835,35.184432],[136.871964,35.184312],[136.872297,35.183999],[136.872603,35.183726],[136.872803,35.183541],[136.872739,35.183476],[136.873295,35.182921],[136.87363,35.183183],[136.873805,35.183321],[136.873819,35.183331],[136.873922,35.183338],[136.874034,35.183345],[136.8742,35.183361],[136.874332,35.183374],[136.874622,35.183395],[136.875157,35.183432],[136.875739,35.183481],[136.877078,35.183503],[136.877494,35.183523],[136.877992,35.183548],[136.878177,35.183568],[136.878673,35.183583],[136.878767,35.184094],[136.878768,35.184102],[136.878744,35.184102],[136.878781,35.184291],[136.878817,35.184478],[136.878896,35.184852],[136.878904,35.185005],[136.878907,35.185075],[136.878938,35.185299],[136.878941,35.185332],[136.878947,35.185387],[136.878948,35.185422],[136.878957,35.185611],[136.878972,35.185963],[136.878972,35.186003],[136.878962,35.186275],[136.878996,35.186341],[136.879003,35.186356],[136.879189,35.186785],[136.879242,35.186901],[136.879083,35.186945],[136.878416,35.187135],[136.878167,35.187206],[136.878144,35.187213],[136.878088,35.187229],[136.877894,35.187284],[136.877429,35.187417],[136.876872,35.187576],[136.876332,35.187731],[136.87613,35.187788],[136.876068,35.187806],[136.875793,35.187884],[136.87564,35.187928],[136.875583,35.187944],[136.875258,35.188036],[136.87499,35.188112],[136.874122,35.188359],[136.873237,35.18861],[136.873091,35.188651],[136.872828,35.188603],[136.872768,35.188619],[136.872308,35.188486],[136.872291,35.188466],[136.872144,35.188419],[136.871793,35.188278],[136.871727,35.188278],[136.87164,35.188246],[136.871446,35.188239],[136.871412,35.188239],[136.871318,35.188262],[136.871138,35.188332],[136.870884,35.188402],[136.870813,35.188396],[136.870815,35.188376],[136.870622,35.188376],[136.870492,35.188334],[136.870195,35.188163],[136.870034,35.188021],[136.869728,35.187833],[136.869559,35.187755],[136.869399,35.18771],[136.869226,35.187692],[136.869206,35.18769],[136.869007,35.187681],[136.868799,35.187692],[136.868637,35.187684],[136.868524,35.187638],[136.868238,35.187685]]]}},{"type":"Feature","properties":{"name":"名西","city":"名古屋市西区","code":"104","setai":1958,"jinko":4408,"n":2,"towns":["23104146091","23104146092"],"lx":136.880765,"ly":35.189134},"geometry":{"type":"Polygon","coordinates":[[[136.875432,35.189183],[136.875989,35.188932],[136.876046,35.188932],[136.876026,35.188904],[136.875893,35.188661],[136.87585,35.188548],[136.875824,35.188483],[136.875583,35.187944],[136.87564,35.187928],[136.875793,35.187884],[136.876068,35.187806],[136.87613,35.187788],[136.876332,35.187731],[136.876872,35.187576],[136.877429,35.187417],[136.877894,35.187284],[136.878088,35.187229],[136.878144,35.187213],[136.878167,35.187206],[136.878416,35.187135],[136.879083,35.186945],[136.879242,35.186901],[136.879249,35.186899],[136.879657,35.186781],[136.879789,35.186743],[136.880405,35.186564],[136.88071,35.186476],[136.880804,35.186449],[136.880806,35.186448],[136.881048,35.186377],[136.881381,35.186278],[136.881467,35.186253],[136.881542,35.186231],[136.881924,35.186118],[136.882114,35.186062],[136.882874,35.185843],[136.883277,35.185726],[136.88328,35.186067],[136.88328,35.186068],[136.883212,35.186541],[136.883204,35.186568],[136.883124,35.186867],[136.883118,35.186894],[136.88306,35.18718],[136.883094,35.18736],[136.883203,35.188085],[136.883252,35.188387],[136.883285,35.188617],[136.883457,35.189822],[136.883559,35.190488],[136.883619,35.190885],[136.883663,35.191272],[136.883673,35.19133],[136.883675,35.191341],[136.88372,35.19159],[136.883782,35.191869],[136.883673,35.191882],[136.88334,35.191871],[136.883263,35.191847],[136.88323,35.191846],[136.882728,35.191818],[136.882537,35.191808],[136.881962,35.191772],[136.881646,35.191755],[136.880797,35.191708],[136.879467,35.191627],[136.879358,35.191629],[136.878288,35.1916],[136.877803,35.191617],[136.877784,35.191597],[136.877658,35.191462],[136.877613,35.191413],[136.877395,35.191178],[136.877096,35.190856],[136.87709,35.190849],[136.876848,35.190577],[136.876657,35.190361],[136.876328,35.189974],[136.876308,35.189982],[136.876112,35.189714],[136.87611,35.189713],[136.875852,35.189489],[136.87562,35.189334],[136.875563,35.189302],[136.875529,35.189274],[136.875506,35.189254],[136.875482,35.189238],[136.875469,35.18923],[136.875446,35.189195],[136.875432,35.189183]]]}},{"type":"Feature","properties":{"name":"山田町大字中小田井","city":"名古屋市西区","code":"104","setai":0,"jinko":0,"n":1,"towns":["231041470"],"lx":136.884441,"ly":35.212133},"geometry":{"type":"Polygon","coordinates":[[[136.890715,35.211547],[136.888862,35.210681],[136.888575,35.210576],[136.888347,35.210506],[136.888098,35.210417],[136.887156,35.21008],[136.886768,35.209982],[136.88665,35.209975],[136.886465,35.209945],[136.886346,35.209926],[136.886084,35.20989],[136.885898,35.209855],[136.885763,35.209824],[136.885653,35.209799],[136.885553,35.209772],[136.885391,35.209729],[136.88518,35.209652],[136.884918,35.209568],[136.884792,35.209506],[136.884623,35.20945],[136.884446,35.209394],[136.884243,35.209307],[136.883115,35.208909],[136.882602,35.208646],[136.882283,35.208446],[136.880594,35.20739],[136.879767,35.206872],[136.879265,35.206558],[136.878592,35.206118],[136.879387,35.207479],[136.879632,35.207895],[136.879458,35.209318],[136.877509,35.209416],[136.877531,35.209482],[136.877747,35.210132],[136.877784,35.210309],[136.877639,35.210326],[136.877657,35.210379],[136.877737,35.210661],[136.877755,35.210724],[136.877732,35.210999],[136.877864,35.21132],[136.877865,35.211322],[136.877999,35.211633],[136.877999,35.211631],[136.878026,35.21169],[136.878128,35.211699],[136.878135,35.211916],[136.878411,35.211942],[136.878734,35.212164],[136.878888,35.212273],[136.878926,35.2123],[136.879371,35.212796],[136.879411,35.212758],[136.879519,35.212657],[136.879543,35.212669],[136.880319,35.2119],[136.880697,35.212025],[136.881641,35.212287],[136.881722,35.21245],[136.882054,35.21312],[136.882169,35.213433],[136.882421,35.214106],[136.882458,35.214173],[136.882491,35.214244],[136.88261,35.214411],[136.88272,35.214539],[136.882834,35.214595],[136.882999,35.214634],[136.883425,35.214805],[136.883593,35.214902],[136.883636,35.214927],[136.884181,35.215181],[136.884544,35.215272],[136.884652,35.215293],[136.884799,35.215306],[136.885119,35.21525],[136.885398,35.215161],[136.885493,35.215116],[136.885569,35.215075],[136.885702,35.214994],[136.88575,35.214945],[136.885792,35.214883],[136.885805,35.214845],[136.885879,35.214563],[136.885926,35.214443],[136.885973,35.214354],[136.886006,35.214291],[136.886085,35.214175],[136.886102,35.214156],[136.886188,35.214063],[136.886404,35.213814],[136.887042,35.213745],[136.887578,35.213689],[136.887587,35.213345],[136.887588,35.213304],[136.887838,35.213292],[136.887858,35.213291],[136.887904,35.213289],[136.887907,35.213635],[136.887909,35.213648],[136.888096,35.213599],[136.888393,35.21352],[136.88895,35.213375],[136.889646,35.213181],[136.890715,35.211547]]]}}]}