{"type":"FeatureCollection","features":[{"type":"Feature","properties":{"name":"秋葉","city":"名古屋市港区","code":"111","setai":838,"jinko":2244,"n":3,"towns":["23111001091","23111001092","23111001093"],"lx":136.820219,"ly":35.107108},"geometry":{"type":"Polygon","coordinates":[[[136.816671,35.103825],[136.81672,35.103823],[136.816732,35.103822],[136.817814,35.103781],[136.818165,35.103768],[136.818555,35.103753],[136.818556,35.103727],[136.819102,35.103685],[136.819826,35.103629],[136.820824,35.103562],[136.822144,35.103465],[136.822669,35.103429],[136.822684,35.103492],[136.822927,35.104493],[136.823046,35.104968],[136.823176,35.105485],[136.823184,35.105514],[136.823184,35.105515],[136.823433,35.106442],[136.823526,35.10676],[136.823568,35.10695],[136.823568,35.106951],[136.823627,35.107218],[136.823633,35.107244],[136.823648,35.107308],[136.82368,35.107452],[136.823727,35.107652],[136.823747,35.107738],[136.823785,35.107901],[136.823793,35.107936],[136.823862,35.108229],[136.823896,35.108374],[136.823915,35.108454],[136.823973,35.1087],[136.824051,35.10903],[136.824085,35.109173],[136.824119,35.109317],[136.824185,35.1096],[136.824274,35.109963],[136.824273,35.109963],[136.824283,35.110001],[136.824393,35.110425],[136.824406,35.110476],[136.824346,35.110475],[136.823407,35.110457],[136.821979,35.110401],[136.821944,35.110379],[136.821922,35.110413],[136.821209,35.110402],[136.819668,35.110378],[136.817358,35.110374],[136.817356,35.110356],[136.817356,35.110345],[136.817354,35.110323],[136.817259,35.110324],[136.817256,35.110322],[136.81722,35.109932],[136.81722,35.109929],[136.817148,35.10911],[136.817129,35.108956],[136.817128,35.108949],[136.817049,35.108399],[136.817021,35.10814],[136.817017,35.10802],[136.817017,35.108003],[136.816916,35.107019],[136.816908,35.106925],[136.816912,35.106574],[136.816914,35.106419],[136.816876,35.106073],[136.816873,35.106046],[136.816806,35.105332],[136.816671,35.103825]]]}},{"type":"Feature","properties":{"name":"熱田前新田","city":"名古屋市港区","code":"111","setai":0,"jinko":0,"n":1,"towns":["23111005001"],"lx":136.878897,"ly":35.102257},"geometry":{"type":"Polygon","coordinates":[[[136.880275,35.103327],[136.87988,35.101109],[136.879343,35.097891],[136.879343,35.09789],[136.878444,35.097548],[136.877613,35.097221],[136.877033,35.096982],[136.876986,35.096964],[136.87697,35.096961],[136.876915,35.096963],[136.876666,35.096868],[136.876654,35.096869],[136.876626,35.096925],[136.876626,35.096959],[136.876653,35.096993],[136.876722,35.097016],[136.877335,35.097234],[136.877392,35.097402],[136.87745,35.097394],[136.877491,35.097557],[136.877714,35.098285],[136.877729,35.098423],[136.877732,35.099094],[136.877744,35.10001],[136.87765,35.100018],[136.87766,35.100186],[136.877314,35.10019],[136.877299,35.1],[136.876891,35.100012],[136.876911,35.100197],[136.87688,35.100201],[136.876909,35.100928],[136.876944,35.101389],[136.876975,35.101389],[136.87698,35.101518],[136.877435,35.10151],[136.877421,35.101158],[136.877735,35.10115],[136.877724,35.102827],[136.877705,35.103576],[136.878105,35.10354],[136.879144,35.103405],[136.879464,35.103382],[136.879809,35.103349],[136.880275,35.103327]]]}},{"type":"Feature","properties":{"name":"熱田前新田字中川西","city":"名古屋市港区","code":"111","setai":0,"jinko":0,"n":1,"towns":["23111005002"],"lx":136.871727,"ly":35.095355},"geometry":{"type":"Polygon","coordinates":[[[136.873428,35.095606],[136.873153,35.095499],[136.873097,35.095477],[136.872941,35.095416],[136.872832,35.095373],[136.872778,35.095352],[136.872608,35.095285],[136.872387,35.095199],[136.872146,35.095104],[136.871883,35.095001],[136.871724,35.094939],[136.871693,35.094927],[136.871667,35.094917],[136.87145,35.094832],[136.871121,35.094707],[136.870613,35.094518],[136.870482,35.09447],[136.870437,35.094453],[136.869316,35.094037],[136.869293,35.094028],[136.86927,35.094073],[136.86922,35.094176],[136.869207,35.094196],[136.869192,35.094223],[136.869129,35.094343],[136.86883,35.094357],[136.868871,35.094381],[136.868978,35.09442],[136.869233,35.094514],[136.869477,35.094603],[136.870004,35.094797],[136.870216,35.094872],[136.870216,35.094873],[136.870853,35.095075],[136.87092,35.095094],[136.870921,35.095092],[136.870969,35.095108],[136.871069,35.095141],[136.871303,35.095219],[136.871354,35.095461],[136.871369,35.095536],[136.871369,35.095536],[136.871424,35.095798],[136.871428,35.09582],[136.871496,35.095821],[136.871584,35.095814],[136.871669,35.095793],[136.871717,35.095777],[136.871717,35.095777],[136.871739,35.095769],[136.871789,35.095751],[136.871846,35.095726],[136.871901,35.0957],[136.871972,35.095663],[136.872016,35.095638],[136.872047,35.095618],[136.872103,35.095581],[136.872143,35.095554],[136.872184,35.095525],[136.872196,35.095516],[136.872316,35.095561],[136.872457,35.095613],[136.872576,35.095657],[136.872688,35.095699],[136.872805,35.095742],[136.872931,35.095789],[136.872995,35.095813],[136.873303,35.095927],[136.873483,35.095994],[136.873665,35.096061],[136.8738,35.096111],[136.873927,35.096158],[136.874176,35.096251],[136.874548,35.096389],[136.8747,35.096446],[136.874804,35.096485],[136.874829,35.096495],[136.874843,35.096498],[136.874862,35.096503],[136.874912,35.096512],[136.874936,35.096515],[136.874983,35.096517],[136.875094,35.096513],[136.875148,35.096511],[136.875204,35.096509],[136.875244,35.096507],[136.875313,35.096505],[136.87545,35.0965],[136.875511,35.096498],[136.875519,35.096443],[136.875523,35.096418],[136.875219,35.096298],[136.875203,35.096292],[136.874835,35.096151],[136.874501,35.096022],[136.874094,35.095866],[136.874045,35.095847],[136.873905,35.095793],[136.873866,35.095778],[136.873428,35.095606]]]}},{"type":"Feature","properties":{"name":"油屋町","city":"名古屋市港区","code":"111","setai":551,"jinko":1280,"n":4,"towns":["23111006001","23111006002","23111006003","23111006004"],"lx":136.851048,"ly":35.10511},"geometry":{"type":"Polygon","coordinates":[[[136.849306,35.098495],[136.851192,35.099254],[136.851238,35.099481],[136.851299,35.099755],[136.851329,35.099887],[136.851276,35.099891],[136.851289,35.100009],[136.851304,35.100151],[136.851314,35.100246],[136.851318,35.100285],[136.85133,35.100394],[136.851281,35.100573],[136.851295,35.100628],[136.851303,35.100658],[136.851365,35.10091],[136.851461,35.1013],[136.851489,35.101415],[136.851507,35.101489],[136.851528,35.101572],[136.851556,35.101688],[136.85158,35.101787],[136.851601,35.101873],[136.851636,35.102025],[136.85166,35.102129],[136.851686,35.102241],[136.851663,35.102242],[136.851751,35.102561],[136.851784,35.102706],[136.851929,35.103339],[136.852025,35.10376],[136.852212,35.104531],[136.852632,35.106287],[136.852464,35.106298],[136.851227,35.106377],[136.851227,35.106374],[136.849865,35.106418],[136.849823,35.105791],[136.849799,35.105425],[136.849746,35.104654],[136.84972,35.104262],[136.849694,35.103864],[136.849657,35.103423],[136.849637,35.103134],[136.849605,35.102654],[136.849578,35.102269],[136.849549,35.101883],[136.849524,35.101505],[136.849494,35.101112],[136.849468,35.100707],[136.849441,35.100312],[136.849412,35.099924],[136.84939,35.099554],[136.84936,35.099162],[136.849329,35.098777],[136.849306,35.098495]]]}},{"type":"Feature","properties":{"name":"惟信町","city":"名古屋市港区","code":"111","setai":1086,"jinko":2550,"n":6,"towns":["23111007001","23111007002","23111007003","23111007004","23111007005","23111007006"],"lx":136.844025,"ly":35.1059},"geometry":{"type":"Polygon","coordinates":[[[136.841087,35.106766],[136.84109,35.106746],[136.841137,35.106438],[136.841178,35.106171],[136.84133,35.10513],[136.841373,35.104823],[136.841407,35.104588],[136.841431,35.104418],[136.841451,35.104389],[136.842882,35.104544],[136.842896,35.104276],[136.842871,35.104161],[136.842927,35.104158],[136.842878,35.103747],[136.842843,35.103392],[136.842796,35.102977],[136.842764,35.10259],[136.842723,35.102592],[136.842161,35.102417],[136.842413,35.101828],[136.842747,35.101355],[136.843307,35.100547],[136.843498,35.100272],[136.843673,35.100007],[136.843821,35.099806],[136.84397,35.099592],[136.844293,35.099193],[136.844367,35.099124],[136.844615,35.098881],[136.844696,35.098829],[136.844796,35.099387],[136.844848,35.09975],[136.844908,35.100133],[136.845044,35.100925],[136.845056,35.100925],[136.845113,35.101327],[136.845177,35.101691],[136.84518,35.101703],[136.845238,35.102074],[136.84524,35.102083],[136.8453,35.102457],[136.845301,35.102468],[136.845309,35.102519],[136.845372,35.102851],[136.845373,35.102857],[136.845445,35.103284],[136.845445,35.103288],[136.845498,35.10362],[136.845573,35.104016],[136.845546,35.104043],[136.845662,35.104818],[136.845772,35.105592],[136.845888,35.106369],[136.845927,35.106678],[136.845974,35.106987],[136.846065,35.107117],[136.84601,35.107136],[136.846008,35.107297],[136.844744,35.107653],[136.843926,35.107883],[136.843385,35.108026],[136.842766,35.108191],[136.842736,35.108077],[136.842669,35.10783],[136.842784,35.107773],[136.842772,35.107727],[136.842765,35.107723],[136.842574,35.10692],[136.842501,35.106919],[136.841778,35.106841],[136.841087,35.106766]]]}},{"type":"Feature","properties":{"name":"一州町","city":"名古屋市港区","code":"111","setai":0,"jinko":0,"n":1,"towns":["231110080"],"lx":136.866052,"ly":35.0907},"geometry":{"type":"Polygon","coordinates":[[[136.868484,35.093477],[136.868423,35.093453],[136.868222,35.093377],[136.868043,35.093308],[136.86782,35.093223],[136.867564,35.093125],[136.867292,35.093025],[136.86726,35.093017],[136.867531,35.092374],[136.868438,35.090218],[136.868728,35.089509],[136.868679,35.089504],[136.868703,35.089343],[136.868625,35.0891],[136.86846,35.088816],[136.868547,35.088781],[136.868498,35.088329],[136.868478,35.088239],[136.867799,35.08706],[136.867821,35.087015],[136.867057,35.08567],[136.866991,35.085735],[136.867012,35.085773],[136.866507,35.086331],[136.866464,35.086256],[136.866465,35.086254],[136.866283,35.085924],[136.866251,35.085984],[136.866217,35.086045],[136.866109,35.08624],[136.866024,35.086396],[136.86601,35.086421],[136.865967,35.0865],[136.865934,35.086559],[136.865899,35.086635],[136.865859,35.086721],[136.865848,35.086745],[136.86581,35.086817],[136.86573,35.086973],[136.865663,35.087103],[136.865605,35.087217],[136.865535,35.087352],[136.8655,35.087419],[136.865408,35.087598],[136.865294,35.087819],[136.865176,35.088044],[136.865154,35.088086],[136.864981,35.088416],[136.864856,35.088653],[136.864785,35.088788],[136.86461,35.08912],[136.864582,35.089174],[136.86446,35.089405],[136.864317,35.089677],[136.864235,35.089833],[136.864172,35.089952],[136.864083,35.090122],[136.863982,35.090314],[136.863915,35.090441],[136.863907,35.090456],[136.863872,35.090524],[136.863807,35.090647],[136.863752,35.090752],[136.863695,35.09086],[136.86363,35.090983],[136.863485,35.09126],[136.86341,35.091401],[136.863263,35.091682],[136.863249,35.091708],[136.863216,35.091772],[136.863205,35.091793],[136.86328,35.091821],[136.863926,35.092063],[136.864537,35.092292],[136.865222,35.092541],[136.865815,35.092755],[136.866246,35.09291],[136.866278,35.092922],[136.866606,35.093041],[136.866756,35.093095],[136.867052,35.093202],[136.867494,35.09336],[136.86831,35.093663],[136.868374,35.093687],[136.868416,35.093602],[136.868444,35.093551],[136.868484,35.093477]]]}},{"type":"Feature","properties":{"name":"稲永","city":"名古屋市港区","code":"111","setai":3015,"jinko":6048,"n":5,"towns":["23111009091","23111009092","23111009093","23111009094","23111009095"],"lx":136.858263,"ly":35.083084},"geometry":{"type":"Polygon","coordinates":[[[136.846382,35.085552],[136.846445,35.085374],[136.846528,35.085394],[136.84654,35.085365],[136.846503,35.085355],[136.846751,35.084654],[136.846773,35.084649],[136.851149,35.083821],[136.851562,35.083749],[136.851977,35.083677],[136.852557,35.083724],[136.852946,35.083772],[136.85295,35.083772],[136.852954,35.083743],[136.853986,35.083824],[136.855099,35.08392],[136.8551,35.08392],[136.855158,35.083889],[136.855159,35.08389],[136.855175,35.083883],[136.855227,35.083864],[136.85529,35.08384],[136.855308,35.083833],[136.855327,35.083826],[136.855344,35.083673],[136.855379,35.08336],[136.855399,35.083195],[136.855433,35.0829],[136.855456,35.082704],[136.855456,35.082701],[136.85549,35.082424],[136.855528,35.082116],[136.85553,35.082106],[136.855552,35.081923],[136.855577,35.081713],[136.855612,35.081409],[136.855628,35.081272],[136.855654,35.081052],[136.855665,35.080994],[136.855694,35.080745],[136.855707,35.080642],[136.85574,35.080362],[136.855754,35.080251],[136.855812,35.079764],[136.855844,35.079493],[136.85585,35.079444],[136.855847,35.079345],[136.855854,35.079255],[136.855868,35.079099],[136.855868,35.079081],[136.855869,35.079047],[136.855869,35.079001],[136.855876,35.079005],[136.855878,35.078918],[136.859195,35.080409],[136.859352,35.080406],[136.859676,35.080598],[136.860744,35.081232],[136.862012,35.081986],[136.862064,35.08203],[136.862096,35.081994],[136.862109,35.081976],[136.862898,35.082462],[136.863011,35.082605],[136.863088,35.08267],[136.863332,35.082805],[136.863652,35.082989],[136.864168,35.08332],[136.86447,35.083506],[136.864615,35.083604],[136.865024,35.083858],[136.865145,35.083956],[136.865462,35.084305],[136.86565,35.084561],[136.865817,35.0849],[136.865882,35.085073],[136.865924,35.085272],[136.865942,35.085415],[136.865965,35.085592],[136.865971,35.085908],[136.865963,35.086005],[136.865962,35.086117],[136.865945,35.086206],[136.865934,35.086318],[136.865925,35.086361],[136.865905,35.08646],[136.865885,35.086558],[136.865881,35.086583],[136.865872,35.086627],[136.865848,35.086745],[136.86581,35.086817],[136.86573,35.086973],[136.865663,35.087103],[136.865605,35.087217],[136.865535,35.087352],[136.8655,35.087419],[136.865408,35.087598],[136.865294,35.087819],[136.865176,35.088044],[136.865154,35.088086],[136.864981,35.088416],[136.864856,35.088653],[136.864785,35.088788],[136.86461,35.08912],[136.864582,35.089174],[136.86446,35.089405],[136.864317,35.089677],[136.864235,35.089833],[136.864172,35.089952],[136.864083,35.090122],[136.863982,35.090314],[136.863915,35.090441],[136.863907,35.090456],[136.863872,35.090524],[136.863807,35.090647],[136.863752,35.090752],[136.863695,35.09086],[136.86363,35.090983],[136.863485,35.09126],[136.86341,35.091401],[136.863263,35.091682],[136.863249,35.091708],[136.863216,35.091772],[136.863205,35.091793],[136.863149,35.091772],[136.863038,35.09173],[136.86304,35.091727],[136.862534,35.091539],[136.862519,35.091534],[136.862122,35.091384],[136.861874,35.091291],[136.861246,35.091054],[136.860958,35.090946],[136.860917,35.09093],[136.860838,35.090901],[136.860662,35.090835],[136.860496,35.090772],[136.860323,35.090707],[136.860234,35.090673],[136.859932,35.090559],[136.85952,35.090403],[136.859168,35.09027],[136.858769,35.090121],[136.858613,35.090062],[136.858411,35.089987],[136.858191,35.089904],[136.857948,35.089813],[136.857829,35.089769],[136.857986,35.089591],[136.857894,35.089547],[136.85783,35.089515],[136.857777,35.089489],[136.857772,35.0895],[136.85776,35.089528],[136.857753,35.089544],[136.85767,35.08952],[136.857602,35.089499],[136.857544,35.089486],[136.857521,35.089483],[136.857482,35.089479],[136.857465,35.089477],[136.857328,35.089488],[136.857247,35.089495],[136.857202,35.089499],[136.857202,35.089475],[136.857206,35.089455],[136.857214,35.089419],[136.857234,35.089396],[136.857268,35.089357],[136.857285,35.089337],[136.857294,35.089328],[136.857245,35.089283],[136.857254,35.089186],[136.856499,35.088478],[136.85648,35.08848],[136.856395,35.088405],[136.856182,35.088216],[136.856046,35.088095],[136.855974,35.088032],[136.855827,35.087901],[136.855707,35.087795],[136.855559,35.087664],[136.855401,35.087524],[136.855191,35.087343],[136.854917,35.087112],[136.854662,35.086896],[136.854562,35.086809],[136.854428,35.086694],[136.853727,35.086057],[136.85363,35.085969],[136.853528,35.085879],[136.852088,35.08461],[136.852066,35.084591],[136.852041,35.084569],[136.852032,35.084565],[136.851991,35.084548],[136.849136,35.085052],[136.848141,35.085234],[136.847948,35.08527],[136.847884,35.085282],[136.847785,35.0853],[136.847621,35.08533],[136.847556,35.085342],[136.847451,35.085361],[136.847367,35.085376],[136.847349,35.08538],[136.847285,35.08539],[136.847154,35.085413],[136.846964,35.085446],[136.846894,35.085458],[136.846777,35.08548],[136.846747,35.085485],[136.846447,35.08554],[136.846382,35.085552]],[[136.858585,35.088328],[136.859779,35.088759],[136.861043,35.089212],[136.86129,35.088762],[136.861426,35.088512],[136.861642,35.088114],[136.861664,35.088072],[136.861785,35.087833],[136.862011,35.0874],[136.862038,35.087354],[136.862252,35.086951],[136.862278,35.086908],[136.862349,35.086766],[136.862361,35.086741],[136.862447,35.086568],[136.862545,35.0864],[136.862562,35.086371],[136.862692,35.086108],[136.862823,35.08587],[136.862847,35.085825],[136.862878,35.085755],[136.862935,35.085654],[136.862946,35.085634],[136.863073,35.085394],[136.863387,35.084796],[136.862156,35.084344],[136.861992,35.084284],[136.861028,35.083931],[136.860883,35.084197],[136.860753,35.084432],[136.860694,35.084538],[136.860574,35.084756],[136.860503,35.084884],[136.860389,35.085091],[136.860307,35.08524],[136.860283,35.085282],[136.860059,35.085689],[136.860048,35.085708],[136.859924,35.085932],[136.859841,35.086082],[136.859824,35.086113],[136.859714,35.086312],[136.859601,35.086516],[136.859597,35.086524],[136.85955,35.086606],[136.859491,35.086706],[136.859463,35.086754],[136.859408,35.086849],[136.859261,35.087096],[136.859203,35.087193],[136.859204,35.087193],[136.859191,35.087215],[136.859184,35.087227],[136.859183,35.087227],[136.859137,35.087311],[136.859103,35.087375],[136.859064,35.087447],[136.859019,35.087531],[136.858977,35.087608],[136.858929,35.087698],[136.858889,35.087771],[136.858875,35.087797],[136.858842,35.087855],[136.858818,35.087887],[136.858585,35.088328]]]}},{"type":"Feature","properties":{"name":"入場町","city":"名古屋市港区","code":"111","setai":17,"jinko":41,"n":1,"towns":["231110150"],"lx":136.857648,"ly":35.113373},"geometry":{"type":"Polygon","coordinates":[[[136.857516,35.113681],[136.8578,35.113677],[136.858173,35.113673],[136.858173,35.11367],[136.858288,35.113667],[136.858278,35.113534],[136.858163,35.113539],[136.85814,35.11354],[136.858116,35.113449],[136.858097,35.113397],[136.858059,35.113356],[136.858023,35.113307],[136.857923,35.113215],[136.857875,35.113167],[136.857693,35.112979],[136.857669,35.112952],[136.8576,35.112873],[136.857533,35.112795],[136.857466,35.112708],[136.857402,35.112612],[136.857325,35.112484],[136.857319,35.112472],[136.857287,35.112481],[136.857028,35.112553],[136.856957,35.112572],[136.856981,35.112627],[136.857036,35.112731],[136.857091,35.11283],[136.857164,35.112945],[136.857233,35.113054],[136.857281,35.113153],[136.857315,35.113258],[136.85737,35.113546],[136.857393,35.113667],[136.857395,35.11368],[136.857516,35.113679],[136.857516,35.113681]]]}},{"type":"Feature","properties":{"name":"入場","city":"名古屋市港区","code":"111","setai":1216,"jinko":2852,"n":2,"towns":["23111016091","23111016092"],"lx":136.854141,"ly":35.111566},"geometry":{"type":"Polygon","coordinates":[[[136.851366,35.106616],[136.851581,35.106617],[136.851866,35.106607],[136.852126,35.106614],[136.852451,35.10661],[136.852777,35.106618],[136.852814,35.106619],[136.853252,35.106645],[136.853711,35.106647],[136.854064,35.106626],[136.854645,35.106562],[136.854716,35.106547],[136.854734,35.10645],[136.854973,35.106491],[136.854982,35.106493],[136.855024,35.106446],[136.855163,35.106419],[136.855263,35.1064],[136.855277,35.106497],[136.855308,35.106641],[136.855349,35.106832],[136.855364,35.106904],[136.855421,35.107182],[136.8555,35.107549],[136.855572,35.107837],[136.855676,35.108227],[136.855774,35.10859],[136.855804,35.108698],[136.855915,35.109109],[136.855922,35.109133],[136.856041,35.109568],[136.856144,35.109942],[136.856173,35.110049],[136.856231,35.110258],[136.856292,35.110477],[136.856352,35.110697],[136.856403,35.11088],[136.856456,35.111073],[136.856531,35.111344],[136.856573,35.111497],[136.856587,35.111539],[136.856586,35.111539],[136.856616,35.11163],[136.856699,35.111875],[136.856708,35.111901],[136.856706,35.111902],[136.856762,35.112052],[136.856827,35.112231],[136.856892,35.112406],[136.856955,35.112567],[136.856957,35.112572],[136.856981,35.112627],[136.857036,35.112731],[136.857091,35.11283],[136.857164,35.112945],[136.857233,35.113054],[136.857281,35.113153],[136.857315,35.113258],[136.85737,35.113546],[136.857393,35.113667],[136.857395,35.11368],[136.857396,35.113688],[136.857026,35.113692],[136.856209,35.1137],[136.856216,35.113816],[136.856222,35.113922],[136.855226,35.113922],[136.854909,35.113923],[136.854864,35.113923],[136.854681,35.113924],[136.853694,35.113936],[136.853355,35.11394],[136.852698,35.113948],[136.851952,35.113958],[136.851946,35.113863],[136.851926,35.113519],[136.851918,35.113364],[136.851903,35.113144],[136.851885,35.112934],[136.851875,35.112805],[136.851869,35.112733],[136.851844,35.112439],[136.851821,35.112153],[136.851797,35.111878],[136.851776,35.111643],[136.851742,35.111265],[136.851723,35.111063],[136.851721,35.111034],[136.851656,35.110319],[136.851647,35.110206],[136.851635,35.110065],[136.851614,35.109792],[136.851598,35.109582],[136.851584,35.109407],[136.851584,35.109406],[136.851575,35.109289],[136.851572,35.109251],[136.851559,35.109091],[136.851557,35.109055],[136.851528,35.108687],[136.851505,35.108399],[136.851504,35.10838],[136.851502,35.108356],[136.851489,35.108187],[136.85147,35.107945],[136.851453,35.107734],[136.851433,35.107482],[136.851429,35.107421],[136.851418,35.107285],[136.851396,35.106998],[136.851385,35.106858],[136.85138,35.106793],[136.851366,35.106616]]]}},{"type":"Feature","properties":{"name":"入船","city":"名古屋市港区","code":"111","setai":523,"jinko":1109,"n":2,"towns":["23111018091","23111018092"],"lx":136.883373,"ly":35.093269},"geometry":{"type":"Polygon","coordinates":[[[136.879151,35.092641],[136.879411,35.092608],[136.879872,35.092549],[136.880136,35.092515],[136.880343,35.092489],[136.880428,35.092479],[136.880964,35.092413],[136.88156,35.09234],[136.881726,35.09232],[136.881767,35.092315],[136.881854,35.092305],[136.881887,35.092301],[136.882744,35.092193],[136.883256,35.092129],[136.883608,35.092086],[136.884463,35.091984],[136.884649,35.091962],[136.884918,35.091931],[136.885992,35.091806],[136.886454,35.091752],[136.886946,35.092263],[136.887042,35.092363],[136.887097,35.092419],[136.887487,35.092819],[136.887373,35.092895],[136.88766,35.093181],[136.88765,35.093237],[136.887592,35.09331],[136.887558,35.093353],[136.887752,35.093599],[136.888177,35.093679],[136.888032,35.09374],[136.887809,35.093766],[136.887821,35.093819],[136.887809,35.093819],[136.887838,35.093879],[136.887563,35.093912],[136.886753,35.094011],[136.886474,35.094045],[136.886274,35.094069],[136.885915,35.094113],[136.885729,35.094135],[136.885418,35.094173],[136.885218,35.094198],[136.885153,35.094205],[136.88506,35.094217],[136.88504,35.094219],[136.884969,35.094227],[136.884877,35.094238],[136.884789,35.094248],[136.884762,35.094252],[136.8847,35.094259],[136.884584,35.094273],[136.884578,35.094273],[136.884578,35.094272],[136.884523,35.09428],[136.884311,35.094305],[136.884163,35.094322],[136.884017,35.094339],[136.883905,35.094354],[136.883714,35.09438],[136.883674,35.094386],[136.883662,35.094387],[136.883518,35.094406],[136.883215,35.094441],[136.882984,35.094466],[136.882771,35.094489],[136.882472,35.094522],[136.882266,35.094547],[136.882265,35.09454],[136.882205,35.094548],[136.881395,35.094649],[136.880713,35.094732],[136.87934,35.094905],[136.87933,35.094858],[136.87946,35.094326],[136.87927,35.093291],[136.879151,35.092641]]]}},{"type":"Feature","properties":{"name":"いろは町","city":"名古屋市港区","code":"111","setai":726,"jinko":1616,"n":5,"towns":["23111020001","23111020002","23111020003","23111020004","23111020005"],"lx":136.873593,"ly":35.105351},"geometry":{"type":"Polygon","coordinates":[[[136.870786,35.10128],[136.870789,35.101245],[136.870797,35.101151],[136.870799,35.101126],[136.870812,35.100976],[136.870847,35.10056],[136.870879,35.100179],[136.870895,35.099981],[136.870934,35.099523],[136.870938,35.099468],[136.870941,35.099439],[136.870945,35.099389],[136.870969,35.099097],[136.870983,35.098938],[136.870986,35.098908],[136.870986,35.098905],[136.871228,35.098962],[136.872401,35.099237],[136.872405,35.09921],[136.872485,35.099225],[136.872643,35.099255],[136.872727,35.099272],[136.872925,35.099312],[136.873128,35.099351],[136.873124,35.099456],[136.873123,35.099485],[136.873122,35.099493],[136.873122,35.099501],[136.873233,35.099507],[136.873413,35.099518],[136.873594,35.099528],[136.873808,35.099541],[136.873878,35.099542],[136.87394,35.099541],[136.873975,35.099543],[136.87397,35.099601],[136.873968,35.099624],[136.873961,35.09971],[136.873954,35.099794],[136.874666,35.099826],[136.874966,35.09984],[136.875012,35.100302],[136.875054,35.100739],[136.875063,35.100827],[136.875088,35.101088],[136.875127,35.10176],[136.875137,35.102394],[136.875199,35.102442],[136.875177,35.102714],[136.87517,35.102907],[136.874862,35.102903],[136.874845,35.103353],[136.875154,35.10336],[136.875153,35.103409],[136.875113,35.104574],[136.875091,35.105371],[136.87509,35.105404],[136.875088,35.105471],[136.875056,35.106338],[136.874725,35.106332],[136.874718,35.10659],[136.874876,35.106594],[136.875046,35.106599],[136.875046,35.106605],[136.875014,35.107461],[136.875025,35.107498],[136.874964,35.107496],[136.874793,35.107492],[136.873584,35.107467],[136.873212,35.107459],[136.872595,35.107447],[136.871905,35.107433],[136.871908,35.107405],[136.87191,35.107405],[136.872084,35.105408],[136.872092,35.105317],[136.872165,35.104528],[136.872233,35.103755],[136.87229,35.103238],[136.872295,35.103234],[136.872343,35.103172],[136.872344,35.10316],[136.872348,35.103118],[136.872386,35.102641],[136.872398,35.102481],[136.872401,35.102452],[136.8724,35.102452],[136.872408,35.102351],[136.872421,35.102145],[136.872428,35.102052],[136.872431,35.102004],[136.87244,35.101861],[136.872416,35.101858],[136.872417,35.101836],[136.872194,35.101822],[136.872191,35.101609],[136.872191,35.101591],[136.872265,35.101315],[136.871862,35.101307],[136.871063,35.101289],[136.870893,35.101284],[136.870786,35.10128]]]}},{"type":"Feature","properties":{"name":"遠若町","city":"名古屋市港区","code":"111","setai":479,"jinko":1078,"n":3,"towns":["23111021001","23111021002","23111021003"],"lx":136.86484,"ly":35.099314},"geometry":{"type":"Polygon","coordinates":[[[136.861742,35.100137],[136.861827,35.100039],[136.861976,35.099868],[136.862222,35.099568],[136.862442,35.099299],[136.862725,35.098958],[136.863058,35.098581],[136.863137,35.098513],[136.863462,35.098232],[136.863673,35.098049],[136.864377,35.0975],[136.864505,35.097406],[136.864597,35.097338],[136.86507,35.096983],[136.865182,35.096898],[136.865234,35.096924],[136.865693,35.096599],[136.866083,35.096317],[136.866674,35.095793],[136.867457,35.096616],[136.867843,35.097063],[136.868031,35.097259],[136.868273,35.097507],[136.867689,35.098264],[136.867277,35.098819],[136.867113,35.098896],[136.867026,35.098917],[136.866834,35.098833],[136.866703,35.098836],[136.866621,35.099283],[136.866474,35.099847],[136.86635,35.10034],[136.866193,35.100937],[136.866167,35.101081],[136.865564,35.101058],[136.865555,35.101058],[136.86511,35.101042],[136.864967,35.101038],[136.864967,35.101037],[136.864819,35.101034],[136.864782,35.101033],[136.864499,35.101005],[136.864384,35.100991],[136.864332,35.100984],[136.864232,35.100971],[136.864141,35.100955],[136.863991,35.100925],[136.863873,35.100897],[136.863799,35.100878],[136.863689,35.100853],[136.863637,35.100841],[136.863542,35.100815],[136.863423,35.100782],[136.863387,35.100772],[136.863164,35.100711],[136.862873,35.100604],[136.862706,35.100541],[136.862706,35.10054],[136.862583,35.100493],[136.862543,35.100475],[136.862478,35.100445],[136.862477,35.100447],[136.862411,35.100418],[136.862155,35.10031],[136.861966,35.100232],[136.861765,35.100149],[136.861742,35.100137]]]}},{"type":"Feature","properties":{"name":"小碓町","city":"名古屋市港区","code":"111","setai":3,"jinko":7,"n":2,"towns":["23111022001","23111022003"],"lx":136.838075,"ly":35.117042},"geometry":{"type":"MultiPolygon","coordinates":[[[[136.837363,35.113708],[136.837405,35.113712],[136.837536,35.113724],[136.837575,35.113852],[136.837591,35.113906],[136.83771,35.114297],[136.837834,35.11471],[136.83799,35.11469],[136.83808,35.11502],[136.838153,35.115323],[136.838156,35.115339],[136.838232,35.115735],[136.838272,35.115859],[136.838297,35.115998],[136.838299,35.116014],[136.838315,35.116162],[136.838377,35.116352],[136.838439,35.116549],[136.838485,35.116806],[136.838522,35.117029],[136.838598,35.117483],[136.838355,35.117482],[136.83768,35.117496],[136.837684,35.117433],[136.837622,35.117003],[136.837623,35.116657],[136.837635,35.116432],[136.837599,35.116132],[136.837598,35.115785],[136.837582,35.115285],[136.83752,35.114656],[136.837497,35.114374],[136.837387,35.113829],[136.837363,35.113708]]],[[[136.873987,35.113321],[136.874011,35.113321],[136.874101,35.11332],[136.874242,35.113319],[136.874354,35.113289],[136.874361,35.113307],[136.874384,35.113447],[136.874477,35.113445],[136.874675,35.113448],[136.874662,35.113175],[136.874726,35.113172],[136.874735,35.113508],[136.874735,35.113509],[136.874691,35.113508],[136.874563,35.113509],[136.874441,35.11351],[136.874129,35.113513],[136.874106,35.113514],[136.873993,35.113517],[136.873987,35.113322],[136.873987,35.113321]]]]}},{"type":"Feature","properties":{"name":"小碓","city":"名古屋市港区","code":"111","setai":2367,"jinko":5128,"n":4,"towns":["23111023091","23111023092","23111023093","23111023094"],"lx":136.852744,"ly":35.117731},"geometry":{"type":"Polygon","coordinates":[[[136.846002,35.118833],[136.846102,35.117982],[136.846103,35.117982],[136.846124,35.117802],[136.846174,35.117387],[136.846215,35.117046],[136.846238,35.116858],[136.846313,35.11621],[136.84632,35.116146],[136.846329,35.116069],[136.846438,35.115099],[136.846496,35.114567],[136.846543,35.114122],[136.846736,35.113995],[136.846838,35.113995],[136.847164,35.113994],[136.847689,35.113991],[136.848211,35.113988],[136.84873,35.113983],[136.848886,35.113981],[136.849322,35.113977],[136.849666,35.113973],[136.850233,35.113969],[136.850325,35.113968],[136.850559,35.113966],[136.851503,35.11396],[136.851875,35.113958],[136.851952,35.113958],[136.852698,35.113948],[136.853355,35.11394],[136.853694,35.113936],[136.854681,35.113924],[136.854864,35.113923],[136.854909,35.113923],[136.855226,35.113922],[136.856222,35.113922],[136.856391,35.113921],[136.856262,35.114053],[136.85632,35.114367],[136.85636,35.114584],[136.856407,35.114847],[136.856452,35.115099],[136.856491,35.115323],[136.856532,35.115557],[136.85658,35.115829],[136.856612,35.116004],[136.856661,35.116285],[136.856662,35.116285],[136.856688,35.116448],[136.856726,35.116677],[136.856746,35.116857],[136.856748,35.117069],[136.856744,35.117279],[136.856737,35.117387],[136.856734,35.117441],[136.856704,35.117608],[136.856659,35.117822],[136.85664,35.117896],[136.856614,35.117996],[136.856567,35.118164],[136.856512,35.118344],[136.856458,35.118516],[136.856438,35.118588],[136.85631,35.119017],[136.856279,35.11912],[136.856242,35.119244],[136.856173,35.119471],[136.856171,35.119479],[136.856091,35.119736],[136.856018,35.119974],[136.855982,35.120084],[136.855984,35.120085],[136.855955,35.120178],[136.855842,35.120545],[136.855773,35.120769],[136.855698,35.121013],[136.855694,35.121024],[136.855616,35.121277],[136.855546,35.121504],[136.855474,35.121739],[136.855456,35.121797],[136.855394,35.121997],[136.855324,35.122227],[136.855275,35.122383],[136.855229,35.122533],[136.855217,35.122571],[136.855218,35.122571],[136.855208,35.1226],[136.855003,35.12256],[136.854756,35.122511],[136.854773,35.122439],[136.854444,35.122327],[136.854346,35.122402],[136.854053,35.1223],[136.853952,35.122268],[136.853989,35.12219],[136.853771,35.122109],[136.85377,35.122118],[136.853754,35.122113],[136.853736,35.122107],[136.853691,35.122093],[136.853626,35.122069],[136.853618,35.122067],[136.853618,35.122066],[136.853615,35.122066],[136.853608,35.122063],[136.853598,35.122059],[136.853595,35.122058],[136.853579,35.122053],[136.85356,35.122095],[136.853534,35.122088],[136.853516,35.122083],[136.853496,35.122077],[136.853487,35.122074],[136.853477,35.122072],[136.853457,35.122066],[136.853413,35.122057],[136.853389,35.122052],[136.853362,35.122046],[136.853349,35.122043],[136.853338,35.12204],[136.853293,35.122027],[136.853273,35.122021],[136.853271,35.12202],[136.853128,35.121979],[136.853135,35.121901],[136.852996,35.121856],[136.85292,35.121892],[136.852881,35.121879],[136.852029,35.121594],[136.851757,35.121493],[136.851371,35.121363],[136.851135,35.12127],[136.851169,35.121203],[136.851184,35.121177],[136.851028,35.121112],[136.850817,35.121023],[136.850751,35.120996],[136.850701,35.120975],[136.85071,35.120943],[136.850698,35.120978],[136.850693,35.120993],[136.850677,35.121038],[136.850571,35.120976],[136.85057,35.120976],[136.850516,35.120944],[136.850366,35.120858],[136.850399,35.120805],[136.850329,35.120761],[136.850175,35.120707],[136.850163,35.120726],[136.850142,35.120762],[136.849776,35.120611],[136.84974,35.120599],[136.849736,35.120628],[136.849731,35.120652],[136.849509,35.120556],[136.849516,35.120543],[136.849564,35.120464],[136.849152,35.12029],[136.849114,35.120345],[136.849106,35.120342],[136.848348,35.12],[136.84826,35.119988],[136.848267,35.119916],[136.848066,35.119915],[136.847828,35.119817],[136.847839,35.119748],[136.847842,35.119701],[136.847676,35.119685],[136.84745,35.119609],[136.847096,35.119499],[136.846905,35.119411],[136.846743,35.119348],[136.846541,35.119204],[136.846168,35.118962],[136.846002,35.118833]]]}},{"type":"Feature","properties":{"name":"大江町","city":"名古屋市港区","code":"111","setai":85,"jinko":88,"n":1,"towns":["231110270"],"lx":136.898682,"ly":35.08894},"geometry":{"type":"Polygon","coordinates":[[[136.901741,35.093792],[136.902009,35.092943],[136.902163,35.092453],[136.903098,35.089484],[136.903099,35.089483],[136.902755,35.089437],[136.902863,35.089108],[136.902908,35.088973],[136.903251,35.088999],[136.903266,35.088993],[136.903643,35.089015],[136.903733,35.08903],[136.903889,35.089061],[136.903947,35.089072],[136.903948,35.089072],[136.903988,35.089081],[136.904055,35.089163],[136.904079,35.089191],[136.904102,35.089201],[136.904058,35.089027],[136.90399,35.088755],[136.903905,35.088414],[136.903905,35.088414],[136.903808,35.088029],[136.903784,35.087934],[136.903751,35.087644],[136.903741,35.087539],[136.903726,35.087382],[136.903688,35.086985],[136.903681,35.086889],[136.903655,35.086527],[136.903635,35.086239],[136.903611,35.085891],[136.903579,35.085432],[136.903557,35.08512],[136.903532,35.084751],[136.903522,35.084608],[136.903566,35.084509],[136.903624,35.08438],[136.903683,35.084315],[136.903729,35.084264],[136.90368,35.084268],[136.902262,35.084413],[136.898186,35.084868],[136.898178,35.0845],[136.898013,35.084522],[136.897835,35.084533],[136.897861,35.084905],[136.896823,35.085029],[136.894856,35.08525],[136.892745,35.085514],[136.891816,35.085621],[136.891568,35.085646],[136.891266,35.08569],[136.891071,35.085711],[136.890893,35.085754],[136.890765,35.085818],[136.890685,35.0859],[136.890649,35.086022],[136.890643,35.086152],[136.890165,35.086163],[136.89009,35.086213],[136.890228,35.088455],[136.890318,35.089937],[136.890337,35.089936],[136.890458,35.089931],[136.890796,35.089985],[136.890827,35.090214],[136.890898,35.090263],[136.890899,35.090312],[136.890467,35.090331],[136.890479,35.090398],[136.890841,35.090385],[136.890929,35.090455],[136.891032,35.090737],[136.890974,35.090814],[136.891114,35.09106],[136.8912,35.091036],[136.891438,35.091321],[136.89163,35.091454],[136.891816,35.091559],[136.892046,35.091669],[136.89228,35.091747],[136.892481,35.091794],[136.893405,35.091998],[136.893391,35.092106],[136.893733,35.092173],[136.893764,35.092088],[136.893969,35.092135],[136.893946,35.092325],[136.894107,35.092352],[136.894128,35.092175],[136.895381,35.092438],[136.898455,35.093084],[136.898478,35.093436],[136.898587,35.09347],[136.898683,35.093482],[136.898672,35.093124],[136.900224,35.093451],[136.900225,35.093463],[136.901741,35.093792]]]}},{"type":"Feature","properties":{"name":"大手町","city":"名古屋市港区","code":"111","setai":369,"jinko":877,"n":6,"towns":["23111028001","23111028002","23111028003","23111028004","23111028005","23111028006"],"lx":136.86909,"ly":35.096118},"geometry":{"type":"Polygon","coordinates":[[[136.866674,35.095793],[136.86675,35.095739],[136.868263,35.094161],[136.868702,35.093809],[136.869293,35.094028],[136.86927,35.094073],[136.86922,35.094176],[136.869207,35.094196],[136.869192,35.094223],[136.869129,35.094343],[136.86883,35.094357],[136.868871,35.094381],[136.868978,35.09442],[136.869233,35.094514],[136.869477,35.094603],[136.870004,35.094797],[136.870216,35.094872],[136.870216,35.094873],[136.870853,35.095075],[136.87092,35.095094],[136.870921,35.095092],[136.870969,35.095108],[136.871069,35.095141],[136.871303,35.095219],[136.871354,35.095461],[136.871056,35.095348],[136.871,35.095444],[136.870927,35.09542],[136.870655,35.095951],[136.870656,35.095973],[136.870648,35.096116],[136.870643,35.096193],[136.870628,35.096426],[136.87062,35.096527],[136.870603,35.096739],[136.870582,35.096993],[136.87058,35.09702],[136.870539,35.097018],[136.870539,35.09702],[136.870429,35.097013],[136.870411,35.097229],[136.870404,35.097309],[136.870511,35.097317],[136.870503,35.097407],[136.870462,35.097885],[136.870418,35.09839],[136.870386,35.098766],[136.870172,35.098728],[136.869679,35.098616],[136.869436,35.098554],[136.869223,35.098463],[136.869053,35.098281],[136.868704,35.09795],[136.868552,35.097792],[136.868378,35.097611],[136.868273,35.097507],[136.868031,35.097259],[136.867843,35.097063],[136.867457,35.096616],[136.866674,35.095793]]]}},{"type":"Feature","properties":{"name":"大西","city":"名古屋市港区","code":"111","setai":475,"jinko":1208,"n":3,"towns":["23111029091","23111029092","23111029093"],"lx":136.813913,"ly":35.108376},"geometry":{"type":"Polygon","coordinates":[[[136.810328,35.109023],[136.810338,35.108868],[136.8104,35.108709],[136.810453,35.10862],[136.810675,35.108334],[136.810947,35.108],[136.811315,35.107562],[136.811349,35.107521],[136.811645,35.107169],[136.812152,35.106565],[136.812206,35.106501],[136.812263,35.106433],[136.812388,35.106283],[136.812636,35.105989],[136.812611,35.105941],[136.812857,35.105635],[136.81316,35.105261],[136.813573,35.104751],[136.813712,35.104579],[136.813976,35.104253],[136.814094,35.104108],[136.814582,35.103509],[136.814705,35.103357],[136.81499,35.102905],[136.815264,35.102473],[136.815395,35.102267],[136.815702,35.102264],[136.815788,35.102263],[136.815791,35.10267],[136.815791,35.102705],[136.815793,35.10299],[136.815812,35.103189],[136.815883,35.103905],[136.815883,35.103908],[136.815919,35.104277],[136.815945,35.104537],[136.816,35.105101],[136.816007,35.105169],[136.816043,35.105543],[136.816095,35.106118],[136.8161,35.106169],[136.816164,35.106654],[136.816258,35.107021],[136.816273,35.107077],[136.816309,35.107211],[136.816336,35.107442],[136.816353,35.107589],[136.816379,35.107812],[136.816381,35.107831],[136.816409,35.108077],[136.816441,35.108361],[136.816515,35.109048],[136.816515,35.10905],[136.816544,35.109325],[136.816615,35.110016],[136.816647,35.110327],[136.816587,35.110327],[136.816588,35.11035],[136.81659,35.110387],[136.816009,35.110389],[136.815747,35.110445],[136.815533,35.110511],[136.815452,35.110535],[136.814973,35.110676],[136.814429,35.11085],[136.813626,35.111097],[136.812705,35.111413],[136.812464,35.111492],[136.812247,35.11156],[136.811935,35.111652],[136.81163,35.1117],[136.811074,35.111773],[136.810957,35.111788],[136.810926,35.111792],[136.810847,35.111477],[136.810647,35.110673],[136.810618,35.110555],[136.810531,35.110202],[136.810495,35.11004],[136.810481,35.109975],[136.810398,35.10947],[136.810347,35.109186],[136.810328,35.109023]]]}},{"type":"Feature","properties":{"name":"小川","city":"名古屋市港区","code":"111","setai":62,"jinko":324,"n":4,"towns":["23111032091","23111032092","23111032093","23111032094"],"lx":136.814294,"ly":35.094584},"geometry":{"type":"Polygon","coordinates":[[[136.804324,35.099027],[136.804521,35.09863],[136.804974,35.097716],[136.804989,35.097685],[136.805339,35.096978],[136.80535,35.096956],[136.806185,35.095266],[136.806305,35.095231],[136.806698,35.095115],[136.806827,35.095076],[136.806828,35.095076],[136.806991,35.095025],[136.807076,35.094998],[136.807076,35.094997],[136.807077,35.094997],[136.807378,35.094894],[136.807483,35.094851],[136.807526,35.094832],[136.807547,35.094823],[136.807623,35.094788],[136.807678,35.094764],[136.807685,35.09476],[136.807698,35.094755],[136.807712,35.094748],[136.807726,35.094742],[136.807742,35.094735],[136.807761,35.094726],[136.807783,35.094716],[136.807785,35.094715],[136.80779,35.094713],[136.807796,35.09471],[136.807851,35.094682],[136.807974,35.094619],[136.807999,35.094606],[136.808062,35.094574],[136.808152,35.094529],[136.808181,35.094514],[136.808185,35.094512],[136.808186,35.094511],[136.808187,35.094511],[136.808188,35.09451],[136.808196,35.094506],[136.808207,35.0945],[136.808337,35.094431],[136.808337,35.09443],[136.808338,35.09443],[136.8084,35.094396],[136.808459,35.094365],[136.808704,35.094232],[136.808761,35.0942],[136.808806,35.094175],[136.808916,35.094114],[136.808917,35.094113],[136.808918,35.094113],[136.808921,35.094111],[136.808924,35.09411],[136.808926,35.094108],[136.80893,35.094106],[136.808931,35.094105],[136.808949,35.094096],[136.808952,35.094094],[136.808956,35.094091],[136.808961,35.094089],[136.808967,35.094085],[136.808977,35.09408],[136.808985,35.094075],[136.808992,35.094071],[136.809021,35.094055],[136.809028,35.094051],[136.809034,35.094048],[136.809045,35.094041],[136.809057,35.094035],[136.809067,35.094029],[136.809088,35.094018],[136.809111,35.094005],[136.809115,35.094002],[136.809125,35.093997],[136.809129,35.093994],[136.809136,35.09399],[136.809142,35.093987],[136.809147,35.093984],[136.809157,35.093979],[136.809163,35.093975],[136.809168,35.093973],[136.809172,35.093971],[136.809174,35.093969],[136.809175,35.093969],[136.809176,35.093968],[136.809177,35.093968],[136.809178,35.093967],[136.809181,35.093966],[136.809181,35.093965],[136.809187,35.093962],[136.80945,35.093798],[136.809653,35.093647],[136.809658,35.093642],[136.80966,35.093641],[136.809666,35.093635],[136.809669,35.093633],[136.809677,35.093625],[136.80968,35.093623],[136.809682,35.09362],[136.809685,35.093618],[136.809687,35.093617],[136.809696,35.093608],[136.809699,35.093606],[136.809708,35.093597],[136.809711,35.093595],[136.809717,35.093589],[136.809721,35.093586],[136.809724,35.093583],[136.809728,35.09358],[136.809734,35.093574],[136.809737,35.093572],[136.809742,35.093567],[136.809746,35.093564],[136.809749,35.09356],[136.809933,35.093395],[136.809941,35.093389],[136.809963,35.093369],[136.809971,35.093362],[136.809979,35.093354],[136.809981,35.093353],[136.809984,35.09335],[136.810149,35.093126],[136.81023,35.093017],[136.81039,35.092802],[136.810588,35.092544],[136.810702,35.092396],[136.810839,35.092219],[136.810937,35.092067],[136.810949,35.092049],[136.811064,35.091873],[136.811143,35.09175],[136.811419,35.091457],[136.811488,35.091384],[136.812122,35.090724],[136.812473,35.090369],[136.813032,35.089804],[136.813153,35.089686],[136.813602,35.089275],[136.81399,35.08892],[136.814426,35.088521],[136.814705,35.088265],[136.814806,35.088172],[136.814912,35.088076],[136.814923,35.088065],[136.814924,35.088065],[136.81493,35.088059],[136.814936,35.088054],[136.814945,35.088045],[136.814948,35.088043],[136.814951,35.08804],[136.814954,35.088038],[136.81496,35.088032],[136.814966,35.088027],[136.814974,35.088019],[136.814978,35.088016],[136.814989,35.088005],[136.814992,35.088003],[136.814996,35.087999],[136.815016,35.087981],[136.815023,35.087974],[136.815029,35.087969],[136.815034,35.087965],[136.815043,35.087956],[136.815053,35.087947],[136.81506,35.087941],[136.815067,35.087934],[136.815072,35.08793],[136.81508,35.087922],[136.815087,35.087916],[136.815092,35.087911],[136.815106,35.087899],[136.815112,35.087893],[136.815124,35.087882],[136.81513,35.087877],[136.815134,35.087873],[136.815143,35.087865],[136.815151,35.087857],[136.815155,35.087854],[136.815164,35.087846],[136.815171,35.087839],[136.815178,35.087833],[136.815179,35.087832],[136.815304,35.087718],[136.815628,35.087424],[136.815908,35.087171],[136.81611,35.086986],[136.816233,35.08687],[136.816321,35.086787],[136.816467,35.086648],[136.816649,35.086483],[136.816674,35.086601],[136.816707,35.086739],[136.817804,35.091318],[136.817883,35.091647],[136.817918,35.091793],[136.817904,35.091796],[136.81794,35.091913],[136.818025,35.092201],[136.818117,35.092561],[136.818156,35.092718],[136.81831,35.093364],[136.81835,35.093533],[136.818442,35.093942],[136.818509,35.094239],[136.818538,35.094383],[136.818572,35.094558],[136.818616,35.094799],[136.81868,35.095139],[136.81868,35.095142],[136.818711,35.095296],[136.818736,35.09542],[136.818777,35.095616],[136.8188,35.095722],[136.818821,35.095834],[136.818846,35.095981],[136.818913,35.096359],[136.818955,35.096575],[136.818988,35.096736],[136.818991,35.096849],[136.818992,35.096879],[136.818989,35.096957],[136.818988,35.096976],[136.818968,35.097089],[136.818944,35.097203],[136.818927,35.097299],[136.818916,35.097361],[136.818909,35.097423],[136.8189,35.097519],[136.818897,35.097554],[136.818899,35.097581],[136.8189,35.097616],[136.81891,35.097699],[136.818913,35.097724],[136.818931,35.097789],[136.818939,35.097815],[136.818949,35.09785],[136.818958,35.097885],[136.818947,35.0979],[136.818717,35.098195],[136.818662,35.098173],[136.818575,35.098136],[136.818337,35.098432],[136.8184,35.098468],[136.81846,35.098502],[136.818315,35.098679],[136.818248,35.098639],[136.818167,35.09859],[136.818,35.098786],[136.817749,35.099082],[136.817551,35.099336],[136.817485,35.099306],[136.8174,35.099522],[136.817376,35.099582],[136.817364,35.099582],[136.817109,35.099518],[136.816873,35.099462],[136.816594,35.099402],[136.816503,35.099382],[136.816304,35.09933],[136.816244,35.099311],[136.816219,35.099298],[136.816162,35.099278],[136.816011,35.099224],[136.815969,35.099215],[136.815911,35.099191],[136.81589,35.099183],[136.815807,35.09915],[136.815757,35.099113],[136.815674,35.099056],[136.815615,35.098999],[136.815546,35.09895],[136.815501,35.098897],[136.815462,35.098861],[136.815363,35.098836],[136.815101,35.098815],[136.814924,35.09879],[136.814502,35.098779],[136.814385,35.098776],[136.814287,35.098771],[136.814274,35.098885],[136.813603,35.09883],[136.813522,35.098809],[136.81349,35.09873],[136.813466,35.098729],[136.813196,35.098716],[136.813023,35.098742],[136.813023,35.098767],[136.812751,35.098765],[136.812748,35.098695],[136.812261,35.098673],[136.812163,35.098669],[136.812122,35.098751],[136.811921,35.098752],[136.811919,35.09866],[136.811885,35.098659],[136.811651,35.098667],[136.811606,35.098668],[136.811141,35.098672],[136.8104,35.098678],[136.810197,35.098683],[136.810021,35.098689],[136.809511,35.09871],[136.809475,35.098711],[136.809469,35.098712],[136.809478,35.09885],[136.809146,35.098884],[136.809116,35.098762],[136.808862,35.098798],[136.808589,35.09885],[136.808289,35.098892],[136.808177,35.098899],[136.807993,35.098923],[136.808004,35.099018],[136.807658,35.099045],[136.807645,35.098967],[136.807097,35.099036],[136.80686,35.099071],[136.806854,35.099072],[136.806607,35.099106],[136.806113,35.099158],[136.805721,35.099213],[136.805156,35.099291],[136.805065,35.099268],[136.804642,35.099265],[136.804615,35.099369],[136.804497,35.099386],[136.804428,35.099274],[136.804324,35.099027]]]}},{"type":"Feature","properties":{"name":"金川町","city":"名古屋市港区","code":"111","setai":0,"jinko":0,"n":2,"towns":["23111036000","23111036090"],"lx":136.879484,"ly":35.109888},"geometry":{"type":"Polygon","coordinates":[[[136.877248,35.113338],[136.877394,35.112905],[136.877407,35.112793],[136.87756,35.108153],[136.877589,35.108018],[136.877697,35.10793],[136.877869,35.107892],[136.878052,35.107894],[136.878111,35.107895],[136.879856,35.107924],[136.880782,35.10794],[136.881035,35.107904],[136.881148,35.107888],[136.881156,35.107937],[136.881173,35.108033],[136.881446,35.109598],[136.88165,35.110633],[136.881651,35.110633],[136.881864,35.111722],[136.881893,35.111871],[136.881816,35.111882],[136.881738,35.111892],[136.881338,35.111887],[136.881186,35.11188],[136.880316,35.111869],[136.879319,35.111857],[136.879311,35.111857],[136.879251,35.111853],[136.878013,35.111839],[136.878008,35.112017],[136.877994,35.11251],[136.877986,35.112842],[136.877984,35.112904],[136.877891,35.113164],[136.877794,35.113435],[136.877728,35.113437],[136.877712,35.113437],[136.877248,35.113448],[136.877248,35.113338]]]}},{"type":"Feature","properties":{"name":"金船町","city":"名古屋市港区","code":"111","setai":141,"jinko":275,"n":4,"towns":["23111037001","23111037002","23111037003","23111037004"],"lx":136.875665,"ly":35.11176},"geometry":{"type":"Polygon","coordinates":[[[136.874859,35.112187],[136.874863,35.111792],[136.874864,35.111734],[136.87488,35.111458],[136.874886,35.111281],[136.874893,35.111046],[136.874903,35.110756],[136.874911,35.110496],[136.874912,35.110461],[136.874921,35.110189],[136.874932,35.109901],[136.874945,35.109583],[136.874946,35.109572],[136.874949,35.109464],[136.874959,35.109155],[136.874961,35.109077],[136.87497,35.108802],[136.874969,35.108802],[136.874971,35.108724],[136.874975,35.108571],[136.874983,35.108203],[136.874986,35.108085],[136.875006,35.107769],[136.875025,35.107498],[136.87595,35.107524],[136.876074,35.107527],[136.876174,35.10753],[136.876162,35.107914],[136.876378,35.10791],[136.876438,35.107924],[136.876539,35.108011],[136.876559,35.108095],[136.876548,35.108496],[136.876508,35.10994],[136.876506,35.110034],[136.876464,35.111884],[136.87646,35.112052],[136.876447,35.11284],[136.87647,35.112964],[136.87654,35.113221],[136.876563,35.113463],[136.87656,35.113463],[136.876154,35.113466],[136.876113,35.113467],[136.875977,35.11301],[136.874963,35.113016],[136.874865,35.113008],[136.874861,35.112559],[136.874859,35.112187]]]}},{"type":"Feature","properties":{"name":"河口町","city":"名古屋市港区","code":"111","setai":1,"jinko":2,"n":1,"towns":["231110380"],"lx":136.879159,"ly":35.105979},"geometry":{"type":"Polygon","coordinates":[[[136.881076,35.107626],[136.881062,35.107523],[136.881038,35.10753],[136.880658,35.10548],[136.880622,35.105359],[136.880576,35.105074],[136.880275,35.103327],[136.879809,35.103349],[136.879464,35.103382],[136.879144,35.103405],[136.878105,35.10354],[136.877705,35.103576],[136.877648,35.103581],[136.877615,35.104886],[136.877603,35.105465],[136.877571,35.107266],[136.877598,35.107393],[136.877729,35.107493],[136.877873,35.107522],[136.877874,35.107512],[136.878064,35.107521],[136.878198,35.107527],[136.880682,35.107573],[136.880808,35.10756],[136.88083,35.107649],[136.880997,35.107674],[136.881076,35.107626]]]}},{"type":"Feature","properties":{"name":"川園","city":"名古屋市港区","code":"111","setai":157,"jinko":480,"n":3,"towns":["23111039091","23111039092","23111039093"],"lx":136.819499,"ly":35.101123},"geometry":{"type":"Polygon","coordinates":[[[136.816363,35.101657],[136.81645,35.101185],[136.816448,35.101184],[136.816525,35.100748],[136.81656,35.100705],[136.8168,35.100398],[136.817041,35.100121],[136.817107,35.100033],[136.81719,35.099931],[136.817305,35.09979],[136.817363,35.099718],[136.817482,35.099607],[136.817415,35.099591],[136.817376,35.099582],[136.8174,35.099522],[136.817485,35.099306],[136.817551,35.099336],[136.817749,35.099082],[136.818,35.098786],[136.818167,35.09859],[136.818248,35.098639],[136.818315,35.098679],[136.81846,35.098502],[136.8184,35.098468],[136.818337,35.098432],[136.818575,35.098136],[136.818662,35.098173],[136.818717,35.098195],[136.818947,35.0979],[136.818958,35.097885],[136.818949,35.09785],[136.819056,35.097834],[136.819083,35.09783],[136.819432,35.097779],[136.81964,35.097749],[136.819895,35.097712],[136.81994,35.097671],[136.820008,35.09761],[136.820022,35.097607],[136.820033,35.097598],[136.820767,35.09747],[136.820917,35.097452],[136.822138,35.097357],[136.822231,35.097786],[136.822285,35.097938],[136.822325,35.098067],[136.822394,35.098222],[136.822432,35.098352],[136.822414,35.098474],[136.822367,35.098516],[136.822034,35.098691],[136.821861,35.098776],[136.821678,35.098884],[136.821626,35.099013],[136.821617,35.099114],[136.821668,35.099435],[136.821798,35.099927],[136.821806,35.099956],[136.822052,35.100926],[136.822074,35.101011],[136.82218,35.101432],[136.822291,35.10187],[136.822455,35.102547],[136.822669,35.103429],[136.822144,35.103465],[136.820824,35.103562],[136.819826,35.103629],[136.819102,35.103685],[136.818556,35.103727],[136.818555,35.103753],[136.818165,35.103768],[136.817814,35.103781],[136.816732,35.103822],[136.81672,35.103823],[136.816671,35.103825],[136.816671,35.103823],[136.81661,35.103293],[136.816516,35.102623],[136.816461,35.102245],[136.816449,35.10215],[136.816447,35.10215],[136.816379,35.101732],[136.816379,35.101731],[136.816363,35.101657]]]}},{"type":"Feature","properties":{"name":"川西通","city":"名古屋市港区","code":"111","setai":218,"jinko":486,"n":6,"towns":["23111042001","23111042002","23111042003","23111042004","23111042005","23111042006"],"lx":136.865196,"ly":35.113751},"geometry":{"type":"Polygon","coordinates":[[[136.858116,35.113449],[136.858147,35.113459],[136.858206,35.113467],[136.858265,35.113487],[136.858315,35.113511],[136.858339,35.11353],[136.85838,35.113528],[136.858366,35.113451],[136.858366,35.113424],[136.858381,35.113395],[136.858401,35.113373],[136.858409,35.11345],[136.858735,35.113439],[136.858737,35.113524],[136.859014,35.113515],[136.859011,35.113433],[136.859006,35.113324],[136.859307,35.11331],[136.859317,35.113429],[136.859321,35.113489],[136.859522,35.113478],[136.859525,35.113432],[136.859528,35.113393],[136.859794,35.113389],[136.859828,35.113388],[136.859819,35.113268],[136.860198,35.113262],[136.860193,35.113428],[136.860192,35.11346],[136.860384,35.113458],[136.860386,35.113487],[136.860631,35.113485],[136.860637,35.113454],[136.860938,35.113455],[136.86094,35.113409],[136.861164,35.113403],[136.861918,35.113406],[136.861918,35.113506],[136.862077,35.113506],[136.862074,35.113436],[136.862074,35.113406],[136.862548,35.113408],[136.862611,35.113407],[136.8633,35.113398],[136.8633,35.113452],[136.863469,35.113453],[136.863473,35.113396],[136.864121,35.113388],[136.864195,35.113387],[136.864211,35.113387],[136.864236,35.113302],[136.864563,35.11331],[136.864564,35.113328],[136.86538,35.113326],[136.866253,35.113323],[136.86809,35.113319],[136.868764,35.113318],[136.86946,35.113315],[136.86969,35.113313],[136.869691,35.113295],[136.872002,35.113276],[136.873656,35.113257],[136.873652,35.113248],[136.873668,35.113248],[136.873692,35.113244],[136.873718,35.113238],[136.873753,35.11323],[136.873801,35.113219],[136.873801,35.113208],[136.873922,35.11321],[136.873924,35.113322],[136.873924,35.113337],[136.87373,35.113336],[136.87384,35.113522],[136.873858,35.113522],[136.873993,35.113517],[136.874106,35.113514],[136.874129,35.113513],[136.874441,35.11351],[136.874563,35.113509],[136.874691,35.113508],[136.874735,35.113509],[136.874735,35.113508],[136.874977,35.113506],[136.874978,35.113548],[136.874983,35.113983],[136.874982,35.114096],[136.874834,35.114096],[136.874824,35.113984],[136.874821,35.113984],[136.874821,35.113946],[136.874176,35.113951],[136.874148,35.113951],[136.873965,35.113953],[136.873964,35.113986],[136.873962,35.113986],[136.873958,35.114027],[136.873538,35.114029],[136.87354,35.113987],[136.872802,35.113995],[136.872402,35.114],[136.871945,35.114005],[136.870206,35.114007],[136.869433,35.114003],[136.869432,35.114033],[136.868764,35.114033],[136.868765,35.113951],[136.867182,35.113943],[136.865567,35.11396],[136.865563,35.114178],[136.864381,35.114172],[136.864382,35.11401],[136.864058,35.114012],[136.863682,35.114015],[136.863336,35.114018],[136.862618,35.114024],[136.862582,35.114024],[136.862296,35.114027],[136.862233,35.114025],[136.862177,35.114024],[136.862177,35.113992],[136.861731,35.113992],[136.861731,35.114033],[136.861722,35.114033],[136.861656,35.114034],[136.861512,35.114036],[136.861205,35.11404],[136.860903,35.114043],[136.860656,35.114045],[136.860466,35.114047],[136.860222,35.114051],[136.859699,35.114059],[136.859697,35.113984],[136.859697,35.113759],[136.859696,35.113651],[136.859679,35.113649],[136.858762,35.113661],[136.858288,35.113667],[136.858278,35.113534],[136.85814,35.11354],[136.858116,35.113449]]]}},{"type":"Feature","properties":{"name":"川間町","city":"名古屋市港区","code":"111","setai":883,"jinko":2057,"n":3,"towns":["23111043001","23111043002","23111043003"],"lx":136.86672,"ly":35.115921},"geometry":{"type":"Polygon","coordinates":[[[136.864014,35.117891],[136.864016,35.117657],[136.864018,35.117389],[136.864019,35.11726],[136.86402,35.117169],[136.86402,35.117133],[136.864021,35.116996],[136.864022,35.116924],[136.864023,35.11674],[136.864024,35.116555],[136.864025,35.116457],[136.86403,35.116457],[136.864038,35.11641],[136.86404,35.116296],[136.864043,35.116118],[136.864046,35.115957],[136.864049,35.115811],[136.86405,35.115729],[136.864053,35.115562],[136.864056,35.11542],[136.864057,35.115331],[136.864058,35.115281],[136.864055,35.115281],[136.864056,35.115202],[136.864057,35.115043],[136.864058,35.114993],[136.864053,35.114906],[136.864052,35.114878],[136.864055,35.114633],[136.864055,35.114489],[136.864056,35.114226],[136.864056,35.114063],[136.864058,35.114012],[136.864382,35.11401],[136.864381,35.114172],[136.865563,35.114178],[136.865567,35.11396],[136.867182,35.113943],[136.868765,35.113951],[136.868764,35.114033],[136.868762,35.114144],[136.868747,35.114475],[136.868744,35.11454],[136.868735,35.115285],[136.868734,35.11532],[136.868685,35.116556],[136.868684,35.116833],[136.868682,35.117064],[136.868682,35.117123],[136.868641,35.11791],[136.867858,35.117898],[136.867785,35.117897],[136.867664,35.117895],[136.867649,35.117894],[136.867095,35.117894],[136.867067,35.117893],[136.867067,35.117894],[136.865598,35.117896],[136.865497,35.117896],[136.864333,35.117892],[136.864014,35.117891]]]}},{"type":"Feature","properties":{"name":"寛政町","city":"名古屋市港区","code":"111","setai":474,"jinko":1222,"n":11,"towns":["23111044000","23111044001","23111044002","23111044003","23111044004","23111044005","23111044006","23111044007","23111044008","23111044009","23111044010"],"lx":136.859204,"ly":35.105506},"geometry":{"type":"Polygon","coordinates":[[[136.855103,35.105843],[136.855157,35.105831],[136.855167,35.105829],[136.85522,35.105792],[136.855278,35.105752],[136.855324,35.105721],[136.855339,35.105705],[136.855367,35.105726],[136.85541,35.105758],[136.855446,35.105785],[136.855463,35.105799],[136.855466,35.105802],[136.855495,35.105826],[136.855579,35.105894],[136.855626,35.105934],[136.855648,35.105952],[136.855653,35.105956],[136.855711,35.105864],[136.855765,35.105805],[136.855998,35.105584],[136.856161,35.105451],[136.856402,35.105279],[136.856762,35.105034],[136.856817,35.104999],[136.856907,35.104941],[136.857063,35.104842],[136.857275,35.104707],[136.857338,35.104667],[136.857408,35.104623],[136.85745,35.104596],[136.857472,35.104582],[136.857491,35.10457],[136.857565,35.104523],[136.85768,35.104451],[136.857779,35.104332],[136.857957,35.10422],[136.858197,35.104061],[136.858281,35.104002],[136.858341,35.103958],[136.858443,35.103879],[136.858505,35.103829],[136.858645,35.103706],[136.858717,35.10364],[136.858717,35.103641],[136.858985,35.103819],[136.859195,35.103909],[136.859333,35.103959],[136.860302,35.104244],[136.860348,35.104258],[136.861188,35.104505],[136.861215,35.104513],[136.861301,35.104538],[136.861412,35.104571],[136.861413,35.104572],[136.861922,35.104724],[136.862258,35.104818],[136.862835,35.10498],[136.862912,35.105002],[136.863349,35.105125],[136.864002,35.105308],[136.864627,35.105484],[136.86542,35.105707],[136.865414,35.105738],[136.865382,35.105911],[136.865407,35.105919],[136.865303,35.106395],[136.865167,35.107124],[136.86502,35.107836],[136.865018,35.107849],[136.864945,35.108249],[136.864904,35.108473],[136.864894,35.108535],[136.864889,35.108564],[136.864859,35.108712],[136.864856,35.1088],[136.864851,35.108926],[136.864718,35.108888],[136.864554,35.108841],[136.864603,35.108715],[136.864506,35.108686],[136.864387,35.108923],[136.864376,35.108942],[136.863879,35.108752],[136.8639,35.108689],[136.863987,35.108493],[136.863656,35.108399],[136.863624,35.10839],[136.863539,35.108366],[136.863483,35.108358],[136.863415,35.108339],[136.86335,35.108334],[136.863348,35.108241],[136.863304,35.108225],[136.862944,35.108118],[136.862954,35.108095],[136.862672,35.107991],[136.862695,35.107945],[136.862343,35.107869],[136.86234,35.107868],[136.861716,35.107644],[136.861715,35.107644],[136.861678,35.10763],[136.861335,35.107507],[136.861333,35.107462],[136.86133,35.107386],[136.861289,35.107374],[136.861264,35.107429],[136.861241,35.10748],[136.86101,35.107408],[136.860991,35.107402],[136.86101,35.107347],[136.860811,35.107283],[136.860816,35.10727],[136.860821,35.107256],[136.860713,35.107217],[136.8606,35.107176],[136.860287,35.10707],[136.859989,35.107024],[136.859985,35.107063],[136.859983,35.107082],[136.85988,35.107062],[136.859888,35.107039],[136.859898,35.107009],[136.859659,35.106957],[136.859658,35.106981],[136.859655,35.107045],[136.859546,35.107038],[136.859505,35.107248],[136.859481,35.10724],[136.859345,35.107199],[136.859285,35.107181],[136.859279,35.107181],[136.859279,35.107183],[136.85861,35.10714],[136.858639,35.106917],[136.858422,35.106897],[136.858432,35.106863],[136.858436,35.106832],[136.858191,35.106808],[136.857963,35.106786],[136.85796,35.106826],[136.857958,35.106857],[136.857754,35.10684],[136.857756,35.106812],[136.857758,35.106788],[136.857506,35.106776],[136.856827,35.106741],[136.856818,35.106978],[136.856545,35.106943],[136.856541,35.106844],[136.856341,35.106826],[136.856342,35.106705],[136.856342,35.106679],[136.855864,35.106671],[136.855581,35.106774],[136.855615,35.106942],[136.855711,35.107357],[136.855749,35.107512],[136.855748,35.107512],[136.855758,35.107552],[136.855822,35.107817],[136.855892,35.108075],[136.855923,35.108188],[136.855934,35.108228],[136.855991,35.108436],[136.856041,35.108618],[136.856134,35.108954],[136.856195,35.109184],[136.856284,35.109518],[136.85636,35.109804],[136.856399,35.109945],[136.856668,35.110928],[136.856981,35.111928],[136.857084,35.111897],[136.857287,35.112481],[136.857028,35.112553],[136.856957,35.112572],[136.856955,35.112567],[136.856892,35.112406],[136.856827,35.112231],[136.856762,35.112052],[136.856706,35.111902],[136.856708,35.111901],[136.856699,35.111875],[136.856616,35.11163],[136.856586,35.111539],[136.856587,35.111539],[136.856573,35.111497],[136.856531,35.111344],[136.856456,35.111073],[136.856403,35.11088],[136.856352,35.110697],[136.856292,35.110477],[136.856231,35.110258],[136.856173,35.110049],[136.856144,35.109942],[136.856041,35.109568],[136.855922,35.109133],[136.855915,35.109109],[136.855804,35.108698],[136.855774,35.10859],[136.855676,35.108227],[136.855572,35.107837],[136.8555,35.107549],[136.855421,35.107182],[136.855364,35.106904],[136.855349,35.106832],[136.855308,35.106641],[136.855277,35.106497],[136.855263,35.1064],[136.855261,35.106375],[136.85526,35.106375],[136.855258,35.106357],[136.855257,35.106329],[136.855256,35.106297],[136.855245,35.106239],[136.855233,35.10618],[136.855216,35.10609],[136.855197,35.105996],[136.855126,35.105881],[136.855103,35.105843]]]}},{"type":"Feature","properties":{"name":"木場町","city":"名古屋市港区","code":"111","setai":3762,"jinko":8880,"n":1,"towns":["231110450"],"lx":136.8983,"ly":35.100024},"geometry":{"type":"Polygon","coordinates":[[[136.901139,35.108216],[136.901111,35.10807],[136.901045,35.10803],[136.901018,35.107888],[136.901016,35.10788],[136.901016,35.107879],[136.901015,35.107875],[136.9009,35.107411],[136.900944,35.107398],[136.900896,35.106913],[136.900895,35.106901],[136.900882,35.106764],[136.900878,35.106737],[136.9009,35.10663],[136.900938,35.106202],[136.90094,35.106182],[136.90094,35.106181],[136.900941,35.10617],[136.900953,35.106031],[136.900953,35.106025],[136.900957,35.105887],[136.900966,35.10562],[136.900967,35.105609],[136.900982,35.105141],[136.900985,35.105046],[136.901013,35.104828],[136.901032,35.104677],[136.901044,35.104584],[136.901066,35.104515],[136.901068,35.104508],[136.9011,35.104409],[136.900858,35.103977],[136.901355,35.103759],[136.901406,35.103607],[136.901421,35.103563],[136.901539,35.103213],[136.901593,35.103097],[136.901587,35.103053],[136.901583,35.103016],[136.901545,35.102698],[136.901486,35.102203],[136.901475,35.102128],[136.901372,35.101445],[136.901372,35.101443],[136.901293,35.100866],[136.901277,35.100748],[136.901199,35.100187],[136.901192,35.100134],[136.901165,35.100137],[136.901072,35.09942],[136.901008,35.098942],[136.900935,35.098396],[136.900896,35.098107],[136.900863,35.097859],[136.900789,35.097311],[136.900744,35.097044],[136.900709,35.096965],[136.900707,35.096936],[136.900699,35.096776],[136.90049,35.096592],[136.900558,35.096414],[136.900673,35.096311],[136.900657,35.096197],[136.900644,35.096105],[136.900634,35.096034],[136.900457,35.096084],[136.900121,35.096196],[136.90006,35.096216],[136.899985,35.096241],[136.899794,35.096305],[136.89953,35.096407],[136.899079,35.096593],[136.898818,35.0967],[136.89858,35.096798],[136.898481,35.096838],[136.898481,35.096837],[136.898386,35.096875],[136.897937,35.097048],[136.89765,35.097156],[136.897507,35.09721],[136.897032,35.097385],[136.897028,35.097386],[136.896904,35.097432],[136.896963,35.097533],[136.896871,35.097568],[136.896486,35.097706],[136.896386,35.097745],[136.896347,35.097627],[136.895456,35.09795],[136.895419,35.097963],[136.894854,35.098164],[136.8944,35.098326],[136.894177,35.098399],[136.894064,35.098444],[136.894899,35.099931],[136.895,35.099893],[136.895324,35.100481],[136.896074,35.101842],[136.896778,35.103119],[136.896791,35.103143],[136.896845,35.103122],[136.896988,35.10337],[136.897083,35.103331],[136.897123,35.103418],[136.897023,35.103455],[136.897268,35.103877],[136.897201,35.103915],[136.898115,35.105565],[136.899028,35.107214],[136.899099,35.107186],[136.899132,35.107246],[136.899207,35.107373],[136.899281,35.107344],[136.899334,35.107418],[136.899232,35.10746],[136.899549,35.107981],[136.899487,35.108014],[136.899561,35.108127],[136.899371,35.108204],[136.899409,35.108272],[136.899547,35.108207],[136.900714,35.110216],[136.900776,35.110233],[136.900818,35.110224],[136.900819,35.110224],[136.900807,35.110031],[136.90129,35.110007],[136.90134,35.110005],[136.901301,35.109113],[136.901394,35.108573],[136.901252,35.108476],[136.901177,35.108356],[136.901139,35.108216]]]}},{"type":"Feature","properties":{"name":"九番町","city":"名古屋市港区","code":"111","setai":1264,"jinko":2182,"n":4,"towns":["23111049001","23111049003","23111049004","23111049005"],"lx":136.884157,"ly":35.115516},"geometry":{"type":"Polygon","coordinates":[[[136.882166,35.113869],[136.883597,35.113848],[136.883943,35.113845],[136.884702,35.113839],[136.885518,35.113833],[136.88557,35.113833],[136.88558,35.113879],[136.885636,35.114132],[136.885643,35.114168],[136.885708,35.114482],[136.885717,35.114531],[136.885722,35.114554],[136.885752,35.114789],[136.885803,35.11521],[136.88584,35.115513],[136.885841,35.115556],[136.885841,35.116374],[136.885803,35.116374],[136.885618,35.116377],[136.885694,35.116731],[136.885726,35.116878],[136.885785,35.11715],[136.885821,35.117315],[136.885829,35.117352],[136.88588,35.117588],[136.885895,35.11766],[136.885925,35.117799],[136.885968,35.117999],[136.885971,35.118014],[136.886003,35.118167],[136.886075,35.118508],[136.886078,35.118525],[136.886047,35.118525],[136.885463,35.118528],[136.885222,35.118529],[136.885118,35.11853],[136.884965,35.11853],[136.884906,35.118531],[136.884736,35.118531],[136.884245,35.118536],[136.883985,35.118539],[136.88363,35.118539],[136.883259,35.118538],[136.88302,35.118538],[136.88297,35.118284],[136.882908,35.117962],[136.882855,35.117692],[136.882834,35.117577],[136.882793,35.117351],[136.882771,35.11723],[136.882771,35.117229],[136.882738,35.117053],[136.882611,35.116356],[136.882546,35.115999],[136.882537,35.115948],[136.882461,35.115531],[136.882384,35.11511],[136.88232,35.114744],[136.882279,35.114513],[136.882268,35.11445],[136.882268,35.114448],[136.882237,35.114271],[136.882218,35.114162],[136.882166,35.113869]]]}},{"type":"Feature","properties":{"name":"港栄","city":"名古屋市港区","code":"111","setai":1520,"jinko":3217,"n":4,"towns":["23111050091","23111050092","23111050093","23111050094"],"lx":136.882536,"ly":35.104923},"geometry":{"type":"Polygon","coordinates":[[[136.879343,35.097891],[136.879885,35.098097],[136.880066,35.098166],[136.880433,35.098304],[136.880884,35.098473],[136.881136,35.098566],[136.881437,35.098677],[136.881782,35.098803],[136.882168,35.098944],[136.882424,35.099038],[136.88333,35.099356],[136.883377,35.09955],[136.883409,35.099687],[136.883416,35.099716],[136.883431,35.099783],[136.883466,35.099965],[136.883485,35.100067],[136.883507,35.100166],[136.883513,35.100192],[136.883522,35.100233],[136.883571,35.100464],[136.883596,35.100583],[136.883636,35.100765],[136.883662,35.100887],[136.883689,35.101005],[136.883698,35.101044],[136.883698,35.101045],[136.883798,35.101464],[136.883875,35.101787],[136.883925,35.101996],[136.883933,35.102029],[136.883972,35.102194],[136.884027,35.102452],[136.884041,35.102521],[136.884075,35.102685],[136.884125,35.102927],[136.884135,35.102974],[136.884138,35.102989],[136.8842,35.103292],[136.884217,35.103364],[136.884262,35.103572],[136.884269,35.103605],[136.884265,35.10361],[136.884284,35.103703],[136.884331,35.10393],[136.884335,35.103953],[136.884337,35.103964],[136.884356,35.104056],[136.884445,35.104485],[136.884489,35.104695],[136.884523,35.104861],[136.884534,35.104913],[136.884536,35.104923],[136.884576,35.105121],[136.884636,35.105412],[136.884712,35.105781],[136.884735,35.105893],[136.884738,35.105893],[136.88474,35.105904],[136.884773,35.106075],[136.884809,35.106243],[136.884878,35.106571],[136.884889,35.10662],[136.884925,35.10679],[136.884945,35.106885],[136.88496,35.106957],[136.88499,35.107099],[136.885045,35.10736],[136.884903,35.107378],[136.88486,35.107383],[136.884756,35.107396],[136.884035,35.107485],[136.882946,35.107637],[136.882852,35.10765],[136.882659,35.107677],[136.882539,35.107693],[136.88246,35.107297],[136.881059,35.107492],[136.881062,35.107523],[136.881038,35.10753],[136.880658,35.10548],[136.880622,35.105359],[136.880576,35.105074],[136.880275,35.103327],[136.87988,35.101109],[136.879343,35.097891]]]}},{"type":"Feature","properties":{"name":"港北町","city":"名古屋市港区","code":"111","setai":807,"jinko":1751,"n":4,"towns":["23111054001","23111054002","23111054003","23111054004"],"lx":136.857548,"ly":35.108347},"geometry":{"type":"Polygon","coordinates":[[[136.855581,35.106774],[136.855864,35.106671],[136.856342,35.106679],[136.856342,35.106705],[136.856341,35.106826],[136.856541,35.106844],[136.856545,35.106943],[136.856818,35.106978],[136.856827,35.106741],[136.857506,35.106776],[136.857758,35.106788],[136.857756,35.106812],[136.857754,35.10684],[136.857958,35.106857],[136.85796,35.106826],[136.857963,35.106786],[136.858191,35.106808],[136.858436,35.106832],[136.858432,35.106863],[136.858422,35.106897],[136.858639,35.106917],[136.85861,35.10714],[136.859279,35.107183],[136.859279,35.107181],[136.859285,35.107181],[136.859345,35.107199],[136.859481,35.10724],[136.859505,35.107248],[136.859546,35.107038],[136.859655,35.107045],[136.859658,35.106981],[136.859659,35.106957],[136.859898,35.107009],[136.859888,35.107039],[136.85988,35.107062],[136.859983,35.107082],[136.859985,35.107063],[136.859989,35.107024],[136.860287,35.10707],[136.8606,35.107176],[136.860713,35.107217],[136.860821,35.107256],[136.860816,35.10727],[136.860811,35.107283],[136.86101,35.107347],[136.860991,35.107402],[136.86101,35.107408],[136.861241,35.10748],[136.861264,35.107429],[136.861289,35.107374],[136.86133,35.107386],[136.861333,35.107462],[136.861335,35.107507],[136.861678,35.10763],[136.861715,35.107644],[136.861715,35.107647],[136.861752,35.107909],[136.861802,35.107928],[136.861807,35.107964],[136.861859,35.108324],[136.861915,35.108705],[136.861949,35.108938],[136.862,35.109288],[136.862028,35.109482],[136.862069,35.109784],[136.862073,35.109812],[136.862013,35.109813],[136.86104,35.10983],[136.860977,35.109828],[136.860367,35.109839],[136.860334,35.109839],[136.859619,35.109846],[136.859573,35.109847],[136.858316,35.10987],[136.856658,35.109865],[136.856502,35.109907],[136.856399,35.109945],[136.85636,35.109804],[136.856284,35.109518],[136.856195,35.109184],[136.856134,35.108954],[136.856041,35.108618],[136.855991,35.108436],[136.855934,35.108228],[136.855923,35.108188],[136.855892,35.108075],[136.855822,35.107817],[136.855758,35.107552],[136.855748,35.107512],[136.855749,35.107512],[136.855711,35.107357],[136.855615,35.106942],[136.855581,35.106774]]]}},{"type":"Feature","properties":{"name":"港明","city":"名古屋市港区","code":"111","setai":724,"jinko":1380,"n":2,"towns":["23111055091","23111055092"],"lx":136.889065,"ly":35.108836},"geometry":{"type":"Polygon","coordinates":[[[136.881148,35.107888],[136.881368,35.107857],[136.882539,35.107693],[136.882659,35.107677],[136.882852,35.10765],[136.882946,35.107637],[136.884035,35.107485],[136.884756,35.107396],[136.88486,35.107383],[136.884903,35.107378],[136.885045,35.10736],[136.885719,35.107277],[136.885972,35.107245],[136.886435,35.107175],[136.887316,35.107043],[136.887373,35.107034],[136.88779,35.10698],[136.888032,35.106921],[136.888159,35.106877],[136.888213,35.106843],[136.888243,35.106823],[136.889454,35.10616],[136.889451,35.106156],[136.889593,35.106077],[136.889619,35.106109],[136.889915,35.106469],[136.890745,35.107483],[136.891603,35.10853],[136.892186,35.109262],[136.892576,35.10973],[136.892576,35.109729],[136.893188,35.110506],[136.893167,35.11048],[136.893033,35.110553],[136.893026,35.110545],[136.892403,35.110889],[136.891479,35.111373],[136.890571,35.111649],[136.889678,35.111777],[136.889594,35.111789],[136.889123,35.111843],[136.88893,35.111867],[136.888752,35.11189],[136.888576,35.110938],[136.888485,35.11095],[136.88829,35.110978],[136.888191,35.110992],[136.887218,35.11112],[136.886318,35.111253],[136.886033,35.111293],[136.885695,35.111341],[136.885693,35.111341],[136.885591,35.111356],[136.885589,35.111351],[136.884848,35.111456],[136.883951,35.111585],[136.88368,35.111624],[136.881893,35.111871],[136.881864,35.111722],[136.881651,35.110633],[136.88165,35.110633],[136.881446,35.109598],[136.881173,35.108033],[136.881156,35.107937],[136.881148,35.107888]]]}},{"type":"Feature","properties":{"name":"港陽","city":"名古屋市港区","code":"111","setai":1374,"jinko":2624,"n":3,"towns":["23111057091","23111057092","23111057093"],"lx":136.888094,"ly":35.101329},"geometry":{"type":"Polygon","coordinates":[[[136.884557,35.09979],[136.884558,35.099759],[136.884564,35.099724],[136.884574,35.099685],[136.884588,35.099656],[136.884602,35.099629],[136.884613,35.099616],[136.88464,35.099588],[136.884664,35.09957],[136.884697,35.09955],[136.884727,35.099532],[136.884733,35.099529],[136.884749,35.099527],[136.884837,35.099518],[136.884885,35.099512],[136.885224,35.099476],[136.885269,35.099471],[136.885533,35.099442],[136.885553,35.09944],[136.885698,35.099425],[136.885921,35.099402],[136.886015,35.099393],[136.886028,35.099391],[136.886137,35.099379],[136.886395,35.099358],[136.886487,35.099351],[136.886584,35.099342],[136.886599,35.099342],[136.886625,35.09934],[136.88694,35.099329],[136.887522,35.099308],[136.887544,35.099308],[136.887586,35.099307],[136.887634,35.099315],[136.887657,35.099317],[136.887681,35.099323],[136.887817,35.099363],[136.888042,35.099431],[136.88828,35.099504],[136.888317,35.099516],[136.888334,35.099511],[136.88848,35.099469],[136.888545,35.09945],[136.888561,35.099446],[136.889,35.099321],[136.889109,35.09929],[136.889194,35.099265],[136.889692,35.099124],[136.889858,35.099076],[136.889964,35.099046],[136.890058,35.099012],[136.89015,35.098966],[136.890185,35.098947],[136.890281,35.09889],[136.890395,35.098821],[136.890638,35.098674],[136.890662,35.098666],[136.890727,35.098643],[136.890741,35.098638],[136.891166,35.099189],[136.891294,35.099363],[136.891443,35.099599],[136.891637,35.099989],[136.891675,35.100084],[136.891707,35.100207],[136.891744,35.100451],[136.891733,35.100664],[136.891638,35.10091],[136.891564,35.101028],[136.891416,35.101233],[136.891211,35.101432],[136.891123,35.101496],[136.890629,35.10183],[136.89023,35.1021],[136.889854,35.102362],[136.889236,35.102769],[136.88834,35.103332],[136.888267,35.103385],[136.887923,35.103606],[136.887706,35.103745],[136.887629,35.10365],[136.887274,35.103213],[136.88721,35.103135],[136.886899,35.102753],[136.886877,35.102727],[136.886677,35.102482],[136.886571,35.102351],[136.886461,35.102216],[136.886346,35.102074],[136.886295,35.102013],[136.886019,35.101673],[136.88589,35.101515],[136.885843,35.101458],[136.885774,35.101373],[136.885642,35.101211],[136.885345,35.10085],[136.88532,35.100818],[136.885194,35.100659],[136.884992,35.100397],[136.884884,35.100257],[136.884697,35.100014],[136.884695,35.100011],[136.88463,35.099928],[136.884583,35.099867],[136.884565,35.099836],[136.88456,35.099816],[136.884557,35.09979]]]}},{"type":"Feature","properties":{"name":"港楽","city":"名古屋市港区","code":"111","setai":1025,"jinko":2074,"n":3,"towns":["23111060091","23111060092","23111060093"],"lx":136.886521,"ly":35.105263},"geometry":{"type":"Polygon","coordinates":[[[136.88333,35.099356],[136.883402,35.099382],[136.883636,35.099467],[136.883656,35.099474],[136.883674,35.09948],[136.883744,35.099506],[136.883866,35.09955],[136.884014,35.099604],[136.884156,35.099589],[136.884347,35.099569],[136.884461,35.099557],[136.884523,35.099551],[136.884524,35.099551],[136.884641,35.099538],[136.884733,35.099529],[136.884727,35.099532],[136.884697,35.09955],[136.884664,35.09957],[136.88464,35.099588],[136.884613,35.099616],[136.884602,35.099629],[136.884588,35.099656],[136.884574,35.099685],[136.884564,35.099724],[136.884558,35.099759],[136.884557,35.09979],[136.88456,35.099816],[136.884565,35.099836],[136.884583,35.099867],[136.88463,35.099928],[136.884695,35.100011],[136.884697,35.100014],[136.884884,35.100257],[136.884992,35.100397],[136.885194,35.100659],[136.88532,35.100818],[136.885345,35.10085],[136.885642,35.101211],[136.885774,35.101373],[136.885843,35.101458],[136.88589,35.101515],[136.886019,35.101673],[136.886295,35.102013],[136.886346,35.102074],[136.886461,35.102216],[136.886571,35.102351],[136.886677,35.102482],[136.886877,35.102727],[136.886899,35.102753],[136.88721,35.103135],[136.887274,35.103213],[136.887629,35.10365],[136.887706,35.103745],[136.888037,35.104153],[136.888036,35.104153],[136.888366,35.10456],[136.888554,35.104792],[136.889067,35.105428],[136.889084,35.105448],[136.889287,35.105699],[136.889593,35.106077],[136.889451,35.106156],[136.889454,35.10616],[136.888243,35.106823],[136.888213,35.106843],[136.888159,35.106877],[136.888032,35.106921],[136.88779,35.10698],[136.887373,35.107034],[136.887316,35.107043],[136.886435,35.107175],[136.885972,35.107245],[136.885719,35.107277],[136.885045,35.10736],[136.88499,35.107099],[136.88496,35.106957],[136.884945,35.106885],[136.884925,35.10679],[136.884889,35.10662],[136.884878,35.106571],[136.884809,35.106243],[136.884773,35.106075],[136.88474,35.105904],[136.884738,35.105893],[136.884735,35.105893],[136.884712,35.105781],[136.884636,35.105412],[136.884576,35.105121],[136.884536,35.104923],[136.884534,35.104913],[136.884523,35.104861],[136.884489,35.104695],[136.884445,35.104485],[136.884356,35.104056],[136.884337,35.103964],[136.884335,35.103953],[136.884331,35.10393],[136.884284,35.103703],[136.884265,35.10361],[136.884269,35.103605],[136.884262,35.103572],[136.884217,35.103364],[136.8842,35.103292],[136.884138,35.102989],[136.884135,35.102974],[136.884125,35.102927],[136.884075,35.102685],[136.884041,35.102521],[136.884027,35.102452],[136.883972,35.102194],[136.883933,35.102029],[136.883925,35.101996],[136.883875,35.101787],[136.883798,35.101464],[136.883698,35.101045],[136.883698,35.101044],[136.883689,35.101005],[136.883662,35.100887],[136.883636,35.100765],[136.883596,35.100583],[136.883571,35.100464],[136.883522,35.100233],[136.883513,35.100192],[136.883507,35.100166],[136.883485,35.100067],[136.883466,35.099965],[136.883431,35.099783],[136.883416,35.099716],[136.883409,35.099687],[136.883377,35.09955],[136.88333,35.099356]]]}},{"type":"Feature","properties":{"name":"小賀須","city":"名古屋市港区","code":"111","setai":1124,"jinko":2816,"n":4,"towns":["23111063091","23111063092","23111063093","23111063094"],"lx":136.829923,"ly":35.11264},"geometry":{"type":"Polygon","coordinates":[[[136.825961,35.113223],[136.825963,35.113197],[136.825964,35.113193],[136.825971,35.113122],[136.826008,35.112768],[136.826026,35.11262],[136.826031,35.112582],[136.826631,35.112614],[136.826972,35.112609],[136.827178,35.112595],[136.827265,35.111964],[136.827966,35.111975],[136.827865,35.111538],[136.827863,35.111527],[136.827767,35.111022],[136.827741,35.110771],[136.827739,35.110751],[136.827711,35.110535],[136.828784,35.110551],[136.82905,35.110556],[136.829356,35.110561],[136.829615,35.110567],[136.829713,35.110569],[136.829961,35.110574],[136.830202,35.110579],[136.830398,35.110584],[136.830608,35.110589],[136.830794,35.110594],[136.830969,35.110598],[136.831117,35.1106],[136.831344,35.110604],[136.831905,35.110604],[136.832258,35.110599],[136.832265,35.110599],[136.832281,35.110598],[136.832457,35.110596],[136.832606,35.110596],[136.832667,35.110595],[136.832818,35.110589],[136.833015,35.110583],[136.833273,35.110574],[136.833425,35.110566],[136.833505,35.110561],[136.833532,35.110566],[136.833534,35.110566],[136.833576,35.110578],[136.833619,35.110596],[136.833698,35.110641],[136.833735,35.110668],[136.833758,35.110685],[136.833778,35.110699],[136.833815,35.110738],[136.83384,35.110776],[136.833859,35.110825],[136.833866,35.110851],[136.833879,35.110901],[136.833885,35.111029],[136.833871,35.111216],[136.833837,35.111519],[136.833795,35.111872],[136.833764,35.112144],[136.833755,35.112232],[136.83371,35.112694],[136.833686,35.112925],[136.833646,35.113321],[136.833628,35.113477],[136.833619,35.113553],[136.833608,35.113646],[136.83356,35.113992],[136.833526,35.11423],[136.833502,35.114388],[136.833488,35.114459],[136.83346,35.114606],[136.833425,35.11482],[136.833382,35.115038],[136.833335,35.115281],[136.833279,35.115567],[136.833278,35.115574],[136.833168,35.115459],[136.832805,35.115417],[136.832638,35.115385],[136.832216,35.115283],[136.831844,35.115156],[136.832172,35.114546],[136.831967,35.114575],[136.831171,35.114625],[136.830374,35.11468],[136.829553,35.114737],[136.829554,35.114749],[136.828766,35.1148],[136.828867,35.115811],[136.828102,35.115862],[136.827232,35.115904],[136.827219,35.115905],[136.826176,35.115974],[136.82617,35.115974],[136.826006,35.115985],[136.825996,35.115986],[136.82599,35.115634],[136.825982,35.115193],[136.825981,35.115119],[136.825971,35.11425],[136.82597,35.114175],[136.825961,35.113854],[136.825964,35.113684],[136.825965,35.113636],[136.825961,35.113223]]]}},{"type":"Feature","properties":{"name":"小割通","city":"名古屋市港区","code":"111","setai":89,"jinko":176,"n":3,"towns":["23111067001","23111067002","23111067003"],"lx":136.869463,"ly":35.11477},"geometry":{"type":"Polygon","coordinates":[[[136.868641,35.11791],[136.868682,35.117123],[136.868682,35.117064],[136.868684,35.116833],[136.868685,35.116556],[136.868734,35.11532],[136.868735,35.115285],[136.868744,35.11454],[136.868747,35.114475],[136.868762,35.114144],[136.868764,35.114033],[136.869432,35.114033],[136.869433,35.114003],[136.870206,35.114007],[136.870196,35.114452],[136.870169,35.115278],[136.870156,35.115726],[136.870124,35.116552],[136.8695,35.116536],[136.869499,35.116561],[136.869471,35.117301],[136.869435,35.118292],[136.869432,35.118292],[136.869421,35.118288],[136.869407,35.118284],[136.869393,35.118281],[136.869382,35.118277],[136.86937,35.118274],[136.869357,35.11827],[136.869351,35.118269],[136.869345,35.118267],[136.8691,35.118199],[136.868736,35.118191],[136.868736,35.118192],[136.868659,35.118189],[136.868657,35.118189],[136.868663,35.11798],[136.868665,35.117911],[136.868641,35.11791]]]}},{"type":"Feature","properties":{"name":"幸町","city":"名古屋市港区","code":"111","setai":152,"jinko":376,"n":3,"towns":["23111068001","23111068002","23111068003"],"lx":136.874309,"ly":35.099053},"geometry":{"type":"Polygon","coordinates":[[[136.871228,35.098962],[136.871255,35.098617],[136.871268,35.098444],[136.871284,35.098287],[136.872492,35.098342],[136.873977,35.098443],[136.87487,35.098488],[136.874875,35.098643],[136.874889,35.098837],[136.874901,35.099006],[136.874911,35.099152],[136.874924,35.099327],[136.874944,35.099598],[136.874948,35.099648],[136.87496,35.099773],[136.874966,35.09984],[136.874666,35.099826],[136.873954,35.099794],[136.873961,35.09971],[136.873968,35.099624],[136.87397,35.099601],[136.873975,35.099543],[136.87394,35.099541],[136.873878,35.099542],[136.873808,35.099541],[136.873594,35.099528],[136.873413,35.099518],[136.873233,35.099507],[136.873122,35.099501],[136.873122,35.099493],[136.873123,35.099485],[136.873124,35.099456],[136.873128,35.099351],[136.872925,35.099312],[136.872727,35.099272],[136.872643,35.099255],[136.872485,35.099225],[136.872405,35.09921],[136.872401,35.099237],[136.871228,35.098962]]]}},{"type":"Feature","properties":{"name":"魁町","city":"名古屋市港区","code":"111","setai":168,"jinko":372,"n":4,"towns":["23111069001","23111069002","23111069003","23111069004"],"lx":136.872277,"ly":35.096287},"geometry":{"type":"Polygon","coordinates":[[[136.871428,35.09694],[136.871449,35.096649],[136.87145,35.096633],[136.871463,35.096466],[136.871471,35.096309],[136.871481,35.096108],[136.871488,35.095986],[136.871496,35.095821],[136.871584,35.095814],[136.871669,35.095793],[136.871717,35.095777],[136.871739,35.095769],[136.871789,35.095751],[136.871846,35.095726],[136.871901,35.0957],[136.871972,35.095663],[136.872016,35.095638],[136.872047,35.095618],[136.872103,35.095581],[136.872143,35.095554],[136.872184,35.095525],[136.872196,35.095516],[136.872316,35.095561],[136.872457,35.095613],[136.872576,35.095657],[136.872688,35.095699],[136.872805,35.095742],[136.872931,35.095789],[136.872995,35.095813],[136.873303,35.095927],[136.873483,35.095994],[136.873665,35.096061],[136.8738,35.096111],[136.873927,35.096158],[136.874176,35.096251],[136.874548,35.096389],[136.874804,35.096485],[136.874829,35.096495],[136.874843,35.096498],[136.874762,35.096505],[136.874764,35.09666],[136.874771,35.09687],[136.87478,35.097195],[136.874089,35.097133],[136.87285,35.097059],[136.87285,35.097071],[136.872848,35.097083],[136.872845,35.097103],[136.872674,35.097094],[136.872604,35.097091],[136.872566,35.097089],[136.872571,35.097042],[136.872575,35.096982],[136.872407,35.096969],[136.872389,35.09703],[136.871586,35.096976],[136.87159,35.09695],[136.87143,35.09694],[136.871428,35.09694]]]}},{"type":"Feature","properties":{"name":"作倉町","city":"名古屋市港区","code":"111","setai":154,"jinko":354,"n":1,"towns":["231110700"],"lx":136.892391,"ly":35.100798},"geometry":{"type":"Polygon","coordinates":[[[136.890325,35.105552],[136.893658,35.103455],[136.893404,35.103162],[136.893381,35.103136],[136.894278,35.102572],[136.894592,35.102363],[136.894622,35.102332],[136.894609,35.102264],[136.894245,35.101658],[136.894174,35.10162],[136.894086,35.101654],[136.889774,35.104487],[136.889392,35.104011],[136.891458,35.102658],[136.89142,35.102622],[136.889428,35.103943],[136.889185,35.103602],[136.892422,35.101469],[136.892734,35.102014],[136.892816,35.102021],[136.893499,35.101587],[136.893537,35.101539],[136.893536,35.101463],[136.893214,35.100885],[136.892967,35.100451],[136.892817,35.100237],[136.892337,35.099633],[136.891362,35.098419],[136.890741,35.098638],[136.891166,35.099189],[136.891294,35.099363],[136.891443,35.099599],[136.891637,35.099989],[136.891675,35.100084],[136.891707,35.100207],[136.891744,35.100451],[136.891733,35.100664],[136.891638,35.10091],[136.891564,35.101028],[136.891416,35.101233],[136.891211,35.101432],[136.891123,35.101496],[136.890629,35.10183],[136.89023,35.1021],[136.889854,35.102362],[136.889236,35.102769],[136.88834,35.103332],[136.888267,35.103385],[136.887923,35.103606],[136.887706,35.103745],[136.888037,35.104153],[136.888036,35.104153],[136.888366,35.10456],[136.888554,35.104792],[136.888725,35.105004],[136.889067,35.105428],[136.889084,35.105448],[136.889084,35.105448],[136.889715,35.105049],[136.889834,35.104974],[136.890048,35.10523],[136.890244,35.105464],[136.890312,35.105546],[136.890319,35.105555],[136.890325,35.105552]]]}},{"type":"Feature","properties":{"name":"佐野町","city":"名古屋市港区","code":"111","setai":221,"jinko":504,"n":4,"towns":["23111071001","23111071002","23111071003","23111071004"],"lx":136.874022,"ly":35.097787},"geometry":{"type":"Polygon","coordinates":[[[136.871284,35.098287],[136.871317,35.097957],[136.871349,35.097628],[136.871367,35.097446],[136.871386,35.097292],[136.871397,35.097204],[136.871426,35.096965],[136.871428,35.09694],[136.87143,35.09694],[136.87159,35.09695],[136.871586,35.096976],[136.872389,35.09703],[136.872407,35.096969],[136.872575,35.096982],[136.872571,35.097042],[136.872566,35.097089],[136.872604,35.097091],[136.872674,35.097094],[136.872845,35.097103],[136.872848,35.097083],[136.87285,35.097071],[136.87285,35.097059],[136.874089,35.097133],[136.87478,35.097195],[136.874802,35.097495],[136.874816,35.097675],[136.874827,35.097842],[136.874849,35.098164],[136.87487,35.098488],[136.873977,35.098443],[136.872492,35.098342],[136.871284,35.098287]]]}},{"type":"Feature","properties":{"name":"汐止町","city":"名古屋市港区","code":"111","setai":0,"jinko":0,"n":1,"towns":["231110720"],"lx":136.853256,"ly":35.071588},"geometry":{"type":"Polygon","coordinates":[[[136.855023,35.069832],[136.854938,35.069831],[136.854341,35.06983],[136.853684,35.069828],[136.85312,35.069827],[136.852609,35.069825],[136.852247,35.069824],[136.851771,35.069823],[136.851383,35.069822],[136.850906,35.069824],[136.850639,35.069827],[136.850299,35.06983],[136.849957,35.069833],[136.849467,35.069838],[136.849042,35.069842],[136.848525,35.069847],[136.847987,35.069852],[136.847597,35.069856],[136.847308,35.069859],[136.847419,35.070114],[136.847581,35.070505],[136.847785,35.071035],[136.847995,35.071556],[136.848195,35.072103],[136.848378,35.072481],[136.848383,35.072504],[136.8484,35.072501],[136.848424,35.072495],[136.84846,35.072495],[136.848485,35.072522],[136.848541,35.072622],[136.848573,35.072679],[136.848622,35.07275],[136.848664,35.072804],[136.848736,35.07288],[136.848778,35.072916],[136.848888,35.072999],[136.84894,35.073034],[136.849061,35.073098],[136.849166,35.073145],[136.849252,35.073177],[136.849401,35.073219],[136.849542,35.073248],[136.849646,35.073264],[136.849713,35.073269],[136.849928,35.073269],[136.850214,35.07327],[136.850483,35.073271],[136.851058,35.073275],[136.851288,35.073277],[136.851563,35.073278],[136.851716,35.073279],[136.851769,35.073279],[136.851915,35.07328],[136.852397,35.073283],[136.852603,35.073285],[136.852682,35.073285],[136.852816,35.073304],[136.852965,35.073325],[136.853229,35.073362],[136.853526,35.073403],[136.853709,35.073427],[136.853826,35.073441],[136.853856,35.073444],[136.854013,35.073445],[136.854103,35.073446],[136.854443,35.073448],[136.854786,35.073449],[136.854872,35.07345],[136.854872,35.07345],[136.854925,35.07345],[136.855189,35.073451],[136.855189,35.073506],[136.855949,35.073507],[136.855945,35.073251],[136.855232,35.073252],[136.855233,35.073207],[136.854989,35.073205],[136.85502,35.071384],[136.855161,35.07138],[136.855166,35.071196],[136.855026,35.0712],[136.855023,35.069832]]]}},{"type":"Feature","properties":{"name":"潮凪町","city":"名古屋市港区","code":"111","setai":42,"jinko":68,"n":1,"towns":["231110730"],"lx":136.864457,"ly":35.079862},"geometry":{"type":"Polygon","coordinates":[[[136.869118,35.08205],[136.868238,35.080471],[136.868169,35.080376],[136.866946,35.078086],[136.864677,35.073983],[136.86458,35.073959],[136.864488,35.073977],[136.863127,35.075551],[136.863121,35.07564],[136.863512,35.076409],[136.863776,35.076501],[136.863808,35.076524],[136.863968,35.076806],[136.86282,35.077239],[136.86242,35.077387],[136.860992,35.074834],[136.863615,35.071784],[136.863626,35.071752],[136.86333,35.07119],[136.862874,35.070385],[136.862572,35.069862],[136.862507,35.069844],[136.862409,35.06987],[136.860094,35.072529],[136.859071,35.072511],[136.859061,35.072426],[136.856881,35.072381],[136.856875,35.072444],[136.856588,35.07245],[136.856517,35.072463],[136.856468,35.072503],[136.856446,35.072565],[136.856421,35.073277],[136.855956,35.073253],[136.855959,35.073506],[136.856413,35.073501],[136.856411,35.075485],[136.856368,35.07549],[136.85635,35.076542],[136.856431,35.076547],[136.856428,35.078235],[136.85625,35.078171],[136.856098,35.078161],[136.856016,35.078232],[136.85601,35.078335],[136.856047,35.078376],[136.856295,35.078494],[136.856295,35.078508],[136.859163,35.079986],[136.859373,35.080316],[136.859352,35.080406],[136.859676,35.080598],[136.860744,35.081232],[136.862012,35.081986],[136.862064,35.08203],[136.862096,35.081994],[136.862109,35.081976],[136.862898,35.082462],[136.863011,35.082605],[136.863088,35.08267],[136.863332,35.082805],[136.863652,35.082989],[136.864168,35.08332],[136.864255,35.083357],[136.864381,35.083421],[136.864435,35.083449],[136.864575,35.083532],[136.864739,35.083629],[136.864965,35.083763],[136.865096,35.083841],[136.865148,35.083871],[136.865232,35.08392],[136.865339,35.083982],[136.865421,35.084029],[136.865468,35.084056],[136.86558,35.084119],[136.865771,35.084226],[136.865966,35.084338],[136.866305,35.084533],[136.866343,35.084554],[136.866395,35.084649],[136.866581,35.08499],[136.866923,35.085614],[136.866991,35.085735],[136.867057,35.08567],[136.866612,35.084851],[136.867825,35.083414],[136.868063,35.083403],[136.869111,35.082189],[136.869145,35.082122],[136.869118,35.08205]]]}},{"type":"Feature","properties":{"name":"潮見町","city":"名古屋市港区","code":"111","setai":1,"jinko":1,"n":1,"towns":["231110740"],"lx":136.874845,"ly":35.065922},"geometry":{"type":"Polygon","coordinates":[[[136.88229,35.070298],[136.882276,35.070172],[136.88279,35.070158],[136.882761,35.069817],[136.882318,35.069858],[136.88231,35.069712],[136.882294,35.069387],[136.882007,35.069387],[136.88187,35.069042],[136.882038,35.068992],[136.882021,35.068952],[136.881854,35.068993],[136.88139,35.067815],[136.88149,35.067787],[136.88159,35.067849],[136.881739,35.067808],[136.881862,35.068095],[136.881937,35.068074],[136.881806,35.067788],[136.88188,35.067773],[136.881714,35.067336],[136.881649,35.067343],[136.881575,35.067106],[136.8815,35.067113],[136.881583,35.067374],[136.881285,35.067457],[136.88135,35.067603],[136.881312,35.067615],[136.880999,35.066822],[136.880902,35.066566],[136.881036,35.066537],[136.880926,35.066269],[136.880805,35.066313],[136.880732,35.066121],[136.88087,35.066085],[136.880787,35.065901],[136.881002,35.06584],[136.88127,35.066477],[136.881363,35.066439],[136.881039,35.065748],[136.880632,35.065859],[136.879882,35.063892],[136.88025,35.063798],[136.880677,35.064865],[136.880747,35.064843],[136.880057,35.063103],[136.879982,35.06313],[136.880233,35.063753],[136.879855,35.063852],[136.879302,35.062444],[136.879713,35.062327],[136.879828,35.062596],[136.879931,35.062569],[136.879651,35.061855],[136.879549,35.061887],[136.879707,35.062255],[136.87928,35.062367],[136.878924,35.061452],[136.879324,35.061331],[136.879406,35.061492],[136.879514,35.061461],[136.87935,35.061084],[136.879285,35.061106],[136.879318,35.061169],[136.879264,35.061192],[136.879286,35.061246],[136.878886,35.061363],[136.878579,35.060596],[136.878785,35.060537],[136.878828,35.060618],[136.879039,35.060564],[136.879105,35.060685],[136.879213,35.060653],[136.87906,35.060259],[136.878957,35.06029],[136.879022,35.060402],[136.878541,35.060537],[136.878158,35.059452],[136.878455,35.059389],[136.87857,35.059595],[136.878613,35.059586],[136.878673,35.059797],[136.878754,35.059783],[136.878672,35.059572],[136.878748,35.059545],[136.878491,35.058944],[136.878334,35.058985],[136.878433,35.059249],[136.87806,35.059331],[136.877435,35.057698],[136.877722,35.057581],[136.877777,35.057742],[136.877993,35.057697],[136.878179,35.058249],[136.878282,35.058218],[136.877921,35.057231],[136.877656,35.057303],[136.877705,35.057469],[136.877397,35.057595],[136.876932,35.056392],[136.877162,35.056338],[136.877408,35.05628],[136.877432,35.056339],[136.87761,35.056769],[136.87774,35.056742],[136.877577,35.056339],[136.87728,35.055607],[136.877161,35.055647],[136.877358,35.056186],[136.876899,35.056294],[136.876505,35.055298],[136.876715,35.055069],[136.876769,35.055051],[136.876829,35.055172],[136.877105,35.055091],[136.876422,35.053705],[136.876346,35.053723],[136.876537,35.054104],[136.876348,35.054172],[136.876381,35.054257],[136.876154,35.054333],[136.876127,35.054248],[136.875407,35.053368],[136.87515,35.053067],[136.875158,35.053063],[136.875417,35.052944],[136.875836,35.053372],[136.876073,35.053214],[136.875263,35.05226],[136.875192,35.052177],[136.875184,35.052169],[136.874982,35.051932],[136.874699,35.05209],[136.874909,35.052344],[136.874968,35.052418],[136.875096,35.052573],[136.874774,35.052593],[136.874768,35.052594],[136.874702,35.052514],[136.874648,35.05245],[136.87451,35.052286],[136.874092,35.051782],[136.874637,35.051476],[136.874381,35.051181],[136.874327,35.051208],[136.874273,35.051176],[136.874208,35.051221],[136.874355,35.0514],[136.874377,35.051468],[136.873999,35.051666],[136.87241,35.049746],[136.871663,35.049765],[136.871624,35.049343],[136.871662,35.049334],[136.871645,35.049249],[136.871461,35.049263],[136.871472,35.049348],[136.871548,35.049344],[136.871571,35.049765],[136.870565,35.049816],[136.870536,35.049389],[136.870709,35.049371],[136.870703,35.049286],[136.870368,35.049295],[136.870395,35.049363],[136.87046,35.049389],[136.870489,35.049816],[136.868487,35.049898],[136.868459,35.049696],[136.868394,35.049696],[136.868427,35.049899],[136.866354,35.049977],[136.866342,35.049537],[136.866461,35.049528],[136.866455,35.049434],[136.866195,35.049452],[136.866206,35.049533],[136.866271,35.049532],[136.8663,35.049981],[136.865207,35.050014],[136.865247,35.050113],[136.86502,35.050125],[136.865245,35.050694],[136.865167,35.050714],[136.865189,35.050785],[136.865541,35.050893],[136.865809,35.051534],[136.865604,35.051597],[136.865445,35.051229],[136.865261,35.051275],[136.865496,35.051849],[136.865677,35.051788],[136.866371,35.053545],[136.866342,35.053553],[136.866063,35.052822],[136.86589,35.052858],[136.866432,35.054307],[136.866648,35.054245],[136.867117,35.055431],[136.867011,35.05546],[136.866934,35.05528],[136.866875,35.055303],[136.86682,35.055191],[136.866766,35.055195],[136.866936,35.055604],[136.867147,35.055558],[136.867193,35.055625],[136.867466,35.056315],[136.867744,35.05702],[136.867575,35.057066],[136.867521,35.056958],[136.867429,35.056981],[136.8675,35.057156],[136.867922,35.057048],[136.868469,35.058456],[136.868204,35.05856],[136.868046,35.058237],[136.867943,35.058259],[136.868113,35.058694],[136.868507,35.058582],[136.868879,35.059537],[136.86856,35.059636],[136.868495,35.059551],[136.868403,35.059565],[136.868501,35.059753],[136.868785,35.059652],[136.868911,35.059972],[136.868735,35.060022],[136.86867,35.059946],[136.868605,35.059964],[136.868682,35.06017],[136.868959,35.060093],[136.869186,35.060667],[136.868906,35.060744],[136.869465,35.062288],[136.869589,35.062265],[136.869382,35.061767],[136.869425,35.061754],[136.869354,35.06157],[136.869673,35.061565],[136.870253,35.063041],[136.870145,35.06318],[136.869274,35.063212],[136.869235,35.062943],[136.869321,35.06292],[136.869327,35.062844],[136.869137,35.062849],[136.86916,35.063203],[136.867969,35.063249],[136.867947,35.063052],[136.867801,35.063052],[136.867823,35.063249],[136.867499,35.063263],[136.86769,35.063698],[136.867409,35.063788],[136.867283,35.063474],[136.867191,35.063515],[136.867317,35.06378],[136.86729,35.063802],[136.867328,35.063901],[136.867536,35.063834],[136.867712,35.063788],[136.867827,35.064066],[136.867421,35.064174],[136.867525,35.064452],[136.867606,35.064443],[136.867634,35.064529],[136.867553,35.06456],[136.867662,35.064847],[136.868062,35.064717],[136.86838,35.065506],[136.868109,35.065601],[136.868049,35.065524],[136.867941,35.06556],[136.867991,35.065722],[136.868287,35.065627],[136.868491,35.066115],[136.868182,35.066202],[136.868204,35.066283],[136.868523,35.066191],[136.868639,35.066468],[136.868308,35.066561],[136.868336,35.066637],[136.868644,35.066543],[136.868696,35.066605],[136.868772,35.066788],[136.868553,35.066839],[136.868591,35.06692],[136.868802,35.066859],[136.868947,35.067204],[136.868674,35.067278],[136.868641,35.067243],[136.868587,35.067261],[136.868637,35.067382],[136.868712,35.067337],[136.868971,35.067262],[136.86927,35.067976],[136.869024,35.068041],[136.868975,35.067965],[136.868856,35.068001],[136.868932,35.068162],[136.869303,35.068056],[136.869462,35.068435],[136.870812,35.069601],[136.870725,35.069673],[136.870823,35.069754],[136.870922,35.069696],[136.87305,35.071534],[136.872959,35.0716],[136.872888,35.071551],[136.872861,35.071573],[136.873106,35.07178],[136.873122,35.071717],[136.87304,35.071645],[136.873213,35.07151],[136.87362,35.071878],[136.873664,35.071887],[136.874313,35.071864],[136.874325,35.071994],[136.873951,35.071985],[136.87394,35.072009],[136.873952,35.072057],[136.874904,35.072043],[136.874926,35.07198],[136.874384,35.071994],[136.874389,35.071868],[136.875402,35.071831],[136.875408,35.072096],[136.877086,35.07204],[136.877069,35.071785],[136.878839,35.071697],[136.878856,35.071908],[136.878158,35.071931],[136.878169,35.072003],[136.880854,35.071911],[136.880908,35.07187],[136.880908,35.071825],[136.880237,35.071853],[136.880235,35.071792],[136.881153,35.071761],[136.881314,35.071593],[136.881356,35.071592],[136.881695,35.071053],[136.881863,35.071043],[136.881927,35.071012],[136.881991,35.070889],[136.881948,35.070814],[136.881883,35.070756],[136.881915,35.070711],[136.882094,35.070707],[136.882202,35.07063],[136.882288,35.070455],[136.88229,35.070298]]]}},{"type":"Feature","properties":{"name":"七条町","city":"名古屋市港区","code":"111","setai":0,"jinko":0,"n":1,"towns":["231110750"],"lx":136.900742,"ly":35.095184},"geometry":{"type":"Polygon","coordinates":[[[136.900662,35.096179],[136.900881,35.095367],[136.901233,35.094952],[136.901227,35.094951],[136.900485,35.094963],[136.9005,35.095072],[136.900517,35.095197],[136.900634,35.096034],[136.900644,35.096105],[136.900657,35.096197],[136.900662,35.096179]]]}},{"type":"Feature","properties":{"name":"七反野","city":"名古屋市港区","code":"111","setai":693,"jinko":1816,"n":2,"towns":["23111076091","23111076092"],"lx":136.819604,"ly":35.11241},"geometry":{"type":"Polygon","coordinates":[[[136.817358,35.110374],[136.819668,35.110378],[136.821209,35.110402],[136.821922,35.110413],[136.821969,35.110888],[136.821972,35.110911],[136.822027,35.111373],[136.82203,35.111398],[136.821927,35.111404],[136.821567,35.111418],[136.821602,35.111791],[136.821618,35.112051],[136.82163,35.112239],[136.821641,35.112415],[136.82164,35.112886],[136.821635,35.112966],[136.822213,35.112999],[136.822586,35.113019],[136.822637,35.113524],[136.822707,35.114223],[136.822757,35.114686],[136.822796,35.115057],[136.822829,35.115408],[136.822349,35.115448],[136.822318,35.115448],[136.821773,35.115489],[136.821187,35.115534],[136.819981,35.115609],[136.819603,35.11564],[136.819602,35.11564],[136.818872,35.115685],[136.81855,35.115708],[136.818115,35.11574],[136.8179,35.115755],[136.817897,35.115727],[136.817851,35.115268],[136.817839,35.115153],[136.817798,35.114752],[136.817769,35.114471],[136.817749,35.114278],[136.817708,35.113873],[136.817694,35.11374],[136.817675,35.113554],[136.817628,35.113074],[136.817619,35.112987],[136.817597,35.112767],[136.817593,35.112723],[136.817588,35.112673],[136.817542,35.112214],[136.817519,35.111989],[136.817512,35.111917],[136.817474,35.111539],[136.817472,35.111516],[136.817405,35.110855],[136.817393,35.110731],[136.817389,35.110696],[136.817385,35.110648],[136.817361,35.110401],[136.817358,35.110374]]]}},{"type":"Feature","properties":{"name":"七番町","city":"名古屋市港区","code":"111","setai":1053,"jinko":2047,"n":5,"towns":["23111078001","23111078002","23111078003","23111078004","23111078005"],"lx":136.887728,"ly":35.116636},"geometry":{"type":"Polygon","coordinates":[[[136.88557,35.113833],[136.885572,35.113833],[136.886105,35.113827],[136.886109,35.113843],[136.886683,35.113831],[136.888304,35.113798],[136.88963,35.113791],[136.889633,35.114183],[136.889632,35.114544],[136.889631,35.11486],[136.889631,35.115007],[136.889632,35.115057],[136.889631,35.115141],[136.889628,35.115558],[136.889632,35.115776],[136.889633,35.115977],[136.889633,35.116398],[136.889636,35.117293],[136.889635,35.118201],[136.889632,35.118555],[136.887821,35.118542],[136.887108,35.118538],[136.886682,35.118535],[136.886335,35.118533],[136.886331,35.118521],[136.886254,35.118525],[136.886078,35.118525],[136.886075,35.118508],[136.886003,35.118167],[136.885971,35.118014],[136.885968,35.117999],[136.885925,35.117799],[136.885895,35.11766],[136.88588,35.117588],[136.885829,35.117352],[136.885821,35.117315],[136.885785,35.11715],[136.885726,35.116878],[136.885694,35.116731],[136.885618,35.116377],[136.885803,35.116374],[136.885841,35.116374],[136.885841,35.115556],[136.88584,35.115513],[136.885803,35.11521],[136.885752,35.114789],[136.885722,35.114554],[136.885717,35.114531],[136.885708,35.114482],[136.885643,35.114168],[136.885636,35.114132],[136.88558,35.113879],[136.88557,35.113833]]]}},{"type":"Feature","properties":{"name":"品川町","city":"名古屋市港区","code":"111","setai":527,"jinko":1262,"n":2,"towns":["23111079001","23111079002"],"lx":136.863687,"ly":35.103022},"geometry":{"type":"Polygon","coordinates":[[[136.858717,35.10364],[136.858737,35.103622],[136.85884,35.103518],[136.858942,35.103413],[136.859041,35.10331],[136.859143,35.103197],[136.859316,35.102996],[136.85957,35.102695],[136.859765,35.102464],[136.859901,35.102303],[136.860131,35.10203],[136.860206,35.101941],[136.860371,35.101746],[136.860442,35.101662],[136.860626,35.101444],[136.860658,35.101406],[136.860841,35.101189],[136.861172,35.100799],[136.86139,35.100545],[136.861637,35.100256],[136.861742,35.100137],[136.861765,35.100149],[136.861966,35.100232],[136.862155,35.10031],[136.862411,35.100418],[136.862477,35.100447],[136.862478,35.100445],[136.862543,35.100475],[136.862583,35.100493],[136.862706,35.10054],[136.862706,35.100541],[136.862873,35.100604],[136.863164,35.100711],[136.863387,35.100772],[136.863423,35.100782],[136.863542,35.100815],[136.863637,35.100841],[136.863689,35.100853],[136.863799,35.100878],[136.863873,35.100897],[136.863991,35.100925],[136.864141,35.100955],[136.864232,35.100971],[136.864332,35.100984],[136.864384,35.100991],[136.864499,35.101005],[136.864782,35.101033],[136.864819,35.101034],[136.864967,35.101037],[136.864967,35.101038],[136.86511,35.101042],[136.865555,35.101058],[136.865564,35.101058],[136.866167,35.101081],[136.86602,35.101906],[136.865946,35.102394],[136.865867,35.10283],[136.865845,35.102942],[136.865753,35.103521],[136.865727,35.103654],[136.865685,35.103863],[136.865678,35.1039],[136.865637,35.104147],[136.865593,35.104413],[136.865503,35.104956],[136.865409,35.105524],[136.865446,35.105535],[136.86542,35.105707],[136.864627,35.105484],[136.864002,35.105308],[136.863349,35.105125],[136.862912,35.105002],[136.862835,35.10498],[136.862258,35.104818],[136.861922,35.104724],[136.861413,35.104572],[136.861412,35.104571],[136.861301,35.104538],[136.861215,35.104513],[136.861188,35.104505],[136.860348,35.104258],[136.860302,35.104244],[136.859333,35.103959],[136.859195,35.103909],[136.858985,35.103819],[136.858717,35.103641],[136.858717,35.10364]]]}},{"type":"Feature","properties":{"name":"十一屋町","city":"名古屋市港区","code":"111","setai":17,"jinko":50,"n":1,"towns":["231110800"],"lx":136.848541,"ly":35.097615},"geometry":{"type":"Polygon","coordinates":[[[136.850677,35.097084],[136.85066,35.097014],[136.850652,35.097013],[136.850565,35.097011],[136.850497,35.097008],[136.850443,35.097007],[136.850439,35.097007],[136.850369,35.097006],[136.850252,35.097005],[136.850114,35.097005],[136.849987,35.097007],[136.84991,35.097008],[136.849868,35.097009],[136.849797,35.097017],[136.849743,35.097023],[136.849706,35.097027],[136.849652,35.097033],[136.849598,35.097041],[136.849536,35.09705],[136.849482,35.097058],[136.849449,35.097063],[136.849399,35.097073],[136.849343,35.097084],[136.849294,35.097093],[136.849243,35.097103],[136.849186,35.097113],[136.84911,35.097125],[136.849078,35.09713],[136.84904,35.097136],[136.848977,35.097147],[136.84892,35.097157],[136.848865,35.097167],[136.848795,35.097181],[136.848739,35.097192],[136.848691,35.097202],[136.848644,35.097213],[136.848636,35.097214],[136.848624,35.097229],[136.848576,35.09729],[136.848502,35.097383],[136.84846,35.097436],[136.848391,35.097522],[136.848351,35.097573],[136.848325,35.097606],[136.848299,35.097639],[136.848276,35.097667],[136.848262,35.097679],[136.848253,35.097684],[136.848244,35.097687],[136.848232,35.097685],[136.848216,35.097712],[136.848191,35.097751],[136.848152,35.097813],[136.848134,35.097841],[136.848125,35.097857],[136.848107,35.097884],[136.84836,35.097993],[136.848363,35.097995],[136.848369,35.097986],[136.848392,35.097986],[136.848441,35.097949],[136.848577,35.097845],[136.848819,35.097557],[136.848677,35.097504],[136.848812,35.097315],[136.850677,35.097084]]]}},{"type":"Feature","properties":{"name":"十一屋","city":"名古屋市港区","code":"111","setai":1297,"jinko":2870,"n":3,"towns":["23111081091","23111081092","23111081093"],"lx":136.860647,"ly":35.095225},"geometry":{"type":"Polygon","coordinates":[[[136.852821,35.096446],[136.852875,35.096418],[136.8529,35.096406],[136.852911,35.0964],[136.852925,35.096392],[136.852943,35.096383],[136.852962,35.096373],[136.852977,35.096365],[136.852996,35.096354],[136.853029,35.096334],[136.853057,35.096318],[136.853094,35.096296],[136.853122,35.096279],[136.853179,35.096241],[136.853249,35.096194],[136.853278,35.096175],[136.853336,35.09613],[136.853388,35.096089],[136.853458,35.096034],[136.853512,35.095983],[136.853596,35.095901],[136.853634,35.095866],[136.853645,35.095855],[136.853679,35.095814],[136.853711,35.095777],[136.853761,35.095716],[136.853802,35.095667],[136.853839,35.095622],[136.853874,35.095575],[136.853893,35.095549],[136.854005,35.095395],[136.854045,35.095339],[136.854102,35.095257],[136.854147,35.095192],[136.85419,35.09513],[136.854219,35.095088],[136.854226,35.095078],[136.854204,35.095067],[136.854464,35.094683],[136.8546,35.094487],[136.854681,35.094271],[136.854926,35.093585],[136.855052,35.093249],[136.855203,35.092851],[136.855211,35.09283],[136.85523,35.092769],[136.855279,35.092613],[136.855317,35.092492],[136.855354,35.092374],[136.855377,35.092302],[136.855432,35.092137],[136.855482,35.09199],[136.855531,35.091849],[136.855565,35.09185],[136.85573,35.091372],[136.85587,35.090987],[136.85603,35.09055],[136.856096,35.09034],[136.856172,35.090234],[136.856206,35.090219],[136.856234,35.090188],[136.856274,35.090144],[136.8563,35.090116],[136.856311,35.090104],[136.856335,35.090077],[136.85635,35.09006],[136.856384,35.090023],[136.856394,35.090014],[136.856425,35.089987],[136.856455,35.08996],[136.856513,35.089909],[136.85657,35.089859],[136.856614,35.08982],[136.856662,35.089796],[136.856679,35.089787],[136.856702,35.089776],[136.856735,35.08976],[136.856777,35.089739],[136.856836,35.08971],[136.856893,35.089682],[136.856928,35.089664],[136.856944,35.089654],[136.857,35.089617],[136.857034,35.089595],[136.857085,35.089561],[136.857095,35.089554],[136.857134,35.089529],[136.857161,35.089511],[136.857165,35.089508],[136.857182,35.0895],[136.857202,35.089499],[136.857247,35.089495],[136.857328,35.089488],[136.857465,35.089477],[136.857482,35.089479],[136.857521,35.089483],[136.857544,35.089486],[136.857602,35.089499],[136.85767,35.08952],[136.857753,35.089544],[136.85776,35.089528],[136.857772,35.0895],[136.857777,35.089489],[136.85783,35.089515],[136.857894,35.089547],[136.857986,35.089591],[136.857829,35.089769],[136.857948,35.089813],[136.858191,35.089904],[136.858411,35.089987],[136.858613,35.090062],[136.858769,35.090121],[136.859168,35.09027],[136.85952,35.090403],[136.859932,35.090559],[136.860234,35.090673],[136.860323,35.090707],[136.860496,35.090772],[136.860662,35.090835],[136.860838,35.090901],[136.860917,35.09093],[136.860958,35.090946],[136.861246,35.091054],[136.861874,35.091291],[136.862122,35.091384],[136.862519,35.091534],[136.862534,35.091539],[136.86304,35.091727],[136.863038,35.09173],[136.863149,35.091772],[136.863205,35.091793],[136.86328,35.091821],[136.863926,35.092063],[136.864537,35.092292],[136.865222,35.092541],[136.865815,35.092755],[136.866246,35.09291],[136.866278,35.092922],[136.866606,35.093041],[136.866756,35.093095],[136.867052,35.093202],[136.867494,35.09336],[136.86831,35.093663],[136.868374,35.093687],[136.868702,35.093809],[136.868263,35.094161],[136.86675,35.095739],[136.866674,35.095793],[136.866083,35.096317],[136.865693,35.096599],[136.865234,35.096924],[136.865182,35.096898],[136.86507,35.096983],[136.864597,35.097338],[136.864505,35.097406],[136.864377,35.0975],[136.863673,35.098049],[136.863462,35.098232],[136.863137,35.098513],[136.863058,35.098581],[136.862725,35.098958],[136.862442,35.099299],[136.862222,35.099568],[136.861976,35.099868],[136.861827,35.100039],[136.861742,35.100137],[136.861637,35.100256],[136.86139,35.100545],[136.861172,35.100799],[136.860841,35.101189],[136.860658,35.101406],[136.86063,35.101258],[136.860601,35.1011],[136.860578,35.100982],[136.860568,35.100927],[136.860516,35.100655],[136.860456,35.100335],[136.860424,35.100162],[136.86042,35.100145],[136.860374,35.099901],[136.860333,35.099673],[136.860319,35.099601],[136.860309,35.099543],[136.859773,35.099322],[136.858583,35.09882],[136.858582,35.098822],[136.857175,35.098248],[136.857139,35.098233],[136.856759,35.098076],[136.85594,35.097732],[136.855884,35.097708],[136.855883,35.097709],[136.854777,35.097249],[136.854376,35.097085],[136.854335,35.097068],[136.854284,35.097047],[136.854102,35.096971],[136.853818,35.096853],[136.85354,35.09674],[136.853244,35.096619],[136.852991,35.096516],[136.85288,35.09647],[136.852834,35.096451],[136.852821,35.096446]]]}},{"type":"Feature","properties":{"name":"正徳町","city":"名古屋市港区","code":"111","setai":1113,"jinko":2468,"n":6,"towns":["23111084001","23111084002","23111084003","23111084004","23111084005","23111084006"],"lx":136.861638,"ly":35.121191},"geometry":{"type":"Polygon","coordinates":[[[136.855217,35.122571],[136.855229,35.122533],[136.855275,35.122383],[136.855324,35.122227],[136.855394,35.121997],[136.855456,35.121797],[136.855474,35.121739],[136.855546,35.121504],[136.855616,35.121277],[136.855694,35.121024],[136.855698,35.121013],[136.855773,35.120769],[136.855842,35.120545],[136.855955,35.120178],[136.855984,35.120085],[136.855982,35.120084],[136.856018,35.119974],[136.856091,35.119736],[136.856171,35.119479],[136.856173,35.119471],[136.856242,35.119244],[136.856279,35.11912],[136.85631,35.119017],[136.856438,35.118588],[136.856458,35.118516],[136.857083,35.118563],[136.857083,35.118564],[136.857124,35.118567],[136.857874,35.118622],[136.857871,35.118638],[136.857867,35.118701],[136.857858,35.118768],[136.85785,35.118803],[136.85784,35.118847],[136.857806,35.118974],[136.857781,35.119066],[136.857759,35.119147],[136.857741,35.119199],[136.858054,35.119205],[136.858064,35.119205],[136.858129,35.119206],[136.858548,35.119214],[136.859613,35.119236],[136.860556,35.11925],[136.860726,35.119253],[136.861637,35.119272],[136.86195,35.119282],[136.861958,35.119282],[136.861989,35.119283],[136.862085,35.119285],[136.862291,35.11929],[136.863811,35.11933],[136.863868,35.119333],[136.863808,35.119639],[136.863862,35.119641],[136.863845,35.120087],[136.863839,35.120257],[136.863903,35.120258],[136.863902,35.120375],[136.863899,35.120588],[136.863834,35.120586],[136.863817,35.120812],[136.863808,35.120929],[136.863803,35.120991],[136.863883,35.120993],[136.863885,35.121019],[136.863845,35.121018],[136.863623,35.121013],[136.863582,35.121013],[136.86358,35.121417],[136.863548,35.121435],[136.863548,35.121728],[136.863549,35.122072],[136.863549,35.122218],[136.863726,35.122225],[136.86373,35.122571],[136.863629,35.122574],[136.863633,35.122742],[136.863638,35.122996],[136.863509,35.122985],[136.863483,35.122982],[136.863358,35.122975],[136.863347,35.122974],[136.863342,35.123154],[136.863351,35.123155],[136.863688,35.123169],[136.863709,35.12317],[136.863724,35.123172],[136.863801,35.123174],[136.863792,35.123349],[136.863714,35.123332],[136.863629,35.123324],[136.862972,35.123262],[136.862873,35.123253],[136.862849,35.123202],[136.862791,35.123198],[136.862517,35.123178],[136.8616,35.123113],[136.861518,35.123107],[136.861473,35.123103],[136.861121,35.123078],[136.860589,35.12304],[136.860344,35.123022],[136.859813,35.122984],[136.859538,35.122998],[136.859467,35.122905],[136.858508,35.122922],[136.8585,35.122976],[136.858443,35.122974],[136.858408,35.122907],[136.857937,35.122892],[136.857918,35.122942],[136.857658,35.12292],[136.857631,35.122862],[136.85739,35.122852],[136.857384,35.122899],[136.857314,35.122894],[136.856864,35.122854],[136.856873,35.122797],[136.856823,35.122796],[136.856714,35.122792],[136.856663,35.122833],[136.856587,35.122825],[136.856477,35.122813],[136.85649,35.122748],[136.856373,35.122738],[136.856348,35.122799],[136.856146,35.122776],[136.855844,35.122738],[136.855863,35.122613],[136.855874,35.122593],[136.855827,35.122509],[136.855767,35.122403],[136.855769,35.122371],[136.855699,35.122346],[136.855686,35.122342],[136.855679,35.122353],[136.855665,35.122374],[136.855566,35.12253],[136.855428,35.122578],[136.855418,35.122607],[136.855395,35.122603],[136.855218,35.122571],[136.855217,35.122571]]]}},{"type":"Feature","properties":{"name":"正保町","city":"名古屋市港区","code":"111","setai":915,"jinko":2074,"n":8,"towns":["23111085001","23111085002","23111085003","23111085004","23111085005","23111085006","23111085007","23111085008"],"lx":136.861399,"ly":35.116652},"geometry":{"type":"Polygon","coordinates":[[[136.856209,35.1137],[136.857026,35.113692],[136.857396,35.113688],[136.857395,35.11368],[136.857516,35.113679],[136.857516,35.113681],[136.8578,35.113677],[136.858173,35.113673],[136.858173,35.11367],[136.858288,35.113667],[136.858762,35.113661],[136.859679,35.113649],[136.859696,35.113651],[136.859697,35.113759],[136.859697,35.113984],[136.859699,35.114059],[136.860222,35.114051],[136.860466,35.114047],[136.860656,35.114045],[136.860903,35.114043],[136.861205,35.11404],[136.861512,35.114036],[136.861656,35.114034],[136.861722,35.114033],[136.861731,35.114033],[136.861731,35.113992],[136.862177,35.113992],[136.862177,35.114024],[136.862233,35.114025],[136.862296,35.114027],[136.862582,35.114024],[136.862618,35.114024],[136.863336,35.114018],[136.863682,35.114015],[136.864058,35.114012],[136.864056,35.114063],[136.864056,35.114226],[136.864055,35.114489],[136.864055,35.114633],[136.864052,35.114878],[136.864053,35.114906],[136.864058,35.114993],[136.864057,35.115043],[136.864056,35.115202],[136.864055,35.115281],[136.864058,35.115281],[136.864057,35.115331],[136.864056,35.11542],[136.864053,35.115562],[136.86405,35.115729],[136.864049,35.115811],[136.864046,35.115957],[136.864043,35.116118],[136.86404,35.116296],[136.864038,35.11641],[136.86403,35.116457],[136.864025,35.116457],[136.864024,35.116555],[136.864023,35.11674],[136.864022,35.116924],[136.864021,35.116996],[136.86402,35.117133],[136.86402,35.117169],[136.864019,35.11726],[136.864018,35.117389],[136.864016,35.117657],[136.864014,35.117891],[136.864013,35.118007],[136.864011,35.118416],[136.86401,35.11854],[136.86401,35.118551],[136.864009,35.118602],[136.864009,35.118606],[136.863938,35.118975],[136.863868,35.119333],[136.863811,35.11933],[136.862291,35.11929],[136.862085,35.119285],[136.861989,35.119283],[136.861958,35.119282],[136.86195,35.119282],[136.861637,35.119272],[136.860726,35.119253],[136.860556,35.11925],[136.859613,35.119236],[136.858548,35.119214],[136.858129,35.119206],[136.858064,35.119205],[136.858054,35.119205],[136.857741,35.119199],[136.857759,35.119147],[136.857781,35.119066],[136.857806,35.118974],[136.85784,35.118847],[136.85785,35.118803],[136.857858,35.118768],[136.857867,35.118701],[136.857871,35.118638],[136.857874,35.118622],[136.857124,35.118567],[136.857083,35.118564],[136.857083,35.118563],[136.856458,35.118516],[136.856512,35.118344],[136.856567,35.118164],[136.856614,35.117996],[136.85664,35.117896],[136.856659,35.117822],[136.856704,35.117608],[136.856734,35.117441],[136.856737,35.117387],[136.856744,35.117279],[136.856748,35.117069],[136.856746,35.116857],[136.856726,35.116677],[136.856688,35.116448],[136.856662,35.116285],[136.856661,35.116285],[136.856612,35.116004],[136.85658,35.115829],[136.856532,35.115557],[136.856491,35.115323],[136.856452,35.115099],[136.856407,35.114847],[136.85636,35.114584],[136.85632,35.114367],[136.856262,35.114053],[136.856391,35.113921],[136.856222,35.113922],[136.856216,35.113816],[136.856209,35.1137]]]}},{"type":"Feature","properties":{"name":"昭和町","city":"名古屋市港区","code":"111","setai":9,"jinko":13,"n":1,"towns":["231110860"],"lx":136.89795,"ly":35.080662},"geometry":{"type":"Polygon","coordinates":[[[136.89815,35.084444],[136.898128,35.084035],[136.900842,35.083772],[136.902243,35.08363],[136.904192,35.083488],[136.904128,35.082816],[136.904044,35.082096],[136.903996,35.081559],[136.903929,35.081024],[136.903744,35.079881],[136.903733,35.079702],[136.903678,35.079335],[136.903524,35.078214],[136.903448,35.077718],[136.903438,35.077648],[136.903033,35.077649],[136.902652,35.077649],[136.902652,35.077566],[136.90265,35.077535],[136.902644,35.077486],[136.902613,35.077227],[136.902523,35.077233],[136.902518,35.07712],[136.902055,35.077129],[136.901673,35.077141],[136.901643,35.077136],[136.900044,35.077196],[136.897564,35.0773],[136.897132,35.077315],[136.890915,35.077638],[136.89032,35.077681],[136.89018,35.077731],[136.890094,35.077797],[136.890051,35.077857],[136.890024,35.077955],[136.89003,35.078072],[136.890333,35.082171],[136.890166,35.082198],[136.890155,35.08227],[136.890355,35.082256],[136.890388,35.08248],[136.890199,35.082507],[136.890232,35.082718],[136.89034,35.082682],[136.890395,35.082941],[136.890385,35.08321],[136.890369,35.083309],[136.890401,35.083354],[136.890553,35.083398],[136.890628,35.083474],[136.890672,35.083478],[136.890678,35.083688],[136.890618,35.083738],[136.890473,35.083806],[136.890397,35.083905],[136.890403,35.083958],[136.890501,35.084178],[136.890566,35.084186],[136.890533,35.084281],[136.890296,35.084331],[136.890279,35.08421],[136.890144,35.084233],[136.890183,35.084398],[136.890561,35.084321],[136.890588,35.084352],[136.891765,35.0842],[136.891765,35.08411],[136.892256,35.084046],[136.8923,35.084166],[136.893639,35.084027],[136.893628,35.083951],[136.893726,35.083946],[136.893764,35.084026],[136.893866,35.084004],[136.893844,35.083874],[136.894687,35.08379],[136.894714,35.083884],[136.89486,35.083865],[136.894844,35.08378],[136.896291,35.083627],[136.896281,35.083753],[136.896454,35.083739],[136.896486,35.083792],[136.896643,35.083774],[136.896654,35.083904],[136.896443,35.083931],[136.896481,35.084205],[136.897826,35.084072],[136.897835,35.084466],[136.897999,35.084455],[136.89815,35.084444]]]}},{"type":"Feature","properties":{"name":"新川町","city":"名古屋市港区","code":"111","setai":279,"jinko":555,"n":4,"towns":["23111087001","23111087002","23111087003","23111087004"],"lx":136.877917,"ly":35.117461},"geometry":{"type":"Polygon","coordinates":[[[136.877083,35.118536],[136.877085,35.11726],[136.877085,35.11725],[136.877115,35.117239],[136.877147,35.115513],[136.877159,35.114889],[136.877137,35.114885],[136.877136,35.114728],[136.877175,35.11471],[136.877189,35.114401],[136.877193,35.114116],[136.877195,35.113946],[136.877197,35.113785],[136.877225,35.113719],[136.877232,35.113465],[136.877232,35.113448],[136.877248,35.113448],[136.877712,35.113437],[136.877728,35.113437],[136.877794,35.113435],[136.878417,35.113421],[136.878866,35.113413],[136.878866,35.113429],[136.878865,35.113462],[136.878856,35.113896],[136.878855,35.113921],[136.87884,35.114509],[136.878839,35.114509],[136.878829,35.11474],[136.878816,35.115104],[136.878817,35.115104],[136.878805,35.115516],[136.878804,35.115528],[136.878781,35.116359],[136.878771,35.116725],[136.878771,35.116733],[136.878767,35.116892],[136.878765,35.116954],[136.878763,35.117058],[136.87876,35.117141],[136.878757,35.117226],[136.878758,35.117226],[136.878756,35.117268],[136.878753,35.117382],[136.878735,35.117987],[136.878731,35.118136],[136.87873,35.118163],[136.878719,35.118554],[136.878687,35.118554],[136.877083,35.118536]]]}},{"type":"Feature","properties":{"name":"新茶屋","city":"名古屋市港区","code":"111","setai":431,"jinko":1673,"n":5,"towns":["23111088091","23111088092","23111088093","23111088094","23111088095"],"lx":136.804886,"ly":35.105924},"geometry":{"type":"Polygon","coordinates":[[[136.797217,35.104581],[136.797252,35.104539],[136.797338,35.104429],[136.797399,35.104343],[136.797511,35.104179],[136.797619,35.103969],[136.797667,35.10379],[136.797739,35.103608],[136.797772,35.103523],[136.797879,35.103189],[136.798031,35.102643],[136.798095,35.102353],[136.798112,35.10223],[136.798099,35.102142],[136.798101,35.102118],[136.799684,35.101494],[136.800025,35.101355],[136.80147,35.100766],[136.80192,35.100284],[136.801937,35.100265],[136.801947,35.100239],[136.80201,35.100285],[136.802149,35.100386],[136.802172,35.100372],[136.802227,35.100253],[136.802325,35.100188],[136.802341,35.100066],[136.802426,35.09998],[136.802437,35.099974],[136.802467,35.099932],[136.802604,35.099855],[136.802632,35.099837],[136.802854,35.099757],[136.802899,35.099724],[136.802994,35.099682],[136.803116,35.099662],[136.803163,35.099658],[136.803291,35.099627],[136.803358,35.099622],[136.803725,35.099574],[136.803707,35.099428],[136.803883,35.099405],[136.80389,35.099471],[136.804349,35.09941],[136.80435,35.099407],[136.804497,35.099386],[136.804615,35.099369],[136.804642,35.099265],[136.805065,35.099268],[136.805156,35.099291],[136.805721,35.099213],[136.806113,35.099158],[136.806607,35.099106],[136.806854,35.099072],[136.80686,35.099071],[136.807097,35.099036],[136.807645,35.098967],[136.807658,35.099045],[136.808004,35.099018],[136.807993,35.098923],[136.808177,35.098899],[136.808289,35.098892],[136.808589,35.09885],[136.808862,35.098798],[136.809116,35.098762],[136.809146,35.098884],[136.809478,35.09885],[136.809469,35.098712],[136.809475,35.098711],[136.809511,35.09871],[136.810021,35.098689],[136.810197,35.098683],[136.8104,35.098678],[136.811141,35.098672],[136.811606,35.098668],[136.811651,35.098667],[136.811885,35.098659],[136.811919,35.09866],[136.811921,35.098752],[136.812122,35.098751],[136.812163,35.098669],[136.812261,35.098673],[136.812748,35.098695],[136.812751,35.098765],[136.813023,35.098767],[136.813023,35.098742],[136.813196,35.098716],[136.813466,35.098729],[136.81349,35.09873],[136.813522,35.098809],[136.813603,35.09883],[136.814274,35.098885],[136.814287,35.098771],[136.814385,35.098776],[136.814502,35.098779],[136.814924,35.09879],[136.815101,35.098815],[136.815363,35.098836],[136.815462,35.098861],[136.815501,35.098897],[136.815546,35.09895],[136.815615,35.098999],[136.815674,35.099056],[136.815757,35.099113],[136.815807,35.09915],[136.81589,35.099183],[136.815911,35.099191],[136.815969,35.099215],[136.816011,35.099224],[136.816162,35.099278],[136.816219,35.099298],[136.816244,35.099311],[136.816304,35.09933],[136.816503,35.099382],[136.816594,35.099402],[136.816873,35.099462],[136.817109,35.099518],[136.817364,35.099582],[136.817376,35.099582],[136.817415,35.099591],[136.817482,35.099607],[136.817363,35.099718],[136.817305,35.09979],[136.81719,35.099931],[136.817107,35.100033],[136.817041,35.100121],[136.8168,35.100398],[136.81656,35.100705],[136.816525,35.100748],[136.816319,35.101002],[136.816201,35.101157],[136.815952,35.101488],[136.815782,35.101694],[136.815434,35.102205],[136.815404,35.102253],[136.815395,35.102267],[136.815264,35.102473],[136.81499,35.102905],[136.814705,35.103357],[136.814582,35.103509],[136.814094,35.104108],[136.813976,35.104253],[136.813712,35.104579],[136.813573,35.104751],[136.81316,35.105261],[136.812857,35.105635],[136.812611,35.105941],[136.812636,35.105989],[136.812388,35.106283],[136.812263,35.106433],[136.812206,35.106501],[136.812152,35.106565],[136.811645,35.107169],[136.811349,35.107521],[136.811315,35.107562],[136.810947,35.108],[136.810675,35.108334],[136.810453,35.10862],[136.8104,35.108709],[136.810338,35.108868],[136.810328,35.109023],[136.810347,35.109186],[136.810398,35.10947],[136.810481,35.109975],[136.810495,35.11004],[136.810531,35.110202],[136.810618,35.110555],[136.810647,35.110673],[136.810847,35.111477],[136.810926,35.111792],[136.810836,35.111803],[136.810744,35.111815],[136.810732,35.111812],[136.809985,35.111882],[136.808209,35.112049],[136.806764,35.112184],[136.806432,35.112178],[136.805641,35.112163],[136.805641,35.112161],[136.805628,35.112159],[136.805601,35.112154],[136.805587,35.112151],[136.80557,35.112148],[136.805555,35.112145],[136.805339,35.11214],[136.805298,35.112138],[136.804971,35.112116],[136.804746,35.112102],[136.80447,35.11209],[136.803948,35.112044],[136.803403,35.11201],[136.803096,35.111995],[136.802841,35.111974],[136.802634,35.111973],[136.802068,35.112005],[136.801752,35.112044],[136.801749,35.112044],[136.801375,35.112094],[136.800795,35.112169],[136.800739,35.112176],[136.800084,35.112261],[136.799767,35.112308],[136.799707,35.112314],[136.799561,35.112329],[136.799561,35.112319],[136.799433,35.111664],[136.799426,35.111629],[136.79934,35.111129],[136.799264,35.110657],[136.799243,35.110529],[136.799214,35.11035],[136.799207,35.110303],[136.799192,35.110213],[136.799142,35.10996],[136.799132,35.109912],[136.799043,35.10946],[136.798986,35.109186],[136.798955,35.109041],[136.7989,35.108785],[136.798866,35.10855],[136.798789,35.108007],[136.798709,35.107479],[136.798643,35.107162],[136.798633,35.107119],[136.798526,35.106792],[136.798447,35.106654],[136.798339,35.106458],[136.798259,35.106163],[136.798181,35.105971],[136.79807,35.105703],[136.797676,35.105183],[136.797382,35.104795],[136.797367,35.104776],[136.797217,35.104581]]]}},{"type":"Feature","properties":{"name":"神宮寺","city":"名古屋市港区","code":"111","setai":336,"jinko":821,"n":2,"towns":["23111093091","23111093092"],"lx":136.846019,"ly":35.09588},"geometry":{"type":"Polygon","coordinates":[[[136.843962,35.09413],[136.843981,35.094042],[136.844025,35.093941],[136.844217,35.093496],[136.84427,35.093364],[136.84469,35.093447],[136.844851,35.093478],[136.845167,35.09354],[136.845585,35.093622],[136.845645,35.093636],[136.846029,35.093725],[136.84606,35.093735],[136.846218,35.093786],[136.846306,35.093816],[136.846307,35.093815],[136.846326,35.093821],[136.846697,35.093957],[136.846912,35.094036],[136.847073,35.094096],[136.847083,35.0941],[136.847277,35.094174],[136.847627,35.094316],[136.848047,35.094486],[136.848513,35.094674],[136.848635,35.094724],[136.848824,35.094801],[136.849407,35.09504],[136.84967,35.095148],[136.850204,35.095368],[136.85054,35.095506],[136.850576,35.095521],[136.850899,35.095654],[136.851218,35.095785],[136.851321,35.095827],[136.8516,35.095942],[136.851798,35.096024],[136.851954,35.096088],[136.852082,35.096141],[136.852236,35.096205],[136.85245,35.096293],[136.852642,35.096372],[136.852821,35.096446],[136.852834,35.096451],[136.852561,35.096579],[136.852219,35.096693],[136.852011,35.096746],[136.851844,35.096789],[136.85158,35.09684],[136.85066,35.097014],[136.850652,35.097013],[136.850565,35.097011],[136.850497,35.097008],[136.850443,35.097007],[136.850439,35.097007],[136.850369,35.097006],[136.850252,35.097005],[136.850114,35.097005],[136.849987,35.097007],[136.84991,35.097008],[136.849868,35.097009],[136.849797,35.097017],[136.849743,35.097023],[136.849706,35.097027],[136.849652,35.097033],[136.849598,35.097041],[136.849536,35.09705],[136.849482,35.097058],[136.849449,35.097063],[136.849399,35.097073],[136.849343,35.097084],[136.849294,35.097093],[136.849243,35.097103],[136.849186,35.097113],[136.84911,35.097125],[136.849078,35.09713],[136.84904,35.097136],[136.848977,35.097147],[136.84892,35.097157],[136.848865,35.097167],[136.848795,35.097181],[136.848739,35.097192],[136.848691,35.097202],[136.848644,35.097213],[136.848636,35.097214],[136.848568,35.097229],[136.848513,35.097242],[136.848442,35.09726],[136.848378,35.097278],[136.848319,35.097295],[136.848248,35.097316],[136.848177,35.097336],[136.8481,35.097358],[136.848024,35.09738],[136.847967,35.097397],[136.847913,35.097412],[136.847843,35.097433],[136.84777,35.097453],[136.8477,35.097474],[136.847641,35.097491],[136.847545,35.097518],[136.847402,35.09756],[136.847366,35.09757],[136.847356,35.097573],[136.84733,35.097583],[136.847302,35.097593],[136.847285,35.097599],[136.847266,35.097606],[136.847239,35.097615],[136.847188,35.097634],[136.847133,35.097653],[136.84708,35.097675],[136.847002,35.097703],[136.84664,35.097829],[136.846582,35.09784],[136.846582,35.097852],[136.846583,35.098267],[136.846584,35.09853],[136.845792,35.098556],[136.8451,35.098579],[136.845068,35.098582],[136.844696,35.098829],[136.844671,35.098663],[136.844619,35.098407],[136.844525,35.098439],[136.844505,35.098446],[136.844498,35.098431],[136.844452,35.098306],[136.844435,35.098262],[136.844335,35.097994],[136.844309,35.097925],[136.844303,35.097905],[136.844302,35.097906],[136.844302,35.097905],[136.84424,35.09768],[136.844207,35.097555],[136.844182,35.097457],[136.844175,35.097428],[136.844129,35.097243],[136.844118,35.097197],[136.844092,35.09709],[136.844081,35.097048],[136.844079,35.097039],[136.84406,35.096962],[136.844048,35.096909],[136.844038,35.096871],[136.844031,35.096841],[136.844018,35.096788],[136.844014,35.096702],[136.844011,35.096628],[136.843992,35.096643],[136.843986,35.096256],[136.843983,35.096051],[136.843982,35.095964],[136.843977,35.095649],[136.843966,35.094949],[136.843966,35.094946],[136.843964,35.094842],[136.843976,35.094277],[136.843972,35.094236],[136.843962,35.09413]]]}},{"type":"Feature","properties":{"name":"新船町","city":"名古屋市港区","code":"111","setai":228,"jinko":560,"n":4,"towns":["23111095001","23111095002","23111095003","23111095004"],"lx":136.875708,"ly":35.115698},"geometry":{"type":"Polygon","coordinates":[[[136.874755,35.114843],[136.87476,35.114656],[136.874965,35.114652],[136.874982,35.114096],[136.874983,35.113983],[136.874978,35.113548],[136.874977,35.113506],[136.874969,35.113218],[136.874903,35.113216],[136.874899,35.113176],[136.874819,35.113181],[136.874776,35.113027],[136.874865,35.113008],[136.874963,35.113016],[136.875977,35.11301],[136.876113,35.113467],[136.876154,35.113466],[136.87656,35.113463],[136.876563,35.113463],[136.876568,35.11352],[136.876566,35.11365],[136.876548,35.114074],[136.876522,35.114684],[136.876498,35.115464],[136.876489,35.115752],[136.876447,35.116886],[136.876437,35.117226],[136.876398,35.118485],[136.875947,35.118481],[136.874853,35.118471],[136.87489,35.117191],[136.874906,35.11666],[136.874931,35.115783],[136.874816,35.115783],[136.874816,35.115602],[136.874937,35.11557],[136.874939,35.115526],[136.874959,35.114846],[136.874755,35.114843]]]}},{"type":"Feature","properties":{"name":"甚兵衛通","city":"名古屋市港区","code":"111","setai":487,"jinko":1168,"n":5,"towns":["23111096001","23111096002","23111096003","23111096004","23111096005"],"lx":136.845922,"ly":35.099633},"geometry":{"type":"Polygon","coordinates":[[[136.844696,35.098829],[136.845068,35.098582],[136.8451,35.098579],[136.845792,35.098556],[136.846584,35.09853],[136.846583,35.098267],[136.846582,35.097852],[136.846582,35.09784],[136.84664,35.097829],[136.847002,35.097703],[136.847007,35.097706],[136.847089,35.097757],[136.847203,35.097826],[136.847237,35.097844],[136.846985,35.098103],[136.846994,35.098885],[136.846994,35.099278],[136.847011,35.100026],[136.847017,35.100427],[136.847017,35.10083],[136.847024,35.101618],[136.847031,35.101998],[136.847035,35.102391],[136.847044,35.102781],[136.847054,35.10323],[136.847055,35.103235],[136.847063,35.103995],[136.847078,35.104382],[136.847078,35.104477],[136.847076,35.104742],[136.847076,35.104762],[136.847075,35.104778],[136.847082,35.105156],[136.847088,35.105533],[136.847088,35.105538],[136.847095,35.105938],[136.847094,35.106198],[136.847094,35.106305],[136.847093,35.106323],[136.847091,35.106339],[136.847335,35.106785],[136.84677,35.10693],[136.846598,35.106975],[136.846588,35.106977],[136.846065,35.107117],[136.845974,35.106987],[136.845927,35.106678],[136.845888,35.106369],[136.845772,35.105592],[136.845662,35.104818],[136.845546,35.104043],[136.845573,35.104016],[136.845498,35.10362],[136.845445,35.103288],[136.845445,35.103284],[136.845373,35.102857],[136.845372,35.102851],[136.845309,35.102519],[136.845301,35.102468],[136.8453,35.102457],[136.84524,35.102083],[136.845238,35.102074],[136.84518,35.101703],[136.845177,35.101691],[136.845113,35.101327],[136.845056,35.100925],[136.845044,35.100925],[136.844908,35.100133],[136.844848,35.09975],[136.844796,35.099387],[136.844696,35.098829]]]}},{"type":"Feature","properties":{"name":"砂美町","city":"名古屋市港区","code":"111","setai":147,"jinko":186,"n":1,"towns":["231110970"],"lx":136.868094,"ly":35.104169},"geometry":{"type":"Polygon","coordinates":[[[136.866547,35.101097],[136.866167,35.101081],[136.86602,35.101906],[136.865946,35.102394],[136.865867,35.10283],[136.865845,35.102942],[136.865753,35.103521],[136.865727,35.103654],[136.865685,35.103863],[136.865678,35.1039],[136.865637,35.104147],[136.865593,35.104413],[136.865503,35.104956],[136.865409,35.105524],[136.865446,35.105535],[136.86542,35.105707],[136.865414,35.105738],[136.865382,35.105911],[136.865407,35.105919],[136.867381,35.106485],[136.869747,35.107164],[136.870022,35.107252],[136.870022,35.107253],[136.870213,35.107308],[136.870214,35.107308],[136.870249,35.106926],[136.870248,35.106926],[136.870275,35.106675],[136.8703,35.106444],[136.870312,35.106335],[136.870406,35.105439],[136.870457,35.104921],[136.87046,35.104893],[136.870459,35.104893],[136.870485,35.104631],[136.870552,35.103861],[136.870602,35.103275],[136.870623,35.103033],[136.870655,35.102671],[136.8707,35.102182],[136.870765,35.101516],[136.870783,35.101313],[136.870786,35.10128],[136.87061,35.101275],[136.869767,35.101233],[136.868356,35.101173],[136.867534,35.101138],[136.867477,35.101136],[136.867262,35.101127],[136.866547,35.101097]]]}},{"type":"Feature","properties":{"name":"須成町","city":"名古屋市港区","code":"111","setai":443,"jinko":1025,"n":3,"towns":["23111098001","23111098002","23111098003"],"lx":136.873457,"ly":35.115401},"geometry":{"type":"Polygon","coordinates":[[[136.871855,35.116591],[136.871871,35.116188],[136.871893,35.115765],[136.871906,35.115317],[136.871921,35.114912],[136.871933,35.114431],[136.871945,35.114005],[136.872402,35.114],[136.872802,35.113995],[136.87354,35.113987],[136.873538,35.114029],[136.873958,35.114027],[136.873962,35.113986],[136.873964,35.113986],[136.873965,35.113953],[136.874148,35.113951],[136.874176,35.113951],[136.874821,35.113946],[136.874821,35.113984],[136.874824,35.113984],[136.874834,35.114096],[136.874982,35.114096],[136.874965,35.114652],[136.87476,35.114656],[136.874755,35.114843],[136.874959,35.114846],[136.874939,35.115526],[136.874937,35.11557],[136.874816,35.115602],[136.874816,35.115783],[136.874931,35.115783],[136.874906,35.11666],[136.87489,35.117191],[136.874853,35.118471],[136.87466,35.11847],[136.873078,35.118437],[136.872775,35.118431],[136.872788,35.117869],[136.87279,35.117455],[136.872792,35.117047],[136.872797,35.116841],[136.872802,35.11661],[136.871855,35.116591]]]}},{"type":"Feature","properties":{"name":"善進町","city":"名古屋市港区","code":"111","setai":321,"jinko":785,"n":7,"towns":["23111099001","23111099002","23111099003","23111099004","23111099005","23111099006","23111099008"],"lx":136.853578,"ly":35.104917},"geometry":{"type":"MultiPolygon","coordinates":[[[[136.84828,35.098074],[136.848351,35.098015],[136.848363,35.097995],[136.848369,35.097986],[136.848392,35.097986],[136.848441,35.097949],[136.848577,35.097845],[136.848819,35.097557],[136.848677,35.097504],[136.848812,35.097315],[136.850677,35.097084],[136.851052,35.098666],[136.85119,35.099246],[136.851192,35.099254],[136.849306,35.098495],[136.848706,35.098249],[136.848891,35.097919],[136.84875,35.09786],[136.84873,35.097876],[136.848667,35.097853],[136.84858,35.098008],[136.84849,35.097976],[136.848401,35.098124],[136.84828,35.098074]]],[[[136.851276,35.099891],[136.851329,35.099887],[136.851332,35.099901],[136.851387,35.100147],[136.851399,35.100197],[136.851417,35.100279],[136.851422,35.1003],[136.851459,35.100471],[136.851485,35.100582],[136.851539,35.100808],[136.851574,35.100968],[136.851624,35.101174],[136.851665,35.101347],[136.851678,35.10141],[136.851681,35.101424],[136.85171,35.101565],[136.851737,35.101691],[136.8518,35.101992],[136.851848,35.102234],[136.851957,35.102676],[136.852456,35.102592],[136.852972,35.102511],[136.852946,35.1026],[136.853613,35.103678],[136.853824,35.103666],[136.854513,35.103625],[136.855498,35.103574],[136.855479,35.103668],[136.855381,35.103921],[136.855245,35.104296],[136.854938,35.105129],[136.854751,35.105391],[136.854695,35.105453],[136.854748,35.105521],[136.854976,35.105759],[136.854982,35.10577],[136.855056,35.105838],[136.855092,35.105842],[136.855103,35.105843],[136.855126,35.105881],[136.855197,35.105996],[136.855216,35.10609],[136.855233,35.10618],[136.855245,35.106239],[136.855256,35.106297],[136.855257,35.106329],[136.855258,35.106357],[136.85526,35.106375],[136.855261,35.106375],[136.855263,35.1064],[136.855163,35.106419],[136.855024,35.106446],[136.854982,35.106493],[136.854973,35.106491],[136.854734,35.10645],[136.854716,35.106547],[136.854645,35.106562],[136.854064,35.106626],[136.853711,35.106647],[136.853252,35.106645],[136.852814,35.106619],[136.852777,35.106618],[136.852773,35.106579],[136.852758,35.10643],[136.852763,35.106424],[136.852757,35.106364],[136.852744,35.106269],[136.852632,35.106287],[136.852212,35.104531],[136.852025,35.10376],[136.851929,35.103339],[136.851784,35.102706],[136.851751,35.102561],[136.851663,35.102242],[136.851686,35.102241],[136.85166,35.102129],[136.851636,35.102025],[136.851601,35.101873],[136.85158,35.101787],[136.851556,35.101688],[136.851528,35.101572],[136.851507,35.101489],[136.851489,35.101415],[136.851461,35.1013],[136.851365,35.10091],[136.851303,35.100658],[136.851295,35.100628],[136.851281,35.100573],[136.85133,35.100394],[136.851318,35.100285],[136.851314,35.100246],[136.851304,35.100151],[136.851289,35.100009],[136.851276,35.099891]]]]}},{"type":"Feature","properties":{"name":"善進本町","city":"名古屋市港区","code":"111","setai":663,"jinko":1401,"n":1,"towns":["231111000"],"lx":136.857178,"ly":35.101238},"geometry":{"type":"Polygon","coordinates":[[[136.85768,35.104451],[136.857779,35.104332],[136.857957,35.10422],[136.858197,35.104061],[136.858281,35.104002],[136.858281,35.104002],[136.858341,35.103958],[136.858443,35.103879],[136.858505,35.103829],[136.858645,35.103706],[136.858717,35.10364],[136.858737,35.103622],[136.85884,35.103518],[136.858942,35.103413],[136.859041,35.10331],[136.859143,35.103197],[136.859316,35.102996],[136.85957,35.102695],[136.859765,35.102464],[136.859901,35.102303],[136.860131,35.10203],[136.860206,35.101941],[136.860371,35.101746],[136.860442,35.101662],[136.860626,35.101444],[136.860658,35.101406],[136.860658,35.101406],[136.86063,35.101258],[136.860601,35.1011],[136.860578,35.100982],[136.860568,35.100927],[136.860516,35.100655],[136.860456,35.100335],[136.860424,35.100162],[136.86042,35.100145],[136.860374,35.099901],[136.860333,35.099673],[136.860319,35.099601],[136.860309,35.099543],[136.859773,35.099322],[136.858583,35.09882],[136.858582,35.098822],[136.857175,35.098248],[136.857175,35.098248],[136.857139,35.098233],[136.856759,35.098076],[136.85594,35.097732],[136.855884,35.097708],[136.855883,35.097709],[136.854777,35.097249],[136.854376,35.097085],[136.854286,35.097179],[136.854083,35.097391],[136.853919,35.097563],[136.853909,35.097573],[136.853834,35.097651],[136.853436,35.098077],[136.853114,35.098422],[136.852931,35.098618],[136.852857,35.098697],[136.852833,35.098722],[136.852791,35.098768],[136.852575,35.098997],[136.85238,35.099204],[136.852246,35.099346],[136.85223,35.099363],[136.85223,35.099363],[136.852159,35.099441],[136.852065,35.099543],[136.851851,35.099776],[136.85169,35.099952],[136.851539,35.100117],[136.851477,35.100199],[136.851461,35.100222],[136.85146,35.100221],[136.851429,35.100263],[136.851417,35.100279],[136.851422,35.1003],[136.851459,35.100471],[136.851485,35.100582],[136.851539,35.100808],[136.851574,35.100968],[136.851624,35.101174],[136.851665,35.101347],[136.851678,35.10141],[136.851678,35.10141],[136.851681,35.101424],[136.85171,35.101565],[136.851737,35.101691],[136.8518,35.101992],[136.851848,35.102234],[136.852216,35.102221],[136.852409,35.102233],[136.852665,35.102248],[136.853032,35.102305],[136.853504,35.102429],[136.853845,35.102559],[136.85433,35.102824],[136.855474,35.103448],[136.855555,35.103495],[136.855896,35.103693],[136.856751,35.104165],[136.857182,35.104408],[136.857191,35.104398],[136.857491,35.10457],[136.857565,35.104523],[136.85768,35.104451]]]}},{"type":"Feature","properties":{"name":"船頭場","city":"名古屋市港区","code":"111","setai":823,"jinko":2102,"n":5,"towns":["23111101091","23111101092","23111101093","23111101094","23111101095"],"lx":136.830678,"ly":35.117121},"geometry":{"type":"Polygon","coordinates":[[[136.825996,35.115986],[136.826006,35.115985],[136.82617,35.115974],[136.826176,35.115974],[136.827219,35.115905],[136.827232,35.115904],[136.828102,35.115862],[136.828867,35.115811],[136.828766,35.1148],[136.829554,35.114749],[136.829553,35.114737],[136.830374,35.11468],[136.831171,35.114625],[136.831967,35.114575],[136.832172,35.114546],[136.831844,35.115156],[136.832216,35.115283],[136.832638,35.115385],[136.832805,35.115417],[136.833168,35.115459],[136.833278,35.115574],[136.833206,35.115943],[136.833124,35.116359],[136.833072,35.1166],[136.833064,35.116635],[136.83301,35.116888],[136.832995,35.11696],[136.832945,35.117202],[136.832888,35.117474],[136.832876,35.11753],[136.832828,35.117756],[136.832793,35.117919],[136.832766,35.118023],[136.832746,35.118101],[136.832744,35.118112],[136.832603,35.118408],[136.832583,35.118447],[136.832472,35.118591],[136.832384,35.118678],[136.832332,35.118721],[136.832009,35.118927],[136.831565,35.119201],[136.831366,35.119321],[136.831324,35.119355],[136.831272,35.119396],[136.830565,35.119925],[136.830352,35.120094],[136.8302,35.120203],[136.830197,35.120205],[136.83003,35.120319],[136.829906,35.120413],[136.829832,35.120467],[136.829576,35.120301],[136.829217,35.120068],[136.828886,35.119853],[136.828795,35.119925],[136.828856,35.119966],[136.828852,35.11997],[136.828895,35.120001],[136.828843,35.12005],[136.82887,35.120069],[136.828833,35.120104],[136.828695,35.120013],[136.828691,35.120015],[136.828641,35.120067],[136.828577,35.120137],[136.828402,35.120029],[136.82847,35.11997],[136.828389,35.119843],[136.828375,35.119822],[136.828353,35.119788],[136.827628,35.119031],[136.82761,35.118919],[136.827551,35.11892],[136.827546,35.11892],[136.826672,35.118936],[136.826115,35.11895],[136.826097,35.118598],[136.826081,35.118289],[136.826061,35.117965],[136.826058,35.117908],[136.826027,35.117903],[136.826027,35.1179],[136.826018,35.117325],[136.826011,35.116853],[136.826009,35.116709],[136.826001,35.116242],[136.826001,35.116214],[136.825996,35.115986]]]}},{"type":"Feature","properties":{"name":"善南町","city":"名古屋市港区","code":"111","setai":188,"jinko":449,"n":1,"towns":["231111060"],"lx":136.852039,"ly":35.097908},"geometry":{"type":"Polygon","coordinates":[[[136.851429,35.100263],[136.85146,35.100221],[136.851461,35.100222],[136.851477,35.100199],[136.851539,35.100117],[136.85169,35.099952],[136.851851,35.099776],[136.852065,35.099543],[136.852159,35.099441],[136.85223,35.099363],[136.85223,35.099363],[136.852246,35.099346],[136.85238,35.099204],[136.852575,35.098997],[136.852791,35.098768],[136.852833,35.098722],[136.852857,35.098697],[136.852931,35.098618],[136.853114,35.098422],[136.853436,35.098077],[136.853834,35.097651],[136.853909,35.097573],[136.853919,35.097563],[136.854083,35.097391],[136.854286,35.097179],[136.854376,35.097085],[136.854335,35.097068],[136.854284,35.097047],[136.854284,35.097047],[136.854102,35.096971],[136.853818,35.096853],[136.85354,35.09674],[136.853244,35.096619],[136.852991,35.096516],[136.85288,35.09647],[136.852834,35.096451],[136.852834,35.096451],[136.852561,35.096579],[136.852219,35.096693],[136.852011,35.096746],[136.851844,35.096789],[136.85158,35.09684],[136.85066,35.097014],[136.850677,35.097084],[136.851052,35.098666],[136.85119,35.099246],[136.851192,35.099254],[136.851238,35.099481],[136.851299,35.099755],[136.851329,35.099887],[136.851332,35.099901],[136.851387,35.100147],[136.851399,35.100197],[136.851417,35.100279],[136.851429,35.100263]]]}},{"type":"Feature","properties":{"name":"善北町","city":"名古屋市港区","code":"111","setai":73,"jinko":148,"n":1,"towns":["231111070"],"lx":136.855961,"ly":35.104628},"geometry":{"type":"Polygon","coordinates":[[[136.855765,35.105805],[136.855998,35.105584],[136.856161,35.105451],[136.856402,35.105279],[136.856762,35.105034],[136.856817,35.104999],[136.856907,35.104941],[136.857063,35.104842],[136.857275,35.104707],[136.857338,35.104667],[136.857408,35.104623],[136.85745,35.104596],[136.857472,35.104582],[136.857491,35.10457],[136.857191,35.104398],[136.857182,35.104408],[136.856751,35.104165],[136.855896,35.103693],[136.855555,35.103495],[136.855474,35.103448],[136.85433,35.102824],[136.853845,35.102559],[136.853504,35.102429],[136.853032,35.102305],[136.852665,35.102248],[136.852409,35.102233],[136.852216,35.102221],[136.851848,35.102234],[136.851957,35.102676],[136.852456,35.102592],[136.852972,35.102511],[136.852946,35.1026],[136.853613,35.103678],[136.853824,35.103666],[136.854513,35.103625],[136.855498,35.103574],[136.855479,35.103668],[136.855381,35.103921],[136.855245,35.104296],[136.854938,35.105129],[136.854751,35.105391],[136.854695,35.105453],[136.854748,35.105521],[136.854976,35.105759],[136.854982,35.10577],[136.855056,35.105838],[136.855092,35.105842],[136.855103,35.105843],[136.85513,35.105837],[136.855157,35.105831],[136.855167,35.105829],[136.85522,35.105792],[136.855278,35.105752],[136.855324,35.105721],[136.855339,35.105705],[136.855343,35.105708],[136.855367,35.105726],[136.85541,35.105758],[136.855446,35.105785],[136.855463,35.105799],[136.855466,35.105802],[136.855495,35.105826],[136.855579,35.105894],[136.855626,35.105934],[136.855648,35.105952],[136.855653,35.105956],[136.855711,35.105864],[136.855765,35.105805]]]}},{"type":"Feature","properties":{"name":"空見町","city":"名古屋市港区","code":"111","setai":0,"jinko":0,"n":1,"towns":["231111080"],"lx":136.85161,"ly":35.064062},"geometry":{"type":"Polygon","coordinates":[[[136.858352,35.070172],[136.860036,35.068399],[136.859982,35.065498],[136.859948,35.065397],[136.859949,35.065271],[136.859927,35.065204],[136.859504,35.063998],[136.859389,35.06336],[136.859299,35.062678],[136.859291,35.062272],[136.859037,35.062126],[136.858404,35.060122],[136.85808,35.058803],[136.858032,35.058704],[136.857945,35.058694],[136.855719,35.059377],[136.854957,35.059374],[136.854952,35.058608],[136.855439,35.058349],[136.855482,35.058273],[136.855478,35.056614],[136.855403,35.056569],[136.854002,35.056577],[136.853966,35.056577],[136.853873,35.05628],[136.853802,35.056279],[136.853731,35.05628],[136.853573,35.056289],[136.853647,35.056563],[136.853517,35.056567],[136.853465,35.056652],[136.848082,35.056632],[136.84808,35.056265],[136.84808,35.056256],[136.84782,35.05625],[136.847819,35.056264],[136.847812,35.056631],[136.847461,35.05663],[136.847358,35.056861],[136.847288,35.057015],[136.847271,35.057105],[136.847287,35.05719],[136.847104,35.057189],[136.847104,35.057153],[136.84699,35.057162],[136.84699,35.057252],[136.847082,35.057243],[136.847141,35.057217],[136.847287,35.057221],[136.847287,35.057445],[136.847298,35.057526],[136.846423,35.057546],[136.846423,35.057586],[136.84617,35.057583],[136.84598,35.057544],[136.845974,35.057459],[136.845877,35.057449],[136.845877,35.057472],[136.845726,35.057462],[136.84572,35.057413],[136.845656,35.057408],[136.845666,35.057462],[136.84551,35.057457],[136.84551,35.057417],[136.84545,35.057407],[136.845445,35.057461],[136.84531,35.057456],[136.845294,35.05742],[136.845229,35.057424],[136.845223,35.057514],[136.845294,35.057488],[136.845439,35.057493],[136.84545,35.057551],[136.845499,35.057546],[136.845504,35.057497],[136.845666,35.057507],[136.845666,35.057601],[136.84572,35.057592],[136.845726,35.057507],[136.845861,35.057521],[136.845871,35.057606],[136.846952,35.057816],[136.846952,35.057637],[136.847287,35.057634],[136.847281,35.057836],[136.847287,35.058015],[136.847356,35.05863],[136.847431,35.059235],[136.847382,35.059491],[136.845054,35.059204],[136.845003,35.059433],[136.844963,35.059496],[136.842801,35.059205],[136.842671,35.059204],[136.842612,35.059253],[136.842713,35.059435],[136.84567,35.064166],[136.845729,35.064283],[136.845761,35.064528],[136.845965,35.065293],[136.846218,35.066137],[136.846407,35.066855],[136.846584,35.067461],[136.8468,35.068152],[136.846972,35.068794],[136.847166,35.0694],[136.847279,35.069791],[136.847308,35.069859],[136.847597,35.069856],[136.847987,35.069852],[136.848525,35.069847],[136.849042,35.069842],[136.849467,35.069838],[136.849957,35.069833],[136.850299,35.06983],[136.850639,35.069827],[136.850906,35.069824],[136.851383,35.069822],[136.851771,35.069823],[136.852247,35.069824],[136.852609,35.069825],[136.85312,35.069827],[136.853684,35.069828],[136.854341,35.06983],[136.854938,35.069831],[136.855023,35.069832],[136.855023,35.069814],[136.855023,35.069436],[136.855768,35.069442],[136.855884,35.070233],[136.858352,35.070172]]]}},{"type":"Feature","properties":{"name":"泰明町","city":"名古屋市港区","code":"111","setai":1184,"jinko":2180,"n":3,"towns":["23111109001","23111109002","23111109003"],"lx":136.864873,"ly":35.111126},"geometry":{"type":"Polygon","coordinates":[[[136.861715,35.107644],[136.861716,35.107644],[136.86234,35.107868],[136.862343,35.107869],[136.862695,35.107945],[136.862672,35.107991],[136.862954,35.108095],[136.862944,35.108118],[136.863304,35.108225],[136.863348,35.108241],[136.86335,35.108334],[136.863415,35.108339],[136.863483,35.108358],[136.863539,35.108366],[136.863624,35.10839],[136.863656,35.108399],[136.863987,35.108493],[136.8639,35.108689],[136.863879,35.108752],[136.864376,35.108942],[136.864387,35.108923],[136.864506,35.108686],[136.864603,35.108715],[136.864554,35.108841],[136.864718,35.108888],[136.864851,35.108926],[136.864856,35.1088],[136.865475,35.108941],[136.865472,35.109003],[136.86592,35.109101],[136.865945,35.109049],[136.866147,35.109095],[136.866102,35.109301],[136.866353,35.109359],[136.866371,35.109262],[136.866565,35.109304],[136.866588,35.109197],[136.866592,35.109178],[136.866822,35.109213],[136.866814,35.109248],[136.866789,35.109351],[136.866903,35.109362],[136.866917,35.10931],[136.867146,35.109335],[136.867134,35.109419],[136.867243,35.109437],[136.867361,35.109442],[136.867361,35.109408],[136.867853,35.109486],[136.867923,35.109502],[136.867901,35.109608],[136.867885,35.109722],[136.868434,35.109847],[136.868506,35.109636],[136.868517,35.109602],[136.868553,35.109606],[136.868814,35.109669],[136.868808,35.109705],[136.868767,35.109935],[136.869,35.109991],[136.869214,35.110042],[136.869217,35.11003],[136.869262,35.109851],[136.869417,35.109863],[136.869491,35.109869],[136.869505,35.10987],[136.869506,35.109865],[136.869539,35.109873],[136.869765,35.109924],[136.869974,35.109972],[136.869953,35.110205],[136.86995,35.110233],[136.869945,35.110289],[136.869929,35.110474],[136.869905,35.110755],[136.869867,35.111218],[136.869822,35.111759],[136.869765,35.112447],[136.86976,35.112513],[136.869736,35.112781],[136.869711,35.113072],[136.869709,35.113096],[136.869691,35.113295],[136.86969,35.113313],[136.86946,35.113315],[136.868764,35.113318],[136.86809,35.113319],[136.866253,35.113323],[136.86538,35.113326],[136.864564,35.113328],[136.864563,35.11331],[136.864236,35.113302],[136.864211,35.113387],[136.864195,35.113387],[136.864121,35.113388],[136.863473,35.113396],[136.863469,35.113453],[136.8633,35.113452],[136.8633,35.113398],[136.862611,35.113407],[136.862584,35.113218],[136.862488,35.112597],[136.862469,35.112463],[136.862429,35.112186],[136.862379,35.111873],[136.862357,35.111738],[136.862284,35.111291],[136.862285,35.111291],[136.862261,35.111133],[136.862187,35.110602],[136.862186,35.110602],[136.862138,35.110268],[136.862131,35.110212],[136.862106,35.110056],[136.862073,35.109812],[136.862069,35.109784],[136.862028,35.109482],[136.862,35.109288],[136.861949,35.108938],[136.861915,35.108705],[136.861859,35.108324],[136.861807,35.107964],[136.861802,35.107928],[136.861752,35.107909],[136.861715,35.107647],[136.861715,35.107644]]]}},{"type":"Feature","properties":{"name":"高木町","city":"名古屋市港区","code":"111","setai":1026,"jinko":2579,"n":5,"towns":["23111110001","23111110002","23111110003","23111110004","23111110005"],"lx":136.848429,"ly":35.105126},"geometry":{"type":"Polygon","coordinates":[[[136.846985,35.098103],[136.847237,35.097844],[136.847203,35.097826],[136.847089,35.097757],[136.847007,35.097706],[136.847002,35.097703],[136.84708,35.097675],[136.847133,35.097653],[136.847188,35.097634],[136.847239,35.097615],[136.847266,35.097606],[136.847271,35.097608],[136.847341,35.097638],[136.847467,35.097691],[136.847592,35.097745],[136.847783,35.097826],[136.847927,35.097888],[136.848061,35.097946],[136.848096,35.097898],[136.848107,35.097884],[136.84836,35.097993],[136.848363,35.097995],[136.848351,35.098015],[136.84828,35.098074],[136.848401,35.098124],[136.84849,35.097976],[136.84858,35.098008],[136.848667,35.097853],[136.84873,35.097876],[136.84875,35.09786],[136.848891,35.097919],[136.848706,35.098249],[136.849306,35.098495],[136.849329,35.098777],[136.84936,35.099162],[136.84939,35.099554],[136.849412,35.099924],[136.849441,35.100312],[136.849468,35.100707],[136.849494,35.101112],[136.849524,35.101505],[136.849549,35.101883],[136.849578,35.102269],[136.849605,35.102654],[136.849637,35.103134],[136.849657,35.103423],[136.849694,35.103864],[136.84972,35.104262],[136.849746,35.104654],[136.849799,35.105425],[136.849823,35.105791],[136.849865,35.106418],[136.848583,35.106465],[136.847335,35.106785],[136.847091,35.106339],[136.847093,35.106323],[136.847094,35.106305],[136.847094,35.106198],[136.847095,35.105938],[136.847088,35.105538],[136.847088,35.105533],[136.847082,35.105156],[136.847075,35.104778],[136.847076,35.104762],[136.847076,35.104742],[136.847078,35.104477],[136.847078,35.104382],[136.847063,35.103995],[136.847055,35.103235],[136.847054,35.10323],[136.847044,35.102781],[136.847035,35.102391],[136.847031,35.101998],[136.847024,35.101618],[136.847017,35.10083],[136.847017,35.100427],[136.847011,35.100026],[136.846994,35.099278],[136.846994,35.098885],[136.846985,35.098103]]]}},{"type":"Feature","properties":{"name":"多加良浦町","city":"名古屋市港区","code":"111","setai":322,"jinko":755,"n":5,"towns":["23111111001","23111111002","23111111003","23111111004","23111111005"],"lx":136.841933,"ly":35.100521},"geometry":{"type":"Polygon","coordinates":[[[136.839955,35.108882],[136.839957,35.10885],[136.839956,35.10885],[136.839972,35.108636],[136.840015,35.108481],[136.8402,35.106734],[136.840206,35.106685],[136.840207,35.106685],[136.840216,35.10661],[136.840234,35.106468],[136.840244,35.106374],[136.840269,35.106085],[136.840285,35.105893],[136.840307,35.105638],[136.840323,35.105443],[136.84034,35.105244],[136.840364,35.104963],[136.840395,35.104611],[136.840423,35.104322],[136.840426,35.104292],[136.840416,35.104293],[136.840469,35.103864],[136.840501,35.10346],[136.840621,35.102284],[136.84064,35.101992],[136.840668,35.10177],[136.840689,35.101569],[136.840702,35.101336],[136.840724,35.101105],[136.840744,35.100889],[136.840769,35.100671],[136.840798,35.100361],[136.840861,35.099701],[136.841232,35.099564],[136.841404,35.099505],[136.841358,35.099395],[136.841501,35.099351],[136.841506,35.09936],[136.84154,35.099436],[136.84165,35.099405],[136.841566,35.099252],[136.841799,35.099169],[136.841824,35.09922],[136.841964,35.099173],[136.842091,35.099132],[136.842332,35.099052],[136.842338,35.099049],[136.842352,35.099178],[136.842559,35.099111],[136.843689,35.098724],[136.843675,35.098686],[136.843649,35.098597],[136.843641,35.098533],[136.843627,35.098423],[136.843625,35.098394],[136.843743,35.098386],[136.843823,35.098382],[136.843819,35.098323],[136.843899,35.09832],[136.843906,35.098442],[136.843914,35.098571],[136.843927,35.098599],[136.843949,35.098635],[136.844505,35.098446],[136.844525,35.098439],[136.844619,35.098407],[136.844671,35.098663],[136.844696,35.098829],[136.844615,35.098881],[136.844367,35.099124],[136.844293,35.099193],[136.84397,35.099592],[136.843821,35.099806],[136.843673,35.100007],[136.843498,35.100272],[136.843307,35.100547],[136.842747,35.101355],[136.842413,35.101828],[136.842161,35.102417],[136.841897,35.10302],[136.841723,35.103431],[136.84156,35.103811],[136.8415,35.103908],[136.841358,35.104241],[136.84133,35.104242],[136.841139,35.104703],[136.841005,35.105117],[136.840929,35.105516],[136.840863,35.106108],[136.840799,35.106485],[136.840766,35.106732],[136.84072,35.107121],[136.840683,35.107364],[136.840504,35.108637],[136.840504,35.108673],[136.840475,35.108684],[136.840329,35.108743],[136.840218,35.108789],[136.84013,35.10882],[136.839955,35.108882]]]}},{"type":"Feature","properties":{"name":"辰巳町","city":"名古屋市港区","code":"111","setai":944,"jinko":1939,"n":1,"towns":["231111120"],"lx":136.892842,"ly":35.112082},"geometry":{"type":"Polygon","coordinates":[[[136.893554,35.113336],[136.894188,35.113329],[136.894188,35.11333],[136.894214,35.113329],[136.894235,35.113329],[136.894507,35.113323],[136.894739,35.113319],[136.894853,35.113323],[136.89502,35.113328],[136.895211,35.113343],[136.895316,35.113351],[136.895369,35.113356],[136.895376,35.113351],[136.895376,35.113351],[136.895449,35.113303],[136.895448,35.113302],[136.895379,35.113217],[136.895245,35.113051],[136.895003,35.112753],[136.895003,35.112752],[136.894976,35.112718],[136.894825,35.112531],[136.894585,35.112234],[136.894413,35.112022],[136.894087,35.111618],[136.893821,35.111288],[136.893775,35.111232],[136.893188,35.110506],[136.893167,35.11048],[136.893033,35.110553],[136.893026,35.110545],[136.892403,35.110889],[136.891479,35.111373],[136.890571,35.111649],[136.889678,35.111777],[136.889594,35.111789],[136.889123,35.111843],[136.88893,35.111867],[136.888752,35.11189],[136.888576,35.110938],[136.888485,35.11095],[136.88829,35.110978],[136.888191,35.110992],[136.887218,35.11112],[136.886318,35.111253],[136.886033,35.111293],[136.885695,35.111341],[136.885853,35.112096],[136.885849,35.112096],[136.885982,35.112754],[136.886048,35.11308],[136.886094,35.113304],[136.886094,35.113304],[136.886413,35.113299],[136.886578,35.113296],[136.887344,35.113285],[136.888305,35.113272],[136.888351,35.113272],[136.889629,35.113253],[136.889629,35.113324],[136.889629,35.113389],[136.889638,35.11339],[136.890293,35.113376],[136.890589,35.113371],[136.890913,35.113366],[136.891039,35.113364],[136.891758,35.113359],[136.892173,35.113356],[136.892215,35.113353],[136.892253,35.113351],[136.892266,35.113351],[136.892397,35.113349],[136.893068,35.11334],[136.893237,35.113339],[136.893554,35.113336]]]}},{"type":"Feature","properties":{"name":"築盛町","city":"名古屋市港区","code":"111","setai":244,"jinko":670,"n":1,"towns":["231111130"],"lx":136.871501,"ly":35.102887},"geometry":{"type":"Polygon","coordinates":[[[136.871899,35.10748],[136.871904,35.107433],[136.871905,35.107433],[136.871908,35.107405],[136.87191,35.107405],[136.872084,35.105408],[136.872092,35.105317],[136.872165,35.104528],[136.872233,35.103755],[136.87229,35.103238],[136.872295,35.103234],[136.872343,35.103172],[136.872344,35.10316],[136.872348,35.103118],[136.872386,35.102641],[136.872398,35.102481],[136.872401,35.102452],[136.8724,35.102452],[136.872408,35.102351],[136.872421,35.102145],[136.872428,35.102052],[136.872431,35.102004],[136.87244,35.101861],[136.872416,35.101858],[136.872417,35.101836],[136.872194,35.101822],[136.872191,35.101609],[136.872191,35.101591],[136.872265,35.101315],[136.871862,35.101307],[136.871063,35.101289],[136.870893,35.101284],[136.870786,35.10128],[136.870786,35.10128],[136.870783,35.101313],[136.870765,35.101516],[136.8707,35.102182],[136.870655,35.102671],[136.870623,35.103033],[136.870602,35.103275],[136.870552,35.103861],[136.870485,35.104631],[136.870459,35.104893],[136.87046,35.104893],[136.870457,35.104921],[136.870406,35.105439],[136.870312,35.106335],[136.8703,35.106444],[136.870275,35.106675],[136.870248,35.106926],[136.870249,35.106926],[136.870214,35.107308],[136.871835,35.10778],[136.871862,35.107788],[136.871897,35.107496],[136.871899,35.10748]]]}},{"type":"Feature","properties":{"name":"知多","city":"名古屋市港区","code":"111","setai":755,"jinko":1770,"n":3,"towns":["23111114091","23111114092","23111114093"],"lx":136.824243,"ly":35.112285},"geometry":{"type":"Polygon","coordinates":[[[136.821567,35.111418],[136.821927,35.111404],[136.82203,35.111398],[136.822027,35.111373],[136.821972,35.110911],[136.821969,35.110888],[136.821922,35.110413],[136.821944,35.110379],[136.821979,35.110401],[136.823407,35.110457],[136.824346,35.110475],[136.824406,35.110476],[136.82586,35.110499],[136.82624,35.110507],[136.826289,35.110511],[136.82629,35.110511],[136.826364,35.110517],[136.826501,35.110519],[136.827711,35.110535],[136.827739,35.110751],[136.827741,35.110771],[136.827767,35.111022],[136.827863,35.111527],[136.827865,35.111538],[136.827966,35.111975],[136.827265,35.111964],[136.827178,35.112595],[136.826972,35.112609],[136.826631,35.112614],[136.826031,35.112582],[136.826026,35.11262],[136.826008,35.112768],[136.825971,35.113122],[136.825964,35.113193],[136.825963,35.113197],[136.825961,35.113223],[136.825965,35.113636],[136.825964,35.113684],[136.825961,35.113854],[136.82597,35.114175],[136.825971,35.11425],[136.825981,35.115119],[136.825982,35.115193],[136.825253,35.115244],[136.825221,35.115247],[136.825177,35.114817],[136.825161,35.114552],[136.824391,35.11459],[136.8236,35.114632],[136.822757,35.114686],[136.822707,35.114223],[136.822637,35.113524],[136.822586,35.113019],[136.822213,35.112999],[136.821635,35.112966],[136.82164,35.112886],[136.821641,35.112415],[136.82163,35.112239],[136.821618,35.112051],[136.821602,35.111791],[136.821567,35.111418]]]}},{"type":"Feature","properties":{"name":"千年","city":"名古屋市港区","code":"111","setai":17,"jinko":40,"n":2,"towns":["23111118092","23111118093"],"lx":136.893959,"ly":35.106752},"geometry":{"type":"Polygon","coordinates":[[[136.889084,35.105448],[136.889715,35.105049],[136.889834,35.104974],[136.890048,35.10523],[136.890244,35.105464],[136.890312,35.105546],[136.890319,35.105555],[136.890325,35.105552],[136.893658,35.103455],[136.894847,35.102707],[136.894957,35.102747],[136.897596,35.107031],[136.898092,35.107858],[136.898738,35.109034],[136.899701,35.1107],[136.900047,35.111432],[136.900054,35.11143],[136.900127,35.11156],[136.900189,35.111673],[136.90018,35.111773],[136.900398,35.111678],[136.90042,35.111719],[136.900322,35.111759],[136.900413,35.111897],[136.900121,35.111999],[136.900094,35.112008],[136.899516,35.112212],[136.898305,35.112659],[136.897235,35.113052],[136.897206,35.113062],[136.896979,35.113143],[136.896868,35.113183],[136.896102,35.11347],[136.895917,35.113532],[136.895974,35.113665],[136.895651,35.11378],[136.895587,35.113698],[136.895336,35.113378],[136.895316,35.113351],[136.895369,35.113356],[136.895376,35.113351],[136.895449,35.113303],[136.895448,35.113302],[136.895379,35.113217],[136.895245,35.113051],[136.895003,35.112753],[136.895003,35.112752],[136.894976,35.112718],[136.894825,35.112531],[136.894585,35.112234],[136.894413,35.112022],[136.894087,35.111618],[136.893821,35.111288],[136.893775,35.111232],[136.893188,35.110506],[136.892576,35.109729],[136.892576,35.10973],[136.892186,35.109262],[136.891603,35.10853],[136.890745,35.107483],[136.889915,35.106469],[136.889619,35.106109],[136.889593,35.106077],[136.889287,35.105699],[136.889084,35.105448]]]}},{"type":"Feature","properties":{"name":"千鳥","city":"名古屋市港区","code":"111","setai":525,"jinko":1068,"n":2,"towns":["23111120091","23111120092"],"lx":136.88784,"ly":35.097165},"geometry":{"type":"Polygon","coordinates":[[[136.885153,35.094205],[136.885218,35.094198],[136.885418,35.094173],[136.885729,35.094135],[136.885915,35.094113],[136.886274,35.094069],[136.886474,35.094045],[136.886753,35.094011],[136.887563,35.093912],[136.887838,35.093879],[136.887809,35.093819],[136.887821,35.093819],[136.887809,35.093766],[136.888032,35.09374],[136.888177,35.093679],[136.88821,35.093686],[136.888324,35.093845],[136.888244,35.093877],[136.888537,35.094322],[136.888588,35.094296],[136.888716,35.094485],[136.888666,35.094513],[136.888923,35.094894],[136.889164,35.09525],[136.889243,35.095214],[136.889565,35.095697],[136.889617,35.095834],[136.889712,35.095963],[136.889663,35.096012],[136.889988,35.09651],[136.890057,35.096541],[136.890022,35.096563],[136.89014,35.096744],[136.891449,35.096272],[136.89149,35.096339],[136.891531,35.096328],[136.891599,35.096452],[136.891558,35.096463],[136.89164,35.096633],[136.890314,35.09711],[136.89057,35.09756],[136.890534,35.097576],[136.890623,35.097719],[136.890694,35.097745],[136.89083,35.0977],[136.890879,35.09779],[136.890749,35.097836],[136.890882,35.097911],[136.891006,35.097818],[136.891411,35.097636],[136.891425,35.097657],[136.891004,35.097855],[136.890921,35.097975],[136.890985,35.098038],[136.891087,35.098002],[136.891209,35.098156],[136.891189,35.098223],[136.891315,35.098368],[136.891343,35.098396],[136.891362,35.098419],[136.890741,35.098638],[136.890727,35.098643],[136.890662,35.098666],[136.890638,35.098674],[136.890395,35.098821],[136.890281,35.09889],[136.890185,35.098947],[136.89015,35.098966],[136.890058,35.099012],[136.889964,35.099046],[136.889858,35.099076],[136.889692,35.099124],[136.889194,35.099265],[136.889109,35.09929],[136.889,35.099321],[136.888561,35.099446],[136.888545,35.09945],[136.88848,35.099469],[136.888334,35.099511],[136.888317,35.099516],[136.88828,35.099504],[136.888042,35.099431],[136.887817,35.099363],[136.887681,35.099323],[136.887657,35.099317],[136.887634,35.099315],[136.887586,35.099307],[136.887544,35.099308],[136.887522,35.099308],[136.88694,35.099329],[136.886625,35.09934],[136.886599,35.099342],[136.886584,35.099342],[136.886487,35.099351],[136.886395,35.099358],[136.886137,35.099379],[136.886028,35.099391],[136.886002,35.099243],[136.885986,35.099153],[136.885952,35.098959],[136.885919,35.098774],[136.885898,35.098653],[136.885882,35.098561],[136.885866,35.09846],[136.885856,35.098402],[136.885853,35.098388],[136.885843,35.098327],[136.885808,35.098109],[136.885788,35.097981],[136.885776,35.097909],[136.885761,35.097813],[136.885736,35.097665],[136.885718,35.097554],[136.885705,35.097475],[136.885677,35.0973],[136.885666,35.097235],[136.885639,35.097062],[136.885628,35.096993],[136.885596,35.09682],[136.885583,35.096749],[136.885556,35.096586],[136.885525,35.096406],[136.885513,35.096336],[136.885486,35.096175],[136.885475,35.096116],[136.885472,35.096096],[136.88546,35.096023],[136.885456,35.096],[136.885433,35.095865],[136.88541,35.095729],[136.885402,35.095683],[136.885387,35.095592],[136.885356,35.095407],[136.885338,35.095304],[136.885323,35.095213],[136.885275,35.094929],[136.88525,35.094778],[136.885249,35.094771],[136.885191,35.094428],[136.885156,35.094224],[136.885153,35.094205]]]}},{"type":"Feature","properties":{"name":"津金","city":"名古屋市港区","code":"111","setai":833,"jinko":1616,"n":2,"towns":["23111122091","23111122092"],"lx":136.884954,"ly":35.112384},"geometry":{"type":"Polygon","coordinates":[[[136.877794,35.113435],[136.877891,35.113164],[136.877984,35.112904],[136.877986,35.112842],[136.877994,35.11251],[136.878008,35.112017],[136.878013,35.111839],[136.879251,35.111853],[136.879311,35.111857],[136.879319,35.111857],[136.880316,35.111869],[136.881186,35.11188],[136.881338,35.111887],[136.881738,35.111892],[136.881816,35.111882],[136.881893,35.111871],[136.88368,35.111624],[136.883951,35.111585],[136.884848,35.111456],[136.885589,35.111351],[136.885591,35.111356],[136.885693,35.111341],[136.885695,35.111341],[136.885853,35.112096],[136.885849,35.112096],[136.885982,35.112754],[136.886048,35.11308],[136.886094,35.113304],[136.886061,35.113304],[136.885993,35.113305],[136.885457,35.113312],[136.884717,35.113322],[136.883854,35.113333],[136.883617,35.113337],[136.882679,35.11335],[136.88205,35.113359],[136.881995,35.11336],[136.881954,35.113361],[136.88163,35.113366],[136.881029,35.113376],[136.88051,35.113385],[136.879721,35.113398],[136.879192,35.113406],[136.879192,35.113408],[136.878866,35.113413],[136.878417,35.113421],[136.877794,35.113435]]]}},{"type":"Feature","properties":{"name":"築三町","city":"名古屋市港区","code":"111","setai":168,"jinko":349,"n":3,"towns":["23111124001","23111124002","23111124003"],"lx":136.874615,"ly":35.094767},"geometry":{"type":"Polygon","coordinates":[[[136.868374,35.093687],[136.868416,35.093602],[136.868444,35.093551],[136.868484,35.093477],[136.868498,35.093451],[136.868582,35.093303],[136.868524,35.093307],[136.86855,35.093261],[136.868554,35.09316],[136.868588,35.093156],[136.86858,35.093269],[136.868661,35.093237],[136.868721,35.093249],[136.869288,35.092378],[136.869361,35.092266],[136.869272,35.092238],[136.869295,35.092199],[136.869203,35.09218],[136.869023,35.091935],[136.869077,35.091906],[136.869261,35.092165],[136.869319,35.092183],[136.86947,35.091934],[136.869424,35.091914],[136.869451,35.091866],[136.869502,35.091881],[136.869645,35.091663],[136.871608,35.092384],[136.87276,35.092806],[136.872818,35.092825],[136.872846,35.092835],[136.872899,35.092855],[136.875013,35.093621],[136.875067,35.09364],[136.875731,35.093877],[136.875624,35.094078],[136.875818,35.094116],[136.875866,35.094016],[136.875927,35.094012],[136.876046,35.094694],[136.875875,35.09501],[136.876001,35.095065],[136.875975,35.095105],[136.875847,35.095063],[136.875598,35.095496],[136.875793,35.095573],[136.875754,35.095656],[136.875719,35.095631],[136.875749,35.095577],[136.87559,35.095527],[136.875298,35.096026],[136.875729,35.096206],[136.875659,35.096308],[136.875569,35.096436],[136.875523,35.096418],[136.875219,35.096298],[136.875203,35.096292],[136.874835,35.096151],[136.874501,35.096022],[136.874094,35.095866],[136.874045,35.095847],[136.873905,35.095793],[136.873866,35.095778],[136.873428,35.095606],[136.873153,35.095499],[136.873097,35.095477],[136.872941,35.095416],[136.872832,35.095373],[136.872778,35.095352],[136.872608,35.095285],[136.872387,35.095199],[136.872146,35.095104],[136.871883,35.095001],[136.871724,35.094939],[136.871693,35.094927],[136.871667,35.094917],[136.87145,35.094832],[136.871121,35.094707],[136.870613,35.094518],[136.870482,35.09447],[136.870437,35.094453],[136.869316,35.094037],[136.869293,35.094028],[136.868702,35.093809],[136.868374,35.093687]]]}},{"type":"Feature","properties":{"name":"築地町","city":"名古屋市港区","code":"111","setai":0,"jinko":0,"n":1,"towns":["231111250"],"lx":136.87335,"ly":35.090941},"geometry":{"type":"Polygon","coordinates":[[[136.872501,35.087149],[136.872442,35.087242],[136.872398,35.087217],[136.872358,35.087282],[136.872615,35.087425],[136.871961,35.088414],[136.87201,35.088413],[136.872271,35.088017],[136.873129,35.088527],[136.873424,35.08921],[136.873333,35.089391],[136.872731,35.089185],[136.872715,35.089217],[136.872648,35.089214],[136.872622,35.089155],[136.872613,35.089213],[136.872261,35.089198],[136.87225,35.089145],[136.872182,35.089266],[136.871701,35.089101],[136.871536,35.089106],[136.871426,35.089171],[136.871395,35.089208],[136.870997,35.089793],[136.870881,35.089756],[136.870919,35.089798],[136.87048,35.090434],[136.86986,35.091331],[136.87275,35.092387],[136.872943,35.092457],[136.87276,35.092806],[136.872818,35.092825],[136.872846,35.092835],[136.872899,35.092855],[136.873103,35.09247],[136.873488,35.092604],[136.873438,35.092688],[136.873536,35.092726],[136.873489,35.092681],[136.873524,35.092621],[136.873993,35.092784],[136.87397,35.092843],[136.873911,35.092877],[136.874721,35.093168],[136.874741,35.093135],[136.874504,35.09304],[136.874534,35.092986],[136.875259,35.093253],[136.875246,35.093293],[136.875107,35.093247],[136.875083,35.093288],[136.875533,35.093451],[136.875551,35.09342],[136.875397,35.093362],[136.875421,35.09331],[136.875825,35.093456],[136.875859,35.093449],[136.875796,35.093058],[136.87591,35.093041],[136.8759,35.093012],[136.875791,35.093018],[136.875714,35.092588],[136.87535,35.092449],[136.875366,35.092414],[136.875486,35.092454],[136.875504,35.092423],[136.875418,35.092393],[136.875437,35.092326],[136.875657,35.092393],[136.875787,35.092434],[136.875738,35.092394],[136.87569,35.092377],[136.875646,35.092073],[136.875675,35.092063],[136.875744,35.091662],[136.875351,35.090437],[136.875323,35.090386],[136.875229,35.090317],[136.874594,35.090016],[136.874657,35.08988],[136.874402,35.08929],[136.874276,35.088766],[136.873999,35.088355],[136.873879,35.088077],[136.873631,35.087934],[136.873575,35.08787],[136.8731,35.08758],[136.872501,35.087149]]]}},{"type":"Feature","properties":{"name":"寺前町","city":"名古屋市港区","code":"111","setai":52,"jinko":117,"n":1,"towns":["231111260"],"lx":136.80066,"ly":35.113042},"geometry":{"type":"Polygon","coordinates":[[[136.801484,35.11288],[136.801375,35.112094],[136.800795,35.112169],[136.800739,35.112176],[136.800084,35.112261],[136.799767,35.112308],[136.799707,35.112314],[136.799736,35.112507],[136.799753,35.112616],[136.799782,35.112811],[136.799812,35.113013],[136.799841,35.113222],[136.799868,35.113417],[136.799874,35.113493],[136.799883,35.113639],[136.799878,35.113785],[136.799872,35.114029],[136.799867,35.114262],[136.799861,35.114537],[136.799906,35.114537],[136.800072,35.114516],[136.800336,35.114489],[136.801111,35.114393],[136.801171,35.114386],[136.801579,35.11433],[136.801578,35.11427],[136.801545,35.113431],[136.801484,35.11288]]]}},{"type":"Feature","properties":{"name":"天目町","city":"名古屋市港区","code":"111","setai":5,"jinko":12,"n":1,"towns":["231111270"],"lx":136.800325,"ly":35.09853},"geometry":{"type":"Polygon","coordinates":[[[136.801937,35.100265],[136.801947,35.100239],[136.80201,35.100285],[136.802149,35.100386],[136.802172,35.100372],[136.802227,35.100253],[136.802325,35.100188],[136.802341,35.100066],[136.802426,35.09998],[136.802437,35.099974],[136.802467,35.099932],[136.802604,35.099855],[136.802632,35.099837],[136.802854,35.099757],[136.802899,35.099724],[136.802994,35.099682],[136.803116,35.099662],[136.803163,35.099658],[136.803291,35.099627],[136.803358,35.099622],[136.803725,35.099574],[136.803707,35.099428],[136.803883,35.099405],[136.80389,35.099471],[136.804349,35.09941],[136.80435,35.099407],[136.804497,35.099386],[136.804428,35.099274],[136.804324,35.099027],[136.804521,35.09863],[136.804974,35.097716],[136.804989,35.097685],[136.805339,35.096978],[136.80535,35.096956],[136.806185,35.095266],[136.80607,35.095295],[136.805901,35.095337],[136.805583,35.095417],[136.805518,35.095431],[136.805517,35.095431],[136.805517,35.095431],[136.805398,35.095455],[136.805299,35.095475],[136.805163,35.095503],[136.805133,35.095508],[136.804729,35.095577],[136.804506,35.095616],[136.804328,35.095641],[136.80402,35.095686],[136.803699,35.095732],[136.803388,35.095766],[136.803011,35.095807],[136.802798,35.095823],[136.802558,35.095841],[136.802046,35.095879],[136.801898,35.095888],[136.800961,35.096017],[136.800522,35.096092],[136.800003,35.096157],[136.799908,35.096187],[136.799559,35.096301],[136.799313,35.096388],[136.798888,35.09652],[136.798458,35.096669],[136.798384,35.0967],[136.798346,35.096721],[136.797904,35.096874],[136.797907,35.096952],[136.79805,35.100765],[136.798101,35.102118],[136.798101,35.102118],[136.799684,35.101494],[136.800025,35.101355],[136.80147,35.100766],[136.80192,35.100284],[136.801937,35.100265]]]}},{"type":"Feature","properties":{"name":"東海通","city":"名古屋市港区","code":"111","setai":288,"jinko":441,"n":3,"towns":["23111128003","23111128004","23111128005"],"lx":136.886218,"ly":35.113571},"geometry":{"type":"Polygon","coordinates":[[[136.878856,35.113896],[136.878865,35.113462],[136.878866,35.113429],[136.878866,35.113413],[136.879192,35.113408],[136.879192,35.113406],[136.879721,35.113398],[136.88051,35.113385],[136.881029,35.113376],[136.88163,35.113366],[136.881954,35.113361],[136.881995,35.11336],[136.88205,35.113359],[136.882679,35.11335],[136.883617,35.113337],[136.883854,35.113333],[136.884717,35.113322],[136.885457,35.113312],[136.885993,35.113305],[136.886061,35.113304],[136.886094,35.113304],[136.886413,35.113299],[136.886578,35.113296],[136.887344,35.113285],[136.888305,35.113272],[136.888351,35.113272],[136.889629,35.113253],[136.889629,35.113389],[136.88963,35.113791],[136.888304,35.113798],[136.886683,35.113831],[136.886109,35.113843],[136.886105,35.113827],[136.885572,35.113833],[136.885518,35.113833],[136.884702,35.113839],[136.883943,35.113845],[136.883597,35.113848],[136.882166,35.113869],[136.882104,35.113517],[136.882019,35.113519],[136.882015,35.113519],[136.881979,35.11352],[136.881932,35.113521],[136.881957,35.113659],[136.881996,35.113874],[136.881993,35.113875],[136.881985,35.113868],[136.881985,35.113871],[136.881966,35.113872],[136.881062,35.11388],[136.881028,35.11388],[136.879721,35.113889],[136.878856,35.113896]]]}},{"type":"Feature","properties":{"name":"当知町","city":"名古屋市港区","code":"111","setai":222,"jinko":566,"n":8,"towns":["23111129006","23111129007","23111129008","23111129009","23111129009","23111129009","23111129010","23111129010"],"lx":136.838579,"ly":35.109772},"geometry":{"type":"MultiPolygon","coordinates":[[[[136.837034,35.110764],[136.837036,35.110704],[136.83705,35.110348],[136.83707,35.110112],[136.83709,35.109889],[136.837115,35.109429],[136.837174,35.109133],[136.837205,35.108913],[136.837371,35.108918],[136.837373,35.108903],[136.837198,35.108898],[136.837224,35.108761],[136.837268,35.108445],[136.837349,35.108108],[136.837363,35.107934],[136.837421,35.107609],[136.83748,35.107358],[136.837527,35.10705],[136.837555,35.106743],[136.837608,35.106474],[136.837661,35.106137],[136.83767,35.105962],[136.837764,35.105665],[136.837768,35.105498],[136.837809,35.105114],[136.837881,35.104896],[136.838004,35.104579],[136.838023,35.104425],[136.838046,35.104301],[136.838128,35.104044],[136.838227,35.103622],[136.838268,35.103387],[136.838344,35.103186],[136.838473,35.102801],[136.838575,35.102484],[136.838677,35.102228],[136.838764,35.101955],[136.838939,35.101529],[136.839074,35.101202],[136.83915,35.100907],[136.839328,35.1007],[136.839457,35.100446],[136.839586,35.100148],[136.839729,35.099894],[136.83977,35.099764],[136.839928,35.099759],[136.839952,35.099704],[136.839793,35.099701],[136.840193,35.098874],[136.84028,35.098585],[136.840382,35.098376],[136.840469,35.098083],[136.84064,35.09761],[136.840726,35.097473],[136.840897,35.097377],[136.841235,35.097191],[136.841344,35.097076],[136.84138,35.096849],[136.841573,35.096582],[136.841687,35.09635],[136.841767,35.096031],[136.841798,35.095818],[136.841793,35.095653],[136.841738,35.09469],[136.841768,35.094429],[136.841838,35.09409],[136.841789,35.094061],[136.842014,35.093377],[136.842174,35.092781],[136.842259,35.092437],[136.842298,35.092308],[136.84238,35.092039],[136.842509,35.091816],[136.84257,35.091637],[136.842639,35.09149],[136.842707,35.091388],[136.843261,35.090024],[136.843585,35.089284],[136.843666,35.089059],[136.843852,35.088675],[136.844034,35.088266],[136.844096,35.088082],[136.84417,35.088098],[136.8443,35.088008],[136.844258,35.08783],[136.844322,35.087668],[136.844435,35.087586],[136.844727,35.087584],[136.844847,35.087536],[136.844908,35.087392],[136.845003,35.08729],[136.845293,35.087068],[136.845487,35.086946],[136.8456,35.08681],[136.845799,35.086521],[136.845958,35.086201],[136.846048,35.085951],[136.846137,35.085837],[136.846173,35.085886],[136.846314,35.085741],[136.846382,35.085552],[136.846447,35.08554],[136.846379,35.085724],[136.846257,35.086048],[136.846166,35.086284],[136.846096,35.086465],[136.846004,35.086694],[136.84592,35.086901],[136.845766,35.087278],[136.845386,35.088215],[136.845348,35.088309],[136.845241,35.088571],[136.84487,35.089475],[136.844692,35.089908],[136.844626,35.090068],[136.844333,35.090782],[136.844113,35.091319],[136.844027,35.091527],[136.843831,35.092004],[136.843646,35.092456],[136.843594,35.092582],[136.843422,35.093],[136.843275,35.093358],[136.843093,35.093802],[136.842926,35.09421],[136.842763,35.094605],[136.84274,35.09466],[136.842668,35.094834],[136.842537,35.095152],[136.842396,35.095493],[136.842206,35.095955],[136.842123,35.096155],[136.84207,35.096284],[136.841978,35.096507],[136.841882,35.096741],[136.841761,35.097033],[136.841646,35.097312],[136.841529,35.097587],[136.841437,35.097806],[136.841274,35.098173],[136.841154,35.098436],[136.841047,35.098669],[136.840878,35.099027],[136.84079,35.099221],[136.840711,35.099397],[136.840655,35.099526],[136.840623,35.099629],[136.84063,35.099654],[136.8407,35.09968],[136.840691,35.099752],[136.840714,35.099755],[136.840861,35.099701],[136.840798,35.100361],[136.840769,35.100671],[136.840744,35.100889],[136.840724,35.101105],[136.840702,35.101336],[136.840689,35.101569],[136.840668,35.10177],[136.84064,35.101992],[136.840621,35.102284],[136.840501,35.10346],[136.840469,35.103864],[136.840416,35.104293],[136.840426,35.104292],[136.840423,35.104322],[136.840395,35.104611],[136.840364,35.104963],[136.84034,35.105244],[136.840323,35.105443],[136.840307,35.105638],[136.840285,35.105893],[136.840269,35.106085],[136.840244,35.106374],[136.840234,35.106468],[136.840216,35.10661],[136.840207,35.106685],[136.840206,35.106685],[136.8402,35.106734],[136.840015,35.108481],[136.839972,35.108636],[136.839956,35.10885],[136.839957,35.10885],[136.839955,35.108882],[136.84013,35.10882],[136.840218,35.108789],[136.840329,35.108743],[136.840475,35.108684],[136.840504,35.108673],[136.840523,35.108665],[136.840621,35.108626],[136.84071,35.108591],[136.840802,35.108556],[136.840899,35.108517],[136.841083,35.108445],[136.841131,35.10852],[136.841174,35.108583],[136.841422,35.108519],[136.841407,35.108449],[136.841493,35.108427],[136.84163,35.108392],[136.841859,35.108333],[136.842035,35.108288],[136.842171,35.108253],[136.842136,35.108185],[136.842186,35.10817],[136.842289,35.108138],[136.842292,35.108143],[136.842313,35.108188],[136.842407,35.108168],[136.842433,35.108162],[136.842736,35.108077],[136.842766,35.108191],[136.842094,35.108371],[136.841734,35.108446],[136.841162,35.108598],[136.840638,35.108725],[136.840504,35.108743],[136.840504,35.108748],[136.840453,35.109086],[136.840389,35.109224],[136.840328,35.10937],[136.84023,35.109633],[136.840066,35.110041],[136.839892,35.110476],[136.839869,35.110521],[136.839771,35.110784],[136.839741,35.11087],[136.839678,35.111034],[136.83959,35.111264],[136.83948,35.111518],[136.839403,35.111725],[136.839388,35.111761],[136.839195,35.112223],[136.838977,35.112759],[136.838917,35.112932],[136.838849,35.113193],[136.838793,35.113487],[136.838781,35.113768],[136.838779,35.113967],[136.838781,35.11405],[136.838479,35.114024],[136.838058,35.113987],[136.837791,35.113962],[136.837912,35.114403],[136.837919,35.11443],[136.837973,35.114628],[136.83799,35.11469],[136.837834,35.11471],[136.83771,35.114297],[136.837591,35.113906],[136.837575,35.113852],[136.837536,35.113724],[136.837405,35.113712],[136.837363,35.113708],[136.837286,35.113701],[136.837253,35.1135],[136.837189,35.113211],[136.83716,35.112979],[136.837124,35.11225],[136.837119,35.111924],[136.83706,35.111561],[136.837045,35.111175],[136.837034,35.110764]]],[[[136.837985,35.099616],[136.838052,35.099277],[136.838143,35.098816],[136.838229,35.098376],[136.838309,35.097993],[136.838471,35.097254],[136.838561,35.096848],[136.838585,35.096754],[136.838734,35.096255],[136.838891,35.09573],[136.838987,35.095411],[136.839163,35.094822],[136.83929,35.094397],[136.839409,35.093999],[136.83953,35.093594],[136.839646,35.093209],[136.839706,35.093006],[136.839857,35.092537],[136.839981,35.092173],[136.840165,35.091632],[136.840322,35.091171],[136.840375,35.091015],[136.840564,35.09046],[136.840663,35.090171],[136.840728,35.089952],[136.840822,35.089622],[136.840891,35.089383],[136.841023,35.088921],[136.841059,35.088796],[136.841184,35.08841],[136.841301,35.088048],[136.84137,35.087837],[136.84148,35.087434],[136.841576,35.087077],[136.841729,35.086502],[136.841935,35.085734],[136.84208,35.085189],[136.842191,35.084775],[136.842203,35.084731],[136.842246,35.08457],[136.842331,35.084252],[136.842331,35.08425],[136.842381,35.084063],[136.842437,35.083855],[136.842543,35.083458],[136.842544,35.083453],[136.842586,35.083295],[136.842625,35.083081],[136.842642,35.082986],[136.842689,35.082722],[136.842712,35.082594],[136.842846,35.081852],[136.842941,35.081315],[136.843003,35.080897],[136.843089,35.080316],[136.843199,35.079572],[136.843215,35.079486],[136.843223,35.079395],[136.843226,35.07937],[136.843232,35.079265],[136.84325,35.079179],[136.843285,35.079049],[136.843339,35.078849],[136.843377,35.078708],[136.843433,35.078502],[136.843493,35.07828],[136.843577,35.077973],[136.843608,35.077816],[136.843654,35.077769],[136.843681,35.077741],[136.843698,35.077714],[136.843742,35.077566],[136.843777,35.077423],[136.843819,35.077288],[136.843866,35.077138],[136.843874,35.077073],[136.843879,35.076976],[136.843887,35.076933],[136.843896,35.076891],[136.843922,35.076845],[136.843961,35.076803],[136.84399,35.076792],[136.844044,35.076831],[136.844087,35.076888],[136.844125,35.076976],[136.844166,35.077082],[136.844182,35.077169],[136.84422,35.07738],[136.84422,35.07744],[136.84419,35.077502],[136.844159,35.077562],[136.844168,35.077621],[136.844175,35.077663],[136.844171,35.07776],[136.844195,35.077831],[136.844214,35.077873],[136.844215,35.077923],[136.844217,35.077973],[136.84415,35.078471],[136.844087,35.07894],[136.844023,35.079415],[136.844007,35.079547],[136.843989,35.0797],[136.843963,35.07993],[136.843949,35.079994],[136.843911,35.080184],[136.843864,35.080413],[136.843837,35.080517],[136.843821,35.080551],[136.843758,35.080686],[136.843745,35.080795],[136.843735,35.080878],[136.843727,35.080916],[136.843685,35.081084],[136.843643,35.081231],[136.843599,35.08137],[136.843588,35.081415],[136.84355,35.081593],[136.843532,35.081679],[136.843512,35.081759],[136.843493,35.081824],[136.843479,35.081873],[136.843449,35.081994],[136.843431,35.082067],[136.843414,35.082119],[136.843396,35.082175],[136.843391,35.08221],[136.843398,35.082302],[136.84339,35.082366],[136.843376,35.082399],[136.843293,35.082527],[136.843225,35.082614],[136.843171,35.082698],[136.843154,35.082749],[136.843082,35.082986],[136.842986,35.083296],[136.842943,35.083434],[136.842894,35.083585],[136.842843,35.083714],[136.842817,35.083796],[136.842762,35.083963],[136.842712,35.084114],[136.842703,35.084241],[136.842698,35.084257],[136.842665,35.084358],[136.842641,35.084433],[136.842626,35.084477],[136.842622,35.084512],[136.842623,35.084545],[136.842626,35.084567],[136.842627,35.084597],[136.842624,35.084637],[136.842596,35.084715],[136.842547,35.084821],[136.8425,35.08493],[136.842492,35.084971],[136.842497,35.085011],[136.842498,35.085055],[136.842492,35.085082],[136.842465,35.085135],[136.842457,35.085156],[136.842447,35.085193],[136.842442,35.085221],[136.842434,35.085323],[136.842426,35.08541],[136.842413,35.085492],[136.842403,35.085559],[136.842386,35.085604],[136.842371,35.085653],[136.842348,35.085773],[136.842336,35.085831],[136.842298,35.085919],[136.842281,35.085983],[136.842265,35.08608],[136.842241,35.086142],[136.842216,35.086214],[136.842204,35.086273],[136.842198,35.086341],[136.842171,35.086475],[136.842146,35.086603],[136.842114,35.086752],[136.842083,35.086846],[136.842075,35.08688],[136.842036,35.087041],[136.841995,35.087195],[136.841953,35.087343],[136.841928,35.087427],[136.841902,35.087515],[136.841877,35.08764],[136.841851,35.087757],[136.841833,35.087829],[136.841823,35.087887],[136.84181,35.087953],[136.841747,35.088052],[136.84173,35.08811],[136.841722,35.08822],[136.84171,35.088312],[136.841709,35.088332],[136.841663,35.088452],[136.841535,35.088824],[136.841468,35.089026],[136.841404,35.08922],[136.841331,35.089462],[136.841297,35.089574],[136.841275,35.089673],[136.841253,35.089771],[136.841184,35.089999],[136.841082,35.090296],[136.841045,35.0904],[136.840996,35.090545],[136.840984,35.090609],[136.840959,35.090755],[136.840944,35.090821],[136.840928,35.090859],[136.840881,35.090979],[136.840867,35.091075],[136.840851,35.091159],[136.840842,35.091254],[136.840833,35.091292],[136.840784,35.091431],[136.840784,35.091451],[136.840766,35.091582],[136.840749,35.091688],[136.840728,35.091774],[136.840689,35.091936],[136.840657,35.092071],[136.840654,35.092146],[136.84065,35.09218],[136.840612,35.092282],[136.840609,35.092304],[136.840601,35.092342],[136.840472,35.092615],[136.840434,35.092712],[136.840371,35.092873],[136.840341,35.092938],[136.840281,35.093048],[136.840225,35.093148],[136.840222,35.093189],[136.840215,35.093263],[136.840192,35.093338],[136.840186,35.093372],[136.840174,35.093452],[136.840157,35.093502],[136.84013,35.093579],[136.840123,35.093609],[136.840111,35.093642],[136.840088,35.09369],[136.840068,35.093716],[136.840059,35.093736],[136.840056,35.093793],[136.84005,35.093843],[136.84004,35.093891],[136.840023,35.093943],[136.839997,35.094003],[136.839963,35.094069],[136.839917,35.09422],[136.83989,35.094315],[136.839862,35.094402],[136.839832,35.094476],[136.839804,35.094519],[136.839773,35.094572],[136.839774,35.094595],[136.839785,35.094641],[136.839783,35.094661],[136.839761,35.094736],[136.839745,35.094812],[136.839708,35.094872],[136.83968,35.094932],[136.83967,35.094982],[136.839659,35.095082],[136.839643,35.095125],[136.839583,35.095276],[136.839512,35.095497],[136.83948,35.0956],[136.839436,35.095677],[136.839392,35.095774],[136.8394,35.095804],[136.839405,35.095879],[136.839407,35.095924],[136.839402,35.095949],[136.83938,35.096069],[136.839359,35.096137],[136.839322,35.09622],[136.839273,35.09633],[136.839252,35.096403],[136.839245,35.09647],[136.839238,35.096532],[136.839202,35.096654],[136.83915,35.09683],[136.839151,35.096854],[136.839143,35.096909],[136.839121,35.096982],[136.839114,35.09703],[136.839107,35.097073],[136.839087,35.097126],[136.839066,35.097167],[136.839041,35.097235],[136.839031,35.097278],[136.839017,35.097413],[136.839013,35.097432],[136.838951,35.097551],[136.838884,35.097681],[136.838864,35.097815],[136.838831,35.097917],[136.838775,35.098096],[136.838736,35.098232],[136.838727,35.098291],[136.838719,35.098344],[136.838706,35.098403],[136.838673,35.098512],[136.838652,35.098573],[136.838627,35.098638],[136.838595,35.098718],[136.838568,35.098784],[136.83853,35.09888],[136.838494,35.09897],[136.838485,35.099001],[136.838469,35.099052],[136.838447,35.099113],[136.838411,35.099195],[136.838349,35.099318],[136.838321,35.09939],[136.838264,35.099499],[136.838227,35.099592],[136.838217,35.099618],[136.837985,35.099616]]],[[[136.846766,35.107185],[136.84677,35.106953],[136.84677,35.10693],[136.847335,35.106785],[136.848583,35.106465],[136.849865,35.106418],[136.851227,35.106374],[136.851227,35.106377],[136.852464,35.106298],[136.852632,35.106287],[136.852744,35.106269],[136.852757,35.106364],[136.852763,35.106424],[136.852758,35.10643],[136.852773,35.106579],[136.852777,35.106618],[136.852451,35.10661],[136.852126,35.106614],[136.851866,35.106607],[136.851581,35.106617],[136.851366,35.106616],[136.851267,35.106616],[136.851244,35.106612],[136.850297,35.106643],[136.849875,35.106665],[136.849498,35.106675],[136.849175,35.106697],[136.848616,35.106727],[136.84851,35.106747],[136.848432,35.106663],[136.848294,35.106705],[136.848319,35.106794],[136.847982,35.106876],[136.846766,35.107185]]]]}},{"type":"Feature","properties":{"name":"当知","city":"名古屋市港区","code":"111","setai":2582,"jinko":5500,"n":4,"towns":["23111130091","23111130092","23111130093","23111130094"],"lx":136.848137,"ly":35.110468},"geometry":{"type":"Polygon","coordinates":[[[136.838779,35.113967],[136.838781,35.113768],[136.838793,35.113487],[136.838849,35.113193],[136.838917,35.112932],[136.838977,35.112759],[136.839195,35.112223],[136.839388,35.111761],[136.839403,35.111725],[136.83948,35.111518],[136.83959,35.111264],[136.839678,35.111034],[136.839741,35.11087],[136.839771,35.110784],[136.839869,35.110521],[136.839892,35.110476],[136.840066,35.110041],[136.84023,35.109633],[136.840328,35.10937],[136.840389,35.109224],[136.840453,35.109086],[136.840504,35.108748],[136.840504,35.108743],[136.840638,35.108725],[136.841162,35.108598],[136.841734,35.108446],[136.842094,35.108371],[136.842766,35.108191],[136.843385,35.108026],[136.843926,35.107883],[136.844744,35.107653],[136.846008,35.107297],[136.84601,35.107136],[136.846065,35.107117],[136.846588,35.106977],[136.846598,35.106975],[136.84677,35.10693],[136.84677,35.106953],[136.846766,35.107185],[136.847982,35.106876],[136.848319,35.106794],[136.848294,35.106705],[136.848432,35.106663],[136.84851,35.106747],[136.848616,35.106727],[136.849175,35.106697],[136.849498,35.106675],[136.849875,35.106665],[136.850297,35.106643],[136.851244,35.106612],[136.851267,35.106616],[136.851366,35.106616],[136.85138,35.106793],[136.851385,35.106858],[136.851396,35.106998],[136.851418,35.107285],[136.851429,35.107421],[136.851433,35.107482],[136.851453,35.107734],[136.85147,35.107945],[136.851489,35.108187],[136.851502,35.108356],[136.851504,35.10838],[136.851505,35.108399],[136.851528,35.108687],[136.851557,35.109055],[136.851559,35.109091],[136.851572,35.109251],[136.851575,35.109289],[136.851584,35.109406],[136.851584,35.109407],[136.851598,35.109582],[136.851614,35.109792],[136.851635,35.110065],[136.851647,35.110206],[136.851656,35.110319],[136.851721,35.111034],[136.851723,35.111063],[136.851742,35.111265],[136.851776,35.111643],[136.851797,35.111878],[136.851821,35.112153],[136.851844,35.112439],[136.851869,35.112733],[136.851875,35.112805],[136.851885,35.112934],[136.851903,35.113144],[136.851918,35.113364],[136.851926,35.113519],[136.851946,35.113863],[136.851952,35.113958],[136.851875,35.113958],[136.851503,35.11396],[136.850559,35.113966],[136.850325,35.113968],[136.850233,35.113969],[136.849666,35.113973],[136.849322,35.113977],[136.848886,35.113981],[136.84873,35.113983],[136.848211,35.113988],[136.847689,35.113991],[136.847164,35.113994],[136.846838,35.113995],[136.846571,35.113995],[136.846464,35.113997],[136.845833,35.114005],[136.845655,35.114007],[136.844906,35.114017],[136.844906,35.114016],[136.844836,35.114017],[136.844301,35.114023],[136.843921,35.114027],[136.843391,35.114032],[136.843365,35.114033],[136.843333,35.114033],[136.842343,35.114046],[136.842321,35.114047],[136.84041,35.11407],[136.840346,35.11407],[136.839704,35.114074],[136.839137,35.114062],[136.838848,35.114055],[136.838781,35.11405],[136.838779,35.113967]]]}},{"type":"Feature","properties":{"name":"土古町","city":"名古屋市港区","code":"111","setai":978,"jinko":2244,"n":4,"towns":["23111134001","23111134002","23111134003","23111134004"],"lx":136.85882,"ly":35.111597},"geometry":{"type":"Polygon","coordinates":[[[136.856399,35.109945],[136.856502,35.109907],[136.856658,35.109865],[136.858316,35.10987],[136.859573,35.109847],[136.859619,35.109846],[136.860334,35.109839],[136.860367,35.109839],[136.860977,35.109828],[136.86104,35.10983],[136.862013,35.109813],[136.862073,35.109812],[136.862106,35.110056],[136.862131,35.110212],[136.862138,35.110268],[136.862186,35.110602],[136.862187,35.110602],[136.862261,35.111133],[136.862285,35.111291],[136.862284,35.111291],[136.862357,35.111738],[136.862379,35.111873],[136.862429,35.112186],[136.862469,35.112463],[136.862488,35.112597],[136.862584,35.113218],[136.862611,35.113407],[136.862548,35.113408],[136.862074,35.113406],[136.862074,35.113436],[136.862077,35.113506],[136.861918,35.113506],[136.861918,35.113406],[136.861164,35.113403],[136.86094,35.113409],[136.860938,35.113455],[136.860637,35.113454],[136.860631,35.113485],[136.860386,35.113487],[136.860384,35.113458],[136.860192,35.11346],[136.860193,35.113428],[136.860198,35.113262],[136.859819,35.113268],[136.859828,35.113388],[136.859794,35.113389],[136.859528,35.113393],[136.859525,35.113432],[136.859522,35.113478],[136.859321,35.113489],[136.859317,35.113429],[136.859307,35.11331],[136.859006,35.113324],[136.859011,35.113433],[136.859014,35.113515],[136.858737,35.113524],[136.858735,35.113439],[136.858409,35.11345],[136.858401,35.113373],[136.858381,35.113395],[136.858366,35.113424],[136.858366,35.113451],[136.85838,35.113528],[136.858339,35.11353],[136.858315,35.113511],[136.858265,35.113487],[136.858206,35.113467],[136.858147,35.113459],[136.858116,35.113449],[136.858097,35.113397],[136.858059,35.113356],[136.858023,35.113307],[136.857923,35.113215],[136.857875,35.113167],[136.857693,35.112979],[136.857669,35.112952],[136.8576,35.112873],[136.857533,35.112795],[136.857466,35.112708],[136.857402,35.112612],[136.857325,35.112484],[136.857319,35.112472],[136.857287,35.112481],[136.857084,35.111897],[136.856981,35.111928],[136.856668,35.110928],[136.856399,35.109945]]]}},{"type":"Feature","properties":{"name":"中川本町","city":"名古屋市港区","code":"111","setai":414,"jinko":1035,"n":7,"towns":["23111136001","23111136002","23111136003","23111136004","23111136005","23111136006","23111136007"],"lx":136.875893,"ly":35.105023},"geometry":{"type":"Polygon","coordinates":[[[136.874718,35.10659],[136.874725,35.106332],[136.875056,35.106338],[136.875088,35.105471],[136.87509,35.105404],[136.875091,35.105371],[136.875113,35.104574],[136.875153,35.103409],[136.875154,35.10336],[136.874845,35.103353],[136.874862,35.102903],[136.87517,35.102907],[136.875177,35.102714],[136.875199,35.102442],[136.875137,35.102394],[136.875127,35.10176],[136.875088,35.101088],[136.875063,35.100827],[136.875054,35.100739],[136.875012,35.100302],[136.874966,35.09984],[136.87496,35.099773],[136.874948,35.099648],[136.874944,35.099598],[136.874924,35.099327],[136.874911,35.099152],[136.874901,35.099006],[136.874889,35.098837],[136.874875,35.098643],[136.87487,35.098488],[136.874849,35.098164],[136.874827,35.097842],[136.874816,35.097675],[136.874802,35.097495],[136.87478,35.097195],[136.874771,35.09687],[136.874764,35.09666],[136.874762,35.096505],[136.874843,35.096498],[136.874862,35.096503],[136.874912,35.096512],[136.874936,35.096515],[136.874983,35.096517],[136.875094,35.096513],[136.875148,35.096511],[136.875204,35.096509],[136.875244,35.096507],[136.875313,35.096505],[136.87545,35.0965],[136.875511,35.096498],[136.875519,35.096443],[136.875523,35.096418],[136.875569,35.096436],[136.875746,35.096505],[136.876293,35.096726],[136.876385,35.096762],[136.87655,35.096824],[136.876616,35.096849],[136.876613,35.096858],[136.876428,35.096786],[136.876408,35.096849],[136.87619,35.096965],[136.876235,35.097626],[136.87637,35.099586],[136.876416,35.100217],[136.876418,35.101069],[136.876415,35.101488],[136.876413,35.101724],[136.876429,35.102129],[136.876737,35.102562],[136.87673,35.102945],[136.876668,35.102951],[136.876672,35.103029],[136.876719,35.103033],[136.876706,35.103435],[136.87666,35.10482],[136.876691,35.104837],[136.876688,35.104934],[136.876676,35.105267],[136.876646,35.105279],[136.876641,35.105439],[136.876609,35.106626],[136.87659,35.107335],[136.876577,35.107378],[136.87647,35.107465],[136.876176,35.107488],[136.876174,35.10753],[136.876074,35.107527],[136.87595,35.107524],[136.875025,35.107498],[136.875014,35.107461],[136.875046,35.106605],[136.875046,35.106599],[136.874876,35.106594],[136.874718,35.10659]]]}},{"type":"Feature","properties":{"name":"中之島通","city":"名古屋市港区","code":"111","setai":52,"jinko":95,"n":4,"towns":["23111137001","23111137002","23111137003","23111137004"],"lx":136.870947,"ly":35.097263},"geometry":{"type":"Polygon","coordinates":[[[136.870386,35.098766],[136.870418,35.09839],[136.870462,35.097885],[136.870503,35.097407],[136.870511,35.097317],[136.870404,35.097309],[136.870411,35.097229],[136.870429,35.097013],[136.870539,35.09702],[136.870539,35.097018],[136.87058,35.09702],[136.870582,35.096993],[136.870603,35.096739],[136.87062,35.096527],[136.870628,35.096426],[136.870643,35.096193],[136.870648,35.096116],[136.870656,35.095973],[136.870655,35.095951],[136.870927,35.09542],[136.871,35.095444],[136.871056,35.095348],[136.871354,35.095461],[136.871369,35.095536],[136.871424,35.095798],[136.871428,35.09582],[136.871496,35.095821],[136.871488,35.095986],[136.871481,35.096108],[136.871471,35.096309],[136.871463,35.096466],[136.87145,35.096633],[136.871449,35.096649],[136.871428,35.09694],[136.871426,35.096965],[136.871397,35.097204],[136.871386,35.097292],[136.871367,35.097446],[136.871349,35.097628],[136.871317,35.097957],[136.871284,35.098287],[136.871268,35.098444],[136.871255,35.098617],[136.871228,35.098962],[136.870986,35.098905],[136.870829,35.098868],[136.87083,35.098862],[136.870386,35.098766]]]}},{"type":"Feature","properties":{"name":"七島","city":"名古屋市港区","code":"111","setai":143,"jinko":402,"n":2,"towns":["23111138091","23111138092"],"lx":136.833567,"ly":35.10112},"geometry":{"type":"Polygon","coordinates":[[[136.830046,35.097208],[136.830198,35.097212],[136.830239,35.097236],[136.830395,35.097314],[136.830914,35.09756],[136.831549,35.09787],[136.831971,35.098087],[136.832734,35.098455],[136.833939,35.099044],[136.833963,35.099035],[136.833984,35.099043],[136.834232,35.099176],[136.834557,35.099379],[136.834898,35.099602],[136.834972,35.099609],[136.835247,35.099618],[136.835834,35.099583],[136.83583,35.099601],[136.835764,35.099941],[136.835725,35.100385],[136.835688,35.100669],[136.835614,35.100968],[136.835486,35.101798],[136.835451,35.102003],[136.835419,35.10213],[136.835327,35.102495],[136.835265,35.102891],[136.83525,35.10313],[136.835133,35.103854],[136.835119,35.104155],[136.835071,35.104713],[136.835028,35.104929],[136.834962,35.105649],[136.834936,35.105819],[136.834939,35.105904],[136.834909,35.106221],[136.834873,35.106429],[136.834868,35.106551],[136.834819,35.106739],[136.834809,35.106931],[136.834795,35.106931],[136.834482,35.106915],[136.834345,35.106927],[136.834324,35.106929],[136.834243,35.10695],[136.834246,35.106933],[136.833976,35.106287],[136.833842,35.106015],[136.833423,35.105149],[136.833381,35.105079],[136.8331,35.104697],[136.832976,35.104581],[136.832508,35.104129],[136.832427,35.10405],[136.83232,35.103906],[136.832222,35.103586],[136.831981,35.102795],[136.83174,35.101937],[136.831671,35.101762],[136.831366,35.100907],[136.831018,35.099933],[136.830166,35.097545],[136.830046,35.097208]]]}},{"type":"Feature","properties":{"name":"南陽町大字西福田字井箱","city":"名古屋市港区","code":"111","setai":0,"jinko":0,"n":1,"towns":["23111140001"],"lx":136.799055,"ly":35.120038},"geometry":{"type":"Polygon","coordinates":[[[136.799285,35.120059],[136.799255,35.119808],[136.798792,35.119816],[136.798798,35.119856],[136.798857,35.120237],[136.798917,35.120619],[136.798951,35.120848],[136.799021,35.121324],[136.799063,35.121598],[136.799137,35.122077],[136.799147,35.122155],[136.799206,35.122158],[136.799207,35.122158],[136.799221,35.122159],[136.799232,35.122159],[136.799241,35.12216],[136.79925,35.122161],[136.799259,35.122161],[136.799267,35.122161],[136.799289,35.122163],[136.799302,35.122163],[136.799316,35.122164],[136.799333,35.122165],[136.799343,35.122166],[136.799359,35.122166],[136.79937,35.122167],[136.799386,35.122168],[136.799397,35.122169],[136.799409,35.122169],[136.799432,35.12217],[136.799453,35.122172],[136.799469,35.122172],[136.799484,35.122173],[136.799502,35.122174],[136.79952,35.122175],[136.79954,35.122176],[136.79955,35.122177],[136.799551,35.122177],[136.799551,35.122177],[136.799551,35.122177],[136.799554,35.122177],[136.799561,35.122178],[136.799561,35.122178],[136.799523,35.121904],[136.79946,35.121458],[136.799421,35.121169],[136.799389,35.120927],[136.799357,35.12067],[136.799322,35.120376],[136.799285,35.120059]]]}},{"type":"Feature","properties":{"name":"南陽町大字西福田字大長堀","city":"名古屋市港区","code":"111","setai":0,"jinko":0,"n":1,"towns":["23111140002"],"lx":136.799021,"ly":35.11935},"geometry":{"type":"Polygon","coordinates":[[[136.799255,35.119808],[136.799263,35.119668],[136.799269,35.119486],[136.799272,35.119319],[136.799274,35.119157],[136.799276,35.118958],[136.799277,35.11872],[136.799292,35.118323],[136.799324,35.118137],[136.79937,35.117877],[136.799397,35.117725],[136.799103,35.117702],[136.799012,35.117678],[136.799004,35.117725],[136.798965,35.117944],[136.798899,35.118332],[136.798854,35.118616],[136.798811,35.11888],[136.798792,35.119014],[136.798779,35.119148],[136.798771,35.119325],[136.798769,35.119498],[136.798775,35.119688],[136.798792,35.119816],[136.799255,35.119808]]]}},{"type":"Feature","properties":{"name":"南陽町大字西福田字中江","city":"名古屋市港区","code":"111","setai":0,"jinko":0,"n":1,"towns":["23111140003"],"lx":136.799237,"ly":35.117513},"geometry":{"type":"Polygon","coordinates":[[[136.799781,35.115539],[136.79937,35.115548],[136.799369,35.115548],[136.799369,35.115548],[136.799334,35.115777],[136.799268,35.116108],[136.799195,35.11652],[136.799129,35.116936],[136.799075,35.117302],[136.799012,35.117678],[136.799103,35.117702],[136.799397,35.117725],[136.799401,35.117701],[136.799428,35.117554],[136.79947,35.117281],[136.799515,35.116981],[136.799557,35.116688],[136.799582,35.116508],[136.799556,35.11646],[136.799599,35.116246],[136.799643,35.115973],[136.799675,35.115752],[136.799762,35.115675],[136.799781,35.115539]]]}},{"type":"Feature","properties":{"name":"南陽町大字西福田字源蔵池","city":"名古屋市港区","code":"111","setai":0,"jinko":0,"n":1,"towns":["23111140004"],"lx":136.799506,"ly":35.112581},"geometry":{"type":"Polygon","coordinates":[[[136.799736,35.112507],[136.799707,35.112314],[136.799561,35.112329],[136.799461,35.11234],[136.799376,35.112344],[136.799218,35.11236],[136.799217,35.112361],[136.799218,35.112362],[136.799302,35.112771],[136.799361,35.113077],[136.79942,35.113415],[136.79943,35.113512],[136.799439,35.113753],[136.79945,35.114524],[136.799458,35.114759],[136.799451,35.114886],[136.799434,35.115075],[136.799418,35.115207],[136.799375,35.115515],[136.799369,35.115548],[136.79937,35.115548],[136.799781,35.115539],[136.799802,35.11531],[136.799822,35.115085],[136.799846,35.114799],[136.799854,35.114703],[136.799861,35.114541],[136.799861,35.114537],[136.799867,35.114262],[136.799872,35.114029],[136.799878,35.113785],[136.799883,35.113639],[136.799874,35.113493],[136.799868,35.113417],[136.799841,35.113222],[136.799812,35.113013],[136.799782,35.112811],[136.799753,35.112616],[136.799736,35.112507]]]}},{"type":"Feature","properties":{"name":"南陽町大字西福田字川仲","city":"名古屋市港区","code":"111","setai":0,"jinko":0,"n":1,"towns":["23111140005"],"lx":136.810394,"ly":35.112611},"geometry":{"type":"Polygon","coordinates":[[[136.81197,35.120425],[136.811985,35.120426],[136.812009,35.120425],[136.812051,35.120424],[136.812079,35.120421],[136.812117,35.120417],[136.812096,35.120396],[136.812096,35.120396],[136.811425,35.119739],[136.810876,35.119183],[136.810365,35.118492],[136.810158,35.118163],[136.809982,35.117745],[136.809879,35.117498],[136.809772,35.116845],[136.809721,35.116369],[136.809655,35.115753],[136.809644,35.114843],[136.809706,35.114672],[136.810067,35.114123],[136.810484,35.113297],[136.810522,35.113213],[136.810884,35.112404],[136.811017,35.112109],[136.810957,35.111788],[136.810926,35.111792],[136.810836,35.111803],[136.81088,35.112074],[136.810483,35.112161],[136.810411,35.112247],[136.810079,35.112268],[136.810012,35.11271],[136.809996,35.112769],[136.809905,35.113112],[136.809868,35.113246],[136.809862,35.113265],[136.80985,35.113309],[136.809837,35.113357],[136.809685,35.113605],[136.809531,35.113867],[136.809531,35.113867],[136.809357,35.114147],[136.809145,35.114548],[136.809071,35.114812],[136.809003,35.115229],[136.808962,35.115445],[136.808998,35.115878],[136.809032,35.116368],[136.809042,35.116417],[136.809104,35.116646],[136.80926,35.117054],[136.809362,35.117342],[136.809405,35.117573],[136.809421,35.117707],[136.809492,35.117894],[136.809598,35.118094],[136.809737,35.118339],[136.809855,35.118595],[136.809998,35.118885],[136.810173,35.119079],[136.810594,35.119457],[136.810745,35.119591],[136.811092,35.119823],[136.811343,35.120006],[136.81153,35.120216],[136.811842,35.120463],[136.811878,35.120404],[136.811962,35.120423],[136.81197,35.120425]]]}},{"type":"Feature","properties":{"name":"南陽町大字西福田","city":"名古屋市港区","code":"111","setai":0,"jinko":0,"n":1,"towns":["23111140006"],"lx":136.817016,"ly":35.124891},"geometry":{"type":"Polygon","coordinates":[[[136.817011,35.125378],[136.817269,35.125054],[136.817303,35.125011],[136.817324,35.124985],[136.817322,35.124949],[136.81727,35.124372],[136.817177,35.124204],[136.816978,35.123968],[136.816468,35.123565],[136.815872,35.123119],[136.815307,35.122867],[136.815119,35.122784],[136.814613,35.12256],[136.814054,35.122312],[136.813694,35.12196],[136.812754,35.12104],[136.812135,35.120434],[136.812117,35.120417],[136.812079,35.120421],[136.812051,35.120424],[136.812009,35.120425],[136.811985,35.120426],[136.81197,35.120425],[136.811962,35.120423],[136.811878,35.120404],[136.811842,35.120463],[136.811843,35.120463],[136.81186,35.120498],[136.811854,35.120517],[136.812017,35.120707],[136.812263,35.120921],[136.812571,35.121266],[136.81297,35.121786],[136.813155,35.122034],[136.813374,35.122197],[136.813711,35.12245],[136.813959,35.122616],[136.814411,35.12289],[136.814506,35.122941],[136.814551,35.122954],[136.814691,35.122964],[136.814745,35.122969],[136.814852,35.123012],[136.815,35.123091],[136.8151,35.123154],[136.815163,35.123216],[136.81536,35.123305],[136.815375,35.123308],[136.81539,35.123315],[136.815687,35.123474],[136.815926,35.12361],[136.81616,35.123734],[136.816304,35.123829],[136.816417,35.123972],[136.816493,35.124065],[136.816611,35.124248],[136.816665,35.124333],[136.816729,35.12444],[136.816755,35.1245],[136.816764,35.124647],[136.816751,35.124746],[136.816727,35.124806],[136.816676,35.124901],[136.81664,35.124958],[136.81659,35.125032],[136.816551,35.125071],[136.816434,35.125155],[136.816347,35.125197],[136.816203,35.125248],[136.81598,35.125288],[136.815699,35.125301],[136.81556,35.125299],[136.815471,35.125271],[136.815124,35.125111],[136.815045,35.125063],[136.81505,35.125062],[136.815051,35.125062],[136.815026,35.125046],[136.815025,35.125045],[136.814893,35.125065],[136.8149,35.125087],[136.814941,35.125214],[136.814974,35.125314],[136.814964,35.125315],[136.814964,35.125316],[136.814966,35.125316],[136.814964,35.125316],[136.815001,35.125319],[136.815074,35.125325],[136.815116,35.125416],[136.815159,35.125511],[136.81518,35.125557],[136.815638,35.125621],[136.816079,35.125669],[136.816463,35.125611],[136.816811,35.125514],[136.817011,35.125378]]]}},{"type":"Feature","properties":{"name":"西蟹田","city":"名古屋市港区","code":"111","setai":86,"jinko":229,"n":1,"towns":["231111410"],"lx":136.816602,"ly":35.121085},"geometry":{"type":"Polygon","coordinates":[[[136.818237,35.119188],[136.818237,35.119188],[136.8181,35.119193],[136.818039,35.119194],[136.817984,35.119198],[136.817208,35.119248],[136.81675,35.119277],[136.816488,35.119294],[136.816042,35.119322],[136.814858,35.119413],[136.814844,35.119415],[136.814394,35.119469],[136.814001,35.119566],[136.813336,35.119852],[136.813071,35.119965],[136.812895,35.120041],[136.81262,35.120159],[136.812362,35.120276],[136.812401,35.120324],[136.812513,35.120372],[136.812675,35.120439],[136.812788,35.120583],[136.812983,35.120838],[136.813266,35.121196],[136.813473,35.121473],[136.813655,35.121665],[136.813876,35.121798],[136.814196,35.121964],[136.814483,35.122141],[136.814595,35.122222],[136.814799,35.122344],[136.815268,35.122545],[136.815659,35.122667],[136.815911,35.122748],[136.815984,35.122771],[136.816007,35.122781],[136.816346,35.122924],[136.816373,35.122935],[136.816528,35.122996],[136.816647,35.12308],[136.816927,35.123297],[136.817169,35.123532],[136.817421,35.123789],[136.817557,35.123945],[136.817624,35.124107],[136.817656,35.124703],[136.817654,35.125048],[136.817654,35.125089],[136.817653,35.125093],[136.817655,35.125154],[136.817882,35.125263],[136.817888,35.125266],[136.818074,35.125372],[136.8181,35.125378],[136.8185,35.125458],[136.818655,35.125498],[136.818872,35.1255],[136.818867,35.125461],[136.818856,35.125371],[136.818832,35.125202],[136.818808,35.125],[136.818771,35.124687],[136.818735,35.12438],[136.818694,35.124035],[136.818663,35.123766],[136.818645,35.12358],[136.81857,35.122803],[136.818569,35.12279],[136.818491,35.121969],[136.818489,35.121949],[136.818423,35.121257],[136.818364,35.120671],[136.818362,35.120648],[136.818293,35.119978],[136.818246,35.11952],[136.818239,35.119452],[136.818221,35.119284],[136.818236,35.119196],[136.818237,35.119188]]]}},{"type":"Feature","properties":{"name":"西川町","city":"名古屋市港区","code":"111","setai":208,"jinko":526,"n":4,"towns":["23111142001","23111142002","23111142003","23111142004"],"lx":136.841456,"ly":35.10761},"geometry":{"type":"Polygon","coordinates":[[[136.840504,35.108637],[136.840683,35.107364],[136.84072,35.107121],[136.840766,35.106732],[136.840799,35.106485],[136.840863,35.106108],[136.840929,35.105516],[136.841005,35.105117],[136.841139,35.104703],[136.84133,35.104242],[136.841358,35.104241],[136.8415,35.103908],[136.84156,35.103811],[136.841723,35.103431],[136.841897,35.10302],[136.842161,35.102417],[136.842723,35.102592],[136.842764,35.10259],[136.842796,35.102977],[136.842843,35.103392],[136.842878,35.103747],[136.842927,35.104158],[136.842871,35.104161],[136.842896,35.104276],[136.842882,35.104544],[136.841451,35.104389],[136.841431,35.104418],[136.841407,35.104588],[136.841373,35.104823],[136.84133,35.10513],[136.841178,35.106171],[136.841137,35.106438],[136.84109,35.106746],[136.841087,35.106766],[136.841778,35.106841],[136.842501,35.106919],[136.842574,35.10692],[136.842765,35.107723],[136.842772,35.107727],[136.842784,35.107773],[136.842669,35.10783],[136.842736,35.108077],[136.842433,35.108162],[136.842407,35.108168],[136.842313,35.108188],[136.842292,35.108143],[136.842289,35.108138],[136.842186,35.10817],[136.842136,35.108185],[136.842171,35.108253],[136.842035,35.108288],[136.841859,35.108333],[136.84163,35.108392],[136.841493,35.108427],[136.841407,35.108449],[136.841422,35.108519],[136.841174,35.108583],[136.841131,35.10852],[136.841083,35.108445],[136.840899,35.108517],[136.840802,35.108556],[136.84071,35.108591],[136.840621,35.108626],[136.840523,35.108665],[136.840504,35.108673],[136.840504,35.108637]]]}},{"type":"Feature","properties":{"name":"錦町","city":"名古屋市港区","code":"111","setai":609,"jinko":1330,"n":1,"towns":["231111430"],"lx":136.860444,"ly":35.087625},"geometry":{"type":"Polygon","coordinates":[[[136.862038,35.087354],[136.862252,35.086951],[136.862278,35.086908],[136.862349,35.086766],[136.862361,35.086741],[136.862447,35.086568],[136.862545,35.0864],[136.862562,35.086371],[136.862692,35.086108],[136.862823,35.08587],[136.862847,35.085825],[136.862878,35.085755],[136.862935,35.085654],[136.862946,35.085634],[136.863073,35.085394],[136.863387,35.084796],[136.862156,35.084344],[136.861992,35.084284],[136.861028,35.083931],[136.861028,35.083931],[136.860883,35.084197],[136.860753,35.084432],[136.860694,35.084538],[136.860574,35.084756],[136.860503,35.084884],[136.860389,35.085091],[136.860307,35.08524],[136.860283,35.085282],[136.860059,35.085689],[136.860048,35.085708],[136.859924,35.085932],[136.859841,35.086082],[136.859824,35.086113],[136.859714,35.086312],[136.859601,35.086516],[136.859597,35.086524],[136.85955,35.086606],[136.859491,35.086706],[136.859463,35.086754],[136.859408,35.086849],[136.859261,35.087096],[136.859203,35.087193],[136.859204,35.087193],[136.859191,35.087215],[136.859184,35.087227],[136.859183,35.087227],[136.859137,35.087311],[136.859103,35.087375],[136.859064,35.087447],[136.859019,35.087531],[136.858977,35.087608],[136.858929,35.087698],[136.858889,35.087771],[136.858875,35.087797],[136.858842,35.087855],[136.858818,35.087887],[136.858585,35.088328],[136.859779,35.088759],[136.861043,35.089212],[136.86129,35.088762],[136.861426,35.088512],[136.861642,35.088114],[136.861642,35.088114],[136.861664,35.088072],[136.861785,35.087833],[136.862011,35.0874],[136.862038,35.087354]]]}},{"type":"Feature","properties":{"name":"西倉町","city":"名古屋市港区","code":"111","setai":1,"jinko":74,"n":1,"towns":["231111440"],"lx":136.878387,"ly":35.094289},"geometry":{"type":"Polygon","coordinates":[[[136.879782,35.097497],[136.87973,35.097152],[136.879667,35.096788],[136.87958,35.096283],[136.879575,35.096258],[136.879538,35.09605],[136.87934,35.094905],[136.87933,35.094858],[136.87946,35.094326],[136.87927,35.093291],[136.879151,35.092641],[136.87914,35.092582],[136.879113,35.092401],[136.879092,35.092261],[136.877711,35.092398],[136.877215,35.092447],[136.87726,35.092653],[136.877354,35.09284],[136.877399,35.093156],[136.877355,35.093465],[136.877359,35.09351],[136.87733,35.09456],[136.877392,35.094621],[136.877471,35.095072],[136.877385,35.095105],[136.877394,35.095129],[136.877762,35.095695],[136.877587,35.095787],[136.877668,35.095914],[136.877854,35.095828],[136.878485,35.096732],[136.87832,35.09701],[136.878368,35.097037],[136.878285,35.097178],[136.878191,35.097144],[136.878161,35.097163],[136.878053,35.097124],[136.878067,35.097089],[136.876778,35.096599],[136.876654,35.096869],[136.876666,35.096868],[136.876915,35.096963],[136.87697,35.096961],[136.876986,35.096964],[136.877033,35.096982],[136.877613,35.097221],[136.878444,35.097548],[136.879343,35.09789],[136.879343,35.097891],[136.879885,35.098097],[136.879866,35.097982],[136.879827,35.097754],[136.879782,35.097497]]]}},{"type":"Feature","properties":{"name":"西茶屋","city":"名古屋市港区","code":"111","setai":884,"jinko":1887,"n":4,"towns":["23111145091","23111145092","23111145093","23111145094"],"lx":136.824738,"ly":35.100064},"geometry":{"type":"Polygon","coordinates":[[[136.821617,35.099114],[136.821626,35.099013],[136.821678,35.098884],[136.821861,35.098776],[136.822034,35.098691],[136.822367,35.098516],[136.822414,35.098474],[136.822432,35.098352],[136.822394,35.098222],[136.822325,35.098067],[136.822285,35.097938],[136.822231,35.097786],[136.822138,35.097357],[136.823059,35.09725],[136.823632,35.097184],[136.825482,35.096968],[136.825897,35.09692],[136.827818,35.096697],[136.82786,35.096692],[136.827866,35.096776],[136.827892,35.096849],[136.827894,35.096941],[136.827898,35.097149],[136.827901,35.097313],[136.8279,35.097341],[136.827892,35.097414],[136.827887,35.097465],[136.827849,35.097811],[136.827819,35.098085],[136.827789,35.098351],[136.827776,35.098475],[136.82777,35.098529],[136.827736,35.098819],[136.827698,35.09914],[136.827668,35.099375],[136.827655,35.099477],[136.827644,35.099564],[136.827536,35.100383],[136.827523,35.100481],[136.827509,35.100583],[136.827472,35.100909],[136.827464,35.100984],[136.827432,35.101267],[136.827395,35.101586],[136.827387,35.101656],[136.827367,35.101812],[136.827337,35.102072],[136.827332,35.102113],[136.827327,35.102161],[136.827306,35.102345],[136.827278,35.102568],[136.827256,35.102726],[136.827241,35.102827],[136.827216,35.103003],[136.827202,35.103101],[136.827199,35.103124],[136.827189,35.103195],[136.827178,35.103291],[136.82716,35.103427],[136.827156,35.103497],[136.827143,35.103612],[136.827127,35.103754],[136.827115,35.103868],[136.827099,35.104011],[136.827086,35.104128],[136.827066,35.104299],[136.827038,35.10453],[136.827024,35.104643],[136.826988,35.104944],[136.826966,35.105135],[136.826965,35.105135],[136.826902,35.105662],[136.826859,35.106038],[136.826846,35.106149],[136.826783,35.106668],[136.82677,35.106771],[136.826737,35.107043],[136.826723,35.107152],[136.8267,35.10734],[136.82665,35.107748],[136.826603,35.108138],[136.826602,35.108138],[136.826549,35.10856],[136.826495,35.108979],[136.826493,35.108998],[136.826473,35.109155],[136.826416,35.109597],[136.826358,35.110038],[136.826297,35.110459],[136.82629,35.110511],[136.826289,35.110511],[136.82624,35.110507],[136.82586,35.110499],[136.824406,35.110476],[136.824393,35.110425],[136.824283,35.110001],[136.824273,35.109963],[136.824274,35.109963],[136.824185,35.1096],[136.824119,35.109317],[136.824085,35.109173],[136.824051,35.10903],[136.823973,35.1087],[136.823915,35.108454],[136.823896,35.108374],[136.823862,35.108229],[136.823793,35.107936],[136.823785,35.107901],[136.823747,35.107738],[136.823727,35.107652],[136.82368,35.107452],[136.823648,35.107308],[136.823633,35.107244],[136.823627,35.107218],[136.823568,35.106951],[136.823568,35.10695],[136.823526,35.10676],[136.823433,35.106442],[136.823184,35.105515],[136.823184,35.105514],[136.823176,35.105485],[136.823046,35.104968],[136.822927,35.104493],[136.822684,35.103492],[136.822669,35.103429],[136.822455,35.102547],[136.822291,35.10187],[136.82218,35.101432],[136.822074,35.101011],[136.822052,35.100926],[136.821806,35.099956],[136.821798,35.099927],[136.821668,35.099435],[136.821617,35.099114]]]}},{"type":"Feature","properties":{"name":"野跡","city":"名古屋市港区","code":"111","setai":1530,"jinko":3186,"n":5,"towns":["23111149091","23111149092","23111149093","23111149094","23111149095"],"lx":136.852464,"ly":35.080465},"geometry":{"type":"Polygon","coordinates":[[[136.846751,35.084654],[136.846765,35.084617],[136.846828,35.084556],[136.848458,35.080211],[136.848481,35.080143],[136.848652,35.079499],[136.848919,35.078984],[136.848779,35.078631],[136.848778,35.078602],[136.848847,35.078557],[136.849,35.078525],[136.849082,35.078435],[136.849131,35.078414],[136.849125,35.078603],[136.84916,35.078605],[136.849335,35.078499],[136.849876,35.078513],[136.848778,35.075682],[136.848759,35.075088],[136.84874,35.074787],[136.848601,35.073588],[136.848404,35.072609],[136.848383,35.072504],[136.8484,35.072501],[136.848424,35.072495],[136.84846,35.072495],[136.848485,35.072522],[136.848541,35.072622],[136.848573,35.072679],[136.848622,35.07275],[136.848664,35.072804],[136.848736,35.07288],[136.848778,35.072916],[136.848888,35.072999],[136.84894,35.073034],[136.849061,35.073098],[136.849166,35.073145],[136.849252,35.073177],[136.849401,35.073219],[136.849542,35.073248],[136.849646,35.073264],[136.849713,35.073269],[136.849928,35.073269],[136.850214,35.07327],[136.850483,35.073271],[136.851058,35.073275],[136.851288,35.073277],[136.851563,35.073278],[136.851716,35.073279],[136.851769,35.073279],[136.851915,35.07328],[136.852397,35.073283],[136.852603,35.073285],[136.852682,35.073285],[136.852816,35.073304],[136.852965,35.073325],[136.853229,35.073362],[136.853526,35.073403],[136.853709,35.073427],[136.853826,35.073441],[136.853856,35.073444],[136.854013,35.073445],[136.854103,35.073446],[136.854443,35.073448],[136.854786,35.073449],[136.854872,35.07345],[136.854925,35.07345],[136.855189,35.073451],[136.855189,35.073506],[136.855049,35.073505],[136.855041,35.076242],[136.855196,35.07624],[136.855193,35.076328],[136.855082,35.076322],[136.855085,35.077529],[136.855124,35.077591],[136.855779,35.077915],[136.855977,35.07808],[136.855967,35.078195],[136.855931,35.07823],[136.855887,35.07826],[136.855878,35.078918],[136.855876,35.079005],[136.855869,35.079001],[136.855869,35.079047],[136.855868,35.079081],[136.855868,35.079099],[136.855854,35.079255],[136.855847,35.079345],[136.85585,35.079444],[136.855844,35.079493],[136.855812,35.079764],[136.855754,35.080251],[136.85574,35.080362],[136.855707,35.080642],[136.855694,35.080745],[136.855665,35.080994],[136.855654,35.081052],[136.855628,35.081272],[136.855612,35.081409],[136.855577,35.081713],[136.855552,35.081923],[136.85553,35.082106],[136.855528,35.082116],[136.85549,35.082424],[136.855456,35.082701],[136.855456,35.082704],[136.855433,35.0829],[136.855399,35.083195],[136.855379,35.08336],[136.855344,35.083673],[136.855327,35.083826],[136.855308,35.083833],[136.85529,35.08384],[136.855227,35.083864],[136.855175,35.083883],[136.855159,35.08389],[136.855158,35.083889],[136.8551,35.08392],[136.855099,35.08392],[136.853986,35.083824],[136.852954,35.083743],[136.85295,35.083772],[136.852946,35.083772],[136.852557,35.083724],[136.851977,35.083677],[136.851562,35.083749],[136.851149,35.083821],[136.846773,35.084649],[136.846751,35.084654]]]}},{"type":"Feature","properties":{"name":"八百島","city":"名古屋市港区","code":"111","setai":626,"jinko":1481,"n":2,"towns":["23111154091","23111154092"],"lx":136.820123,"ly":35.117477},"geometry":{"type":"Polygon","coordinates":[[[136.8179,35.115755],[136.818115,35.11574],[136.81855,35.115708],[136.818872,35.115685],[136.819602,35.11564],[136.819603,35.11564],[136.819981,35.115609],[136.821187,35.115534],[136.821773,35.115489],[136.822318,35.115448],[136.822349,35.115448],[136.822829,35.115408],[136.822867,35.115721],[136.822937,35.116379],[136.822954,35.116619],[136.823021,35.117405],[136.823052,35.117767],[136.823096,35.118202],[136.823328,35.11818],[136.823385,35.11852],[136.823567,35.11849],[136.82362,35.118789],[136.823431,35.118794],[136.823192,35.118799],[136.822264,35.118821],[136.822266,35.118967],[136.822312,35.119418],[136.822358,35.119878],[136.821668,35.119924],[136.821642,35.119926],[136.821601,35.119467],[136.82158,35.11923],[136.821577,35.119197],[136.821141,35.119226],[136.820769,35.119251],[136.820772,35.119288],[136.820773,35.11931],[136.820517,35.119327],[136.820461,35.119331],[136.819124,35.119422],[136.819122,35.119398],[136.818239,35.119452],[136.818221,35.119284],[136.818236,35.119196],[136.818237,35.119188],[136.818241,35.119164],[136.81824,35.119164],[136.818248,35.119119],[136.818251,35.119102],[136.818209,35.11869],[136.818114,35.117779],[136.818117,35.117778],[136.818093,35.117559],[136.818027,35.116953],[136.817943,35.116183],[136.8179,35.115755]]]}},{"type":"Feature","properties":{"name":"浜","city":"名古屋市港区","code":"111","setai":734,"jinko":1328,"n":2,"towns":["23111156091","23111156092"],"lx":136.881303,"ly":35.096933},"geometry":{"type":"Polygon","coordinates":[[[136.87934,35.094905],[136.880713,35.094732],[136.881395,35.094649],[136.882205,35.094548],[136.882265,35.09454],[136.882266,35.094547],[136.882335,35.094905],[136.882363,35.095051],[136.882481,35.09567],[136.882485,35.095693],[136.882681,35.095665],[136.882684,35.095677],[136.8827,35.095762],[136.882772,35.09615],[136.882782,35.096201],[136.882842,35.09652],[136.88288,35.096733],[136.882881,35.096733],[136.882886,35.096758],[136.882895,35.096816],[136.882934,35.097079],[136.882967,35.097295],[136.882976,35.09735],[136.882982,35.09738],[136.882996,35.097447],[136.883017,35.097581],[136.88303,35.097663],[136.883053,35.097802],[136.883063,35.097857],[136.883069,35.097884],[136.883075,35.097912],[136.883076,35.097922],[136.883091,35.098],[136.883122,35.098184],[136.883135,35.098247],[136.883164,35.098414],[136.883181,35.098513],[136.883198,35.098611],[136.883204,35.09865],[136.883206,35.098668],[136.883208,35.098684],[136.883221,35.098765],[136.883249,35.098916],[136.883271,35.099038],[136.88329,35.099138],[136.883297,35.099175],[136.883299,35.09919],[136.883313,35.099265],[136.883315,35.099277],[136.883325,35.099327],[136.88333,35.099356],[136.882424,35.099038],[136.882168,35.098944],[136.881782,35.098803],[136.881437,35.098677],[136.881136,35.098566],[136.880884,35.098473],[136.880433,35.098304],[136.880066,35.098166],[136.879885,35.098097],[136.879866,35.097982],[136.879827,35.097754],[136.879782,35.097497],[136.87973,35.097152],[136.879667,35.096788],[136.87958,35.096283],[136.879575,35.096258],[136.879538,35.09605],[136.87934,35.094905]]]}},{"type":"Feature","properties":{"name":"春田野","city":"名古屋市港区","code":"111","setai":1368,"jinko":3253,"n":3,"towns":["23111158091","23111158092","23111158093"],"lx":136.814057,"ly":35.115666},"geometry":{"type":"Polygon","coordinates":[[[136.810036,35.117067],[136.810051,35.116942],[136.810091,35.116802],[136.810137,35.116607],[136.810169,35.11636],[136.81017,35.116337],[136.810179,35.116171],[136.810173,35.115853],[136.810174,35.115733],[136.810185,35.115656],[136.810257,35.115227],[136.810346,35.11473],[136.8104,35.114405],[136.810491,35.114131],[136.810613,35.113908],[136.81076,35.113666],[136.810849,35.113535],[136.810943,35.113462],[136.810987,35.113395],[136.811102,35.113169],[136.811108,35.113157],[136.811159,35.113011],[136.811238,35.112776],[136.811328,35.112493],[136.811358,35.112443],[136.811437,35.112338],[136.811527,35.112206],[136.811635,35.112091],[136.811651,35.112071],[136.811665,35.112014],[136.811657,35.112007],[136.811597,35.111988],[136.811429,35.111949],[136.811301,35.111897],[136.811128,35.111862],[136.811074,35.111773],[136.81163,35.1117],[136.811935,35.111652],[136.812247,35.11156],[136.812464,35.111492],[136.812705,35.111413],[136.813626,35.111097],[136.814429,35.11085],[136.814973,35.110676],[136.815452,35.110535],[136.815533,35.110511],[136.815747,35.110445],[136.816009,35.110389],[136.81659,35.110387],[136.816592,35.11041],[136.816634,35.110412],[136.816635,35.110412],[136.81716,35.110403],[136.817262,35.1104],[136.817361,35.110401],[136.817385,35.110648],[136.817389,35.110696],[136.817393,35.110731],[136.817405,35.110855],[136.817472,35.111516],[136.817474,35.111539],[136.817512,35.111917],[136.817519,35.111989],[136.817542,35.112214],[136.817588,35.112673],[136.817593,35.112723],[136.817597,35.112767],[136.817619,35.112987],[136.817628,35.113074],[136.817675,35.113554],[136.817694,35.11374],[136.817708,35.113873],[136.817749,35.114278],[136.817769,35.114471],[136.817798,35.114752],[136.817839,35.115153],[136.817851,35.115268],[136.817897,35.115727],[136.8179,35.115755],[136.817943,35.116183],[136.818027,35.116953],[136.818093,35.117559],[136.818117,35.117778],[136.818114,35.117779],[136.818209,35.11869],[136.818251,35.119102],[136.818248,35.119119],[136.81824,35.119164],[136.818241,35.119164],[136.818237,35.119188],[136.8181,35.119193],[136.818039,35.119194],[136.817984,35.119198],[136.817208,35.119248],[136.81675,35.119277],[136.816488,35.119294],[136.816042,35.119322],[136.814858,35.119413],[136.814844,35.119415],[136.814394,35.119469],[136.814001,35.119566],[136.813336,35.119852],[136.813071,35.119965],[136.812895,35.120041],[136.81262,35.120159],[136.812362,35.120276],[136.812359,35.120277],[136.812119,35.119965],[136.812009,35.119813],[136.81197,35.119743],[136.81185,35.119593],[136.811735,35.11945],[136.811654,35.119346],[136.811568,35.119241],[136.811466,35.119131],[136.811414,35.119091],[136.811316,35.119034],[136.811162,35.118953],[136.811002,35.118866],[136.810913,35.1188],[136.810818,35.118711],[136.810733,35.11861],[136.810665,35.11849],[136.810607,35.11839],[136.810545,35.118346],[136.810496,35.118301],[136.810467,35.118257],[136.810371,35.118072],[136.810217,35.117784],[136.810152,35.117623],[136.810115,35.117454],[136.81006,35.117195],[136.810036,35.117067]]]}},{"type":"Feature","properties":{"name":"東蟹田","city":"名古屋市港区","code":"111","setai":616,"jinko":1695,"n":1,"towns":["231111610"],"lx":136.820285,"ly":35.121797},"geometry":{"type":"Polygon","coordinates":[[[136.821874,35.122738],[136.82203,35.122581],[136.822149,35.122588],[136.822156,35.122582],[136.822578,35.122219],[136.822565,35.122198],[136.822362,35.121888],[136.822336,35.121831],[136.822257,35.121583],[136.822249,35.121559],[136.822202,35.121534],[136.822096,35.121479],[136.822054,35.121457],[136.822052,35.121437],[136.822007,35.121075],[136.822,35.121016],[136.821998,35.120998],[136.822013,35.120997],[136.822044,35.120996],[136.822044,35.120996],[136.822085,35.120994],[136.822085,35.120994],[136.822102,35.120994],[136.822103,35.120994],[136.822112,35.120993],[136.82214,35.120879],[136.822142,35.120874],[136.822144,35.120867],[136.822146,35.120856],[136.822148,35.12085],[136.82215,35.120843],[136.822152,35.120835],[136.822155,35.120823],[136.822164,35.120785],[136.822167,35.120771],[136.822172,35.120752],[136.822183,35.120704],[136.822189,35.120684],[136.822189,35.120682],[136.822197,35.12065],[136.822197,35.12065],[136.822201,35.120632],[136.822207,35.120608],[136.822161,35.120565],[136.822153,35.120534],[136.822145,35.1205],[136.822233,35.120356],[136.822303,35.120333],[136.822482,35.120276],[136.82255,35.120167],[136.822606,35.120013],[136.822634,35.119938],[136.822641,35.119917],[136.822362,35.119915],[136.822358,35.119878],[136.821668,35.119924],[136.821642,35.119926],[136.821601,35.119467],[136.82158,35.11923],[136.821577,35.119197],[136.821141,35.119226],[136.820769,35.119251],[136.820772,35.119288],[136.820773,35.11931],[136.820517,35.119327],[136.820461,35.119331],[136.819124,35.119422],[136.819122,35.119398],[136.818239,35.119452],[136.818246,35.11952],[136.818293,35.119978],[136.818362,35.120648],[136.818364,35.120671],[136.818423,35.121257],[136.818489,35.121949],[136.818491,35.121969],[136.818569,35.12279],[136.81857,35.122803],[136.818645,35.12358],[136.818663,35.123766],[136.818694,35.124035],[136.818735,35.12438],[136.818771,35.124687],[136.818808,35.125],[136.818832,35.125202],[136.818856,35.125371],[136.818867,35.125461],[136.818945,35.125398],[136.819098,35.125273],[136.819211,35.12518],[136.819391,35.125033],[136.819443,35.124984],[136.81956,35.124876],[136.81965,35.124793],[136.819796,35.124659],[136.819857,35.124603],[136.819933,35.124537],[136.820048,35.124437],[136.820137,35.12436],[136.820254,35.124256],[136.820351,35.124158],[136.820541,35.123965],[136.820605,35.1239],[136.820643,35.123877],[136.820693,35.123848],[136.820775,35.123799],[136.820842,35.123739],[136.82093,35.123663],[136.821243,35.123357],[136.821381,35.123229],[136.821539,35.1231],[136.821793,35.122881],[136.821802,35.122868],[136.82184,35.122808],[136.821867,35.122745],[136.821874,35.122738]]]}},{"type":"Feature","properties":{"name":"東茶屋","city":"名古屋市港区","code":"111","setai":530,"jinko":1601,"n":4,"towns":["23111162091","23111162092","23111162093","23111162094"],"lx":136.830343,"ly":35.107007},"geometry":{"type":"Polygon","coordinates":[[[136.82629,35.110511],[136.826297,35.110459],[136.826358,35.110038],[136.826416,35.109597],[136.826473,35.109155],[136.826493,35.108998],[136.826495,35.108979],[136.826549,35.10856],[136.826602,35.108138],[136.826603,35.108138],[136.82665,35.107748],[136.8267,35.10734],[136.826723,35.107152],[136.826737,35.107043],[136.82677,35.106771],[136.826783,35.106668],[136.826846,35.106149],[136.826859,35.106038],[136.826902,35.105662],[136.826965,35.105135],[136.826966,35.105135],[136.826988,35.104944],[136.827024,35.104643],[136.827038,35.10453],[136.827066,35.104299],[136.827086,35.104128],[136.827099,35.104011],[136.827115,35.103868],[136.827127,35.103754],[136.827143,35.103612],[136.827156,35.103497],[136.82716,35.103427],[136.827178,35.103291],[136.827189,35.103195],[136.827199,35.103124],[136.827202,35.103101],[136.827216,35.103003],[136.827241,35.102827],[136.827256,35.102726],[136.827278,35.102568],[136.827306,35.102345],[136.827327,35.102161],[136.827332,35.102113],[136.827337,35.102072],[136.827367,35.101812],[136.827387,35.101656],[136.827395,35.101586],[136.827432,35.101267],[136.827464,35.100984],[136.827472,35.100909],[136.827509,35.100583],[136.827523,35.100481],[136.827536,35.100383],[136.827644,35.099564],[136.827655,35.099477],[136.827668,35.099375],[136.827698,35.09914],[136.827736,35.098819],[136.82777,35.098529],[136.827776,35.098475],[136.827789,35.098351],[136.827819,35.098085],[136.827849,35.097811],[136.827887,35.097465],[136.827892,35.097414],[136.8279,35.097341],[136.827901,35.097313],[136.827898,35.097149],[136.827894,35.096941],[136.827892,35.096849],[136.827866,35.096776],[136.82786,35.096692],[136.829219,35.096524],[136.829379,35.096523],[136.829538,35.096557],[136.829737,35.09666],[136.829838,35.096765],[136.829909,35.0969],[136.82992,35.097193],[136.830046,35.097208],[136.830166,35.097545],[136.831018,35.099933],[136.831366,35.100907],[136.831671,35.101762],[136.83174,35.101937],[136.831981,35.102795],[136.832222,35.103586],[136.83232,35.103906],[136.832427,35.10405],[136.832508,35.104129],[136.832976,35.104581],[136.8331,35.104697],[136.833381,35.105079],[136.833423,35.105149],[136.833842,35.106015],[136.833976,35.106287],[136.834246,35.106933],[136.834243,35.10695],[136.834324,35.106929],[136.834345,35.106927],[136.834482,35.106915],[136.834795,35.106931],[136.834786,35.107],[136.834738,35.107351],[136.834725,35.107441],[136.834701,35.107596],[136.834667,35.107816],[136.834636,35.10799],[136.834616,35.108099],[136.834562,35.10837],[136.834523,35.108562],[136.834454,35.108907],[136.834404,35.109153],[136.834347,35.109435],[136.834304,35.109632],[136.83425,35.109874],[136.83421,35.110054],[136.834166,35.110262],[136.834117,35.110493],[136.834079,35.110674],[136.834078,35.11068],[136.834077,35.110682],[136.83407,35.110682],[136.833758,35.110685],[136.833735,35.110668],[136.833698,35.110641],[136.833619,35.110596],[136.833576,35.110578],[136.833534,35.110566],[136.833532,35.110566],[136.833505,35.110561],[136.833425,35.110566],[136.833273,35.110574],[136.833015,35.110583],[136.832818,35.110589],[136.832667,35.110595],[136.832606,35.110596],[136.832457,35.110596],[136.832281,35.110598],[136.832265,35.110599],[136.832258,35.110599],[136.831905,35.110604],[136.831344,35.110604],[136.831117,35.1106],[136.830969,35.110598],[136.830794,35.110594],[136.830608,35.110589],[136.830398,35.110584],[136.830202,35.110579],[136.829961,35.110574],[136.829713,35.110569],[136.829615,35.110567],[136.829356,35.110561],[136.82905,35.110556],[136.828784,35.110551],[136.827711,35.110535],[136.826501,35.110519],[136.826364,35.110517],[136.82629,35.110511]]]}},{"type":"Feature","properties":{"name":"東築地町","city":"名古屋市港区","code":"111","setai":187,"jinko":348,"n":1,"towns":["231111660"],"lx":136.893563,"ly":35.094327},"geometry":{"type":"Polygon","coordinates":[[[136.895456,35.09795],[136.896347,35.097627],[136.896386,35.097745],[136.896486,35.097706],[136.896871,35.097568],[136.896963,35.097533],[136.896904,35.097432],[136.896904,35.097432],[136.896845,35.09733],[136.896562,35.096842],[136.896561,35.096842],[136.896363,35.096503],[136.896352,35.096508],[136.894501,35.093038],[136.894293,35.093],[136.893811,35.092911],[136.892131,35.092575],[136.891856,35.092601],[136.891716,35.092643],[136.891512,35.092767],[136.891478,35.092836],[136.891174,35.092867],[136.890817,35.09301],[136.89081,35.09302],[136.890938,35.093228],[136.891652,35.094524],[136.891957,35.094393],[136.892506,35.095375],[136.892422,35.095411],[136.892504,35.095574],[136.892605,35.095532],[136.89278,35.095851],[136.891572,35.096261],[136.891668,35.09643],[136.892832,35.096029],[136.893066,35.09645],[136.893161,35.096411],[136.893287,35.096607],[136.892989,35.096725],[136.893039,35.096817],[136.893323,35.096715],[136.893681,35.097368],[136.893646,35.09738],[136.893677,35.097489],[136.894177,35.098399],[136.8944,35.098326],[136.894854,35.098164],[136.895419,35.097963],[136.895456,35.09795]]]}},{"type":"Feature","properties":{"name":"東土古町","city":"名古屋市港区","code":"111","setai":88,"jinko":194,"n":2,"towns":["23111167001","23111167002"],"lx":136.871203,"ly":35.111895},"geometry":{"type":"Polygon","coordinates":[[[136.869691,35.113295],[136.869709,35.113096],[136.869711,35.113072],[136.869736,35.112781],[136.86976,35.112513],[136.869765,35.112447],[136.869822,35.111759],[136.869867,35.111218],[136.869905,35.110755],[136.869929,35.110474],[136.869945,35.110289],[136.86995,35.110233],[136.869953,35.110205],[136.869974,35.109972],[136.869975,35.109972],[136.869975,35.109967],[136.870147,35.109992],[136.870142,35.110011],[136.870383,35.110066],[136.87036,35.110173],[136.870371,35.110175],[136.870599,35.110218],[136.870621,35.110128],[136.870794,35.110175],[136.87073,35.110348],[136.870728,35.110354],[136.871067,35.110429],[136.871107,35.110261],[136.871316,35.110304],[136.871313,35.11031],[136.871471,35.110356],[136.871453,35.110414],[136.871417,35.110519],[136.871423,35.11052],[136.872021,35.110658],[136.87202,35.110658],[136.872158,35.110688],[136.872306,35.110721],[136.872311,35.110722],[136.872336,35.11071],[136.872389,35.110541],[136.872477,35.110671],[136.872558,35.110783],[136.87264,35.110896],[136.872673,35.111018],[136.872699,35.111113],[136.872709,35.111144],[136.872723,35.11118],[136.872741,35.111219],[136.872749,35.111221],[136.872777,35.111252],[136.872786,35.111263],[136.872806,35.11129],[136.872836,35.111342],[136.872838,35.111347],[136.872851,35.111344],[136.87289,35.111452],[136.872896,35.111465],[136.872948,35.111455],[136.872997,35.111544],[136.872947,35.111563],[136.87302,35.111709],[136.872846,35.11177],[136.872857,35.111788],[136.872904,35.111871],[136.87314,35.112284],[136.873299,35.11224],[136.873347,35.112348],[136.873381,35.112337],[136.873423,35.112323],[136.873466,35.112425],[136.873621,35.112389],[136.873709,35.112535],[136.87362,35.112571],[136.873667,35.112676],[136.873624,35.112689],[136.873622,35.11269],[136.873714,35.112891],[136.873547,35.112933],[136.873611,35.113042],[136.873808,35.112994],[136.873926,35.112965],[136.873973,35.113055],[136.873864,35.113086],[136.873667,35.113142],[136.873718,35.113238],[136.873692,35.113244],[136.873668,35.113248],[136.873652,35.113248],[136.873656,35.113257],[136.872002,35.113276],[136.869691,35.113295]]]}},{"type":"Feature","properties":{"name":"福田","city":"名古屋市港区","code":"111","setai":428,"jinko":1046,"n":2,"towns":["23111168091","23111168092"],"lx":136.824482,"ly":35.116581},"geometry":{"type":"Polygon","coordinates":[[[136.822757,35.114686],[136.8236,35.114632],[136.824391,35.11459],[136.825161,35.114552],[136.825177,35.114817],[136.825221,35.115247],[136.825253,35.115244],[136.825982,35.115193],[136.82599,35.115634],[136.825996,35.115986],[136.826001,35.116214],[136.826001,35.116242],[136.826009,35.116709],[136.826011,35.116853],[136.826018,35.117325],[136.826027,35.1179],[136.826027,35.117903],[136.826058,35.117908],[136.826061,35.117965],[136.826081,35.118289],[136.826097,35.118598],[136.826115,35.11895],[136.825935,35.118954],[136.825684,35.11896],[136.825681,35.118946],[136.825638,35.118748],[136.824835,35.118762],[136.824046,35.11878],[136.82362,35.118789],[136.823567,35.11849],[136.823385,35.11852],[136.823328,35.11818],[136.823096,35.118202],[136.823052,35.117767],[136.823021,35.117405],[136.822954,35.116619],[136.822937,35.116379],[136.822867,35.115721],[136.822829,35.115408],[136.822796,35.115057],[136.822757,35.114686]]]}},{"type":"Feature","properties":{"name":"福屋","city":"名古屋市港区","code":"111","setai":69,"jinko":182,"n":2,"towns":["23111170091","23111170092"],"lx":136.801347,"ly":35.116988},"geometry":{"type":"Polygon","coordinates":[[[136.799255,35.119808],[136.799263,35.119668],[136.799269,35.119486],[136.799272,35.119319],[136.799274,35.119157],[136.799276,35.118958],[136.799277,35.11872],[136.799292,35.118323],[136.799324,35.118137],[136.79937,35.117877],[136.799397,35.117725],[136.799401,35.117701],[136.799428,35.117554],[136.79947,35.117281],[136.799515,35.116981],[136.799557,35.116688],[136.799582,35.116508],[136.799556,35.11646],[136.799599,35.116246],[136.799643,35.115973],[136.799675,35.115752],[136.799762,35.115675],[136.799781,35.115539],[136.799802,35.11531],[136.799822,35.115085],[136.799846,35.114799],[136.799854,35.114703],[136.799861,35.114541],[136.799861,35.114537],[136.799906,35.114537],[136.800072,35.114516],[136.800336,35.114489],[136.801111,35.114393],[136.801171,35.114386],[136.801579,35.11433],[136.801582,35.114548],[136.801831,35.114647],[136.802198,35.114766],[136.802547,35.115517],[136.802685,35.115756],[136.803041,35.116198],[136.803164,35.116357],[136.80322,35.116448],[136.803381,35.116772],[136.803455,35.116937],[136.803438,35.117515],[136.803417,35.117878],[136.803387,35.11833],[136.803339,35.118323],[136.80269,35.118209],[136.802543,35.118889],[136.802518,35.119289],[136.80248,35.119879],[136.802464,35.120153],[136.802426,35.12086],[136.802422,35.120945],[136.802401,35.121362],[136.802371,35.121833],[136.80237,35.122088],[136.802186,35.122153],[136.801684,35.122244],[136.801261,35.12233],[136.800943,35.122309],[136.800272,35.122251],[136.800138,35.122239],[136.80012,35.122238],[136.800079,35.122235],[136.80002,35.122231],[136.799925,35.122225],[136.799845,35.12222],[136.799812,35.122218],[136.799771,35.122215],[136.799726,35.122213],[136.799663,35.122209],[136.799619,35.122181],[136.799561,35.122178],[136.799523,35.121904],[136.79946,35.121458],[136.799421,35.121169],[136.799389,35.120927],[136.799357,35.12067],[136.799322,35.120376],[136.799285,35.120059],[136.799255,35.119808]]]}},{"type":"Feature","properties":{"name":"藤高","city":"名古屋市港区","code":"111","setai":214,"jinko":620,"n":5,"towns":["23111172091","23111172092","23111172093","23111172094","23111172095"],"lx":136.833017,"ly":35.094046},"geometry":{"type":"Polygon","coordinates":[[[136.818724,35.091634],[136.820446,35.09131],[136.821155,35.091173],[136.822039,35.091007],[136.822779,35.090885],[136.823046,35.09084],[136.823585,35.09075],[136.824036,35.090679],[136.824524,35.090611],[136.82495,35.090542],[136.825176,35.090519],[136.825741,35.090433],[136.826198,35.090388],[136.827534,35.090204],[136.827575,35.090199],[136.827642,35.09019],[136.827918,35.090153],[136.828227,35.09012],[136.828505,35.090079],[136.82895,35.090016],[136.829639,35.089944],[136.829878,35.089915],[136.829918,35.08992],[136.830194,35.08993],[136.830841,35.089938],[136.831736,35.089949],[136.833354,35.08997],[136.83349,35.089971],[136.837333,35.090058],[136.837702,35.090066],[136.837629,35.090887],[136.837539,35.091891],[136.837523,35.091888],[136.83747,35.092102],[136.837459,35.0921],[136.837425,35.092295],[136.837405,35.092412],[136.837469,35.092432],[136.837349,35.093085],[136.837253,35.093605],[136.837135,35.094182],[136.837015,35.094868],[136.836846,35.095809],[136.83665,35.096685],[136.836455,35.097539],[136.836276,35.098264],[136.836064,35.099056],[136.835911,35.099609],[136.835907,35.099624],[136.83583,35.099601],[136.835834,35.099583],[136.835247,35.099618],[136.834972,35.099609],[136.834898,35.099602],[136.834557,35.099379],[136.834232,35.099176],[136.833984,35.099043],[136.833963,35.099035],[136.833939,35.099044],[136.832734,35.098455],[136.831971,35.098087],[136.831549,35.09787],[136.830914,35.09756],[136.830395,35.097314],[136.830239,35.097236],[136.830198,35.097212],[136.830046,35.097208],[136.82992,35.097193],[136.829909,35.0969],[136.829838,35.096765],[136.829737,35.09666],[136.829538,35.096557],[136.829379,35.096523],[136.829219,35.096524],[136.82786,35.096692],[136.827818,35.096697],[136.825897,35.09692],[136.825482,35.096968],[136.823632,35.097184],[136.823059,35.09725],[136.822138,35.097357],[136.820917,35.097452],[136.820767,35.09747],[136.820033,35.097598],[136.820022,35.097607],[136.820008,35.09761],[136.819967,35.097504],[136.81992,35.097381],[136.819857,35.09722],[136.819785,35.097029],[136.819758,35.096956],[136.819734,35.096873],[136.819702,35.096765],[136.819696,35.096743],[136.81968,35.096673],[136.819649,35.096531],[136.819621,35.096404],[136.81957,35.096175],[136.81953,35.095989],[136.819524,35.09596],[136.819493,35.09582],[136.81947,35.095716],[136.819434,35.095533],[136.819409,35.095392],[136.819368,35.095173],[136.819342,35.095033],[136.819303,35.094819],[136.819282,35.094702],[136.819253,35.094537],[136.81924,35.09446],[136.819202,35.094243],[136.819152,35.09396],[136.819137,35.093873],[136.819086,35.093583],[136.819014,35.093165],[136.818963,35.092867],[136.818945,35.092785],[136.818924,35.092693],[136.818828,35.092265],[136.818793,35.092083],[136.818769,35.091951],[136.818739,35.091772],[136.818729,35.091708],[136.818724,35.091634]]]}},{"type":"Feature","properties":{"name":"藤前","city":"名古屋市港区","code":"111","setai":119,"jinko":317,"n":5,"towns":["23111177091","23111177092","23111177093","23111177094","23111177095"],"lx":136.824586,"ly":35.086191},"geometry":{"type":"Polygon","coordinates":[[[136.816649,35.086483],[136.816962,35.086225],[136.817198,35.086054],[136.817229,35.086031],[136.817368,35.08593],[136.817596,35.085781],[136.817866,35.085611],[136.817868,35.08561],[136.818063,35.085472],[136.818173,35.085394],[136.818188,35.085383],[136.818328,35.085284],[136.818358,35.085263],[136.818358,35.085262],[136.81839,35.085239],[136.818393,35.085237],[136.818412,35.085223],[136.818431,35.085208],[136.818441,35.085201],[136.818454,35.085192],[136.818494,35.085162],[136.81852,35.085142],[136.818569,35.085106],[136.81864,35.085053],[136.818683,35.085022],[136.818742,35.084978],[136.818793,35.08494],[136.818954,35.084821],[136.819208,35.084633],[136.819253,35.084599],[136.819552,35.084377],[136.819738,35.084239],[136.819743,35.084236],[136.820115,35.083961],[136.820122,35.083955],[136.820423,35.083735],[136.820461,35.083707],[136.820892,35.083382],[136.821132,35.083201],[136.821253,35.083129],[136.821295,35.083104],[136.821329,35.083084],[136.82135,35.083071],[136.821365,35.083063],[136.821366,35.083062],[136.821408,35.083036],[136.821763,35.082812],[136.821944,35.082698],[136.822145,35.082571],[136.8222,35.082536],[136.822479,35.08236],[136.822717,35.08221],[136.822907,35.08209],[136.82308,35.081981],[136.823159,35.081931],[136.823496,35.081719],[136.823754,35.081555],[136.824031,35.081381],[136.824285,35.081224],[136.824355,35.081184],[136.824521,35.08109],[136.824639,35.081023],[136.824766,35.080951],[136.824769,35.08095],[136.824794,35.080936],[136.82484,35.08091],[136.824914,35.080867],[136.824939,35.080853],[136.825031,35.080802],[136.825046,35.080793],[136.825088,35.08077],[136.825137,35.080742],[136.825147,35.080736],[136.825154,35.080732],[136.825191,35.080711],[136.825245,35.080681],[136.82646,35.08198],[136.826553,35.081983],[136.827345,35.082807],[136.827439,35.082833],[136.827865,35.082664],[136.828308,35.082534],[136.828619,35.082449],[136.828887,35.082375],[136.82896,35.082464],[136.829387,35.082334],[136.829885,35.082217],[136.830551,35.08204],[136.831207,35.081931],[136.831576,35.08186],[136.832135,35.081769],[136.832433,35.081712],[136.832813,35.081663],[136.833055,35.081688],[136.833462,35.081732],[136.834232,35.081814],[136.836619,35.082089],[136.838639,35.082319],[136.838892,35.082401],[136.839019,35.08248],[136.839092,35.082591],[136.839127,35.082685],[136.839139,35.082804],[136.839566,35.083025],[136.840449,35.083557],[136.841569,35.083938],[136.841387,35.084546],[136.841116,35.085449],[136.841093,35.085527],[136.840952,35.085995],[136.840716,35.086785],[136.840555,35.087319],[136.840342,35.088028],[136.840186,35.088542],[136.840052,35.088981],[136.839955,35.089303],[136.839847,35.089658],[136.839718,35.090084],[136.839903,35.090088],[136.839597,35.090082],[136.838626,35.090071],[136.838102,35.090064],[136.837955,35.090063],[136.837839,35.090061],[136.837735,35.09006],[136.837703,35.090058],[136.837702,35.090066],[136.837333,35.090058],[136.83349,35.089971],[136.833354,35.08997],[136.831736,35.089949],[136.830841,35.089938],[136.830194,35.08993],[136.829918,35.08992],[136.829878,35.089915],[136.829639,35.089944],[136.82895,35.090016],[136.828505,35.090079],[136.828227,35.09012],[136.827918,35.090153],[136.827642,35.09019],[136.827575,35.090199],[136.827534,35.090204],[136.826198,35.090388],[136.825741,35.090433],[136.825176,35.090519],[136.82495,35.090542],[136.824524,35.090611],[136.824036,35.090679],[136.823585,35.09075],[136.823046,35.09084],[136.822779,35.090885],[136.822039,35.091007],[136.821155,35.091173],[136.820446,35.09131],[136.818724,35.091634],[136.818729,35.091708],[136.818739,35.091772],[136.818769,35.091951],[136.818793,35.092083],[136.818828,35.092265],[136.818924,35.092693],[136.818945,35.092785],[136.818963,35.092867],[136.819014,35.093165],[136.819086,35.093583],[136.819137,35.093873],[136.819152,35.09396],[136.819202,35.094243],[136.81924,35.09446],[136.819253,35.094537],[136.819282,35.094702],[136.819303,35.094819],[136.819342,35.095033],[136.819368,35.095173],[136.819409,35.095392],[136.819434,35.095533],[136.81947,35.095716],[136.819493,35.09582],[136.819524,35.09596],[136.81953,35.095989],[136.81957,35.096175],[136.819621,35.096404],[136.819649,35.096531],[136.81968,35.096673],[136.819696,35.096743],[136.819702,35.096765],[136.819734,35.096873],[136.819758,35.096956],[136.819785,35.097029],[136.819857,35.09722],[136.81992,35.097381],[136.819967,35.097504],[136.820008,35.09761],[136.81994,35.097671],[136.819895,35.097712],[136.81964,35.097749],[136.819432,35.097779],[136.819083,35.09783],[136.819056,35.097834],[136.818949,35.09785],[136.818939,35.097815],[136.818931,35.097789],[136.818913,35.097724],[136.81891,35.097699],[136.8189,35.097616],[136.818899,35.097581],[136.818897,35.097554],[136.8189,35.097519],[136.818909,35.097423],[136.818916,35.097361],[136.818927,35.097299],[136.818944,35.097203],[136.818968,35.097089],[136.818988,35.096976],[136.818989,35.096957],[136.818992,35.096879],[136.818991,35.096849],[136.818988,35.096736],[136.818955,35.096575],[136.818913,35.096359],[136.818846,35.095981],[136.818821,35.095834],[136.8188,35.095722],[136.818777,35.095616],[136.818736,35.09542],[136.818711,35.095296],[136.81868,35.095142],[136.81868,35.095139],[136.818616,35.094799],[136.818572,35.094558],[136.818538,35.094383],[136.818509,35.094239],[136.818442,35.093942],[136.81835,35.093533],[136.81831,35.093364],[136.818156,35.092718],[136.818117,35.092561],[136.818025,35.092201],[136.81794,35.091913],[136.817904,35.091796],[136.817918,35.091793],[136.817883,35.091647],[136.817804,35.091318],[136.816707,35.086739],[136.816674,35.086601],[136.816649,35.086483]]]}},{"type":"Feature","properties":{"name":"船見町","city":"名古屋市港区","code":"111","setai":23,"jinko":34,"n":1,"towns":["231111820"],"lx":136.898252,"ly":35.073094},"geometry":{"type":"Polygon","coordinates":[[[136.903408,35.07745],[136.903364,35.077201],[136.903365,35.077098],[136.903388,35.077017],[136.903447,35.07664],[136.903435,35.076469],[136.903427,35.076358],[136.903383,35.076119],[136.903558,35.075986],[136.903504,35.075898],[136.903336,35.075894],[136.903303,35.075757],[136.903229,35.075514],[136.903209,35.075482],[136.903207,35.075384],[136.90315,35.075194],[136.902643,35.074213],[136.902506,35.074077],[136.902223,35.073509],[136.902219,35.073502],[136.902088,35.073239],[136.901716,35.072257],[136.901713,35.072237],[136.901712,35.07223],[136.901602,35.071576],[136.901556,35.0713],[136.901559,35.070957],[136.90157,35.070863],[136.901551,35.06988],[136.900903,35.069898],[136.89974,35.069481],[136.897072,35.069567],[136.891714,35.06978],[136.891633,35.069785],[136.891163,35.069818],[136.891052,35.069735],[136.89047,35.069243],[136.890337,35.069204],[136.890172,35.069082],[136.886752,35.069213],[136.884097,35.069295],[136.883173,35.069324],[136.882986,35.069695],[136.88231,35.069712],[136.882318,35.069858],[136.882761,35.069817],[136.88279,35.070158],[136.882276,35.070172],[136.88229,35.070298],[136.883086,35.070214],[136.883135,35.070487],[136.883355,35.070659],[136.883679,35.070726],[136.884092,35.070724],[136.884862,35.070721],[136.88498,35.074763],[136.88689,35.074678],[136.886879,35.074521],[136.886946,35.074494],[136.886956,35.074444],[136.886719,35.070479],[136.887005,35.070465],[136.887011,35.070595],[136.887675,35.070556],[136.887675,35.070458],[136.888253,35.070424],[136.888275,35.070595],[136.888113,35.070618],[136.888113,35.070649],[136.888448,35.07063],[136.888453,35.070585],[136.88834,35.070585],[136.888318,35.070424],[136.888885,35.0704],[136.88889,35.070489],[136.889069,35.070466],[136.889068,35.070399],[136.889554,35.070379],[136.889645,35.071755],[136.889634,35.071809],[136.889575,35.071854],[136.889564,35.072042],[136.889651,35.072041],[136.889685,35.072633],[136.889755,35.072677],[136.890236,35.07264],[136.890258,35.072765],[136.88975,35.072794],[136.88974,35.072928],[136.889546,35.072983],[136.889766,35.076321],[136.889928,35.076311],[136.889934,35.07658],[136.889966,35.07666],[136.890113,35.07679],[136.890215,35.076834],[136.890383,35.076834],[136.890777,35.076814],[136.890799,35.076854],[136.893429,35.076692],[136.893435,35.076656],[136.89425,35.076626],[136.894261,35.076667],[136.894407,35.076653],[136.894407,35.076608],[136.895331,35.076569],[136.895444,35.076573],[136.895547,35.076505],[136.895563,35.076451],[136.89554,35.076026],[136.895578,35.075949],[136.895621,35.07599],[136.89568,35.075985],[136.895729,35.07594],[136.895729,35.07602],[136.895794,35.076025],[136.895789,35.076087],[136.895735,35.076097],[136.895741,35.076451],[136.895795,35.076522],[136.895855,35.076544],[136.897092,35.076463],[136.897132,35.077315],[136.897564,35.0773],[136.900044,35.077196],[136.901643,35.077136],[136.901673,35.077141],[136.902055,35.077129],[136.902518,35.07712],[136.902523,35.077233],[136.902613,35.077227],[136.902644,35.077486],[136.90265,35.077535],[136.902652,35.077566],[136.902652,35.077649],[136.903033,35.077649],[136.903438,35.077648],[136.903408,35.07745]]]}},{"type":"Feature","properties":{"name":"宝神町","city":"名古屋市港区","code":"111","setai":487,"jinko":1112,"n":12,"towns":["23111183001","23111183002","23111183003","23111183004","23111183004","23111183005","23111183005","23111183005","23111183005","23111183006","23111183007","23111183008"],"lx":136.84292,"ly":35.097407},"geometry":{"type":"MultiPolygon","coordinates":[[[[136.840623,35.099629],[136.840655,35.099526],[136.840711,35.099397],[136.84079,35.099221],[136.840878,35.099027],[136.841047,35.098669],[136.841154,35.098436],[136.841274,35.098173],[136.841437,35.097806],[136.841529,35.097587],[136.841646,35.097312],[136.841761,35.097033],[136.841882,35.096741],[136.841978,35.096507],[136.84207,35.096284],[136.842123,35.096155],[136.842206,35.095955],[136.842396,35.095493],[136.842537,35.095152],[136.842668,35.094834],[136.84274,35.09466],[136.842763,35.094605],[136.842926,35.09421],[136.843093,35.093802],[136.843275,35.093358],[136.843422,35.093],[136.843594,35.092582],[136.843646,35.092456],[136.843831,35.092004],[136.844027,35.091527],[136.844113,35.091319],[136.844333,35.090782],[136.844626,35.090068],[136.844692,35.089908],[136.84487,35.089475],[136.845241,35.088571],[136.845348,35.088309],[136.845386,35.088215],[136.845766,35.087278],[136.84592,35.086901],[136.846004,35.086694],[136.846096,35.086465],[136.846166,35.086284],[136.846257,35.086048],[136.846379,35.085724],[136.846447,35.08554],[136.846747,35.085485],[136.846777,35.08548],[136.846771,35.085496],[136.846748,35.085551],[136.846647,35.085825],[136.846517,35.086169],[136.846442,35.086366],[136.846293,35.08676],[136.846192,35.087009],[136.846096,35.087253],[136.845887,35.087779],[136.845767,35.088079],[136.845694,35.088264],[136.845671,35.088319],[136.845671,35.08832],[136.845655,35.088357],[136.845542,35.088619],[136.845449,35.088831],[136.845281,35.089229],[136.845126,35.089603],[136.844963,35.08999],[136.844926,35.090078],[136.844897,35.090147],[136.844825,35.090316],[136.844689,35.090639],[136.844584,35.090888],[136.844494,35.091102],[136.844387,35.091351],[136.844308,35.091532],[136.844322,35.091533],[136.844134,35.092008],[136.844082,35.092065],[136.843955,35.092405],[136.84386,35.092504],[136.843835,35.092578],[136.843822,35.09261],[136.843781,35.092716],[136.843735,35.092836],[136.843689,35.092953],[136.843664,35.093012],[136.843649,35.093045],[136.843633,35.09308],[136.843594,35.093165],[136.843567,35.093223],[136.843609,35.093231],[136.843645,35.093238],[136.843824,35.093274],[136.843987,35.093307],[136.844159,35.093342],[136.844271,35.093364],[136.84427,35.093364],[136.844217,35.093496],[136.844025,35.093941],[136.843981,35.094042],[136.843962,35.09413],[136.843972,35.094236],[136.843976,35.094277],[136.843964,35.094842],[136.843966,35.094946],[136.843966,35.094949],[136.843977,35.095649],[136.843982,35.095964],[136.843983,35.096051],[136.843986,35.096256],[136.843992,35.096643],[136.844011,35.096628],[136.844014,35.096702],[136.844018,35.096788],[136.844031,35.096841],[136.844038,35.096871],[136.844048,35.096909],[136.84406,35.096962],[136.844079,35.097039],[136.844081,35.097048],[136.844092,35.09709],[136.844118,35.097197],[136.844129,35.097243],[136.844175,35.097428],[136.844182,35.097457],[136.844207,35.097555],[136.84424,35.09768],[136.844302,35.097905],[136.844302,35.097906],[136.844303,35.097905],[136.844309,35.097925],[136.844335,35.097994],[136.844435,35.098262],[136.844452,35.098306],[136.844498,35.098431],[136.844505,35.098446],[136.843949,35.098635],[136.843927,35.098599],[136.843914,35.098571],[136.843906,35.098442],[136.843899,35.09832],[136.843819,35.098323],[136.843823,35.098382],[136.843743,35.098386],[136.843625,35.098394],[136.843627,35.098423],[136.843641,35.098533],[136.843649,35.098597],[136.843675,35.098686],[136.843689,35.098724],[136.842559,35.099111],[136.842352,35.099178],[136.842338,35.099049],[136.842332,35.099052],[136.842091,35.099132],[136.841964,35.099173],[136.841824,35.09922],[136.841799,35.099169],[136.841566,35.099252],[136.84165,35.099405],[136.84154,35.099436],[136.841506,35.09936],[136.841501,35.099351],[136.841358,35.099395],[136.841404,35.099505],[136.841232,35.099564],[136.840861,35.099701],[136.840714,35.099755],[136.840691,35.099752],[136.8407,35.09968],[136.84063,35.099654],[136.840623,35.099629]]],[[[136.847266,35.097606],[136.847285,35.097599],[136.847302,35.097593],[136.84733,35.097583],[136.847356,35.097573],[136.847366,35.09757],[136.847402,35.09756],[136.847545,35.097518],[136.847641,35.097491],[136.8477,35.097474],[136.84777,35.097453],[136.847843,35.097433],[136.847913,35.097412],[136.847967,35.097397],[136.848024,35.09738],[136.8481,35.097358],[136.848177,35.097336],[136.848248,35.097316],[136.848319,35.097295],[136.848378,35.097278],[136.848442,35.09726],[136.848513,35.097242],[136.848568,35.097229],[136.848636,35.097214],[136.848624,35.097229],[136.848576,35.09729],[136.848502,35.097383],[136.84846,35.097436],[136.848391,35.097522],[136.848351,35.097573],[136.848299,35.097639],[136.848276,35.097667],[136.848262,35.097679],[136.848253,35.097684],[136.848244,35.097687],[136.848232,35.097685],[136.848216,35.097712],[136.848191,35.097751],[136.848152,35.097813],[136.848134,35.097841],[136.848125,35.097857],[136.848107,35.097884],[136.848096,35.097898],[136.848061,35.097946],[136.847927,35.097888],[136.847783,35.097826],[136.847592,35.097745],[136.847467,35.097691],[136.847341,35.097638],[136.847271,35.097608],[136.847266,35.097606]]]]}},{"type":"Feature","properties":{"name":"宝神","city":"名古屋市港区","code":"111","setai":2911,"jinko":6397,"n":5,"towns":["23111184091","23111184092","23111184093","23111184094","23111184095"],"lx":136.850485,"ly":35.089984},"geometry":{"type":"Polygon","coordinates":[[[136.843567,35.093223],[136.843594,35.093165],[136.843633,35.09308],[136.843649,35.093045],[136.843664,35.093012],[136.843689,35.092953],[136.843735,35.092836],[136.843781,35.092716],[136.843822,35.09261],[136.843835,35.092578],[136.84386,35.092504],[136.843955,35.092405],[136.844082,35.092065],[136.844134,35.092008],[136.844322,35.091533],[136.844308,35.091532],[136.844387,35.091351],[136.844494,35.091102],[136.844584,35.090888],[136.844689,35.090639],[136.844825,35.090316],[136.844897,35.090147],[136.844926,35.090078],[136.844963,35.08999],[136.845126,35.089603],[136.845281,35.089229],[136.845449,35.088831],[136.845542,35.088619],[136.845655,35.088357],[136.845665,35.088333],[136.845665,35.088333],[136.845671,35.08832],[136.845671,35.088319],[136.845694,35.088264],[136.845767,35.088079],[136.845887,35.087779],[136.846096,35.087253],[136.846192,35.087009],[136.846293,35.08676],[136.846442,35.086366],[136.846517,35.086169],[136.846647,35.085825],[136.846748,35.085551],[136.846771,35.085496],[136.846777,35.08548],[136.846894,35.085458],[136.846964,35.085446],[136.847154,35.085413],[136.847285,35.08539],[136.847349,35.08538],[136.847367,35.085376],[136.847451,35.085361],[136.847556,35.085342],[136.847621,35.08533],[136.847785,35.0853],[136.847884,35.085282],[136.847948,35.08527],[136.848141,35.085234],[136.849136,35.085052],[136.851991,35.084548],[136.852032,35.084565],[136.852041,35.084569],[136.852066,35.084591],[136.852088,35.08461],[136.853528,35.085879],[136.85363,35.085969],[136.853727,35.086057],[136.854428,35.086694],[136.854562,35.086809],[136.854662,35.086896],[136.854917,35.087112],[136.855191,35.087343],[136.855401,35.087524],[136.855559,35.087664],[136.855707,35.087795],[136.855827,35.087901],[136.855974,35.088032],[136.856046,35.088095],[136.856182,35.088216],[136.856395,35.088405],[136.85648,35.08848],[136.856499,35.088478],[136.857254,35.089186],[136.857245,35.089283],[136.857294,35.089328],[136.857285,35.089337],[136.857268,35.089357],[136.857234,35.089396],[136.857214,35.089419],[136.857206,35.089455],[136.857202,35.089475],[136.857202,35.089499],[136.857182,35.0895],[136.857165,35.089508],[136.857161,35.089511],[136.857134,35.089529],[136.857095,35.089554],[136.857085,35.089561],[136.857034,35.089595],[136.857,35.089617],[136.856944,35.089654],[136.856928,35.089664],[136.856893,35.089682],[136.856836,35.08971],[136.856777,35.089739],[136.856735,35.08976],[136.856702,35.089776],[136.856679,35.089787],[136.856662,35.089796],[136.856614,35.08982],[136.85657,35.089859],[136.856513,35.089909],[136.856455,35.08996],[136.856425,35.089987],[136.856394,35.090014],[136.856384,35.090023],[136.85635,35.09006],[136.856335,35.090077],[136.856311,35.090104],[136.8563,35.090116],[136.856274,35.090144],[136.856234,35.090188],[136.856206,35.090219],[136.856172,35.090234],[136.856096,35.09034],[136.85603,35.09055],[136.85587,35.090987],[136.85573,35.091372],[136.855565,35.09185],[136.855531,35.091849],[136.855482,35.09199],[136.855432,35.092137],[136.855377,35.092302],[136.855354,35.092374],[136.855317,35.092492],[136.855279,35.092613],[136.85523,35.092769],[136.855211,35.09283],[136.855203,35.092851],[136.855052,35.093249],[136.854926,35.093585],[136.854681,35.094271],[136.8546,35.094487],[136.854464,35.094683],[136.854204,35.095067],[136.854226,35.095078],[136.854219,35.095088],[136.85419,35.09513],[136.854147,35.095192],[136.854102,35.095257],[136.854045,35.095339],[136.854005,35.095395],[136.853893,35.095549],[136.853874,35.095575],[136.853839,35.095622],[136.853802,35.095667],[136.853761,35.095716],[136.853711,35.095777],[136.853679,35.095814],[136.853645,35.095855],[136.853634,35.095866],[136.853596,35.095901],[136.853512,35.095983],[136.853458,35.096034],[136.853388,35.096089],[136.853336,35.09613],[136.853278,35.096175],[136.853249,35.096194],[136.853179,35.096241],[136.853122,35.096279],[136.853094,35.096296],[136.853057,35.096318],[136.853029,35.096334],[136.852996,35.096354],[136.852977,35.096365],[136.852962,35.096373],[136.852943,35.096383],[136.852925,35.096392],[136.852911,35.0964],[136.8529,35.096406],[136.852875,35.096418],[136.852821,35.096446],[136.852642,35.096372],[136.85245,35.096293],[136.852236,35.096205],[136.852082,35.096141],[136.851954,35.096088],[136.851798,35.096024],[136.8516,35.095942],[136.851321,35.095827],[136.851218,35.095785],[136.850899,35.095654],[136.850576,35.095521],[136.85054,35.095506],[136.850204,35.095368],[136.84967,35.095148],[136.849407,35.09504],[136.848824,35.094801],[136.848635,35.094724],[136.848513,35.094674],[136.848047,35.094486],[136.847627,35.094316],[136.847277,35.094174],[136.847083,35.0941],[136.847073,35.094096],[136.846912,35.094036],[136.846697,35.093957],[136.846326,35.093821],[136.846307,35.093815],[136.846306,35.093816],[136.846218,35.093786],[136.84606,35.093735],[136.846029,35.093725],[136.845645,35.093636],[136.845585,35.093622],[136.845167,35.09354],[136.844851,35.093478],[136.84469,35.093447],[136.84427,35.093364],[136.844271,35.093364],[136.844159,35.093342],[136.843987,35.093307],[136.843824,35.093274],[136.843645,35.093238],[136.843609,35.093231],[136.843567,35.093223]]]}},{"type":"Feature","properties":{"name":"本宮町","city":"名古屋市港区","code":"111","setai":911,"jinko":2132,"n":8,"towns":["23111189001","23111189002","23111189003","23111189004","23111189005","23111189006","23111189007","23111189008"],"lx":136.873288,"ly":35.109132},"geometry":{"type":"Polygon","coordinates":[[[136.864856,35.1088],[136.864859,35.108712],[136.864889,35.108564],[136.864894,35.108535],[136.864904,35.108473],[136.864945,35.108249],[136.865018,35.107849],[136.86502,35.107836],[136.865661,35.108031],[136.8659,35.108104],[136.866258,35.108213],[136.866502,35.108273],[136.867086,35.108406],[136.867086,35.108405],[136.867145,35.108419],[136.867845,35.108581],[136.868097,35.108639],[136.868544,35.108742],[136.868747,35.10879],[136.869013,35.108851],[136.869265,35.108909],[136.869728,35.109017],[136.869856,35.109046],[136.87,35.109079],[136.870066,35.109095],[136.870101,35.108677],[136.87011,35.108572],[136.870112,35.108549],[136.870152,35.108065],[136.870175,35.107785],[136.870201,35.107472],[136.870213,35.107308],[136.870214,35.107308],[136.871835,35.10778],[136.871862,35.107788],[136.871897,35.107496],[136.871899,35.10748],[136.871904,35.107433],[136.871905,35.107433],[136.872595,35.107447],[136.873212,35.107459],[136.873584,35.107467],[136.874793,35.107492],[136.874964,35.107496],[136.875025,35.107498],[136.875006,35.107769],[136.874986,35.108085],[136.874983,35.108203],[136.874975,35.108571],[136.874971,35.108724],[136.874969,35.108802],[136.87497,35.108802],[136.874961,35.109077],[136.874959,35.109155],[136.874949,35.109464],[136.874946,35.109572],[136.874945,35.109583],[136.874932,35.109901],[136.874921,35.110189],[136.874912,35.110461],[136.874911,35.110496],[136.874903,35.110756],[136.874893,35.111046],[136.874886,35.111281],[136.87488,35.111458],[136.874864,35.111734],[136.874863,35.111792],[136.874859,35.112187],[136.874861,35.112559],[136.874865,35.113008],[136.874776,35.113027],[136.874819,35.113181],[136.874899,35.113176],[136.874903,35.113216],[136.874969,35.113218],[136.874977,35.113506],[136.874735,35.113508],[136.874726,35.113172],[136.874662,35.113175],[136.874675,35.113448],[136.874477,35.113445],[136.874384,35.113447],[136.874361,35.113307],[136.874354,35.113289],[136.874242,35.113319],[136.874101,35.11332],[136.874011,35.113321],[136.873987,35.113321],[136.873987,35.113322],[136.873993,35.113517],[136.873858,35.113522],[136.87384,35.113522],[136.87373,35.113336],[136.873924,35.113337],[136.873924,35.113322],[136.873922,35.11321],[136.873801,35.113208],[136.873801,35.113219],[136.873753,35.11323],[136.873718,35.113238],[136.873667,35.113142],[136.873864,35.113086],[136.873973,35.113055],[136.873926,35.112965],[136.873808,35.112994],[136.873611,35.113042],[136.873547,35.112933],[136.873714,35.112891],[136.873622,35.11269],[136.873624,35.112689],[136.873667,35.112676],[136.87362,35.112571],[136.873709,35.112535],[136.873621,35.112389],[136.873466,35.112425],[136.873423,35.112323],[136.873381,35.112337],[136.873347,35.112348],[136.873299,35.11224],[136.87314,35.112284],[136.872904,35.111871],[136.872857,35.111788],[136.872846,35.11177],[136.87302,35.111709],[136.872947,35.111563],[136.872997,35.111544],[136.872948,35.111455],[136.872896,35.111465],[136.87289,35.111452],[136.872851,35.111344],[136.872838,35.111347],[136.872836,35.111342],[136.872806,35.11129],[136.872786,35.111263],[136.872777,35.111252],[136.872749,35.111221],[136.872741,35.111219],[136.872723,35.11118],[136.872709,35.111144],[136.872699,35.111113],[136.872673,35.111018],[136.87264,35.110896],[136.872558,35.110783],[136.872477,35.110671],[136.872389,35.110541],[136.872336,35.11071],[136.872311,35.110722],[136.872306,35.110721],[136.872158,35.110688],[136.87202,35.110658],[136.872021,35.110658],[136.871423,35.11052],[136.871417,35.110519],[136.871453,35.110414],[136.871471,35.110356],[136.871313,35.11031],[136.871316,35.110304],[136.871107,35.110261],[136.871067,35.110429],[136.870728,35.110354],[136.87073,35.110348],[136.870794,35.110175],[136.870621,35.110128],[136.870599,35.110218],[136.870371,35.110175],[136.87036,35.110173],[136.870383,35.110066],[136.870142,35.110011],[136.870147,35.109992],[136.869975,35.109967],[136.869975,35.109972],[136.869974,35.109972],[136.869765,35.109924],[136.869539,35.109873],[136.869506,35.109865],[136.869505,35.10987],[136.869491,35.109869],[136.869417,35.109863],[136.869262,35.109851],[136.869217,35.11003],[136.869214,35.110042],[136.869,35.109991],[136.868767,35.109935],[136.868808,35.109705],[136.868814,35.109669],[136.868553,35.109606],[136.868517,35.109602],[136.868506,35.109636],[136.868434,35.109847],[136.867885,35.109722],[136.867901,35.109608],[136.867923,35.109502],[136.867853,35.109486],[136.867361,35.109408],[136.867361,35.109442],[136.867243,35.109437],[136.867134,35.109419],[136.867146,35.109335],[136.866917,35.10931],[136.866903,35.109362],[136.866789,35.109351],[136.866814,35.109248],[136.866822,35.109213],[136.866592,35.109178],[136.866588,35.109197],[136.866565,35.109304],[136.866371,35.109262],[136.866353,35.109359],[136.866102,35.109301],[136.866147,35.109095],[136.865945,35.109049],[136.86592,35.109101],[136.865472,35.109003],[136.865475,35.108941],[136.864856,35.1088]]]}},{"type":"Feature","properties":{"name":"本宮新町","city":"名古屋市港区","code":"111","setai":156,"jinko":360,"n":1,"towns":["231111900"],"lx":136.866514,"ly":35.107261},"geometry":{"type":"Polygon","coordinates":[[[136.870112,35.108549],[136.870152,35.108065],[136.870175,35.107785],[136.870201,35.107472],[136.870213,35.107308],[136.870022,35.107253],[136.870022,35.107252],[136.869747,35.107164],[136.867381,35.106485],[136.865407,35.105919],[136.865303,35.106395],[136.865167,35.107124],[136.86502,35.107836],[136.865661,35.108031],[136.8659,35.108104],[136.866258,35.108213],[136.866502,35.108273],[136.867086,35.108406],[136.867086,35.108405],[136.867145,35.108419],[136.867845,35.108581],[136.868097,35.108639],[136.868544,35.108742],[136.868747,35.10879],[136.869013,35.108851],[136.869265,35.108909],[136.869728,35.109017],[136.869856,35.109046],[136.87,35.109079],[136.870066,35.109095],[136.870101,35.108677],[136.87011,35.108572],[136.870112,35.108549]]]}},{"type":"Feature","properties":{"name":"丸池町","city":"名古屋市港区","code":"111","setai":575,"jinko":1260,"n":3,"towns":["23111191001","23111191002","23111191003"],"lx":136.870973,"ly":35.117284},"geometry":{"type":"Polygon","coordinates":[[[136.869435,35.118292],[136.869471,35.117301],[136.869499,35.116561],[136.8695,35.116536],[136.870124,35.116552],[136.870156,35.115726],[136.870169,35.115278],[136.870196,35.114452],[136.870206,35.114007],[136.871945,35.114005],[136.871933,35.114431],[136.871921,35.114912],[136.871906,35.115317],[136.871893,35.115765],[136.871871,35.116188],[136.871855,35.116591],[136.872802,35.11661],[136.872797,35.116841],[136.872792,35.117047],[136.87279,35.117455],[136.872788,35.117869],[136.872775,35.118431],[136.871951,35.118428],[136.871437,35.118417],[136.870924,35.118404],[136.869979,35.118381],[136.869902,35.118379],[136.869721,35.118375],[136.869719,35.118375],[136.869645,35.118351],[136.869542,35.118322],[136.869435,35.118292]]]}},{"type":"Feature","properties":{"name":"港町","city":"名古屋市港区","code":"111","setai":0,"jinko":0,"n":1,"towns":["231111920"],"lx":136.882338,"ly":35.090643},"geometry":{"type":"Polygon","coordinates":[[[136.880343,35.092489],[136.880343,35.092489],[136.880428,35.092479],[136.880964,35.092413],[136.88156,35.09234],[136.881726,35.09232],[136.881767,35.092315],[136.881854,35.092305],[136.881887,35.092301],[136.882744,35.092193],[136.883256,35.092129],[136.883256,35.092129],[136.883608,35.092086],[136.884463,35.091984],[136.884649,35.091962],[136.884918,35.091931],[136.885992,35.091806],[136.886454,35.091752],[136.886338,35.091573],[136.885838,35.091066],[136.885802,35.09103],[136.884831,35.088745],[136.88403,35.088841],[136.880469,35.089265],[136.880608,35.089984],[136.880223,35.089739],[136.880161,35.089799],[136.880557,35.090061],[136.880252,35.0901],[136.88027,35.090179],[136.880627,35.090138],[136.880632,35.090179],[136.880883,35.091547],[136.880172,35.091633],[136.880003,35.090697],[136.879926,35.090705],[136.880107,35.091642],[136.879704,35.091686],[136.879693,35.091631],[136.879769,35.091623],[136.879705,35.091273],[136.879492,35.091303],[136.87955,35.091636],[136.879614,35.091634],[136.879631,35.091698],[136.87923,35.091749],[136.878976,35.090384],[136.878987,35.09034],[136.879433,35.090284],[136.87941,35.090198],[136.878973,35.090249],[136.878867,35.089469],[136.878815,35.089465],[136.876737,35.089714],[136.877206,35.092397],[136.877215,35.092447],[136.877711,35.092398],[136.879092,35.092261],[136.879113,35.092401],[136.87914,35.092582],[136.879151,35.092641],[136.879411,35.092608],[136.879872,35.092549],[136.880136,35.092515],[136.880343,35.092489]]]}},{"type":"Feature","properties":{"name":"南十番町","city":"名古屋市港区","code":"111","setai":163,"jinko":334,"n":5,"towns":["23111193001","23111193002","23111193003","23111193004","23111193005"],"lx":136.881874,"ly":35.117741},"geometry":{"type":"Polygon","coordinates":[[[136.88106,35.114513],[136.881061,35.114167],[136.881062,35.11389],[136.881062,35.11388],[136.881966,35.113872],[136.881985,35.113871],[136.881985,35.113868],[136.881993,35.113875],[136.881996,35.113874],[136.881957,35.113659],[136.881958,35.113659],[136.882032,35.113649],[136.882039,35.113648],[136.882077,35.113853],[136.88208,35.113872],[136.882126,35.114121],[136.882185,35.114444],[136.882187,35.114457],[136.882201,35.114532],[136.882274,35.114929],[136.882275,35.114936],[136.882165,35.114943],[136.882196,35.11511],[136.882272,35.11553],[136.882272,35.115532],[136.882348,35.115947],[136.882413,35.116303],[136.882435,35.116355],[136.882456,35.116405],[136.882524,35.116788],[136.882554,35.116955],[136.882602,35.117229],[136.882609,35.117265],[136.882695,35.117745],[136.882763,35.118127],[136.882765,35.118137],[136.882781,35.11823],[136.882791,35.118283],[136.882838,35.118538],[136.882836,35.118538],[136.882758,35.118537],[136.882268,35.118536],[136.882229,35.118549],[136.882226,35.118549],[136.88112,35.118547],[136.88107,35.118548],[136.881068,35.118128],[136.881066,35.117227],[136.881063,35.116351],[136.881062,35.115935],[136.881062,35.115533],[136.881061,35.115112],[136.88106,35.11475],[136.88106,35.114513]]]}},{"type":"Feature","properties":{"name":"南十一番町","city":"名古屋市港区","code":"111","setai":437,"jinko":1047,"n":5,"towns":["23111194001","23111194002","23111194003","23111194004","23111194005"],"lx":136.879909,"ly":35.117396},"geometry":{"type":"Polygon","coordinates":[[[136.878719,35.118554],[136.87873,35.118163],[136.878731,35.118136],[136.878735,35.117987],[136.878753,35.117382],[136.878756,35.117268],[136.878758,35.117226],[136.878757,35.117226],[136.87876,35.117141],[136.878763,35.117058],[136.878765,35.116954],[136.878767,35.116892],[136.878771,35.116733],[136.878771,35.116725],[136.878781,35.116359],[136.878804,35.115528],[136.878805,35.115516],[136.878817,35.115104],[136.878816,35.115104],[136.878829,35.11474],[136.878839,35.114509],[136.87884,35.114509],[136.878855,35.113921],[136.878856,35.113896],[136.879721,35.113889],[136.881028,35.11388],[136.881062,35.11388],[136.881062,35.11389],[136.881061,35.114167],[136.88106,35.114513],[136.88106,35.11475],[136.881061,35.115112],[136.881062,35.115533],[136.881062,35.115935],[136.881063,35.116351],[136.881066,35.117227],[136.881068,35.118128],[136.88107,35.118548],[136.879783,35.118554],[136.878719,35.118554]]]}},{"type":"Feature","properties":{"name":"名港","city":"名古屋市港区","code":"111","setai":770,"jinko":1615,"n":2,"towns":["23111195091","23111195092"],"lx":136.884047,"ly":35.095688},"geometry":{"type":"Polygon","coordinates":[[[136.882266,35.094547],[136.882472,35.094522],[136.882771,35.094489],[136.882984,35.094466],[136.883215,35.094441],[136.883518,35.094406],[136.883662,35.094387],[136.883674,35.094386],[136.883714,35.09438],[136.883905,35.094354],[136.884017,35.094339],[136.884163,35.094322],[136.884311,35.094305],[136.884523,35.09428],[136.884578,35.094272],[136.884578,35.094273],[136.884584,35.094273],[136.8847,35.094259],[136.884762,35.094252],[136.884789,35.094248],[136.884877,35.094238],[136.884969,35.094227],[136.88504,35.094219],[136.88506,35.094217],[136.885153,35.094205],[136.885156,35.094224],[136.885191,35.094428],[136.885249,35.094771],[136.88525,35.094778],[136.885275,35.094929],[136.885323,35.095213],[136.885338,35.095304],[136.885356,35.095407],[136.885387,35.095592],[136.885402,35.095683],[136.88541,35.095729],[136.885433,35.095865],[136.885456,35.096],[136.88546,35.096023],[136.885472,35.096096],[136.885475,35.096116],[136.885486,35.096175],[136.885513,35.096336],[136.885525,35.096406],[136.885556,35.096586],[136.885583,35.096749],[136.885596,35.09682],[136.885628,35.096993],[136.885639,35.097062],[136.885666,35.097235],[136.885677,35.0973],[136.885705,35.097475],[136.885718,35.097554],[136.885736,35.097665],[136.885761,35.097813],[136.885776,35.097909],[136.885788,35.097981],[136.885808,35.098109],[136.885843,35.098327],[136.885853,35.098388],[136.885856,35.098402],[136.885866,35.09846],[136.885882,35.098561],[136.885898,35.098653],[136.885919,35.098774],[136.885952,35.098959],[136.885986,35.099153],[136.886002,35.099243],[136.886028,35.099391],[136.886015,35.099393],[136.885921,35.099402],[136.885698,35.099425],[136.885553,35.09944],[136.885533,35.099442],[136.885269,35.099471],[136.885224,35.099476],[136.884885,35.099512],[136.884837,35.099518],[136.884749,35.099527],[136.884733,35.099529],[136.884641,35.099538],[136.884524,35.099551],[136.884523,35.099551],[136.884461,35.099557],[136.884347,35.099569],[136.884156,35.099589],[136.884014,35.099604],[136.883866,35.09955],[136.883744,35.099506],[136.883674,35.09948],[136.883656,35.099474],[136.883636,35.099467],[136.883402,35.099382],[136.88333,35.099356],[136.883325,35.099327],[136.883315,35.099277],[136.883313,35.099265],[136.883299,35.09919],[136.883297,35.099175],[136.88329,35.099138],[136.883271,35.099038],[136.883249,35.098916],[136.883221,35.098765],[136.883208,35.098684],[136.883206,35.098668],[136.883204,35.09865],[136.883198,35.098611],[136.883181,35.098513],[136.883164,35.098414],[136.883135,35.098247],[136.883122,35.098184],[136.883091,35.098],[136.883076,35.097922],[136.883075,35.097912],[136.883069,35.097884],[136.883063,35.097857],[136.883053,35.097802],[136.88303,35.097663],[136.883017,35.097581],[136.882996,35.097447],[136.882982,35.09738],[136.882976,35.09735],[136.882967,35.097295],[136.882934,35.097079],[136.882895,35.096816],[136.882886,35.096758],[136.882881,35.096733],[136.88288,35.096733],[136.882842,35.09652],[136.882782,35.096201],[136.882772,35.09615],[136.8827,35.095762],[136.882684,35.095677],[136.882681,35.095665],[136.882485,35.095693],[136.882481,35.09567],[136.882363,35.095051],[136.882335,35.094905],[136.882266,35.094547]]]}},{"type":"Feature","properties":{"name":"名四町","city":"名古屋市港区","code":"111","setai":253,"jinko":628,"n":1,"towns":["231111970"],"lx":136.868445,"ly":35.099708},"geometry":{"type":"Polygon","coordinates":[[[136.870983,35.098938],[136.870986,35.098908],[136.870986,35.098905],[136.870829,35.098868],[136.87083,35.098862],[136.870386,35.098766],[136.870172,35.098728],[136.869679,35.098616],[136.869436,35.098554],[136.869223,35.098463],[136.869053,35.098281],[136.868704,35.09795],[136.868552,35.097792],[136.868378,35.097611],[136.868273,35.097507],[136.867689,35.098264],[136.867277,35.098819],[136.867113,35.098896],[136.867026,35.098917],[136.866834,35.098833],[136.866703,35.098836],[136.866621,35.099283],[136.866474,35.099847],[136.86635,35.10034],[136.866193,35.100937],[136.866167,35.101081],[136.866547,35.101097],[136.867262,35.101127],[136.867477,35.101136],[136.867534,35.101138],[136.868356,35.101173],[136.869767,35.101233],[136.87061,35.101275],[136.870786,35.10128],[136.870786,35.10128],[136.870789,35.101245],[136.870797,35.101151],[136.870799,35.101126],[136.870812,35.100976],[136.870847,35.10056],[136.870879,35.100179],[136.870895,35.099981],[136.870934,35.099523],[136.870938,35.099468],[136.870941,35.099439],[136.870945,35.099389],[136.870969,35.099097],[136.870983,35.098938]]]}},{"type":"Feature","properties":{"name":"明正","city":"名古屋市港区","code":"111","setai":984,"jinko":2288,"n":2,"towns":["23111198091","23111198092"],"lx":136.844318,"ly":35.116026},"geometry":{"type":"Polygon","coordinates":[[[136.837791,35.113962],[136.838058,35.113987],[136.838479,35.114024],[136.838781,35.11405],[136.838848,35.114055],[136.839137,35.114062],[136.839704,35.114074],[136.840346,35.11407],[136.84041,35.11407],[136.842321,35.114047],[136.842343,35.114046],[136.843333,35.114033],[136.843365,35.114033],[136.843391,35.114032],[136.843921,35.114027],[136.844301,35.114023],[136.844836,35.114017],[136.844906,35.114016],[136.844906,35.114017],[136.845655,35.114007],[136.845833,35.114005],[136.846464,35.113997],[136.846571,35.113995],[136.846736,35.113995],[136.846543,35.114122],[136.846496,35.114567],[136.846438,35.115099],[136.846329,35.116069],[136.84632,35.116146],[136.846313,35.11621],[136.846238,35.116858],[136.846215,35.117046],[136.846174,35.117387],[136.846124,35.117802],[136.846103,35.117982],[136.846102,35.117982],[136.846002,35.118833],[136.845919,35.118769],[136.845638,35.118568],[136.845546,35.118462],[136.845378,35.118316],[136.845217,35.118211],[136.845093,35.118178],[136.844716,35.118136],[136.844568,35.118121],[136.844073,35.118085],[136.843883,35.118066],[136.843817,35.118036],[136.843704,35.117937],[136.843642,35.117911],[136.843319,35.117841],[136.842908,35.117826],[136.842695,35.117836],[136.842399,35.11787],[136.842167,35.117884],[136.842128,35.117883],[136.842125,35.117883],[136.841843,35.117866],[136.841458,35.117835],[136.841353,35.117811],[136.841279,35.11777],[136.84109,35.117607],[136.84085,35.117466],[136.84048,35.117274],[136.840386,35.117232],[136.84034,35.117211],[136.84022,35.117187],[136.839906,35.117185],[136.839743,35.117152],[136.839565,35.116984],[136.839419,35.116909],[136.83938,35.116899],[136.839358,35.116892],[136.839247,35.116858],[136.839134,35.116845],[136.839002,35.116851],[136.838825,35.116877],[136.838707,35.116866],[136.838585,35.116833],[136.838485,35.116806],[136.838439,35.116549],[136.838377,35.116352],[136.838315,35.116162],[136.838299,35.116014],[136.838297,35.115998],[136.838272,35.115859],[136.838232,35.115735],[136.838156,35.115339],[136.838153,35.115323],[136.83808,35.11502],[136.83799,35.11469],[136.837973,35.114628],[136.837919,35.11443],[136.837912,35.114403],[136.837791,35.113962]]]}},{"type":"Feature","properties":{"name":"本星崎町","city":"名古屋市港区","code":"111","setai":4,"jinko":4,"n":2,"towns":["23111201001","23111201002"],"lx":136.907691,"ly":35.086939},"geometry":{"type":"Polygon","coordinates":[[[136.903522,35.084608],[136.903566,35.084509],[136.903624,35.08438],[136.903683,35.084315],[136.903729,35.084264],[136.904025,35.084239],[136.904436,35.084194],[136.909792,35.083668],[136.909848,35.083662],[136.909868,35.083878],[136.909925,35.084016],[136.910081,35.084527],[136.910201,35.084827],[136.910333,35.085234],[136.910411,35.085458],[136.910562,35.085906],[136.910635,35.086127],[136.910708,35.086351],[136.910715,35.08637],[136.910801,35.086615],[136.910992,35.087176],[136.911188,35.087751],[136.911359,35.088253],[136.911515,35.088711],[136.911719,35.089308],[136.911813,35.089584],[136.912049,35.090278],[136.912063,35.090318],[136.912151,35.090576],[136.912158,35.090597],[136.911996,35.090591],[136.912043,35.090699],[136.912105,35.090837],[136.912082,35.09084],[136.910235,35.090498],[136.910175,35.090487],[136.906949,35.089903],[136.906224,35.089775],[136.904516,35.089475],[136.904476,35.089353],[136.904102,35.089201],[136.904058,35.089027],[136.90399,35.088755],[136.903905,35.088414],[136.903808,35.088029],[136.903784,35.087934],[136.903751,35.087644],[136.903741,35.087539],[136.903726,35.087382],[136.903688,35.086985],[136.903681,35.086889],[136.903655,35.086527],[136.903635,35.086239],[136.903611,35.085891],[136.903579,35.085432],[136.903557,35.08512],[136.903532,35.084751],[136.903522,35.084608]]]}},{"type":"Feature","properties":{"name":"龍宮町","city":"名古屋市港区","code":"111","setai":89,"jinko":204,"n":1,"towns":["231112020"],"lx":136.897647,"ly":35.095352},"geometry":{"type":"Polygon","coordinates":[[[136.898386,35.096875],[136.898481,35.096837],[136.898481,35.096838],[136.89858,35.096798],[136.898818,35.0967],[136.899079,35.096593],[136.89953,35.096407],[136.899794,35.096305],[136.899985,35.096241],[136.90006,35.096216],[136.900121,35.096196],[136.900457,35.096084],[136.900634,35.096034],[136.900517,35.095197],[136.9005,35.095072],[136.900485,35.094963],[136.900367,35.094958],[136.900361,35.094718],[136.900357,35.094602],[136.900357,35.094599],[136.900357,35.094597],[136.900357,35.094595],[136.900354,35.094546],[136.90035,35.094489],[136.900346,35.094416],[136.900341,35.094346],[136.900338,35.094277],[136.90033,35.094135],[136.899719,35.094027],[136.898723,35.093842],[136.898697,35.093549],[136.898587,35.093527],[136.898477,35.093493],[136.89849,35.093797],[136.894501,35.093038],[136.896352,35.096508],[136.896363,35.096503],[136.896561,35.096842],[136.896562,35.096842],[136.896845,35.09733],[136.896904,35.097432],[136.896904,35.097432],[136.897028,35.097386],[136.897032,35.097385],[136.897507,35.09721],[136.89765,35.097156],[136.897937,35.097048],[136.898386,35.096875]]]}},{"type":"Feature","properties":{"name":"西福田","city":"名古屋市港区","code":"111","setai":389,"jinko":1192,"n":5,"towns":["23111203091","23111203092","23111203093","23111203094","23111203095"],"lx":136.805959,"ly":35.115185},"geometry":{"type":"Polygon","coordinates":[[[136.801375,35.112094],[136.801749,35.112044],[136.801752,35.112044],[136.802068,35.112005],[136.802634,35.111973],[136.802841,35.111974],[136.803096,35.111995],[136.803403,35.11201],[136.803948,35.112044],[136.80447,35.11209],[136.804746,35.112102],[136.804971,35.112116],[136.805298,35.112138],[136.805339,35.11214],[136.805555,35.112145],[136.80557,35.112148],[136.805587,35.112151],[136.805601,35.112154],[136.805628,35.112159],[136.805641,35.112161],[136.805641,35.112163],[136.806432,35.112178],[136.806764,35.112184],[136.808209,35.112049],[136.809985,35.111882],[136.810732,35.111812],[136.810744,35.111815],[136.810836,35.111803],[136.81088,35.112074],[136.810483,35.112161],[136.810411,35.112247],[136.810079,35.112268],[136.810012,35.11271],[136.809996,35.112769],[136.809905,35.113112],[136.809868,35.113246],[136.809862,35.113265],[136.80985,35.113309],[136.809837,35.113357],[136.809685,35.113605],[136.809531,35.113867],[136.809357,35.114147],[136.809145,35.114548],[136.809071,35.114812],[136.809003,35.115229],[136.808962,35.115445],[136.808998,35.115878],[136.809032,35.116368],[136.809042,35.116417],[136.809104,35.116646],[136.80926,35.117054],[136.809362,35.117342],[136.809405,35.117573],[136.809421,35.117707],[136.809492,35.117894],[136.809598,35.118094],[136.809737,35.118339],[136.809855,35.118595],[136.809998,35.118885],[136.810173,35.119079],[136.810594,35.119457],[136.810745,35.119591],[136.811092,35.119823],[136.811343,35.120006],[136.81153,35.120216],[136.811842,35.120463],[136.811843,35.120463],[136.81186,35.120498],[136.811854,35.120517],[136.812017,35.120707],[136.812263,35.120921],[136.812571,35.121266],[136.81297,35.121786],[136.813155,35.122034],[136.813374,35.122197],[136.813711,35.12245],[136.813959,35.122616],[136.814411,35.12289],[136.814506,35.122941],[136.814551,35.122954],[136.814691,35.122964],[136.814745,35.122969],[136.814852,35.123012],[136.815,35.123091],[136.8151,35.123154],[136.815163,35.123216],[136.81536,35.123305],[136.815375,35.123308],[136.81539,35.123315],[136.815687,35.123474],[136.815926,35.12361],[136.81616,35.123734],[136.816304,35.123829],[136.816417,35.123972],[136.816493,35.124065],[136.816611,35.124248],[136.816665,35.124333],[136.816729,35.12444],[136.816755,35.1245],[136.816764,35.124647],[136.816751,35.124746],[136.816727,35.124806],[136.816676,35.124901],[136.81664,35.124958],[136.81659,35.125032],[136.816551,35.125071],[136.816434,35.125155],[136.816347,35.125197],[136.816203,35.125248],[136.81598,35.125288],[136.815699,35.125301],[136.81556,35.125299],[136.815471,35.125271],[136.815124,35.125111],[136.815045,35.125063],[136.81505,35.125062],[136.815051,35.125062],[136.815026,35.125046],[136.815025,35.125045],[136.814984,35.124889],[136.814743,35.123987],[136.814668,35.123585],[136.814647,35.123556],[136.814519,35.12338],[136.81352,35.123103],[136.812881,35.122934],[136.812819,35.122973],[136.812805,35.123138],[136.81189,35.123092],[136.81189,35.123088],[136.811928,35.122628],[136.811933,35.122551],[136.811896,35.122527],[136.81131,35.122405],[136.811144,35.122314],[136.811132,35.122307],[136.811085,35.122309],[136.810797,35.122339],[136.810779,35.122341],[136.810655,35.122369],[136.810356,35.122518],[136.810314,35.122547],[136.810309,35.122554],[136.81026,35.122583],[136.810223,35.122608],[136.810194,35.122623],[136.810193,35.122624],[136.810182,35.12263],[136.810172,35.122635],[136.81006,35.122695],[136.810038,35.122704],[136.810015,35.122716],[136.809972,35.122731],[136.809913,35.122752],[136.809856,35.122762],[136.809801,35.122761],[136.809772,35.122761],[136.809732,35.122752],[136.809473,35.122716],[136.809424,35.122535],[136.809385,35.122392],[136.809372,35.122346],[136.809361,35.122306],[136.80936,35.1223],[136.809358,35.122293],[136.809344,35.122231],[136.809339,35.122025],[136.809342,35.121834],[136.809369,35.12123],[136.808945,35.121016],[136.808596,35.121008],[136.807335,35.121007],[136.806737,35.121007],[136.806103,35.121006],[136.806002,35.121006],[136.806,35.120987],[136.806004,35.12072],[136.806006,35.12059],[136.805966,35.120588],[136.805895,35.120587],[136.804966,35.120586],[136.804043,35.120586],[136.804042,35.121159],[136.804288,35.121126],[136.804288,35.121155],[136.804287,35.121931],[136.803647,35.121936],[136.803572,35.121936],[136.803572,35.121939],[136.803497,35.121937],[136.80353,35.122113],[136.803538,35.122156],[136.803542,35.122225],[136.803543,35.122243],[136.803506,35.122226],[136.803216,35.122088],[136.803009,35.12199],[136.802905,35.121993],[136.802777,35.122023],[136.802636,35.12186],[136.80237,35.122088],[136.802371,35.121833],[136.802401,35.121362],[136.802422,35.120945],[136.802426,35.12086],[136.802464,35.120153],[136.80248,35.119879],[136.802518,35.119289],[136.802543,35.118889],[136.80269,35.118209],[136.803339,35.118323],[136.803387,35.11833],[136.803417,35.117878],[136.803438,35.117515],[136.803455,35.116937],[136.803381,35.116772],[136.80322,35.116448],[136.803164,35.116357],[136.803041,35.116198],[136.802685,35.115756],[136.802547,35.115517],[136.802198,35.114766],[136.801831,35.114647],[136.801582,35.114548],[136.801579,35.11433],[136.801578,35.11427],[136.801545,35.113431],[136.801484,35.11288],[136.801375,35.112094]]]}},{"type":"Feature","properties":{"name":"熱田新田東組字十番割","city":"名古屋市港区","code":"111","setai":0,"jinko":0,"n":1,"towns":["23111204002"],"lx":136.88237,"ly":35.115551},"geometry":{"type":"Polygon","coordinates":[[[136.882834,35.117577],[136.882793,35.117351],[136.882771,35.11723],[136.882771,35.117229],[136.882738,35.117053],[136.882611,35.116356],[136.882546,35.115999],[136.882537,35.115948],[136.882461,35.115531],[136.882384,35.11511],[136.88232,35.114744],[136.882279,35.114513],[136.882268,35.11445],[136.882268,35.114448],[136.882237,35.114271],[136.882237,35.114274],[136.882237,35.114285],[136.882238,35.114349],[136.882239,35.114392],[136.88224,35.114459],[136.882241,35.114491],[136.882241,35.11454],[136.882242,35.114584],[136.882243,35.114594],[136.882247,35.11464],[136.882253,35.114698],[136.882256,35.114738],[136.88226,35.114777],[136.882262,35.114802],[136.882269,35.11488],[136.882273,35.114919],[136.882274,35.114929],[136.882275,35.114936],[136.882279,35.11511],[136.88228,35.11511],[136.882281,35.115182],[136.882282,35.115257],[136.882279,35.115351],[136.882275,35.115463],[136.882273,35.115532],[136.882272,35.115532],[136.882348,35.115947],[136.882413,35.116303],[136.882435,35.116355],[136.882456,35.116405],[136.882524,35.116788],[136.882554,35.116955],[136.882602,35.117229],[136.882609,35.117265],[136.882695,35.117745],[136.882763,35.118127],[136.882765,35.118137],[136.882781,35.11823],[136.882791,35.118283],[136.882791,35.118283],[136.882838,35.118538],[136.88302,35.118538],[136.88302,35.118538],[136.88297,35.118284],[136.882908,35.117962],[136.882855,35.117692],[136.882834,35.117577]]]}},{"type":"Feature","properties":{"name":"熱田新田東組字十一番割","city":"名古屋市港区","code":"111","setai":0,"jinko":0,"n":2,"towns":["23111204003","23111204003"],"lx":136.882011,"ly":35.113585},"geometry":{"type":"MultiPolygon","coordinates":[[[[136.881932,35.113521],[136.881979,35.11352],[136.882015,35.113519],[136.882019,35.113519],[136.882104,35.113517],[136.882166,35.113869],[136.882218,35.114162],[136.882237,35.114271],[136.882237,35.114285],[136.882238,35.114349],[136.882239,35.114392],[136.88224,35.114459],[136.882241,35.114491],[136.882241,35.11454],[136.882242,35.114584],[136.882243,35.114594],[136.882247,35.11464],[136.882253,35.114698],[136.882256,35.114738],[136.88226,35.114777],[136.882262,35.114802],[136.882269,35.11488],[136.882273,35.114919],[136.882274,35.114929],[136.882201,35.114532],[136.882187,35.114457],[136.882185,35.114444],[136.882126,35.114121],[136.88208,35.113872],[136.882077,35.113853],[136.882039,35.113648],[136.882032,35.113649],[136.881958,35.113659],[136.881957,35.113659],[136.881932,35.113521]]],[[[136.882165,35.114943],[136.882275,35.114936],[136.882279,35.11511],[136.88228,35.11511],[136.882281,35.115182],[136.882282,35.115257],[136.882279,35.115351],[136.882275,35.115463],[136.882273,35.115532],[136.882272,35.115532],[136.882272,35.11553],[136.882196,35.11511],[136.882165,35.114943]]]]}},{"type":"Feature","properties":{"name":"南陽町大字七島新田","city":"名古屋市港区","code":"111","setai":0,"jinko":0,"n":1,"towns":["231112050"],"lx":136.836971,"ly":35.100917},"geometry":{"type":"Polygon","coordinates":[[[136.834742,35.110677],[136.834771,35.110563],[136.834834,35.110031],[136.835641,35.110043],[136.835861,35.110052],[136.836387,35.110089],[136.836394,35.109988],[136.83642,35.109749],[136.836466,35.109319],[136.836497,35.109024],[136.83653,35.108825],[136.836567,35.108606],[136.836607,35.108366],[136.836646,35.108129],[136.836684,35.107901],[136.83678,35.107341],[136.836865,35.106864],[136.837008,35.106141],[136.83709,35.10573],[136.837274,35.104811],[136.837346,35.104459],[136.837587,35.103527],[136.837837,35.102592],[136.838092,35.101737],[136.838283,35.101093],[136.838425,35.100616],[136.838624,35.099949],[136.838721,35.099623],[136.838463,35.099619],[136.838463,35.09962],[136.838217,35.099618],[136.837985,35.099616],[136.838052,35.099277],[136.838143,35.098816],[136.838229,35.098376],[136.838309,35.097993],[136.838471,35.097254],[136.838561,35.096848],[136.838585,35.096754],[136.838734,35.096255],[136.838891,35.09573],[136.838987,35.095411],[136.839163,35.094822],[136.83929,35.094397],[136.839409,35.093999],[136.83953,35.093594],[136.839646,35.093209],[136.839706,35.093006],[136.839857,35.092537],[136.839981,35.092173],[136.840165,35.091632],[136.840322,35.091171],[136.840375,35.091015],[136.840564,35.09046],[136.840663,35.090171],[136.840728,35.089952],[136.840822,35.089622],[136.840891,35.089383],[136.841023,35.088921],[136.841059,35.088796],[136.841184,35.08841],[136.841301,35.088048],[136.84137,35.087837],[136.84148,35.087434],[136.841576,35.087077],[136.841729,35.086502],[136.841935,35.085734],[136.84208,35.085189],[136.842191,35.084775],[136.842203,35.084731],[136.842246,35.08457],[136.842331,35.084252],[136.842331,35.08425],[136.842381,35.084063],[136.842437,35.083855],[136.842543,35.083458],[136.842544,35.083453],[136.842586,35.083295],[136.842625,35.083081],[136.842642,35.082986],[136.842689,35.082722],[136.842712,35.082594],[136.842846,35.081852],[136.842941,35.081315],[136.843003,35.080897],[136.843089,35.080316],[136.843199,35.079572],[136.843215,35.079486],[136.843223,35.079395],[136.842981,35.079502],[136.842847,35.079658],[136.842731,35.079866],[136.842643,35.080099],[136.842547,35.080468],[136.84237,35.081243],[136.841955,35.08265],[136.841569,35.083938],[136.841569,35.083938],[136.841387,35.084546],[136.841116,35.085449],[136.841093,35.085527],[136.840952,35.085995],[136.840716,35.086785],[136.840555,35.087319],[136.840342,35.088028],[136.840186,35.088542],[136.840052,35.088981],[136.839955,35.089303],[136.839847,35.089658],[136.839718,35.090084],[136.839903,35.090088],[136.839904,35.090088],[136.839904,35.090088],[136.840151,35.090095],[136.840055,35.090397],[136.83994,35.090758],[136.839807,35.091147],[136.839663,35.091553],[136.839554,35.091858],[136.839483,35.092059],[136.839365,35.092393],[136.839306,35.092558],[136.839241,35.092741],[136.839174,35.09293],[136.839082,35.093188],[136.83898,35.093476],[136.838853,35.093833],[136.838803,35.093975],[136.838708,35.094242],[136.838615,35.094503],[136.838485,35.09487],[136.838402,35.095101],[136.838335,35.095287],[136.838264,35.095485],[136.838203,35.095657],[136.838136,35.095843],[136.838101,35.095941],[136.838003,35.096271],[136.837937,35.096494],[136.837921,35.096565],[136.837868,35.096803],[136.837844,35.096933],[136.837806,35.097142],[136.83774,35.097506],[136.837655,35.097974],[136.837609,35.098229],[136.837552,35.098529],[136.83749,35.098858],[136.837426,35.099197],[136.837372,35.099485],[136.837348,35.099612],[136.836804,35.099609],[136.836326,35.099609],[136.835945,35.099609],[136.835911,35.099609],[136.835907,35.099624],[136.83583,35.099601],[136.835764,35.099941],[136.835725,35.100385],[136.835688,35.100669],[136.835614,35.100968],[136.835486,35.101798],[136.835451,35.102003],[136.835419,35.10213],[136.835327,35.102495],[136.835265,35.102891],[136.83525,35.10313],[136.835133,35.103854],[136.835119,35.104155],[136.835071,35.104713],[136.835028,35.104929],[136.834962,35.105649],[136.834936,35.105819],[136.834939,35.105904],[136.834909,35.106221],[136.834873,35.106429],[136.834868,35.106551],[136.834819,35.106739],[136.834809,35.106931],[136.834795,35.106931],[136.834786,35.107],[136.834738,35.107351],[136.834725,35.107441],[136.834701,35.107596],[136.834667,35.107816],[136.834636,35.10799],[136.834616,35.108099],[136.834562,35.10837],[136.834523,35.108562],[136.834479,35.108782],[136.834454,35.108907],[136.834404,35.109153],[136.834347,35.109435],[136.834304,35.109632],[136.83425,35.109874],[136.83425,35.109874],[136.83421,35.110054],[136.834166,35.110262],[136.834117,35.110493],[136.834079,35.110674],[136.834078,35.11068],[136.834077,35.110682],[136.834077,35.110682],[136.834121,35.110682],[136.834121,35.110682],[136.834149,35.110682],[136.834151,35.110682],[136.834158,35.110682],[136.834357,35.11068],[136.834727,35.110677],[136.834742,35.110677]]]}},{"type":"Feature","properties":{"name":"南陽町大字福田前新田字いの割","city":"名古屋市港区","code":"111","setai":0,"jinko":0,"n":2,"towns":["23111206001","23111206001"],"lx":136.799098,"ly":35.110716},"geometry":{"type":"MultiPolygon","coordinates":[[[[136.792259,35.112659],[136.792267,35.112634],[136.792457,35.112105],[136.792589,35.111747],[136.792709,35.111458],[136.792851,35.111144],[136.792918,35.110996],[136.793147,35.110992],[136.793099,35.111081],[136.792998,35.11129],[136.792924,35.111488],[136.792878,35.111616],[136.792795,35.111847],[136.792742,35.112001],[136.792716,35.112078],[136.792625,35.112151],[136.792567,35.112228],[136.792529,35.112318],[136.792518,35.112376],[136.792523,35.112437],[136.792544,35.112506],[136.792566,35.112566],[136.792259,35.112659]]],[[[136.798893,35.110554],[136.79902,35.110545],[136.799243,35.110529],[136.799264,35.110657],[136.79934,35.111129],[136.799426,35.111629],[136.799433,35.111664],[136.799561,35.112319],[136.799561,35.112329],[136.799461,35.11234],[136.799376,35.112344],[136.799218,35.11236],[136.79909,35.111628],[136.798966,35.110965],[136.798957,35.110913],[136.798893,35.110554]]]]}},{"type":"Feature","properties":{"name":"南陽町大字福田前新田字ろの割","city":"名古屋市港区","code":"111","setai":0,"jinko":0,"n":2,"towns":["23111206002","23111206002"],"lx":136.793291,"ly":35.110508},"geometry":{"type":"MultiPolygon","coordinates":[[[[136.792918,35.110996],[136.793053,35.110694],[136.793064,35.110697],[136.793145,35.1105],[136.793184,35.110434],[136.793258,35.110345],[136.793371,35.110247],[136.793461,35.110159],[136.793624,35.109999],[136.793709,35.109916],[136.793888,35.110042],[136.793831,35.110096],[136.793696,35.110222],[136.793659,35.110262],[136.793615,35.110312],[136.793449,35.110507],[136.793392,35.110588],[136.79328,35.110767],[136.79316,35.110966],[136.793147,35.110992],[136.792918,35.110996]]],[[[136.79886,35.110368],[136.799012,35.11036],[136.799214,35.11035],[136.799243,35.110529],[136.79902,35.110545],[136.798893,35.110554],[136.79886,35.110368]]]]}},{"type":"Feature","properties":{"name":"南陽町大字福田前新田字はの割","city":"名古屋市港区","code":"111","setai":0,"jinko":0,"n":1,"towns":["23111206003"],"lx":136.799006,"ly":35.110179},"geometry":{"type":"Polygon","coordinates":[[[136.799214,35.11035],[136.799207,35.110303],[136.799192,35.110213],[136.799142,35.10996],[136.799132,35.109912],[136.799043,35.10946],[136.798986,35.109186],[136.798955,35.109041],[136.7989,35.108785],[136.798866,35.10855],[136.798661,35.108569],[136.79855,35.10858],[136.798549,35.10858],[136.798586,35.108792],[136.798706,35.109492],[136.798825,35.110171],[136.79886,35.110368],[136.799012,35.11036],[136.799214,35.11035]]]}},{"type":"Feature","properties":{"name":"南陽町大字福田前新田字にの割","city":"名古屋市港区","code":"111","setai":0,"jinko":0,"n":1,"towns":["23111206004"],"lx":136.798615,"ly":35.107966},"geometry":{"type":"Polygon","coordinates":[[[136.798866,35.10855],[136.798789,35.108007],[136.798709,35.107479],[136.798643,35.107162],[136.798381,35.107185],[136.798295,35.107192],[136.79829,35.107192],[136.798344,35.10734],[136.79842,35.107597],[136.798448,35.107978],[136.798529,35.108464],[136.798549,35.10858],[136.79855,35.10858],[136.798661,35.108569],[136.798866,35.10855]]]}},{"type":"Feature","properties":{"name":"南陽町大字福田前新田字ほの割","city":"名古屋市港区","code":"111","setai":0,"jinko":0,"n":1,"towns":["23111206005"],"lx":136.797976,"ly":35.106316},"geometry":{"type":"Polygon","coordinates":[[[136.798381,35.107185],[136.798643,35.107162],[136.798633,35.107119],[136.798526,35.106792],[136.798447,35.106654],[136.798339,35.106458],[136.798259,35.106163],[136.798181,35.105971],[136.79777,35.106029],[136.797698,35.106041],[136.797609,35.106072],[136.797512,35.106116],[136.797318,35.106169],[136.797251,35.106188],[136.797164,35.106191],[136.796815,35.106208],[136.796722,35.106215],[136.796624,35.106254],[136.796582,35.106289],[136.796505,35.106351],[136.79649,35.106378],[136.796387,35.106558],[136.796223,35.106847],[136.796497,35.106937],[136.796506,35.106938],[136.796581,35.106782],[136.796685,35.106606],[136.796783,35.106477],[136.796945,35.106405],[136.797086,35.106401],[136.797366,35.106415],[136.79747,35.106459],[136.797515,35.106521],[136.797731,35.106563],[136.797872,35.106611],[136.797994,35.106723],[136.798219,35.106997],[136.79829,35.107192],[136.798295,35.107192],[136.798381,35.107185]]]}},{"type":"Feature","properties":{"name":"南陽町大字福田前新田字への割","city":"名古屋市港区","code":"111","setai":0,"jinko":0,"n":1,"towns":["23111206006"],"lx":136.797196,"ly":35.105566},"geometry":{"type":"Polygon","coordinates":[[[136.792259,35.112659],[136.792267,35.112634],[136.792457,35.112105],[136.792589,35.111747],[136.792709,35.111458],[136.792851,35.111144],[136.792918,35.110996],[136.793053,35.110694],[136.793064,35.110697],[136.793145,35.1105],[136.793184,35.110434],[136.793258,35.110345],[136.793371,35.110247],[136.793461,35.110159],[136.793624,35.109999],[136.793709,35.109916],[136.793888,35.110042],[136.794004,35.109935],[136.794073,35.109867],[136.794129,35.109818],[136.794307,35.109697],[136.794512,35.109566],[136.794668,35.109474],[136.794937,35.109315],[136.795179,35.109173],[136.795364,35.109062],[136.79547,35.10899],[136.795713,35.108771],[136.795829,35.108599],[136.795959,35.108294],[136.796117,35.107837],[136.796383,35.107192],[136.796506,35.106938],[136.796497,35.106937],[136.796223,35.106847],[136.796387,35.106558],[136.79649,35.106378],[136.796505,35.106351],[136.796582,35.106289],[136.796624,35.106254],[136.796722,35.106215],[136.796815,35.106208],[136.797164,35.106191],[136.797251,35.106188],[136.797318,35.106169],[136.797512,35.106116],[136.797609,35.106072],[136.797698,35.106041],[136.79777,35.106029],[136.798181,35.105971],[136.79807,35.105703],[136.797676,35.105183],[136.797382,35.104795],[136.797367,35.104776],[136.797217,35.104581],[136.796456,35.105496],[136.796351,35.105638],[136.79615,35.10598],[136.796062,35.106218],[136.795966,35.106448],[136.795716,35.10709],[136.795556,35.107447],[136.795433,35.107735],[136.79527,35.108167],[136.795208,35.108292],[136.795122,35.108408],[136.794933,35.108597],[136.794526,35.108857],[136.794254,35.108983],[136.794229,35.10897],[136.794108,35.109095],[136.793695,35.109355],[136.793565,35.109458],[136.793438,35.109597],[136.793292,35.109738],[136.793007,35.110092],[136.792926,35.110214],[136.792863,35.110333],[136.792665,35.110577],[136.792623,35.11066],[136.792506,35.111004],[136.792312,35.111549],[136.79207,35.112212],[136.791945,35.112504],[136.791812,35.112794],[136.792259,35.112659]]]}},{"type":"Feature","properties":{"name":"南陽町大字福田字大儘","city":"名古屋市港区","code":"111","setai":3,"jinko":9,"n":1,"towns":["23111207001"],"lx":136.816375,"ly":35.126415},"geometry":{"type":"Polygon","coordinates":[[[136.81699,35.126981],[136.816991,35.12698],[136.817036,35.126946],[136.81711,35.12689],[136.817279,35.126847],[136.817438,35.126806],[136.817499,35.126791],[136.817553,35.126764],[136.81756,35.126759],[136.817562,35.126757],[136.817563,35.126756],[136.817568,35.126751],[136.817571,35.126748],[136.817574,35.126745],[136.817577,35.126743],[136.81758,35.12674],[136.817584,35.126736],[136.817586,35.126734],[136.817593,35.126728],[136.817595,35.126725],[136.817603,35.126718],[136.817617,35.126706],[136.817621,35.126702],[136.817625,35.126698],[136.817626,35.126698],[136.817628,35.126695],[136.817632,35.126692],[136.817634,35.12669],[136.817636,35.126688],[136.817637,35.126688],[136.817652,35.126674],[136.817668,35.126659],[136.817674,35.126654],[136.817675,35.126653],[136.817681,35.126647],[136.817711,35.126621],[136.817765,35.126585],[136.817816,35.126559],[136.817917,35.126509],[136.81807,35.126256],[136.81807,35.126252],[136.817823,35.126007],[136.817803,35.125966],[136.817827,35.12568],[136.817858,35.125304],[136.817511,35.125118],[136.817513,35.125108],[136.81727,35.125054],[136.817269,35.125054],[136.817011,35.125378],[136.816811,35.125514],[136.816463,35.125611],[136.816079,35.125669],[136.815638,35.125621],[136.81518,35.125557],[136.815178,35.125557],[136.815178,35.125558],[136.815344,35.125915],[136.815404,35.126199],[136.81542,35.126423],[136.81542,35.12646],[136.815421,35.126542],[136.815431,35.126653],[136.815444,35.12679],[136.815462,35.126974],[136.815477,35.12699],[136.81563,35.126994],[136.815707,35.127008],[136.815831,35.12703],[136.815945,35.127069],[136.816151,35.127188],[136.816233,35.127218],[136.816235,35.127219],[136.816336,35.127236],[136.81637,35.127242],[136.816386,35.127244],[136.816525,35.127201],[136.816576,35.127179],[136.816808,35.12708],[136.816928,35.127029],[136.81699,35.126981]]]}},{"type":"Feature","properties":{"name":"南陽町大字福田字西蟹田","city":"名古屋市港区","code":"111","setai":0,"jinko":0,"n":1,"towns":["23111207002"],"lx":136.816501,"ly":35.12328},"geometry":{"type":"Polygon","coordinates":[[[136.818337,35.12556],[136.818355,35.125546],[136.81839,35.125547],[136.8185,35.125458],[136.8181,35.125378],[136.818074,35.125372],[136.817888,35.125266],[136.817882,35.125263],[136.817655,35.125154],[136.817653,35.125093],[136.817654,35.125089],[136.817654,35.125048],[136.817656,35.124703],[136.817624,35.124107],[136.817557,35.123945],[136.817421,35.123789],[136.817169,35.123532],[136.816927,35.123297],[136.816647,35.12308],[136.816528,35.122996],[136.816373,35.122935],[136.816346,35.122924],[136.816007,35.122781],[136.815984,35.122771],[136.815911,35.122748],[136.815659,35.122667],[136.815268,35.122545],[136.814799,35.122344],[136.814595,35.122222],[136.814483,35.122141],[136.814196,35.121964],[136.813876,35.121798],[136.813655,35.121665],[136.813473,35.121473],[136.813266,35.121196],[136.812983,35.120838],[136.812788,35.120583],[136.812675,35.120439],[136.812513,35.120372],[136.812401,35.120324],[136.812301,35.120365],[136.812229,35.120395],[136.812209,35.120401],[136.812185,35.120406],[136.81216,35.120411],[136.812117,35.120417],[136.812135,35.120434],[136.812754,35.12104],[136.813694,35.12196],[136.814054,35.122312],[136.814613,35.12256],[136.815119,35.122784],[136.815307,35.122867],[136.815872,35.123119],[136.816468,35.123565],[136.816978,35.123968],[136.817177,35.124204],[136.81727,35.124372],[136.817322,35.124949],[136.817324,35.124985],[136.817303,35.125011],[136.817269,35.125054],[136.81727,35.125054],[136.817513,35.125108],[136.817511,35.125118],[136.817858,35.125304],[136.817827,35.12568],[136.817803,35.125966],[136.817823,35.126007],[136.817834,35.125974],[136.818072,35.125775],[136.818337,35.12556]]]}},{"type":"Feature","properties":{"name":"南陽町大字福田字春田野","city":"名古屋市港区","code":"111","setai":0,"jinko":0,"n":1,"towns":["23111207003"],"lx":136.809977,"ly":35.1149},"geometry":{"type":"Polygon","coordinates":[[[136.811651,35.112071],[136.811665,35.112014],[136.811657,35.112007],[136.811597,35.111988],[136.811429,35.111949],[136.811301,35.111897],[136.811128,35.111862],[136.811074,35.111773],[136.810957,35.111788],[136.811017,35.112109],[136.810884,35.112404],[136.810522,35.113213],[136.810484,35.113297],[136.810067,35.114123],[136.809706,35.114672],[136.809644,35.114843],[136.809655,35.115753],[136.809721,35.116369],[136.809772,35.116845],[136.809879,35.117498],[136.809982,35.117745],[136.810158,35.118163],[136.810365,35.118492],[136.810876,35.119183],[136.811425,35.119739],[136.812096,35.120396],[136.812096,35.120396],[136.812117,35.120417],[136.81216,35.120411],[136.812185,35.120406],[136.812209,35.120401],[136.812229,35.120395],[136.812301,35.120365],[136.812401,35.120324],[136.812362,35.120276],[136.812359,35.120277],[136.812119,35.119965],[136.812009,35.119813],[136.81197,35.119743],[136.81185,35.119593],[136.811735,35.11945],[136.811654,35.119346],[136.811568,35.119241],[136.811466,35.119131],[136.811414,35.119091],[136.811316,35.119034],[136.811162,35.118953],[136.811002,35.118866],[136.810913,35.1188],[136.810818,35.118711],[136.810733,35.11861],[136.810665,35.11849],[136.810607,35.11839],[136.810545,35.118346],[136.810496,35.118301],[136.810467,35.118257],[136.810371,35.118072],[136.810217,35.117784],[136.810152,35.117623],[136.810115,35.117454],[136.81006,35.117195],[136.810036,35.117067],[136.810051,35.116942],[136.810091,35.116802],[136.810137,35.116607],[136.810169,35.11636],[136.81017,35.116337],[136.810179,35.116171],[136.810173,35.115853],[136.810174,35.115733],[136.810185,35.115656],[136.810257,35.115227],[136.810346,35.11473],[136.8104,35.114405],[136.810491,35.114131],[136.810613,35.113908],[136.81076,35.113666],[136.810849,35.113535],[136.810943,35.113462],[136.810987,35.113395],[136.811102,35.113169],[136.811108,35.113157],[136.811159,35.113011],[136.811238,35.112776],[136.811328,35.112493],[136.811358,35.112443],[136.811437,35.112338],[136.811527,35.112206],[136.811635,35.112091],[136.811651,35.112071]]]}},{"type":"Feature","properties":{"name":"南陽町大字福田字七春","city":"名古屋市港区","code":"111","setai":0,"jinko":0,"n":1,"towns":["23111207004"],"lx":136.816672,"ly":35.110369},"geometry":{"type":"Polygon","coordinates":[[[136.81716,35.110403],[136.817262,35.1104],[136.817361,35.110401],[136.817358,35.110374],[136.817356,35.110356],[136.817356,35.110345],[136.817354,35.110323],[136.817259,35.110324],[136.817256,35.110322],[136.817256,35.110324],[136.817153,35.110324],[136.817059,35.110325],[136.816646,35.110327],[136.816587,35.110327],[136.816588,35.11035],[136.81659,35.110387],[136.816592,35.11041],[136.816634,35.110412],[136.816635,35.110412],[136.816635,35.110412],[136.81716,35.110403]]]}},{"type":"Feature","properties":{"name":"南陽町大字福田字船頭場","city":"名古屋市港区","code":"111","setai":0,"jinko":0,"n":1,"towns":["23111207005"],"lx":136.833536,"ly":35.116963},"geometry":{"type":"Polygon","coordinates":[[[136.830624,35.12066],[136.831014,35.120367],[136.831778,35.119792],[136.831785,35.119787],[136.83217,35.119497],[136.832344,35.119366],[136.832537,35.11922],[136.832756,35.119056],[136.832769,35.119046],[136.833093,35.118803],[136.833123,35.118776],[136.833233,35.118675],[136.833307,35.118581],[136.833551,35.118259],[136.833782,35.117922],[136.833827,35.117833],[136.833854,35.117779],[136.833894,35.117633],[136.833965,35.117376],[136.834052,35.117086],[136.834076,35.116954],[136.834086,35.116879],[136.834133,35.116537],[136.834154,35.11638],[136.83417,35.116248],[136.834207,35.115929],[136.834203,35.115751],[136.834205,35.115729],[136.83337,35.11567],[136.833278,35.115574],[136.833206,35.115943],[136.833124,35.116359],[136.833072,35.1166],[136.833064,35.116635],[136.83301,35.116888],[136.832995,35.11696],[136.832945,35.117202],[136.832888,35.117474],[136.832876,35.11753],[136.832828,35.117756],[136.832793,35.117919],[136.832766,35.118023],[136.832746,35.118101],[136.832744,35.118112],[136.832603,35.118408],[136.832583,35.118447],[136.832472,35.118591],[136.832384,35.118678],[136.832332,35.118721],[136.832009,35.118927],[136.831565,35.119201],[136.831366,35.119321],[136.831324,35.119355],[136.831272,35.119396],[136.830565,35.119925],[136.830352,35.120094],[136.8302,35.120203],[136.830197,35.120205],[136.83003,35.120319],[136.829906,35.120413],[136.829832,35.120467],[136.830352,35.120805],[136.830347,35.120808],[136.83039,35.120836],[136.830624,35.12066]]]}},{"type":"Feature","properties":{"name":"南陽町大字福田字小賀須","city":"名古屋市港区","code":"111","setai":0,"jinko":0,"n":1,"towns":["23111207006"],"lx":136.833797,"ly":35.115251},"geometry":{"type":"Polygon","coordinates":[[[136.834217,35.115571],[136.834301,35.114656],[136.834419,35.113647],[136.834428,35.113527],[136.834503,35.112835],[136.834559,35.112422],[136.834586,35.112077],[136.834664,35.111335],[136.834703,35.11083],[136.834742,35.110677],[136.834727,35.110677],[136.834357,35.11068],[136.834158,35.110682],[136.834151,35.110682],[136.834149,35.110682],[136.834121,35.110682],[136.834121,35.110682],[136.834077,35.110682],[136.83407,35.110682],[136.833758,35.110685],[136.833778,35.110699],[136.833815,35.110738],[136.83384,35.110776],[136.833859,35.110825],[136.833866,35.110851],[136.833879,35.110901],[136.833885,35.111029],[136.833871,35.111216],[136.833837,35.111519],[136.833795,35.111872],[136.833764,35.112144],[136.833755,35.112232],[136.83371,35.112694],[136.833686,35.112925],[136.833646,35.113321],[136.833628,35.113477],[136.833619,35.113553],[136.833608,35.113646],[136.83356,35.113992],[136.833526,35.11423],[136.833502,35.114388],[136.833488,35.114459],[136.83346,35.114606],[136.833425,35.11482],[136.833382,35.115038],[136.833335,35.115281],[136.833279,35.115567],[136.833278,35.115574],[136.83337,35.11567],[136.834205,35.115729],[136.834217,35.115571]]]}},{"type":"Feature","properties":{"name":"協和","city":"名古屋市港区","code":"111","setai":47,"jinko":106,"n":2,"towns":["23111208091","23111208092"],"lx":136.797257,"ly":35.117359},"geometry":{"type":"Polygon","coordinates":[[[136.794612,35.12192],[136.795568,35.121907],[136.795557,35.121374],[136.795548,35.120909],[136.79554,35.120457],[136.795527,35.119893],[136.795521,35.119606],[136.795512,35.119315],[136.795508,35.11896],[136.795501,35.118558],[136.795493,35.118219],[136.795488,35.11803],[136.795482,35.117778],[136.795481,35.117723],[136.795465,35.11691],[136.79544,35.115601],[136.797308,35.115575],[136.799092,35.115554],[136.799369,35.115548],[136.799334,35.115777],[136.799268,35.116108],[136.799195,35.11652],[136.799129,35.116936],[136.799075,35.117302],[136.799012,35.117678],[136.799004,35.117725],[136.798965,35.117944],[136.798899,35.118332],[136.798854,35.118616],[136.798811,35.11888],[136.798792,35.119014],[136.798779,35.119148],[136.798771,35.119325],[136.798769,35.119498],[136.798775,35.119688],[136.798792,35.119816],[136.798798,35.119856],[136.798857,35.120237],[136.798917,35.120619],[136.798951,35.120848],[136.799021,35.121324],[136.799063,35.121598],[136.799137,35.122077],[136.799147,35.122155],[136.798986,35.122149],[136.798977,35.122148],[136.798959,35.122148],[136.798951,35.122147],[136.798939,35.122147],[136.798926,35.122146],[136.798906,35.122146],[136.798897,35.122145],[136.798874,35.122145],[136.798863,35.122144],[136.798852,35.122144],[136.798838,35.122143],[136.798812,35.122143],[136.798781,35.122141],[136.79868,35.122138],[136.798655,35.122137],[136.79842,35.122116],[136.798102,35.122088],[136.797672,35.122051],[136.797518,35.122037],[136.797517,35.122037],[136.797471,35.122035],[136.797394,35.122031],[136.797226,35.122035],[136.797022,35.122048],[136.796593,35.122075],[136.796014,35.122099],[136.796013,35.122099],[136.795725,35.122108],[136.795569,35.122117],[136.795406,35.122096],[136.795371,35.122091],[136.795301,35.122082],[136.795273,35.122079],[136.795263,35.122077],[136.795251,35.122076],[136.795235,35.122074],[136.795204,35.12207],[136.79476,35.122013],[136.794613,35.121994],[136.794612,35.12192]]]}},{"type":"Feature","properties":{"name":"畑中","city":"名古屋市港区","code":"111","setai":244,"jinko":543,"n":2,"towns":["23111209091","23111209092"],"lx":136.794299,"ly":35.116776},"geometry":{"type":"Polygon","coordinates":[[[136.791926,35.114321],[136.79197,35.113635],[136.792078,35.113089],[136.792087,35.113013],[136.792503,35.113292],[136.793066,35.113682],[136.793577,35.114026],[136.793707,35.114108],[136.793866,35.11418],[136.794098,35.114283],[136.794187,35.115005],[136.794238,35.115612],[136.79544,35.115601],[136.795465,35.11691],[136.795481,35.117723],[136.795482,35.117778],[136.795488,35.11803],[136.795493,35.118219],[136.795501,35.118558],[136.795508,35.11896],[136.795512,35.119315],[136.795521,35.119606],[136.795527,35.119893],[136.79554,35.120457],[136.795548,35.120909],[136.795557,35.121374],[136.795568,35.121907],[136.794612,35.12192],[136.794613,35.121994],[136.794565,35.121988],[136.794499,35.121975],[136.794499,35.121884],[136.794416,35.121887],[136.794238,35.121895],[136.794226,35.122013],[136.794126,35.12202],[136.793983,35.122031],[136.793862,35.122067],[136.793843,35.122044],[136.79381,35.122004],[136.793787,35.121974],[136.793783,35.121969],[136.793779,35.121965],[136.793774,35.121958],[136.793762,35.121944],[136.793705,35.121873],[136.793703,35.121871],[136.793664,35.121822],[136.793899,35.121739],[136.793875,35.121646],[136.793798,35.121671],[136.793796,35.121671],[136.793795,35.12167],[136.793755,35.121531],[136.793808,35.121514],[136.793766,35.121409],[136.793721,35.121415],[136.793684,35.121353],[136.793643,35.121364],[136.793591,35.121255],[136.793784,35.121172],[136.793682,35.120975],[136.793725,35.120853],[136.793613,35.120642],[136.793461,35.120427],[136.793287,35.120028],[136.793179,35.119845],[136.793161,35.119811],[136.793132,35.119757],[136.793092,35.119606],[136.793111,35.119557],[136.793242,35.119504],[136.793084,35.11898],[136.793402,35.118906],[136.793412,35.118887],[136.793443,35.118827],[136.793548,35.118802],[136.793535,35.118599],[136.793417,35.1183],[136.793287,35.118259],[136.793255,35.118159],[136.793225,35.117989],[136.793322,35.11796],[136.79329,35.117833],[136.79327,35.117779],[136.79327,35.117494],[136.793251,35.117326],[136.793192,35.117136],[136.793099,35.116966],[136.793093,35.116952],[136.792948,35.116995],[136.792907,35.116887],[136.792911,35.116886],[136.792937,35.116879],[136.792964,35.116872],[136.793044,35.11685],[136.79303,35.116821],[136.792993,35.116745],[136.792853,35.116422],[136.792673,35.116402],[136.792646,35.11638],[136.792624,35.116326],[136.792618,35.116312],[136.792454,35.115992],[136.792375,35.115811],[136.7922,35.115468],[136.792088,35.115273],[136.792022,35.115118],[136.791962,35.114833],[136.791941,35.114586],[136.791926,35.114321]]]}},{"type":"Feature","properties":{"name":"六軒家","city":"名古屋市港区","code":"111","setai":107,"jinko":274,"n":1,"towns":["231112100"],"lx":136.795641,"ly":35.114036},"geometry":{"type":"Polygon","coordinates":[[[136.799302,35.112771],[136.799218,35.112362],[136.799217,35.112361],[136.798813,35.112404],[136.797901,35.112533],[136.797467,35.112556],[136.797192,35.112564],[136.797054,35.112552],[136.796581,35.112533],[136.795659,35.112471],[136.794059,35.112378],[136.794056,35.112377],[136.793983,35.112373],[136.793691,35.112368],[136.793613,35.112372],[136.793548,35.112372],[136.79353,35.112359],[136.793494,35.112339],[136.793278,35.112327],[136.793246,35.112328],[136.793167,35.112333],[136.793085,35.112336],[136.792991,35.112352],[136.792816,35.112384],[136.792761,35.112394],[136.792518,35.112376],[136.792518,35.112376],[136.792523,35.112437],[136.792544,35.112506],[136.792566,35.112566],[136.792259,35.112659],[136.791812,35.112794],[136.791812,35.112827],[136.79188,35.112873],[136.792087,35.113013],[136.792503,35.113292],[136.793066,35.113682],[136.793577,35.114026],[136.793707,35.114108],[136.793866,35.11418],[136.794098,35.114283],[136.794187,35.115005],[136.794238,35.115612],[136.79544,35.115601],[136.797308,35.115575],[136.799092,35.115554],[136.799369,35.115548],[136.799369,35.115548],[136.799375,35.115515],[136.799418,35.115207],[136.799434,35.115075],[136.799451,35.114886],[136.799458,35.114759],[136.79945,35.114524],[136.799439,35.113753],[136.79943,35.113512],[136.79942,35.113415],[136.799361,35.113077],[136.799302,35.112771]]]}},{"type":"Feature","properties":{"name":"福前","city":"名古屋市港区","code":"111","setai":125,"jinko":281,"n":2,"towns":["23111211091","23111211092"],"lx":136.796821,"ly":35.110508},"geometry":{"type":"Polygon","coordinates":[[[136.792518,35.112376],[136.792529,35.112318],[136.792567,35.112228],[136.792625,35.112151],[136.792716,35.112078],[136.792742,35.112001],[136.792795,35.111847],[136.792878,35.111616],[136.792924,35.111488],[136.792998,35.11129],[136.793099,35.111081],[136.793147,35.110992],[136.79316,35.110966],[136.79328,35.110767],[136.793392,35.110588],[136.793449,35.110507],[136.793615,35.110312],[136.793659,35.110262],[136.793696,35.110222],[136.793831,35.110096],[136.793888,35.110042],[136.794004,35.109935],[136.794073,35.109867],[136.794129,35.109818],[136.794307,35.109697],[136.794512,35.109566],[136.794668,35.109474],[136.794937,35.109315],[136.795179,35.109173],[136.795364,35.109062],[136.79547,35.10899],[136.795713,35.108771],[136.795829,35.108599],[136.795959,35.108294],[136.796117,35.107837],[136.796383,35.107192],[136.796506,35.106938],[136.796581,35.106782],[136.796685,35.106606],[136.796783,35.106477],[136.796945,35.106405],[136.797086,35.106401],[136.797366,35.106415],[136.79747,35.106459],[136.797515,35.106521],[136.797731,35.106563],[136.797872,35.106611],[136.797994,35.106723],[136.798219,35.106997],[136.79829,35.107192],[136.798344,35.10734],[136.79842,35.107597],[136.798448,35.107978],[136.798529,35.108464],[136.798549,35.10858],[136.798586,35.108792],[136.798706,35.109492],[136.798825,35.110171],[136.79886,35.110368],[136.798893,35.110554],[136.798957,35.110913],[136.798966,35.110965],[136.79909,35.111628],[136.799218,35.11236],[136.799217,35.112361],[136.798813,35.112404],[136.797901,35.112533],[136.797467,35.112556],[136.797192,35.112564],[136.797054,35.112552],[136.796581,35.112533],[136.795659,35.112471],[136.794059,35.112378],[136.794056,35.112377],[136.793983,35.112373],[136.793691,35.112368],[136.793613,35.112372],[136.793548,35.112372],[136.79353,35.112359],[136.793494,35.112339],[136.793278,35.112327],[136.793246,35.112328],[136.793167,35.112333],[136.793085,35.112336],[136.792991,35.112352],[136.792816,35.112384],[136.792761,35.112394],[136.792518,35.112376]]]}},{"type":"Feature","properties":{"name":"金城ふ頭","city":"名古屋市港区","code":"111","setai":0,"jinko":0,"n":3,"towns":["23111212091","23111212092","23111212093"],"lx":136.844265,"ly":35.050641},"geometry":{"type":"Polygon","coordinates":[[[136.837964,35.051829],[136.841614,35.043182],[136.84164,35.043124],[136.841848,35.042632],[136.845413,35.034138],[136.845517,35.033911],[136.8458,35.033901],[136.846408,35.034671],[136.846408,35.03466],[136.8466,35.03494],[136.845586,35.037185],[136.846253,35.037537],[136.847556,35.035883],[136.848141,35.036648],[136.84412,35.041634],[136.845662,35.042903],[136.848896,35.039838],[136.850169,35.040566],[136.846253,35.045344],[136.847779,35.046616],[136.85076,35.043737],[136.850919,35.043723],[136.852066,35.043847],[136.853073,35.047813],[136.85495,35.05525],[136.854904,35.055295],[136.854785,35.055321],[136.853662,35.055275],[136.853851,35.0562],[136.853727,35.056202],[136.853656,35.056204],[136.853551,35.056206],[136.853313,35.055282],[136.852419,35.055293],[136.852069,35.053941],[136.848655,35.053895],[136.848661,35.056005],[136.848593,35.056005],[136.848591,35.056194],[136.848081,35.056201],[136.848081,35.056245],[136.84795,35.056244],[136.847819,35.056242],[136.847799,35.055998],[136.840535,35.055966],[136.84047,35.05592],[136.838661,35.052934],[136.838519,35.0527],[136.837964,35.051829]]]}},{"type":"Feature","properties":{"name":"南陽町大字茶屋新田","city":"名古屋市港区","code":"111","setai":0,"jinko":0,"n":1,"towns":["231112130"],"lx":136.816279,"ly":35.103889},"geometry":{"type":"Polygon","coordinates":[[[136.816516,35.102623],[136.816461,35.102245],[136.816449,35.10215],[136.816447,35.10215],[136.816379,35.101732],[136.816379,35.101731],[136.816363,35.101657],[136.81645,35.101185],[136.816448,35.101184],[136.816525,35.100748],[136.816319,35.101002],[136.816201,35.101157],[136.815952,35.101488],[136.815782,35.101694],[136.815434,35.102205],[136.815404,35.102253],[136.815395,35.102267],[136.815702,35.102264],[136.815788,35.102263],[136.815791,35.10267],[136.815791,35.102705],[136.815793,35.10299],[136.815812,35.103189],[136.815883,35.103905],[136.815883,35.103908],[136.815919,35.104277],[136.815945,35.104537],[136.816,35.105101],[136.816007,35.105169],[136.816043,35.105543],[136.816095,35.106118],[136.8161,35.106169],[136.816164,35.106654],[136.816258,35.107021],[136.816273,35.107077],[136.816309,35.107211],[136.816336,35.107442],[136.816353,35.107589],[136.816379,35.107812],[136.816381,35.107831],[136.816409,35.108077],[136.816441,35.108361],[136.816515,35.109048],[136.816515,35.10905],[136.816544,35.109325],[136.816615,35.110016],[136.816647,35.110327],[136.816646,35.110327],[136.817059,35.110325],[136.817153,35.110324],[136.817256,35.110324],[136.817256,35.110322],[136.81722,35.109932],[136.81722,35.109929],[136.817148,35.10911],[136.817129,35.108956],[136.817128,35.108949],[136.817049,35.108399],[136.817021,35.10814],[136.817017,35.10802],[136.817017,35.108003],[136.816916,35.107019],[136.816908,35.106925],[136.816912,35.106574],[136.816914,35.106419],[136.816876,35.106073],[136.816873,35.106046],[136.816806,35.105332],[136.816671,35.103825],[136.816671,35.103823],[136.81661,35.103293],[136.816516,35.102623]]]}},{"type":"Feature","properties":{"name":"南陽町大字藤高新田","city":"名古屋市港区","code":"111","setai":0,"jinko":0,"n":1,"towns":["231112140"],"lx":136.838677,"ly":35.09114},"geometry":{"type":"Polygon","coordinates":[[[136.839904,35.090088],[136.839903,35.090088],[136.839597,35.090082],[136.838626,35.090071],[136.838102,35.090064],[136.837955,35.090063],[136.837839,35.090061],[136.837735,35.09006],[136.837703,35.090058],[136.837702,35.090066],[136.837629,35.090887],[136.837539,35.091891],[136.837523,35.091888],[136.83747,35.092102],[136.837459,35.0921],[136.837425,35.092295],[136.837405,35.092412],[136.837469,35.092432],[136.837349,35.093085],[136.837253,35.093605],[136.837135,35.094182],[136.837015,35.094868],[136.836846,35.095809],[136.83665,35.096685],[136.836455,35.097539],[136.836276,35.098264],[136.836064,35.099056],[136.835911,35.099609],[136.835945,35.099609],[136.836326,35.099609],[136.836804,35.099609],[136.837348,35.099612],[136.837372,35.099485],[136.837426,35.099197],[136.83749,35.098858],[136.837552,35.098529],[136.837609,35.098229],[136.837655,35.097974],[136.83774,35.097506],[136.837806,35.097142],[136.837844,35.096933],[136.837868,35.096803],[136.837921,35.096565],[136.837937,35.096494],[136.838003,35.096271],[136.838101,35.095941],[136.838136,35.095843],[136.838203,35.095657],[136.838264,35.095485],[136.838335,35.095287],[136.838402,35.095101],[136.838485,35.09487],[136.838615,35.094503],[136.838708,35.094242],[136.838803,35.093975],[136.838853,35.093833],[136.83898,35.093476],[136.839082,35.093188],[136.839174,35.09293],[136.839241,35.092741],[136.839306,35.092558],[136.839365,35.092393],[136.839483,35.092059],[136.839554,35.091858],[136.839663,35.091553],[136.839807,35.091147],[136.83994,35.090758],[136.840055,35.090397],[136.840151,35.090095],[136.839904,35.090088],[136.839904,35.090088]]]}},{"type":"Feature","properties":{"name":"稲永新田字か","city":"名古屋市港区","code":"111","setai":0,"jinko":0,"n":1,"towns":["23111215001"],"lx":136.866383,"ly":35.085511},"geometry":{"type":"Polygon","coordinates":[[[136.866251,35.085984],[136.866283,35.085924],[136.866465,35.086254],[136.866464,35.086256],[136.866507,35.086331],[136.867012,35.085773],[136.866991,35.085735],[136.866923,35.085614],[136.866581,35.08499],[136.866395,35.084649],[136.866343,35.084554],[136.866305,35.084533],[136.866287,35.084574],[136.866153,35.084905],[136.865998,35.085286],[136.865942,35.085415],[136.865965,35.085592],[136.865971,35.085908],[136.865963,35.086005],[136.865962,35.086117],[136.865945,35.086206],[136.865934,35.086318],[136.865925,35.086361],[136.865905,35.08646],[136.865885,35.086558],[136.865881,35.086583],[136.865872,35.086627],[136.865848,35.086745],[136.865859,35.086721],[136.865899,35.086635],[136.865934,35.086559],[136.865967,35.0865],[136.86601,35.086421],[136.866024,35.086396],[136.866109,35.08624],[136.866217,35.086045],[136.866251,35.085984]]]}},{"type":"Feature","properties":{"name":"稲永新田字そ","city":"名古屋市港区","code":"111","setai":0,"jinko":0,"n":1,"towns":["23111215002"],"lx":136.865979,"ly":35.084644},"geometry":{"type":"Polygon","coordinates":[[[136.866305,35.084533],[136.865966,35.084338],[136.865771,35.084226],[136.86558,35.084119],[136.865468,35.084056],[136.865421,35.084029],[136.865339,35.083982],[136.865232,35.08392],[136.865148,35.083871],[136.865096,35.083841],[136.864965,35.083763],[136.864739,35.083629],[136.864575,35.083532],[136.864435,35.083449],[136.864381,35.083421],[136.864255,35.083357],[136.864168,35.08332],[136.86447,35.083506],[136.864615,35.083604],[136.865024,35.083858],[136.865145,35.083956],[136.865462,35.084305],[136.86565,35.084561],[136.865817,35.0849],[136.865882,35.085073],[136.865924,35.085272],[136.865942,35.085415],[136.865998,35.085286],[136.866153,35.084905],[136.866287,35.084574],[136.866305,35.084533]]]}},{"type":"Feature","properties":{"name":"明徳町","city":"名古屋市港区","code":"111","setai":0,"jinko":0,"n":1,"towns":["231112160"],"lx":136.865137,"ly":35.118125},"geometry":{"type":"Polygon","coordinates":[[[136.864327,35.118308],[136.864365,35.118271],[136.864405,35.118274],[136.864663,35.11829],[136.864657,35.118388],[136.864793,35.118396],[136.864802,35.118331],[136.864855,35.118344],[136.864888,35.118349],[136.865245,35.118357],[136.865248,35.118342],[136.865252,35.118324],[136.865395,35.11832],[136.865406,35.118047],[136.865486,35.118022],[136.865494,35.117923],[136.8656,35.117924],[136.865606,35.118032],[136.865932,35.118035],[136.86594,35.117952],[136.866158,35.117954],[136.866151,35.118195],[136.866211,35.118196],[136.866223,35.117959],[136.866414,35.11796],[136.86642,35.118163],[136.866469,35.118164],[136.866492,35.117994],[136.866618,35.118],[136.866614,35.118158],[136.867051,35.118171],[136.867049,35.118214],[136.86716,35.118211],[136.867172,35.117904],[136.867452,35.117911],[136.867456,35.118215],[136.867577,35.118219],[136.867592,35.118068],[136.867643,35.118075],[136.867649,35.117903],[136.867858,35.11792],[136.867858,35.11824],[136.868066,35.118246],[136.868072,35.118231],[136.868219,35.118232],[136.868215,35.118288],[136.868485,35.118291],[136.86851,35.118291],[136.868511,35.118262],[136.868535,35.118263],[136.868623,35.118268],[136.868654,35.11827],[136.868657,35.118189],[136.868663,35.11798],[136.868665,35.117911],[136.868641,35.11791],[136.867858,35.117898],[136.867785,35.117897],[136.867664,35.117895],[136.867649,35.117894],[136.867095,35.117894],[136.867067,35.117893],[136.867067,35.117894],[136.865598,35.117896],[136.865598,35.117896],[136.865525,35.117896],[136.865497,35.117896],[136.864333,35.117892],[136.864014,35.117891],[136.864013,35.118007],[136.864011,35.118416],[136.86401,35.11854],[136.86401,35.118551],[136.864009,35.118602],[136.864009,35.118606],[136.864201,35.118362],[136.864268,35.118364],[136.864287,35.118307],[136.864327,35.118308]]]}}]}