{"type":"FeatureCollection","features":[{"type":"Feature","properties":{"name":"霞ケ丘町南","city":"尾張旭市","code":"226","setai":169,"jinko":380,"n":1,"towns":["23226001001"],"lx":137.004101,"ly":35.210286},"geometry":{"type":"Polygon","coordinates":[[[137.003286,35.211282],[137.004288,35.211205],[137.004458,35.211354],[137.004745,35.211371],[137.004975,35.211423],[137.00546,35.211537],[137.00562,35.211063],[137.005966,35.211175],[137.006257,35.211274],[137.006497,35.211097],[137.006334,35.210918],[137.006776,35.210576],[137.006925,35.210577],[137.007063,35.210544],[137.007085,35.210462],[137.007039,35.210365],[137.006879,35.210192],[137.006226,35.21016],[137.00613,35.210092],[137.006089,35.210047],[137.006117,35.20972],[137.006117,35.209664],[137.006159,35.209337],[137.006145,35.209326],[137.005964,35.209444],[137.005929,35.2097],[137.005884,35.209697],[137.005705,35.209686],[137.004984,35.209645],[137.004483,35.209605],[137.004388,35.209391],[137.00436,35.209346],[137.004315,35.209284],[137.004173,35.209258],[137.004098,35.209261],[137.004008,35.209264],[137.00363,35.209261],[137.003575,35.209289],[137.003523,35.209288],[137.002919,35.209254],[137.002864,35.209254],[137.002384,35.209208],[137.001738,35.209173],[137.00123,35.209274],[137.00134,35.209466],[137.001465,35.20971],[137.001688,35.209958],[137.001901,35.210098],[137.002476,35.210887],[137.0026,35.210989],[137.002888,35.211124],[137.002997,35.211237],[137.003244,35.211474],[137.003418,35.21156],[137.003286,35.211282]]]}},{"type":"Feature","properties":{"name":"霞ケ丘町中","city":"尾張旭市","code":"226","setai":205,"jinko":557,"n":1,"towns":["23226001002"],"lx":137.005895,"ly":35.212271},"geometry":{"type":"Polygon","coordinates":[[[137.004949,35.214555],[137.005834,35.214074],[137.005724,35.213945],[137.006129,35.213843],[137.007327,35.213024],[137.007358,35.212923],[137.007429,35.212505],[137.008059,35.212389],[137.008454,35.212871],[137.008331,35.212663],[137.008192,35.212426],[137.008102,35.212234],[137.007779,35.211643],[137.007689,35.211385],[137.008005,35.211085],[137.007828,35.210963],[137.007945,35.210801],[137.007944,35.210801],[137.007947,35.210798],[137.008153,35.210629],[137.007792,35.210238],[137.007709,35.210195],[137.007599,35.210173],[137.007173,35.210206],[137.006879,35.210192],[137.007039,35.210365],[137.007085,35.210462],[137.007063,35.210544],[137.006925,35.210577],[137.006776,35.210576],[137.006334,35.210918],[137.006497,35.211097],[137.006257,35.211274],[137.005966,35.211175],[137.00562,35.211063],[137.00546,35.211537],[137.004975,35.211423],[137.004745,35.211371],[137.004458,35.211354],[137.004288,35.211205],[137.003286,35.211282],[137.003418,35.21156],[137.00345,35.211576],[137.00377,35.212104],[137.003778,35.212117],[137.003942,35.212433],[137.004079,35.212737],[137.004156,35.213011],[137.004161,35.21303],[137.00427,35.213244],[137.004352,35.213436],[137.004378,35.213497],[137.004421,35.213571],[137.004571,35.213921],[137.004653,35.214045],[137.004735,35.214158],[137.004886,35.214473],[137.004899,35.21446],[137.004949,35.214555]]]}},{"type":"Feature","properties":{"name":"霞ケ丘町北","city":"尾張旭市","code":"226","setai":147,"jinko":333,"n":1,"towns":["23226001003"],"lx":137.007379,"ly":35.216506},"geometry":{"type":"Polygon","coordinates":[[[137.008571,35.214605],[137.008542,35.214132],[137.008535,35.213784],[137.008529,35.213473],[137.008535,35.213348],[137.008549,35.212988],[137.008454,35.212871],[137.008059,35.212389],[137.007429,35.212505],[137.007358,35.212923],[137.007327,35.213024],[137.006129,35.213843],[137.005724,35.213945],[137.005834,35.214074],[137.004949,35.214555],[137.004899,35.21446],[137.004886,35.214473],[137.004762,35.214563],[137.004707,35.214608],[137.004501,35.214687],[137.004446,35.214766],[137.004624,35.214946],[137.004669,35.215037],[137.004747,35.215194],[137.004801,35.215453],[137.004801,35.215718],[137.004801,35.215725],[137.004801,35.215758],[137.004747,35.216067],[137.004717,35.216265],[137.004703,35.216456],[137.005551,35.218091],[137.005606,35.218159],[137.006402,35.218588],[137.007074,35.218859],[137.007842,35.219277],[137.007938,35.219311],[137.008117,35.219334],[137.008199,35.219379],[137.008487,35.219627],[137.008747,35.219785],[137.009025,35.219906],[137.009523,35.220122],[137.009929,35.220299],[137.009996,35.220328],[137.010064,35.220384],[137.010174,35.220463],[137.010338,35.220745],[137.010489,35.221005],[137.010585,35.221095],[137.010681,35.221151],[137.011268,35.221509],[137.011436,35.221626],[137.010845,35.220806],[137.010434,35.220185],[137.009844,35.219126],[137.009598,35.218615],[137.009365,35.218031],[137.00919,35.217529],[137.008823,35.216201],[137.008641,35.215175],[137.008571,35.214605]]]}},{"type":"Feature","properties":{"name":"東名西町","city":"尾張旭市","code":"226","setai":303,"jinko":657,"n":2,"towns":["23226002001","23226002002"],"lx":137.008621,"ly":35.206813},"geometry":{"type":"Polygon","coordinates":[[[137.005804,35.206615],[137.005812,35.206524],[137.005986,35.206544],[137.006001,35.206453],[137.006032,35.206263],[137.006442,35.206308],[137.006843,35.206351],[137.006857,35.206245],[137.006944,35.206219],[137.00697,35.206239],[137.006956,35.206366],[137.007055,35.20638],[137.007021,35.2066],[137.007258,35.20663],[137.007308,35.206295],[137.007513,35.206312],[137.007505,35.206417],[137.007753,35.206442],[137.007753,35.20652],[137.008028,35.206541],[137.008034,35.206512],[137.008041,35.206467],[137.008345,35.206494],[137.008346,35.206498],[137.008553,35.206513],[137.008564,35.206526],[137.00866,35.206533],[137.008883,35.206559],[137.008908,35.206562],[137.008941,35.206366],[137.008972,35.206369],[137.008943,35.206558],[137.009002,35.206564],[137.009026,35.206374],[137.009587,35.206432],[137.009623,35.206173],[137.009507,35.206164],[137.009542,35.206153],[137.009543,35.205948],[137.009543,35.205939],[137.009541,35.205474],[137.009531,35.204936],[137.009577,35.20439],[137.009615,35.203967],[137.0105,35.204063],[137.010535,35.203879],[137.010758,35.203899],[137.010704,35.204114],[137.010703,35.204116],[137.010588,35.204557],[137.010502,35.204888],[137.010423,35.205027],[137.010175,35.205556],[137.010008,35.205993],[137.009774,35.206863],[137.00965,35.207235],[137.009562,35.207458],[137.009362,35.207949],[137.009337,35.20801],[137.009195,35.208473],[137.009199,35.208528],[137.009225,35.208872],[137.009139,35.209189],[137.008877,35.209205],[137.008751,35.209151],[137.008846,35.208947],[137.008725,35.208903],[137.008761,35.208818],[137.008582,35.208769],[137.008517,35.208914],[137.008369,35.208866],[137.008318,35.208849],[137.008355,35.208775],[137.008176,35.208715],[137.008188,35.208691],[137.007954,35.208612],[137.008001,35.208524],[137.008048,35.208435],[137.007614,35.208282],[137.007586,35.208272],[137.007657,35.208108],[137.007476,35.208045],[137.007339,35.207998],[137.007328,35.207986],[137.007422,35.207808],[137.007192,35.20777],[137.007264,35.207611],[137.006956,35.207489],[137.007008,35.207395],[137.006884,35.207347],[137.006831,35.207325],[137.006736,35.207215],[137.006724,35.207202],[137.006708,35.207193],[137.00669,35.207182],[137.006676,35.207174],[137.006669,35.207153],[137.006683,35.20704],[137.006516,35.207034],[137.006516,35.207006],[137.006347,35.206989],[137.006308,35.206985],[137.0062,35.206914],[137.006225,35.206739],[137.006053,35.206726],[137.00606,35.206654],[137.005994,35.206644],[137.005804,35.206615]]]}},{"type":"Feature","properties":{"name":"桜ケ丘町","city":"尾張旭市","code":"226","setai":1317,"jinko":3239,"n":3,"towns":["23226003001","23226003002","23226003003"],"lx":137.013683,"ly":35.217443},"geometry":{"type":"Polygon","coordinates":[[[137.011153,35.218245],[137.011181,35.217828],[137.011237,35.217614],[137.011719,35.216634],[137.011954,35.216071],[137.012036,35.215756],[137.012073,35.215067],[137.012102,35.214302],[137.012121,35.213786],[137.01217,35.213615],[137.012778,35.213751],[137.01377,35.213978],[137.014742,35.2142],[137.015269,35.214297],[137.015403,35.214329],[137.016205,35.214508],[137.016452,35.214569],[137.016404,35.214725],[137.016282,35.215028],[137.01617,35.215344],[137.016115,35.215506],[137.016067,35.215642],[137.016059,35.215761],[137.016096,35.215961],[137.01615,35.216157],[137.016201,35.21627],[137.016346,35.216584],[137.016465,35.216826],[137.016628,35.21682],[137.016839,35.216807],[137.016842,35.216815],[137.017032,35.217339],[137.017109,35.217549],[137.017139,35.217623],[137.017102,35.217664],[137.017033,35.217725],[137.016676,35.217965],[137.016488,35.217727],[137.016378,35.217589],[137.015875,35.217834],[137.015684,35.217926],[137.015685,35.217946],[137.015671,35.218082],[137.015643,35.218284],[137.015629,35.218329],[137.015588,35.218408],[137.015546,35.218487],[137.015491,35.218555],[137.015397,35.2187],[137.015583,35.219215],[137.015397,35.219371],[137.015396,35.219396],[137.014658,35.219982],[137.014134,35.220388],[137.013993,35.220506],[137.013599,35.220822],[137.013518,35.220887],[137.013274,35.221098],[137.01267,35.221621],[137.012466,35.221725],[137.011847,35.221989],[137.011696,35.221806],[137.011793,35.221209],[137.011561,35.220589],[137.011493,35.220082],[137.011316,35.219259],[137.011275,35.219034],[137.011166,35.218605],[137.011153,35.218245]]]}},{"type":"Feature","properties":{"name":"桜ケ丘町西","city":"尾張旭市","code":"226","setai":353,"jinko":896,"n":1,"towns":["23226003004"],"lx":137.010365,"ly":35.216267},"geometry":{"type":"Polygon","coordinates":[[[137.009038,35.212852],[137.008355,35.212614],[137.008331,35.212663],[137.008454,35.212871],[137.008549,35.212988],[137.008535,35.213348],[137.008529,35.213473],[137.008535,35.213784],[137.008542,35.214132],[137.008571,35.214605],[137.008641,35.215175],[137.008823,35.216201],[137.00919,35.217529],[137.009365,35.218031],[137.009598,35.218615],[137.009844,35.219126],[137.010434,35.220185],[137.010845,35.220806],[137.011436,35.221626],[137.011696,35.221806],[137.011793,35.221209],[137.011561,35.220589],[137.011493,35.220082],[137.011316,35.219259],[137.011275,35.219034],[137.011166,35.218605],[137.011153,35.218245],[137.011181,35.217828],[137.011237,35.217614],[137.011719,35.216634],[137.011954,35.216071],[137.012036,35.215756],[137.012073,35.215067],[137.012102,35.214302],[137.012121,35.213786],[137.01217,35.213615],[137.012176,35.213599],[137.010771,35.213332],[137.01076,35.21333],[137.010201,35.213223],[137.009896,35.213141],[137.009426,35.212998],[137.009038,35.212852]]]}},{"type":"Feature","properties":{"name":"東印場町","city":"尾張旭市","code":"226","setai":925,"jinko":2548,"n":5,"towns":["232260060","23226049001","23226049002","23226049003","23226049004"],"lx":137.02347,"ly":35.209669},"geometry":{"type":"Polygon","coordinates":[[[137.014406,35.209098],[137.014731,35.208322],[137.014893,35.207942],[137.014931,35.20785],[137.015141,35.207884],[137.015306,35.20791],[137.0154,35.207925],[137.016013,35.208023],[137.016065,35.208041],[137.016544,35.208208],[137.017419,35.208356],[137.017912,35.208439],[137.018439,35.208516],[137.018579,35.208536],[137.01911,35.208614],[137.019161,35.208621],[137.019463,35.208599],[137.019597,35.208576],[137.020088,35.208634],[137.020245,35.208653],[137.020416,35.208783],[137.021126,35.208875],[137.021431,35.208824],[137.021559,35.208803],[137.022371,35.2089],[137.022379,35.208902],[137.022504,35.208931],[137.02284,35.209009],[137.022995,35.209056],[137.022998,35.208731],[137.023007,35.208182],[137.023015,35.207726],[137.023022,35.207367],[137.023023,35.207304],[137.023009,35.206936],[137.022975,35.206004],[137.023604,35.206134],[137.023765,35.206187],[137.023883,35.206217],[137.023974,35.206187],[137.024013,35.206145],[137.023972,35.205922],[137.023998,35.205837],[137.024042,35.205766],[137.02411,35.205719],[137.024194,35.205681],[137.024213,35.205646],[137.02424,35.205541],[137.024323,35.205393],[137.02556,35.205758],[137.026405,35.205923],[137.026589,35.20582],[137.026761,35.205718],[137.027013,35.205736],[137.028028,35.205753],[137.028716,35.205678],[137.029188,35.20557],[137.029138,35.206001],[137.029078,35.206357],[137.029023,35.206706],[137.028879,35.207613],[137.028855,35.207765],[137.028814,35.207979],[137.029322,35.207957],[137.029348,35.208498],[137.029327,35.208532],[137.02903,35.208834],[137.028922,35.208926],[137.02867,35.208945],[137.028414,35.208937],[137.028408,35.209094],[137.028435,35.209126],[137.028707,35.209244],[137.028673,35.209365],[137.028619,35.2095],[137.028564,35.20977],[137.02844,35.209912],[137.028585,35.210212],[137.028509,35.210497],[137.028769,35.210552],[137.028768,35.210559],[137.028768,35.210616],[137.028401,35.210815],[137.02796,35.21111],[137.027866,35.211183],[137.027529,35.211145],[137.027017,35.210981],[137.026743,35.210867],[137.026723,35.211094],[137.026682,35.211572],[137.026607,35.212426],[137.026558,35.213295],[137.025639,35.213253],[137.025429,35.213244],[137.025162,35.213231],[137.02487,35.213218],[137.024815,35.213221],[137.024297,35.213252],[137.024256,35.213254],[137.024186,35.213258],[137.023472,35.213307],[137.023384,35.213315],[137.023154,35.213337],[137.022929,35.213358],[137.022572,35.213367],[137.022074,35.213379],[137.022036,35.21338],[137.02201,35.213378],[137.02157,35.213342],[137.021322,35.2133],[137.020814,35.213187],[137.020562,35.213082],[137.02054,35.213074],[137.02011,35.212944],[137.019731,35.212798],[137.019237,35.212617],[137.018482,35.212339],[137.018397,35.212299],[137.018002,35.212113],[137.017981,35.212105],[137.018111,35.211714],[137.018155,35.211582],[137.018218,35.211391],[137.018374,35.211133],[137.018402,35.21075],[137.0184,35.210749],[137.018426,35.210484],[137.018499,35.209729],[137.0185,35.209719],[137.017628,35.209642],[137.01628,35.209415],[137.01578,35.20933],[137.014822,35.209168],[137.014685,35.209145],[137.014406,35.209098]]]}},{"type":"Feature","properties":{"name":"西山町","city":"尾張旭市","code":"226","setai":408,"jinko":1103,"n":2,"towns":["23226007001","23226007002"],"lx":137.013789,"ly":35.197341},"geometry":{"type":"Polygon","coordinates":[[[137.011586,35.195848],[137.011592,35.195825],[137.011638,35.195648],[137.011782,35.195094],[137.012434,35.194917],[137.013025,35.194797],[137.013328,35.194779],[137.013709,35.194732],[137.013877,35.195055],[137.014028,35.195353],[137.014244,35.195757],[137.014337,35.195921],[137.014361,35.195963],[137.01447,35.196146],[137.014705,35.196391],[137.01474,35.19642],[137.015005,35.196647],[137.015304,35.196868],[137.015478,35.196993],[137.016848,35.198016],[137.016471,35.198417],[137.016118,35.198786],[137.015515,35.199424],[137.015055,35.199858],[137.015045,35.199782],[137.01508,35.199707],[137.01508,35.199464],[137.015017,35.199364],[137.01495,35.199258],[137.014926,35.199238],[137.014868,35.199154],[137.014768,35.199124],[137.014616,35.199107],[137.014559,35.199107],[137.014368,35.199019],[137.014354,35.199013],[137.014333,35.199015],[137.014325,35.199043],[137.014185,35.199032],[137.014085,35.199043],[137.013934,35.19909],[137.0139,35.199117],[137.013769,35.199233],[137.013668,35.199224],[137.013634,35.199406],[137.013637,35.199422],[137.013573,35.199471],[137.013261,35.199405],[137.013248,35.199273],[137.013205,35.199203],[137.013169,35.19918],[137.013115,35.199147],[137.013097,35.19913],[137.012643,35.199093],[137.012482,35.199079],[137.012465,35.199149],[137.012451,35.199209],[137.012128,35.199167],[137.011999,35.198922],[137.012027,35.198809],[137.011987,35.198731],[137.011906,35.198232],[137.011927,35.198141],[137.011963,35.197989],[137.012008,35.197801],[137.012013,35.197778],[137.011995,35.197499],[137.011991,35.19742],[137.011972,35.197044],[137.011988,35.196983],[137.011996,35.196703],[137.011966,35.196625],[137.011881,35.196402],[137.011788,35.196219],[137.011782,35.196209],[137.011671,35.195977],[137.011586,35.195848]]]}},{"type":"Feature","properties":{"name":"東山町","city":"尾張旭市","code":"226","setai":484,"jinko":1129,"n":2,"towns":["23226008001","23226008002"],"lx":137.015846,"ly":35.200616},"geometry":{"type":"Polygon","coordinates":[[[137.012351,35.201762],[137.012394,35.201726],[137.012661,35.201507],[137.012662,35.201507],[137.012755,35.201461],[137.012849,35.201415],[137.013351,35.20102],[137.013346,35.200898],[137.013333,35.200529],[137.01342,35.200158],[137.013468,35.199953],[137.013592,35.19991],[137.014031,35.199955],[137.014078,35.199985],[137.014086,35.200138],[137.01414,35.200235],[137.014168,35.200283],[137.014276,35.2004],[137.014454,35.200504],[137.01476,35.200597],[137.014826,35.200437],[137.014838,35.200315],[137.01484,35.200298],[137.014976,35.200075],[137.015055,35.199858],[137.015515,35.199424],[137.016118,35.198786],[137.016471,35.198417],[137.016848,35.198016],[137.017678,35.198632],[137.018024,35.198891],[137.018583,35.19929],[137.018298,35.199755],[137.017738,35.200678],[137.017629,35.200821],[137.016942,35.201973],[137.01677,35.202703],[137.015789,35.202491],[137.015498,35.202428],[137.015235,35.202372],[137.014917,35.202311],[137.014542,35.20224],[137.013981,35.202114],[137.013774,35.202069],[137.013253,35.201956],[137.01308,35.201919],[137.012351,35.201762]]]}},{"type":"Feature","properties":{"name":"庄南町","city":"尾張旭市","code":"226","setai":816,"jinko":1967,"n":4,"towns":["23226009001","23226009002","23226009003","23226009004"],"lx":137.018421,"ly":35.196134},"geometry":{"type":"Polygon","coordinates":[[[137.013709,35.194732],[137.013743,35.194728],[137.014135,35.194691],[137.014238,35.194694],[137.01478,35.194737],[137.015102,35.194748],[137.015439,35.194719],[137.015476,35.194716],[137.015854,35.194709],[137.016923,35.19467],[137.017032,35.194376],[137.017095,35.194128],[137.01711,35.194045],[137.017565,35.194034],[137.017987,35.193969],[137.018025,35.193985],[137.018053,35.194096],[137.018259,35.194063],[137.018237,35.193936],[137.018557,35.193915],[137.018921,35.193888],[137.019013,35.193881],[137.019592,35.193772],[137.019635,35.193764],[137.019692,35.193753],[137.019839,35.193934],[137.020056,35.194201],[137.019944,35.194217],[137.019908,35.194252],[137.019936,35.194319],[137.02016,35.194278],[137.020179,35.194366],[137.020286,35.194756],[137.020412,35.19473],[137.020424,35.194741],[137.020459,35.194774],[137.020904,35.195043],[137.021942,35.195467],[137.022749,35.195469],[137.02275,35.195469],[137.022885,35.195476],[137.022882,35.195568],[137.022877,35.195669],[137.023197,35.195682],[137.023212,35.195683],[137.023218,35.195585],[137.02322,35.195551],[137.023292,35.195553],[137.023359,35.195757],[137.023361,35.195757],[137.023373,35.195805],[137.023396,35.195893],[137.023466,35.196166],[137.023507,35.196295],[137.023508,35.1963],[137.023515,35.19636],[137.023201,35.196439],[137.023228,35.19652],[137.023091,35.196566],[137.022917,35.196636],[137.022652,35.196739],[137.022622,35.196673],[137.022422,35.1967],[137.02245,35.196901],[137.022399,35.196919],[137.022398,35.196918],[137.022383,35.196925],[137.021959,35.196986],[137.0219,35.196992],[137.0219,35.196895],[137.021648,35.196876],[137.021641,35.196931],[137.021408,35.19697],[137.021329,35.19698],[137.021174,35.197],[137.021195,35.19706],[137.021222,35.197119],[137.020811,35.1972],[137.020586,35.197273],[137.020523,35.1973],[137.020307,35.197404],[137.0203,35.197397],[137.020229,35.197311],[137.019966,35.197497],[137.02002,35.197558],[137.02003,35.19757],[137.01976,35.197728],[137.019654,35.197913],[137.019647,35.197926],[137.019534,35.198122],[137.01951,35.198109],[137.019338,35.198024],[137.019212,35.19822],[137.019104,35.198389],[137.018875,35.198786],[137.018583,35.19929],[137.018024,35.198891],[137.017678,35.198632],[137.016848,35.198016],[137.015478,35.196993],[137.015304,35.196868],[137.015005,35.196647],[137.01474,35.19642],[137.014705,35.196391],[137.01447,35.196146],[137.014361,35.195963],[137.014337,35.195921],[137.014244,35.195757],[137.014028,35.195353],[137.013877,35.195055],[137.013709,35.194732]]]}},{"type":"Feature","properties":{"name":"大塚町","city":"尾張旭市","code":"226","setai":473,"jinko":1141,"n":3,"towns":["23226010001","23226010002","23226010003"],"lx":137.0201,"ly":35.201721},"geometry":{"type":"Polygon","coordinates":[[[137.01677,35.202703],[137.016942,35.201973],[137.017629,35.200821],[137.017738,35.200678],[137.018298,35.199755],[137.018583,35.19929],[137.018875,35.198786],[137.019104,35.198389],[137.019212,35.19822],[137.019338,35.198024],[137.01951,35.198109],[137.019359,35.198086],[137.019276,35.198266],[137.019526,35.198413],[137.019633,35.198477],[137.019757,35.198621],[137.019801,35.198654],[137.020171,35.198927],[137.020179,35.198933],[137.020579,35.19922],[137.02095,35.199487],[137.020959,35.199494],[137.021396,35.199797],[137.021421,35.199815],[137.021633,35.200116],[137.021822,35.200445],[137.021864,35.200503],[137.021917,35.200578],[137.022133,35.200828],[137.022404,35.201141],[137.022852,35.201314],[137.022543,35.20157],[137.022258,35.201811],[137.022102,35.201938],[137.022191,35.202048],[137.022397,35.20228],[137.022612,35.202607],[137.022662,35.202715],[137.02274,35.202882],[137.022815,35.203102],[137.022867,35.203331],[137.022883,35.203482],[137.022895,35.203636],[137.022913,35.203776],[137.022932,35.204418],[137.022935,35.204904],[137.022104,35.204601],[137.020572,35.204011],[137.019782,35.203706],[137.019047,35.203404],[137.018228,35.203043],[137.01677,35.202703]]]}},{"type":"Feature","properties":{"name":"吉岡町","city":"尾張旭市","code":"226","setai":759,"jinko":1831,"n":3,"towns":["23226011001","23226011002","23226011003"],"lx":137.025942,"ly":35.203863},"geometry":{"type":"Polygon","coordinates":[[[137.022102,35.201938],[137.022258,35.201811],[137.022543,35.20157],[137.022852,35.201314],[137.022936,35.201347],[137.023357,35.201508],[137.023415,35.201525],[137.024134,35.201666],[137.024861,35.201809],[137.025282,35.201947],[137.025301,35.201953],[137.025672,35.202074],[137.02574,35.202104],[137.02598,35.202205],[137.02621,35.2023],[137.026491,35.202408],[137.026653,35.202459],[137.026783,35.202523],[137.026978,35.202586],[137.027341,35.202661],[137.027754,35.202849],[137.028465,35.203143],[137.028484,35.203151],[137.028843,35.203297],[137.028934,35.203334],[137.029015,35.203369],[137.029335,35.203511],[137.029539,35.203595],[137.029636,35.20368],[137.029688,35.203725],[137.029839,35.203887],[137.029949,35.204059],[137.030031,35.204202],[137.030083,35.204309],[137.030141,35.204425],[137.030187,35.204532],[137.030232,35.204601],[137.030273,35.204675],[137.030306,35.204763],[137.030257,35.204815],[137.030192,35.204855],[137.02974,35.205114],[137.029197,35.205294],[137.029188,35.20557],[137.028716,35.205678],[137.028028,35.205753],[137.027013,35.205736],[137.026761,35.205718],[137.026589,35.20582],[137.026405,35.205923],[137.02556,35.205758],[137.024323,35.205393],[137.022935,35.204904],[137.022932,35.204418],[137.022913,35.203776],[137.022895,35.203636],[137.022883,35.203482],[137.022867,35.203331],[137.022815,35.203102],[137.02274,35.202882],[137.022662,35.202715],[137.022612,35.202607],[137.022397,35.20228],[137.022191,35.202048],[137.022102,35.201938]]]}},{"type":"Feature","properties":{"name":"旭前町北","city":"尾張旭市","code":"226","setai":5,"jinko":13,"n":1,"towns":["23226012001"],"lx":137.017904,"ly":35.22014},"geometry":{"type":"Polygon","coordinates":[[[137.017549,35.22212],[137.017783,35.222067],[137.018279,35.22214],[137.01863,35.222163],[137.018856,35.222177],[137.018932,35.220772],[137.020159,35.220847],[137.02028,35.220132],[137.021063,35.220038],[137.021202,35.21926],[137.023191,35.219262],[137.023193,35.219173],[137.023166,35.21906],[137.023139,35.218913],[137.023098,35.218767],[137.023075,35.218625],[137.02307,35.218598],[137.023057,35.218485],[137.02303,35.218316],[137.023003,35.218124],[137.022972,35.217988],[137.022781,35.217895],[137.020935,35.219193],[137.020613,35.218854],[137.021168,35.218426],[137.020843,35.218229],[137.01917,35.219313],[137.018493,35.219242],[137.018235,35.219178],[137.018191,35.219236],[137.018048,35.219415],[137.017928,35.219512],[137.017866,35.219504],[137.017692,35.219393],[137.017551,35.219304],[137.017426,35.219233],[137.01733,35.219188],[137.01722,35.219154],[137.017111,35.219111],[137.016871,35.218149],[137.017003,35.218061],[137.017113,35.217982],[137.017139,35.217623],[137.017102,35.217664],[137.017033,35.217725],[137.016676,35.217965],[137.016488,35.217727],[137.016378,35.217589],[137.015875,35.217834],[137.015684,35.217926],[137.015685,35.217946],[137.015671,35.218082],[137.015643,35.218284],[137.015629,35.218329],[137.015588,35.218408],[137.015546,35.218487],[137.015491,35.218555],[137.015397,35.2187],[137.015583,35.219215],[137.015397,35.219371],[137.015396,35.219396],[137.014658,35.219982],[137.014134,35.220388],[137.014874,35.220288],[137.014967,35.220783],[137.015039,35.221029],[137.015088,35.221402],[137.015125,35.221741],[137.01512,35.22198],[137.01512,35.221984],[137.015701,35.222251],[137.016167,35.222471],[137.016371,35.222567],[137.016594,35.22259],[137.016986,35.222612],[137.017169,35.222429],[137.017379,35.222241],[137.017549,35.22212]]]}},{"type":"Feature","properties":{"name":"旭前町西新田","city":"尾張旭市","code":"226","setai":0,"jinko":0,"n":1,"towns":["23226012002"],"lx":137.017829,"ly":35.218339},"geometry":{"type":"Polygon","coordinates":[[[137.018235,35.219178],[137.018388,35.218974],[137.018912,35.218138],[137.018394,35.217502],[137.018363,35.217505],[137.018128,35.217487],[137.017941,35.217362],[137.017831,35.21727],[137.017602,35.217278],[137.017558,35.217394],[137.017456,35.217426],[137.017327,35.217459],[137.017333,35.217475],[137.017109,35.217549],[137.017139,35.217623],[137.017113,35.217982],[137.017003,35.218061],[137.016871,35.218149],[137.017111,35.219111],[137.01722,35.219154],[137.01733,35.219188],[137.017426,35.219233],[137.017551,35.219304],[137.017692,35.219393],[137.017866,35.219504],[137.017928,35.219512],[137.018048,35.219415],[137.018191,35.219236],[137.018235,35.219178]]]}},{"type":"Feature","properties":{"name":"旭前町新田洞","city":"尾張旭市","code":"226","setai":23,"jinko":52,"n":1,"towns":["23226012003"],"lx":137.020274,"ly":35.217834},"geometry":{"type":"Polygon","coordinates":[[[137.01917,35.219313],[137.020843,35.218229],[137.021168,35.218426],[137.020613,35.218854],[137.020935,35.219193],[137.022781,35.217895],[137.022972,35.217988],[137.022962,35.217944],[137.022921,35.217775],[137.022894,35.217606],[137.022854,35.217442],[137.022824,35.21732],[137.022194,35.2172],[137.021302,35.217029],[137.021233,35.217014],[137.020645,35.216879],[137.020032,35.216739],[137.01929,35.216616],[137.01928,35.216614],[137.018452,35.216506],[137.018462,35.216796],[137.018473,35.216878],[137.018198,35.216893],[137.018198,35.216897],[137.018192,35.217139],[137.018196,35.21723],[137.018236,35.217343],[137.01832,35.217412],[137.018394,35.217502],[137.018912,35.218138],[137.018388,35.218974],[137.018235,35.219178],[137.018493,35.219242],[137.01917,35.219313]]]}},{"type":"Feature","properties":{"name":"旭前町","city":"尾張旭市","code":"226","setai":1049,"jinko":2452,"n":6,"towns":["23226012005","23226012006","23226012007","23226012008","23226012009","23226012010"],"lx":137.019509,"ly":35.214926},"geometry":{"type":"Polygon","coordinates":[[[137.016059,35.215761],[137.016067,35.215642],[137.016115,35.215506],[137.01617,35.215344],[137.016282,35.215028],[137.016404,35.214725],[137.016452,35.214569],[137.016205,35.214508],[137.01632,35.21433],[137.016357,35.214226],[137.016406,35.213936],[137.016669,35.21339],[137.016737,35.213249],[137.016814,35.213078],[137.017142,35.213208],[137.017317,35.212743],[137.017421,35.212478],[137.017594,35.211971],[137.017787,35.212038],[137.017981,35.212105],[137.018002,35.212113],[137.018397,35.212299],[137.018482,35.212339],[137.019237,35.212617],[137.019731,35.212798],[137.02011,35.212944],[137.02054,35.213074],[137.020562,35.213082],[137.020814,35.213187],[137.021322,35.2133],[137.02157,35.213342],[137.02201,35.213378],[137.022036,35.21338],[137.022074,35.213379],[137.022572,35.213367],[137.022929,35.213358],[137.023154,35.213337],[137.023014,35.214618],[137.022922,35.215467],[137.022918,35.215504],[137.022833,35.215517],[137.022846,35.215528],[137.022783,35.216229],[137.022771,35.216362],[137.022747,35.216635],[137.022721,35.216649],[137.022706,35.216657],[137.02261,35.216711],[137.022662,35.216855],[137.022676,35.216938],[137.022767,35.217025],[137.022811,35.217256],[137.022828,35.217264],[137.022824,35.21732],[137.022194,35.2172],[137.021302,35.217029],[137.021233,35.217014],[137.020645,35.216879],[137.020032,35.216739],[137.01929,35.216616],[137.01928,35.216614],[137.018452,35.216506],[137.018462,35.216796],[137.018473,35.216878],[137.018198,35.216893],[137.018198,35.216897],[137.018192,35.217139],[137.018196,35.21723],[137.018236,35.217343],[137.01832,35.217412],[137.018394,35.217502],[137.018363,35.217505],[137.018128,35.217487],[137.017941,35.217362],[137.017831,35.21727],[137.017602,35.217278],[137.017558,35.217394],[137.017456,35.217426],[137.017327,35.217459],[137.017333,35.217475],[137.017109,35.217549],[137.017032,35.217339],[137.016842,35.216815],[137.016839,35.216807],[137.016628,35.21682],[137.016465,35.216826],[137.016346,35.216584],[137.016201,35.21627],[137.01615,35.216157],[137.016096,35.215961],[137.016059,35.215761]]]}},{"type":"Feature","properties":{"name":"平子ケ丘町","city":"尾張旭市","code":"226","setai":175,"jinko":469,"n":2,"towns":["23226013101","23226013102"],"lx":137.014576,"ly":35.221861},"geometry":{"type":"Polygon","coordinates":[[[137.012466,35.221725],[137.01267,35.221621],[137.013274,35.221098],[137.013518,35.220887],[137.013599,35.220822],[137.013993,35.220506],[137.014134,35.220388],[137.014874,35.220288],[137.014967,35.220783],[137.015039,35.221029],[137.015088,35.221402],[137.015125,35.221741],[137.01512,35.22198],[137.01512,35.221984],[137.015701,35.222251],[137.016167,35.222471],[137.016371,35.222567],[137.016594,35.22259],[137.016986,35.222612],[137.016844,35.222763],[137.016699,35.222914],[137.016669,35.222945],[137.016313,35.223185],[137.016175,35.223243],[137.016053,35.223255],[137.015883,35.223209],[137.015849,35.223201],[137.015713,35.22317],[137.015361,35.223084],[137.015031,35.222962],[137.014739,35.222824],[137.01397,35.222459],[137.013127,35.222048],[137.012466,35.221725]]]}},{"type":"Feature","properties":{"name":"平子町北","city":"尾張旭市","code":"226","setai":28,"jinko":32,"n":1,"towns":["23226013201"],"lx":137.017724,"ly":35.22628},"geometry":{"type":"Polygon","coordinates":[[[137.020473,35.22771],[137.02061,35.22753],[137.020707,35.227541],[137.02094,35.227564],[137.02153,35.227644],[137.02278,35.227769],[137.023068,35.227803],[137.023124,35.227296],[137.022877,35.227285],[137.022615,35.227265],[137.022721,35.226177],[137.022855,35.225993],[137.022674,35.225869],[137.022443,35.226112],[137.022014,35.225808],[137.021658,35.225571],[137.021647,35.225516],[137.021678,35.225445],[137.020999,35.225108],[137.020795,35.225008],[137.020684,35.22495],[137.02045,35.224938],[137.020333,35.224949],[137.020038,35.225005],[137.01986,35.225061],[137.019338,35.225004],[137.018831,35.224598],[137.018501,35.224193],[137.018051,35.223532],[137.017972,35.223465],[137.017601,35.223292],[137.017401,35.223192],[137.017345,35.223011],[137.017223,35.222957],[137.016844,35.222763],[137.016699,35.222914],[137.016669,35.222945],[137.016313,35.223185],[137.016175,35.223243],[137.016053,35.223255],[137.015883,35.223209],[137.015849,35.223201],[137.015713,35.22317],[137.015361,35.223084],[137.015031,35.222962],[137.014739,35.222824],[137.01397,35.222459],[137.013127,35.222048],[137.012466,35.221725],[137.011847,35.221989],[137.01194,35.2221],[137.012065,35.22228],[137.012263,35.22246],[137.01282,35.223483],[137.013125,35.224025],[137.013715,35.225097],[137.013958,35.225511],[137.014109,35.22572],[137.014406,35.22601],[137.014736,35.226377],[137.014843,35.226524],[137.015379,35.227452],[137.015399,35.227488],[137.01584,35.227801],[137.017037,35.228716],[137.017858,35.229207],[137.01823,35.2294],[137.018835,35.22971],[137.018706,35.230632],[137.018679,35.230785],[137.018609,35.230818],[137.018703,35.230976],[137.019278,35.231287],[137.020751,35.231269],[137.020947,35.23126],[137.020934,35.231147],[137.020893,35.230787],[137.020866,35.230561],[137.020853,35.230392],[137.020839,35.230268],[137.020853,35.230088],[137.020848,35.229899],[137.020843,35.22969],[137.02081,35.229549],[137.02078,35.229386],[137.020688,35.229159],[137.020546,35.228899],[137.020449,35.228731],[137.020322,35.228526],[137.020271,35.228392],[137.020197,35.228149],[137.020321,35.227924],[137.020473,35.22771]]]}},{"type":"Feature","properties":{"name":"平子町西","city":"尾張旭市","code":"226","setai":541,"jinko":1354,"n":1,"towns":["23226013202"],"lx":137.020436,"ly":35.222423},"geometry":{"type":"Polygon","coordinates":[[[137.021219,35.224939],[137.02137,35.22486],[137.021686,35.224759],[137.021893,35.224692],[137.021934,35.224512],[137.021989,35.224349],[137.022051,35.224244],[137.022179,35.22411],[137.022307,35.223968],[137.022404,35.223868],[137.022005,35.223306],[137.022349,35.222811],[137.022583,35.222563],[137.022803,35.22235],[137.022844,35.222271],[137.022858,35.222181],[137.022845,35.222102],[137.02279,35.221989],[137.022727,35.221884],[137.022598,35.221662],[137.022489,35.221436],[137.022379,35.221222],[137.022311,35.221109],[137.022297,35.221042],[137.022308,35.220934],[137.022312,35.220332],[137.022422,35.220174],[137.022563,35.220006],[137.022863,35.219679],[137.023151,35.219342],[137.023191,35.219262],[137.021202,35.21926],[137.021063,35.220038],[137.02028,35.220132],[137.020159,35.220847],[137.018932,35.220772],[137.018856,35.222177],[137.01863,35.222163],[137.018279,35.22214],[137.017783,35.222067],[137.017549,35.22212],[137.017379,35.222241],[137.017169,35.222429],[137.016986,35.222612],[137.016844,35.222763],[137.017223,35.222957],[137.017345,35.223011],[137.017401,35.223192],[137.017601,35.223292],[137.017972,35.223465],[137.018051,35.223532],[137.018501,35.224193],[137.018831,35.224598],[137.019338,35.225004],[137.01986,35.225061],[137.020038,35.225005],[137.020333,35.224949],[137.02045,35.224938],[137.020684,35.22495],[137.020795,35.225008],[137.020999,35.225108],[137.021219,35.224939]]]}},{"type":"Feature","properties":{"name":"平子町中通","city":"尾張旭市","code":"226","setai":306,"jinko":783,"n":1,"towns":["23226013203"],"lx":137.023649,"ly":35.220865},"geometry":{"type":"Polygon","coordinates":[[[137.023342,35.217714],[137.022854,35.217442],[137.022894,35.217606],[137.022921,35.217775],[137.022962,35.217944],[137.022972,35.217988],[137.023003,35.218124],[137.02303,35.218316],[137.023057,35.218485],[137.02307,35.218598],[137.023075,35.218625],[137.023098,35.218767],[137.023139,35.218913],[137.023166,35.21906],[137.023193,35.219173],[137.023191,35.219262],[137.023151,35.219342],[137.022863,35.219679],[137.022563,35.220006],[137.022422,35.220174],[137.022312,35.220332],[137.022308,35.220934],[137.022297,35.221042],[137.022311,35.221109],[137.022379,35.221222],[137.022489,35.221436],[137.022598,35.221662],[137.022727,35.221884],[137.02279,35.221989],[137.022845,35.222102],[137.022858,35.222181],[137.022844,35.222271],[137.022803,35.22235],[137.022583,35.222563],[137.022349,35.222811],[137.022005,35.223306],[137.022404,35.223868],[137.022467,35.223821],[137.022708,35.223725],[137.022935,35.223642],[137.0232,35.223542],[137.023506,35.223425],[137.02386,35.222745],[137.023928,35.222621],[137.024017,35.222476],[137.02408,35.222419],[137.024149,35.22234],[137.024217,35.222272],[137.024272,35.222194],[137.024314,35.222103],[137.024364,35.222015],[137.024437,35.221941],[137.024515,35.221854],[137.024577,35.22179],[137.024712,35.221674],[137.024923,35.221555],[137.02514,35.221298],[137.025292,35.221088],[137.025474,35.220829],[137.025565,35.220663],[137.025621,35.22037],[137.025635,35.220099],[137.025636,35.219818],[137.025328,35.21981],[137.025095,35.21981],[137.025046,35.21981],[137.024755,35.2198],[137.024612,35.219784],[137.024403,35.219765],[137.024236,35.219737],[137.024237,35.219648],[137.024242,35.219525],[137.02425,35.219396],[137.02426,35.219309],[137.024269,35.219243],[137.024281,35.219115],[137.024297,35.219038],[137.024271,35.21896],[137.024132,35.218678],[137.024059,35.218531],[137.024005,35.218396],[137.023977,35.218329],[137.023881,35.218229],[137.023342,35.217714]]]}},{"type":"Feature","properties":{"name":"平子町長池上","city":"尾張旭市","code":"226","setai":522,"jinko":1592,"n":1,"towns":["23226013204"],"lx":137.024732,"ly":35.224283},"geometry":{"type":"Polygon","coordinates":[[[137.027284,35.226368],[137.027363,35.226286],[137.027454,35.226329],[137.027525,35.226357],[137.027659,35.226371],[137.027724,35.226377],[137.027797,35.226203],[137.027869,35.226078],[137.027658,35.226051],[137.027548,35.22604],[137.027507,35.225995],[137.027479,35.225904],[137.027454,35.225784],[137.027423,35.225658],[137.027397,35.225531],[137.027365,35.225417],[137.027298,35.225281],[137.027263,35.225219],[137.027044,35.225154],[137.026134,35.224887],[137.025917,35.224823],[137.025994,35.224648],[137.026343,35.223852],[137.026729,35.222985],[137.026605,35.222951],[137.026441,35.222906],[137.026321,35.222876],[137.026185,35.222846],[137.025975,35.222819],[137.025717,35.222787],[137.025622,35.222774],[137.025866,35.22223],[137.025956,35.222044],[137.026047,35.22185],[137.026092,35.221817],[137.026159,35.221777],[137.026267,35.221729],[137.026319,35.221672],[137.026349,35.22162],[137.026348,35.221523],[137.026318,35.221465],[137.026259,35.221389],[137.026173,35.221343],[137.026235,35.221216],[137.026247,35.22112],[137.026171,35.221071],[137.026128,35.220979],[137.026101,35.2209],[137.026074,35.22081],[137.026101,35.220708],[137.026184,35.220528],[137.026225,35.220337],[137.02624,35.220111],[137.026213,35.219796],[137.025856,35.219818],[137.025636,35.219818],[137.025635,35.220099],[137.025621,35.22037],[137.025565,35.220663],[137.025474,35.220829],[137.025292,35.221088],[137.02514,35.221298],[137.024923,35.221555],[137.024712,35.221674],[137.024577,35.22179],[137.024515,35.221854],[137.024437,35.221941],[137.024364,35.222015],[137.024314,35.222103],[137.024272,35.222194],[137.024217,35.222272],[137.024149,35.22234],[137.02408,35.222419],[137.024017,35.222476],[137.023928,35.222621],[137.02386,35.222745],[137.023506,35.223425],[137.0232,35.223542],[137.022935,35.223642],[137.022708,35.223725],[137.022467,35.223821],[137.022404,35.223868],[137.022307,35.223968],[137.022179,35.22411],[137.022051,35.224244],[137.021989,35.224349],[137.021934,35.224512],[137.021893,35.224692],[137.021686,35.224759],[137.02137,35.22486],[137.021219,35.224939],[137.020999,35.225108],[137.021678,35.225445],[137.021647,35.225516],[137.021658,35.225571],[137.022014,35.225808],[137.022443,35.226112],[137.022674,35.225869],[137.022855,35.225993],[137.023112,35.22617],[137.023235,35.226282],[137.023675,35.226272],[137.023942,35.226275],[137.024146,35.226292],[137.024444,35.226306],[137.024661,35.226298],[137.025351,35.226289],[137.025453,35.226297],[137.025432,35.226343],[137.02664,35.227054],[137.026719,35.226933],[137.026826,35.226812],[137.026988,35.226668],[137.027071,35.226578],[137.027167,35.226478],[137.027284,35.226368]]]}},{"type":"Feature","properties":{"name":"平子町東","city":"尾張旭市","code":"226","setai":130,"jinko":303,"n":1,"towns":["23226013205"],"lx":137.026012,"ly":35.230343},"geometry":{"type":"Polygon","coordinates":[[[137.030131,35.231505],[137.029873,35.230911],[137.029793,35.230726],[137.029648,35.230443],[137.029463,35.230098],[137.029436,35.230031],[137.029409,35.22976],[137.02941,35.229479],[137.029465,35.22887],[137.029493,35.228679],[137.029579,35.228641],[137.029769,35.228564],[137.029929,35.228505],[137.030172,35.228438],[137.030432,35.228373],[137.030544,35.228341],[137.03057,35.228314],[137.030466,35.228058],[137.030296,35.227628],[137.030254,35.22748],[137.030216,35.227429],[137.030153,35.227361],[137.030079,35.227242],[137.029931,35.227165],[137.029661,35.227223],[137.029248,35.227029],[137.029079,35.226964],[137.028947,35.22692],[137.028837,35.226898],[137.028714,35.226897],[137.028398,35.226965],[137.028219,35.227021],[137.02804,35.227077],[137.027904,35.227096],[137.027715,35.227078],[137.027539,35.227033],[137.027406,35.226965],[137.027278,35.227005],[137.026981,35.22697],[137.026719,35.226933],[137.02664,35.227054],[137.025432,35.226343],[137.025453,35.226297],[137.025351,35.226289],[137.024661,35.226298],[137.024444,35.226306],[137.024146,35.226292],[137.023942,35.226275],[137.023675,35.226272],[137.023235,35.226282],[137.023112,35.22617],[137.022855,35.225993],[137.022721,35.226177],[137.022615,35.227265],[137.022877,35.227285],[137.023124,35.227296],[137.023068,35.227803],[137.02278,35.227769],[137.02153,35.227644],[137.02094,35.227564],[137.020707,35.227541],[137.02061,35.22753],[137.020473,35.22771],[137.020321,35.227924],[137.020197,35.228149],[137.020271,35.228392],[137.020322,35.228526],[137.020449,35.228731],[137.020546,35.228899],[137.020688,35.229159],[137.02078,35.229386],[137.02081,35.229549],[137.020843,35.22969],[137.020848,35.229899],[137.020853,35.230088],[137.020839,35.230268],[137.020853,35.230392],[137.020866,35.230561],[137.020893,35.230787],[137.020934,35.231147],[137.020947,35.23126],[137.022303,35.231171],[137.022601,35.231364],[137.02275,35.231574],[137.022979,35.231658],[137.02319,35.231774],[137.023438,35.232017],[137.023556,35.232113],[137.023797,35.232166],[137.023894,35.232244],[137.02413,35.232478],[137.024194,35.232578],[137.024203,35.232664],[137.024278,35.232751],[137.024457,35.232876],[137.024604,35.232932],[137.024739,35.233019],[137.0248,35.23326],[137.024847,35.233365],[137.024943,35.233488],[137.025138,35.233612],[137.02538,35.233846],[137.025514,35.233997],[137.025636,35.234175],[137.025738,35.234258],[137.025918,35.23435],[137.026025,35.23446],[137.026067,35.234556],[137.026041,35.234741],[137.026503,35.234794],[137.027153,35.234863],[137.027746,35.234948],[137.029648,35.23522],[137.029717,35.23523],[137.029752,35.23523],[137.029865,35.235037],[137.030491,35.232585],[137.030502,35.232438],[137.030428,35.232116],[137.030131,35.231505]]]}},{"type":"Feature","properties":{"name":"城前町上大道","city":"尾張旭市","code":"226","setai":5,"jinko":10,"n":1,"towns":["23226014004"],"lx":137.027825,"ly":35.213418},"geometry":{"type":"Polygon","coordinates":[[[137.028423,35.213335],[137.02831,35.213317],[137.028179,35.213305],[137.027727,35.213356],[137.027545,35.21336],[137.027336,35.213337],[137.027125,35.21333],[137.026676,35.213303],[137.026558,35.213295],[137.026674,35.213316],[137.027111,35.213396],[137.027744,35.213511],[137.028401,35.213577],[137.028406,35.213518],[137.028423,35.213335]]]}},{"type":"Feature","properties":{"name":"城前町城前","city":"尾張旭市","code":"226","setai":3,"jinko":5,"n":1,"towns":["23226014005"],"lx":137.028251,"ly":35.217525},"geometry":{"type":"Polygon","coordinates":[[[137.030117,35.217062],[137.028585,35.216806],[137.028337,35.216765],[137.028313,35.21676],[137.028125,35.216731],[137.027421,35.216619],[137.02685,35.216529],[137.026705,35.216869],[137.026563,35.217202],[137.026312,35.21779],[137.029476,35.218666],[137.029772,35.217918],[137.030117,35.217062]]]}},{"type":"Feature","properties":{"name":"城前町","city":"尾張旭市","code":"226","setai":708,"jinko":1910,"n":4,"towns":["23226014006","23226014007","23226014008","23226014009"],"lx":137.025028,"ly":35.215971},"geometry":{"type":"Polygon","coordinates":[[[137.02261,35.216711],[137.022706,35.216657],[137.022721,35.216649],[137.022747,35.216635],[137.022771,35.216362],[137.022783,35.216229],[137.022846,35.215528],[137.022833,35.215517],[137.022918,35.215504],[137.022922,35.215467],[137.023014,35.214618],[137.023154,35.213337],[137.023384,35.213315],[137.023472,35.213307],[137.024186,35.213258],[137.024256,35.213254],[137.024297,35.213252],[137.024815,35.213221],[137.02487,35.213218],[137.025162,35.213231],[137.025429,35.213244],[137.025639,35.213253],[137.026558,35.213295],[137.026674,35.213316],[137.027111,35.213396],[137.027744,35.213511],[137.027623,35.213951],[137.027427,35.214662],[137.027276,35.215209],[137.027269,35.215206],[137.027112,35.215797],[137.027002,35.216101],[137.02685,35.216529],[137.026705,35.216869],[137.026563,35.217202],[137.026312,35.21779],[137.025974,35.218604],[137.025958,35.218642],[137.025936,35.218697],[137.025819,35.21899],[137.025785,35.219066],[137.025671,35.21936],[137.025636,35.219818],[137.025328,35.21981],[137.025046,35.21981],[137.024755,35.2198],[137.024612,35.219784],[137.024403,35.219765],[137.024236,35.219737],[137.024237,35.219648],[137.024242,35.219525],[137.02425,35.219396],[137.02426,35.219309],[137.024269,35.219243],[137.024281,35.219115],[137.024297,35.219038],[137.024271,35.21896],[137.024132,35.218678],[137.024059,35.218531],[137.024005,35.218396],[137.023977,35.218329],[137.023881,35.218229],[137.023342,35.217714],[137.022854,35.217442],[137.022824,35.21732],[137.022828,35.217264],[137.022811,35.217256],[137.022767,35.217025],[137.022676,35.216938],[137.022662,35.216855],[137.02261,35.216711]]]}},{"type":"Feature","properties":{"name":"西大道町下大道","city":"尾張旭市","code":"226","setai":53,"jinko":137,"n":1,"towns":["23226015001"],"lx":137.027751,"ly":35.21218},"geometry":{"type":"Polygon","coordinates":[[[137.027727,35.213356],[137.028179,35.213305],[137.02831,35.213317],[137.028423,35.213335],[137.02848,35.213175],[137.028568,35.212919],[137.028665,35.212668],[137.028617,35.212644],[137.028593,35.212622],[137.028587,35.212578],[137.028606,35.212547],[137.028649,35.212521],[137.028725,35.212516],[137.028784,35.212531],[137.028947,35.212398],[137.029035,35.212341],[137.029282,35.21226],[137.029013,35.211799],[137.029252,35.211707],[137.029146,35.211543],[137.028938,35.211191],[137.028472,35.211239],[137.027866,35.211183],[137.027529,35.211145],[137.027017,35.210981],[137.026743,35.210867],[137.026723,35.211094],[137.026682,35.211572],[137.026607,35.212426],[137.026558,35.213295],[137.026676,35.213303],[137.027125,35.21333],[137.027336,35.213337],[137.027545,35.21336],[137.027727,35.213356]]]}},{"type":"Feature","properties":{"name":"西大道町八瀬の木前","city":"尾張旭市","code":"226","setai":6,"jinko":18,"n":1,"towns":["23226015002"],"lx":137.029901,"ly":35.21347},"geometry":{"type":"Polygon","coordinates":[[[137.030686,35.213026],[137.030571,35.213049],[137.030324,35.213103],[137.030162,35.213145],[137.029967,35.213196],[137.029731,35.213268],[137.029517,35.213342],[137.029306,35.213411],[137.029065,35.213492],[137.028952,35.213507],[137.028857,35.213494],[137.028744,35.213462],[137.028584,35.213393],[137.028423,35.213335],[137.028406,35.213518],[137.028401,35.213577],[137.028411,35.213578],[137.029286,35.213665],[137.030678,35.213804],[137.030704,35.213806],[137.030709,35.213779],[137.030672,35.213707],[137.030731,35.213565],[137.030729,35.213432],[137.030708,35.213311],[137.030686,35.213026]]]}},{"type":"Feature","properties":{"name":"西大道町六兵衛前","city":"尾張旭市","code":"226","setai":102,"jinko":301,"n":1,"towns":["23226015003"],"lx":137.029883,"ly":35.212319},"geometry":{"type":"Polygon","coordinates":[[[137.031262,35.21259],[137.031242,35.21251],[137.031215,35.212395],[137.031183,35.212261],[137.031171,35.212176],[137.03107,35.21206],[137.031058,35.212022],[137.031022,35.211901],[137.030986,35.211771],[137.030876,35.2117],[137.030847,35.21161],[137.030855,35.211518],[137.030897,35.211466],[137.030625,35.211343],[137.030444,35.211251],[137.03023,35.211165],[137.029732,35.211119],[137.029596,35.21112],[137.029433,35.211121],[137.029117,35.211148],[137.028938,35.211191],[137.029146,35.211543],[137.029252,35.211707],[137.029013,35.211799],[137.029282,35.21226],[137.029035,35.212341],[137.028947,35.212398],[137.028784,35.212531],[137.028725,35.212516],[137.028649,35.212521],[137.028606,35.212547],[137.028587,35.212578],[137.028593,35.212622],[137.028617,35.212644],[137.028665,35.212668],[137.028568,35.212919],[137.02848,35.213175],[137.028423,35.213335],[137.028584,35.213393],[137.028744,35.213462],[137.028857,35.213494],[137.028952,35.213507],[137.029065,35.213492],[137.029306,35.213411],[137.029517,35.213342],[137.029731,35.213268],[137.029967,35.213196],[137.030162,35.213145],[137.030324,35.213103],[137.030571,35.213049],[137.030686,35.213026],[137.030815,35.213],[137.031007,35.212994],[137.031296,35.212766],[137.031262,35.21259]]]}},{"type":"Feature","properties":{"name":"西大道町前田","city":"尾張旭市","code":"226","setai":154,"jinko":397,"n":1,"towns":["23226015004"],"lx":137.033309,"ly":35.212594},"geometry":{"type":"Polygon","coordinates":[[[137.035075,35.211983],[137.035233,35.211596],[137.035195,35.211564],[137.034581,35.211467],[137.034556,35.211593],[137.034352,35.211559],[137.034302,35.211772],[137.034178,35.211754],[137.034112,35.21175],[137.033939,35.211724],[137.033818,35.211708],[137.033588,35.211696],[137.03349,35.211657],[137.033391,35.211614],[137.033282,35.211515],[137.033188,35.211286],[137.033133,35.21115],[137.033082,35.210991],[137.032799,35.21099],[137.032713,35.211121],[137.03263,35.211262],[137.032546,35.211409],[137.032496,35.21148],[137.032437,35.211723],[137.032412,35.211807],[137.032268,35.211817],[137.032056,35.211827],[137.031974,35.211812],[137.031952,35.211749],[137.031942,35.211676],[137.031915,35.211496],[137.031876,35.21149],[137.031737,35.211566],[137.031623,35.211647],[137.031564,35.211675],[137.031492,35.211715],[137.031403,35.211745],[137.031179,35.211618],[137.030897,35.211466],[137.030855,35.211518],[137.030847,35.21161],[137.030876,35.2117],[137.030986,35.211771],[137.031022,35.211901],[137.031058,35.212022],[137.03107,35.21206],[137.031171,35.212176],[137.031183,35.212261],[137.031215,35.212395],[137.031242,35.21251],[137.031262,35.21259],[137.031296,35.212766],[137.031007,35.212994],[137.031517,35.213013],[137.031956,35.213133],[137.032151,35.213175],[137.032318,35.213211],[137.032527,35.213247],[137.032929,35.21343],[137.033103,35.213512],[137.033281,35.213607],[137.033448,35.213776],[137.033612,35.213965],[137.033709,35.214086],[137.033725,35.214105],[137.034085,35.214165],[137.034218,35.214198],[137.034785,35.214298],[137.034811,35.214188],[137.034827,35.214149],[137.03485,35.214066],[137.034881,35.213976],[137.034915,35.213795],[137.03492,35.213727],[137.034933,35.213532],[137.034943,35.213239],[137.034949,35.213086],[137.034955,35.212993],[137.034966,35.212855],[137.034964,35.212697],[137.03497,35.212548],[137.034968,35.212429],[137.034973,35.212343],[137.034984,35.21224],[137.035033,35.212121],[137.035075,35.211983]]]}},{"type":"Feature","properties":{"name":"西大道町五輪塚","city":"尾張旭市","code":"226","setai":18,"jinko":67,"n":1,"towns":["23226015005"],"lx":137.03198,"ly":35.21356},"geometry":{"type":"Polygon","coordinates":[[[137.033709,35.214086],[137.033612,35.213965],[137.033448,35.213776],[137.033281,35.213607],[137.033103,35.213512],[137.032929,35.21343],[137.032527,35.213247],[137.032318,35.213211],[137.032151,35.213175],[137.031956,35.213133],[137.031517,35.213013],[137.031007,35.212994],[137.030815,35.213],[137.030686,35.213026],[137.030708,35.213311],[137.030729,35.213432],[137.030731,35.213565],[137.030672,35.213707],[137.030709,35.213779],[137.030704,35.213806],[137.031628,35.213898],[137.033376,35.214072],[137.033701,35.214124],[137.033709,35.214086]]]}},{"type":"Feature","properties":{"name":"城山町長池下","city":"尾張旭市","code":"226","setai":4,"jinko":9,"n":1,"towns":["23226016001"],"lx":137.027742,"ly":35.220095},"geometry":{"type":"Polygon","coordinates":[[[137.029219,35.221007],[137.029174,35.220917],[137.02916,35.220837],[137.029229,35.220551],[137.029268,35.220466],[137.0293,35.220389],[137.029446,35.220144],[137.02968,35.219844],[137.029802,35.219712],[137.029938,35.219642],[137.030129,35.21965],[137.03031,35.219683],[137.030569,35.219441],[137.030773,35.219019],[137.03058,35.218967],[137.030375,35.218911],[137.030141,35.218854],[137.02999,35.218809],[137.029688,35.21873],[137.029476,35.218666],[137.026312,35.21779],[137.025974,35.218604],[137.025958,35.218642],[137.025936,35.218697],[137.025819,35.21899],[137.025785,35.219066],[137.025671,35.21936],[137.025636,35.219818],[137.025856,35.219818],[137.026213,35.219796],[137.02624,35.220111],[137.026225,35.220337],[137.026184,35.220528],[137.026101,35.220708],[137.026074,35.22081],[137.026101,35.2209],[137.026128,35.220979],[137.026171,35.221071],[137.026247,35.22112],[137.026235,35.221216],[137.026173,35.221343],[137.026259,35.221389],[137.026318,35.221465],[137.026348,35.221523],[137.026349,35.22162],[137.026319,35.221672],[137.026267,35.221729],[137.026159,35.221777],[137.026092,35.221817],[137.026047,35.22185],[137.025956,35.222044],[137.025866,35.22223],[137.027897,35.222502],[137.028995,35.222684],[137.028899,35.222447],[137.028708,35.222064],[137.028585,35.221906],[137.028187,35.221421],[137.029219,35.221007]]]}},{"type":"Feature","properties":{"name":"城山町城山","city":"尾張旭市","code":"226","setai":200,"jinko":518,"n":1,"towns":["23226016002"],"lx":137.027646,"ly":35.223906},"geometry":{"type":"Polygon","coordinates":[[[137.028031,35.224328],[137.028169,35.224136],[137.028745,35.224419],[137.029377,35.224725],[137.029569,35.224453],[137.02961,35.224341],[137.029446,35.224014],[137.029337,35.2238],[137.02924,35.223596],[137.029208,35.223496],[137.029226,35.223441],[137.029301,35.223332],[137.0294,35.223201],[137.029351,35.223169],[137.029228,35.223067],[137.029159,35.222999],[137.029105,35.222943],[137.02905,35.22283],[137.028995,35.222684],[137.027897,35.222502],[137.025866,35.22223],[137.025622,35.222774],[137.025717,35.222787],[137.025975,35.222819],[137.026185,35.222846],[137.026321,35.222876],[137.026441,35.222906],[137.026605,35.222951],[137.026729,35.222985],[137.026343,35.223852],[137.025994,35.224648],[137.025917,35.224823],[137.026134,35.224887],[137.027044,35.225154],[137.027263,35.225219],[137.027298,35.225281],[137.027365,35.225417],[137.027397,35.225531],[137.027423,35.225658],[137.027454,35.225784],[137.027479,35.225904],[137.027507,35.225995],[137.027548,35.22604],[137.027658,35.226051],[137.027869,35.226078],[137.027987,35.226097],[137.028111,35.226108],[137.028234,35.226131],[137.028327,35.226133],[137.028486,35.225919],[137.028774,35.225532],[137.028153,35.22524],[137.027906,35.225127],[137.027755,35.225048],[137.027646,35.224992],[137.027715,35.224857],[137.027811,35.224699],[137.027894,35.22453],[137.028031,35.224328]]]}},{"type":"Feature","properties":{"name":"城山町三ツ池","city":"尾張旭市","code":"226","setai":445,"jinko":1161,"n":1,"towns":["23226016003"],"lx":137.029545,"ly":35.22472},"geometry":{"type":"Polygon","coordinates":[[[137.030416,35.227237],[137.03043,35.227023],[137.03046,35.226901],[137.030588,35.226608],[137.030616,35.226543],[137.03061,35.226431],[137.030619,35.226276],[137.030702,35.226139],[137.030819,35.225956],[137.030897,35.225828],[137.03099,35.225675],[137.031075,35.225559],[137.031174,35.225424],[137.031251,35.22532],[137.031348,35.225181],[137.031421,35.225083],[137.031493,35.224969],[137.031288,35.224201],[137.031222,35.223906],[137.03115,35.223565],[137.031054,35.223216],[137.03104,35.22312],[137.030809,35.223012],[137.030369,35.222799],[137.029911,35.222585],[137.03003,35.221908],[137.0299,35.221841],[137.029817,35.221776],[137.029705,35.221658],[137.029618,35.221567],[137.029484,35.221414],[137.029219,35.221007],[137.028187,35.221421],[137.028585,35.221906],[137.028708,35.222064],[137.028899,35.222447],[137.028995,35.222684],[137.02905,35.22283],[137.029105,35.222943],[137.029159,35.222999],[137.029228,35.223067],[137.029351,35.223169],[137.0294,35.223201],[137.029301,35.223332],[137.029226,35.223441],[137.029208,35.223496],[137.02924,35.223596],[137.029337,35.2238],[137.029446,35.224014],[137.02961,35.224341],[137.029569,35.224453],[137.029377,35.224725],[137.028745,35.224419],[137.028169,35.224136],[137.028031,35.224328],[137.027894,35.22453],[137.027811,35.224699],[137.027715,35.224857],[137.027646,35.224992],[137.027755,35.225048],[137.027906,35.225127],[137.028153,35.22524],[137.028774,35.225532],[137.028486,35.225919],[137.028327,35.226133],[137.028234,35.226131],[137.028111,35.226108],[137.027987,35.226097],[137.027869,35.226078],[137.027797,35.226203],[137.027724,35.226377],[137.027659,35.226371],[137.027525,35.226357],[137.027454,35.226329],[137.027363,35.226286],[137.027284,35.226368],[137.027167,35.226478],[137.027071,35.226578],[137.026988,35.226668],[137.026826,35.226812],[137.026719,35.226933],[137.026981,35.22697],[137.027278,35.227005],[137.027406,35.226965],[137.027539,35.227033],[137.027715,35.227078],[137.027904,35.227096],[137.02804,35.227077],[137.028219,35.227021],[137.028398,35.226965],[137.028714,35.226897],[137.028837,35.226898],[137.028947,35.22692],[137.029079,35.226964],[137.029248,35.227029],[137.029661,35.227223],[137.029931,35.227165],[137.030079,35.227242],[137.030153,35.227361],[137.030216,35.227429],[137.030254,35.22748],[137.030359,35.227388],[137.030402,35.22735],[137.030416,35.227237]]]}},{"type":"Feature","properties":{"name":"城山町向ケ丘","city":"尾張旭市","code":"226","setai":50,"jinko":107,"n":1,"towns":["23226016004"],"lx":137.032835,"ly":35.225177},"geometry":{"type":"Polygon","coordinates":[[[137.036274,35.223819],[137.036107,35.223616],[137.035997,35.223526],[137.035626,35.223288],[137.035135,35.222989],[137.034597,35.222735],[137.034529,35.222746],[137.033979,35.223095],[137.033897,35.223151],[137.033814,35.223253],[137.033745,35.223354],[137.033676,35.223467],[137.033649,35.223568],[137.033594,35.223647],[137.033525,35.223692],[137.033429,35.223737],[137.033333,35.223759],[137.033223,35.22377],[137.033099,35.223703],[137.033043,35.223634],[137.033022,35.223571],[137.033034,35.223465],[137.033191,35.223127],[137.032304,35.2228],[137.03115,35.223565],[137.031222,35.223906],[137.031288,35.224201],[137.031493,35.224969],[137.031421,35.225083],[137.031348,35.225181],[137.031251,35.22532],[137.031174,35.225424],[137.031075,35.225559],[137.03099,35.225675],[137.030897,35.225828],[137.030819,35.225956],[137.030702,35.226139],[137.030619,35.226276],[137.03061,35.226431],[137.030616,35.226543],[137.030588,35.226608],[137.03046,35.226901],[137.03043,35.227023],[137.030416,35.227237],[137.030402,35.22735],[137.030359,35.227388],[137.030254,35.22748],[137.030296,35.227628],[137.030466,35.228058],[137.03057,35.228314],[137.031867,35.228116],[137.031929,35.228087],[137.032025,35.228034],[137.032101,35.227983],[137.032154,35.227939],[137.032228,35.22786],[137.032337,35.227724],[137.03242,35.227533],[137.032489,35.227375],[137.03253,35.227274],[137.032586,35.22715],[137.032668,35.226992],[137.03276,35.226754],[137.032841,35.226632],[137.033023,35.226478],[137.0338,35.225912],[137.034089,35.225693],[137.034246,35.225583],[137.034428,35.225446],[137.034588,35.225319],[137.034731,35.225214],[137.034882,35.225079],[137.03513,35.224832],[137.035377,35.224595],[137.035556,35.224426],[137.035721,35.224303],[137.035845,35.224268],[137.03593,35.22424],[137.036017,35.2242],[137.036087,35.224145],[137.036132,35.224098],[137.036212,35.224007],[137.036264,35.223912],[137.036285,35.223853],[137.036274,35.223819]]]}},{"type":"Feature","properties":{"name":"新居町木の本","city":"尾張旭市","code":"226","setai":87,"jinko":200,"n":1,"towns":["23226017001"],"lx":137.031411,"ly":35.218361},"geometry":{"type":"Polygon","coordinates":[[[137.033447,35.218773],[137.033247,35.218669],[137.03299,35.218575],[137.032723,35.218412],[137.03261,35.218356],[137.032399,35.218277],[137.032336,35.218228],[137.032161,35.218122],[137.0321,35.218077],[137.032074,35.218001],[137.031991,35.217891],[137.031895,35.217769],[137.031863,35.217703],[137.031919,35.217611],[137.031986,35.217525],[137.032071,35.217394],[137.031629,35.217321],[137.031091,35.21723],[137.030659,35.217157],[137.030468,35.217122],[137.030199,35.217076],[137.030117,35.217062],[137.029772,35.217918],[137.029476,35.218666],[137.029688,35.21873],[137.02999,35.218809],[137.030141,35.218854],[137.030375,35.218911],[137.03058,35.218967],[137.030773,35.219019],[137.030924,35.218934],[137.031006,35.218742],[137.031137,35.218771],[137.031238,35.218889],[137.031401,35.218965],[137.031543,35.219057],[137.031671,35.219127],[137.031847,35.219293],[137.032003,35.219338],[137.032234,35.219396],[137.032396,35.219439],[137.032656,35.219503],[137.032945,35.21961],[137.033087,35.219641],[137.033243,35.219691],[137.033257,35.219601],[137.033284,35.219534],[137.033312,35.219432],[137.03334,35.219353],[137.033381,35.219263],[137.033422,35.219218],[137.033529,35.219069],[137.033585,35.219026],[137.033683,35.218892],[137.033447,35.218773]]]}},{"type":"Feature","properties":{"name":"新居町山の田","city":"尾張旭市","code":"226","setai":92,"jinko":201,"n":1,"towns":["23226017002"],"lx":137.031004,"ly":35.220797},"geometry":{"type":"Polygon","coordinates":[[[137.032789,35.220006],[137.032945,35.21961],[137.032656,35.219503],[137.032396,35.219439],[137.032234,35.219396],[137.032003,35.219338],[137.031847,35.219293],[137.031671,35.219127],[137.031543,35.219057],[137.031401,35.218965],[137.031238,35.218889],[137.031137,35.218771],[137.031006,35.218742],[137.030924,35.218934],[137.030773,35.219019],[137.030569,35.219441],[137.03031,35.219683],[137.030129,35.21965],[137.029938,35.219642],[137.029802,35.219712],[137.02968,35.219844],[137.029446,35.220144],[137.0293,35.220389],[137.029268,35.220466],[137.029229,35.220551],[137.02916,35.220837],[137.029174,35.220917],[137.029219,35.221007],[137.029484,35.221414],[137.029618,35.221567],[137.029705,35.221658],[137.029817,35.221776],[137.0299,35.221841],[137.03003,35.221908],[137.029911,35.222585],[137.030369,35.222799],[137.030809,35.223012],[137.03104,35.22312],[137.031027,35.223024],[137.031068,35.222821],[137.03111,35.222652],[137.031151,35.222438],[137.031207,35.222236],[137.031539,35.222222],[137.031536,35.222157],[137.03155,35.222044],[137.031686,35.222034],[137.031688,35.221887],[137.032423,35.221815],[137.032389,35.221595],[137.032375,35.221448],[137.032362,35.221324],[137.032431,35.221031],[137.032555,35.220603],[137.032624,35.220389],[137.03272,35.220164],[137.03276,35.220071],[137.032789,35.220006]]]}},{"type":"Feature","properties":{"name":"新居町西浦","city":"尾張旭市","code":"226","setai":144,"jinko":315,"n":1,"towns":["23226017003"],"lx":137.03322,"ly":35.221258},"geometry":{"type":"Polygon","coordinates":[[[137.03115,35.223565],[137.032304,35.2228],[137.033191,35.223127],[137.033034,35.223465],[137.033461,35.222824],[137.033579,35.222736],[137.033615,35.22268],[137.033686,35.222542],[137.033787,35.22243],[137.033865,35.222357],[137.033971,35.222291],[137.034076,35.222228],[137.034118,35.222171],[137.034187,35.222081],[137.034228,35.221991],[137.034269,35.22189],[137.034296,35.221795],[137.034327,35.221685],[137.034356,35.221617],[137.034379,35.221522],[137.034467,35.221521],[137.034511,35.221291],[137.03457,35.221015],[137.034632,35.220653],[137.034677,35.220514],[137.034772,35.220299],[137.034815,35.220273],[137.034894,35.22021],[137.034938,35.220118],[137.034976,35.220016],[137.034909,35.219972],[137.034884,35.219921],[137.034902,35.21956],[137.034874,35.219531],[137.034745,35.219508],[137.034669,35.219469],[137.034627,35.219391],[137.034599,35.219285],[137.034443,35.219211],[137.034269,35.219109],[137.034052,35.218996],[137.033718,35.218851],[137.033683,35.218892],[137.033585,35.219026],[137.033529,35.219069],[137.033422,35.219218],[137.033381,35.219263],[137.03334,35.219353],[137.033312,35.219432],[137.033284,35.219534],[137.033257,35.219601],[137.033243,35.219691],[137.033087,35.219641],[137.032945,35.21961],[137.032789,35.220006],[137.03276,35.220071],[137.03272,35.220164],[137.032624,35.220389],[137.032555,35.220603],[137.032431,35.221031],[137.032362,35.221324],[137.032375,35.221448],[137.032389,35.221595],[137.032423,35.221815],[137.031688,35.221887],[137.031686,35.222034],[137.03155,35.222044],[137.031536,35.222157],[137.031539,35.222222],[137.031207,35.222236],[137.031151,35.222438],[137.03111,35.222652],[137.031068,35.222821],[137.031027,35.223024],[137.03104,35.22312],[137.031054,35.223216],[137.03115,35.223565]]]}},{"type":"Feature","properties":{"name":"新居町寺田","city":"尾張旭市","code":"226","setai":184,"jinko":491,"n":1,"towns":["23226017004"],"lx":137.036279,"ly":35.222168},"geometry":{"type":"Polygon","coordinates":[[[137.037381,35.223423],[137.037438,35.223372],[137.037657,35.223541],[137.03791,35.22374],[137.038064,35.223754],[137.038137,35.223726],[137.038247,35.223685],[137.038408,35.223609],[137.038526,35.223559],[137.038628,35.223485],[137.038872,35.223289],[137.03914,35.223081],[137.039288,35.22292],[137.039389,35.222817],[137.0396,35.222585],[137.03939,35.222539],[137.039111,35.222457],[137.038916,35.222382],[137.038829,35.222325],[137.03864,35.22217],[137.038571,35.222104],[137.038281,35.221929],[137.037573,35.221428],[137.037247,35.221177],[137.037153,35.221106],[137.037141,35.221036],[137.03718,35.22084],[137.036763,35.220611],[137.036415,35.22045],[137.036229,35.220303],[137.036058,35.220261],[137.035676,35.220191],[137.03533,35.220119],[137.034976,35.220016],[137.034938,35.220118],[137.034894,35.22021],[137.034815,35.220273],[137.034772,35.220299],[137.034677,35.220514],[137.034632,35.220653],[137.03457,35.221015],[137.034511,35.221291],[137.034467,35.221521],[137.034379,35.221522],[137.034356,35.221617],[137.034327,35.221685],[137.034296,35.221795],[137.034269,35.22189],[137.034228,35.221991],[137.034187,35.222081],[137.034118,35.222171],[137.034076,35.222228],[137.033971,35.222291],[137.033865,35.222357],[137.033787,35.22243],[137.033686,35.222542],[137.033615,35.22268],[137.033579,35.222736],[137.033461,35.222824],[137.033034,35.223465],[137.033022,35.223571],[137.033043,35.223634],[137.033099,35.223703],[137.033223,35.22377],[137.033333,35.223759],[137.033429,35.223737],[137.033525,35.223692],[137.033594,35.223647],[137.033649,35.223568],[137.033676,35.223467],[137.033745,35.223354],[137.033814,35.223253],[137.033897,35.223151],[137.033979,35.223095],[137.034529,35.222746],[137.034597,35.222735],[137.035135,35.222989],[137.035626,35.223288],[137.035997,35.223526],[137.036107,35.223616],[137.036274,35.223819],[137.036537,35.223746],[137.036732,35.223674],[137.036798,35.223638],[137.036861,35.223571],[137.036933,35.22353],[137.037141,35.223523],[137.037276,35.223485],[137.037381,35.223423]]]}},{"type":"Feature","properties":{"name":"新居町上の田","city":"尾張旭市","code":"226","setai":229,"jinko":565,"n":1,"towns":["23226017005"],"lx":137.038802,"ly":35.220863},"geometry":{"type":"Polygon","coordinates":[[[137.040443,35.221588],[137.040568,35.221497],[137.04066,35.221499],[137.040679,35.221399],[137.040467,35.221152],[137.040355,35.220955],[137.040148,35.220826],[137.039912,35.220481],[137.039491,35.219859],[137.039208,35.219579],[137.039038,35.219398],[137.038846,35.219311],[137.038755,35.219289],[137.038481,35.219228],[137.037797,35.219072],[137.037539,35.21975],[137.037394,35.220186],[137.037285,35.220523],[137.037253,35.220624],[137.03718,35.22084],[137.037141,35.221036],[137.037153,35.221106],[137.037247,35.221177],[137.037573,35.221428],[137.038281,35.221929],[137.038571,35.222104],[137.03864,35.22217],[137.038829,35.222325],[137.038916,35.222382],[137.039111,35.222457],[137.03939,35.222539],[137.0396,35.222585],[137.039682,35.222566],[137.039764,35.222514],[137.039925,35.222433],[137.039982,35.222371],[137.040011,35.22231],[137.040047,35.222221],[137.040051,35.222179],[137.040065,35.222124],[137.040087,35.222053],[137.0401,35.221986],[137.040114,35.221893],[137.040166,35.221814],[137.040228,35.221772],[137.040317,35.221706],[137.040443,35.221588]]]}},{"type":"Feature","properties":{"name":"新居町今池下","city":"尾張旭市","code":"226","setai":162,"jinko":411,"n":1,"towns":["23226017006"],"lx":137.036687,"ly":35.225348},"geometry":{"type":"Polygon","coordinates":[[[137.03334,35.227866],[137.033439,35.227864],[137.033551,35.22792],[137.0337,35.227934],[137.033854,35.227929],[137.034026,35.22792],[137.034206,35.227913],[137.034284,35.227893],[137.034358,35.227854],[137.03443,35.227793],[137.034472,35.227695],[137.034528,35.227612],[137.034615,35.227472],[137.034814,35.227295],[137.034957,35.227271],[137.03524,35.227243],[137.035379,35.227264],[137.035557,35.227323],[137.03578,35.227456],[137.03611,35.227515],[137.036333,35.227506],[137.036369,35.227202],[137.036447,35.2271],[137.036527,35.226308],[137.036547,35.226111],[137.036668,35.225993],[137.036852,35.225924],[137.036986,35.225847],[137.037149,35.225756],[137.037353,35.225637],[137.03745,35.225591],[137.037651,35.225593],[137.037983,35.22564],[137.038103,35.225657],[137.038153,35.225661],[137.038226,35.225638],[137.038475,35.225496],[137.038519,35.225418],[137.038647,35.225323],[137.038634,35.225129],[137.038679,35.224948],[137.03875,35.224842],[137.03892,35.225105],[137.039083,35.224972],[137.039241,35.22485],[137.03955,35.224634],[137.039619,35.224632],[137.039588,35.22525],[137.039705,35.225251],[137.03995,35.225228],[137.040247,35.225178],[137.040462,35.224835],[137.040641,35.224544],[137.040961,35.224043],[137.041295,35.223858],[137.04123,35.223793],[137.041168,35.223737],[137.041068,35.223627],[137.040955,35.223518],[137.040839,35.223392],[137.040757,35.223282],[137.04062,35.223039],[137.040571,35.222981],[137.040417,35.22291],[137.04016,35.222811],[137.039861,35.222572],[137.039764,35.222514],[137.039682,35.222566],[137.0396,35.222585],[137.039389,35.222817],[137.039288,35.22292],[137.03914,35.223081],[137.038872,35.223289],[137.038628,35.223485],[137.038526,35.223559],[137.038408,35.223609],[137.038247,35.223685],[137.038137,35.223726],[137.038064,35.223754],[137.03791,35.22374],[137.037657,35.223541],[137.037438,35.223372],[137.037381,35.223423],[137.037276,35.223485],[137.037141,35.223523],[137.036933,35.22353],[137.036861,35.223571],[137.036798,35.223638],[137.036732,35.223674],[137.036537,35.223746],[137.036274,35.223819],[137.036285,35.223853],[137.036264,35.223912],[137.036212,35.224007],[137.036132,35.224098],[137.036087,35.224145],[137.036017,35.2242],[137.03593,35.22424],[137.035845,35.224268],[137.035721,35.224303],[137.035556,35.224426],[137.035377,35.224595],[137.03513,35.224832],[137.034882,35.225079],[137.034731,35.225214],[137.034588,35.225319],[137.034428,35.225446],[137.034246,35.225583],[137.034089,35.225693],[137.0338,35.225912],[137.033023,35.226478],[137.032841,35.226632],[137.03276,35.226754],[137.032668,35.226992],[137.032586,35.22715],[137.03253,35.227274],[137.032489,35.227375],[137.03242,35.227533],[137.032337,35.227724],[137.032228,35.22786],[137.03224,35.227965],[137.032257,35.228065],[137.03229,35.228141],[137.032327,35.228198],[137.032422,35.228261],[137.032551,35.228289],[137.03263,35.228279],[137.032959,35.228077],[137.033262,35.227889],[137.03334,35.227866]]]}},{"type":"Feature","properties":{"name":"新居町下切戸","city":"尾張旭市","code":"226","setai":224,"jinko":549,"n":1,"towns":["23226017007"],"lx":137.041864,"ly":35.222543},"geometry":{"type":"Polygon","coordinates":[[[137.044661,35.224182],[137.045142,35.223972],[137.045145,35.223872],[137.045147,35.223727],[137.044767,35.223855],[137.044508,35.223954],[137.044325,35.22403],[137.044035,35.224047],[137.043324,35.223751],[137.043321,35.223116],[137.042934,35.222712],[137.042904,35.222664],[137.042906,35.222621],[137.042899,35.222353],[137.042605,35.222313],[137.042674,35.222222],[137.042795,35.222138],[137.042843,35.222098],[137.042869,35.222072],[137.042914,35.222021],[137.042722,35.221894],[137.042492,35.221742],[137.042884,35.221073],[137.042879,35.220831],[137.042699,35.220833],[137.042283,35.220843],[137.041936,35.220859],[137.041839,35.220965],[137.041774,35.220989],[137.041648,35.221005],[137.041548,35.221018],[137.041255,35.221106],[137.041026,35.221103],[137.04085,35.22113],[137.040467,35.221152],[137.040679,35.221399],[137.04066,35.221499],[137.040568,35.221497],[137.040443,35.221588],[137.040317,35.221706],[137.040228,35.221772],[137.040166,35.221814],[137.040114,35.221893],[137.0401,35.221986],[137.040087,35.222053],[137.040065,35.222124],[137.040051,35.222179],[137.040047,35.222221],[137.040011,35.22231],[137.039982,35.222371],[137.039925,35.222433],[137.039764,35.222514],[137.039861,35.222572],[137.04016,35.222811],[137.040417,35.22291],[137.040571,35.222981],[137.04062,35.223039],[137.040757,35.223282],[137.040839,35.223392],[137.040955,35.223518],[137.041068,35.223627],[137.041168,35.223737],[137.04123,35.223793],[137.041295,35.223858],[137.041372,35.223902],[137.041457,35.223944],[137.041525,35.223954],[137.041624,35.223956],[137.041723,35.223952],[137.041894,35.223947],[137.04205,35.223938],[137.042126,35.223933],[137.042223,35.223915],[137.042351,35.223873],[137.042626,35.223787],[137.042759,35.22375],[137.042828,35.223755],[137.042981,35.223818],[137.043365,35.223976],[137.043827,35.224162],[137.044301,35.224344],[137.04444,35.224405],[137.044517,35.224251],[137.044661,35.224182]]]}},{"type":"Feature","properties":{"name":"新居町諏訪南","city":"尾張旭市","code":"226","setai":49,"jinko":123,"n":1,"towns":["23226017008"],"lx":137.040952,"ly":35.220009},"geometry":{"type":"Polygon","coordinates":[[[137.04085,35.22113],[137.041026,35.221103],[137.041255,35.221106],[137.041548,35.221018],[137.041648,35.221005],[137.041774,35.220989],[137.041839,35.220965],[137.041936,35.220859],[137.042283,35.220843],[137.042699,35.220833],[137.042879,35.220831],[137.042627,35.220572],[137.042482,35.220391],[137.042463,35.220367],[137.042328,35.220199],[137.042197,35.220043],[137.04195,35.219746],[137.041901,35.219696],[137.041895,35.219689],[137.041572,35.219354],[137.041541,35.219301],[137.041541,35.219091],[137.041471,35.218964],[137.041371,35.218867],[137.040479,35.218858],[137.040521,35.218615],[137.040317,35.218582],[137.040196,35.218565],[137.040165,35.218707],[137.040148,35.218774],[137.040137,35.218826],[137.040119,35.218888],[137.040009,35.218943],[137.039828,35.219178],[137.03974,35.219336],[137.039659,35.219517],[137.039581,35.219713],[137.039491,35.219859],[137.039912,35.220481],[137.040148,35.220826],[137.040355,35.220955],[137.040467,35.221152],[137.04085,35.22113]]]}},{"type":"Feature","properties":{"name":"新居町明才切","city":"尾張旭市","code":"226","setai":83,"jinko":217,"n":1,"towns":["23226017009"],"lx":137.035896,"ly":35.219379},"geometry":{"type":"Polygon","coordinates":[[[137.034093,35.218211],[137.033872,35.218179],[137.033718,35.218851],[137.034052,35.218996],[137.034269,35.219109],[137.034443,35.219211],[137.034599,35.219285],[137.034627,35.219391],[137.034669,35.219469],[137.034745,35.219508],[137.034874,35.219531],[137.034902,35.21956],[137.034884,35.219921],[137.034909,35.219972],[137.034976,35.220016],[137.03533,35.220119],[137.035676,35.220191],[137.036058,35.220261],[137.036229,35.220303],[137.036415,35.22045],[137.036763,35.220611],[137.03718,35.22084],[137.037253,35.220624],[137.037285,35.220523],[137.037394,35.220186],[137.037539,35.21975],[137.037797,35.219072],[137.036559,35.218781],[137.034178,35.218231],[137.034093,35.218211]]]}},{"type":"Feature","properties":{"name":"新居町五反田","city":"尾張旭市","code":"226","setai":55,"jinko":115,"n":1,"towns":["23226017010"],"lx":137.033048,"ly":35.218007},"geometry":{"type":"Polygon","coordinates":[[[137.033872,35.218179],[137.034036,35.217463],[137.033984,35.217475],[137.033853,35.217495],[137.033677,35.217517],[137.033568,35.21753],[137.033429,35.217534],[137.033388,35.217536],[137.033251,35.217536],[137.033105,35.217532],[137.033072,35.217531],[137.032951,35.21753],[137.032817,35.217516],[137.032596,35.217488],[137.032505,35.217471],[137.032302,35.217437],[137.032071,35.217394],[137.031986,35.217525],[137.031919,35.217611],[137.031863,35.217703],[137.031895,35.217769],[137.031991,35.217891],[137.032074,35.218001],[137.0321,35.218077],[137.032161,35.218122],[137.032336,35.218228],[137.032399,35.218277],[137.03261,35.218356],[137.032723,35.218412],[137.03299,35.218575],[137.033247,35.218669],[137.033447,35.218773],[137.033683,35.218892],[137.033718,35.218851],[137.033872,35.218179]]]}},{"type":"Feature","properties":{"name":"東大道町原田","city":"尾張旭市","code":"226","setai":429,"jinko":1006,"n":1,"towns":["23226018001"],"lx":137.037612,"ly":35.217001},"geometry":{"type":"Polygon","coordinates":[[[137.040165,35.218707],[137.040196,35.218565],[137.040317,35.218582],[137.040521,35.218615],[137.040479,35.218858],[137.041371,35.218867],[137.041396,35.218825],[137.041578,35.218696],[137.041583,35.218615],[137.04165,35.218561],[137.041548,35.218472],[137.041539,35.218404],[137.04148,35.217946],[137.041451,35.217811],[137.041431,35.21772],[137.041344,35.217692],[137.041229,35.217654],[137.041176,35.217633],[137.04117,35.217595],[137.041187,35.217409],[137.041234,35.217022],[137.041259,35.216862],[137.041265,35.216778],[137.041263,35.216673],[137.041258,35.216577],[137.041267,35.216508],[137.041299,35.216392],[137.041322,35.216282],[137.041272,35.216239],[137.041041,35.216096],[137.040935,35.216028],[137.040893,35.215826],[137.040875,35.215741],[137.040483,35.21582],[137.040286,35.215862],[137.040123,35.2159],[137.039987,35.215925],[137.039825,35.215947],[137.039633,35.215971],[137.039336,35.21601],[137.039255,35.216004],[137.039181,35.215991],[137.039142,35.215972],[137.039084,35.215917],[137.039023,35.215835],[137.038975,35.21578],[137.038927,35.215739],[137.038882,35.215718],[137.038817,35.215698],[137.038776,35.215666],[137.038654,35.21554],[137.038616,35.215475],[137.038552,35.215313],[137.038515,35.215203],[137.038497,35.215147],[137.038419,35.214959],[137.038375,35.214902],[137.0383,35.214854],[137.038196,35.214815],[137.03809,35.214763],[137.038027,35.214698],[137.037969,35.214599],[137.037783,35.214608],[137.037578,35.214605],[137.037347,35.214609],[137.037178,35.214612],[137.03689,35.214595],[137.036679,35.214584],[137.036474,35.21457],[137.036282,35.214548],[137.036026,35.214517],[137.035714,35.214463],[137.03533,35.21439],[137.034806,35.214301],[137.034658,35.214918],[137.034556,35.215341],[137.034525,35.215332],[137.034489,35.215503],[137.034476,35.215565],[137.034427,35.215749],[137.034389,35.215918],[137.034374,35.215986],[137.034355,35.216071],[137.034307,35.216268],[137.034309,35.216275],[137.034282,35.216391],[137.034068,35.217322],[137.034036,35.217463],[137.033872,35.218179],[137.034093,35.218211],[137.034178,35.218231],[137.036559,35.218781],[137.037797,35.219072],[137.038481,35.219228],[137.038755,35.219289],[137.038846,35.219311],[137.039038,35.219398],[137.039208,35.219579],[137.039491,35.219859],[137.039581,35.219713],[137.039659,35.219517],[137.03974,35.219336],[137.039828,35.219178],[137.040009,35.218943],[137.040119,35.218888],[137.040137,35.218826],[137.040148,35.218774],[137.040165,35.218707]]]}},{"type":"Feature","properties":{"name":"東大道町山の内","city":"尾張旭市","code":"226","setai":71,"jinko":160,"n":1,"towns":["23226018002"],"lx":137.035974,"ly":35.21333},"geometry":{"type":"Polygon","coordinates":[[[137.037347,35.214609],[137.037578,35.214605],[137.037783,35.214608],[137.037969,35.214599],[137.0379,35.214503],[137.037847,35.214439],[137.037801,35.214386],[137.037767,35.214349],[137.037694,35.214301],[137.037589,35.214253],[137.037412,35.214187],[137.037216,35.214114],[137.036999,35.214033],[137.036895,35.213973],[137.036841,35.213925],[137.036796,35.213856],[137.036795,35.213741],[137.036881,35.212825],[137.036833,35.212735],[137.036704,35.212629],[137.036552,35.212496],[137.036594,35.21233],[137.036334,35.212251],[137.036311,35.211951],[137.036053,35.211891],[137.035841,35.211821],[137.035491,35.211694],[137.035233,35.211596],[137.035075,35.211983],[137.035033,35.212121],[137.034984,35.21224],[137.034973,35.212343],[137.034968,35.212429],[137.03497,35.212548],[137.034964,35.212697],[137.034966,35.212855],[137.034955,35.212993],[137.034949,35.213086],[137.034943,35.213239],[137.034933,35.213532],[137.03492,35.213727],[137.034915,35.213795],[137.034881,35.213976],[137.03485,35.214066],[137.034827,35.214149],[137.034811,35.214188],[137.034785,35.214298],[137.034806,35.214301],[137.03533,35.21439],[137.035714,35.214463],[137.036026,35.214517],[137.036282,35.214548],[137.036474,35.21457],[137.036679,35.214584],[137.03689,35.214595],[137.037178,35.214612],[137.037347,35.214609]]]}},{"type":"Feature","properties":{"name":"東大道町曽我廻間","city":"尾張旭市","code":"226","setai":170,"jinko":392,"n":1,"towns":["23226018003"],"lx":137.038614,"ly":35.213323},"geometry":{"type":"Polygon","coordinates":[[[137.038324,35.214793],[137.03837,35.214684],[137.038511,35.214756],[137.03888,35.214753],[137.039071,35.214742],[137.039236,35.214765],[137.039388,35.214776],[137.039469,35.214758],[137.039528,35.21474],[137.039672,35.214667],[137.039754,35.214631],[137.039904,35.21455],[137.04016,35.214558],[137.041016,35.214543],[137.041454,35.214529],[137.041629,35.214524],[137.041725,35.214521],[137.041834,35.214497],[137.041995,35.21455],[137.04193,35.214485],[137.041903,35.214429],[137.041845,35.214433],[137.04181,35.214431],[137.041748,35.21443],[137.041671,35.214435],[137.040846,35.214453],[137.040677,35.213994],[137.040492,35.213841],[137.040391,35.213758],[137.040201,35.213755],[137.040045,35.213691],[137.03992,35.213563],[137.039839,35.213435],[137.039787,35.213289],[137.039845,35.21263],[137.039577,35.212156],[137.039519,35.212156],[137.03944,35.211947],[137.039417,35.211902],[137.039391,35.211815],[137.039374,35.21177],[137.039346,35.211739],[137.039328,35.211712],[137.039303,35.211679],[137.039256,35.211622],[137.039198,35.211574],[137.039173,35.211552],[137.039136,35.211537],[137.039101,35.211493],[137.038931,35.211516],[137.038686,35.211575],[137.038514,35.211623],[137.03836,35.21176],[137.038255,35.211861],[137.038185,35.211908],[137.038104,35.211941],[137.037601,35.212097],[137.037221,35.212209],[137.036865,35.212283],[137.036594,35.21233],[137.036552,35.212496],[137.036704,35.212629],[137.036833,35.212735],[137.036881,35.212825],[137.036795,35.213741],[137.036796,35.213856],[137.036841,35.213925],[137.036895,35.213973],[137.036999,35.214033],[137.037216,35.214114],[137.037412,35.214187],[137.037589,35.214253],[137.037694,35.214301],[137.037767,35.214349],[137.037801,35.214386],[137.037847,35.214439],[137.0379,35.214503],[137.037969,35.214599],[137.038027,35.214698],[137.03809,35.214763],[137.038196,35.214815],[137.0383,35.214854],[137.038324,35.214793]]]}},{"type":"Feature","properties":{"name":"旭ケ丘町山の手","city":"尾張旭市","code":"226","setai":603,"jinko":1640,"n":1,"towns":["23226019001"],"lx":137.038674,"ly":35.227902},"geometry":{"type":"Polygon","coordinates":[[[137.041493,35.231307],[137.041467,35.231177],[137.041454,35.231109],[137.041396,35.23089],[137.041381,35.230832],[137.041347,35.230763],[137.041332,35.230731],[137.041246,35.230588],[137.041219,35.230543],[137.041052,35.2303],[137.04084,35.229998],[137.040662,35.229783],[137.040594,35.22968],[137.040455,35.229605],[137.040248,35.229609],[137.040212,35.22967],[137.040075,35.229646],[137.039604,35.22937],[137.039639,35.229141],[137.039649,35.228925],[137.039848,35.228913],[137.039938,35.228848],[137.040182,35.228762],[137.040263,35.228681],[137.04047,35.228504],[137.040768,35.228246],[137.040841,35.227242],[137.039789,35.22699],[137.039803,35.226722],[137.039829,35.226651],[137.039888,35.22656],[137.040008,35.226527],[137.040213,35.226555],[137.040453,35.226624],[137.040568,35.226637],[137.040679,35.226624],[137.040841,35.226577],[137.040966,35.226517],[137.041095,35.226472],[137.04132,35.226388],[137.041474,35.226094],[137.04154,35.226002],[137.041674,35.225925],[137.041804,35.225853],[137.041997,35.225751],[137.042203,35.225636],[137.042297,35.225394],[137.04265,35.22487],[137.04251,35.22418],[137.042413,35.224067],[137.042351,35.223873],[137.042223,35.223915],[137.042126,35.223933],[137.04205,35.223938],[137.041894,35.223947],[137.041723,35.223952],[137.041624,35.223956],[137.041525,35.223954],[137.041457,35.223944],[137.041372,35.223902],[137.041295,35.223858],[137.040961,35.224043],[137.040641,35.224544],[137.040462,35.224835],[137.040247,35.225178],[137.03995,35.225228],[137.039705,35.225251],[137.039588,35.22525],[137.039619,35.224632],[137.03955,35.224634],[137.039241,35.22485],[137.039083,35.224972],[137.03892,35.225105],[137.03875,35.224842],[137.038679,35.224948],[137.038634,35.225129],[137.038647,35.225323],[137.038519,35.225418],[137.038475,35.225496],[137.038226,35.225638],[137.038153,35.225661],[137.038103,35.225657],[137.037983,35.22564],[137.037651,35.225593],[137.03745,35.225591],[137.037353,35.225637],[137.037149,35.225756],[137.036986,35.225847],[137.036852,35.225924],[137.036668,35.225993],[137.036547,35.226111],[137.036527,35.226308],[137.036447,35.2271],[137.036369,35.227202],[137.036333,35.227506],[137.03611,35.227515],[137.03578,35.227456],[137.035557,35.227323],[137.035379,35.227264],[137.03524,35.227243],[137.034957,35.227271],[137.034814,35.227295],[137.034615,35.227472],[137.034528,35.227612],[137.034472,35.227695],[137.03443,35.227793],[137.035013,35.228556],[137.035303,35.228952],[137.035471,35.229183],[137.035851,35.229678],[137.036033,35.229909],[137.036283,35.230237],[137.036461,35.230459],[137.03669,35.230664],[137.037086,35.230948],[137.037254,35.231054],[137.037533,35.231258],[137.037817,35.23113],[137.037927,35.231116],[137.038259,35.231116],[137.038468,35.231118],[137.038727,35.231118],[137.038921,35.231123],[137.039353,35.231119],[137.039488,35.231121],[137.039724,35.231211],[137.040012,35.231192],[137.040313,35.231211],[137.040524,35.231236],[137.040616,35.231248],[137.040819,35.231285],[137.040887,35.2313],[137.041351,35.231313],[137.041495,35.231317],[137.041493,35.231307]]]}},{"type":"Feature","properties":{"name":"旭ケ丘町長洞","city":"尾張旭市","code":"226","setai":169,"jinko":414,"n":1,"towns":["23226019002"],"lx":137.044241,"ly":35.230869},"geometry":{"type":"Polygon","coordinates":[[[137.047306,35.231653],[137.047404,35.231648],[137.04748,35.231662],[137.04755,35.231704],[137.047491,35.231619],[137.047455,35.23154],[137.047452,35.231399],[137.047458,35.231305],[137.04759,35.230722],[137.046684,35.230224],[137.046706,35.230108],[137.04671,35.229799],[137.045945,35.229824],[137.045333,35.229549],[137.045257,35.229085],[137.045241,35.228917],[137.045155,35.228366],[137.045088,35.227965],[137.045037,35.227952],[137.044806,35.228008],[137.04461,35.228035],[137.044182,35.228114],[137.043721,35.228197],[137.043541,35.228238],[137.043363,35.228246],[137.043212,35.228245],[137.043032,35.22805],[137.043002,35.227991],[137.043004,35.227879],[137.04302,35.22782],[137.043048,35.227684],[137.043091,35.22749],[137.0431,35.227347],[137.043093,35.227306],[137.043071,35.227261],[137.042928,35.227103],[137.042841,35.227023],[137.042679,35.227079],[137.042524,35.227143],[137.042403,35.227219],[137.042229,35.227348],[137.042087,35.22746],[137.042021,35.227526],[137.041974,35.227605],[137.041931,35.227721],[137.041915,35.227796],[137.041933,35.227879],[137.041955,35.22804],[137.042004,35.228171],[137.041989,35.22823],[137.041946,35.22828],[137.04185,35.228378],[137.041833,35.228408],[137.041757,35.228501],[137.041763,35.228613],[137.04178,35.228756],[137.041829,35.22899],[137.041886,35.229501],[137.041963,35.230038],[137.042027,35.230546],[137.042103,35.231113],[137.042182,35.231244],[137.042241,35.231334],[137.042251,35.231414],[137.042225,35.231522],[137.042227,35.231735],[137.042211,35.231821],[137.042198,35.231908],[137.042202,35.232015],[137.042244,35.232118],[137.042271,35.232332],[137.042299,35.232461],[137.042365,35.232859],[137.042424,35.232942],[137.042457,35.233007],[137.042491,35.233161],[137.042537,35.233271],[137.042571,35.233324],[137.042635,35.233384],[137.0427,35.233412],[137.042843,35.23349],[137.042908,35.233537],[137.042964,35.233601],[137.043048,35.233698],[137.043133,35.233757],[137.043251,35.233829],[137.043448,35.234011],[137.043549,35.234087],[137.043678,35.234145],[137.04384,35.234172],[137.043932,35.234153],[137.044155,35.234096],[137.044388,35.234009],[137.044607,35.233894],[137.044787,35.233788],[137.045159,35.23362],[137.045361,35.233514],[137.045631,35.23336],[137.045914,35.233177],[137.046032,35.233103],[137.046091,35.233062],[137.046312,35.232853],[137.04645,35.232722],[137.046593,35.232565],[137.046757,35.232346],[137.046855,35.232215],[137.047,35.232029],[137.047028,35.232006],[137.047208,35.231742],[137.047244,35.231699],[137.047306,35.231653]]]}},{"type":"Feature","properties":{"name":"旭ケ丘町旭ケ丘","city":"尾張旭市","code":"226","setai":501,"jinko":1353,"n":1,"towns":["23226019003"],"lx":137.046702,"ly":35.227349},"geometry":{"type":"Polygon","coordinates":[[[137.047728,35.229848],[137.047724,35.229759],[137.047695,35.229612],[137.0478,35.229502],[137.04793,35.229381],[137.048095,35.229283],[137.04846,35.229118],[137.049262,35.229235],[137.04932,35.229192],[137.049375,35.229165],[137.049446,35.229138],[137.049599,35.229119],[137.05,35.229078],[137.050248,35.229053],[137.050557,35.229015],[137.050539,35.228923],[137.050523,35.228846],[137.050498,35.228763],[137.050331,35.228085],[137.05017,35.22803],[137.050016,35.227843],[137.049828,35.22773],[137.049293,35.227453],[137.049032,35.227324],[137.048741,35.227182],[137.048482,35.227021],[137.048291,35.226832],[137.048141,35.226681],[137.047936,35.226471],[137.047707,35.226236],[137.047558,35.226084],[137.047357,35.225849],[137.047215,35.225652],[137.04708,35.225462],[137.047252,35.225359],[137.047142,35.225147],[137.047089,35.22504],[137.047019,35.224911],[137.046799,35.224751],[137.046712,35.224751],[137.046605,35.22479],[137.046372,35.224683],[137.045762,35.224413],[137.045526,35.224346],[137.04533,35.22433],[137.045155,35.224371],[137.045098,35.224238],[137.045094,35.224192],[137.045133,35.224095],[137.045142,35.223972],[137.044661,35.224182],[137.044517,35.224251],[137.04444,35.224405],[137.043878,35.225137],[137.043699,35.22536],[137.043687,35.225607],[137.043785,35.225762],[137.044063,35.226029],[137.044188,35.226253],[137.044411,35.226608],[137.044421,35.226686],[137.044468,35.226888],[137.044524,35.227077],[137.044572,35.227186],[137.04461,35.228035],[137.044806,35.228008],[137.045037,35.227952],[137.045088,35.227965],[137.045155,35.228366],[137.045241,35.228917],[137.045257,35.229085],[137.045333,35.229549],[137.045945,35.229824],[137.04671,35.229799],[137.046706,35.230108],[137.046684,35.230224],[137.04759,35.230722],[137.047682,35.230321],[137.0477,35.230265],[137.047728,35.229848]]]}},{"type":"Feature","properties":{"name":"旭ケ丘町森","city":"尾張旭市","code":"226","setai":71,"jinko":175,"n":1,"towns":["23226019004"],"lx":137.049114,"ly":35.230368},"geometry":{"type":"Polygon","coordinates":[[[137.050811,35.230087],[137.050557,35.229015],[137.050248,35.229053],[137.05,35.229078],[137.049599,35.229119],[137.049446,35.229138],[137.049375,35.229165],[137.04932,35.229192],[137.049262,35.229235],[137.04846,35.229118],[137.048095,35.229283],[137.04793,35.229381],[137.0478,35.229502],[137.047695,35.229612],[137.047724,35.229759],[137.047728,35.229848],[137.0477,35.230265],[137.047682,35.230321],[137.04759,35.230722],[137.047458,35.231305],[137.047452,35.231399],[137.047455,35.23154],[137.047491,35.231619],[137.04755,35.231704],[137.047595,35.231745],[137.047683,35.231836],[137.047756,35.231929],[137.047835,35.231968],[137.048432,35.231857],[137.048559,35.231783],[137.048662,35.231681],[137.04883,35.231563],[137.049067,35.231365],[137.049518,35.231182],[137.04978,35.231148],[137.049974,35.231125],[137.051022,35.231009],[137.050956,35.230719],[137.050811,35.230087]]]}},{"type":"Feature","properties":{"name":"旭ケ丘町濁池","city":"尾張旭市","code":"226","setai":2,"jinko":100,"n":1,"towns":["23226019005"],"lx":137.041989,"ly":35.22823},"geometry":{"type":"Polygon","coordinates":[[[137.039604,35.22937],[137.040075,35.229646],[137.040212,35.22967],[137.040248,35.229609],[137.040455,35.229605],[137.040594,35.22968],[137.040662,35.229783],[137.04084,35.229998],[137.041052,35.2303],[137.041219,35.230543],[137.041246,35.230588],[137.041332,35.230731],[137.041347,35.230763],[137.041381,35.230832],[137.041396,35.23089],[137.041454,35.231109],[137.041467,35.231177],[137.041493,35.231307],[137.041495,35.231317],[137.041351,35.231313],[137.041351,35.231314],[137.041361,35.231433],[137.041442,35.231629],[137.041543,35.231795],[137.041602,35.231899],[137.041676,35.232056],[137.041774,35.232205],[137.041883,35.232382],[137.042046,35.232583],[137.042103,35.232653],[137.042202,35.232746],[137.042289,35.232799],[137.042365,35.232859],[137.042299,35.232461],[137.042271,35.232332],[137.042244,35.232118],[137.042202,35.232015],[137.042198,35.231908],[137.042211,35.231821],[137.042227,35.231735],[137.042225,35.231522],[137.042251,35.231414],[137.042241,35.231334],[137.042182,35.231244],[137.042103,35.231113],[137.042027,35.230546],[137.041963,35.230038],[137.041886,35.229501],[137.041829,35.22899],[137.04178,35.228756],[137.041763,35.228613],[137.041757,35.228501],[137.041833,35.228408],[137.04185,35.228378],[137.041946,35.22828],[137.041989,35.22823],[137.042004,35.228171],[137.041955,35.22804],[137.041933,35.227879],[137.041915,35.227796],[137.041931,35.227721],[137.041974,35.227605],[137.042021,35.227526],[137.042087,35.22746],[137.042229,35.227348],[137.042403,35.227219],[137.042524,35.227143],[137.042679,35.227079],[137.042841,35.227023],[137.042928,35.227103],[137.043071,35.227261],[137.043093,35.227306],[137.0431,35.227347],[137.043091,35.22749],[137.043048,35.227684],[137.04302,35.22782],[137.043004,35.227879],[137.043002,35.227991],[137.043032,35.22805],[137.043212,35.228245],[137.043363,35.228246],[137.043541,35.228238],[137.043721,35.228197],[137.044182,35.228114],[137.04461,35.228035],[137.044572,35.227186],[137.044524,35.227077],[137.044468,35.226888],[137.044421,35.226686],[137.044411,35.226608],[137.044188,35.226253],[137.044063,35.226029],[137.043785,35.225762],[137.043687,35.225607],[137.043699,35.22536],[137.043878,35.225137],[137.04444,35.224405],[137.044301,35.224344],[137.043827,35.224162],[137.043365,35.223976],[137.042981,35.223818],[137.042828,35.223755],[137.042759,35.22375],[137.042626,35.223787],[137.042351,35.223873],[137.042413,35.224067],[137.04251,35.22418],[137.04265,35.22487],[137.042297,35.225394],[137.042203,35.225636],[137.041997,35.225751],[137.041804,35.225853],[137.041674,35.225925],[137.04154,35.226002],[137.041474,35.226094],[137.04132,35.226388],[137.041095,35.226472],[137.040966,35.226517],[137.040841,35.226577],[137.040679,35.226624],[137.040568,35.226637],[137.040453,35.226624],[137.040213,35.226555],[137.040008,35.226527],[137.039888,35.22656],[137.039829,35.226651],[137.039803,35.226722],[137.039789,35.22699],[137.040841,35.227242],[137.040768,35.228246],[137.04047,35.228504],[137.040263,35.228681],[137.040182,35.228762],[137.039938,35.228848],[137.039848,35.228913],[137.039649,35.228925],[137.039639,35.229141],[137.039604,35.22937]]]}},{"type":"Feature","properties":{"name":"大久手町上切戸","city":"尾張旭市","code":"226","setai":19,"jinko":50,"n":1,"towns":["23226020001"],"lx":137.045068,"ly":35.223234},"geometry":{"type":"Polygon","coordinates":[[[137.047754,35.224859],[137.047731,35.224235],[137.047712,35.223814],[137.047699,35.223519],[137.047485,35.223513],[137.047393,35.22348],[137.047211,35.223389],[137.047104,35.223373],[137.046877,35.223368],[137.046738,35.223349],[137.046556,35.223325],[137.046426,35.223314],[137.046202,35.223314],[137.046187,35.222856],[137.045128,35.222875],[137.045106,35.222377],[137.044548,35.222381],[137.044521,35.2214],[137.042948,35.221429],[137.042925,35.221183],[137.042884,35.221073],[137.042492,35.221742],[137.042722,35.221894],[137.042914,35.222021],[137.042869,35.222072],[137.042843,35.222098],[137.042795,35.222138],[137.042674,35.222222],[137.042605,35.222313],[137.042899,35.222353],[137.042906,35.222621],[137.042904,35.222664],[137.042934,35.222712],[137.043321,35.223116],[137.043324,35.223751],[137.044035,35.224047],[137.044325,35.22403],[137.044508,35.223954],[137.044767,35.223855],[137.045147,35.223727],[137.045145,35.223872],[137.045142,35.223972],[137.045133,35.224095],[137.045094,35.224192],[137.045098,35.224238],[137.045155,35.224371],[137.04533,35.22433],[137.045526,35.224346],[137.045762,35.224413],[137.046372,35.224683],[137.046605,35.22479],[137.046712,35.224751],[137.046799,35.224751],[137.047019,35.224911],[137.047089,35.22504],[137.047142,35.225147],[137.047252,35.225359],[137.047458,35.225232],[137.047371,35.225069],[137.047754,35.224859]]]}},{"type":"Feature","properties":{"name":"大久手町中松原","city":"尾張旭市","code":"226","setai":93,"jinko":245,"n":1,"towns":["23226020002"],"lx":137.047491,"ly":35.2233},"geometry":{"type":"Polygon","coordinates":[[[137.048215,35.225796],[137.048944,35.225188],[137.049194,35.225233],[137.049155,35.225417],[137.049786,35.225539],[137.049685,35.2254],[137.049577,35.225229],[137.049485,35.225081],[137.049453,35.224985],[137.049391,35.224796],[137.049307,35.224474],[137.049278,35.224375],[137.049252,35.224298],[137.049213,35.224194],[137.049185,35.223978],[137.049149,35.223715],[137.049137,35.223499],[137.049111,35.223195],[137.049095,35.222937],[137.049154,35.222823],[137.04925,35.22272],[137.04935,35.222651],[137.049367,35.221983],[137.049238,35.221994],[137.048929,35.222041],[137.0486,35.222103],[137.048383,35.222162],[137.048253,35.222154],[137.047823,35.222147],[137.047609,35.22213],[137.047233,35.222063],[137.047035,35.22205],[137.046791,35.222047],[137.046553,35.222051],[137.046167,35.22205],[137.046131,35.221354],[137.044521,35.2214],[137.044548,35.222381],[137.045106,35.222377],[137.045128,35.222875],[137.046187,35.222856],[137.046202,35.223314],[137.046426,35.223314],[137.046556,35.223325],[137.046738,35.223349],[137.046877,35.223368],[137.047104,35.223373],[137.047211,35.223389],[137.047393,35.22348],[137.047485,35.223513],[137.047699,35.223519],[137.047712,35.223814],[137.047731,35.224235],[137.047754,35.224859],[137.047371,35.225069],[137.047458,35.225232],[137.047252,35.225359],[137.047583,35.225727],[137.04791,35.226059],[137.048215,35.225796]]]}},{"type":"Feature","properties":{"name":"大久手町一の曾","city":"尾張旭市","code":"226","setai":97,"jinko":253,"n":1,"towns":["23226020003"],"lx":137.047989,"ly":35.220911},"geometry":{"type":"Polygon","coordinates":[[[137.0486,35.222103],[137.048929,35.222041],[137.049238,35.221994],[137.049367,35.221983],[137.049533,35.221842],[137.049608,35.221762],[137.049851,35.221731],[137.049862,35.221129],[137.049882,35.220892],[137.049908,35.220796],[137.049914,35.220682],[137.049927,35.220647],[137.049939,35.220582],[137.049845,35.220369],[137.049696,35.220103],[137.04957,35.219937],[137.049458,35.21979],[137.049342,35.219592],[137.048446,35.219616],[137.047634,35.219627],[137.047319,35.21977],[137.047065,35.219858],[137.047049,35.21998],[137.046694,35.219981],[137.046613,35.219904],[137.046402,35.220117],[137.046557,35.220199],[137.046398,35.22037],[137.046226,35.220279],[137.045775,35.22076],[137.045623,35.220757],[137.045728,35.220949],[137.04581,35.22103],[137.04588,35.221049],[137.045946,35.220974],[137.046115,35.220787],[137.046131,35.221354],[137.046167,35.22205],[137.046553,35.222051],[137.046791,35.222047],[137.047035,35.22205],[137.047233,35.222063],[137.047609,35.22213],[137.047823,35.222147],[137.048253,35.222154],[137.048383,35.222162],[137.0486,35.222103]]]}},{"type":"Feature","properties":{"name":"北原山町六田池","city":"尾張旭市","code":"226","setai":201,"jinko":503,"n":1,"towns":["23226021001"],"lx":137.042048,"ly":35.215651},"geometry":{"type":"Polygon","coordinates":[[[137.044163,35.217307],[137.044394,35.217236],[137.044397,35.217237],[137.044523,35.216876],[137.044611,35.216567],[137.044711,35.216199],[137.044898,35.215705],[137.045058,35.215237],[137.044758,35.215177],[137.044521,35.215115],[137.044352,35.215056],[137.043875,35.214937],[137.043702,35.214907],[137.043527,35.214869],[137.043367,35.214842],[137.043253,35.214813],[137.042989,35.214737],[137.042925,35.214736],[137.042724,35.214736],[137.042623,35.214733],[137.042556,35.214728],[137.042499,35.214712],[137.042376,35.214675],[137.042193,35.214616],[137.041995,35.21455],[137.041834,35.214497],[137.041725,35.214521],[137.041629,35.214524],[137.041454,35.214529],[137.041016,35.214543],[137.04016,35.214558],[137.039904,35.21455],[137.039754,35.214631],[137.039672,35.214667],[137.039528,35.21474],[137.039469,35.214758],[137.039388,35.214776],[137.039236,35.214765],[137.039071,35.214742],[137.03888,35.214753],[137.038511,35.214756],[137.03837,35.214684],[137.038324,35.214793],[137.0383,35.214854],[137.038375,35.214902],[137.038419,35.214959],[137.038497,35.215147],[137.038515,35.215203],[137.038552,35.215313],[137.038616,35.215475],[137.038654,35.21554],[137.038776,35.215666],[137.038817,35.215698],[137.038882,35.215718],[137.038927,35.215739],[137.038975,35.21578],[137.039023,35.215835],[137.039084,35.215917],[137.039142,35.215972],[137.039181,35.215991],[137.039255,35.216004],[137.039336,35.21601],[137.039633,35.215971],[137.039825,35.215947],[137.039987,35.215925],[137.040123,35.2159],[137.040286,35.215862],[137.040483,35.21582],[137.040875,35.215741],[137.040893,35.215826],[137.040935,35.216028],[137.041041,35.216096],[137.041272,35.216239],[137.041322,35.216282],[137.041299,35.216392],[137.041267,35.216508],[137.041487,35.216617],[137.041542,35.216655],[137.041578,35.216732],[137.041633,35.216801],[137.041675,35.216868],[137.041727,35.21691],[137.04174,35.216921],[137.04185,35.216708],[137.041933,35.216736],[137.042284,35.216766],[137.0423,35.216859],[137.042301,35.216865],[137.042319,35.216865],[137.042914,35.216878],[137.043208,35.216877],[137.043344,35.216896],[137.043399,35.216921],[137.04341,35.216926],[137.043647,35.217042],[137.043953,35.217184],[137.044118,35.21732],[137.044163,35.217307]]]}},{"type":"Feature","properties":{"name":"北原山町鳴湫","city":"尾張旭市","code":"226","setai":501,"jinko":1111,"n":1,"towns":["23226021004"],"lx":137.046696,"ly":35.218253},"geometry":{"type":"Polygon","coordinates":[[[137.045424,35.220763],[137.045623,35.220757],[137.045775,35.22076],[137.046226,35.220279],[137.046398,35.22037],[137.046557,35.220199],[137.046402,35.220117],[137.046613,35.219904],[137.046694,35.219981],[137.047049,35.21998],[137.047065,35.219858],[137.047319,35.21977],[137.047634,35.219627],[137.048446,35.219616],[137.049342,35.219592],[137.049319,35.219532],[137.049293,35.219459],[137.049235,35.219273],[137.049196,35.219132],[137.049128,35.218908],[137.049093,35.21873],[137.048934,35.218636],[137.049045,35.21829],[137.049081,35.218059],[137.049102,35.217892],[137.049148,35.217634],[137.049199,35.21709],[137.048925,35.217048],[137.048822,35.217028],[137.048485,35.216965],[137.048437,35.216956],[137.048098,35.216896],[137.047984,35.216863],[137.047552,35.216753],[137.046674,35.216582],[137.046193,35.216488],[137.045771,35.21641],[137.045009,35.216274],[137.044842,35.216232],[137.044711,35.216199],[137.044611,35.216567],[137.044523,35.216876],[137.044397,35.217237],[137.044382,35.217279],[137.04466,35.217663],[137.044595,35.217743],[137.04452,35.217801],[137.044316,35.217977],[137.044176,35.218107],[137.044228,35.218203],[137.044539,35.218621],[137.044759,35.218904],[137.044785,35.21892],[137.044893,35.218988],[137.044984,35.21907],[137.045143,35.219203],[137.045185,35.219321],[137.04521,35.219595],[137.045285,35.219744],[137.045401,35.219851],[137.045394,35.220175],[137.045424,35.220763]]]}},{"type":"Feature","properties":{"name":"北原山町大久保見","city":"尾張旭市","code":"226","setai":392,"jinko":907,"n":1,"towns":["23226021005"],"lx":137.047129,"ly":35.216163},"geometry":{"type":"Polygon","coordinates":[[[137.045275,35.215258],[137.045058,35.215237],[137.044898,35.215705],[137.044711,35.216199],[137.044842,35.216232],[137.045009,35.216274],[137.045771,35.21641],[137.046193,35.216488],[137.046674,35.216582],[137.047552,35.216753],[137.047984,35.216863],[137.048098,35.216896],[137.048437,35.216956],[137.048485,35.216965],[137.048822,35.217028],[137.048925,35.217048],[137.049199,35.21709],[137.049219,35.217002],[137.049369,35.216619],[137.049559,35.216123],[137.049369,35.216097],[137.048944,35.216059],[137.048747,35.215942],[137.048497,35.215905],[137.048262,35.215876],[137.048083,35.215834],[137.047945,35.215805],[137.047901,35.215795],[137.047581,35.215721],[137.047334,35.21567],[137.047175,35.215644],[137.047007,35.215606],[137.046828,35.215574],[137.046661,35.215538],[137.046225,35.215465],[137.046157,35.215454],[137.045888,35.215416],[137.045716,35.215384],[137.045515,35.215327],[137.045353,35.215285],[137.045275,35.215258]]]}},{"type":"Feature","properties":{"name":"北原山町平池浦","city":"尾張旭市","code":"226","setai":171,"jinko":476,"n":1,"towns":["23226021006"],"lx":137.042644,"ly":35.217959},"geometry":{"type":"Polygon","coordinates":[[[137.04466,35.217663],[137.044382,35.217279],[137.044397,35.217237],[137.044394,35.217236],[137.044163,35.217307],[137.044118,35.21732],[137.043953,35.217184],[137.043647,35.217042],[137.04341,35.216926],[137.043399,35.216921],[137.043344,35.216896],[137.043208,35.216877],[137.042914,35.216878],[137.042319,35.216865],[137.042301,35.216865],[137.0423,35.216859],[137.042284,35.216766],[137.041933,35.216736],[137.04185,35.216708],[137.04174,35.216921],[137.041727,35.21691],[137.041675,35.216868],[137.041633,35.216801],[137.041578,35.216732],[137.041542,35.216655],[137.041487,35.216617],[137.041267,35.216508],[137.041258,35.216577],[137.041263,35.216673],[137.041265,35.216778],[137.041259,35.216862],[137.041234,35.217022],[137.041187,35.217409],[137.04117,35.217595],[137.041176,35.217633],[137.041229,35.217654],[137.041344,35.217692],[137.041431,35.21772],[137.041451,35.217811],[137.04148,35.217946],[137.041539,35.218404],[137.041548,35.218472],[137.04165,35.218561],[137.041583,35.218615],[137.041578,35.218696],[137.041396,35.218825],[137.041371,35.218867],[137.041471,35.218964],[137.041541,35.219091],[137.041541,35.219301],[137.041572,35.219354],[137.041895,35.219689],[137.042186,35.21951],[137.04251,35.21931],[137.042783,35.219129],[137.043039,35.218966],[137.043208,35.218873],[137.043526,35.218684],[137.043771,35.21856],[137.04389,35.218442],[137.043924,35.218409],[137.044022,35.218302],[137.044176,35.218107],[137.044316,35.217977],[137.04452,35.217801],[137.044595,35.217743],[137.04466,35.217663]]]}},{"type":"Feature","properties":{"name":"北原山町陀摩屋敷","city":"尾張旭市","code":"226","setai":158,"jinko":465,"n":1,"towns":["23226021007"],"lx":137.043997,"ly":35.220089},"geometry":{"type":"Polygon","coordinates":[[[137.046131,35.221354],[137.046115,35.220787],[137.045946,35.220974],[137.04588,35.221049],[137.04581,35.22103],[137.045728,35.220949],[137.045623,35.220757],[137.045424,35.220763],[137.045394,35.220175],[137.045401,35.219851],[137.045285,35.219744],[137.04521,35.219595],[137.045185,35.219321],[137.045143,35.219203],[137.044984,35.21907],[137.044893,35.218988],[137.044785,35.21892],[137.044759,35.218904],[137.044539,35.218621],[137.044228,35.218203],[137.044176,35.218107],[137.044022,35.218302],[137.043924,35.218409],[137.04389,35.218442],[137.043771,35.21856],[137.043526,35.218684],[137.043208,35.218873],[137.043039,35.218966],[137.042783,35.219129],[137.04251,35.21931],[137.042186,35.21951],[137.041895,35.219689],[137.041901,35.219696],[137.04195,35.219746],[137.042197,35.220043],[137.042328,35.220199],[137.042463,35.220367],[137.042482,35.220391],[137.042627,35.220572],[137.042879,35.220831],[137.042884,35.221073],[137.042925,35.221183],[137.042948,35.221429],[137.044521,35.2214],[137.046131,35.221354]]]}},{"type":"Feature","properties":{"name":"南原山町南原山","city":"尾張旭市","code":"226","setai":209,"jinko":443,"n":1,"towns":["23226022001"],"lx":137.045109,"ly":35.210881},"geometry":{"type":"Polygon","coordinates":[[[137.04558,35.211892],[137.045844,35.211845],[137.046053,35.211854],[137.046701,35.211769],[137.047,35.211701],[137.047344,35.21164],[137.047773,35.211633],[137.048073,35.211627],[137.048136,35.211634],[137.047739,35.210344],[137.047398,35.21039],[137.046917,35.21045],[137.046767,35.210527],[137.046627,35.210592],[137.046399,35.210706],[137.046079,35.21086],[137.045665,35.210863],[137.0453,35.210866],[137.044597,35.210861],[137.044599,35.210499],[137.044635,35.209585],[137.044599,35.209579],[137.043747,35.209483],[137.04315,35.209418],[137.042983,35.209399],[137.042819,35.209429],[137.042842,35.209738],[137.042829,35.209809],[137.042704,35.210016],[137.042632,35.210132],[137.042708,35.210208],[137.042793,35.210358],[137.042834,35.210505],[137.042862,35.210612],[137.043119,35.210776],[137.042928,35.210983],[137.042912,35.211],[137.043062,35.211096],[137.043187,35.211173],[137.043431,35.211297],[137.043786,35.211442],[137.043948,35.211501],[137.044055,35.211543],[137.044154,35.211577],[137.044171,35.211601],[137.044161,35.21196],[137.044246,35.212039],[137.044755,35.212006],[137.045192,35.21195],[137.045408,35.211914],[137.04558,35.211892]]]}},{"type":"Feature","properties":{"name":"南原山町赤土","city":"尾張旭市","code":"226","setai":713,"jinko":1563,"n":1,"towns":["23226022002"],"lx":137.047501,"ly":35.214326},"geometry":{"type":"Polygon","coordinates":[[[137.050579,35.214432],[137.050252,35.214262],[137.050157,35.214235],[137.049945,35.214104],[137.049614,35.21391],[137.049382,35.213777],[137.049071,35.213643],[137.048795,35.213483],[137.048663,35.213399],[137.047935,35.212969],[137.04721,35.212564],[137.046734,35.212389],[137.046491,35.212289],[137.046113,35.212109],[137.045806,35.211989],[137.04558,35.211892],[137.045408,35.211914],[137.045192,35.21195],[137.044755,35.212006],[137.044246,35.212039],[137.044421,35.212199],[137.044645,35.212504],[137.044674,35.212542],[137.044813,35.212798],[137.044863,35.212846],[137.044949,35.212948],[137.045147,35.212957],[137.045083,35.213198],[137.045012,35.213505],[137.044734,35.213508],[137.044731,35.213657],[137.044525,35.213694],[137.044534,35.21382],[137.044529,35.213949],[137.044503,35.213995],[137.044417,35.214122],[137.044429,35.214403],[137.044106,35.2144],[137.044073,35.214567],[137.044,35.214716],[137.043875,35.214937],[137.044352,35.215056],[137.044521,35.215115],[137.044758,35.215177],[137.045058,35.215237],[137.045275,35.215258],[137.045353,35.215285],[137.045515,35.215327],[137.045716,35.215384],[137.045888,35.215416],[137.046157,35.215454],[137.046225,35.215465],[137.046661,35.215538],[137.046828,35.215574],[137.047007,35.215606],[137.047175,35.215644],[137.047334,35.21567],[137.047581,35.215721],[137.047901,35.215795],[137.047945,35.215805],[137.048083,35.215834],[137.048262,35.215876],[137.048497,35.215905],[137.048747,35.215942],[137.048944,35.216059],[137.049369,35.216097],[137.049559,35.216123],[137.049745,35.216156],[137.050078,35.216227],[137.050098,35.216232],[137.050311,35.21628],[137.050545,35.216339],[137.050895,35.216417],[137.051042,35.216053],[137.051244,35.215619],[137.051383,35.215331],[137.051449,35.215186],[137.051307,35.215163],[137.0514,35.214852],[137.050899,35.214609],[137.050579,35.214432]]]}},{"type":"Feature","properties":{"name":"南原山町石原","city":"尾張旭市","code":"226","setai":297,"jinko":724,"n":1,"towns":["23226022003"],"lx":137.049908,"ly":35.213013},"geometry":{"type":"Polygon","coordinates":[[[137.050378,35.211918],[137.04995,35.211853],[137.049653,35.211826],[137.049487,35.211809],[137.049096,35.21175],[137.048829,35.211733],[137.048428,35.211691],[137.048237,35.211648],[137.048136,35.211634],[137.048073,35.211627],[137.047773,35.211633],[137.047344,35.21164],[137.047,35.211701],[137.046701,35.211769],[137.046053,35.211854],[137.045844,35.211845],[137.04558,35.211892],[137.045806,35.211989],[137.046113,35.212109],[137.046491,35.212289],[137.046734,35.212389],[137.04721,35.212564],[137.047935,35.212969],[137.048663,35.213399],[137.048795,35.213483],[137.049071,35.213643],[137.049382,35.213777],[137.049614,35.21391],[137.049945,35.214104],[137.050157,35.214235],[137.050252,35.214262],[137.050579,35.214432],[137.050899,35.214609],[137.0514,35.214852],[137.051481,35.214887],[137.051624,35.214915],[137.052217,35.215015],[137.052426,35.214168],[137.052699,35.213161],[137.052419,35.213127],[137.051983,35.213052],[137.0517,35.212994],[137.051918,35.21235],[137.05177,35.212308],[137.05148,35.212208],[137.051233,35.21215],[137.050724,35.212008],[137.050557,35.211957],[137.050378,35.211918]]]}},{"type":"Feature","properties":{"name":"根の鼻町","city":"尾張旭市","code":"226","setai":280,"jinko":613,"n":2,"towns":["23226023101","23226023102"],"lx":137.056718,"ly":35.221334},"geometry":{"type":"Polygon","coordinates":[[[137.054812,35.222573],[137.05486,35.222514],[137.054918,35.222385],[137.055005,35.222175],[137.055101,35.221996],[137.055171,35.221838],[137.055234,35.221705],[137.055241,35.221689],[137.055279,35.221595],[137.055408,35.221313],[137.055519,35.221063],[137.05561,35.220844],[137.055673,35.220716],[137.055721,35.220606],[137.055802,35.220501],[137.055854,35.220443],[137.055964,35.220378],[137.056064,35.220321],[137.056288,35.220218],[137.056608,35.220074],[137.057079,35.219837],[137.056921,35.219568],[137.057157,35.219151],[137.057962,35.219446],[137.05828,35.219562],[137.058155,35.219707],[137.058083,35.219976],[137.057904,35.220633],[137.057746,35.221214],[137.057515,35.222085],[137.057588,35.222158],[137.058093,35.222664],[137.057912,35.222964],[137.057535,35.222953],[137.056928,35.222935],[137.056657,35.222927],[137.056546,35.222576],[137.056203,35.222615],[137.055971,35.222645],[137.055645,35.222701],[137.055352,35.222799],[137.055221,35.222774],[137.055057,35.222728],[137.054973,35.222698],[137.054888,35.222632],[137.054812,35.222573]]]}},{"type":"Feature","properties":{"name":"東栄町","city":"尾張旭市","code":"226","setai":1202,"jinko":2742,"n":4,"towns":["23226023201","23226023202","23226023203","23226023204"],"lx":137.053091,"ly":35.218739},"geometry":{"type":"Polygon","coordinates":[[[137.048934,35.218636],[137.049045,35.21829],[137.049081,35.218059],[137.049102,35.217892],[137.049148,35.217634],[137.049199,35.21709],[137.049219,35.217002],[137.049369,35.216619],[137.049559,35.216123],[137.049745,35.216156],[137.050078,35.216227],[137.050098,35.216232],[137.050311,35.21628],[137.050545,35.216339],[137.050895,35.216417],[137.051154,35.21646],[137.051448,35.216522],[137.05174,35.216568],[137.05229,35.216701],[137.052687,35.216808],[137.052878,35.216851],[137.05321,35.216938],[137.053444,35.21701],[137.053726,35.217101],[137.054268,35.217267],[137.054423,35.217312],[137.054775,35.217396],[137.055427,35.217562],[137.056106,35.217729],[137.056307,35.21779],[137.056466,35.217825],[137.056638,35.21787],[137.056836,35.217919],[137.056917,35.217937],[137.057058,35.217968],[137.057206,35.218001],[137.057733,35.218144],[137.058005,35.218222],[137.058362,35.218347],[137.0585,35.218437],[137.058812,35.218672],[137.058781,35.218983],[137.058615,35.219174],[137.058423,35.219395],[137.05828,35.219562],[137.057962,35.219446],[137.057157,35.219151],[137.056921,35.219568],[137.057079,35.219837],[137.056608,35.220074],[137.056288,35.220218],[137.056064,35.220321],[137.055964,35.220378],[137.055854,35.220443],[137.055802,35.220501],[137.055721,35.220606],[137.055673,35.220716],[137.05561,35.220844],[137.055035,35.220811],[137.054727,35.220794],[137.054198,35.220772],[137.053677,35.220749],[137.05365,35.220748],[137.053278,35.22073],[137.052964,35.220711],[137.052764,35.220699],[137.051989,35.220661],[137.051792,35.220655],[137.051134,35.220634],[137.050897,35.220632],[137.050435,35.220641],[137.050382,35.220642],[137.049927,35.220647],[137.049939,35.220582],[137.049845,35.220369],[137.049696,35.220103],[137.04957,35.219937],[137.049458,35.21979],[137.049342,35.219592],[137.049319,35.219532],[137.049293,35.219459],[137.049235,35.219273],[137.049196,35.219132],[137.049128,35.218908],[137.049093,35.21873],[137.048934,35.218636]]]}},{"type":"Feature","properties":{"name":"東大久手町","city":"尾張旭市","code":"226","setai":566,"jinko":1400,"n":4,"towns":["23226024001","23226024002","23226024003","23226024004"],"lx":137.051995,"ly":35.222569},"geometry":{"type":"Polygon","coordinates":[[[137.049095,35.222937],[137.049154,35.222823],[137.04925,35.22272],[137.04935,35.222651],[137.049367,35.221983],[137.049533,35.221842],[137.049608,35.221762],[137.049851,35.221731],[137.049862,35.221129],[137.049882,35.220892],[137.049908,35.220796],[137.049914,35.220682],[137.049927,35.220647],[137.050382,35.220642],[137.050435,35.220641],[137.050897,35.220632],[137.051134,35.220634],[137.051792,35.220655],[137.051989,35.220661],[137.052764,35.220699],[137.052964,35.220711],[137.053278,35.22073],[137.05365,35.220748],[137.053677,35.220749],[137.054198,35.220772],[137.054727,35.220794],[137.055035,35.220811],[137.05561,35.220844],[137.055519,35.221063],[137.055408,35.221313],[137.055279,35.221595],[137.055241,35.221689],[137.055234,35.221705],[137.055171,35.221838],[137.055101,35.221996],[137.055005,35.222175],[137.054918,35.222385],[137.05486,35.222514],[137.054812,35.222573],[137.054888,35.222632],[137.054973,35.222698],[137.055057,35.222728],[137.055221,35.222774],[137.055352,35.222799],[137.055645,35.222701],[137.055556,35.222782],[137.055407,35.222965],[137.055291,35.223107],[137.055181,35.223245],[137.055098,35.223351],[137.055029,35.223441],[137.05497,35.223526],[137.054947,35.223563],[137.054932,35.223587],[137.054728,35.223692],[137.054431,35.223828],[137.054417,35.223834],[137.054286,35.223885],[137.054078,35.223967],[137.053947,35.22369],[137.05363,35.223764],[137.053508,35.223418],[137.053295,35.223181],[137.053233,35.223126],[137.052931,35.223302],[137.052916,35.223311],[137.052698,35.223441],[137.052459,35.223596],[137.052321,35.223692],[137.052166,35.223885],[137.05211,35.223986],[137.052044,35.224102],[137.051978,35.224231],[137.051933,35.224347],[137.05187,35.224479],[137.051798,35.224626],[137.051692,35.224767],[137.051227,35.224764],[137.051199,35.224764],[137.050667,35.224759],[137.050565,35.224948],[137.050456,35.224996],[137.050237,35.225145],[137.050039,35.225297],[137.049926,35.225393],[137.049786,35.225539],[137.049685,35.2254],[137.049577,35.225229],[137.049485,35.225081],[137.049453,35.224985],[137.049391,35.224796],[137.049307,35.224474],[137.049278,35.224375],[137.049252,35.224298],[137.049213,35.224194],[137.049185,35.223978],[137.049149,35.223715],[137.049137,35.223499],[137.049111,35.223195],[137.049095,35.222937]]]}},{"type":"Feature","properties":{"name":"柏井町公園通","city":"尾張旭市","code":"226","setai":295,"jinko":846,"n":1,"towns":["23226025001"],"lx":137.050848,"ly":35.228916},"geometry":{"type":"Polygon","coordinates":[[[137.051871,35.227148],[137.051852,35.226995],[137.051759,35.226987],[137.051649,35.226987],[137.051586,35.226999],[137.05033,35.226279],[137.050316,35.226171],[137.050322,35.226014],[137.050325,35.225867],[137.050322,35.225751],[137.050325,35.225636],[137.050356,35.225445],[137.050417,35.225255],[137.050458,35.225155],[137.050495,35.225064],[137.050565,35.224948],[137.050456,35.224996],[137.050237,35.225145],[137.050039,35.225297],[137.049926,35.225393],[137.049786,35.225539],[137.049155,35.225417],[137.049194,35.225233],[137.048944,35.225188],[137.048215,35.225796],[137.04791,35.226059],[137.047583,35.225727],[137.047252,35.225359],[137.04708,35.225462],[137.047215,35.225652],[137.047357,35.225849],[137.047558,35.226084],[137.047707,35.226236],[137.047936,35.226471],[137.048141,35.226681],[137.048291,35.226832],[137.048482,35.227021],[137.048741,35.227182],[137.049032,35.227324],[137.049293,35.227453],[137.049828,35.22773],[137.050016,35.227843],[137.05017,35.22803],[137.050331,35.228085],[137.050498,35.228763],[137.050523,35.228846],[137.050539,35.228923],[137.050557,35.229015],[137.050811,35.230087],[137.050956,35.230719],[137.051022,35.231009],[137.051056,35.231147],[137.0511,35.23135],[137.05113,35.231507],[137.051166,35.231635],[137.051195,35.231769],[137.051244,35.231974],[137.051307,35.2322],[137.051345,35.232411],[137.051408,35.232651],[137.051481,35.232878],[137.05157,35.233094],[137.051648,35.233214],[137.051801,35.233412],[137.051909,35.23351],[137.051989,35.233539],[137.052073,35.233542],[137.052142,35.233515],[137.052291,35.233314],[137.052387,35.23316],[137.052474,35.233052],[137.052552,35.232937],[137.05264,35.232828],[137.052781,35.232698],[137.052914,35.232577],[137.053106,35.232373],[137.053195,35.232243],[137.053281,35.23213],[137.053422,35.23188],[137.0535,35.23174],[137.053589,35.231571],[137.053718,35.231419],[137.05346,35.231334],[137.053134,35.231155],[137.052658,35.230725],[137.051806,35.230006],[137.051693,35.229898],[137.051639,35.2298],[137.051489,35.229279],[137.05145,35.229099],[137.051459,35.22894],[137.051497,35.228782],[137.051554,35.228605],[137.051699,35.228237],[137.051766,35.227915],[137.051817,35.227631],[137.051847,35.227435],[137.051862,35.227271],[137.051871,35.227148]]]}},{"type":"Feature","properties":{"name":"柏井町弥栄","city":"尾張旭市","code":"226","setai":518,"jinko":1419,"n":1,"towns":["23226025002"],"lx":137.052901,"ly":35.227562},"geometry":{"type":"Polygon","coordinates":[[[137.05429,35.22723],[137.05409,35.226776],[137.054001,35.226575],[137.0539,35.226322],[137.053706,35.225861],[137.053529,35.22547],[137.053428,35.22523],[137.053386,35.225182],[137.053195,35.224967],[137.052785,35.224519],[137.053061,35.224322],[137.053295,35.224231],[137.053564,35.224141],[137.053824,35.224053],[137.05404,35.22398],[137.054078,35.223967],[137.053947,35.22369],[137.05363,35.223764],[137.053508,35.223418],[137.053295,35.223181],[137.053233,35.223126],[137.052931,35.223302],[137.052916,35.223311],[137.052698,35.223441],[137.052459,35.223596],[137.052321,35.223692],[137.052166,35.223885],[137.05211,35.223986],[137.052044,35.224102],[137.051978,35.224231],[137.051933,35.224347],[137.05187,35.224479],[137.051798,35.224626],[137.051692,35.224767],[137.051227,35.224764],[137.051199,35.224764],[137.050667,35.224759],[137.050565,35.224948],[137.050495,35.225064],[137.050458,35.225155],[137.050417,35.225255],[137.050356,35.225445],[137.050325,35.225636],[137.050322,35.225751],[137.050325,35.225867],[137.050322,35.226014],[137.050316,35.226171],[137.05033,35.226279],[137.051586,35.226999],[137.051649,35.226987],[137.051759,35.226987],[137.051852,35.226995],[137.051871,35.227148],[137.051862,35.227271],[137.051847,35.227435],[137.051817,35.227631],[137.051766,35.227915],[137.051699,35.228237],[137.051554,35.228605],[137.051497,35.228782],[137.051459,35.22894],[137.05145,35.229099],[137.051489,35.229279],[137.051639,35.2298],[137.051693,35.229898],[137.051806,35.230006],[137.052658,35.230725],[137.053134,35.231155],[137.05346,35.231334],[137.053718,35.231419],[137.053793,35.231363],[137.054195,35.231006],[137.054533,35.230712],[137.054706,35.230547],[137.054864,35.230451],[137.055035,35.230331],[137.055238,35.230204],[137.055382,35.23015],[137.055549,35.230119],[137.055404,35.2298],[137.055311,35.229594],[137.054879,35.228598],[137.054442,35.227583],[137.05429,35.22723]]]}},{"type":"Feature","properties":{"name":"旭台","city":"尾張旭市","code":"226","setai":769,"jinko":2006,"n":3,"towns":["23226026001","23226026002","23226026003"],"lx":137.056925,"ly":35.226872},"geometry":{"type":"Polygon","coordinates":[[[137.052785,35.224519],[137.053061,35.224322],[137.053295,35.224231],[137.053564,35.224141],[137.053824,35.224053],[137.05404,35.22398],[137.054078,35.223967],[137.054286,35.223885],[137.054417,35.223834],[137.054431,35.223828],[137.054728,35.223692],[137.054932,35.223587],[137.054947,35.223563],[137.05497,35.223526],[137.055029,35.223441],[137.055098,35.223351],[137.055181,35.223245],[137.055291,35.223107],[137.055407,35.222965],[137.055556,35.222782],[137.055645,35.222701],[137.055971,35.222645],[137.056203,35.222615],[137.056546,35.222576],[137.056657,35.222927],[137.056928,35.222935],[137.057535,35.222953],[137.057912,35.222964],[137.057775,35.223192],[137.057633,35.223531],[137.057601,35.223631],[137.057515,35.223899],[137.057697,35.224188],[137.057725,35.22449],[137.05774,35.224556],[137.057763,35.224683],[137.057792,35.224826],[137.057844,35.225007],[137.057893,35.225104],[137.057938,35.225152],[137.058001,35.22521],[137.058016,35.225224],[137.058184,35.225315],[137.05838,35.225463],[137.058427,35.225503],[137.058521,35.225581],[137.058627,35.22569],[137.058766,35.225808],[137.058821,35.225858],[137.059045,35.226068],[137.059277,35.226315],[137.059641,35.226721],[137.059716,35.226817],[137.059798,35.226923],[137.059904,35.227062],[137.059994,35.227201],[137.060115,35.227394],[137.060152,35.227453],[137.06024,35.227614],[137.060284,35.227717],[137.060285,35.227973],[137.060285,35.22798],[137.060295,35.228011],[137.060387,35.228187],[137.06049,35.228382],[137.060572,35.228516],[137.060645,35.228635],[137.060644,35.228712],[137.060654,35.228788],[137.060793,35.228882],[137.06103,35.229038],[137.061093,35.22908],[137.061374,35.229283],[137.061469,35.229345],[137.061487,35.229356],[137.061516,35.229376],[137.061637,35.229488],[137.060894,35.229612],[137.060647,35.229868],[137.06013,35.229909],[137.059601,35.229951],[137.059311,35.230272],[137.059304,35.230313],[137.059234,35.230744],[137.059106,35.230807],[137.058738,35.230763],[137.058361,35.230349],[137.057889,35.230104],[137.057505,35.229903],[137.056725,35.229988],[137.056474,35.230025],[137.056166,35.230062],[137.055896,35.230092],[137.055549,35.230119],[137.055404,35.2298],[137.055311,35.229594],[137.054879,35.228598],[137.054442,35.227583],[137.05429,35.22723],[137.05409,35.226776],[137.054001,35.226575],[137.0539,35.226322],[137.053706,35.225861],[137.053529,35.22547],[137.053428,35.22523],[137.053386,35.225182],[137.053195,35.224967],[137.052785,35.224519]]]}},{"type":"Feature","properties":{"name":"新居","city":"尾張旭市","code":"226","setai":119,"jinko":119,"n":1,"towns":["232260270"],"lx":137.049719,"ly":35.236225},"geometry":{"type":"Polygon","coordinates":[[[137.05983,35.246126],[137.05988,35.246038],[137.059872,35.246039],[137.059884,35.246014],[137.059897,35.245884],[137.059894,35.245819],[137.059746,35.245266],[137.059778,35.245205],[137.059779,35.245204],[137.059797,35.24519],[137.059885,35.245129],[137.05996,35.245076],[137.060008,35.245014],[137.060058,35.24492],[137.060079,35.244894],[137.060128,35.24485],[137.060128,35.24485],[137.060127,35.244849],[137.060132,35.244846],[137.060182,35.244833],[137.060251,35.244812],[137.060572,35.24468],[137.060901,35.244618],[137.061039,35.24431],[137.061057,35.24431],[137.061096,35.244251],[137.061389,35.244248],[137.0614,35.244162],[137.061411,35.24408],[137.061423,35.244008],[137.061435,35.243942],[137.061447,35.243875],[137.061455,35.243837],[137.061459,35.243817],[137.061463,35.243798],[137.061487,35.243707],[137.061523,35.243602],[137.061569,35.243487],[137.061621,35.243374],[137.061672,35.243273],[137.061727,35.243176],[137.061819,35.24303],[137.061861,35.242965],[137.061931,35.242868],[137.061991,35.242788],[137.062049,35.242719],[137.062118,35.242644],[137.062201,35.242555],[137.062307,35.242451],[137.062501,35.242271],[137.06262,35.242164],[137.062887,35.241947],[137.063108,35.241772],[137.063117,35.241764],[137.063205,35.241694],[137.063236,35.241668],[137.063527,35.241435],[137.063706,35.241294],[137.063859,35.241173],[137.063973,35.241082],[137.064205,35.240896],[137.064337,35.240785],[137.064547,35.240611],[137.064638,35.240532],[137.064858,35.240335],[137.064858,35.240334],[137.064875,35.240319],[137.064877,35.240317],[137.064878,35.240316],[137.064894,35.240301],[137.064987,35.240205],[137.064996,35.240195],[137.065079,35.240103],[137.065103,35.240072],[137.065148,35.240017],[137.065234,35.239908],[137.065292,35.239823],[137.065377,35.239693],[137.065398,35.239661],[137.06545,35.239579],[137.065468,35.239548],[137.065504,35.239484],[137.065507,35.239478],[137.065518,35.239457],[137.065529,35.239436],[137.065543,35.239411],[137.065554,35.23939],[137.065575,35.23935],[137.065655,35.239191],[137.065656,35.239185],[137.065666,35.239166],[137.065664,35.239163],[137.065671,35.239155],[137.065673,35.239143],[137.065683,35.239121],[137.065691,35.239102],[137.065699,35.239077],[137.065718,35.239019],[137.065736,35.238956],[137.065743,35.238913],[137.06577,35.238503],[137.065776,35.238414],[137.065786,35.23826],[137.065793,35.23816],[137.065807,35.237977],[137.065809,35.237948],[137.065813,35.237895],[137.06582,35.237806],[137.065823,35.237786],[137.065841,35.237682],[137.065853,35.237632],[137.065858,35.237553],[137.065858,35.237547],[137.065829,35.23754],[137.065829,35.237414],[137.065848,35.236971],[137.065835,35.236912],[137.065804,35.236806],[137.065649,35.236596],[137.065635,35.236538],[137.06567,35.236404],[137.065659,35.235923],[137.065657,35.235837],[137.065646,35.23572],[137.065335,35.235351],[137.065265,35.235321],[137.065229,35.235262],[137.065212,35.235209],[137.065171,35.235134],[137.065138,35.235048],[137.065113,35.234954],[137.065103,35.234873],[137.065095,35.23479],[137.0651,35.23475],[137.065123,35.234694],[137.065129,35.234678],[137.065152,35.234618],[137.065177,35.234563],[137.065221,35.234477],[137.065252,35.234427],[137.065272,35.234373],[137.065285,35.234291],[137.065271,35.234238],[137.06527,35.234232],[137.065239,35.234147],[137.065206,35.234061],[137.06517,35.233948],[137.065127,35.233825],[137.065085,35.233782],[137.065005,35.233775],[137.064858,35.233786],[137.064505,35.233785],[137.064323,35.233769],[137.064239,35.233748],[137.06417,35.233703],[137.064119,35.233642],[137.064036,35.233486],[137.064045,35.233421],[137.064023,35.233232],[137.064018,35.233075],[137.063876,35.232966],[137.063678,35.23288],[137.063452,35.232833],[137.063358,35.232806],[137.063153,35.232666],[137.063007,35.23256],[137.06296,35.232526],[137.062908,35.232461],[137.062827,35.232258],[137.062807,35.232139],[137.062764,35.23181],[137.062834,35.231776],[137.062827,35.23158],[137.062617,35.231502],[137.062286,35.231384],[137.062285,35.231383],[137.062271,35.231379],[137.062244,35.231372],[137.06222,35.231365],[137.062201,35.231359],[137.062184,35.231354],[137.062164,35.231348],[137.062136,35.23134],[137.062112,35.231333],[137.062081,35.231323],[137.062064,35.231318],[137.061993,35.231296],[137.061825,35.231246],[137.061761,35.231228],[137.061746,35.231224],[137.061733,35.231217],[137.061723,35.231206],[137.061713,35.23119],[137.061704,35.23117],[137.061692,35.231142],[137.061678,35.231103],[137.061659,35.231051],[137.061637,35.230989],[137.061621,35.230946],[137.061613,35.230926],[137.061581,35.230849],[137.061556,35.230789],[137.06155,35.230768],[137.061545,35.230747],[137.061542,35.230724],[137.061541,35.230702],[137.061541,35.230701],[137.061539,35.230682],[137.061539,35.230664],[137.06154,35.230649],[137.06154,35.230645],[137.061542,35.230626],[137.061551,35.230603],[137.061567,35.230573],[137.061604,35.23051],[137.061623,35.230481],[137.061641,35.23045],[137.06166,35.230415],[137.061678,35.230379],[137.061691,35.230344],[137.061699,35.230312],[137.061706,35.230285],[137.061712,35.230259],[137.061713,35.230248],[137.061713,35.230232],[137.061705,35.230199],[137.061686,35.230157],[137.061586,35.229979],[137.061573,35.229954],[137.061564,35.229935],[137.06156,35.229914],[137.061558,35.229894],[137.061556,35.229874],[137.061556,35.229866],[137.061556,35.229863],[137.061562,35.229844],[137.061628,35.229669],[137.061634,35.22965],[137.061662,35.229564],[137.06166,35.22956],[137.061632,35.229501],[137.061642,35.229493],[137.061637,35.229488],[137.060894,35.229612],[137.060647,35.229868],[137.06013,35.229909],[137.059601,35.229951],[137.059311,35.230272],[137.059304,35.230313],[137.059234,35.230744],[137.059106,35.230807],[137.058738,35.230763],[137.058361,35.230349],[137.057889,35.230104],[137.057505,35.229903],[137.056725,35.229988],[137.056474,35.230025],[137.056166,35.230062],[137.055896,35.230092],[137.055549,35.230119],[137.055382,35.23015],[137.055238,35.230204],[137.055035,35.230331],[137.054864,35.230451],[137.054706,35.230547],[137.054533,35.230712],[137.054195,35.231006],[137.053793,35.231363],[137.053718,35.231419],[137.053589,35.231571],[137.0535,35.23174],[137.053422,35.23188],[137.053281,35.23213],[137.053195,35.232243],[137.053106,35.232373],[137.052914,35.232577],[137.052781,35.232698],[137.05264,35.232828],[137.052552,35.232937],[137.052474,35.233052],[137.052387,35.23316],[137.052291,35.233314],[137.052142,35.233515],[137.052073,35.233542],[137.051989,35.233539],[137.051909,35.23351],[137.051801,35.233412],[137.051648,35.233214],[137.05157,35.233094],[137.051481,35.232878],[137.051408,35.232651],[137.051345,35.232411],[137.051307,35.2322],[137.051244,35.231974],[137.051195,35.231769],[137.051166,35.231635],[137.05113,35.231507],[137.0511,35.23135],[137.051056,35.231147],[137.051022,35.231009],[137.049974,35.231125],[137.04978,35.231148],[137.049518,35.231182],[137.049067,35.231365],[137.04883,35.231563],[137.048662,35.231681],[137.048559,35.231783],[137.048432,35.231857],[137.047835,35.231968],[137.047756,35.231929],[137.047683,35.231836],[137.047595,35.231745],[137.04755,35.231704],[137.04748,35.231662],[137.047404,35.231648],[137.047306,35.231653],[137.047244,35.231699],[137.047208,35.231742],[137.047028,35.232006],[137.047,35.232029],[137.046855,35.232215],[137.046757,35.232346],[137.046593,35.232565],[137.04645,35.232722],[137.046312,35.232853],[137.046091,35.233062],[137.046032,35.233103],[137.045914,35.233177],[137.045631,35.23336],[137.045361,35.233514],[137.045159,35.23362],[137.044787,35.233788],[137.044607,35.233894],[137.044388,35.234009],[137.044155,35.234096],[137.043932,35.234153],[137.04384,35.234172],[137.043678,35.234145],[137.043549,35.234087],[137.043448,35.234011],[137.043251,35.233829],[137.043133,35.233757],[137.043048,35.233698],[137.042964,35.233601],[137.042908,35.233537],[137.042843,35.23349],[137.0427,35.233412],[137.042635,35.233384],[137.042571,35.233324],[137.042537,35.233271],[137.042491,35.233161],[137.042457,35.233007],[137.042424,35.232942],[137.042365,35.232859],[137.042289,35.232799],[137.042202,35.232746],[137.042103,35.232653],[137.042046,35.232583],[137.041883,35.232382],[137.041774,35.232205],[137.041676,35.232056],[137.041602,35.231899],[137.041543,35.231795],[137.041442,35.231629],[137.041361,35.231433],[137.041351,35.231314],[137.041351,35.231313],[137.040887,35.2313],[137.040819,35.231285],[137.040616,35.231248],[137.040524,35.231236],[137.040313,35.231211],[137.040012,35.231192],[137.039724,35.231211],[137.039488,35.231121],[137.039353,35.231119],[137.038921,35.231123],[137.038727,35.231118],[137.038468,35.231118],[137.038259,35.231116],[137.037927,35.231116],[137.037817,35.23113],[137.037533,35.231258],[137.037254,35.231054],[137.037086,35.230948],[137.03669,35.230664],[137.036461,35.230459],[137.036283,35.230237],[137.036033,35.229909],[137.035851,35.229678],[137.035471,35.229183],[137.035303,35.228952],[137.035013,35.228556],[137.03443,35.227793],[137.034358,35.227854],[137.034284,35.227893],[137.034206,35.227913],[137.034026,35.22792],[137.033854,35.227929],[137.0337,35.227934],[137.033551,35.22792],[137.033439,35.227864],[137.03334,35.227866],[137.033262,35.227889],[137.032959,35.228077],[137.03263,35.228279],[137.032551,35.228289],[137.032422,35.228261],[137.032327,35.228198],[137.03229,35.228141],[137.032257,35.228065],[137.03224,35.227965],[137.032228,35.22786],[137.032154,35.227939],[137.032101,35.227983],[137.032025,35.228034],[137.031929,35.228087],[137.031867,35.228116],[137.03057,35.228314],[137.030544,35.228341],[137.030432,35.228373],[137.030172,35.228438],[137.029929,35.228505],[137.029769,35.228564],[137.029579,35.228641],[137.029493,35.228679],[137.029465,35.22887],[137.02941,35.229479],[137.029409,35.22976],[137.029436,35.230031],[137.029463,35.230098],[137.029648,35.230443],[137.029793,35.230726],[137.029873,35.230911],[137.030131,35.231505],[137.030428,35.232116],[137.030502,35.232438],[137.030491,35.232585],[137.029865,35.235037],[137.029752,35.23523],[137.03054,35.234737],[137.030673,35.234684],[137.03171,35.235237],[137.031923,35.235356],[137.03209,35.235422],[137.032154,35.235474],[137.032518,35.235769],[137.032904,35.236102],[137.033151,35.236288],[137.033269,35.236449],[137.033444,35.236669],[137.033618,35.236898],[137.033816,35.23709],[137.034318,35.23769],[137.034499,35.23788],[137.034614,35.238016],[137.03473,35.238194],[137.034917,35.238239],[137.035245,35.238287],[137.035334,35.238254],[137.035297,35.238224],[137.037405,35.237774],[137.03749,35.237685],[137.037659,35.237535],[137.038367,35.237515],[137.038499,35.237645],[137.038606,35.237729],[137.038744,35.237877],[137.039127,35.238202],[137.039957,35.240099],[137.041148,35.240696],[137.042883,35.24155],[137.043219,35.241689],[137.043701,35.241622],[137.043724,35.241592],[137.043854,35.241296],[137.043957,35.241136],[137.044111,35.240872],[137.044242,35.240587],[137.044252,35.240474],[137.04431,35.240188],[137.044394,35.239968],[137.044572,35.239714],[137.044691,35.23959],[137.044832,35.23948],[137.045126,35.239206],[137.045294,35.239088],[137.045441,35.23896],[137.04556,35.238826],[137.045803,35.238601],[137.045978,35.238469],[137.046145,35.238382],[137.046384,35.238279],[137.046638,35.238226],[137.046722,35.238174],[137.047003,35.238121],[137.047355,35.23807],[137.047701,35.238042],[137.048316,35.23801],[137.049358,35.237649],[137.049374,35.237835],[137.049356,35.238024],[137.049395,35.238342],[137.049449,35.238529],[137.0495,35.238652],[137.050074,35.238534],[137.050612,35.238483],[137.051243,35.238447],[137.052149,35.238897],[137.05198,35.239188],[137.051528,35.240101],[137.051513,35.240218],[137.051483,35.24029],[137.051337,35.240376],[137.051295,35.24053],[137.05125,35.240583],[137.050987,35.240697],[137.05099,35.240791],[137.051086,35.241051],[137.05112,35.241178],[137.051237,35.241443],[137.05127,35.241589],[137.051297,35.241771],[137.05134,35.241957],[137.051442,35.242195],[137.051562,35.242379],[137.051798,35.242542],[137.052013,35.242656],[137.052017,35.243032],[137.052032,35.243231],[137.052088,35.243368],[137.052532,35.243369],[137.053045,35.243593],[137.053179,35.24366],[137.053234,35.243665],[137.053334,35.243636],[137.053642,35.243593],[137.053778,35.243614],[137.054372,35.243727],[137.055801,35.244904],[137.056428,35.246154],[137.056771,35.246207],[137.056918,35.246255],[137.057199,35.246375],[137.057847,35.246638],[137.057935,35.246636],[137.058475,35.246544],[137.058878,35.246467],[137.059456,35.24638],[137.059672,35.246336],[137.059715,35.246327],[137.05983,35.246126]]]}},{"type":"Feature","properties":{"name":"井田町","city":"尾張旭市","code":"226","setai":1451,"jinko":3393,"n":4,"towns":["23226028001","23226028002","23226028003","23226028004"],"lx":137.051434,"ly":35.208758},"geometry":{"type":"Polygon","coordinates":[[[137.04684,35.209451],[137.046917,35.208305],[137.047061,35.208331],[137.04783,35.208499],[137.048726,35.208693],[137.048761,35.208619],[137.048809,35.20854],[137.048856,35.208447],[137.048935,35.208301],[137.04897,35.208077],[137.049024,35.207053],[137.049048,35.206459],[137.049888,35.206411],[137.049877,35.206188],[137.050435,35.206138],[137.050169,35.204235],[137.050065,35.204211],[137.04964,35.204042],[137.04968,35.203785],[137.049708,35.203489],[137.049704,35.20308],[137.049855,35.203155],[137.050324,35.203386],[137.050674,35.203598],[137.050969,35.203771],[137.051118,35.203887],[137.051358,35.204078],[137.051595,35.20424],[137.051863,35.204476],[137.052266,35.204752],[137.052529,35.204962],[137.05263,35.205037],[137.052858,35.205206],[137.053052,35.20537],[137.053169,35.205461],[137.053121,35.205494],[137.053132,35.205503],[137.053678,35.205944],[137.053695,35.205957],[137.053836,35.206096],[137.054306,35.206521],[137.054701,35.206831],[137.054984,35.207016],[137.055108,35.207086],[137.055072,35.207243],[137.054991,35.207662],[137.054947,35.207925],[137.054889,35.208202],[137.054836,35.208519],[137.054748,35.20884],[137.054684,35.208979],[137.054597,35.209254],[137.054411,35.209614],[137.05421,35.209914],[137.053851,35.210523],[137.054047,35.210673],[137.054205,35.210765],[137.054307,35.210856],[137.054325,35.210993],[137.054359,35.211068],[137.054385,35.211193],[137.054395,35.211376],[137.054412,35.211442],[137.05449,35.211559],[137.054581,35.211689],[137.054653,35.211832],[137.054734,35.211984],[137.054806,35.212141],[137.054916,35.212353],[137.05499,35.212552],[137.05503,35.212655],[137.055042,35.212778],[137.055048,35.212947],[137.054289,35.212822],[137.053299,35.212651],[137.053134,35.212622],[137.052843,35.21257],[137.052381,35.212489],[137.052215,35.212455],[137.051918,35.21235],[137.05177,35.212308],[137.05148,35.212208],[137.051233,35.21215],[137.050724,35.212008],[137.050557,35.211957],[137.050378,35.211918],[137.04995,35.211853],[137.049653,35.211826],[137.049487,35.211809],[137.049096,35.21175],[137.048829,35.211733],[137.048428,35.211691],[137.048237,35.211648],[137.048136,35.211634],[137.047739,35.210344],[137.047704,35.210267],[137.047347,35.209943],[137.047088,35.209716],[137.046913,35.20956],[137.04684,35.209451]]]}},{"type":"Feature","properties":{"name":"三郷町栄","city":"尾張旭市","code":"226","setai":214,"jinko":366,"n":1,"towns":["23226029001"],"lx":137.053157,"ly":35.21621},"geometry":{"type":"Polygon","coordinates":[[[137.052149,35.215302],[137.051449,35.215186],[137.051383,35.215331],[137.051244,35.215619],[137.051042,35.216053],[137.050895,35.216417],[137.051154,35.21646],[137.051448,35.216522],[137.05174,35.216568],[137.05229,35.216701],[137.052687,35.216808],[137.052878,35.216851],[137.05321,35.216938],[137.053444,35.21701],[137.053726,35.217101],[137.054268,35.217267],[137.054423,35.217312],[137.054775,35.217396],[137.054914,35.216892],[137.055015,35.216522],[137.055062,35.216327],[137.055193,35.215817],[137.053568,35.215548],[137.052149,35.215302]]]}},{"type":"Feature","properties":{"name":"三郷町中井田","city":"尾張旭市","code":"226","setai":379,"jinko":887,"n":1,"towns":["23226029002"],"lx":137.053846,"ly":35.214129},"geometry":{"type":"Polygon","coordinates":[[[137.055376,35.215119],[137.055478,35.214704],[137.055591,35.21427],[137.055742,35.213679],[137.055893,35.213074],[137.055777,35.21307],[137.055568,35.213033],[137.055048,35.212947],[137.054289,35.212822],[137.053299,35.212651],[137.053134,35.212622],[137.052843,35.21257],[137.052381,35.212489],[137.052215,35.212455],[137.051918,35.21235],[137.0517,35.212994],[137.051983,35.213052],[137.052419,35.213127],[137.052699,35.213161],[137.052426,35.214168],[137.052217,35.215015],[137.051624,35.214915],[137.051481,35.214887],[137.0514,35.214852],[137.051307,35.215163],[137.051449,35.215186],[137.052149,35.215302],[137.053568,35.215548],[137.055193,35.215817],[137.055263,35.215551],[137.055376,35.215119]]]}},{"type":"Feature","properties":{"name":"三郷町陶栄","city":"尾張旭市","code":"226","setai":249,"jinko":636,"n":1,"towns":["23226029003"],"lx":137.056496,"ly":35.216471},"geometry":{"type":"Polygon","coordinates":[[[137.056917,35.217937],[137.057144,35.217399],[137.057655,35.217515],[137.057994,35.216558],[137.058135,35.216306],[137.058248,35.216088],[137.058227,35.216078],[137.058335,35.215705],[137.057809,35.215503],[137.057658,35.215252],[137.057541,35.215433],[137.057063,35.215201],[137.057008,35.215406],[137.056608,35.215332],[137.056081,35.215242],[137.055491,35.215144],[137.055376,35.215119],[137.055263,35.215551],[137.055193,35.215817],[137.055062,35.216327],[137.055015,35.216522],[137.054914,35.216892],[137.054775,35.217396],[137.055427,35.217562],[137.056106,35.217729],[137.056307,35.21779],[137.056466,35.217825],[137.056638,35.21787],[137.056836,35.217919],[137.056917,35.217937]]]}},{"type":"Feature","properties":{"name":"三郷町富丘","city":"尾張旭市","code":"226","setai":161,"jinko":357,"n":1,"towns":["23226029004"],"lx":137.056581,"ly":35.214258},"geometry":{"type":"Polygon","coordinates":[[[137.057658,35.215252],[137.057595,35.215155],[137.057511,35.215072],[137.057504,35.215009],[137.057514,35.214877],[137.057587,35.21472],[137.057673,35.214647],[137.057757,35.214606],[137.057336,35.214122],[137.057358,35.214043],[137.057362,35.214021],[137.057437,35.213735],[137.057588,35.213127],[137.057227,35.213122],[137.056481,35.213108],[137.056194,35.213096],[137.055893,35.213074],[137.055742,35.213679],[137.055591,35.21427],[137.055478,35.214704],[137.055376,35.215119],[137.055491,35.215144],[137.056081,35.215242],[137.056608,35.215332],[137.057008,35.215406],[137.057063,35.215201],[137.057541,35.215433],[137.057658,35.215252]]]}},{"type":"Feature","properties":{"name":"三郷町角田","city":"尾張旭市","code":"226","setai":73,"jinko":166,"n":1,"towns":["23226029005"],"lx":137.058391,"ly":35.216818},"geometry":{"type":"Polygon","coordinates":[[[137.058956,35.21757],[137.059263,35.217167],[137.059541,35.216796],[137.05966,35.216637],[137.059707,35.216575],[137.059712,35.216568],[137.059804,35.216445],[137.059655,35.216341],[137.059326,35.216097],[137.059127,35.215951],[137.058924,35.215806],[137.058803,35.21571],[137.058574,35.215507],[137.05844,35.215354],[137.058259,35.215191],[137.058004,35.214935],[137.057757,35.214606],[137.057673,35.214647],[137.057587,35.21472],[137.057514,35.214877],[137.057504,35.215009],[137.057511,35.215072],[137.057595,35.215155],[137.057658,35.215252],[137.057809,35.215503],[137.058335,35.215705],[137.058227,35.216078],[137.058248,35.216088],[137.058135,35.216306],[137.057994,35.216558],[137.057655,35.217515],[137.057144,35.217399],[137.056917,35.217937],[137.057058,35.217968],[137.057206,35.218001],[137.057733,35.218144],[137.058005,35.218222],[137.058362,35.218347],[137.0585,35.218437],[137.058761,35.21793],[137.058956,35.21757]]]}},{"type":"Feature","properties":{"name":"狩宿町","city":"尾張旭市","code":"226","setai":512,"jinko":1257,"n":4,"towns":["23226030001","23226030002","23226030003","23226030004"],"lx":137.064136,"ly":35.212568},"geometry":{"type":"Polygon","coordinates":[[[137.060133,35.209201],[137.060469,35.209175],[137.06058,35.209122],[137.060721,35.20898],[137.060793,35.208946],[137.06102,35.208853],[137.061315,35.208838],[137.06143,35.208861],[137.061333,35.209011],[137.061322,35.209065],[137.061366,35.209084],[137.061489,35.20905],[137.061889,35.209103],[137.062166,35.209166],[137.062492,35.209203],[137.062679,35.20919],[137.062838,35.209178],[137.062976,35.209237],[137.06309,35.209312],[137.063213,35.209355],[137.063498,35.209394],[137.063547,35.209418],[137.063609,35.209491],[137.06363,35.209706],[137.063659,35.20975],[137.064155,35.210004],[137.064268,35.210033],[137.064322,35.210059],[137.064359,35.210109],[137.064357,35.210161],[137.064399,35.210275],[137.064538,35.210434],[137.06462,35.210627],[137.064703,35.210943],[137.064794,35.211119],[137.064807,35.211243],[137.064836,35.211288],[137.064997,35.211314],[137.065005,35.211411],[137.065011,35.211485],[137.065046,35.211558],[137.065187,35.211638],[137.065242,35.211642],[137.06535,35.211789],[137.065455,35.211907],[137.06547,35.211898],[137.065566,35.212028],[137.065882,35.212178],[137.065896,35.21219],[137.066428,35.212559],[137.06683,35.212912],[137.066961,35.213024],[137.067054,35.213103],[137.067206,35.213234],[137.067439,35.213432],[137.067628,35.213607],[137.067856,35.2138],[137.068052,35.213998],[137.068104,35.213958],[137.068188,35.214009],[137.068194,35.214012],[137.06826,35.214059],[137.068219,35.214125],[137.068182,35.214192],[137.068113,35.214294],[137.068044,35.214397],[137.067877,35.214619],[137.067803,35.214703],[137.067697,35.214832],[137.067512,35.21505],[137.067418,35.215154],[137.067394,35.21518],[137.067308,35.215277],[137.067237,35.215348],[137.067221,35.215357],[137.067198,35.215369],[137.067147,35.215399],[137.067064,35.215444],[137.066975,35.215485],[137.066922,35.215512],[137.066875,35.215511],[137.066839,35.215507],[137.066761,35.215492],[137.066721,35.215482],[137.066703,35.215477],[137.066696,35.215505],[137.066665,35.215529],[137.066631,35.215557],[137.06659,35.21557],[137.066505,35.215558],[137.066476,35.215646],[137.066417,35.215685],[137.065987,35.215711],[137.065862,35.215713],[137.065768,35.215753],[137.065696,35.215815],[137.065584,35.21562],[137.065442,35.215491],[137.065229,35.215347],[137.065063,35.215238],[137.064785,35.215045],[137.064697,35.215028],[137.064558,35.214984],[137.064488,35.214962],[137.064326,35.21493],[137.06426,35.214924],[137.064207,35.214916],[137.064033,35.214896],[137.0638,35.214846],[137.063535,35.214775],[137.063296,35.214679],[137.063085,35.214598],[137.062933,35.214543],[137.062692,35.214435],[137.062524,35.21434],[137.062225,35.214125],[137.062058,35.213984],[137.061953,35.21388],[137.061861,35.213776],[137.061812,35.213662],[137.061779,35.213553],[137.061793,35.213552],[137.061723,35.213189],[137.061718,35.213135],[137.061727,35.213013],[137.061746,35.212723],[137.061749,35.212599],[137.061759,35.212227],[137.061783,35.21192],[137.061787,35.211668],[137.061784,35.211231],[137.061778,35.211105],[137.061749,35.210905],[137.061695,35.21071],[137.061634,35.210559],[137.061508,35.210393],[137.061365,35.210316],[137.061249,35.210199],[137.061107,35.210107],[137.060943,35.20996],[137.060638,35.209683],[137.06038,35.209444],[137.060214,35.209317],[137.060133,35.209201]]]}},{"type":"Feature","properties":{"name":"東三郷町","city":"尾張旭市","code":"226","setai":242,"jinko":564,"n":1,"towns":["232260310"],"lx":137.059262,"ly":35.21429},"geometry":{"type":"Polygon","coordinates":[[[137.059804,35.216445],[137.059907,35.216308],[137.06002,35.216355],[137.060205,35.216062],[137.060272,35.215962],[137.060214,35.215816],[137.060034,35.215752],[137.06001,35.21572],[137.059987,35.215714],[137.059731,35.21572],[137.059746,35.215459],[137.059743,35.215401],[137.059743,35.215383],[137.059738,35.215214],[137.059674,35.215038],[137.059661,35.214966],[137.059598,35.214815],[137.059468,35.214795],[137.059401,35.21481],[137.05935,35.214794],[137.059329,35.214761],[137.059333,35.214737],[137.059382,35.214706],[137.059789,35.214605],[137.059944,35.214567],[137.060059,35.21457],[137.060177,35.21459],[137.060298,35.214596],[137.060467,35.214598],[137.060631,35.214561],[137.060771,35.214531],[137.06091,35.214539],[137.061002,35.214549],[137.061106,35.214299],[137.060915,35.214139],[137.060852,35.21405],[137.060833,35.21395],[137.060839,35.213851],[137.060839,35.213842],[137.060859,35.213797],[137.060873,35.213763],[137.060894,35.213713],[137.060894,35.213713],[137.060979,35.213547],[137.061054,35.213548],[137.061779,35.213553],[137.061793,35.213552],[137.061723,35.213189],[137.059603,35.213174],[137.05925,35.21317],[137.058888,35.213168],[137.058377,35.213154],[137.057943,35.21314],[137.05766,35.213132],[137.057588,35.213127],[137.057437,35.213735],[137.057362,35.214021],[137.057358,35.214043],[137.057336,35.214122],[137.057757,35.214606],[137.058004,35.214935],[137.058259,35.215191],[137.05844,35.215354],[137.058574,35.215507],[137.058803,35.21571],[137.058924,35.215806],[137.059127,35.215951],[137.059326,35.216097],[137.059655,35.216341],[137.059804,35.216445]]]}},{"type":"Feature","properties":{"name":"狩宿新町","city":"尾張旭市","code":"226","setai":181,"jinko":442,"n":2,"towns":["23226032001","23226032002"],"lx":137.05981,"ly":35.210938},"geometry":{"type":"Polygon","coordinates":[[[137.057291,35.208675],[137.057367,35.208227],[137.057985,35.208462],[137.058791,35.208694],[137.059069,35.208755],[137.05921,35.208791],[137.059571,35.208947],[137.059991,35.209135],[137.060133,35.209201],[137.060214,35.209317],[137.06038,35.209444],[137.060638,35.209683],[137.060943,35.20996],[137.061107,35.210107],[137.061249,35.210199],[137.061365,35.210316],[137.061508,35.210393],[137.061634,35.210559],[137.061695,35.21071],[137.061749,35.210905],[137.061778,35.211105],[137.061784,35.211231],[137.061787,35.211668],[137.061783,35.21192],[137.061759,35.212227],[137.061749,35.212599],[137.061746,35.212723],[137.061727,35.213013],[137.061718,35.213135],[137.061723,35.213189],[137.059603,35.213174],[137.05925,35.21317],[137.059086,35.212783],[137.059008,35.212601],[137.05887,35.212214],[137.058351,35.210884],[137.058238,35.210611],[137.058115,35.210308],[137.058114,35.210306],[137.058006,35.21],[137.057801,35.209506],[137.05767,35.209178],[137.057575,35.208917],[137.057523,35.208764],[137.057291,35.208675]]]}},{"type":"Feature","properties":{"name":"瀬戸川町","city":"尾張旭市","code":"226","setai":575,"jinko":1276,"n":2,"towns":["23226033001","23226033002"],"lx":137.056398,"ly":35.210636},"geometry":{"type":"Polygon","coordinates":[[[137.053851,35.210523],[137.05421,35.209914],[137.054411,35.209614],[137.054597,35.209254],[137.054684,35.208979],[137.054748,35.20884],[137.054836,35.208519],[137.054889,35.208202],[137.054947,35.207925],[137.054991,35.207662],[137.055072,35.207243],[137.055108,35.207086],[137.055606,35.207366],[137.056222,35.207678],[137.057248,35.208182],[137.057367,35.208227],[137.057291,35.208675],[137.057523,35.208764],[137.057575,35.208917],[137.05767,35.209178],[137.057801,35.209506],[137.058006,35.21],[137.058114,35.210306],[137.058115,35.210308],[137.058238,35.210611],[137.058351,35.210884],[137.05887,35.212214],[137.059008,35.212601],[137.059086,35.212783],[137.05925,35.21317],[137.058888,35.213168],[137.058377,35.213154],[137.057943,35.21314],[137.05766,35.213132],[137.057588,35.213127],[137.057227,35.213122],[137.056481,35.213108],[137.056194,35.213096],[137.055893,35.213074],[137.055777,35.21307],[137.055568,35.213033],[137.055048,35.212947],[137.055042,35.212778],[137.05503,35.212655],[137.05499,35.212552],[137.054916,35.212353],[137.054806,35.212141],[137.054734,35.211984],[137.054653,35.211832],[137.054581,35.211689],[137.05449,35.211559],[137.054412,35.211442],[137.054395,35.211376],[137.054385,35.211193],[137.054359,35.211068],[137.054325,35.210993],[137.054307,35.210856],[137.054205,35.210765],[137.054047,35.210673],[137.053851,35.210523]]]}},{"type":"Feature","properties":{"name":"西の野町","city":"尾張旭市","code":"226","setai":204,"jinko":565,"n":5,"towns":["23226034001","23226034002","23226034003","23226034004","23226034005"],"lx":137.033122,"ly":35.209234},"geometry":{"type":"Polygon","coordinates":[[[137.027866,35.211183],[137.02796,35.21111],[137.028401,35.210815],[137.028768,35.210616],[137.028768,35.210559],[137.028769,35.210552],[137.028509,35.210497],[137.028585,35.210212],[137.02844,35.209912],[137.028564,35.20977],[137.028619,35.2095],[137.028673,35.209365],[137.028707,35.209244],[137.02867,35.208945],[137.028922,35.208926],[137.02903,35.208834],[137.029327,35.208532],[137.029348,35.208498],[137.029322,35.207957],[137.028814,35.207979],[137.028855,35.207765],[137.028879,35.207613],[137.029023,35.206706],[137.029078,35.206357],[137.029138,35.206001],[137.029562,35.205889],[137.030037,35.205737],[137.030565,35.205441],[137.031026,35.205124],[137.031204,35.205439],[137.031422,35.205743],[137.031523,35.205896],[137.031683,35.206083],[137.031808,35.20621],[137.031915,35.206301],[137.032033,35.206377],[137.032232,35.20645],[137.032368,35.20655],[137.032379,35.206834],[137.032402,35.207605],[137.032954,35.20759],[137.033477,35.207586],[137.034034,35.20758],[137.034073,35.207588],[137.034387,35.207577],[137.036042,35.207544],[137.037771,35.207505],[137.037841,35.208603],[137.03787,35.20918],[137.037879,35.209477],[137.037892,35.20968],[137.037906,35.20997],[137.037921,35.210316],[137.037931,35.210579],[137.037945,35.210847],[137.037957,35.211063],[137.037986,35.211273],[137.038041,35.211642],[137.038066,35.211791],[137.038104,35.211941],[137.037601,35.212097],[137.037221,35.212209],[137.036865,35.212283],[137.036594,35.21233],[137.036334,35.212251],[137.036311,35.211951],[137.036053,35.211891],[137.035841,35.211821],[137.035491,35.211694],[137.035233,35.211596],[137.035195,35.211564],[137.034581,35.211467],[137.034556,35.211593],[137.034352,35.211559],[137.034302,35.211772],[137.034178,35.211754],[137.034112,35.21175],[137.033939,35.211724],[137.033818,35.211708],[137.033588,35.211696],[137.03349,35.211657],[137.033391,35.211614],[137.033282,35.211515],[137.033188,35.211286],[137.033133,35.21115],[137.033082,35.210991],[137.032799,35.21099],[137.032713,35.211121],[137.03263,35.211262],[137.032546,35.211409],[137.032496,35.21148],[137.032437,35.211723],[137.032412,35.211807],[137.032268,35.211817],[137.032056,35.211827],[137.031974,35.211812],[137.031952,35.211749],[137.031942,35.211676],[137.031915,35.211496],[137.031876,35.21149],[137.031737,35.211566],[137.031623,35.211647],[137.031564,35.211675],[137.031492,35.211715],[137.031403,35.211745],[137.031179,35.211618],[137.030897,35.211466],[137.030625,35.211343],[137.030444,35.211251],[137.03023,35.211165],[137.029732,35.211119],[137.029596,35.21112],[137.029433,35.211121],[137.029117,35.211148],[137.028938,35.211191],[137.028472,35.211239],[137.027866,35.211183]]]}},{"type":"Feature","properties":{"name":"西の野町豆塚","city":"尾張旭市","code":"226","setai":1,"jinko":2,"n":1,"towns":["23226034006"],"lx":137.028561,"ly":35.209065},"geometry":{"type":"Polygon","coordinates":[[[137.02867,35.208945],[137.028414,35.208937],[137.028408,35.209094],[137.028435,35.209126],[137.028707,35.209244],[137.02867,35.208945]]]}},{"type":"Feature","properties":{"name":"稲葉町","city":"尾張旭市","code":"226","setai":133,"jinko":341,"n":5,"towns":["23226035001","23226035002","23226035003","23226035004","23226035005"],"lx":137.037572,"ly":35.20543},"geometry":{"type":"Polygon","coordinates":[[[137.031026,35.205124],[137.031246,35.204989],[137.031549,35.204771],[137.031903,35.20449],[137.032143,35.204318],[137.032688,35.203924],[137.033604,35.203371],[137.03394,35.203162],[137.034178,35.203055],[137.034488,35.202937],[137.03472,35.202871],[137.035045,35.202826],[137.035407,35.202793],[137.035639,35.202769],[137.035864,35.202606],[137.036095,35.20246],[137.036299,35.202371],[137.036566,35.202442],[137.03746,35.202704],[137.039362,35.203248],[137.039795,35.203379],[137.040888,35.203675],[137.041034,35.203625],[137.041952,35.203571],[137.041962,35.204068],[137.042014,35.204217],[137.042154,35.204318],[137.04267,35.204589],[137.043161,35.204795],[137.043281,35.204961],[137.043347,35.205121],[137.043371,35.205247],[137.043363,35.205832],[137.044019,35.205869],[137.043989,35.206377],[137.043926,35.206808],[137.043741,35.207903],[137.043102,35.207825],[137.042789,35.207789],[137.042448,35.207747],[137.042081,35.207706],[137.041812,35.207674],[137.041505,35.207633],[137.041472,35.207633],[137.04072,35.207547],[137.040369,35.207506],[137.040122,35.207482],[137.039734,35.207475],[137.039504,35.207468],[137.039211,35.20747],[137.037771,35.207505],[137.036042,35.207544],[137.034387,35.207577],[137.034073,35.207588],[137.034034,35.20758],[137.033477,35.207586],[137.032954,35.20759],[137.032402,35.207605],[137.032379,35.206834],[137.032368,35.20655],[137.032232,35.20645],[137.032033,35.206377],[137.031915,35.206301],[137.031808,35.20621],[137.031683,35.206083],[137.031523,35.205896],[137.031422,35.205743],[137.031204,35.205439],[137.031026,35.205124]]]}},{"type":"Feature","properties":{"name":"北山町北新田","city":"尾張旭市","code":"226","setai":414,"jinko":1013,"n":1,"towns":["23226036001"],"lx":137.042442,"ly":35.2133},"geometry":{"type":"Polygon","coordinates":[[[137.044073,35.214567],[137.044106,35.2144],[137.044429,35.214403],[137.044417,35.214122],[137.044503,35.213995],[137.044529,35.213949],[137.044534,35.21382],[137.044525,35.213694],[137.044731,35.213657],[137.044734,35.213508],[137.045012,35.213505],[137.045083,35.213198],[137.045147,35.212957],[137.044949,35.212948],[137.044863,35.212846],[137.044813,35.212798],[137.044674,35.212542],[137.044645,35.212504],[137.044421,35.212199],[137.044246,35.212039],[137.044129,35.212043],[137.043945,35.212043],[137.04366,35.212043],[137.043483,35.212041],[137.043227,35.212064],[137.043031,35.212078],[137.042838,35.212098],[137.042654,35.212115],[137.042452,35.212135],[137.042293,35.212146],[137.042061,35.212164],[137.041703,35.212167],[137.041476,35.212168],[137.041157,35.21215],[137.040887,35.212157],[137.040641,35.21217],[137.040257,35.212157],[137.039577,35.212156],[137.039845,35.21263],[137.039787,35.213289],[137.039839,35.213435],[137.03992,35.213563],[137.040045,35.213691],[137.040201,35.213755],[137.040391,35.213758],[137.040492,35.213841],[137.040677,35.213994],[137.040846,35.214453],[137.041671,35.214435],[137.041748,35.21443],[137.04181,35.214431],[137.041845,35.214433],[137.041903,35.214429],[137.04193,35.214485],[137.041995,35.21455],[137.042193,35.214616],[137.042376,35.214675],[137.042499,35.214712],[137.042556,35.214728],[137.042623,35.214733],[137.042724,35.214736],[137.042925,35.214736],[137.042989,35.214737],[137.043253,35.214813],[137.043367,35.214842],[137.043527,35.214869],[137.043702,35.214907],[137.043875,35.214937],[137.044,35.214716],[137.044073,35.214567]]]}},{"type":"Feature","properties":{"name":"北山町北山","city":"尾張旭市","code":"226","setai":410,"jinko":903,"n":1,"towns":["23226036002"],"lx":137.040465,"ly":35.210641},"geometry":{"type":"Polygon","coordinates":[[[137.040887,35.212157],[137.041157,35.21215],[137.041476,35.212168],[137.041703,35.212167],[137.042061,35.212164],[137.042293,35.212146],[137.042452,35.212135],[137.042654,35.212115],[137.042838,35.212098],[137.043031,35.212078],[137.043227,35.212064],[137.043483,35.212041],[137.04366,35.212043],[137.043945,35.212043],[137.044129,35.212043],[137.044246,35.212039],[137.044161,35.21196],[137.044171,35.211601],[137.044154,35.211577],[137.044055,35.211543],[137.043948,35.211501],[137.043786,35.211442],[137.043431,35.211297],[137.043187,35.211173],[137.043062,35.211096],[137.042912,35.211],[137.042928,35.210983],[137.043119,35.210776],[137.042862,35.210612],[137.042834,35.210505],[137.042793,35.210358],[137.042708,35.210208],[137.042632,35.210132],[137.042704,35.210016],[137.042829,35.209809],[137.042842,35.209738],[137.042819,35.209429],[137.04258,35.209488],[137.042344,35.209548],[137.042303,35.209619],[137.042131,35.209629],[137.042017,35.209632],[137.041729,35.20962],[137.04166,35.209683],[137.04146,35.209784],[137.041345,35.20982],[137.041072,35.20989],[137.04097,35.209817],[137.040346,35.209438],[137.039745,35.208953],[137.039541,35.208772],[137.039272,35.208527],[137.039101,35.20856],[137.038872,35.208574],[137.038316,35.208592],[137.037841,35.208603],[137.03787,35.20918],[137.037879,35.209477],[137.037892,35.20968],[137.037906,35.20997],[137.037921,35.210316],[137.037931,35.210579],[137.037945,35.210847],[137.037957,35.211063],[137.037986,35.211273],[137.038041,35.211642],[137.038066,35.211791],[137.038104,35.211941],[137.038185,35.211908],[137.038255,35.211861],[137.03836,35.21176],[137.038514,35.211623],[137.038686,35.211575],[137.038931,35.211516],[137.039101,35.211493],[137.039136,35.211537],[137.039173,35.211552],[137.039198,35.211574],[137.039256,35.211622],[137.039303,35.211679],[137.039328,35.211712],[137.039346,35.211739],[137.039374,35.21177],[137.039391,35.211815],[137.039417,35.211902],[137.03944,35.211947],[137.039519,35.212156],[137.039577,35.212156],[137.040257,35.212157],[137.040641,35.21217],[137.040887,35.212157]]]}},{"type":"Feature","properties":{"name":"北山町六反田","city":"尾張旭市","code":"226","setai":40,"jinko":106,"n":1,"towns":["23226036003"],"lx":137.041416,"ly":35.208512},"geometry":{"type":"Polygon","coordinates":[[[137.04166,35.209683],[137.041729,35.20962],[137.042017,35.209632],[137.042131,35.209629],[137.042303,35.209619],[137.042344,35.209548],[137.04258,35.209488],[137.042819,35.209429],[137.042983,35.209399],[137.04315,35.209418],[137.043747,35.209483],[137.044599,35.209579],[137.044614,35.208576],[137.044698,35.208019],[137.043741,35.207903],[137.043102,35.207825],[137.042789,35.207789],[137.042448,35.207747],[137.042081,35.207706],[137.041812,35.207674],[137.041505,35.207633],[137.041472,35.207633],[137.04072,35.207547],[137.040369,35.207506],[137.040122,35.207482],[137.039734,35.207475],[137.039504,35.207468],[137.039211,35.20747],[137.037771,35.207505],[137.037841,35.208603],[137.038316,35.208592],[137.038872,35.208574],[137.039101,35.20856],[137.039272,35.208527],[137.039541,35.208772],[137.039745,35.208953],[137.040346,35.209438],[137.04097,35.209817],[137.041072,35.20989],[137.041345,35.20982],[137.04146,35.209784],[137.04166,35.209683]]]}},{"type":"Feature","properties":{"name":"下井町前の上","city":"尾張旭市","code":"226","setai":23,"jinko":62,"n":1,"towns":["23226037001"],"lx":137.046074,"ly":35.20815},"geometry":{"type":"Polygon","coordinates":[[[137.04684,35.209451],[137.046917,35.208305],[137.047061,35.208331],[137.04783,35.208499],[137.048726,35.208693],[137.048761,35.208619],[137.048809,35.20854],[137.048856,35.208447],[137.048935,35.208301],[137.04897,35.208077],[137.049024,35.207053],[137.047008,35.206958],[137.046991,35.205978],[137.044019,35.205869],[137.043989,35.206377],[137.043926,35.206808],[137.043741,35.207903],[137.044698,35.208019],[137.044614,35.208576],[137.044599,35.209579],[137.044635,35.209585],[137.044599,35.210499],[137.044597,35.210861],[137.0453,35.210866],[137.045665,35.210863],[137.046079,35.21086],[137.046399,35.210706],[137.046627,35.210592],[137.046767,35.210527],[137.046917,35.21045],[137.047398,35.21039],[137.047739,35.210344],[137.047704,35.210267],[137.047347,35.209943],[137.047088,35.209716],[137.046913,35.20956],[137.04684,35.209451]]]}},{"type":"Feature","properties":{"name":"下井町下井","city":"尾張旭市","code":"226","setai":4,"jinko":7,"n":1,"towns":["23226037002"],"lx":137.046781,"ly":35.204646},"geometry":{"type":"Polygon","coordinates":[[[137.050435,35.206138],[137.050169,35.204235],[137.050065,35.204211],[137.04964,35.204042],[137.04968,35.203785],[137.049708,35.203489],[137.049704,35.20308],[137.049653,35.203054],[137.049312,35.202845],[137.049432,35.20261],[137.049306,35.202592],[137.049144,35.202566],[137.048536,35.202519],[137.04836,35.202535],[137.047996,35.202602],[137.047344,35.202742],[137.046689,35.202866],[137.045876,35.203027],[137.0454,35.203121],[137.044715,35.203221],[137.044251,35.203296],[137.043837,35.203349],[137.04337,35.203414],[137.042916,35.203471],[137.042657,35.203509],[137.042421,35.203527],[137.041952,35.203571],[137.041962,35.204068],[137.042014,35.204217],[137.042154,35.204318],[137.04267,35.204589],[137.043161,35.204795],[137.043281,35.204961],[137.043347,35.205121],[137.043371,35.205247],[137.043363,35.205832],[137.044019,35.205869],[137.046991,35.205978],[137.047008,35.206958],[137.049024,35.207053],[137.049048,35.206459],[137.049888,35.206411],[137.049877,35.206188],[137.050435,35.206138]]]}},{"type":"Feature","properties":{"name":"長坂町","city":"尾張旭市","code":"226","setai":598,"jinko":1480,"n":1,"towns":["232260380"],"lx":137.032073,"ly":35.202467},"geometry":{"type":"Polygon","coordinates":[[[137.034178,35.203055],[137.034488,35.202937],[137.03472,35.202871],[137.035045,35.202826],[137.035407,35.202793],[137.035639,35.202769],[137.035864,35.202606],[137.036095,35.20246],[137.036299,35.202371],[137.036566,35.202442],[137.03746,35.202704],[137.037636,35.202445],[137.037841,35.202218],[137.037962,35.20213],[137.037879,35.202035],[137.037572,35.201994],[137.037474,35.201964],[137.037324,35.201915],[137.037139,35.201801],[137.036978,35.201677],[137.036508,35.20131],[137.0356,35.201053],[137.035544,35.201036],[137.035069,35.201254],[137.03477,35.201378],[137.033868,35.201298],[137.033569,35.201264],[137.033142,35.20121],[137.033053,35.20115],[137.032907,35.20095],[137.032677,35.200611],[137.032707,35.200494],[137.032089,35.200325],[137.031603,35.200197],[137.030999,35.200053],[137.030434,35.199915],[137.030171,35.199834],[137.029972,35.199831],[137.029661,35.199823],[137.029389,35.199793],[137.029485,35.200027],[137.029543,35.200158],[137.029623,35.200393],[137.02964,35.200418],[137.029709,35.20065],[137.029705,35.200769],[137.029698,35.200832],[137.029661,35.200899],[137.030212,35.201466],[137.030235,35.20161],[137.030305,35.20205],[137.030342,35.202305],[137.030467,35.202534],[137.03052,35.202941],[137.030046,35.202668],[137.029365,35.202424],[137.028738,35.202218],[137.028485,35.202135],[137.028189,35.202159],[137.028063,35.202163],[137.027916,35.202182],[137.027469,35.202272],[137.027243,35.20236],[137.027066,35.202434],[137.026913,35.202486],[137.026783,35.202523],[137.026978,35.202586],[137.027341,35.202661],[137.027754,35.202849],[137.028465,35.203143],[137.028484,35.203151],[137.028843,35.203297],[137.028934,35.203334],[137.029015,35.203369],[137.029335,35.203511],[137.029539,35.203595],[137.029636,35.20368],[137.029688,35.203725],[137.029839,35.203887],[137.029949,35.204059],[137.030031,35.204202],[137.030083,35.204309],[137.030141,35.204425],[137.030187,35.204532],[137.030232,35.204601],[137.030273,35.204675],[137.030306,35.204763],[137.030257,35.204815],[137.030192,35.204855],[137.02974,35.205114],[137.029197,35.205294],[137.029188,35.20557],[137.029138,35.206001],[137.029562,35.205889],[137.030037,35.205737],[137.030565,35.205441],[137.031026,35.205124],[137.031246,35.204989],[137.031549,35.204771],[137.031903,35.20449],[137.032143,35.204318],[137.032688,35.203924],[137.033604,35.203371],[137.03394,35.203162],[137.034178,35.203055]]]}},{"type":"Feature","properties":{"name":"上の山町山畑","city":"尾張旭市","code":"226","setai":37,"jinko":106,"n":1,"towns":["23226039001"],"lx":137.039346,"ly":35.201366},"geometry":{"type":"Polygon","coordinates":[[[137.040796,35.202136],[137.040818,35.201991],[137.040828,35.201833],[137.040833,35.20169],[137.040838,35.201523],[137.040846,35.20136],[137.040849,35.201223],[137.040849,35.201035],[137.040854,35.200849],[137.040862,35.200496],[137.040227,35.200577],[137.039699,35.200645],[137.039204,35.200713],[137.038943,35.200751],[137.038648,35.200786],[137.037534,35.200942],[137.037618,35.201487],[137.037683,35.201746],[137.037768,35.201904],[137.037879,35.202035],[137.037962,35.20213],[137.03802,35.20211],[137.038101,35.202074],[137.038224,35.202043],[137.03838,35.202013],[137.038502,35.201993],[137.038629,35.201987],[137.038846,35.202014],[137.039046,35.202048],[137.039181,35.202055],[137.039366,35.202018],[137.039593,35.202],[137.039683,35.201996],[137.039807,35.202],[137.039922,35.202005],[137.040018,35.202008],[137.040137,35.202024],[137.040234,35.20204],[137.040275,35.202057],[137.040354,35.202107],[137.040424,35.202162],[137.040514,35.202206],[137.040592,35.202216],[137.040657,35.202208],[137.040731,35.20219],[137.040796,35.202136]]]}},{"type":"Feature","properties":{"name":"上の山町間口","city":"尾張旭市","code":"226","setai":157,"jinko":359,"n":1,"towns":["23226039002"],"lx":137.042373,"ly":35.201923},"geometry":{"type":"Polygon","coordinates":[[[137.044812,35.202443],[137.044821,35.201852],[137.045191,35.201853],[137.045199,35.201721],[137.045599,35.200854],[137.045714,35.200588],[137.045842,35.200304],[137.04469,35.199966],[137.043519,35.199618],[137.043313,35.200141],[137.042111,35.200318],[137.040862,35.200496],[137.040854,35.200849],[137.040849,35.201035],[137.040849,35.201223],[137.040846,35.20136],[137.040838,35.201523],[137.040833,35.20169],[137.040828,35.201833],[137.040818,35.201991],[137.040796,35.202136],[137.040731,35.20219],[137.040657,35.202208],[137.040592,35.202216],[137.040514,35.202206],[137.040424,35.202162],[137.040354,35.202107],[137.040275,35.202057],[137.040234,35.20204],[137.040137,35.202024],[137.040018,35.202008],[137.039922,35.202005],[137.039807,35.202],[137.039683,35.201996],[137.039593,35.202],[137.039366,35.202018],[137.039181,35.202055],[137.039046,35.202048],[137.038846,35.202014],[137.038629,35.201987],[137.038502,35.201993],[137.03838,35.202013],[137.038224,35.202043],[137.038101,35.202074],[137.03802,35.20211],[137.037962,35.20213],[137.037841,35.202218],[137.037636,35.202445],[137.03746,35.202704],[137.039362,35.203248],[137.039795,35.203379],[137.040888,35.203675],[137.041034,35.203625],[137.041952,35.203571],[137.042421,35.203527],[137.042657,35.203509],[137.042916,35.203471],[137.04337,35.203414],[137.043837,35.203349],[137.044251,35.203296],[137.044715,35.203221],[137.0454,35.203121],[137.045876,35.203027],[137.045462,35.202956],[137.04521,35.202914],[137.04509,35.202615],[137.044988,35.202507],[137.044917,35.202471],[137.044812,35.202443]]]}},{"type":"Feature","properties":{"name":"緑町","city":"尾張旭市","code":"226","setai":1185,"jinko":2751,"n":1,"towns":["232260400"],"lx":137.027152,"ly":35.199073},"geometry":{"type":"Polygon","coordinates":[[[137.030342,35.202305],[137.030305,35.20205],[137.030235,35.20161],[137.030212,35.201466],[137.029661,35.200899],[137.029698,35.200832],[137.029705,35.200769],[137.029709,35.20065],[137.02964,35.200418],[137.029623,35.200393],[137.029543,35.200158],[137.029485,35.200027],[137.029389,35.199793],[137.029354,35.199714],[137.029328,35.199642],[137.029322,35.19961],[137.029252,35.199536],[137.029271,35.199387],[137.029315,35.199053],[137.029471,35.198982],[137.029619,35.198847],[137.029789,35.198569],[137.029897,35.198307],[137.030235,35.197498],[137.030155,35.197481],[137.029053,35.197158],[137.027915,35.19681],[137.027885,35.196801],[137.026776,35.196473],[137.026476,35.196387],[137.025608,35.196133],[137.025049,35.195958],[137.025146,35.195738],[137.025157,35.195616],[137.025211,35.195422],[137.024738,35.195178],[137.024731,35.195174],[137.024683,35.195194],[137.024613,35.195161],[137.024567,35.195183],[137.024463,35.195149],[137.024403,35.195281],[137.024337,35.195332],[137.024153,35.195457],[137.024125,35.195475],[137.023966,35.19556],[137.024034,35.195679],[137.024078,35.195764],[137.023961,35.195813],[137.023999,35.195902],[137.023622,35.196015],[137.023609,35.196019],[137.023609,35.196212],[137.023672,35.196287],[137.023697,35.196322],[137.023769,35.196399],[137.023773,35.196403],[137.023785,35.196417],[137.023771,35.196424],[137.023347,35.196634],[137.023098,35.19674],[137.023064,35.196754],[137.022353,35.197027],[137.022432,35.197197],[137.022795,35.197539],[137.023058,35.197555],[137.023209,35.197616],[137.023465,35.197757],[137.023666,35.197807],[137.023665,35.197678],[137.02395,35.197643],[137.024008,35.197636],[137.02408,35.197606],[137.024162,35.197572],[137.024432,35.197459],[137.025272,35.197591],[137.02528,35.197619],[137.025372,35.197741],[137.025416,35.197798],[137.025713,35.197969],[137.025887,35.198074],[137.025967,35.198147],[137.026113,35.198358],[137.026175,35.198445],[137.026177,35.198544],[137.026176,35.198596],[137.026175,35.198642],[137.02626,35.198717],[137.026157,35.198858],[137.026162,35.198887],[137.025979,35.199152],[137.025936,35.199219],[137.026076,35.199421],[137.026273,35.199719],[137.026259,35.199739],[137.026125,35.199869],[137.02612,35.199874],[137.025963,35.200026],[137.025578,35.200396],[137.02549,35.200482],[137.025468,35.200696],[137.025482,35.200777],[137.025518,35.200832],[137.025521,35.200837],[137.025619,35.200966],[137.025745,35.201174],[137.025748,35.20124],[137.025751,35.201294],[137.025761,35.201473],[137.025751,35.201559],[137.025742,35.201642],[137.025701,35.201829],[137.025672,35.202074],[137.02574,35.202104],[137.02598,35.202205],[137.02621,35.2023],[137.026491,35.202408],[137.026653,35.202459],[137.026783,35.202523],[137.026913,35.202486],[137.027066,35.202434],[137.027243,35.20236],[137.027469,35.202272],[137.027916,35.202182],[137.028063,35.202163],[137.028189,35.202159],[137.028485,35.202135],[137.028738,35.202218],[137.029365,35.202424],[137.030046,35.202668],[137.03052,35.202941],[137.030467,35.202534],[137.030342,35.202305]]]}},{"type":"Feature","properties":{"name":"南新町中畑","city":"尾張旭市","code":"226","setai":274,"jinko":667,"n":1,"towns":["23226041001"],"lx":137.031761,"ly":35.199155},"geometry":{"type":"Polygon","coordinates":[[[137.031492,35.197858],[137.030235,35.197498],[137.029897,35.198307],[137.029789,35.198569],[137.029619,35.198847],[137.029471,35.198982],[137.029315,35.199053],[137.029271,35.199387],[137.029252,35.199536],[137.029322,35.19961],[137.029328,35.199642],[137.029354,35.199714],[137.029389,35.199793],[137.029661,35.199823],[137.029972,35.199831],[137.030171,35.199834],[137.030434,35.199915],[137.030999,35.200053],[137.031603,35.200197],[137.032089,35.200325],[137.032707,35.200494],[137.032677,35.200611],[137.032907,35.20095],[137.033053,35.20115],[137.033142,35.20121],[137.033298,35.200841],[137.033467,35.200436],[137.033958,35.199343],[137.034018,35.199204],[137.034026,35.199187],[137.034241,35.19869],[137.033645,35.198505],[137.032653,35.198201],[137.031963,35.197989],[137.031492,35.197858]]]}},{"type":"Feature","properties":{"name":"南新町白山","city":"尾張旭市","code":"226","setai":136,"jinko":333,"n":1,"towns":["23226041002"],"lx":137.035169,"ly":35.200389},"geometry":{"type":"Polygon","coordinates":[[[137.037618,35.201487],[137.037534,35.200942],[137.037341,35.200969],[137.0372,35.200989],[137.03709,35.201],[137.03702,35.200989],[137.036888,35.200915],[137.036684,35.200746],[137.03658,35.200658],[137.036515,35.20059],[137.036456,35.200531],[137.036409,35.200483],[137.03635,35.20042],[137.036295,35.200351],[137.036256,35.200269],[137.03622,35.200189],[137.036158,35.200063],[137.036074,35.199864],[137.036019,35.199741],[137.035954,35.199598],[137.035842,35.199386],[137.035619,35.199119],[137.035293,35.199019],[137.035047,35.198947],[137.034731,35.198849],[137.034241,35.19869],[137.034026,35.199187],[137.034018,35.199204],[137.033958,35.199343],[137.033467,35.200436],[137.033298,35.200841],[137.033142,35.20121],[137.033569,35.201264],[137.033868,35.201298],[137.03477,35.201378],[137.035069,35.201254],[137.035544,35.201036],[137.0356,35.201053],[137.036508,35.20131],[137.036978,35.201677],[137.037139,35.201801],[137.037324,35.201915],[137.037474,35.201964],[137.037572,35.201994],[137.037879,35.202035],[137.037768,35.201904],[137.037683,35.201746],[137.037618,35.201487]]]}},{"type":"Feature","properties":{"name":"南栄町黒石","city":"尾張旭市","code":"226","setai":58,"jinko":232,"n":1,"towns":["23226042001"],"lx":137.030054,"ly":35.193102},"geometry":{"type":"Polygon","coordinates":[[[137.02959,35.194378],[137.029847,35.193778],[137.030443,35.193953],[137.031592,35.19431],[137.03177,35.193921],[137.032114,35.193167],[137.032075,35.192872],[137.03209,35.192545],[137.03212,35.192529],[137.032165,35.192525],[137.03238,35.192544],[137.032427,35.192462],[137.032242,35.192073],[137.032149,35.191927],[137.032119,35.191927],[137.03208,35.191926],[137.031915,35.191926],[137.031562,35.191954],[137.031291,35.191981],[137.03089,35.192032],[137.030523,35.192078],[137.029341,35.192205],[137.028275,35.192319],[137.028212,35.192326],[137.028184,35.192333],[137.02813,35.192415],[137.02803,35.192542],[137.028057,35.192666],[137.028167,35.19288],[137.028029,35.192913],[137.027823,35.19297],[137.027576,35.193026],[137.027538,35.193104],[137.027511,35.19322],[137.027521,35.193317],[137.027585,35.19347],[137.027686,35.1936],[137.027888,35.19378],[137.028275,35.193905],[137.028508,35.193951],[137.028549,35.19403],[137.028645,35.194154],[137.028755,35.194221],[137.028919,35.194292],[137.029151,35.194346],[137.029556,35.194467],[137.02959,35.194378]]]}},{"type":"Feature","properties":{"name":"南栄町旭ケ丘","city":"尾張旭市","code":"226","setai":98,"jinko":236,"n":1,"towns":["23226042002"],"lx":137.038179,"ly":35.194097},"geometry":{"type":"Polygon","coordinates":[[[137.041009,35.196442],[137.04109,35.196228],[137.041161,35.196068],[137.041458,35.195413],[137.041788,35.194592],[137.041856,35.194478],[137.04191,35.194365],[137.041988,35.194188],[137.042118,35.193904],[137.042281,35.193533],[137.042423,35.193217],[137.042575,35.192927],[137.042846,35.192588],[137.042617,35.19259],[137.041776,35.192663],[137.041737,35.192666],[137.041549,35.192576],[137.041262,35.192556],[137.041106,35.192385],[137.040771,35.192301],[137.04069,35.192281],[137.040297,35.192117],[137.040011,35.192009],[137.040004,35.192006],[137.039632,35.191896],[137.038878,35.191654],[137.038864,35.19165],[137.03838,35.191494],[137.038232,35.191667],[137.037967,35.191765],[137.037444,35.191947],[137.037326,35.191983],[137.037142,35.191986],[137.037005,35.191984],[137.036881,35.192021],[137.036757,35.192073],[137.036663,35.192119],[137.03658,35.192172],[137.036471,35.192238],[137.036397,35.192318],[137.036278,35.19242],[137.036176,35.192456],[137.036048,35.192486],[137.035978,35.192507],[137.035905,35.192509],[137.035755,35.192507],[137.035577,35.192466],[137.035451,35.192437],[137.035333,35.192421],[137.035276,35.192406],[137.035015,35.192379],[137.034865,35.192366],[137.034691,35.192364],[137.034515,35.192418],[137.034396,35.192517],[137.034341,35.192606],[137.034293,35.192687],[137.034172,35.192684],[137.034135,35.192677],[137.034014,35.192655],[137.033734,35.192632],[137.033443,35.192407],[137.033286,35.192414],[137.033216,35.192462],[137.033028,35.192392],[137.032861,35.192395],[137.032623,35.19242],[137.032427,35.192462],[137.032513,35.192569],[137.033271,35.193399],[137.033497,35.193651],[137.033959,35.19377],[137.034611,35.194163],[137.034786,35.19467],[137.03492,35.195044],[137.035089,35.195067],[137.035019,35.19532],[137.035157,35.195365],[137.035282,35.195406],[137.035424,35.19545],[137.035562,35.195498],[137.035687,35.195577],[137.035906,35.195789],[137.03607,35.195945],[137.036077,35.195952],[137.036225,35.196055],[137.036373,35.19612],[137.036735,35.196236],[137.037175,35.196379],[137.037807,35.196563],[137.038251,35.196669],[137.038666,35.196764],[137.038855,35.196391],[137.039345,35.196576],[137.040158,35.196834],[137.040865,35.19708],[137.040907,35.196853],[137.040945,35.196652],[137.041009,35.196442]]]}},{"type":"Feature","properties":{"name":"南栄町","city":"尾張旭市","code":"226","setai":91,"jinko":252,"n":1,"towns":["23226042003"],"lx":137.027054,"ly":35.193277},"geometry":{"type":"Polygon","coordinates":[[[137.028057,35.192666],[137.02803,35.192542],[137.02813,35.192415],[137.028184,35.192333],[137.027357,35.192547],[137.027335,35.192553],[137.02696,35.19265],[137.026444,35.192538],[137.025948,35.19247],[137.025743,35.192459],[137.025687,35.192932],[137.02565,35.193013],[137.025634,35.193124],[137.025593,35.193212],[137.02553,35.193297],[137.025483,35.193397],[137.026655,35.193757],[137.026659,35.193758],[137.027049,35.193872],[137.027781,35.194093],[137.028647,35.194354],[137.028913,35.194435],[137.029331,35.194549],[137.029495,35.194594],[137.02955,35.194481],[137.029556,35.194467],[137.029151,35.194346],[137.028919,35.194292],[137.028755,35.194221],[137.028645,35.194154],[137.028549,35.19403],[137.028508,35.193951],[137.028275,35.193905],[137.027888,35.19378],[137.027686,35.1936],[137.027585,35.19347],[137.027521,35.193317],[137.027511,35.19322],[137.027538,35.193104],[137.027576,35.193026],[137.027823,35.19297],[137.028029,35.192913],[137.028167,35.19288],[137.028057,35.192666]]]}},{"type":"Feature","properties":{"name":"晴丘町池上","city":"尾張旭市","code":"226","setai":167,"jinko":382,"n":1,"towns":["23226043001"],"lx":137.04406,"ly":35.194808},"geometry":{"type":"Polygon","coordinates":[[[137.043664,35.197881],[137.043928,35.197288],[137.045615,35.197783],[137.045864,35.197272],[137.046071,35.196839],[137.046077,35.196826],[137.046207,35.196687],[137.046585,35.195807],[137.046227,35.195713],[137.046298,35.195569],[137.046803,35.194417],[137.045958,35.194165],[137.046065,35.193896],[137.046166,35.193621],[137.046281,35.193353],[137.046477,35.192896],[137.046415,35.192748],[137.046333,35.192568],[137.046281,35.192459],[137.046193,35.19233],[137.046076,35.192194],[137.045922,35.192032],[137.045796,35.191909],[137.045713,35.191844],[137.045628,35.191777],[137.045426,35.19164],[137.045301,35.191563],[137.045185,35.191506],[137.044859,35.191371],[137.044642,35.191298],[137.044318,35.191233],[137.044052,35.19118],[137.043776,35.191119],[137.043695,35.191262],[137.043546,35.191576],[137.043546,35.191577],[137.043407,35.191871],[137.043124,35.192234],[137.043122,35.192236],[137.043064,35.192316],[137.042909,35.19252],[137.042846,35.192588],[137.042575,35.192927],[137.042423,35.193217],[137.042281,35.193533],[137.042118,35.193904],[137.041988,35.194188],[137.04191,35.194365],[137.041856,35.194478],[137.041788,35.194592],[137.041458,35.195413],[137.041161,35.196068],[137.04109,35.196228],[137.041009,35.196442],[137.040945,35.196652],[137.040907,35.196853],[137.040865,35.19708],[137.041232,35.197191],[137.042019,35.197076],[137.041895,35.197379],[137.042727,35.197611],[137.043074,35.197708],[137.043664,35.197881]]]}},{"type":"Feature","properties":{"name":"晴丘町東","city":"尾張旭市","code":"226","setai":331,"jinko":754,"n":2,"towns":["23226043002","23226043002"],"lx":137.047734,"ly":35.197962},"geometry":{"type":"MultiPolygon","coordinates":[[[[137.044812,35.202443],[137.044821,35.201852],[137.045191,35.201853],[137.045199,35.201721],[137.045599,35.200854],[137.045714,35.200588],[137.045842,35.200304],[137.046401,35.200473],[137.046966,35.200669],[137.047405,35.200887],[137.048027,35.201202],[137.048263,35.200717],[137.048863,35.200757],[137.049401,35.199574],[137.049981,35.199757],[137.049779,35.200205],[137.049534,35.200741],[137.049761,35.200723],[137.049952,35.200667],[137.050124,35.200677],[137.0503,35.200732],[137.050479,35.200872],[137.050395,35.201025],[137.050159,35.20089],[137.050056,35.200849],[137.049899,35.200804],[137.049725,35.202041],[137.049432,35.20261],[137.049306,35.202592],[137.049144,35.202566],[137.048536,35.202519],[137.04836,35.202535],[137.047996,35.202602],[137.047344,35.202742],[137.046689,35.202866],[137.045876,35.203027],[137.045462,35.202956],[137.04521,35.202914],[137.04509,35.202615],[137.044988,35.202507],[137.044917,35.202471],[137.044812,35.202443]]],[[[137.045615,35.197783],[137.045864,35.197272],[137.046071,35.196839],[137.046077,35.196826],[137.046207,35.196687],[137.046585,35.195807],[137.046227,35.195713],[137.046298,35.195569],[137.046803,35.194417],[137.045958,35.194165],[137.046065,35.193896],[137.046166,35.193621],[137.046281,35.193353],[137.046477,35.192896],[137.046604,35.193223],[137.046701,35.193441],[137.046757,35.193594],[137.046843,35.19372],[137.047085,35.193855],[137.047263,35.193926],[137.047385,35.193959],[137.047589,35.193995],[137.047765,35.194029],[137.048055,35.19408],[137.048372,35.194142],[137.04853,35.19418],[137.04878,35.194237],[137.049192,35.194287],[137.049485,35.194346],[137.049719,35.19439],[137.049045,35.19593],[137.048338,35.197504],[137.050656,35.198222],[137.050492,35.198635],[137.050386,35.198861],[137.050334,35.198578],[137.049885,35.198454],[137.049654,35.19898],[137.049081,35.19881],[137.047911,35.198463],[137.046769,35.198119],[137.045615,35.197783]]]]}},{"type":"Feature","properties":{"name":"北本地ケ原町","city":"尾張旭市","code":"226","setai":599,"jinko":1451,"n":4,"towns":["23226044001","23226044002","23226044003","23226044004"],"lx":137.036688,"ly":35.198691},"geometry":{"type":"Polygon","coordinates":[[[137.030235,35.197498],[137.030397,35.197107],[137.030881,35.19594],[137.0309,35.195894],[137.030904,35.195883],[137.032664,35.196391],[137.03435,35.196878],[137.035497,35.197227],[137.036639,35.197574],[137.037799,35.197924],[137.038904,35.198259],[137.039769,35.198519],[137.039821,35.198535],[137.040732,35.198804],[137.041223,35.198939],[137.043519,35.199618],[137.043313,35.200141],[137.042111,35.200318],[137.040862,35.200496],[137.040227,35.200577],[137.039699,35.200645],[137.039204,35.200713],[137.038943,35.200751],[137.038648,35.200786],[137.037534,35.200942],[137.037341,35.200969],[137.0372,35.200989],[137.03709,35.201],[137.03702,35.200989],[137.036888,35.200915],[137.036684,35.200746],[137.03658,35.200658],[137.036515,35.20059],[137.036456,35.200531],[137.036409,35.200483],[137.03635,35.20042],[137.036295,35.200351],[137.036256,35.200269],[137.03622,35.200189],[137.036158,35.200063],[137.036074,35.199864],[137.036019,35.199741],[137.035954,35.199598],[137.035842,35.199386],[137.035619,35.199119],[137.035293,35.199019],[137.035047,35.198947],[137.034731,35.198849],[137.034241,35.19869],[137.033645,35.198505],[137.032653,35.198201],[137.031963,35.197989],[137.031492,35.197858],[137.030235,35.197498]]]}},{"type":"Feature","properties":{"name":"南本地ケ原町","city":"尾張旭市","code":"226","setai":546,"jinko":1230,"n":3,"towns":["23226045001","23226045002","23226045003"],"lx":137.034771,"ly":35.195808},"geometry":{"type":"Polygon","coordinates":[[[137.030904,35.195883],[137.031099,35.195434],[137.031405,35.194705],[137.031512,35.194479],[137.031592,35.19431],[137.03177,35.193921],[137.032114,35.193167],[137.032075,35.192872],[137.03209,35.192545],[137.03212,35.192529],[137.032165,35.192525],[137.03238,35.192544],[137.032427,35.192462],[137.032513,35.192569],[137.033271,35.193399],[137.033497,35.193651],[137.033959,35.19377],[137.034611,35.194163],[137.034786,35.19467],[137.03492,35.195044],[137.035089,35.195067],[137.035019,35.19532],[137.035157,35.195365],[137.035282,35.195406],[137.035424,35.19545],[137.035562,35.195498],[137.035687,35.195577],[137.035906,35.195789],[137.03607,35.195945],[137.036077,35.195952],[137.036225,35.196055],[137.036373,35.19612],[137.036735,35.196236],[137.037175,35.196379],[137.037807,35.196563],[137.038251,35.196669],[137.038666,35.196764],[137.038855,35.196391],[137.039345,35.196576],[137.039685,35.198023],[137.039821,35.198535],[137.039769,35.198519],[137.038904,35.198259],[137.037799,35.197924],[137.036639,35.197574],[137.035497,35.197227],[137.03435,35.196878],[137.032664,35.196391],[137.030904,35.195883]]]}},{"type":"Feature","properties":{"name":"東本地ケ原町","city":"尾張旭市","code":"226","setai":702,"jinko":1528,"n":4,"towns":["23226046001","23226046002","23226046003","23226046004"],"lx":137.044901,"ly":35.198848},"geometry":{"type":"Polygon","coordinates":[[[137.039345,35.196576],[137.040158,35.196834],[137.040865,35.19708],[137.041232,35.197191],[137.042019,35.197076],[137.041895,35.197379],[137.042727,35.197611],[137.043074,35.197708],[137.043664,35.197881],[137.043928,35.197288],[137.045615,35.197783],[137.046769,35.198119],[137.047911,35.198463],[137.049081,35.19881],[137.049654,35.19898],[137.049885,35.198454],[137.050334,35.198578],[137.050386,35.198861],[137.050319,35.199006],[137.049981,35.199757],[137.049401,35.199574],[137.048863,35.200757],[137.048263,35.200717],[137.048027,35.201202],[137.047405,35.200887],[137.046966,35.200669],[137.046401,35.200473],[137.045842,35.200304],[137.04469,35.199966],[137.043519,35.199618],[137.041223,35.198939],[137.040732,35.198804],[137.039821,35.198535],[137.039685,35.198023],[137.039345,35.196576]]]}},{"type":"Feature","properties":{"name":"白鳳町","city":"尾張旭市","code":"226","setai":328,"jinko":774,"n":2,"towns":["23226047001","23226047002"],"lx":137.01487,"ly":35.212664},"geometry":{"type":"Polygon","coordinates":[[[137.01217,35.213615],[137.012176,35.213599],[137.012362,35.2131],[137.012367,35.213088],[137.012724,35.212451],[137.013129,35.211727],[137.013156,35.211678],[137.013418,35.21118],[137.013666,35.21071],[137.014161,35.210854],[137.014874,35.21105],[137.015088,35.21112],[137.015409,35.211219],[137.016712,35.211638],[137.017282,35.211851],[137.017594,35.211971],[137.017421,35.212478],[137.017317,35.212743],[137.017142,35.213208],[137.016814,35.213078],[137.016737,35.213249],[137.016669,35.21339],[137.016406,35.213936],[137.016357,35.214226],[137.01632,35.21433],[137.016205,35.214508],[137.015403,35.214329],[137.015269,35.214297],[137.014742,35.2142],[137.01377,35.213978],[137.012778,35.213751],[137.01217,35.213615]]]}},{"type":"Feature","properties":{"name":"向町","city":"尾張旭市","code":"226","setai":587,"jinko":1421,"n":4,"towns":["23226048001","23226048002","23226048003","23226048004"],"lx":137.030918,"ly":35.2155},"geometry":{"type":"Polygon","coordinates":[[[137.02685,35.216529],[137.027002,35.216101],[137.027112,35.215797],[137.027269,35.215206],[137.027276,35.215209],[137.027427,35.214662],[137.027623,35.213951],[137.027744,35.213511],[137.028401,35.213577],[137.028411,35.213578],[137.029286,35.213665],[137.030678,35.213804],[137.030704,35.213806],[137.031628,35.213898],[137.033376,35.214072],[137.033701,35.214124],[137.033709,35.214086],[137.033725,35.214105],[137.034085,35.214165],[137.034218,35.214198],[137.034785,35.214298],[137.034806,35.214301],[137.034658,35.214918],[137.034556,35.215341],[137.034525,35.215332],[137.034489,35.215503],[137.034476,35.215565],[137.034427,35.215749],[137.034389,35.215918],[137.034374,35.215986],[137.034355,35.216071],[137.034307,35.216268],[137.034309,35.216275],[137.034282,35.216391],[137.034068,35.217322],[137.034036,35.217463],[137.033984,35.217475],[137.033853,35.217495],[137.033677,35.217517],[137.033568,35.21753],[137.033429,35.217534],[137.033388,35.217536],[137.033251,35.217536],[137.033105,35.217532],[137.033072,35.217531],[137.032951,35.21753],[137.032817,35.217516],[137.032596,35.217488],[137.032505,35.217471],[137.032302,35.217437],[137.032071,35.217394],[137.031629,35.217321],[137.031091,35.21723],[137.030659,35.217157],[137.030468,35.217122],[137.030199,35.217076],[137.030117,35.217062],[137.028585,35.216806],[137.028337,35.216765],[137.028313,35.21676],[137.028125,35.216731],[137.027421,35.216619],[137.02685,35.216529]]]}},{"type":"Feature","properties":{"name":"印場元町","city":"尾張旭市","code":"226","setai":965,"jinko":2273,"n":5,"towns":["23226050001","23226050002","23226050003","23226050004","23226050005"],"lx":137.012701,"ly":35.21023},"geometry":{"type":"Polygon","coordinates":[[[137.008861,35.2104],[137.009076,35.209647],[137.009048,35.209637],[137.009083,35.209623],[137.009467,35.209454],[137.009509,35.209229],[137.009466,35.209222],[137.009221,35.209183],[137.009139,35.209189],[137.009225,35.208872],[137.009199,35.208528],[137.009195,35.208473],[137.009337,35.20801],[137.009362,35.207949],[137.009562,35.207458],[137.009677,35.207514],[137.009919,35.207542],[137.010147,35.207494],[137.010369,35.207469],[137.010536,35.207426],[137.010755,35.207373],[137.010806,35.207364],[137.010976,35.207333],[137.011185,35.207314],[137.011375,35.20731],[137.011492,35.207323],[137.011966,35.207334],[137.011997,35.207335],[137.012333,35.207406],[137.012476,35.207479],[137.012552,35.207488],[137.01285,35.207524],[137.012955,35.207541],[137.014443,35.207773],[137.014619,35.2078],[137.014931,35.20785],[137.014893,35.207942],[137.014731,35.208322],[137.014406,35.209098],[137.014685,35.209145],[137.014822,35.209168],[137.01578,35.20933],[137.01628,35.209415],[137.017628,35.209642],[137.0185,35.209719],[137.018499,35.209729],[137.018426,35.210484],[137.0184,35.210749],[137.018402,35.21075],[137.018374,35.211133],[137.018218,35.211391],[137.018155,35.211582],[137.018111,35.211714],[137.017981,35.212105],[137.017787,35.212038],[137.017594,35.211971],[137.017282,35.211851],[137.016712,35.211638],[137.015409,35.211219],[137.015088,35.21112],[137.014874,35.21105],[137.014161,35.210854],[137.013666,35.21071],[137.013418,35.21118],[137.013156,35.211678],[137.013129,35.211727],[137.012724,35.212451],[137.012367,35.213088],[137.012362,35.2131],[137.012176,35.213599],[137.010771,35.213332],[137.01076,35.21333],[137.010201,35.213223],[137.009896,35.213141],[137.009426,35.212998],[137.009038,35.212852],[137.009036,35.212676],[137.009026,35.212448],[137.009014,35.212138],[137.009002,35.211845],[137.008996,35.211696],[137.009051,35.211515],[137.009038,35.211437],[137.008997,35.211358],[137.00908,35.210974],[137.009166,35.210578],[137.009177,35.210502],[137.008861,35.2104]]]}},{"type":"Feature","properties":{"name":"印場元町北山","city":"尾張旭市","code":"226","setai":63,"jinko":155,"n":1,"towns":["23226050006"],"lx":137.008517,"ly":35.211296},"geometry":{"type":"Polygon","coordinates":[[[137.009036,35.212676],[137.009026,35.212448],[137.009014,35.212138],[137.009002,35.211845],[137.008996,35.211696],[137.009051,35.211515],[137.009038,35.211437],[137.008997,35.211358],[137.00908,35.210974],[137.009166,35.210578],[137.009177,35.210502],[137.008861,35.2104],[137.009076,35.209647],[137.009048,35.209637],[137.00878,35.209746],[137.008602,35.209859],[137.008409,35.210039],[137.008285,35.210174],[137.00822,35.210202],[137.008134,35.21023],[137.008106,35.210241],[137.008052,35.210263],[137.007818,35.210252],[137.007792,35.210238],[137.008153,35.210629],[137.007947,35.210798],[137.007944,35.210801],[137.007945,35.210801],[137.007828,35.210963],[137.008005,35.211085],[137.007689,35.211385],[137.007779,35.211643],[137.008102,35.212234],[137.008192,35.212426],[137.008331,35.212663],[137.008355,35.212614],[137.009038,35.212852],[137.009036,35.212676]]]}},{"type":"Feature","properties":{"name":"庄中町","city":"尾張旭市","code":"226","setai":372,"jinko":985,"n":3,"towns":["23226051001","23226051002","23226051003"],"lx":137.013261,"ly":35.204884},"geometry":{"type":"Polygon","coordinates":[[[137.009562,35.207458],[137.00965,35.207235],[137.009774,35.206863],[137.010008,35.205993],[137.010175,35.205556],[137.010423,35.205027],[137.010502,35.204888],[137.010588,35.204557],[137.010703,35.204116],[137.010704,35.204114],[137.010758,35.203899],[137.010813,35.203683],[137.010838,35.203542],[137.010883,35.203485],[137.01092,35.203462],[137.011044,35.20327],[137.011361,35.202848],[137.011754,35.202332],[137.011829,35.202235],[137.012163,35.20193],[137.012351,35.201762],[137.01308,35.201919],[137.013253,35.201956],[137.013774,35.202069],[137.013981,35.202114],[137.014542,35.20224],[137.014917,35.202311],[137.015235,35.202372],[137.015498,35.202428],[137.015789,35.202491],[137.01677,35.202703],[137.016368,35.20437],[137.016272,35.204719],[137.016158,35.20498],[137.015868,35.205647],[137.015856,35.205646],[137.015679,35.206054],[137.015417,35.206656],[137.015216,35.207151],[137.014931,35.20785],[137.014619,35.2078],[137.014443,35.207773],[137.012955,35.207541],[137.01285,35.207524],[137.012552,35.207488],[137.012476,35.207479],[137.012333,35.207406],[137.011997,35.207335],[137.011966,35.207334],[137.011492,35.207323],[137.011375,35.20731],[137.011185,35.207314],[137.010976,35.207333],[137.010806,35.207364],[137.010755,35.207373],[137.010536,35.207426],[137.010369,35.207469],[137.010147,35.207494],[137.009919,35.207542],[137.009677,35.207514],[137.009562,35.207458]]]}},{"type":"Feature","properties":{"name":"渋川町","city":"尾張旭市","code":"226","setai":606,"jinko":1649,"n":3,"towns":["23226052001","23226052002","23226052003"],"lx":137.019391,"ly":35.206174},"geometry":{"type":"Polygon","coordinates":[[[137.014931,35.20785],[137.015216,35.207151],[137.015417,35.206656],[137.015679,35.206054],[137.015856,35.205646],[137.015868,35.205647],[137.016158,35.20498],[137.016272,35.204719],[137.016368,35.20437],[137.01677,35.202703],[137.018228,35.203043],[137.019047,35.203404],[137.019782,35.203706],[137.020572,35.204011],[137.022104,35.204601],[137.022935,35.204904],[137.024323,35.205393],[137.02424,35.205541],[137.024213,35.205646],[137.024194,35.205681],[137.02411,35.205719],[137.024042,35.205766],[137.023998,35.205837],[137.023972,35.205922],[137.024013,35.206145],[137.023974,35.206187],[137.023883,35.206217],[137.023765,35.206187],[137.023604,35.206134],[137.022975,35.206004],[137.023009,35.206936],[137.023023,35.207304],[137.023022,35.207367],[137.023015,35.207726],[137.023007,35.208182],[137.022998,35.208731],[137.022995,35.209056],[137.02284,35.209009],[137.022504,35.208931],[137.022379,35.208902],[137.022371,35.2089],[137.021559,35.208803],[137.021431,35.208824],[137.021126,35.208875],[137.020416,35.208783],[137.020245,35.208653],[137.020088,35.208634],[137.019597,35.208576],[137.019463,35.208599],[137.019161,35.208621],[137.01911,35.208614],[137.018579,35.208536],[137.018439,35.208516],[137.017912,35.208439],[137.017419,35.208356],[137.016544,35.208208],[137.016065,35.208041],[137.016013,35.208023],[137.0154,35.207925],[137.015306,35.20791],[137.015141,35.207884],[137.014931,35.20785]]]}}]}