{"type":"FeatureCollection","features":[{"type":"Feature","properties":{"name":"大府町","city":"大府市","code":"223","setai":200,"jinko":463,"n":4,"towns":["232230010","232230010","232230010","232230010"],"lx":136.944624,"ly":35.011165},"geometry":{"type":"MultiPolygon","coordinates":[[[[136.941625,35.008477],[136.941967,35.008458],[136.94223,35.00841],[136.942567,35.0084],[136.94292,35.008399],[136.943089,35.008414],[136.943222,35.008439],[136.943335,35.008469],[136.943483,35.008524],[136.943596,35.008583],[136.943707,35.008654],[136.943821,35.008744],[136.944076,35.008958],[136.944149,35.009013],[136.944228,35.009051],[136.944358,35.009088],[136.944592,35.009142],[136.944984,35.009221],[136.945281,35.00928],[136.945409,35.009305],[136.946175,35.009461],[136.947121,35.009706],[136.947527,35.009801],[136.947731,35.00983],[136.947856,35.009829],[136.947926,35.009825],[136.947939,35.009824],[136.948115,35.009802],[136.948098,35.009863],[136.947971,35.010282],[136.94776,35.010243],[136.947848,35.010351],[136.947793,35.010449],[136.947738,35.010525],[136.947688,35.010589],[136.947628,35.010667],[136.947574,35.010815],[136.947455,35.010798],[136.947453,35.010803],[136.947394,35.010973],[136.947343,35.011041],[136.947459,35.011077],[136.947624,35.011175],[136.947678,35.011276],[136.94788,35.01178],[136.947973,35.011996],[136.94768,35.012274],[136.947507,35.012461],[136.947374,35.012663],[136.947287,35.012751],[136.94721,35.012788],[136.947133,35.012812],[136.94689,35.012753],[136.946622,35.01268],[136.946479,35.012678],[136.946235,35.012783],[136.945662,35.013125],[136.945532,35.013174],[136.945472,35.013187],[136.945388,35.013198],[136.945321,35.013192],[136.945187,35.013163],[136.945007,35.013117],[136.944879,35.013125],[136.944759,35.013185],[136.944736,35.013221],[136.944714,35.013268],[136.944705,35.013279],[136.944499,35.013269],[136.944183,35.013224],[136.944053,35.01319],[136.943778,35.013088],[136.943697,35.013058],[136.943571,35.012995],[136.943436,35.012926],[136.943284,35.012849],[136.943043,35.01275],[136.942993,35.012587],[136.942917,35.012366],[136.942854,35.012137],[136.942775,35.011869],[136.942247,35.010274],[136.941928,35.009237],[136.941784,35.008802],[136.941625,35.008477]]],[[[136.968132,35.018832],[136.96836,35.018739],[136.968488,35.018681],[136.96887,35.018543],[136.968918,35.018526],[136.968983,35.018593],[136.969013,35.018623],[136.969048,35.018704],[136.969053,35.01876],[136.969086,35.018867],[136.969113,35.01901],[136.969131,35.01908],[136.969177,35.019169],[136.969207,35.019232],[136.969253,35.019331],[136.969168,35.01946],[136.969106,35.01958],[136.969038,35.019771],[136.969007,35.020016],[136.968999,35.020553],[136.968925,35.020605],[136.96887,35.021361],[136.968875,35.021706],[136.968776,35.021747],[136.968684,35.021868],[136.96845,35.021771],[136.968446,35.021708],[136.96831,35.020432],[136.968243,35.019784],[136.968132,35.018832]]],[[[136.971266,35.014214],[136.971509,35.014185],[136.972237,35.01446],[136.972208,35.014649],[136.972275,35.014855],[136.97207,35.014911],[136.972011,35.014943],[136.972006,35.014956],[136.971991,35.014999],[136.971904,35.015049],[136.97189,35.015057],[136.971791,35.015053],[136.971727,35.015049],[136.971591,35.015049],[136.971542,35.015042],[136.971542,35.01479],[136.971266,35.014214]]]]}},{"type":"Feature","properties":{"name":"桃山町","city":"大府市","code":"223","setai":1546,"jinko":3862,"n":5,"towns":["23223002001","23223002002","23223002003","23223002004","23223002005"],"lx":136.96442,"ly":35.016872},"geometry":{"type":"Polygon","coordinates":[[[136.957169,35.022365],[136.95745,35.021002],[136.957474,35.020885],[136.957696,35.019806],[136.957757,35.019473],[136.958076,35.018019],[136.958082,35.017983],[136.959753,35.01688],[136.959758,35.016867],[136.959933,35.016339],[136.960006,35.016147],[136.960098,35.015902],[136.960132,35.015812],[136.960945,35.01508],[136.961693,35.014445],[136.962256,35.01392],[136.963332,35.01303],[136.963359,35.013007],[136.964614,35.0119],[136.964628,35.011943],[136.965265,35.011413],[136.965669,35.011077],[136.966255,35.011751],[136.966356,35.011868],[136.96685,35.012474],[136.967086,35.012752],[136.967129,35.012826],[136.967134,35.012835],[136.967287,35.01313],[136.967298,35.01316],[136.967409,35.013441],[136.967463,35.013577],[136.9676,35.014202],[136.967637,35.014329],[136.967659,35.014407],[136.967678,35.014483],[136.968015,35.015958],[136.968025,35.016232],[136.968045,35.016612],[136.968046,35.016636],[136.968077,35.017245],[136.96808,35.017483],[136.968083,35.017681],[136.968091,35.017885],[136.968099,35.01805],[136.968112,35.01833],[136.968132,35.018832],[136.967299,35.019299],[136.967147,35.0194],[136.966791,35.019637],[136.966374,35.019946],[136.96631,35.019995],[136.965707,35.020457],[136.965611,35.020536],[136.965535,35.020574],[136.965474,35.020603],[136.964884,35.020805],[136.964832,35.020815],[136.964446,35.020883],[136.964134,35.020923],[136.964083,35.020929],[136.963665,35.021029],[136.96324,35.021118],[136.962705,35.021241],[136.962649,35.021257],[136.962527,35.021263],[136.962267,35.021274],[136.961663,35.021282],[136.961226,35.021295],[136.961041,35.021335],[136.960944,35.021368],[136.960705,35.021452],[136.959929,35.02176],[136.959313,35.022026],[136.959284,35.022031],[136.958689,35.022124],[136.95858,35.022214],[136.958443,35.022271],[136.958333,35.022349],[136.958237,35.022428],[136.958144,35.022482],[136.958062,35.022494],[136.958015,35.022498],[136.957953,35.022492],[136.957169,35.022365]]]}},{"type":"Feature","properties":{"name":"中央町","city":"大府市","code":"223","setai":1424,"jinko":3134,"n":7,"towns":["23223003001","23223003002","23223003003","23223003004","23223003005","23223003006","23223003007"],"lx":136.964454,"ly":35.008844},"geometry":{"type":"Polygon","coordinates":[[[136.958082,35.017983],[136.958112,35.017793],[136.958372,35.016153],[136.958406,35.01594],[136.958599,35.015187],[136.95882,35.014056],[136.958903,35.014041],[136.958992,35.014026],[136.960135,35.011771],[136.960319,35.011406],[136.96089,35.010301],[136.960766,35.010268],[136.961581,35.008596],[136.961716,35.008649],[136.962171,35.00788],[136.962237,35.007766],[136.962383,35.007516],[136.963065,35.006471],[136.963448,35.005883],[136.963495,35.005813],[136.963712,35.005899],[136.964428,35.006185],[136.965199,35.006493],[136.965271,35.006522],[136.965505,35.006615],[136.96594,35.006789],[136.965943,35.00679],[136.96595,35.006794],[136.966226,35.006926],[136.966259,35.006942],[136.966481,35.007059],[136.966616,35.00715],[136.966633,35.007162],[136.966769,35.007274],[136.967192,35.007636],[136.9672,35.007642],[136.967523,35.007923],[136.96778,35.008147],[136.967784,35.00815],[136.968327,35.008635],[136.968281,35.008676],[136.967935,35.008988],[136.9668,35.010012],[136.96627,35.010511],[136.965669,35.011077],[136.965265,35.011413],[136.964628,35.011943],[136.964614,35.0119],[136.963359,35.013007],[136.963332,35.01303],[136.962256,35.01392],[136.961693,35.014445],[136.960945,35.01508],[136.960132,35.015812],[136.960098,35.015902],[136.960006,35.016147],[136.959933,35.016339],[136.959758,35.016867],[136.959753,35.01688],[136.958082,35.017983]]]}},{"type":"Feature","properties":{"name":"朝日町","city":"大府市","code":"223","setai":480,"jinko":1155,"n":6,"towns":["23223004001","23223004002","23223004003","23223004004","23223004005","23223004006"],"lx":136.970043,"ly":35.003221},"geometry":{"type":"Polygon","coordinates":[[[136.963495,35.005813],[136.963526,35.005767],[136.964109,35.00508],[136.964926,35.004083],[136.965229,35.003795],[136.965613,35.003463],[136.965725,35.003377],[136.965911,35.003233],[136.966137,35.003071],[136.966557,35.002812],[136.967267,35.002498],[136.967234,35.002455],[136.967028,35.002144],[136.966665,35.001593],[136.967565,35.001148],[136.968018,35.000942],[136.96873,35.000641],[136.969279,35.000451],[136.969702,35.000307],[136.969954,35.000244],[136.97019,35.0002],[136.970418,35.000117],[136.970681,34.999995],[136.971077,34.999911],[136.971396,34.999797],[136.971722,34.999689],[136.971992,34.999626],[136.972192,34.999582],[136.972336,34.999567],[136.972514,34.999547],[136.972641,34.999803],[136.972825,34.999771],[136.97289,34.999768],[136.973062,34.999759],[136.973359,34.999755],[136.973609,34.999777],[136.973922,34.999964],[136.973973,34.999976],[136.97411,35.000065],[136.97423,35.000177],[136.974366,35.000379],[136.974477,35.000642],[136.974573,35.00094],[136.974685,35.001261],[136.974793,35.001418],[136.975055,35.00153],[136.975322,35.001613],[136.975507,35.001615],[136.975443,35.001733],[136.975421,35.001771],[136.975413,35.001811],[136.975412,35.001843],[136.975434,35.001891],[136.97566,35.002091],[136.975064,35.002581],[136.972334,35.00501],[136.971241,35.006012],[136.971206,35.006042],[136.971235,35.006081],[136.970612,35.006617],[136.970591,35.006635],[136.969523,35.007556],[136.968327,35.008635],[136.967784,35.00815],[136.96778,35.008147],[136.967523,35.007923],[136.9672,35.007642],[136.967192,35.007636],[136.966769,35.007274],[136.966633,35.007162],[136.966616,35.00715],[136.966481,35.007059],[136.966259,35.006942],[136.966226,35.006926],[136.96595,35.006794],[136.965943,35.00679],[136.96594,35.006789],[136.965505,35.006615],[136.965271,35.006522],[136.965199,35.006493],[136.964428,35.006185],[136.963712,35.005899],[136.963495,35.005813]]]}},{"type":"Feature","properties":{"name":"長根町","city":"大府市","code":"223","setai":565,"jinko":1439,"n":5,"towns":["23223005001","23223005002","23223005004","23223005005","23223005006"],"lx":136.965699,"ly":35.023665},"geometry":{"type":"Polygon","coordinates":[[[136.959929,35.02176],[136.960705,35.021452],[136.960944,35.021368],[136.961041,35.021335],[136.961226,35.021295],[136.961663,35.021282],[136.962267,35.021274],[136.962527,35.021263],[136.962649,35.021257],[136.962705,35.021241],[136.96324,35.021118],[136.963665,35.021029],[136.964083,35.020929],[136.964134,35.020923],[136.964446,35.020883],[136.964832,35.020815],[136.964884,35.020805],[136.965474,35.020603],[136.965535,35.020574],[136.965611,35.020536],[136.965707,35.020457],[136.96631,35.019995],[136.966374,35.019946],[136.966791,35.019637],[136.967147,35.0194],[136.967299,35.019299],[136.968132,35.018832],[136.968243,35.019784],[136.96831,35.020432],[136.968446,35.021708],[136.96845,35.021771],[136.968561,35.022655],[136.968618,35.023059],[136.968648,35.023273],[136.968833,35.023545],[136.969017,35.023852],[136.969158,35.024083],[136.969321,35.024367],[136.969504,35.024726],[136.968845,35.024969],[136.968244,35.025232],[136.968513,35.025601],[136.968602,35.025686],[136.968356,35.026089],[136.968181,35.026337],[136.967966,35.026423],[136.967942,35.026471],[136.967943,35.026505],[136.967937,35.026532],[136.967894,35.026568],[136.967857,35.026642],[136.96772,35.026765],[136.967665,35.026827],[136.967632,35.026913],[136.967611,35.02703],[136.967576,35.02708],[136.967387,35.027287],[136.967158,35.027476],[136.966925,35.027608],[136.966718,35.027702],[136.966509,35.027823],[136.966279,35.027951],[136.965901,35.028091],[136.965802,35.028121],[136.965719,35.028261],[136.965705,35.028269],[136.965449,35.028406],[136.965296,35.028496],[136.964557,35.028952],[136.964278,35.029158],[136.964112,35.029291],[136.963945,35.029402],[136.96374,35.029508],[136.963477,35.029611],[136.9633,35.029675],[136.963092,35.029725],[136.962748,35.029762],[136.962598,35.02978],[136.962371,35.029787],[136.962321,35.029568],[136.962174,35.029111],[136.961994,35.028549],[136.961947,35.028299],[136.961987,35.0281],[136.961986,35.027837],[136.961986,35.027831],[136.961916,35.027636],[136.961681,35.027278],[136.961544,35.027166],[136.961419,35.027045],[136.961288,35.026917],[136.961224,35.02673],[136.961193,35.026558],[136.961193,35.026556],[136.961189,35.026535],[136.961354,35.026501],[136.961574,35.026436],[136.961707,35.02636],[136.962076,35.026088],[136.962701,35.025655],[136.963031,35.025378],[136.963172,35.025234],[136.963082,35.025152],[136.962965,35.025041],[136.962805,35.024887],[136.962708,35.024784],[136.962676,35.024771],[136.962513,35.024707],[136.962469,35.024695],[136.962287,35.024648],[136.962089,35.024596],[136.962003,35.024571],[136.961859,35.024478],[136.961699,35.024353],[136.961587,35.024231],[136.961545,35.024141],[136.961455,35.02398],[136.961422,35.023871],[136.961413,35.023635],[136.961487,35.02348],[136.961544,35.023374],[136.961511,35.023221],[136.961466,35.022992],[136.961449,35.022941],[136.961087,35.022632],[136.960855,35.02245],[136.959929,35.02176]]]}},{"type":"Feature","properties":{"name":"横根町","city":"大府市","code":"223","setai":3069,"jinko":7848,"n":1,"towns":["232230060"],"lx":136.981095,"ly":35.014752},"geometry":{"type":"Polygon","coordinates":[[[136.971608,35.042787],[136.972176,35.042058],[136.972453,35.04176],[136.972867,35.041497],[136.973441,35.041155],[136.973927,35.040935],[136.974343,35.040761],[136.974561,35.040552],[136.974702,35.040293],[136.974798,35.040079],[136.974853,35.03982],[136.97484,35.039662],[136.974635,35.039301],[136.974949,35.039155],[136.975198,35.039054],[136.975201,35.039021],[136.975264,35.038534],[136.975176,35.038162],[136.975039,35.037808],[136.974808,35.037287],[136.974402,35.037168],[136.973919,35.037045],[136.973514,35.036903],[136.973108,35.036732],[136.972906,35.036642],[136.973323,35.036443],[136.973908,35.036206],[136.974493,35.035992],[136.97506,35.035843],[136.975204,35.035804],[136.975173,35.035744],[136.975678,35.035621],[136.976158,35.035412],[136.976469,35.03522],[136.976772,35.034943],[136.977253,35.034647],[136.978202,35.034009],[136.978538,35.033783],[136.97885,35.033581],[136.978983,35.033436],[136.979006,35.033294],[136.979031,35.032988],[136.978828,35.032996],[136.978697,35.033016],[136.97853,35.033049],[136.978415,35.033055],[136.978263,35.033055],[136.978103,35.03306],[136.977929,35.033051],[136.977859,35.033041],[136.977762,35.033029],[136.977755,35.033028],[136.977541,35.033007],[136.97751,35.033019],[136.977313,35.033039],[136.977651,35.032669],[136.978089,35.03267],[136.9785,35.032513],[136.978733,35.032468],[136.978864,35.032273],[136.979061,35.032307],[136.979318,35.032277],[136.979372,35.032237],[136.979548,35.032013],[136.979483,35.031975],[136.979236,35.031769],[136.978994,35.031519],[136.978918,35.031418],[136.978894,35.031287],[136.978834,35.030918],[136.978871,35.030794],[136.979772,35.030155],[136.979844,35.030022],[136.979826,35.030016],[136.979659,35.029958],[136.977579,35.02968],[136.977504,35.029668],[136.979373,35.028449],[136.980405,35.02777],[136.980795,35.027527],[136.980676,35.027463],[136.98055,35.02743],[136.980645,35.027257],[136.980775,35.027101],[136.980907,35.027043],[136.981098,35.026348],[136.981304,35.025828],[136.981609,35.025727],[136.982032,35.025501],[136.9815,35.024656],[136.981266,35.024472],[136.981228,35.024441],[136.981228,35.02444],[136.981289,35.024269],[136.981296,35.02414],[136.98129,35.024003],[136.981259,35.023843],[136.981218,35.023734],[136.981164,35.02366],[136.981135,35.023603],[136.981128,35.023552],[136.98113,35.02351],[136.981157,35.023463],[136.981186,35.02342],[136.981209,35.023395],[136.981288,35.023308],[136.981377,35.023235],[136.981431,35.02321],[136.981676,35.023134],[136.981855,35.023065],[136.982006,35.022952],[136.982333,35.022702],[136.982677,35.02225],[136.983156,35.021594],[136.983168,35.021578],[136.983412,35.021253],[136.983695,35.020858],[136.983732,35.020826],[136.983786,35.020812],[136.984022,35.020754],[136.98408,35.020725],[136.984142,35.020684],[136.984244,35.02055],[136.984293,35.020435],[136.984392,35.020382],[136.984528,35.020358],[136.98459,35.020351],[136.984641,35.02024],[136.984676,35.020207],[136.984802,35.02015],[136.985278,35.020078],[136.985415,35.020049],[136.985643,35.019951],[136.985826,35.019907],[136.986138,35.019836],[136.986251,35.019735],[136.986462,35.019643],[136.986808,35.019915],[136.986936,35.020015],[136.988425,35.01976],[136.988698,35.019735],[136.988819,35.019999],[136.988931,35.020455],[136.989697,35.020313],[136.989684,35.020262],[136.98961,35.019975],[136.989501,35.019522],[136.989453,35.019371],[136.989438,35.01933],[136.989156,35.018913],[136.988845,35.018491],[136.98846,35.018165],[136.988346,35.018043],[136.987846,35.017538],[136.987669,35.017194],[136.987663,35.017177],[136.987543,35.016802],[136.987455,35.016422],[136.987515,35.015983],[136.987527,35.015883],[136.98753,35.015866],[136.987559,35.015618],[136.987673,35.015202],[136.987776,35.01492],[136.98796,35.014462],[136.988236,35.013982],[136.988517,35.013613],[136.989086,35.0129],[136.989385,35.01243],[136.989543,35.012038],[136.989576,35.011651],[136.989585,35.011341],[136.989527,35.011143],[136.989309,35.010551],[136.989086,35.01012],[136.988869,35.009793],[136.988586,35.009438],[136.988436,35.009269],[136.988421,35.009253],[136.988324,35.00915],[136.988145,35.008945],[136.987948,35.008743],[136.987806,35.008593],[136.987545,35.00833],[136.987411,35.008198],[136.987225,35.008008],[136.987008,35.007802],[136.986824,35.007634],[136.9866,35.007429],[136.986425,35.007268],[136.986172,35.007047],[136.985894,35.00685],[136.985631,35.006662],[136.985378,35.006498],[136.985217,35.006397],[136.98471,35.006093],[136.98433,35.005879],[136.983893,35.00564],[136.983572,35.005479],[136.983328,35.005365],[136.98274,35.005032],[136.982421,35.004842],[136.982148,35.004656],[136.981857,35.004424],[136.981687,35.004245],[136.981609,35.004158],[136.981417,35.003869],[136.981317,35.003699],[136.981203,35.003485],[136.981149,35.003336],[136.981145,35.003326],[136.980142,35.004574],[136.979959,35.004679],[136.979934,35.004693],[136.979842,35.004764],[136.979558,35.004994],[136.979098,35.005373],[136.978216,35.006124],[136.978159,35.006172],[136.977386,35.006824],[136.977279,35.006885],[136.976999,35.007127],[136.976923,35.007199],[136.976869,35.00728],[136.976803,35.007414],[136.976745,35.00755],[136.976437,35.008417],[136.976065,35.009443],[136.975956,35.009754],[136.975892,35.009937],[136.975846,35.010077],[136.975797,35.010258],[136.975772,35.010358],[136.975756,35.010441],[136.975728,35.010742],[136.975694,35.011097],[136.975638,35.011093],[136.974586,35.010971],[136.974552,35.011291],[136.974548,35.011314],[136.974349,35.011332],[136.974353,35.011348],[136.974103,35.011461],[136.974074,35.012054],[136.974069,35.012082],[136.973922,35.012906],[136.97392,35.012956],[136.973919,35.012977],[136.973915,35.013078],[136.973897,35.013533],[136.973599,35.013753],[136.973187,35.014101],[136.972874,35.01437],[136.972861,35.014381],[136.972763,35.01466],[136.972239,35.014461],[136.972237,35.01446],[136.972208,35.014649],[136.972275,35.014855],[136.97207,35.014911],[136.972011,35.014943],[136.972006,35.014956],[136.971991,35.014999],[136.971904,35.015049],[136.97189,35.015057],[136.971791,35.015053],[136.971727,35.015049],[136.971697,35.015049],[136.971591,35.015049],[136.971542,35.015042],[136.971542,35.015093],[136.97155,35.015527],[136.971564,35.01588],[136.971546,35.016009],[136.971429,35.016185],[136.971518,35.016179],[136.971882,35.016153],[136.971926,35.01615],[136.972279,35.016168],[136.972289,35.016308],[136.972293,35.016388],[136.972304,35.016488],[136.972325,35.01657],[136.972382,35.016697],[136.9724,35.016788],[136.972407,35.016816],[136.972446,35.016988],[136.972459,35.017127],[136.972469,35.017236],[136.97248,35.017345],[136.97249,35.01748],[136.972493,35.017523],[136.972186,35.017858],[136.972135,35.017945],[136.972117,35.017977],[136.971815,35.017951],[136.971452,35.017986],[136.971006,35.018072],[136.970747,35.018122],[136.970393,35.018182],[136.9699,35.018256],[136.969674,35.018301],[136.969429,35.018351],[136.969274,35.018389],[136.969099,35.018453],[136.968997,35.018489],[136.968949,35.018511],[136.968919,35.018525],[136.968918,35.018526],[136.968983,35.018593],[136.969013,35.018623],[136.969048,35.018704],[136.969053,35.01876],[136.969086,35.018867],[136.969113,35.01901],[136.969131,35.01908],[136.969177,35.019169],[136.969207,35.019232],[136.969253,35.019331],[136.969168,35.01946],[136.969106,35.01958],[136.969038,35.019771],[136.969007,35.020016],[136.968999,35.020553],[136.968925,35.020605],[136.96887,35.021361],[136.968875,35.021706],[136.968776,35.021747],[136.968684,35.021868],[136.96845,35.021771],[136.968561,35.022655],[136.968618,35.023059],[136.968648,35.023273],[136.968833,35.023545],[136.969017,35.023852],[136.969158,35.024083],[136.969321,35.024367],[136.969504,35.024726],[136.969578,35.025109],[136.96962,35.025355],[136.96966,35.025597],[136.969692,35.025658],[136.96976,35.025787],[136.969847,35.025938],[136.970003,35.026248],[136.97015,35.02643],[136.970331,35.026553],[136.97056,35.026655],[136.970767,35.026726],[136.971087,35.026817],[136.971472,35.026907],[136.971961,35.02701],[136.97209,35.027043],[136.972106,35.027048],[136.972134,35.027055],[136.97154,35.028171],[136.971293,35.028688],[136.971177,35.029016],[136.971148,35.0291],[136.970923,35.029807],[136.970903,35.029859],[136.970866,35.029987],[136.970685,35.0306],[136.970684,35.030744],[136.970683,35.030875],[136.970652,35.031143],[136.970643,35.031418],[136.970645,35.03153],[136.970666,35.03172],[136.970715,35.031992],[136.970762,35.032602],[136.970762,35.032604],[136.970772,35.032795],[136.970755,35.032922],[136.970743,35.033009],[136.970709,35.033195],[136.970599,35.033543],[136.970538,35.033782],[136.970512,35.033881],[136.970424,35.034228],[136.970409,35.034276],[136.970367,35.034404],[136.970356,35.034441],[136.970351,35.034481],[136.970328,35.0347],[136.970327,35.034995],[136.970343,35.035276],[136.970376,35.035563],[136.970397,35.03572],[136.970414,35.03588],[136.970447,35.036093],[136.970449,35.036108],[136.970478,35.036298],[136.970491,35.036377],[136.970533,35.03667],[136.970564,35.036897],[136.97057,35.036934],[136.970576,35.037],[136.970632,35.037584],[136.970647,35.038007],[136.970622,35.038276],[136.97057,35.038484],[136.970518,35.038615],[136.970434,35.038791],[136.970372,35.038898],[136.970292,35.039025],[136.970169,35.039182],[136.970025,35.039337],[136.969682,35.039635],[136.968923,35.04033],[136.968346,35.040812],[136.96803,35.041032],[136.967953,35.041087],[136.967889,35.041162],[136.96787,35.041185],[136.967819,35.041321],[136.96781,35.041443],[136.96776,35.042006],[136.968244,35.042074],[136.968219,35.041364],[136.968821,35.041309],[136.969013,35.041321],[136.969205,35.041411],[136.969404,35.041636],[136.969451,35.041772],[136.969522,35.041899],[136.969602,35.041995],[136.969706,35.042069],[136.969847,35.042155],[136.969905,35.042214],[136.969938,35.04227],[136.969954,35.042417],[136.969977,35.042471],[136.97003,35.04252],[136.97015,35.042582],[136.970256,35.042621],[136.970329,35.042452],[136.970415,35.042252],[136.970614,35.042356],[136.970764,35.042524],[136.970858,35.042668],[136.970979,35.042828],[136.971169,35.042952],[136.971193,35.042982],[136.971608,35.042787]]]}},{"type":"Feature","properties":{"name":"北崎町","city":"大府市","code":"223","setai":1064,"jinko":2924,"n":9,"towns":["232230070","232230070","23223031001","23223031002","23223031003","23223031004","23223031005","23223031006","23223031007"],"lx":136.981271,"ly":35.038558},"geometry":{"type":"Polygon","coordinates":[[[136.971193,35.042982],[136.971608,35.042787],[136.972176,35.042058],[136.972453,35.04176],[136.972867,35.041497],[136.973441,35.041155],[136.973927,35.040935],[136.974343,35.040761],[136.974561,35.040552],[136.974702,35.040293],[136.974798,35.040079],[136.974853,35.03982],[136.97484,35.039662],[136.974635,35.039301],[136.974949,35.039155],[136.975198,35.039054],[136.975201,35.039021],[136.975264,35.038534],[136.975176,35.038162],[136.975039,35.037808],[136.974808,35.037287],[136.974402,35.037168],[136.973919,35.037045],[136.973514,35.036903],[136.973108,35.036732],[136.972906,35.036642],[136.973323,35.036443],[136.973908,35.036206],[136.974493,35.035992],[136.97506,35.035843],[136.975204,35.035804],[136.975173,35.035744],[136.975678,35.035621],[136.976158,35.035412],[136.976469,35.03522],[136.976772,35.034943],[136.977253,35.034647],[136.978202,35.034009],[136.978538,35.033783],[136.97885,35.033581],[136.978983,35.033436],[136.979006,35.033294],[136.979031,35.032988],[136.978828,35.032996],[136.978697,35.033016],[136.97853,35.033049],[136.978415,35.033055],[136.978263,35.033055],[136.978103,35.03306],[136.977929,35.033051],[136.977859,35.033041],[136.977762,35.033029],[136.977755,35.033028],[136.977541,35.033007],[136.97751,35.033019],[136.977313,35.033039],[136.977651,35.032669],[136.978089,35.03267],[136.9785,35.032513],[136.978733,35.032468],[136.978864,35.032273],[136.979061,35.032307],[136.979318,35.032277],[136.979372,35.032237],[136.979548,35.032013],[136.979483,35.031975],[136.979236,35.031769],[136.978994,35.031519],[136.978918,35.031418],[136.978894,35.031287],[136.978834,35.030918],[136.978871,35.030794],[136.979772,35.030155],[136.979844,35.030022],[136.979859,35.030028],[136.980201,35.030146],[136.980522,35.030257],[136.980763,35.030341],[136.981415,35.030484],[136.981973,35.030514],[136.982591,35.030558],[136.983075,35.030589],[136.983517,35.030607],[136.983885,35.030629],[136.98414,35.030661],[136.984539,35.030798],[136.984906,35.030928],[136.985313,35.031067],[136.985517,35.031105],[136.985749,35.031095],[136.985949,35.031038],[136.986193,35.030842],[136.986312,35.030705],[136.986491,35.030476],[136.98665,35.030267],[136.986813,35.030118],[136.987063,35.030043],[136.987252,35.030034],[136.987273,35.030035],[136.987572,35.03005],[136.987866,35.030071],[136.988194,35.030096],[136.98833,35.030098],[136.988614,35.030013],[136.98863,35.030009],[136.988992,35.029923],[136.989438,35.029755],[136.989808,35.029554],[136.990074,35.029408],[136.990402,35.029218],[136.990849,35.028941],[136.991108,35.028735],[136.991113,35.028731],[136.991374,35.028544],[136.991608,35.028391],[136.991948,35.028166],[136.992473,35.027812],[136.991348,35.026272],[136.991165,35.026022],[136.990641,35.025309],[136.99064,35.025308],[136.98865,35.0225],[136.987397,35.023289],[136.986709,35.023721],[136.986561,35.023813],[136.984844,35.024933],[136.984189,35.025367],[136.983981,35.025506],[136.98303,35.026154],[136.980795,35.027527],[136.980676,35.027463],[136.98055,35.02743],[136.980645,35.027257],[136.980775,35.027101],[136.980907,35.027043],[136.981098,35.026348],[136.981304,35.025828],[136.981609,35.025727],[136.982032,35.025501],[136.9815,35.024656],[136.981266,35.024472],[136.981228,35.024441],[136.981228,35.02444],[136.981289,35.024269],[136.981296,35.02414],[136.98129,35.024003],[136.981259,35.023843],[136.981218,35.023734],[136.981164,35.02366],[136.981135,35.023603],[136.981128,35.023552],[136.98113,35.02351],[136.981157,35.023463],[136.981186,35.02342],[136.981209,35.023395],[136.981288,35.023308],[136.981377,35.023235],[136.981431,35.02321],[136.981676,35.023134],[136.981855,35.023065],[136.982006,35.022952],[136.982333,35.022702],[136.982677,35.02225],[136.983156,35.021594],[136.983168,35.021578],[136.983412,35.021253],[136.983695,35.020858],[136.983732,35.020826],[136.983786,35.020812],[136.984022,35.020754],[136.98408,35.020725],[136.984142,35.020684],[136.984244,35.02055],[136.984293,35.020435],[136.984392,35.020382],[136.984528,35.020358],[136.98459,35.020351],[136.984641,35.02024],[136.984676,35.020207],[136.984802,35.02015],[136.985278,35.020078],[136.985415,35.020049],[136.985643,35.019951],[136.985826,35.019907],[136.986138,35.019836],[136.986251,35.019735],[136.986462,35.019643],[136.986808,35.019915],[136.986936,35.020015],[136.988425,35.01976],[136.988698,35.019735],[136.988819,35.019999],[136.988931,35.020455],[136.989697,35.020313],[136.989733,35.020453],[136.989744,35.020495],[136.989746,35.020505],[136.989815,35.020763],[136.989956,35.02122],[136.990043,35.021428],[136.990111,35.021575],[136.990123,35.021601],[136.990242,35.021771],[136.990575,35.022165],[136.990828,35.022378],[136.991316,35.022656],[136.991706,35.022809],[136.992195,35.022957],[136.992694,35.023052],[136.992726,35.023054],[136.993119,35.023083],[136.99356,35.023091],[136.993882,35.023064],[136.994541,35.02298],[136.994908,35.022948],[136.995448,35.022942],[136.996067,35.023035],[136.996559,35.023163],[136.996978,35.02331],[136.997501,35.023547],[136.997694,35.023654],[136.997975,35.023827],[136.998365,35.024155],[136.998814,35.024693],[136.999288,35.025158],[136.999723,35.025618],[136.999829,35.025731],[136.999833,35.025734],[137.000051,35.025925],[137.000102,35.025972],[137.000204,35.026072],[137.000905,35.026633],[137.000965,35.026673],[137.001259,35.026873],[137.001591,35.027096],[137.001703,35.02717],[137.00162,35.027245],[137.001202,35.027618],[137.001338,35.027741],[137.001358,35.028004],[137.001358,35.029651],[137.000385,35.029616],[136.999426,35.029648],[136.999477,35.031553],[136.999196,35.03156],[136.999192,35.032611],[136.99919,35.033728],[136.999099,35.033732],[136.999131,35.035223],[136.999071,35.035219],[136.999071,35.035224],[136.9977,35.035227],[136.997776,35.036562],[136.996879,35.03678],[136.996849,35.036871],[136.996776,35.037038],[136.996748,35.037122],[136.996755,35.037298],[136.996766,35.037386],[136.996781,35.037473],[136.996878,35.037802],[136.99695,35.037848],[136.997044,35.037876],[136.997137,35.037903],[136.997232,35.037935],[136.997323,35.037986],[136.997392,35.038038],[136.997426,35.038064],[136.997465,35.038094],[136.997537,35.03817],[136.997605,35.038239],[136.997645,35.038309],[136.997698,35.038391],[136.997647,35.03878],[136.997619,35.038792],[136.997604,35.038921],[136.997352,35.039],[136.9973,35.039016],[136.996831,35.039144],[136.996654,35.039173],[136.996543,35.039153],[136.99642,35.039245],[136.996283,35.039301],[136.996077,35.039346],[136.995899,35.039345],[136.995707,35.0393],[136.995475,35.03921],[136.995297,35.039119],[136.995146,35.039051],[136.99505,35.03904],[136.993797,35.038324],[136.993754,35.038342],[136.993685,35.038245],[136.993522,35.038327],[136.993466,35.038353],[136.993326,35.038375],[136.993216,35.038474],[136.992996,35.038507],[136.99264,35.038574],[136.992284,35.038416],[136.99201,35.038258],[136.991791,35.038066],[136.991627,35.037852],[136.991505,35.037649],[136.991326,35.037648],[136.991244,35.037575],[136.991107,35.037558],[136.990995,35.037428],[136.991039,35.037339],[136.990916,35.037211],[136.990917,35.036926],[136.991109,35.036837],[136.991205,35.03669],[136.991329,35.036521],[136.991425,35.036386],[136.991467,35.036138],[136.991498,35.035902],[136.991202,35.035879],[136.99089,35.036078],[136.990708,35.036195],[136.990483,35.036296],[136.990318,35.036372],[136.990163,35.036405],[136.98998,35.036397],[136.989842,35.036399],[136.989707,35.036479],[136.989639,35.036498],[136.989536,35.036527],[136.989315,35.036627],[136.989114,35.036806],[136.988896,35.03696],[136.988743,35.037065],[136.988542,35.037193],[136.988393,35.037289],[136.988157,35.037426],[136.987863,35.037572],[136.987586,35.037701],[136.987342,35.037783],[136.987253,35.037831],[136.987625,35.038355],[136.987749,35.038495],[136.987804,35.038607],[136.98783,35.038768],[136.987871,35.03904],[136.987898,35.039198],[136.987966,35.039232],[136.988336,35.039255],[136.988469,35.039432],[136.988494,35.039508],[136.988504,35.039595],[136.988503,35.039675],[136.988489,35.039779],[136.988479,35.039899],[136.988493,35.03999],[136.988519,35.040075],[136.988758,35.040518],[136.98884,35.040856],[136.989126,35.041679],[136.988879,35.041724],[136.988729,35.041577],[136.988619,35.041645],[136.988345,35.041734],[136.988002,35.041756],[136.987988,35.041847],[136.987714,35.041981],[136.987522,35.041992],[136.987056,35.04198],[136.986796,35.042048],[136.986508,35.042171],[136.98622,35.042351],[136.986014,35.042475],[136.985781,35.042553],[136.985493,35.042598],[136.985095,35.042665],[136.984821,35.042754],[136.984698,35.042844],[136.984629,35.043025],[136.984509,35.043254],[136.984505,35.043261],[136.984382,35.043591],[136.984288,35.043764],[136.984197,35.043966],[136.984154,35.04408],[136.9841,35.044219],[136.984061,35.044272],[136.984026,35.044321],[136.984012,35.04434],[136.983743,35.044441],[136.983727,35.044445],[136.983538,35.044503],[136.983298,35.044436],[136.983066,35.044354],[136.982716,35.044231],[136.982401,35.044119],[136.982176,35.044041],[136.982052,35.043992],[136.981787,35.044198],[136.981615,35.044343],[136.981355,35.044456],[136.981181,35.044599],[136.981173,35.044605],[136.981017,35.044823],[136.980917,35.04498],[136.980876,35.045026],[136.980704,35.045215],[136.980142,35.045478],[136.979345,35.04585],[136.978118,35.045765],[136.977976,35.045841],[136.977957,35.045947],[136.977873,35.046076],[136.977146,35.046912],[136.976869,35.047122],[136.976709,35.047295],[136.976492,35.047476],[136.976268,35.047713],[136.976083,35.047909],[136.975773,35.047912],[136.975652,35.047972],[136.975439,35.048073],[136.975299,35.04814],[136.975252,35.048159],[136.975193,35.048182],[136.974938,35.048271],[136.974611,35.048378],[136.974356,35.048595],[136.97417,35.048771],[136.973961,35.049036],[136.973923,35.049122],[136.97373,35.049043],[136.973544,35.048968],[136.973568,35.048923],[136.973545,35.048912],[136.973785,35.048592],[136.973856,35.048485],[136.973922,35.048407],[136.974037,35.048229],[136.974088,35.048148],[136.974181,35.047907],[136.974217,35.047715],[136.974222,35.047596],[136.974227,35.047475],[136.97403,35.047212],[136.974059,35.047018],[136.974056,35.047008],[136.974102,35.0466],[136.973982,35.046523],[136.97376,35.046336],[136.973658,35.046273],[136.973541,35.0462],[136.973319,35.046032],[136.973167,35.045916],[136.973071,35.045792],[136.972868,35.045483],[136.972655,35.045133],[136.972521,35.044867],[136.972493,35.044563],[136.972504,35.044382],[136.972578,35.044115],[136.972578,35.044028],[136.972502,35.043921],[136.972483,35.043903],[136.972277,35.043714],[136.972214,35.043658],[136.972154,35.043606],[136.971996,35.043468],[136.971733,35.043207],[136.971356,35.043131],[136.971296,35.043107],[136.971262,35.043068],[136.971193,35.042982]]]}},{"type":"Feature","properties":{"name":"共和町","city":"大府市","code":"223","setai":3393,"jinko":7994,"n":9,"towns":["232230080","232230080","23223009001","23223009002","23223009003","23223009004","23223009005","23223009006","23223009007"],"lx":136.93774,"ly":35.045821},"geometry":{"type":"Polygon","coordinates":[[[136.927998,35.050525],[136.928163,35.050441],[136.928323,35.050356],[136.928492,35.050272],[136.928562,35.050225],[136.928608,35.050151],[136.928629,35.05008],[136.92864,35.04998],[136.928649,35.049903],[136.928754,35.04898],[136.928793,35.048634],[136.928822,35.048507],[136.929019,35.048329],[136.929392,35.048195],[136.929489,35.04813],[136.929475,35.04804],[136.929449,35.04792],[136.929421,35.047865],[136.929295,35.047812],[136.9291,35.04777],[136.928837,35.047746],[136.928803,35.047736],[136.928652,35.047666],[136.928628,35.04765],[136.928579,35.047573],[136.928542,35.047504],[136.928446,35.047326],[136.928414,35.047267],[136.928401,35.04712],[136.928377,35.046937],[136.928386,35.046572],[136.928436,35.046363],[136.928544,35.045971],[136.928627,35.045728],[136.929044,35.045073],[136.929382,35.044682],[136.929611,35.044485],[136.929857,35.044207],[136.929959,35.044113],[136.930116,35.044005],[136.930223,35.043949],[136.930363,35.043923],[136.930538,35.043853],[136.930743,35.043763],[136.930801,35.043722],[136.930959,35.043572],[136.931038,35.043492],[136.931087,35.043443],[136.931105,35.04343],[136.931591,35.043115],[136.931843,35.042933],[136.932018,35.042808],[136.932236,35.04271],[136.932637,35.042561],[136.932989,35.042455],[136.933359,35.04235],[136.933511,35.042308],[136.933901,35.042212],[136.933958,35.042198],[136.934181,35.042166],[136.934352,35.042137],[136.934326,35.04212],[136.934279,35.042088],[136.933513,35.041582],[136.932115,35.040722],[136.932025,35.040667],[136.930687,35.039307],[136.930667,35.039286],[136.930611,35.039073],[136.931461,35.038621],[136.931457,35.038595],[136.931541,35.038536],[136.93275,35.037797],[136.932956,35.037672],[136.933137,35.037622],[136.933302,35.037599],[136.933754,35.037583],[136.934029,35.037566],[136.934264,35.037541],[136.934541,35.037487],[136.934512,35.037411],[136.934385,35.037004],[136.934111,35.036413],[136.934389,35.036261],[136.93454,35.036181],[136.934717,35.036086],[136.935301,35.035764],[136.936004,35.035445],[136.936202,35.035348],[136.936552,35.035173],[136.937058,35.034882],[136.937706,35.034501],[136.937796,35.034452],[136.937882,35.034405],[136.938016,35.034297],[136.938242,35.034111],[136.938448,35.033926],[136.938702,35.033702],[136.939053,35.03339],[136.939076,35.033357],[136.939111,35.033283],[136.939342,35.032439],[136.93937,35.032386],[136.939392,35.032366],[136.93944,35.032352],[136.939493,35.032359],[136.939651,35.032398],[136.9397,35.032401],[136.939743,35.032401],[136.939807,35.032387],[136.940022,35.032318],[136.940084,35.032287],[136.940752,35.03284],[136.94098,35.032724],[136.941307,35.032571],[136.941456,35.032472],[136.942006,35.032672],[136.941898,35.032827],[136.941669,35.033145],[136.941622,35.033211],[136.941282,35.033681],[136.94086,35.034798],[136.940582,35.035536],[136.940519,35.035675],[136.940506,35.035705],[136.939883,35.036679],[136.939921,35.036984],[136.939939,35.037531],[136.939941,35.037587],[136.939941,35.037619],[136.939951,35.038077],[136.939953,35.03817],[136.93996,35.038593],[136.939967,35.038967],[136.93997,35.03914],[136.939963,35.039506],[136.939896,35.039902],[136.939777,35.04023],[136.939713,35.040375],[136.939922,35.040425],[136.940454,35.040547],[136.940579,35.040586],[136.940666,35.040387],[136.940734,35.040311],[136.940801,35.040247],[136.940951,35.040126],[136.941085,35.040026],[136.941187,35.039967],[136.941353,35.039911],[136.94152,35.039865],[136.941626,35.039839],[136.941724,35.039827],[136.941834,35.039816],[136.941916,35.039799],[136.941917,35.039798],[136.94228,35.03969],[136.942414,35.039643],[136.942646,35.039544],[136.942738,35.039505],[136.942861,35.039448],[136.942936,35.03939],[136.943002,35.039335],[136.943112,35.039224],[136.943247,35.039089],[136.943389,35.038926],[136.943398,35.038916],[136.943451,35.038863],[136.94351,35.038812],[136.943714,35.03873],[136.944049,35.03866],[136.944257,35.03862],[136.944367,35.038599],[136.944764,35.038602],[136.944996,35.038609],[136.945018,35.038603],[136.945016,35.038353],[136.945015,35.038274],[136.945009,35.037344],[136.945006,35.036931],[136.945472,35.036926],[136.945709,35.036924],[136.945712,35.036516],[136.945744,35.036338],[136.945749,35.036307],[136.945761,35.035755],[136.945773,35.035618],[136.945825,35.035258],[136.945845,35.035131],[136.946965,35.03517],[136.947056,35.035173],[136.947401,35.035181],[136.947587,35.035172],[136.947833,35.035159],[136.948005,35.035125],[136.948019,35.03508],[136.948156,35.034129],[136.94817,35.034111],[136.94818,35.034097],[136.948218,35.034047],[136.948268,35.034],[136.948353,35.033942],[136.948415,35.033898],[136.948492,35.033754],[136.948554,35.033651],[136.948624,35.033554],[136.948666,35.033513],[136.948731,35.033481],[136.948942,35.033418],[136.948911,35.033209],[136.949259,35.033114],[136.949242,35.033091],[136.9489,35.032548],[136.948881,35.032517],[136.948262,35.031453],[136.948088,35.031154],[136.948185,35.031088],[136.948277,35.031146],[136.948698,35.031409],[136.948711,35.0314],[136.949344,35.03096],[136.949613,35.03063],[136.949669,35.030554],[136.949868,35.031003],[136.949982,35.030952],[136.950353,35.030786],[136.95064,35.030661],[136.950887,35.030596],[136.951093,35.030517],[136.951281,35.03038],[136.95146,35.030201],[136.952271,35.030521],[136.952303,35.030533],[136.952908,35.03037],[136.952931,35.030364],[136.953171,35.0303],[136.95351,35.030224],[136.953767,35.030167],[136.953997,35.030121],[136.954019,35.030116],[136.95415,35.030085],[136.954764,35.029964],[136.954803,35.030016],[136.954838,35.030046],[136.954881,35.030063],[136.954932,35.030061],[136.954969,35.030048],[136.955409,35.029893],[136.95561,35.029813],[136.955426,35.030671],[136.955424,35.030681],[136.955219,35.031655],[136.955206,35.031716],[136.955201,35.031739],[136.955192,35.031782],[136.955116,35.032152],[136.955005,35.032688],[136.955003,35.0327],[136.954908,35.033158],[136.954906,35.033168],[136.954816,35.033576],[136.954725,35.033994],[136.954605,35.034483],[136.954506,35.034975],[136.954502,35.034994],[136.95435,35.035756],[136.954327,35.035872],[136.954269,35.036165],[136.954144,35.036791],[136.95413,35.036865],[136.954124,35.036896],[136.953952,35.037828],[136.953949,35.037845],[136.953861,35.038368],[136.953857,35.038392],[136.953839,35.038499],[136.953768,35.038927],[136.953722,35.039198],[136.953574,35.040104],[136.953347,35.041486],[136.952904,35.043695],[136.9529,35.043718],[136.952623,35.045105],[136.952528,35.044963],[136.949947,35.044643],[136.948743,35.044494],[136.948498,35.04443],[136.948357,35.044392],[136.948305,35.044379],[136.948097,35.044324],[136.948018,35.044303],[136.947848,35.044257],[136.94784,35.044255],[136.947033,35.044115],[136.946997,35.044121],[136.946972,35.044124],[136.946618,35.044177],[136.946257,35.04423],[136.945957,35.04433],[136.9459,35.044373],[136.945665,35.044551],[136.945461,35.044705],[136.945165,35.044929],[136.945097,35.044989],[136.944448,35.045563],[136.94445,35.04571],[136.944426,35.04573],[136.943989,35.046111],[136.94387,35.046214],[136.943577,35.046478],[136.943364,35.046669],[136.943138,35.046969],[136.943112,35.047004],[136.943041,35.047101],[136.942965,35.047237],[136.942902,35.047404],[136.942876,35.047587],[136.942868,35.047641],[136.942868,35.047923],[136.942813,35.048036],[136.942567,35.048205],[136.942527,35.048228],[136.94222,35.048405],[136.94197,35.048498],[136.941966,35.048541],[136.942,35.048898],[136.942024,35.049149],[136.941992,35.049237],[136.941908,35.049284],[136.941937,35.04957],[136.941955,35.049844],[136.941987,35.050152],[136.941978,35.050288],[136.94187,35.050479],[136.941707,35.050697],[136.941506,35.051065],[136.941334,35.051198],[136.941299,35.051316],[136.941301,35.051587],[136.941253,35.0519],[136.941274,35.051994],[136.940674,35.052975],[136.940654,35.053006],[136.940498,35.053262],[136.940403,35.053351],[136.940284,35.053428],[136.940067,35.053466],[136.93981,35.053413],[136.939427,35.053249],[136.939412,35.053216],[136.939069,35.053029],[136.938701,35.053452],[136.938642,35.053429],[136.938619,35.053177],[136.938517,35.053229],[136.938297,35.053341],[136.938258,35.053288],[136.938189,35.053195],[136.93803,35.053142],[136.937917,35.053053],[136.937726,35.052978],[136.937558,35.053067],[136.937585,35.053209],[136.937403,35.053317],[136.937294,35.053343],[136.937144,35.053406],[136.936971,35.053402],[136.936812,35.053252],[136.936667,35.053181],[136.936645,35.053166],[136.936436,35.053024],[136.936395,35.052971],[136.936355,35.052833],[136.936319,35.052793],[136.936246,35.052713],[136.936237,35.052672],[136.936256,35.05248],[136.936229,35.052424],[136.935808,35.052038],[136.935808,35.051952],[136.935944,35.051803],[136.935827,35.05171],[136.935727,35.051773],[136.935667,35.051769],[136.935233,35.051357],[136.935101,35.05129],[136.935075,35.051295],[136.934992,35.051312],[136.934838,35.051237],[136.934715,35.051155],[136.934602,35.051016],[136.934507,35.05096],[136.934353,35.050837],[136.934362,35.050808],[136.934422,35.050628],[136.934509,35.050437],[136.934595,35.050296],[136.934623,35.05015],[136.934582,35.050038],[136.93476,35.049911],[136.934706,35.049803],[136.934092,35.050048],[136.934074,35.049824],[136.93402,35.049704],[136.933984,35.049514],[136.93384,35.04914],[136.933569,35.048639],[136.933388,35.048441],[136.933257,35.04828],[136.933043,35.048343],[136.932925,35.048171],[136.93273,35.048227],[136.933055,35.048814],[136.933254,35.049258],[136.933308,35.049509],[136.933298,35.049703],[136.933256,35.050028],[136.933106,35.050084],[136.932811,35.050031],[136.932684,35.049866],[136.932471,35.05],[136.932298,35.050056],[136.932166,35.050044],[136.931944,35.049876],[136.93179,35.049857],[136.931671,35.049894],[136.931371,35.049987],[136.931349,35.050017],[136.93138,35.050207],[136.931393,35.050454],[136.931282,35.050493],[136.930623,35.050665],[136.930319,35.050604],[136.930002,35.050562],[136.929797,35.050508],[136.929645,35.050484],[136.929461,35.050456],[136.929283,35.05047],[136.929224,35.05048],[136.929161,35.050501],[136.929075,35.050497],[136.928947,35.050481],[136.928709,35.050423],[136.928633,35.050424],[136.928587,35.05043],[136.928534,35.050443],[136.928381,35.050526],[136.928113,35.05067],[136.927998,35.050525]]]}},{"type":"Feature","properties":{"name":"共西町","city":"大府市","code":"223","setai":1948,"jinko":5175,"n":7,"towns":["23223010001","23223010002","23223010003","23223010004","23223010005","23223010006","23223010007"],"lx":136.945453,"ly":35.032502},"geometry":{"type":"Polygon","coordinates":[[[136.939713,35.040375],[136.939777,35.04023],[136.939896,35.039902],[136.939963,35.039506],[136.93997,35.03914],[136.939967,35.038967],[136.93996,35.038593],[136.939953,35.03817],[136.939951,35.038077],[136.939941,35.037619],[136.939941,35.037587],[136.939939,35.037531],[136.939921,35.036984],[136.939883,35.036679],[136.940506,35.035705],[136.940519,35.035675],[136.940582,35.035536],[136.94086,35.034798],[136.941282,35.033681],[136.941622,35.033211],[136.941669,35.033145],[136.941898,35.032827],[136.942006,35.032672],[136.942112,35.03252],[136.942906,35.031447],[136.942911,35.031441],[136.942967,35.031365],[136.94312,35.031159],[136.943141,35.031133],[136.943166,35.031102],[136.943384,35.030832],[136.944251,35.029737],[136.944698,35.029159],[136.946318,35.029941],[136.946926,35.030278],[136.946935,35.030284],[136.947423,35.030603],[136.94775,35.030817],[136.948185,35.031088],[136.948088,35.031154],[136.948262,35.031453],[136.948881,35.032517],[136.9489,35.032548],[136.949242,35.033091],[136.949259,35.033114],[136.948911,35.033209],[136.948942,35.033418],[136.948731,35.033481],[136.948666,35.033513],[136.948624,35.033554],[136.948554,35.033651],[136.948492,35.033754],[136.948415,35.033898],[136.948353,35.033942],[136.948268,35.034],[136.948218,35.034047],[136.94818,35.034097],[136.94817,35.034111],[136.948156,35.034129],[136.948019,35.03508],[136.948005,35.035125],[136.947833,35.035159],[136.947587,35.035172],[136.947401,35.035181],[136.947056,35.035173],[136.946965,35.03517],[136.945845,35.035131],[136.945825,35.035258],[136.945773,35.035618],[136.945761,35.035755],[136.945749,35.036307],[136.945744,35.036338],[136.945712,35.036516],[136.945709,35.036924],[136.945472,35.036926],[136.945006,35.036931],[136.945009,35.037344],[136.945015,35.038274],[136.945016,35.038353],[136.945018,35.038603],[136.944996,35.038609],[136.944764,35.038602],[136.944367,35.038599],[136.944257,35.03862],[136.944049,35.03866],[136.943714,35.03873],[136.94351,35.038812],[136.943451,35.038863],[136.943398,35.038916],[136.943389,35.038926],[136.943247,35.039089],[136.943112,35.039224],[136.943002,35.039335],[136.942936,35.03939],[136.942861,35.039448],[136.942738,35.039505],[136.942646,35.039544],[136.942414,35.039643],[136.94228,35.03969],[136.941917,35.039798],[136.941916,35.039799],[136.941834,35.039816],[136.941724,35.039827],[136.941626,35.039839],[136.94152,35.039865],[136.941353,35.039911],[136.941187,35.039967],[136.941085,35.040026],[136.940951,35.040126],[136.940801,35.040247],[136.940734,35.040311],[136.940666,35.040387],[136.940579,35.040586],[136.940454,35.040547],[136.939922,35.040425],[136.939713,35.040375]]]}},{"type":"Feature","properties":{"name":"共栄町","city":"大府市","code":"223","setai":1314,"jinko":2926,"n":8,"towns":["23223011001","23223011002","23223011003","23223011004","23223011006","23223011007","23223011008","23223011009"],"lx":136.956704,"ly":35.04175},"geometry":{"type":"Polygon","coordinates":[[[136.952623,35.045105],[136.9529,35.043718],[136.952904,35.043695],[136.953347,35.041486],[136.953574,35.040104],[136.953722,35.039198],[136.953768,35.038927],[136.953839,35.038499],[136.953857,35.038392],[136.953861,35.038368],[136.953949,35.037845],[136.953952,35.037828],[136.954124,35.036896],[136.95413,35.036865],[136.954144,35.036791],[136.954269,35.036165],[136.954327,35.035872],[136.95435,35.035756],[136.954502,35.034994],[136.954506,35.034975],[136.954605,35.034483],[136.954634,35.034488],[136.954756,35.034505],[136.955365,35.034623],[136.955413,35.034633],[136.955777,35.034706],[136.956297,35.035435],[136.956584,35.035838],[136.9571,35.036563],[136.957115,35.036584],[136.95753,35.03716],[136.95754,35.037173],[136.958418,35.03841],[136.958575,35.038615],[136.958832,35.03899],[136.958892,35.039057],[136.95895,35.039107],[136.959003,35.03912],[136.959042,35.039135],[136.959091,35.039155],[136.959237,35.039207],[136.959421,35.039268],[136.959496,35.039298],[136.959617,35.039348],[136.959665,35.039382],[136.959741,35.039435],[136.959798,35.039467],[136.959423,35.039645],[136.959466,35.039758],[136.959569,35.039857],[136.959615,35.039995],[136.959675,35.040078],[136.959682,35.040204],[136.959781,35.04011],[136.959931,35.040098],[136.960198,35.040123],[136.960175,35.040163],[136.960516,35.040401],[136.960801,35.040524],[136.961096,35.04062],[136.961223,35.040697],[136.961313,35.040737],[136.961527,35.040783],[136.961638,35.040875],[136.961571,35.041115],[136.961557,35.041282],[136.961412,35.041405],[136.961374,35.041456],[136.961296,35.041581],[136.961176,35.041828],[136.961123,35.041898],[136.960766,35.042284],[136.960893,35.042417],[136.960908,35.042526],[136.960888,35.042564],[136.960876,35.042587],[136.960663,35.042783],[136.960446,35.042965],[136.96032,35.043068],[136.960186,35.043082],[136.959857,35.043038],[136.959604,35.043453],[136.959486,35.043626],[136.959269,35.043968],[136.959174,35.044224],[136.959156,35.044317],[136.959151,35.04434],[136.959056,35.044793],[136.959014,35.044976],[136.958978,35.045207],[136.959183,35.045271],[136.959244,35.045722],[136.959216,35.045739],[136.95915,35.045779],[136.959179,35.045987],[136.959186,35.046037],[136.958882,35.046129],[136.958681,35.046211],[136.958572,35.04628],[136.958417,35.046379],[136.958295,35.046455],[136.958252,35.046505],[136.958043,35.046717],[136.957963,35.046827],[136.957831,35.046978],[136.957821,35.04699],[136.95765,35.047167],[136.957361,35.047372],[136.957094,35.047528],[136.956902,35.047657],[136.956689,35.047776],[136.956651,35.047792],[136.956512,35.047876],[136.956317,35.047942],[136.956136,35.048003],[136.956063,35.047896],[136.956045,35.047871],[136.955888,35.047829],[136.955787,35.047802],[136.955773,35.047849],[136.95575,35.047882],[136.955718,35.047935],[136.955662,35.047949],[136.955607,35.047932],[136.955602,35.047916],[136.955561,35.047787],[136.95553,35.04767],[136.955546,35.047508],[136.955551,35.047458],[136.955346,35.04715],[136.955187,35.047121],[136.955091,35.047016],[136.955067,35.046941],[136.955007,35.046756],[136.954924,35.046665],[136.954848,35.046582],[136.954791,35.046519],[136.954627,35.046407],[136.954598,35.046314],[136.954463,35.046083],[136.95432,35.046051],[136.954274,35.046056],[136.953956,35.046072],[136.953701,35.046094],[136.953419,35.046074],[136.953245,35.046023],[136.952938,35.045576],[136.952804,35.045374],[136.952644,35.045135],[136.952623,35.045105]]]}},{"type":"Feature","properties":{"name":"東新町","city":"大府市","code":"223","setai":2645,"jinko":5731,"n":6,"towns":["23223012001","23223012002","23223012003","23223012004","23223012005","23223012006"],"lx":136.960218,"ly":35.03505},"geometry":{"type":"Polygon","coordinates":[[[136.954605,35.034483],[136.954725,35.033994],[136.954816,35.033576],[136.954906,35.033168],[136.954908,35.033158],[136.955003,35.0327],[136.955005,35.032688],[136.955116,35.032152],[136.955192,35.031782],[136.955201,35.031739],[136.955206,35.031716],[136.955219,35.031655],[136.955424,35.030681],[136.956506,35.030874],[136.956507,35.030874],[136.956548,35.030882],[136.956915,35.030954],[136.957167,35.031],[136.957186,35.031004],[136.957723,35.031103],[136.958405,35.031241],[136.960369,35.031639],[136.961128,35.031531],[136.961968,35.031374],[136.962061,35.031338],[136.962859,35.030924],[136.96334,35.03152],[136.963581,35.031812],[136.963602,35.031836],[136.963676,35.03193],[136.96374,35.032007],[136.963811,35.032075],[136.963913,35.032153],[136.963994,35.032227],[136.964055,35.032318],[136.964199,35.032495],[136.964256,35.032531],[136.964288,35.032541],[136.964363,35.032523],[136.964555,35.032482],[136.964723,35.032777],[136.964728,35.032786],[136.964694,35.033029],[136.964662,35.033176],[136.964619,35.033342],[136.96447,35.033863],[136.964473,35.033916],[136.964594,35.034129],[136.964678,35.034248],[136.964867,35.034483],[136.965242,35.034877],[136.965204,35.034898],[136.965081,35.034984],[136.964964,35.035063],[136.964902,35.035106],[136.964769,35.035196],[136.964536,35.035339],[136.964187,35.035562],[136.964142,35.035597],[136.964102,35.035627],[136.963995,35.035704],[136.963696,35.035962],[136.963439,35.036184],[136.963736,35.036429],[136.963873,35.036541],[136.964049,35.036684],[136.964135,35.036761],[136.964298,35.036907],[136.9643,35.036908],[136.964384,35.036976],[136.964475,35.037065],[136.964555,35.037203],[136.964809,35.037361],[136.964948,35.03744],[136.96523,35.037615],[136.964482,35.03812],[136.963947,35.038478],[136.963774,35.038605],[136.963239,35.038945],[136.962886,35.039169],[136.962822,35.039342],[136.962716,35.039437],[136.962589,35.039516],[136.962432,35.039597],[136.962393,35.039597],[136.962196,35.039599],[136.962033,35.03971],[136.961951,35.039653],[136.961803,35.039683],[136.961488,35.039768],[136.961327,35.039811],[136.960691,35.039965],[136.960447,35.039931],[136.960282,35.039835],[136.96025,35.039816],[136.959982,35.039598],[136.959798,35.039467],[136.959741,35.039435],[136.959665,35.039382],[136.959617,35.039348],[136.959496,35.039298],[136.959421,35.039268],[136.959237,35.039207],[136.959091,35.039155],[136.959042,35.039135],[136.959003,35.03912],[136.95895,35.039107],[136.958892,35.039057],[136.958832,35.03899],[136.958575,35.038615],[136.958418,35.03841],[136.95754,35.037173],[136.95753,35.03716],[136.957115,35.036584],[136.9571,35.036563],[136.956584,35.035838],[136.956297,35.035435],[136.955777,35.034706],[136.955413,35.034633],[136.955365,35.034623],[136.954756,35.034505],[136.954634,35.034488],[136.954605,35.034483]]]}},{"type":"Feature","properties":{"name":"追分町","city":"大府市","code":"223","setai":1339,"jinko":3277,"n":6,"towns":["23223013001","23223013002","23223013003","23223013004","23223013005","23223013006"],"lx":136.958847,"ly":35.02841},"geometry":{"type":"Polygon","coordinates":[[[136.955424,35.030681],[136.955426,35.030671],[136.95561,35.029813],[136.95566,35.029793],[136.955761,35.02925],[136.955916,35.028457],[136.956013,35.027986],[136.95619,35.027126],[136.95639,35.026153],[136.95639,35.02615],[136.956409,35.026062],[136.956412,35.026044],[136.956618,35.025042],[136.956685,35.024721],[136.956758,35.024364],[136.956799,35.024163],[136.956829,35.024021],[136.957164,35.022389],[136.957166,35.02238],[136.957169,35.022365],[136.957953,35.022492],[136.958015,35.022498],[136.958062,35.022494],[136.958144,35.022482],[136.958237,35.022428],[136.958333,35.022349],[136.958443,35.022271],[136.95858,35.022214],[136.958689,35.022124],[136.959284,35.022031],[136.959313,35.022026],[136.959929,35.02176],[136.960855,35.02245],[136.961087,35.022632],[136.961449,35.022941],[136.961466,35.022992],[136.961511,35.023221],[136.961544,35.023374],[136.961487,35.02348],[136.961413,35.023635],[136.961422,35.023871],[136.961455,35.02398],[136.961545,35.024141],[136.961587,35.024231],[136.961699,35.024353],[136.961859,35.024478],[136.962003,35.024571],[136.962089,35.024596],[136.962287,35.024648],[136.962469,35.024695],[136.962513,35.024707],[136.962676,35.024771],[136.962708,35.024784],[136.962805,35.024887],[136.962965,35.025041],[136.963082,35.025152],[136.963172,35.025234],[136.963031,35.025378],[136.962701,35.025655],[136.962076,35.026088],[136.961707,35.02636],[136.961574,35.026436],[136.961354,35.026501],[136.961189,35.026535],[136.961193,35.026556],[136.961193,35.026558],[136.961224,35.02673],[136.961288,35.026917],[136.961419,35.027045],[136.961544,35.027166],[136.961681,35.027278],[136.961916,35.027636],[136.961986,35.027831],[136.961986,35.027837],[136.961987,35.0281],[136.961947,35.028299],[136.961994,35.028549],[136.962174,35.029111],[136.962321,35.029568],[136.962371,35.029787],[136.962127,35.029849],[136.962907,35.030839],[136.962916,35.030882],[136.962859,35.030924],[136.962061,35.031338],[136.961968,35.031374],[136.961128,35.031531],[136.960369,35.031639],[136.958405,35.031241],[136.957723,35.031103],[136.957186,35.031004],[136.957167,35.031],[136.956915,35.030954],[136.956548,35.030882],[136.956507,35.030874],[136.956506,35.030874],[136.955424,35.030681]]]}},{"type":"Feature","properties":{"name":"梶田町","city":"大府市","code":"223","setai":1028,"jinko":2632,"n":6,"towns":["23223014001","23223014002","23223014003","23223014004","23223014005","23223014006"],"lx":136.967781,"ly":35.036668},"geometry":{"type":"Polygon","coordinates":[[[136.962033,35.03971],[136.962196,35.039599],[136.962393,35.039597],[136.962432,35.039597],[136.962589,35.039516],[136.962716,35.039437],[136.962822,35.039342],[136.962886,35.039169],[136.963239,35.038945],[136.963774,35.038605],[136.963947,35.038478],[136.964482,35.03812],[136.96523,35.037615],[136.964948,35.03744],[136.964809,35.037361],[136.964555,35.037203],[136.964475,35.037065],[136.964384,35.036976],[136.9643,35.036908],[136.964298,35.036907],[136.964135,35.036761],[136.964049,35.036684],[136.963873,35.036541],[136.963736,35.036429],[136.963439,35.036184],[136.963696,35.035962],[136.963995,35.035704],[136.964102,35.035627],[136.964142,35.035597],[136.964187,35.035562],[136.964536,35.035339],[136.964769,35.035196],[136.964902,35.035106],[136.964964,35.035063],[136.965081,35.034984],[136.965204,35.034898],[136.965242,35.034877],[136.965683,35.034625],[136.965875,35.034515],[136.966103,35.034425],[136.966219,35.034377],[136.966533,35.034246],[136.966954,35.034057],[136.967724,35.033712],[136.96785,35.033643],[136.967975,35.033567],[136.968165,35.033449],[136.968462,35.033274],[136.968685,35.033143],[136.968735,35.033124],[136.968974,35.033034],[136.969268,35.032944],[136.969617,35.032886],[136.969964,35.032905],[136.970205,35.032917],[136.970453,35.032949],[136.970636,35.032973],[136.970743,35.033009],[136.970709,35.033195],[136.970599,35.033543],[136.970538,35.033782],[136.970512,35.033881],[136.970424,35.034228],[136.970409,35.034276],[136.970367,35.034404],[136.970356,35.034441],[136.970351,35.034481],[136.970328,35.0347],[136.970327,35.034995],[136.970343,35.035276],[136.970376,35.035563],[136.970397,35.03572],[136.970414,35.03588],[136.970447,35.036093],[136.970449,35.036108],[136.970478,35.036298],[136.970491,35.036377],[136.970533,35.03667],[136.970564,35.036897],[136.97057,35.036934],[136.970576,35.037],[136.970632,35.037584],[136.970647,35.038007],[136.970622,35.038276],[136.97057,35.038484],[136.970518,35.038615],[136.970434,35.038791],[136.970372,35.038898],[136.970292,35.039025],[136.970169,35.039182],[136.970025,35.039337],[136.969682,35.039635],[136.968923,35.04033],[136.968346,35.040812],[136.96803,35.041032],[136.967953,35.041087],[136.967889,35.041162],[136.96787,35.041185],[136.967819,35.041321],[136.96781,35.041443],[136.96776,35.042006],[136.967744,35.042118],[136.967707,35.042694],[136.967673,35.042702],[136.967546,35.042728],[136.966917,35.042803],[136.966433,35.042933],[136.966178,35.043023],[136.965675,35.043154],[136.965464,35.043167],[136.965232,35.043141],[136.965096,35.043073],[136.964807,35.042726],[136.964528,35.042358],[136.964259,35.041998],[136.963986,35.041632],[136.963936,35.041564],[136.963606,35.041128],[136.96347,35.040954],[136.963237,35.040728],[136.96308,35.040596],[136.962849,35.040317],[136.962739,35.040166],[136.962617,35.040083],[136.962441,35.040058],[136.962303,35.040003],[136.962244,35.039913],[136.962144,35.039807],[136.962056,35.039726],[136.962033,35.03971]]]}},{"type":"Feature","properties":{"name":"北山町","city":"大府市","code":"223","setai":761,"jinko":1758,"n":4,"towns":["23223015001","23223015002","23223015003","23223015004"],"lx":136.96781,"ly":35.030395},"geometry":{"type":"Polygon","coordinates":[[[136.962127,35.029849],[136.962371,35.029787],[136.962598,35.02978],[136.962748,35.029762],[136.963092,35.029725],[136.9633,35.029675],[136.963477,35.029611],[136.96374,35.029508],[136.963945,35.029402],[136.964112,35.029291],[136.964278,35.029158],[136.964557,35.028952],[136.965296,35.028496],[136.965449,35.028406],[136.965705,35.028269],[136.965719,35.028261],[136.965802,35.028121],[136.965901,35.028091],[136.966279,35.027951],[136.966509,35.027823],[136.966718,35.027702],[136.966925,35.027608],[136.967158,35.027476],[136.967387,35.027287],[136.967576,35.02708],[136.967611,35.02703],[136.967632,35.026913],[136.967665,35.026827],[136.96772,35.026765],[136.967857,35.026642],[136.967894,35.026568],[136.967937,35.026532],[136.967943,35.026505],[136.967942,35.026471],[136.967966,35.026423],[136.968181,35.026337],[136.968356,35.026089],[136.968602,35.025686],[136.968513,35.025601],[136.968244,35.025232],[136.968845,35.024969],[136.969504,35.024726],[136.969578,35.025109],[136.96962,35.025355],[136.96966,35.025597],[136.969692,35.025658],[136.96976,35.025787],[136.969847,35.025938],[136.970003,35.026248],[136.97015,35.02643],[136.970331,35.026553],[136.97056,35.026655],[136.970767,35.026726],[136.971087,35.026817],[136.971472,35.026907],[136.971961,35.02701],[136.97209,35.027043],[136.972106,35.027048],[136.972134,35.027055],[136.97154,35.028171],[136.971293,35.028688],[136.971177,35.029016],[136.971148,35.0291],[136.970923,35.029807],[136.970903,35.029859],[136.970866,35.029987],[136.970685,35.0306],[136.970684,35.030744],[136.970683,35.030875],[136.970652,35.031143],[136.970643,35.031418],[136.970645,35.03153],[136.970666,35.03172],[136.970715,35.031992],[136.970762,35.032602],[136.970762,35.032604],[136.970772,35.032795],[136.970755,35.032922],[136.970743,35.033009],[136.970636,35.032973],[136.970453,35.032949],[136.970205,35.032917],[136.969964,35.032905],[136.969617,35.032886],[136.969268,35.032944],[136.968974,35.033034],[136.968735,35.033124],[136.968685,35.033143],[136.968462,35.033274],[136.968165,35.033449],[136.967975,35.033567],[136.96785,35.033643],[136.967724,35.033712],[136.966954,35.034057],[136.966533,35.034246],[136.966219,35.034377],[136.966103,35.034425],[136.965875,35.034515],[136.965683,35.034625],[136.965242,35.034877],[136.964867,35.034483],[136.964678,35.034248],[136.964594,35.034129],[136.964473,35.033916],[136.96447,35.033863],[136.964619,35.033342],[136.964662,35.033176],[136.964694,35.033029],[136.964728,35.032786],[136.964723,35.032777],[136.964555,35.032482],[136.964363,35.032523],[136.964288,35.032541],[136.964256,35.032531],[136.964199,35.032495],[136.964055,35.032318],[136.963994,35.032227],[136.963913,35.032153],[136.963811,35.032075],[136.96374,35.032007],[136.963676,35.03193],[136.963602,35.031836],[136.963581,35.031812],[136.96334,35.03152],[136.962859,35.030924],[136.962916,35.030882],[136.962907,35.030839],[136.962127,35.029849]]]}},{"type":"Feature","properties":{"name":"長草町","city":"大府市","code":"223","setai":1775,"jinko":4181,"n":1,"towns":["232230160"],"lx":136.940589,"ly":35.023782},"geometry":{"type":"Polygon","coordinates":[[[136.939392,35.032366],[136.93944,35.032352],[136.939493,35.032359],[136.939651,35.032398],[136.9397,35.032401],[136.939743,35.032401],[136.939807,35.032387],[136.940022,35.032318],[136.940084,35.032287],[136.940752,35.03284],[136.94098,35.032724],[136.941307,35.032571],[136.941456,35.032472],[136.942006,35.032672],[136.942112,35.03252],[136.942906,35.031447],[136.942911,35.031441],[136.942967,35.031365],[136.94312,35.031159],[136.943141,35.031133],[136.943166,35.031102],[136.943384,35.030832],[136.944251,35.029737],[136.944698,35.029159],[136.944711,35.029142],[136.945454,35.028193],[136.945502,35.028131],[136.946038,35.027439],[136.946074,35.027398],[136.946219,35.027218],[136.946351,35.027052],[136.947511,35.025598],[136.947607,35.02546],[136.948162,35.024774],[136.94816,35.024773],[136.948218,35.024702],[136.948187,35.024616],[136.948055,35.024252],[136.948006,35.024224],[136.947951,35.024084],[136.947954,35.024081],[136.947874,35.023932],[136.947189,35.022261],[136.947136,35.022029],[136.947092,35.02181],[136.946995,35.021287],[136.946935,35.021114],[136.946865,35.020913],[136.946831,35.0207],[136.946853,35.0207],[136.946795,35.020424],[136.946775,35.020316],[136.946748,35.020228],[136.946725,35.020174],[136.946684,35.020119],[136.946649,35.020083],[136.945925,35.019587],[136.945339,35.019147],[136.944541,35.018554],[136.944499,35.018523],[136.944495,35.01852],[136.94409,35.018248],[136.943598,35.01786],[136.943452,35.01771],[136.943417,35.017682],[136.943369,35.017644],[136.943361,35.017359],[136.943357,35.017217],[136.943322,35.017081],[136.943288,35.016978],[136.94324,35.016838],[136.94317,35.016715],[136.943086,35.016584],[136.942841,35.016372],[136.94258,35.016113],[136.942261,35.015829],[136.942216,35.01579],[136.94235,35.015709],[136.942447,35.01563],[136.942635,35.015463],[136.942799,35.01538],[136.942917,35.015338],[136.943089,35.015258],[136.943153,35.015245],[136.943183,35.015243],[136.94334,35.015241],[136.943508,35.015266],[136.943774,35.015301],[136.94397,35.015331],[136.944176,35.015312],[136.94429,35.015283],[136.944469,35.015192],[136.944479,35.015184],[136.944692,35.015014],[136.945246,35.014645],[136.945383,35.014515],[136.945399,35.014497],[136.945488,35.014394],[136.945614,35.014241],[136.945738,35.014091],[136.945777,35.01403],[136.945826,35.013955],[136.945889,35.013825],[136.945937,35.013696],[136.945981,35.013528],[136.946039,35.013411],[136.94612,35.013331],[136.946246,35.013233],[136.946458,35.013096],[136.946528,35.013065],[136.946779,35.012951],[136.947133,35.012812],[136.94689,35.012753],[136.946622,35.01268],[136.946479,35.012678],[136.946235,35.012783],[136.945662,35.013125],[136.945532,35.013174],[136.945472,35.013187],[136.945388,35.013198],[136.945321,35.013192],[136.945187,35.013163],[136.945007,35.013117],[136.944879,35.013125],[136.944759,35.013185],[136.944736,35.013221],[136.944714,35.013268],[136.944705,35.013279],[136.944499,35.013269],[136.944183,35.013224],[136.944053,35.01319],[136.943778,35.013088],[136.943697,35.013058],[136.943571,35.012995],[136.943436,35.012926],[136.943284,35.012849],[136.943043,35.01275],[136.942993,35.012587],[136.942917,35.012366],[136.942854,35.012137],[136.942775,35.011869],[136.942247,35.010274],[136.941928,35.009237],[136.941784,35.008802],[136.941625,35.008477],[136.941494,35.008731],[136.941365,35.008931],[136.941216,35.009179],[136.941145,35.009263],[136.941036,35.00937],[136.940895,35.009452],[136.940815,35.009476],[136.94075,35.009487],[136.940669,35.009499],[136.940587,35.009492],[136.940478,35.009491],[136.940351,35.009466],[136.940126,35.009419],[136.939734,35.009285],[136.939324,35.009141],[136.93917,35.009083],[136.938946,35.009024],[136.938866,35.008991],[136.93883,35.008971],[136.938793,35.00893],[136.938761,35.008856],[136.938729,35.008788],[136.93872,35.008711],[136.938724,35.008616],[136.93875,35.008496],[136.938781,35.008317],[136.938836,35.008108],[136.938918,35.007714],[136.938786,35.007664],[136.937909,35.008861],[136.937673,35.009151],[136.937537,35.00928],[136.937422,35.009314],[136.937334,35.009303],[136.937268,35.009273],[136.937176,35.009235],[136.93703,35.009176],[136.936425,35.008924],[136.935398,35.010512],[136.93471,35.011562],[136.934765,35.011584],[136.935405,35.011844],[136.935523,35.011882],[136.935793,35.011957],[136.935968,35.012005],[136.936228,35.012072],[136.936451,35.012131],[136.936702,35.012195],[136.936867,35.012234],[136.936974,35.012256],[136.937026,35.01227],[136.936948,35.012394],[136.936807,35.012607],[136.936893,35.012662],[136.937024,35.012697],[136.937159,35.012698],[136.937264,35.012725],[136.93738,35.01277],[136.937473,35.012801],[136.937508,35.01281],[136.93765,35.012824],[136.937779,35.012844],[136.937897,35.012883],[136.938018,35.012939],[136.938111,35.013034],[136.93815,35.013127],[136.938227,35.013172],[136.938371,35.013231],[136.9385,35.013296],[136.938608,35.013349],[136.938661,35.0134],[136.939074,35.013672],[136.939209,35.01372],[136.939369,35.013807],[136.939472,35.013862],[136.939475,35.013864],[136.939601,35.013929],[136.939811,35.01405],[136.940041,35.014165],[136.940273,35.014333],[136.94047,35.014471],[136.940462,35.014516],[136.940435,35.014677],[136.940397,35.014853],[136.940386,35.014907],[136.940327,35.015157],[136.940294,35.015293],[136.940248,35.015486],[136.940281,35.015527],[136.94032,35.015573],[136.940334,35.015625],[136.940348,35.015755],[136.940284,35.015769],[136.94018,35.015852],[136.939886,35.016044],[136.939499,35.016259],[136.939322,35.016224],[136.93912,35.016207],[136.938844,35.016191],[136.938811,35.016142],[136.938766,35.016081],[136.938723,35.016046],[136.93868,35.016022],[136.938584,35.016017],[136.938521,35.016028],[136.938419,35.016045],[136.93839,35.016066],[136.938376,35.016103],[136.938339,35.016162],[136.938151,35.016317],[136.937948,35.01649],[136.937971,35.016538],[136.937841,35.016605],[136.93787,35.016632],[136.937644,35.016748],[136.937876,35.017067],[136.937974,35.017203],[136.937481,35.017448],[136.936853,35.017747],[136.936666,35.017465],[136.936614,35.017498],[136.936551,35.017566],[136.936479,35.01767],[136.936438,35.017769],[136.936406,35.017814],[136.936388,35.017837],[136.936358,35.017856],[136.936311,35.017881],[136.936266,35.017892],[136.936191,35.0179],[136.935448,35.017882],[136.935351,35.017896],[136.934637,35.018235],[136.934545,35.018284],[136.934407,35.018351],[136.934322,35.018392],[136.933919,35.018602],[136.93378,35.018683],[136.933697,35.018737],[136.933578,35.018826],[136.933518,35.018879],[136.93349,35.018914],[136.93331,35.019187],[136.933304,35.019208],[136.933335,35.019249],[136.933333,35.019263],[136.9333,35.019415],[136.933289,35.019437],[136.93325,35.019484],[136.93307,35.019735],[136.93305,35.019759],[136.933029,35.019776],[136.932682,35.019937],[136.932439,35.020014],[136.932275,35.020397],[136.932187,35.020603],[136.931941,35.021259],[136.932433,35.021344],[136.93242,35.021446],[136.932707,35.021525],[136.932897,35.021999],[136.93253,35.022094],[136.932294,35.022155],[136.93234,35.022305],[136.932454,35.022682],[136.932868,35.022977],[136.933061,35.023099],[136.933377,35.023356],[136.933621,35.023636],[136.933635,35.023652],[136.933653,35.023667],[136.933727,35.023699],[136.933756,35.023704],[136.933805,35.023701],[136.933952,35.023713],[136.933983,35.023814],[136.934013,35.023918],[136.934049,35.024071],[136.933977,35.02409],[136.933918,35.024116],[136.933868,35.024155],[136.93384,35.024197],[136.933807,35.024245],[136.93377,35.024348],[136.933757,35.024537],[136.933748,35.024572],[136.933669,35.024594],[136.93339,35.02469],[136.933246,35.024754],[136.933102,35.02484],[136.932943,35.024969],[136.932855,35.025082],[136.93276,35.025242],[136.932695,35.02536],[136.9326,35.025572],[136.931575,35.02563],[136.931291,35.025643],[136.931173,35.025659],[136.930895,35.025871],[136.930482,35.026167],[136.930122,35.026425],[136.929694,35.026735],[136.929565,35.026829],[136.929102,35.027162],[136.928867,35.027332],[136.928695,35.027458],[136.92858,35.027559],[136.928475,35.027668],[136.928395,35.027783],[136.928175,35.028123],[136.928091,35.028258],[136.927963,35.028491],[136.927895,35.02861],[136.927656,35.029021],[136.927435,35.029403],[136.927383,35.029492],[136.927203,35.029548],[136.927078,35.029633],[136.926978,35.029749],[136.926907,35.029896],[136.926849,35.030079],[136.926737,35.030489],[136.926733,35.030506],[136.926733,35.030596],[136.92707,35.031264],[136.927505,35.032127],[136.927693,35.032498],[136.927708,35.032528],[136.927864,35.032762],[136.927935,35.032868],[136.928076,35.033077],[136.928452,35.03356],[136.928561,35.033703],[136.928663,35.033926],[136.928859,35.034389],[136.928967,35.03472],[136.929065,35.034819],[136.92918,35.034954],[136.929233,35.035103],[136.929363,35.035508],[136.929309,35.035569],[136.929223,35.03564],[136.929351,35.035992],[136.929427,35.036235],[136.929496,35.036421],[136.929625,35.036647],[136.929914,35.036875],[136.930295,35.037159],[136.930431,35.037265],[136.930616,35.037415],[136.930856,35.037642],[136.930974,35.037767],[136.930979,35.037773],[136.931,35.037794],[136.931073,35.037876],[136.93129,35.038141],[136.931383,35.038269],[136.931409,35.038326],[136.931421,35.038373],[136.93143,35.038425],[136.931457,35.038595],[136.931541,35.038536],[136.93275,35.037797],[136.932956,35.037672],[136.933137,35.037622],[136.933302,35.037599],[136.933754,35.037583],[136.934029,35.037566],[136.934264,35.037541],[136.934541,35.037487],[136.934512,35.037411],[136.934385,35.037004],[136.934111,35.036413],[136.934389,35.036261],[136.93454,35.036181],[136.934717,35.036086],[136.935301,35.035764],[136.936004,35.035445],[136.936202,35.035348],[136.936552,35.035173],[136.937058,35.034882],[136.937706,35.034501],[136.937796,35.034452],[136.937882,35.034405],[136.938016,35.034297],[136.938242,35.034111],[136.938448,35.033926],[136.938702,35.033702],[136.939053,35.03339],[136.939076,35.033357],[136.939111,35.033283],[136.939342,35.032439],[136.93937,35.032386],[136.939392,35.032366]]]}},{"type":"Feature","properties":{"name":"吉田町","city":"大府市","code":"223","setai":691,"jinko":1777,"n":8,"towns":["232230170","232230170","23223029001","23223029002","23223029003","23223029004","23223029005","23223029006"],"lx":136.935497,"ly":35.003009},"geometry":{"type":"MultiPolygon","coordinates":[[[[136.92858,35.003008],[136.928581,35.00255],[136.928581,35.002466],[136.928614,35.002199],[136.928647,35.002039],[136.928737,35.001719],[136.928751,35.001539],[136.928751,35.001346],[136.928749,35.000986],[136.928756,35.000251],[136.929979,35.000076],[136.930414,35.00001],[136.931589,34.999849],[136.931704,34.999827],[136.932944,34.999596],[136.933203,34.999518],[136.933503,34.999335],[136.933732,34.99918],[136.933885,34.99908],[136.933964,34.999021],[136.933973,34.999015],[136.934108,34.998943],[136.934325,34.998825],[136.934618,34.998665],[136.934878,34.998543],[136.935072,34.998445],[136.935229,34.998365],[136.935513,34.998239],[136.935743,34.998147],[136.935973,34.998083],[136.936187,34.998017],[136.936388,34.997948],[136.936544,34.997892],[136.936667,34.99786],[136.936749,34.997878],[136.936828,34.997906],[136.937112,34.998019],[136.937176,34.99802],[136.937244,34.998018],[136.937449,34.997986],[136.937624,34.997938],[136.937906,34.997882],[136.939152,35.000892],[136.939207,35.001095],[136.93976,35.002101],[136.94086,35.004148],[136.940867,35.004639],[136.940825,35.004679],[136.94037,35.005482],[136.939806,35.006417],[136.94048,35.00682],[136.940505,35.007117],[136.940373,35.007221],[136.94036,35.007267],[136.940416,35.00739],[136.940397,35.007426],[136.940107,35.008026],[136.940056,35.008116],[136.939478,35.007896],[136.938918,35.007714],[136.938786,35.007664],[136.937909,35.008861],[136.937673,35.009151],[136.937537,35.00928],[136.937422,35.009314],[136.937334,35.009303],[136.937268,35.009273],[136.937176,35.009235],[136.93703,35.009176],[136.936425,35.008924],[136.935398,35.010512],[136.933921,35.009639],[136.934043,35.009215],[136.934163,35.008712],[136.934178,35.008578],[136.934183,35.00847],[136.93413,35.008375],[136.934066,35.00832],[136.933785,35.008206],[136.933493,35.0081],[136.933278,35.007957],[136.933123,35.007734],[136.933069,35.00757],[136.93296,35.006985],[136.932937,35.006898],[136.932848,35.006712],[136.932608,35.006305],[136.931993,35.005277],[136.929234,35.005217],[136.929159,35.004916],[136.929095,35.004617],[136.929016,35.004325],[136.928903,35.003902],[136.928805,35.003588],[136.928607,35.003327],[136.928581,35.003171],[136.92858,35.003008]]],[[[136.929072,34.983192],[136.92942,34.983204],[136.929792,34.983197],[136.930823,34.98343],[136.931772,34.983695],[136.932057,34.983774],[136.932129,34.983794],[136.932233,34.983825],[136.932537,34.983895],[136.932736,34.984111],[136.932923,34.984314],[136.933026,34.984424],[136.933077,34.984486],[136.933254,34.984662],[136.933334,34.984849],[136.933331,34.984957],[136.933238,34.985133],[136.933178,34.985275],[136.933096,34.985442],[136.932837,34.985707],[136.932831,34.986064],[136.932832,34.986149],[136.93271,34.986418],[136.932695,34.986474],[136.932702,34.986504],[136.932822,34.986697],[136.932901,34.98666],[136.93344,34.986759],[136.93347,34.98675],[136.933889,34.98653],[136.934141,34.986443],[136.93456,34.986315],[136.934645,34.986317],[136.934977,34.986428],[136.934866,34.987308],[136.935199,34.987549],[136.935688,34.987627],[136.93583,34.987642],[136.935891,34.987653],[136.93605,34.987714],[136.936211,34.987797],[136.93635,34.988021],[136.936536,34.988185],[136.936474,34.988415],[136.936183,34.988964],[136.936103,34.989275],[136.936133,34.989445],[136.936166,34.98947],[136.936571,34.989681],[136.936876,34.989695],[136.93727,34.989784],[136.937719,34.989752],[136.93869,34.989419],[136.939019,34.989017],[136.939054,34.989013],[136.939207,34.98903],[136.939309,34.989076],[136.93938,34.989126],[136.939607,34.989373],[136.939663,34.989741],[136.939621,34.990031],[136.939613,34.990082],[136.939621,34.99024],[136.939606,34.990678],[136.939608,34.990988],[136.939845,34.99107],[136.939889,34.991077],[136.940284,34.991067],[136.940347,34.991063],[136.940926,34.990955],[136.941039,34.990941],[136.941484,34.990934],[136.941895,34.990843],[136.942596,34.990605],[136.943179,34.990578],[136.943545,34.991305],[136.943606,34.991573],[136.94363,34.991609],[136.943794,34.991731],[136.943997,34.991825],[136.944231,34.99183],[136.944248,34.991926],[136.944216,34.992016],[136.944181,34.992138],[136.944152,34.992461],[136.944138,34.992598],[136.944092,34.992708],[136.944077,34.992749],[136.944018,34.993005],[136.943962,34.993309],[136.943925,34.993476],[136.94389,34.993614],[136.943868,34.995061],[136.943325,34.995035],[136.942448,34.995462],[136.941856,34.995812],[136.940475,34.994231],[136.940179,34.994289],[136.939871,34.994415],[136.939669,34.99461],[136.939397,34.994833],[136.939088,34.995115],[136.938816,34.995261],[136.938661,34.995348],[136.938401,34.995416],[136.938117,34.995483],[136.937903,34.995561],[136.937671,34.995704],[136.937155,34.995009],[136.937051,34.994903],[136.936939,34.994799],[136.936812,34.994701],[136.936707,34.994614],[136.936581,34.994487],[136.936498,34.994318],[136.936402,34.994097],[136.936317,34.993892],[136.936242,34.99378],[136.936156,34.993711],[136.936073,34.99366],[136.935948,34.993608],[136.935612,34.993447],[136.935376,34.993157],[136.935087,34.992966],[136.934939,34.992856],[136.934786,34.99269],[136.934625,34.992525],[136.934499,34.992367],[136.934363,34.992223],[136.934194,34.992033],[136.933988,34.991839],[136.933661,34.991551],[136.933367,34.991306],[136.933053,34.991046],[136.932759,34.990805],[136.932527,34.990597],[136.932399,34.990452],[136.932285,34.990154],[136.932178,34.989975],[136.93202,34.989773],[136.931867,34.989581],[136.931683,34.989415],[136.931533,34.989279],[136.931438,34.989179],[136.931382,34.989079],[136.931339,34.988953],[136.931286,34.988781],[136.931212,34.988579],[136.931137,34.988451],[136.931035,34.988304],[136.930934,34.988153],[136.930851,34.988021],[136.9308,34.987884],[136.930756,34.987737],[136.930675,34.987474],[136.930562,34.987257],[136.930289,34.98692],[136.93016,34.986738],[136.930149,34.986689],[136.930147,34.986477],[136.930161,34.986149],[136.930203,34.985669],[136.930219,34.98493],[136.930222,34.984771],[136.929925,34.983729],[136.929858,34.983692],[136.929709,34.983587],[136.929675,34.9835],[136.929655,34.983405],[136.929335,34.983385],[136.929194,34.983371],[136.929142,34.983337],[136.929107,34.983292],[136.929089,34.983252],[136.929072,34.983192]]]]}},{"type":"Feature","properties":{"name":"森岡町","city":"大府市","code":"223","setai":2522,"jinko":5533,"n":10,"towns":["232230180","23223034001","23223034002","23223034003","23223034004","23223034005","23223034006","23223034007","23223034008","23223034009"],"lx":136.948581,"ly":35.00413},"geometry":{"type":"Polygon","coordinates":[[[136.93872,35.008711],[136.938724,35.008616],[136.93875,35.008496],[136.938781,35.008317],[136.938836,35.008108],[136.938918,35.007714],[136.939478,35.007896],[136.940056,35.008116],[136.940107,35.008026],[136.940397,35.007426],[136.940416,35.00739],[136.94036,35.007267],[136.940373,35.007221],[136.940505,35.007117],[136.94048,35.00682],[136.940918,35.007072],[136.941051,35.007149],[136.94131,35.007265],[136.94161,35.007036],[136.941636,35.007016],[136.941967,35.006792],[136.942203,35.006661],[136.94247,35.006535],[136.942786,35.006397],[136.942983,35.006358],[136.943472,35.006362],[136.943741,35.006342],[136.943921,35.00631],[136.944199,35.006303],[136.944501,35.006309],[136.943799,35.005991],[136.943798,35.005576],[136.943794,35.0039],[136.943794,35.003855],[136.943791,35.002709],[136.943785,35.002255],[136.943815,35.001047],[136.943816,35.001015],[136.943843,35.000011],[136.943867,34.999129],[136.943862,34.996203],[136.943861,34.995542],[136.943862,34.99542],[136.943868,34.995061],[136.94389,34.993614],[136.943925,34.993476],[136.943962,34.993309],[136.944018,34.993005],[136.944077,34.992749],[136.944092,34.992708],[136.944138,34.992598],[136.944152,34.992461],[136.944181,34.992138],[136.944216,34.992016],[136.944248,34.991926],[136.944231,34.99183],[136.944634,34.991839],[136.945448,34.991945],[136.94553,34.991925],[136.945605,34.991881],[136.945705,34.991804],[136.945841,34.991723],[136.946452,34.992114],[136.946625,34.992236],[136.946883,34.992437],[136.946986,34.992567],[136.947128,34.992854],[136.947207,34.993119],[136.947238,34.993311],[136.947146,34.993515],[136.947103,34.993624],[136.946994,34.993715],[136.946814,34.993782],[136.946351,34.993737],[136.946268,34.993734],[136.946154,34.993754],[136.946109,34.993917],[136.946122,34.993962],[136.946179,34.994008],[136.946452,34.994122],[136.94651,34.994152],[136.946598,34.994247],[136.946646,34.994288],[136.94669,34.994306],[136.946741,34.994304],[136.946805,34.994282],[136.946886,34.994279],[136.946979,34.994287],[136.947086,34.994335],[136.947154,34.994382],[136.947252,34.994492],[136.9473,34.994578],[136.947355,34.99473],[136.94739,34.994824],[136.94742,34.99497],[136.947436,34.995174],[136.94739,34.995536],[136.947405,34.995626],[136.947446,34.995715],[136.947498,34.995782],[136.947601,34.995829],[136.947648,34.995872],[136.947698,34.995971],[136.947709,34.996041],[136.947724,34.996194],[136.947732,34.996297],[136.947788,34.996385],[136.947838,34.996433],[136.947924,34.996462],[136.948008,34.996518],[136.948075,34.996614],[136.948158,34.996796],[136.948216,34.997091],[136.948257,34.997263],[136.948422,34.997545],[136.948494,34.997635],[136.948604,34.997758],[136.948964,34.998101],[136.949057,34.998173],[136.949278,34.998295],[136.949396,34.998417],[136.94945,34.998496],[136.949568,34.998648],[136.949713,34.998787],[136.949792,34.998892],[136.949888,34.999064],[136.949943,34.999171],[136.949964,34.999222],[136.950123,34.999161],[136.950141,34.999169],[136.950179,34.999242],[136.950215,34.999313],[136.950221,34.999324],[136.95016,34.999339],[136.950042,34.999369],[136.950029,34.999367],[136.950051,34.999391],[136.950353,34.999712],[136.950758,35.00005],[136.951,35.00015],[136.951106,35.000085],[136.951076,34.99997],[136.951041,34.999849],[136.951002,34.999681],[136.950883,34.999656],[136.950729,34.999618],[136.950602,34.999583],[136.950605,34.999524],[136.950575,34.999445],[136.950487,34.999381],[136.950398,34.999273],[136.950396,34.999229],[136.950412,34.99918],[136.950445,34.999147],[136.950531,34.999104],[136.950458,34.999007],[136.95042,34.998955],[136.950314,34.998808],[136.950284,34.998805],[136.950159,34.998759],[136.949834,34.998349],[136.950316,34.998022],[136.950287,34.997913],[136.950492,34.997677],[136.951369,34.99667],[136.95164,34.996535],[136.951865,34.996424],[136.952142,34.996592],[136.952224,34.996627],[136.952249,34.996636],[136.952769,34.996997],[136.953015,34.997155],[136.953097,34.997212],[136.953151,34.997313],[136.953247,34.99746],[136.953835,34.997765],[136.953958,34.997766],[136.954054,34.997766],[136.954137,34.997806],[136.954779,34.998113],[136.955038,34.998594],[136.955086,34.998682],[136.955212,34.998916],[136.955275,34.99901],[136.955377,34.99912],[136.95545,34.999197],[136.955489,34.999225],[136.955534,34.999259],[136.955651,34.999325],[136.955798,34.999383],[136.955912,34.999423],[136.955978,34.999446],[136.955996,34.999454],[136.956208,34.999546],[136.956429,34.999652],[136.956654,34.99977],[136.956761,34.999825],[136.956883,34.999878],[136.957047,34.999981],[136.957212,35.000078],[136.957329,35.000183],[136.957448,35.000351],[136.95754,35.00044],[136.957654,35.000507],[136.957798,35.000569],[136.957875,35.000567],[136.957997,35.000551],[136.958108,35.000548],[136.958212,35.000634],[136.958316,35.000735],[136.958337,35.000755],[136.958367,35.000784],[136.958468,35.000726],[136.958684,35.000966],[136.958538,35.001175],[136.95864,35.001668],[136.958528,35.001679],[136.958206,35.00176],[136.957906,35.001852],[136.957518,35.001964],[136.957234,35.002111],[136.956985,35.002242],[136.956635,35.002435],[136.955841,35.002838],[136.95567,35.002927],[136.955316,35.003154],[136.955008,35.003435],[136.954885,35.003553],[136.954744,35.003763],[136.954642,35.003935],[136.95449,35.004169],[136.954164,35.004706],[136.954141,35.00475],[136.953917,35.005175],[136.953778,35.005438],[136.95367,35.005612],[136.953456,35.005899],[136.953123,35.006242],[136.952832,35.006481],[136.952604,35.00665],[136.952302,35.006907],[136.952136,35.007088],[136.951915,35.00737],[136.951669,35.007757],[136.951346,35.008212],[136.951342,35.008218],[136.951095,35.008464],[136.950652,35.008806],[136.95034,35.008989],[136.950135,35.009095],[136.950045,35.009146],[136.949801,35.009242],[136.949405,35.009384],[136.94899,35.009527],[136.948543,35.009692],[136.948494,35.009711],[136.948303,35.009767],[136.948148,35.009798],[136.948115,35.009802],[136.947939,35.009824],[136.947926,35.009825],[136.947856,35.009829],[136.947731,35.00983],[136.947527,35.009801],[136.947121,35.009706],[136.946175,35.009461],[136.945409,35.009305],[136.945281,35.00928],[136.944984,35.009221],[136.944592,35.009142],[136.944358,35.009088],[136.944228,35.009051],[136.944149,35.009013],[136.944076,35.008958],[136.943821,35.008744],[136.943707,35.008654],[136.943596,35.008583],[136.943483,35.008524],[136.943335,35.008469],[136.943222,35.008439],[136.943089,35.008414],[136.94292,35.008399],[136.942567,35.0084],[136.94223,35.00841],[136.941967,35.008458],[136.941625,35.008477],[136.941494,35.008731],[136.941365,35.008931],[136.941216,35.009179],[136.941145,35.009263],[136.941036,35.00937],[136.940895,35.009452],[136.940815,35.009476],[136.94075,35.009487],[136.940669,35.009499],[136.940587,35.009492],[136.940478,35.009491],[136.940351,35.009466],[136.940126,35.009419],[136.939734,35.009285],[136.939324,35.009141],[136.93917,35.009083],[136.938946,35.009024],[136.938866,35.008991],[136.93883,35.008971],[136.938793,35.00893],[136.938761,35.008856],[136.938729,35.008788],[136.93872,35.008711]]]}},{"type":"Feature","properties":{"name":"江端町","city":"大府市","code":"223","setai":1306,"jinko":3110,"n":6,"towns":["23223019001","23223019002","23223019003","23223019004","23223019005","23223019006"],"lx":136.956779,"ly":35.010857},"geometry":{"type":"Polygon","coordinates":[[[136.947343,35.011041],[136.947394,35.010973],[136.947453,35.010803],[136.947455,35.010798],[136.947574,35.010815],[136.947628,35.010667],[136.947688,35.010589],[136.947738,35.010525],[136.947793,35.010449],[136.947848,35.010351],[136.94776,35.010243],[136.947971,35.010282],[136.948098,35.009863],[136.948115,35.009802],[136.948148,35.009798],[136.948303,35.009767],[136.948494,35.009711],[136.948543,35.009692],[136.94899,35.009527],[136.949405,35.009384],[136.949801,35.009242],[136.950045,35.009146],[136.950135,35.009095],[136.95034,35.008989],[136.950652,35.008806],[136.951095,35.008464],[136.951342,35.008218],[136.951579,35.008393],[136.951733,35.008479],[136.952325,35.008811],[136.952715,35.008288],[136.953346,35.007721],[136.9534,35.007678],[136.953605,35.007513],[136.953735,35.007425],[136.953831,35.007372],[136.953981,35.007305],[136.95419,35.007237],[136.954356,35.007192],[136.95441,35.007177],[136.954596,35.007151],[136.954612,35.007148],[136.954819,35.00713],[136.955003,35.007138],[136.955061,35.007141],[136.955568,35.007195],[136.955875,35.007247],[136.956185,35.007294],[136.956287,35.007312],[136.957556,35.007536],[136.95761,35.007545],[136.958753,35.007739],[136.958973,35.00779],[136.959014,35.0078],[136.959028,35.007803],[136.959962,35.008022],[136.96041,35.008221],[136.960489,35.008236],[136.96059,35.008234],[136.960809,35.008291],[136.961581,35.008596],[136.960766,35.010268],[136.96089,35.010301],[136.960319,35.011406],[136.960135,35.011771],[136.958992,35.014026],[136.958903,35.014041],[136.95882,35.014056],[136.957322,35.014311],[136.956765,35.01444],[136.95598,35.01418],[136.955116,35.013893],[136.953436,35.013346],[136.952642,35.01311],[136.952618,35.013103],[136.951796,35.012833],[136.951263,35.012657],[136.951171,35.012627],[136.951144,35.012618],[136.950352,35.012349],[136.950031,35.01233],[136.949922,35.012321],[136.949776,35.012318],[136.949608,35.012323],[136.949325,35.012344],[136.949311,35.012345],[136.948594,35.012415],[136.948469,35.012418],[136.948347,35.012399],[136.948263,35.012367],[136.948074,35.01217],[136.947973,35.011996],[136.94788,35.01178],[136.947678,35.011276],[136.947624,35.011175],[136.947459,35.011077],[136.947343,35.011041]]]}},{"type":"Feature","properties":{"name":"月見町","city":"大府市","code":"223","setai":1213,"jinko":2715,"n":6,"towns":["23223020001","23223020002","23223020003","23223020004","23223020005","23223020006"],"lx":136.958396,"ly":35.004756},"geometry":{"type":"Polygon","coordinates":[[[136.951342,35.008218],[136.951346,35.008212],[136.951669,35.007757],[136.951915,35.00737],[136.952136,35.007088],[136.952302,35.006907],[136.952604,35.00665],[136.952832,35.006481],[136.953123,35.006242],[136.953456,35.005899],[136.95367,35.005612],[136.953778,35.005438],[136.953917,35.005175],[136.954141,35.00475],[136.954164,35.004706],[136.95449,35.004169],[136.954642,35.003935],[136.954744,35.003763],[136.954885,35.003553],[136.955008,35.003435],[136.955316,35.003154],[136.95567,35.002927],[136.955841,35.002838],[136.956635,35.002435],[136.956985,35.002242],[136.957234,35.002111],[136.957518,35.001964],[136.957906,35.001852],[136.958206,35.00176],[136.958528,35.001679],[136.95864,35.001668],[136.95869,35.001663],[136.958865,35.001679],[136.959034,35.001702],[136.959214,35.00174],[136.95933,35.001789],[136.959483,35.001865],[136.959656,35.001997],[136.959829,35.002159],[136.959952,35.002283],[136.960084,35.002412],[136.960305,35.002595],[136.960317,35.002603],[136.960374,35.00264],[136.960414,35.002677],[136.960533,35.002769],[136.960692,35.002851],[136.960821,35.002925],[136.961334,35.003175],[136.961665,35.003288],[136.961859,35.003338],[136.961998,35.003364],[136.962098,35.003365],[136.962413,35.003329],[136.962753,35.003255],[136.962949,35.003214],[136.963245,35.003189],[136.963505,35.003111],[136.963864,35.002954],[136.964016,35.00283],[136.964217,35.002678],[136.964364,35.00253],[136.964533,35.002366],[136.96469,35.002225],[136.964941,35.002067],[136.965122,35.001981],[136.965379,35.001893],[136.965632,35.001826],[136.965915,35.001787],[136.966239,35.001747],[136.966432,35.001703],[136.966637,35.001607],[136.966665,35.001593],[136.967028,35.002144],[136.967234,35.002455],[136.967267,35.002498],[136.966557,35.002812],[136.966137,35.003071],[136.965911,35.003233],[136.965725,35.003377],[136.965613,35.003463],[136.965229,35.003795],[136.964926,35.004083],[136.964109,35.00508],[136.963526,35.005767],[136.963495,35.005813],[136.963448,35.005883],[136.963065,35.006471],[136.962383,35.007516],[136.962237,35.007766],[136.962171,35.00788],[136.961716,35.008649],[136.961581,35.008596],[136.960809,35.008291],[136.96059,35.008234],[136.960489,35.008236],[136.96041,35.008221],[136.959962,35.008022],[136.959028,35.007803],[136.959014,35.0078],[136.958973,35.00779],[136.958753,35.007739],[136.95761,35.007545],[136.957556,35.007536],[136.956287,35.007312],[136.956185,35.007294],[136.955875,35.007247],[136.955568,35.007195],[136.955061,35.007141],[136.955003,35.007138],[136.954819,35.00713],[136.954612,35.007148],[136.954596,35.007151],[136.95441,35.007177],[136.954356,35.007192],[136.95419,35.007237],[136.953981,35.007305],[136.953831,35.007372],[136.953735,35.007425],[136.953605,35.007513],[136.9534,35.007678],[136.953346,35.007721],[136.952715,35.008288],[136.952325,35.008811],[136.951733,35.008479],[136.951579,35.008393],[136.951342,35.008218]]]}},{"type":"Feature","properties":{"name":"高丘町","city":"大府市","code":"223","setai":226,"jinko":584,"n":4,"towns":["23223021000","23223021001","23223021002","23223021003"],"lx":136.933112,"ly":34.995675},"geometry":{"type":"Polygon","coordinates":[[[136.92929,34.996931],[136.929292,34.996681],[136.929313,34.996397],[136.929393,34.996119],[136.929625,34.995519],[136.929824,34.994979],[136.929998,34.994406],[136.930031,34.993841],[136.92998,34.993315],[136.929972,34.993244],[136.929703,34.99239],[136.929424,34.99157],[136.929385,34.99145],[136.930046,34.991418],[136.930568,34.991309],[136.930873,34.991209],[136.931593,34.990846],[136.932399,34.990452],[136.932527,34.990597],[136.932759,34.990805],[136.933053,34.991046],[136.933367,34.991306],[136.933661,34.991551],[136.933988,34.991839],[136.934194,34.992033],[136.934363,34.992223],[136.934499,34.992367],[136.934625,34.992525],[136.934786,34.99269],[136.934939,34.992856],[136.935087,34.992966],[136.935376,34.993157],[136.935612,34.993447],[136.935948,34.993608],[136.936073,34.99366],[136.936156,34.993711],[136.936242,34.99378],[136.936317,34.993892],[136.936402,34.994097],[136.936498,34.994318],[136.936581,34.994487],[136.936707,34.994614],[136.936812,34.994701],[136.936939,34.994799],[136.937051,34.994903],[136.937155,34.995009],[136.937671,34.995704],[136.937603,34.995778],[136.937566,34.995827],[136.937544,34.995893],[136.937536,34.995993],[136.937568,34.996117],[136.937626,34.99626],[136.93769,34.99645],[136.937766,34.996669],[136.937741,34.996711],[136.937668,34.996809],[136.937616,34.996892],[136.937614,34.996894],[136.937562,34.99696],[136.937563,34.997025],[136.937583,34.997084],[136.937667,34.997298],[136.937906,34.997882],[136.937624,34.997938],[136.937449,34.997986],[136.937244,34.998018],[136.937176,34.99802],[136.937112,34.998019],[136.936828,34.997906],[136.936749,34.997878],[136.936667,34.99786],[136.936544,34.997892],[136.936388,34.997948],[136.936187,34.998017],[136.935973,34.998083],[136.935743,34.998147],[136.935513,34.998239],[136.935229,34.998365],[136.935072,34.998445],[136.934878,34.998543],[136.934618,34.998665],[136.934325,34.998825],[136.934108,34.998943],[136.933973,34.999015],[136.933964,34.999021],[136.933885,34.99908],[136.933732,34.99918],[136.933503,34.999335],[136.933203,34.999518],[136.932944,34.999596],[136.931704,34.999827],[136.931589,34.999849],[136.930414,35.00001],[136.930124,34.999311],[136.929867,34.998644],[136.929714,34.998245],[136.929414,34.99756],[136.92929,34.996931]]]}},{"type":"Feature","properties":{"name":"大東町","city":"大府市","code":"223","setai":811,"jinko":1801,"n":4,"towns":["23223022001","23223022002","23223022003","23223022004"],"lx":136.97351,"ly":35.007916},"geometry":{"type":"Polygon","coordinates":[[[136.968327,35.008635],[136.969523,35.007556],[136.970591,35.006635],[136.970612,35.006617],[136.971235,35.006081],[136.971206,35.006042],[136.971241,35.006012],[136.972334,35.00501],[136.975064,35.002581],[136.97566,35.002091],[136.975434,35.001891],[136.975412,35.001843],[136.975413,35.001811],[136.975421,35.001771],[136.975443,35.001733],[136.975507,35.001615],[136.975528,35.001615],[136.975847,35.00161],[136.97606,35.001591],[136.976213,35.001577],[136.976564,35.001563],[136.976809,35.001573],[136.977053,35.001589],[136.977176,35.001602],[136.97741,35.001606],[136.97754,35.001616],[136.977594,35.001623],[136.977645,35.001623],[136.977805,35.001625],[136.978071,35.001607],[136.978579,35.001525],[136.978946,35.001467],[136.979417,35.00132],[136.979934,35.001151],[136.980226,35.001058],[136.980352,35.001009],[136.980759,35.000885],[136.981156,35.000753],[136.981071,35.001003],[136.981003,35.001214],[136.980974,35.001308],[136.980955,35.001424],[136.980936,35.001541],[136.980934,35.001611],[136.980917,35.001914],[136.980917,35.002086],[136.980916,35.00229],[136.980915,35.00244],[136.980915,35.002455],[136.980996,35.002853],[136.981068,35.003146],[136.981145,35.003326],[136.980142,35.004574],[136.979959,35.004679],[136.979934,35.004693],[136.979842,35.004764],[136.979558,35.004994],[136.979098,35.005373],[136.978216,35.006124],[136.978159,35.006172],[136.977386,35.006824],[136.977279,35.006885],[136.976999,35.007127],[136.976923,35.007199],[136.976869,35.00728],[136.976803,35.007414],[136.976745,35.00755],[136.976437,35.008417],[136.976065,35.009443],[136.975956,35.009754],[136.975892,35.009937],[136.975846,35.010077],[136.975797,35.010258],[136.975772,35.010358],[136.975756,35.010441],[136.975728,35.010742],[136.975694,35.011097],[136.975638,35.011093],[136.974586,35.010971],[136.974578,35.01097],[136.974374,35.010948],[136.974242,35.010933],[136.974115,35.010917],[136.972549,35.010754],[136.972251,35.010718],[136.9722,35.010707],[136.97206,35.010679],[136.971759,35.01061],[136.971462,35.010505],[136.971239,35.010414],[136.971237,35.010415],[136.969909,35.009781],[136.969589,35.009628],[136.969529,35.009598],[136.969522,35.009647],[136.969247,35.00947],[136.969193,35.009428],[136.969137,35.009385],[136.96898,35.009239],[136.968634,35.008919],[136.968327,35.008635]]]}},{"type":"Feature","properties":{"name":"明成町","city":"大府市","code":"223","setai":539,"jinko":1425,"n":4,"towns":["23223023001","23223023002","23223023003","23223023004"],"lx":136.949572,"ly":35.027659},"geometry":{"type":"Polygon","coordinates":[[[136.944698,35.029159],[136.944711,35.029142],[136.945454,35.028193],[136.945502,35.028131],[136.946038,35.027439],[136.946074,35.027398],[136.946219,35.027218],[136.946351,35.027052],[136.947511,35.025598],[136.947607,35.02546],[136.948162,35.024774],[136.94816,35.024773],[136.948218,35.024702],[136.948187,35.024616],[136.948055,35.024252],[136.948006,35.024224],[136.947951,35.024084],[136.947954,35.024081],[136.947874,35.023932],[136.947189,35.022261],[136.947136,35.022029],[136.947092,35.02181],[136.946995,35.021287],[136.946935,35.021114],[136.946963,35.021114],[136.947256,35.021125],[136.947403,35.02114],[136.947576,35.021159],[136.947812,35.0212],[136.948064,35.021225],[136.948287,35.021195],[136.948424,35.021125],[136.948438,35.021113],[136.948578,35.020992],[136.948734,35.020718],[136.948811,35.020696],[136.949779,35.02043],[136.950073,35.020346],[136.950341,35.020353],[136.952742,35.020418],[136.952816,35.020419],[136.952788,35.021193],[136.952787,35.021219],[136.952707,35.023389],[136.952697,35.023389],[136.952641,35.025521],[136.952632,35.025698],[136.95248,35.027859],[136.95248,35.027867],[136.95235,35.028555],[136.952345,35.028581],[136.952271,35.030356],[136.952271,35.030521],[136.95146,35.030201],[136.951281,35.03038],[136.951093,35.030517],[136.950887,35.030596],[136.95064,35.030661],[136.950353,35.030786],[136.949982,35.030952],[136.949868,35.031003],[136.949669,35.030554],[136.949613,35.03063],[136.949344,35.03096],[136.948711,35.0314],[136.948698,35.031409],[136.948277,35.031146],[136.948185,35.031088],[136.94775,35.030817],[136.947423,35.030603],[136.946935,35.030284],[136.946926,35.030278],[136.946318,35.029941],[136.944698,35.029159]]]}},{"type":"Feature","properties":{"name":"若草町","city":"大府市","code":"223","setai":1932,"jinko":4541,"n":4,"towns":["23223024001","23223024002","23223024003","23223024004"],"lx":136.969633,"ly":35.012375},"geometry":{"type":"Polygon","coordinates":[[[136.965669,35.011077],[136.96627,35.010511],[136.9668,35.010012],[136.967935,35.008988],[136.968281,35.008676],[136.968327,35.008635],[136.968634,35.008919],[136.96898,35.009239],[136.969137,35.009385],[136.969193,35.009428],[136.969247,35.00947],[136.969522,35.009647],[136.969529,35.009598],[136.969589,35.009628],[136.969909,35.009781],[136.971237,35.010415],[136.971239,35.010414],[136.971462,35.010505],[136.971759,35.01061],[136.97206,35.010679],[136.9722,35.010707],[136.972251,35.010718],[136.972549,35.010754],[136.974115,35.010917],[136.974103,35.011448],[136.974103,35.011461],[136.974074,35.012054],[136.974069,35.012082],[136.973922,35.012906],[136.97392,35.012956],[136.973919,35.012977],[136.973915,35.013078],[136.973897,35.013533],[136.973599,35.013753],[136.973187,35.014101],[136.972874,35.01437],[136.972861,35.014381],[136.972763,35.01466],[136.972239,35.014461],[136.972237,35.01446],[136.971509,35.014185],[136.971266,35.014214],[136.971542,35.01479],[136.971542,35.015093],[136.97155,35.015527],[136.971564,35.01588],[136.971546,35.016009],[136.971429,35.016185],[136.971518,35.016179],[136.971882,35.016153],[136.971926,35.01615],[136.972279,35.016168],[136.972289,35.016308],[136.972293,35.016388],[136.972304,35.016488],[136.972325,35.01657],[136.972382,35.016697],[136.9724,35.016788],[136.972407,35.016816],[136.972446,35.016988],[136.972459,35.017127],[136.972469,35.017236],[136.97248,35.017345],[136.97249,35.01748],[136.972493,35.017523],[136.972186,35.017858],[136.972135,35.017945],[136.972117,35.017977],[136.971815,35.017951],[136.971452,35.017986],[136.971006,35.018072],[136.970747,35.018122],[136.970393,35.018182],[136.9699,35.018256],[136.969674,35.018301],[136.969429,35.018351],[136.969274,35.018389],[136.969099,35.018453],[136.968997,35.018489],[136.968949,35.018511],[136.968919,35.018525],[136.968918,35.018526],[136.96887,35.018543],[136.968488,35.018681],[136.96836,35.018739],[136.968132,35.018832],[136.968112,35.01833],[136.968099,35.01805],[136.968091,35.017885],[136.968083,35.017681],[136.96808,35.017483],[136.968077,35.017245],[136.968046,35.016636],[136.968045,35.016612],[136.968025,35.016232],[136.968015,35.015958],[136.967678,35.014483],[136.967659,35.014407],[136.967637,35.014329],[136.9676,35.014202],[136.967463,35.013577],[136.967409,35.013441],[136.967298,35.01316],[136.967287,35.01313],[136.967134,35.012835],[136.967129,35.012826],[136.967086,35.012752],[136.96685,35.012474],[136.966356,35.011868],[136.966255,35.011751],[136.965669,35.011077]]]}},{"type":"Feature","properties":{"name":"桜木町","city":"大府市","code":"223","setai":540,"jinko":1357,"n":5,"towns":["23223025001","23223025002","23223025003","23223025004","23223025005"],"lx":136.920061,"ly":34.984572},"geometry":{"type":"Polygon","coordinates":[[[136.914624,34.982298],[136.914708,34.981825],[136.914857,34.98171],[136.915116,34.9816],[136.91526,34.981568],[136.915416,34.981519],[136.915576,34.981489],[136.915723,34.981488],[136.915917,34.981488],[136.91604,34.981486],[136.916046,34.981486],[136.916136,34.981491],[136.916251,34.981486],[136.916395,34.981493],[136.916642,34.981499],[136.916775,34.981497],[136.91689,34.981502],[136.917045,34.98148],[136.917186,34.981457],[136.91732,34.981437],[136.917389,34.981435],[136.917496,34.981431],[136.917659,34.981471],[136.917967,34.981547],[136.918025,34.981567],[136.918254,34.981671],[136.918328,34.9817],[136.918506,34.981782],[136.918512,34.981792],[136.918677,34.982047],[136.918755,34.982187],[136.918825,34.982196],[136.91892,34.982014],[136.919045,34.981772],[136.919648,34.981896],[136.919726,34.981648],[136.919174,34.981531],[136.919357,34.981187],[136.919394,34.981092],[136.919449,34.980999],[136.919561,34.980807],[136.919682,34.980747],[136.919709,34.980723],[136.919741,34.980635],[136.919814,34.980437],[136.919854,34.980279],[136.919885,34.980151],[136.919958,34.979846],[136.920087,34.979543],[136.920154,34.979427],[136.920322,34.979197],[136.920407,34.979147],[136.920485,34.979108],[136.920673,34.978997],[136.92079,34.978946],[136.921031,34.978851],[136.921184,34.978796],[136.921233,34.978784],[136.921446,34.97873],[136.92152,34.978661],[136.921705,34.978488],[136.921949,34.97826],[136.922029,34.978185],[136.922269,34.977852],[136.922301,34.977808],[136.922401,34.97767],[136.922445,34.977608],[136.922458,34.977591],[136.922563,34.977473],[136.922601,34.977436],[136.922737,34.977262],[136.922789,34.977189],[136.922858,34.977097],[136.92299,34.976945],[136.923078,34.976821],[136.923188,34.976665],[136.923293,34.976515],[136.923411,34.97631],[136.923499,34.976105],[136.923507,34.976078],[136.923527,34.976005],[136.923551,34.975929],[136.924572,34.976725],[136.924533,34.976848],[136.924557,34.976873],[136.924617,34.976933],[136.924714,34.977024],[136.924833,34.9769],[136.924908,34.976935],[136.925078,34.977029],[136.925062,34.9771],[136.925133,34.977172],[136.925101,34.977306],[136.925257,34.977586],[136.924366,34.97981],[136.923913,34.980863],[136.923613,34.981629],[136.92317,34.982848],[136.922829,34.984277],[136.922824,34.984302],[136.922724,34.984861],[136.922562,34.985973],[136.922465,34.986692],[136.922416,34.98795],[136.922467,34.988503],[136.922503,34.989012],[136.92259,34.989733],[136.922737,34.990378],[136.922913,34.991237],[136.923051,34.991794],[136.92229,34.992055],[136.921708,34.992251],[136.9214,34.992323],[136.921067,34.992411],[136.920915,34.992493],[136.920664,34.992636],[136.920503,34.99274],[136.920091,34.992895],[136.919782,34.992965],[136.919515,34.993022],[136.919213,34.993091],[136.918929,34.993152],[136.918671,34.993219],[136.918288,34.993147],[136.918187,34.993131],[136.91801,34.993166],[136.917912,34.993187],[136.918065,34.993439],[136.917135,34.993831],[136.917155,34.993356],[136.917148,34.99332],[136.917144,34.993209],[136.917137,34.993004],[136.917136,34.992756],[136.917184,34.991783],[136.917178,34.991572],[136.917101,34.991038],[136.917159,34.990916],[136.917217,34.990783],[136.91729,34.990611],[136.917421,34.99025],[136.917445,34.990166],[136.917503,34.990159],[136.917398,34.989349],[136.917398,34.989342],[136.917377,34.988995],[136.917366,34.988807],[136.917464,34.988514],[136.917553,34.9882],[136.917603,34.988047],[136.917672,34.987908],[136.917678,34.987894],[136.917724,34.987792],[136.917788,34.987622],[136.917827,34.987544],[136.917831,34.987534],[136.917921,34.987308],[136.917998,34.987081],[136.918001,34.986994],[136.918012,34.986757],[136.917984,34.986524],[136.917953,34.986297],[136.917939,34.986222],[136.917863,34.986102],[136.917755,34.985943],[136.91775,34.985935],[136.917629,34.985749],[136.917544,34.985647],[136.917533,34.985635],[136.917528,34.98563],[136.917484,34.985582],[136.917431,34.985542],[136.917382,34.985504],[136.917282,34.985419],[136.917171,34.985325],[136.917069,34.985241],[136.916917,34.985102],[136.916861,34.985051],[136.916851,34.98504],[136.9168,34.984962],[136.916703,34.984778],[136.91664,34.984675],[136.916453,34.984],[136.91616,34.983754],[136.916019,34.983642],[136.915843,34.983505],[136.91566,34.983345],[136.915566,34.983247],[136.915503,34.983188],[136.915347,34.983043],[136.915047,34.982705],[136.914965,34.982614],[136.914624,34.982298]]]}},{"type":"Feature","properties":{"name":"米田町","city":"大府市","code":"223","setai":247,"jinko":703,"n":3,"towns":["23223026001","23223026002","23223026003"],"lx":136.92633,"ly":34.987436},"geometry":{"type":"Polygon","coordinates":[[[136.922416,34.98795],[136.922465,34.986692],[136.922562,34.985973],[136.922724,34.984861],[136.922824,34.984302],[136.922829,34.984277],[136.92317,34.982848],[136.923613,34.981629],[136.923913,34.980863],[136.924366,34.97981],[136.925257,34.977586],[136.925284,34.977634],[136.926783,34.980318],[136.927001,34.980736],[136.92714,34.981007],[136.927232,34.981173],[136.927392,34.981477],[136.927468,34.98162],[136.927969,34.982115],[136.92805,34.982194],[136.928301,34.981979],[136.928545,34.982168],[136.928649,34.982239],[136.92878,34.982356],[136.928887,34.982543],[136.928934,34.982708],[136.928978,34.982853],[136.92902,34.982989],[136.929072,34.983192],[136.929089,34.983252],[136.929107,34.983292],[136.929142,34.983337],[136.929194,34.983371],[136.929335,34.983385],[136.929655,34.983405],[136.929675,34.9835],[136.929709,34.983587],[136.929858,34.983692],[136.929925,34.983729],[136.930222,34.984771],[136.930219,34.98493],[136.930203,34.985669],[136.930161,34.986149],[136.930147,34.986477],[136.930149,34.986689],[136.93016,34.986738],[136.930289,34.98692],[136.930562,34.987257],[136.930675,34.987474],[136.930756,34.987737],[136.9308,34.987884],[136.930851,34.988021],[136.930934,34.988153],[136.931035,34.988304],[136.931137,34.988451],[136.931212,34.988579],[136.931286,34.988781],[136.931339,34.988953],[136.931382,34.989079],[136.931438,34.989179],[136.931533,34.989279],[136.931683,34.989415],[136.931867,34.989581],[136.93202,34.989773],[136.932178,34.989975],[136.932285,34.990154],[136.932399,34.990452],[136.931593,34.990846],[136.930873,34.991209],[136.930568,34.991309],[136.930046,34.991418],[136.929385,34.99145],[136.929206,34.991436],[136.927978,34.991391],[136.926883,34.991354],[136.92677,34.991345],[136.925477,34.9913],[136.924973,34.991305],[136.924596,34.991357],[136.924216,34.991442],[136.924055,34.99149],[136.923051,34.991794],[136.922913,34.991237],[136.922737,34.990378],[136.92259,34.989733],[136.922503,34.989012],[136.922467,34.988503],[136.922416,34.98795]]]}},{"type":"Feature","properties":{"name":"吉川町","city":"大府市","code":"223","setai":1136,"jinko":2925,"n":7,"towns":["23223027001","23223027002","23223027003","23223027004","23223027005","23223027006","23223027007"],"lx":136.923119,"ly":35.001762},"geometry":{"type":"Polygon","coordinates":[[[136.91765,35.001647],[136.9177,35.001529],[136.917834,35.00135],[136.917858,35.001317],[136.917838,35.001198],[136.917941,35.001031],[136.919793,34.998534],[136.919837,34.998475],[136.92014,34.998035],[136.920273,34.99775],[136.920308,34.997468],[136.920344,34.99747],[136.920397,34.997473],[136.920541,34.997625],[136.920643,34.997769],[136.92074,34.997911],[136.920807,34.997969],[136.920914,34.997997],[136.921033,34.998043],[136.921116,34.998088],[136.921279,34.998215],[136.921449,34.998353],[136.921612,34.998535],[136.921699,34.998586],[136.921777,34.99861],[136.921804,34.998607],[136.921893,34.998597],[136.922037,34.99856],[136.922287,34.998496],[136.922433,34.998458],[136.922605,34.99846],[136.92286,34.998415],[136.923055,34.998369],[136.923329,34.998342],[136.923411,34.998358],[136.923694,34.99847],[136.923912,34.998471],[136.924173,34.998468],[136.924322,34.998495],[136.924512,34.998528],[136.924514,34.998528],[136.925,34.998623],[136.925222,34.998671],[136.926203,34.998053],[136.92634,34.997883],[136.926444,34.997681],[136.926538,34.997463],[136.926611,34.997373],[136.92684,34.99726],[136.927141,34.997117],[136.927316,34.997035],[136.92728,34.996982],[136.927483,34.996889],[136.927791,34.996866],[136.928199,34.996827],[136.92867,34.996766],[136.929292,34.996681],[136.92929,34.996931],[136.929414,34.99756],[136.929714,34.998245],[136.929867,34.998644],[136.930124,34.999311],[136.930414,35.00001],[136.929979,35.000076],[136.928756,35.000251],[136.928749,35.000986],[136.928751,35.001346],[136.928751,35.001539],[136.928737,35.001719],[136.928647,35.002039],[136.928614,35.002199],[136.928581,35.002466],[136.928581,35.00255],[136.92858,35.003008],[136.928581,35.003171],[136.928607,35.003327],[136.928805,35.003588],[136.928903,35.003902],[136.929016,35.004325],[136.929095,35.004617],[136.929159,35.004916],[136.929234,35.005217],[136.928387,35.00521],[136.928121,35.005208],[136.926596,35.00517],[136.925226,35.005152],[136.923199,35.005106],[136.92314,35.005105],[136.922613,35.005089],[136.922503,35.005086],[136.921857,35.005088],[136.921489,35.0051],[136.921162,35.005123],[136.920978,35.005145],[136.920887,35.005155],[136.920772,35.005171],[136.920632,35.00519],[136.920474,35.005217],[136.920233,35.005271],[136.920012,35.005324],[136.919828,35.005374],[136.919112,35.005569],[136.918833,35.005644],[136.918825,35.00562],[136.918781,35.005498],[136.918706,35.005246],[136.918693,35.005182],[136.918574,35.004815],[136.918461,35.004572],[136.918443,35.004544],[136.918385,35.00445],[136.918315,35.004315],[136.918196,35.00397],[136.918138,35.003643],[136.918244,35.003348],[136.918266,35.00327],[136.918295,35.003027],[136.918287,35.002848],[136.918259,35.002737],[136.918145,35.002517],[136.918022,35.002358],[136.917958,35.002364],[136.917922,35.002274],[136.917739,35.001906],[136.91767,35.001745],[136.91765,35.001647]]]}},{"type":"Feature","properties":{"name":"馬池町","city":"大府市","code":"223","setai":55,"jinko":149,"n":5,"towns":["23223028001","23223028002","23223028003","23223028004","23223028005"],"lx":136.924137,"ly":34.995027},"geometry":{"type":"Polygon","coordinates":[[[136.917129,34.99437],[136.91713,34.993961],[136.917135,34.993831],[136.918065,34.993439],[136.917912,34.993187],[136.91801,34.993166],[136.918187,34.993131],[136.918288,34.993147],[136.918671,34.993219],[136.918929,34.993152],[136.919213,34.993091],[136.919515,34.993022],[136.919782,34.992965],[136.920091,34.992895],[136.920503,34.99274],[136.920664,34.992636],[136.920915,34.992493],[136.921067,34.992411],[136.9214,34.992323],[136.921708,34.992251],[136.92229,34.992055],[136.923051,34.991794],[136.924055,34.99149],[136.924216,34.991442],[136.924596,34.991357],[136.924973,34.991305],[136.925477,34.9913],[136.92677,34.991345],[136.926883,34.991354],[136.927978,34.991391],[136.929206,34.991436],[136.929385,34.99145],[136.929424,34.99157],[136.929703,34.99239],[136.929972,34.993244],[136.92998,34.993315],[136.930031,34.993841],[136.929998,34.994406],[136.929824,34.994979],[136.929625,34.995519],[136.929393,34.996119],[136.929313,34.996397],[136.929292,34.996681],[136.92867,34.996766],[136.928199,34.996827],[136.927791,34.996866],[136.927483,34.996889],[136.92728,34.996982],[136.927316,34.997035],[136.927141,34.997117],[136.92684,34.99726],[136.926611,34.997373],[136.926538,34.997463],[136.926444,34.997681],[136.92634,34.997883],[136.926203,34.998053],[136.925222,34.998671],[136.925,34.998623],[136.924514,34.998528],[136.924512,34.998528],[136.924322,34.998495],[136.924173,34.998468],[136.923912,34.998471],[136.923694,34.99847],[136.923411,34.998358],[136.923329,34.998342],[136.923055,34.998369],[136.92286,34.998415],[136.922605,34.99846],[136.922433,34.998458],[136.922287,34.998496],[136.922037,34.99856],[136.921893,34.998597],[136.921804,34.998607],[136.921777,34.99861],[136.921699,34.998586],[136.921612,34.998535],[136.921449,34.998353],[136.921279,34.998215],[136.921116,34.998088],[136.921033,34.998043],[136.920914,34.997997],[136.920807,34.997969],[136.92074,34.997911],[136.920643,34.997769],[136.920541,34.997625],[136.920397,34.997473],[136.920344,34.99747],[136.920308,34.997468],[136.920273,34.99775],[136.92014,34.998035],[136.919837,34.998475],[136.919793,34.998534],[136.917941,35.001031],[136.917838,35.001198],[136.91783,35.001151],[136.91781,35.000986],[136.917819,35.000844],[136.917819,35.000695],[136.917609,35.000235],[136.917446,34.999809],[136.91763,34.999536],[136.917778,34.99931],[136.917824,34.999215],[136.917653,34.998684],[136.917333,34.997802],[136.917226,34.996659],[136.917296,34.996582],[136.91728,34.99624],[136.917273,34.996028],[136.917257,34.995778],[136.917206,34.995411],[136.917173,34.995132],[136.917129,34.994906],[136.917129,34.99437]]]}},{"type":"Feature","properties":{"name":"宮内町","city":"大府市","code":"223","setai":352,"jinko":897,"n":7,"towns":["23223030001","23223030002","23223030003","23223030004","23223030005","23223030006","23223030007"],"lx":136.928458,"ly":35.009222},"geometry":{"type":"Polygon","coordinates":[[[136.916245,35.009911],[136.916664,35.009808],[136.916803,35.009778],[136.91678,35.009721],[136.916781,35.009593],[136.916773,35.009529],[136.91677,35.009373],[136.916898,35.009122],[136.917416,35.008272],[136.917551,35.008113],[136.917766,35.007887],[136.918069,35.007514],[136.918261,35.007341],[136.918738,35.006963],[136.918848,35.006863],[136.91896,35.006597],[136.919004,35.006435],[136.919008,35.00631],[136.919003,35.00622],[136.918996,35.006103],[136.918956,35.005958],[136.918886,35.005809],[136.918833,35.005644],[136.919112,35.005569],[136.919828,35.005374],[136.920012,35.005324],[136.920233,35.005271],[136.920474,35.005217],[136.920632,35.00519],[136.920772,35.005171],[136.920887,35.005155],[136.920978,35.005145],[136.921162,35.005123],[136.921489,35.0051],[136.921857,35.005088],[136.922503,35.005086],[136.922613,35.005089],[136.92314,35.005105],[136.923199,35.005106],[136.925226,35.005152],[136.926596,35.00517],[136.928121,35.005208],[136.928387,35.00521],[136.929234,35.005217],[136.931993,35.005277],[136.932608,35.006305],[136.932848,35.006712],[136.932937,35.006898],[136.93296,35.006985],[136.933069,35.00757],[136.933123,35.007734],[136.933278,35.007957],[136.933493,35.0081],[136.933785,35.008206],[136.934066,35.00832],[136.93413,35.008375],[136.934183,35.00847],[136.934178,35.008578],[136.934163,35.008712],[136.934043,35.009215],[136.933921,35.009639],[136.935398,35.010512],[136.93471,35.011562],[136.934197,35.011357],[136.933937,35.011256],[136.932503,35.011864],[136.930231,35.012827],[136.928535,35.013545],[136.927802,35.013839],[136.927632,35.01391],[136.927604,35.013922],[136.927455,35.013982],[136.927001,35.014188],[136.926787,35.014272],[136.926707,35.014137],[136.925914,35.01283],[136.925873,35.012763],[136.924962,35.01119],[136.923889,35.011221],[136.923836,35.011223],[136.923792,35.011911],[136.923786,35.012006],[136.923757,35.012077],[136.923691,35.01211],[136.923424,35.012181],[136.923317,35.012194],[136.923235,35.012177],[136.923005,35.012008],[136.922677,35.011804],[136.922225,35.011532],[136.92212,35.011452],[136.921765,35.011107],[136.921684,35.010846],[136.921567,35.010824],[136.921493,35.010808],[136.92146,35.010779],[136.921439,35.0107],[136.921795,35.010339],[136.922015,35.010239],[136.922083,35.010196],[136.922101,35.010147],[136.922071,35.010017],[136.922054,35.009922],[136.92188,35.009917],[136.921597,35.009929],[136.921479,35.009932],[136.921479,35.009798],[136.92141,35.009593],[136.921273,35.009335],[136.921179,35.009169],[136.921052,35.008963],[136.920974,35.00901],[136.920768,35.009145],[136.920571,35.009212],[136.920555,35.009216],[136.920564,35.009209],[136.920423,35.009154],[136.919744,35.009453],[136.91967,35.009514],[136.919493,35.009673],[136.91945,35.009714],[136.919089,35.009579],[136.918974,35.009777],[136.918954,35.009831],[136.918871,35.009904],[136.918785,35.009974],[136.918681,35.010072],[136.918554,35.010192],[136.918291,35.010411],[136.917831,35.010749],[136.917749,35.010782],[136.917338,35.011025],[136.917205,35.011093],[136.917191,35.0111],[136.917078,35.01113],[136.916721,35.011218],[136.916589,35.010867],[136.916245,35.009911]]]}},{"type":"Feature","properties":{"name":"神田町","city":"大府市","code":"223","setai":607,"jinko":1595,"n":7,"towns":["23223032001","23223032002","23223032003","23223032004","23223032005","23223032006","23223032007"],"lx":136.987792,"ly":35.026845},"geometry":{"type":"Polygon","coordinates":[[[136.977504,35.029668],[136.979373,35.028449],[136.980405,35.02777],[136.980795,35.027527],[136.98303,35.026154],[136.983981,35.025506],[136.984189,35.025367],[136.984844,35.024933],[136.986561,35.023813],[136.986709,35.023721],[136.987397,35.023289],[136.98865,35.0225],[136.99064,35.025308],[136.990641,35.025309],[136.991165,35.026022],[136.991348,35.026272],[136.992473,35.027812],[136.991948,35.028166],[136.991608,35.028391],[136.991374,35.028544],[136.991113,35.028731],[136.991108,35.028735],[136.990849,35.028941],[136.990402,35.029218],[136.990074,35.029408],[136.989808,35.029554],[136.989438,35.029755],[136.988992,35.029923],[136.98863,35.030009],[136.988614,35.030013],[136.98833,35.030098],[136.988194,35.030096],[136.987866,35.030071],[136.987572,35.03005],[136.987273,35.030035],[136.987252,35.030034],[136.987063,35.030043],[136.986813,35.030118],[136.98665,35.030267],[136.986491,35.030476],[136.986312,35.030705],[136.986193,35.030842],[136.985949,35.031038],[136.985749,35.031095],[136.985517,35.031105],[136.985313,35.031067],[136.984906,35.030928],[136.984539,35.030798],[136.98414,35.030661],[136.983885,35.030629],[136.983517,35.030607],[136.983075,35.030589],[136.982591,35.030558],[136.981973,35.030514],[136.981415,35.030484],[136.980763,35.030341],[136.980522,35.030257],[136.980201,35.030146],[136.979859,35.030028],[136.979844,35.030022],[136.979826,35.030016],[136.979659,35.029958],[136.977579,35.02968],[136.977504,35.029668]]]}},{"type":"Feature","properties":{"name":"半月町","city":"大府市","code":"223","setai":292,"jinko":1033,"n":4,"towns":["23223033001","23223033002","23223033003","23223033004"],"lx":136.941118,"ly":34.998459},"geometry":{"type":"Polygon","coordinates":[[[136.937536,34.995993],[136.937544,34.995893],[136.937566,34.995827],[136.937603,34.995778],[136.937671,34.995704],[136.937903,34.995561],[136.938117,34.995483],[136.938401,34.995416],[136.938661,34.995348],[136.938816,34.995261],[136.939088,34.995115],[136.939397,34.994833],[136.939669,34.99461],[136.939871,34.994415],[136.940179,34.994289],[136.940475,34.994231],[136.941856,34.995812],[136.942448,34.995462],[136.943325,34.995035],[136.943868,34.995061],[136.943862,34.99542],[136.943861,34.995542],[136.943862,34.996203],[136.943867,34.999129],[136.943843,35.000011],[136.943816,35.001015],[136.943815,35.001047],[136.943785,35.002255],[136.943791,35.002709],[136.943794,35.003855],[136.943794,35.0039],[136.943798,35.005576],[136.943799,35.005991],[136.944501,35.006309],[136.944199,35.006303],[136.943921,35.00631],[136.943741,35.006342],[136.943472,35.006362],[136.942983,35.006358],[136.942786,35.006397],[136.94247,35.006535],[136.942203,35.006661],[136.941967,35.006792],[136.941636,35.007016],[136.94161,35.007036],[136.94131,35.007265],[136.941051,35.007149],[136.940918,35.007072],[136.94048,35.00682],[136.939806,35.006417],[136.94037,35.005482],[136.940825,35.004679],[136.940867,35.004639],[136.94086,35.004148],[136.93976,35.002101],[136.939207,35.001095],[136.939152,35.000892],[136.937906,34.997882],[136.937667,34.997298],[136.937583,34.997084],[136.937563,34.997025],[136.937562,34.99696],[136.937614,34.996894],[136.937616,34.996892],[136.937668,34.996809],[136.937741,34.996711],[136.937766,34.996669],[136.93769,34.99645],[136.937626,34.99626],[136.937568,34.996117],[136.937536,34.995993]]]}},{"type":"Feature","properties":{"name":"柊山町","city":"大府市","code":"223","setai":2436,"jinko":6485,"n":8,"towns":["23223035001","23223035002","23223035003","23223035004","23223035005","23223035006","23223035007","23223035008"],"lx":136.949035,"ly":35.016436},"geometry":{"type":"Polygon","coordinates":[[[136.942216,35.01579],[136.94235,35.015709],[136.942447,35.01563],[136.942635,35.015463],[136.942799,35.01538],[136.942917,35.015338],[136.943089,35.015258],[136.943153,35.015245],[136.943183,35.015243],[136.94334,35.015241],[136.943508,35.015266],[136.943774,35.015301],[136.94397,35.015331],[136.944176,35.015312],[136.94429,35.015283],[136.944469,35.015192],[136.944479,35.015184],[136.944692,35.015014],[136.945246,35.014645],[136.945383,35.014515],[136.945399,35.014497],[136.945488,35.014394],[136.945614,35.014241],[136.945738,35.014091],[136.945777,35.01403],[136.945826,35.013955],[136.945889,35.013825],[136.945937,35.013696],[136.945981,35.013528],[136.946039,35.013411],[136.94612,35.013331],[136.946246,35.013233],[136.946458,35.013096],[136.946528,35.013065],[136.946779,35.012951],[136.947133,35.012812],[136.94721,35.012788],[136.947287,35.012751],[136.947374,35.012663],[136.947507,35.012461],[136.94768,35.012274],[136.947973,35.011996],[136.948074,35.01217],[136.948263,35.012367],[136.948347,35.012399],[136.948469,35.012418],[136.948594,35.012415],[136.949311,35.012345],[136.949325,35.012344],[136.949608,35.012323],[136.949776,35.012318],[136.949922,35.012321],[136.950031,35.01233],[136.950352,35.012349],[136.951144,35.012618],[136.951171,35.012627],[136.951263,35.012657],[136.951796,35.012833],[136.952618,35.013103],[136.952642,35.01311],[136.953436,35.013346],[136.955116,35.013893],[136.95598,35.01418],[136.956765,35.01444],[136.957322,35.014311],[136.95882,35.014056],[136.958599,35.015187],[136.958406,35.01594],[136.958372,35.016153],[136.958112,35.017793],[136.958082,35.017983],[136.955972,35.019447],[136.954842,35.020184],[136.953081,35.021063],[136.953067,35.02109],[136.952787,35.021219],[136.952788,35.021193],[136.952816,35.020419],[136.952742,35.020418],[136.950341,35.020353],[136.950073,35.020346],[136.949779,35.02043],[136.948811,35.020696],[136.948734,35.020718],[136.948578,35.020992],[136.948438,35.021113],[136.948424,35.021125],[136.948287,35.021195],[136.948064,35.021225],[136.947812,35.0212],[136.947576,35.021159],[136.947403,35.02114],[136.947256,35.021125],[136.946963,35.021114],[136.946935,35.021114],[136.946865,35.020913],[136.946831,35.0207],[136.946853,35.0207],[136.946795,35.020424],[136.946775,35.020316],[136.946748,35.020228],[136.946725,35.020174],[136.946684,35.020119],[136.946649,35.020083],[136.945925,35.019587],[136.945339,35.019147],[136.944541,35.018554],[136.944499,35.018523],[136.944495,35.01852],[136.94409,35.018248],[136.943598,35.01786],[136.943452,35.01771],[136.943417,35.017682],[136.943369,35.017644],[136.943361,35.017359],[136.943357,35.017217],[136.943322,35.017081],[136.943288,35.016978],[136.94324,35.016838],[136.94317,35.016715],[136.943086,35.016584],[136.942841,35.016372],[136.94258,35.016113],[136.942261,35.015829],[136.942216,35.01579]]]}},{"type":"Feature","properties":{"name":"一屋町","city":"大府市","code":"223","setai":854,"jinko":1994,"n":5,"towns":["23223036001","23223036002","23223036003","23223036004","23223036005"],"lx":136.954909,"ly":35.022579},"geometry":{"type":"Polygon","coordinates":[[[136.952271,35.030356],[136.952345,35.028581],[136.95235,35.028555],[136.95248,35.027867],[136.95248,35.027859],[136.952632,35.025698],[136.952641,35.025521],[136.952697,35.023389],[136.952707,35.023389],[136.952787,35.021219],[136.953067,35.02109],[136.953081,35.021063],[136.954842,35.020184],[136.955972,35.019447],[136.958082,35.017983],[136.958076,35.018019],[136.957757,35.019473],[136.957696,35.019806],[136.957474,35.020885],[136.95745,35.021002],[136.957169,35.022365],[136.957166,35.02238],[136.957164,35.022389],[136.956829,35.024021],[136.956799,35.024163],[136.956758,35.024364],[136.956685,35.024721],[136.956618,35.025042],[136.956412,35.026044],[136.956409,35.026062],[136.95639,35.02615],[136.95639,35.026153],[136.95619,35.027126],[136.956013,35.027986],[136.955916,35.028457],[136.955761,35.02925],[136.95566,35.029793],[136.95561,35.029813],[136.955409,35.029893],[136.954969,35.030048],[136.954932,35.030061],[136.954881,35.030063],[136.954838,35.030046],[136.954803,35.030016],[136.954764,35.029964],[136.95415,35.030085],[136.954019,35.030116],[136.953997,35.030121],[136.953767,35.030167],[136.95351,35.030224],[136.953171,35.0303],[136.952931,35.030364],[136.952908,35.03037],[136.952303,35.030533],[136.952271,35.030521],[136.952271,35.030356]]]}}]}