{"type":"FeatureCollection","features":[{"type":"Feature","properties":{"name":"三好町東山","city":"みよし市","code":"236","setai":2012,"jinko":5003,"n":6,"towns":["23236101001","23236101001","23236101004","23236101004","23236101004","23236101005"],"lx":137.086185,"ly":35.09089},"geometry":{"type":"MultiPolygon","coordinates":[[[[137.073094,35.094814],[137.074801,35.093873],[137.076963,35.092682],[137.07986,35.091085],[137.080676,35.090587],[137.081101,35.090777],[137.081503,35.090942],[137.081605,35.090975],[137.081675,35.090997],[137.081904,35.091009],[137.082142,35.091022],[137.082627,35.090645],[137.083905,35.090583],[137.083807,35.090218],[137.084999,35.089626],[137.08476,35.089292],[137.084826,35.08925],[137.08461,35.089015],[137.084926,35.088892],[137.084857,35.08862],[137.08522,35.088512],[137.086075,35.088319],[137.086673,35.088172],[137.087828,35.087976],[137.088543,35.087846],[137.08842,35.088318],[137.08835,35.088508],[137.088346,35.088707],[137.088306,35.089325],[137.088269,35.089565],[137.088195,35.089807],[137.088361,35.089895],[137.088475,35.089868],[137.088547,35.089832],[137.088591,35.089874],[137.088251,35.090217],[137.088488,35.090445],[137.088677,35.090637],[137.089027,35.090413],[137.089208,35.090278],[137.089313,35.090167],[137.089588,35.090417],[137.089678,35.090309],[137.090182,35.089704],[137.090256,35.089622],[137.090535,35.089372],[137.090632,35.089237],[137.090706,35.089083],[137.090726,35.088987],[137.090708,35.088588],[137.090562,35.087856],[137.090495,35.087517],[137.092526,35.087175],[137.089011,35.086443],[137.08931,35.085495],[137.089603,35.084547],[137.089928,35.083522],[137.090228,35.082532],[137.090924,35.082756],[137.091285,35.082873],[137.091872,35.083021],[137.092172,35.083091],[137.092397,35.083138],[137.092808,35.083542],[137.092839,35.0836],[137.092851,35.083681],[137.092852,35.083689],[137.092656,35.08459],[137.092613,35.084947],[137.092587,35.085395],[137.092603,35.086124],[137.092619,35.086192],[137.092631,35.086262],[137.092793,35.086572],[137.093046,35.08708],[137.09341,35.087798],[137.093467,35.087893],[137.093547,35.087969],[137.093616,35.088001],[137.093736,35.088013],[137.094564,35.087993],[137.094688,35.088008],[137.094781,35.088032],[137.094889,35.088091],[137.096433,35.089194],[137.096959,35.089557],[137.097547,35.089467],[137.098229,35.089376],[137.099003,35.089948],[137.09919,35.090101],[137.09908,35.090463],[137.099054,35.090693],[137.098829,35.090909],[137.0992,35.091174],[137.100141,35.091864],[137.100587,35.092183],[137.099969,35.092865],[137.099645,35.093247],[137.099523,35.093291],[137.099244,35.093429],[137.099127,35.093491],[137.099157,35.093518],[137.099167,35.093567],[137.099171,35.093612],[137.099135,35.093671],[137.098434,35.094225],[137.097948,35.094567],[137.097738,35.094626],[137.097376,35.094682],[137.095925,35.094905],[137.095726,35.094948],[137.095618,35.094996],[137.095553,35.095047],[137.095492,35.095117],[137.09546,35.095188],[137.095447,35.095235],[137.095444,35.095297],[137.095486,35.095472],[137.095423,35.095941],[137.095455,35.096047],[137.095455,35.096142],[137.095418,35.09624],[137.095208,35.096539],[137.095182,35.0966],[137.095187,35.096637],[137.094819,35.097172],[137.094628,35.097399],[137.094532,35.097329],[137.094368,35.097213],[137.094271,35.097099],[137.094221,35.097018],[137.094193,35.096858],[137.09423,35.096716],[137.0943,35.096565],[137.0944,35.096407],[137.094569,35.096236],[137.094424,35.096154],[137.094269,35.096249],[137.094198,35.096324],[137.093817,35.096793],[137.093526,35.097101],[137.093318,35.097397],[137.093167,35.097488],[137.09298,35.09757],[137.092396,35.097466],[137.092262,35.097446],[137.09206,35.097398],[137.091828,35.097373],[137.091643,35.097366],[137.091439,35.097395],[137.09131,35.097429],[137.091119,35.097474],[137.088984,35.097973],[137.089198,35.098227],[137.088251,35.09849],[137.087851,35.098283],[137.084715,35.09914],[137.08472,35.099147],[137.08462,35.099153],[137.084484,35.099079],[137.084285,35.098993],[137.084067,35.098897],[137.08403,35.09888],[137.083709,35.098769],[137.083637,35.098739],[137.083422,35.098648],[137.083173,35.098552],[137.082962,35.098393],[137.082746,35.098173],[137.082617,35.098022],[137.082605,35.098004],[137.082566,35.097963],[137.08239,35.097774],[137.082298,35.097703],[137.082259,35.097673],[137.082199,35.097628],[137.082066,35.097527],[137.081779,35.097433],[137.081484,35.097466],[137.081431,35.097478],[137.081427,35.097479],[137.081256,35.097516],[137.08105,35.097574],[137.080691,35.097654],[137.080397,35.097696],[137.080138,35.097809],[137.079892,35.098004],[137.079623,35.098164],[137.079344,35.098368],[137.07916,35.098444],[137.078966,35.098516],[137.078954,35.098521],[137.078692,35.098526],[137.078491,35.098561],[137.078398,35.098577],[137.078149,35.098663],[137.077899,35.098731],[137.077671,35.098772],[137.077577,35.098788],[137.077337,35.098792],[137.077088,35.098792],[137.076931,35.098745],[137.076728,35.09862],[137.076628,35.098511],[137.07654,35.098415],[137.076426,35.098229],[137.07637,35.09812],[137.076231,35.097961],[137.076214,35.097924],[137.07598,35.097784],[137.07595,35.097765],[137.075779,35.097652],[137.075334,35.097381],[137.075242,35.097324],[137.075028,35.09716],[137.075207,35.097097],[137.075194,35.097072],[137.075151,35.097041],[137.075092,35.097011],[137.075053,35.096994],[137.075034,35.09697],[137.074999,35.096919],[137.074954,35.09684],[137.074878,35.096735],[137.074797,35.096693],[137.074797,35.096691],[137.074786,35.096635],[137.074331,35.096178],[137.073705,35.095507],[137.073397,35.095195],[137.073094,35.094814]]],[[[137.078711,35.083251],[137.078727,35.083073],[137.078743,35.082998],[137.079747,35.082637],[137.080265,35.082481],[137.080592,35.082398],[137.080796,35.082361],[137.081123,35.082311],[137.081557,35.082237],[137.082291,35.082124],[137.083792,35.081864],[137.08423,35.081786],[137.084889,35.081669],[137.084895,35.081668],[137.086358,35.081397],[137.086783,35.081318],[137.086855,35.081305],[137.087433,35.081597],[137.088083,35.081466],[137.088161,35.08199],[137.08813,35.083142],[137.088109,35.083673],[137.088084,35.084385],[137.088081,35.084593],[137.08807,35.084765],[137.08806,35.084916],[137.087324,35.084901],[137.087319,35.085054],[137.08731,35.085051],[137.086314,35.0848],[137.086664,35.085651],[137.086707,35.085817],[137.08676,35.086013],[137.086539,35.086011],[137.086501,35.086785],[137.086338,35.086812],[137.085375,35.086988],[137.085234,35.087006],[137.084789,35.087055],[137.084303,35.087099],[137.083971,35.087123],[137.083578,35.087171],[137.08312,35.087548],[137.083011,35.08754],[137.08285,35.087479],[137.082784,35.087449],[137.082775,35.08736],[137.081932,35.085893],[137.081728,35.085525],[137.081333,35.084883],[137.081358,35.084876],[137.082178,35.084647],[137.08252,35.084603],[137.082463,35.084161],[137.081803,35.083873],[137.081159,35.083781],[137.080187,35.083644],[137.080136,35.083636],[137.079584,35.083646],[137.079424,35.083648],[137.079298,35.083655],[137.079302,35.083558],[137.079301,35.083518],[137.078762,35.083442],[137.078711,35.083251]]],[[[137.079091,35.089173],[137.079263,35.089018],[137.079368,35.088954],[137.079673,35.088818],[137.079486,35.088553],[137.080472,35.088123],[137.080838,35.087963],[137.081091,35.087852],[137.081097,35.087849],[137.081102,35.087847],[137.081095,35.087834],[137.081093,35.087831],[137.081024,35.087712],[137.081024,35.087711],[137.081228,35.087553],[137.081223,35.087546],[137.081481,35.087321],[137.082021,35.087135],[137.082122,35.087307],[137.082609,35.088194],[137.082748,35.088411],[137.082848,35.088567],[137.082697,35.088652],[137.082656,35.089006],[137.082365,35.088992],[137.081949,35.088973],[137.081903,35.08898],[137.081498,35.089169],[137.081343,35.089241],[137.08101,35.089438],[137.08027,35.089528],[137.07946,35.08959],[137.079387,35.089584],[137.079337,35.08956],[137.079302,35.089518],[137.079245,35.089355],[137.079214,35.089288],[137.079091,35.089173]]]]}},{"type":"Feature","properties":{"name":"三好町上","city":"みよし市","code":"236","setai":2003,"jinko":4632,"n":1,"towns":["23236101002"],"lx":137.069927,"ly":35.090475},"geometry":{"type":"Polygon","coordinates":[[[137.068382,35.095656],[137.068667,35.095556],[137.068872,35.095574],[137.069171,35.095685],[137.069494,35.095884],[137.069736,35.096041],[137.069961,35.096167],[137.070168,35.096308],[137.070207,35.096334],[137.070315,35.096389],[137.070514,35.096281],[137.070728,35.096154],[137.070864,35.095996],[137.071013,35.09583],[137.071119,35.09571],[137.071358,35.095651],[137.071461,35.095737],[137.072641,35.095072],[137.073094,35.094814],[137.074801,35.093873],[137.076963,35.092682],[137.07986,35.091085],[137.080676,35.090587],[137.080277,35.090419],[137.080096,35.090365],[137.07989,35.090328],[137.079831,35.090297],[137.079749,35.090208],[137.079572,35.08998],[137.079485,35.089897],[137.079373,35.089816],[137.079182,35.089702],[137.078993,35.089609],[137.0789,35.089551],[137.078343,35.089629],[137.078269,35.08963],[137.078174,35.089595],[137.078126,35.089542],[137.077904,35.089209],[137.077838,35.089191],[137.07778,35.089192],[137.076942,35.089348],[137.076548,35.089183],[137.07639,35.089417],[137.075833,35.089161],[137.076041,35.088661],[137.076046,35.088489],[137.076041,35.088339],[137.07602,35.088257],[137.076527,35.088193],[137.076657,35.087829],[137.076782,35.08761],[137.076964,35.087415],[137.077332,35.087121],[137.076474,35.086525],[137.075882,35.086912],[137.075841,35.086885],[137.075761,35.086826],[137.07567,35.08672],[137.075382,35.08607],[137.075808,35.086071],[137.075648,35.085717],[137.076158,35.085707],[137.076537,35.085697],[137.07696,35.085682],[137.077284,35.085655],[137.07746,35.08564],[137.077698,35.085616],[137.078772,35.085501],[137.078963,35.085481],[137.07927,35.085446],[137.079363,35.085265],[137.079361,35.085226],[137.079355,35.085182],[137.079084,35.084601],[137.079333,35.084504],[137.079254,35.084308],[137.079228,35.084245],[137.079801,35.084155],[137.079584,35.083646],[137.079424,35.083648],[137.079298,35.083655],[137.079302,35.083558],[137.079301,35.083518],[137.078762,35.083442],[137.078711,35.083251],[137.078727,35.083073],[137.078743,35.082998],[137.079747,35.082637],[137.079386,35.082108],[137.078704,35.082282],[137.078443,35.082348],[137.078309,35.082426],[137.077936,35.082644],[137.077564,35.082874],[137.076582,35.083576],[137.076957,35.083926],[137.076751,35.084073],[137.076212,35.084458],[137.075699,35.084783],[137.075537,35.084891],[137.075453,35.084947],[137.075351,35.085017],[137.075152,35.08517],[137.07508,35.085238],[137.074888,35.085063],[137.074786,35.085009],[137.074679,35.084987],[137.074556,35.084953],[137.074366,35.084867],[137.074224,35.084802],[137.074143,35.084787],[137.073997,35.084796],[137.073841,35.084843],[137.073628,35.084898],[137.07295,35.085008],[137.071724,35.085293],[137.071602,35.085393],[137.071587,35.085405],[137.070655,35.084996],[137.07036,35.085572],[137.069963,35.085596],[137.069882,35.085581],[137.069827,35.085825],[137.069732,35.086339],[137.069699,35.086359],[137.069678,35.086378],[137.069672,35.086403],[137.069702,35.086624],[137.069656,35.086643],[137.06926,35.086803],[137.069455,35.087138],[137.069291,35.087199],[137.069216,35.087272],[137.068971,35.087331],[137.06846,35.087404],[137.068455,35.087372],[137.068422,35.08735],[137.068386,35.087343],[137.068147,35.087349],[137.068126,35.087271],[137.067829,35.087302],[137.067791,35.087152],[137.067753,35.087065],[137.066813,35.087322],[137.066301,35.087392],[137.066001,35.087396],[137.065776,35.08737],[137.065722,35.087351],[137.065669,35.087333],[137.065471,35.087239],[137.065291,35.087291],[137.064887,35.086648],[137.064709,35.086699],[137.064574,35.086699],[137.064381,35.08665],[137.064363,35.086645],[137.064258,35.086633],[137.064155,35.086646],[137.064033,35.08668],[137.063867,35.086745],[137.063057,35.087059],[137.06299,35.087067],[137.062896,35.08705],[137.062826,35.087012],[137.062792,35.086967],[137.062755,35.086798],[137.062648,35.086808],[137.062517,35.086833],[137.062335,35.086883],[137.062122,35.086975],[137.061837,35.087116],[137.061615,35.086931],[137.061427,35.086719],[137.061147,35.086903],[137.061047,35.086787],[137.060696,35.087023],[137.06039,35.087196],[137.059971,35.087438],[137.059678,35.087653],[137.059861,35.0879],[137.059975,35.088159],[137.060705,35.089743],[137.061092,35.090563],[137.061548,35.09165],[137.061781,35.092208],[137.061467,35.092371],[137.061358,35.092428],[137.06137,35.092453],[137.06158,35.092897],[137.061745,35.093177],[137.062605,35.094895],[137.062536,35.095088],[137.062558,35.095284],[137.062673,35.095346],[137.062686,35.095353],[137.063218,35.095605],[137.063804,35.095819],[137.064665,35.096119],[137.065397,35.096466],[137.065854,35.096558],[137.066301,35.096633],[137.066668,35.096589],[137.06693,35.096493],[137.067345,35.096332],[137.067939,35.095953],[137.068131,35.095813],[137.068382,35.095656]],[[137.075141,35.090809],[137.076293,35.09075],[137.076277,35.091031],[137.076261,35.091321],[137.076239,35.091671],[137.076231,35.091812],[137.075689,35.091837],[137.075089,35.091867],[137.075051,35.091869],[137.074714,35.091883],[137.074101,35.091913],[137.073516,35.091942],[137.073234,35.091951],[137.073036,35.091871],[137.072831,35.091801],[137.072835,35.091643],[137.072842,35.091335],[137.072852,35.090926],[137.073427,35.090896],[137.07403,35.090866],[137.075118,35.09081],[137.075141,35.090809]]]}},{"type":"Feature","properties":{"name":"三好町向田","city":"みよし市","code":"236","setai":1317,"jinko":3314,"n":1,"towns":["23236101003"],"lx":137.06547,"ly":35.079881},"geometry":{"type":"Polygon","coordinates":[[[137.06846,35.087404],[137.068971,35.087331],[137.069216,35.087272],[137.069291,35.087199],[137.069455,35.087138],[137.06926,35.086803],[137.069656,35.086643],[137.069702,35.086624],[137.069672,35.086403],[137.069678,35.086378],[137.069699,35.086359],[137.069732,35.086339],[137.069827,35.085825],[137.069882,35.085581],[137.069963,35.085596],[137.07036,35.085572],[137.070655,35.084996],[137.069716,35.084584],[137.069333,35.084409],[137.069056,35.084289],[137.068943,35.084239],[137.067534,35.0836],[137.067482,35.083575],[137.067348,35.08343],[137.067102,35.083069],[137.066818,35.082654],[137.066607,35.082401],[137.066578,35.082368],[137.066084,35.081812],[137.065753,35.081443],[137.065664,35.081223],[137.065646,35.081175],[137.065645,35.081173],[137.067207,35.079932],[137.067401,35.080105],[137.067907,35.079778],[137.067969,35.079708],[137.068888,35.08048],[137.06977,35.081207],[137.070876,35.082097],[137.071372,35.08249],[137.071298,35.082598],[137.070845,35.083054],[137.071106,35.083175],[137.072255,35.083154],[137.072844,35.083144],[137.074181,35.08312],[137.074224,35.08314],[137.074286,35.083193],[137.074331,35.083266],[137.074466,35.083585],[137.074587,35.083596],[137.074691,35.083801],[137.07474,35.083856],[137.074874,35.083971],[137.074903,35.08402],[137.074895,35.084079],[137.074876,35.08413],[137.07482,35.084183],[137.074936,35.084305],[137.074555,35.084451],[137.074579,35.084561],[137.074065,35.084648],[137.073805,35.084694],[137.072769,35.084878],[137.07266,35.084703],[137.072625,35.084641],[137.072588,35.08454],[137.072556,35.084573],[137.072526,35.084604],[137.072462,35.084703],[137.072381,35.084762],[137.072222,35.084859],[137.071891,35.085025],[137.071773,35.085072],[137.071719,35.085103],[137.071657,35.085151],[137.071573,35.085272],[137.071602,35.085393],[137.071724,35.085293],[137.07295,35.085008],[137.073628,35.084898],[137.073841,35.084843],[137.073997,35.084796],[137.074143,35.084787],[137.074224,35.084802],[137.074366,35.084867],[137.074556,35.084953],[137.074679,35.084987],[137.074786,35.085009],[137.074888,35.085063],[137.07508,35.085238],[137.075152,35.08517],[137.075351,35.085017],[137.075453,35.084947],[137.075537,35.084891],[137.075699,35.084783],[137.076212,35.084458],[137.076751,35.084073],[137.076957,35.083926],[137.076582,35.083576],[137.077564,35.082874],[137.077936,35.082644],[137.078309,35.082426],[137.078443,35.082348],[137.078704,35.082282],[137.079386,35.082108],[137.079747,35.082637],[137.080265,35.082481],[137.080592,35.082398],[137.080796,35.082361],[137.081123,35.082311],[137.081557,35.082237],[137.081418,35.080871],[137.081391,35.080603],[137.08054,35.080685],[137.080538,35.08065],[137.080769,35.079807],[137.080586,35.079756],[137.080597,35.079715],[137.080563,35.079751],[137.080515,35.0798],[137.079968,35.080078],[137.078855,35.079092],[137.078847,35.079085],[137.077544,35.077968],[137.077335,35.077789],[137.0769,35.077144],[137.076479,35.076619],[137.076374,35.07631],[137.076316,35.07602],[137.076232,35.075608],[137.076241,35.075374],[137.076061,35.075642],[137.07587,35.07586],[137.075664,35.076085],[137.075403,35.076332],[137.07498,35.076648],[137.074695,35.076789],[137.073666,35.077266],[137.072287,35.077861],[137.072135,35.07761],[137.072046,35.077518],[137.0711,35.076977],[137.070633,35.076755],[137.070494,35.076646],[137.070388,35.076519],[137.069615,35.075259],[137.069466,35.074965],[137.069395,35.074903],[137.069324,35.074878],[137.06917,35.07487],[137.068871,35.074853],[137.068595,35.074804],[137.068378,35.074726],[137.06801,35.074558],[137.067773,35.074402],[137.067119,35.073773],[137.065855,35.072756],[137.065882,35.073051],[137.065887,35.073324],[137.065907,35.073444],[137.065937,35.07351],[137.0662,35.073805],[137.066634,35.074284],[137.065972,35.074712],[137.065845,35.074768],[137.065388,35.074663],[137.065099,35.074587],[137.064277,35.074446],[137.063637,35.073963],[137.063321,35.073556],[137.063317,35.073542],[137.06325,35.073543],[137.063146,35.073524],[137.063034,35.073467],[137.06285,35.073305],[137.062814,35.07323],[137.062793,35.073153],[137.062776,35.073074],[137.062722,35.072778],[137.062716,35.07271],[137.062727,35.072612],[137.062806,35.072459],[137.062673,35.072336],[137.062832,35.072189],[137.063453,35.071719],[137.062472,35.071968],[137.062368,35.071708],[137.062359,35.071616],[137.062368,35.07156],[137.062404,35.0715],[137.062564,35.071351],[137.061296,35.071093],[137.061315,35.071808],[137.061239,35.07207],[137.061086,35.072322],[137.061045,35.072365],[137.059563,35.073075],[137.058818,35.073466],[137.05719,35.074473],[137.056298,35.075045],[137.0553,35.075685],[137.053906,35.076558],[137.053225,35.077028],[137.052267,35.077755],[137.0516,35.078296],[137.051371,35.078441],[137.051267,35.078499],[137.051326,35.078871],[137.051404,35.078856],[137.051613,35.079517],[137.051752,35.079889],[137.052952,35.0797],[137.052833,35.079206],[137.054191,35.078997],[137.054288,35.079462],[137.054752,35.079398],[137.054854,35.079857],[137.055167,35.081359],[137.055458,35.082226],[137.055543,35.082459],[137.05597,35.082563],[137.056416,35.082717],[137.056614,35.08279],[137.056768,35.082901],[137.05703,35.083013],[137.05706,35.083046],[137.057118,35.083136],[137.057227,35.083216],[137.05733,35.083274],[137.05796,35.083507],[137.058081,35.083739],[137.058522,35.083567],[137.058604,35.083691],[137.058669,35.083916],[137.058699,35.084054],[137.058708,35.084174],[137.058716,35.084332],[137.058743,35.084457],[137.058752,35.08451],[137.058743,35.084577],[137.058557,35.085042],[137.058742,35.085085],[137.058797,35.08509],[137.058949,35.08504],[137.059114,35.085411],[137.059114,35.085434],[137.059098,35.08545],[137.05903,35.085481],[137.059029,35.085498],[137.05909,35.085598],[137.05912,35.085644],[137.059205,35.085744],[137.059308,35.085814],[137.059372,35.085843],[137.060062,35.086155],[137.060197,35.086319],[137.060416,35.086384],[137.060632,35.086459],[137.06086,35.086569],[137.061047,35.086787],[137.061147,35.086903],[137.061427,35.086719],[137.061615,35.086931],[137.061837,35.087116],[137.062122,35.086975],[137.062335,35.086883],[137.062517,35.086833],[137.062648,35.086808],[137.062755,35.086798],[137.062792,35.086967],[137.062826,35.087012],[137.062896,35.08705],[137.06299,35.087067],[137.063057,35.087059],[137.063867,35.086745],[137.064033,35.08668],[137.064155,35.086646],[137.064258,35.086633],[137.064363,35.086645],[137.064381,35.08665],[137.064574,35.086699],[137.064709,35.086699],[137.064887,35.086648],[137.065291,35.087291],[137.065471,35.087239],[137.065669,35.087333],[137.065722,35.087351],[137.065776,35.08737],[137.066001,35.087396],[137.066301,35.087392],[137.066813,35.087322],[137.067753,35.087065],[137.067791,35.087152],[137.067829,35.087302],[137.068126,35.087271],[137.068147,35.087349],[137.068386,35.087343],[137.068422,35.08735],[137.068455,35.087372],[137.06846,35.087404]]]}},{"type":"Feature","properties":{"name":"三好町西中島","city":"みよし市","code":"236","setai":282,"jinko":619,"n":1,"towns":["23236101006"],"lx":137.074571,"ly":35.091359},"geometry":{"type":"Polygon","coordinates":[[[137.076277,35.091031],[137.076293,35.09075],[137.075141,35.090809],[137.075118,35.09081],[137.07403,35.090866],[137.073427,35.090896],[137.072852,35.090926],[137.072842,35.091335],[137.072835,35.091643],[137.072831,35.091801],[137.073036,35.091871],[137.073234,35.091951],[137.073516,35.091942],[137.074101,35.091913],[137.074714,35.091883],[137.075051,35.091869],[137.075089,35.091867],[137.075689,35.091837],[137.076231,35.091812],[137.076239,35.091671],[137.076261,35.091321],[137.076277,35.091031]]]}},{"type":"Feature","properties":{"name":"三好町平池","city":"みよし市","code":"236","setai":132,"jinko":330,"n":1,"towns":["23236101007"],"lx":137.073301,"ly":35.096193},"geometry":{"type":"Polygon","coordinates":[[[137.074408,35.097271],[137.074464,35.097263],[137.074619,35.097285],[137.074667,35.097262],[137.074779,35.09716],[137.074859,35.097122],[137.07493,35.097114],[137.074991,35.097149],[137.075028,35.09716],[137.075207,35.097097],[137.075194,35.097072],[137.075151,35.097041],[137.075092,35.097011],[137.075053,35.096994],[137.075034,35.09697],[137.074999,35.096919],[137.074954,35.09684],[137.074878,35.096735],[137.074797,35.096693],[137.074797,35.096691],[137.074786,35.096635],[137.074331,35.096178],[137.073705,35.095507],[137.073397,35.095195],[137.073094,35.094814],[137.072641,35.095072],[137.071461,35.095737],[137.071582,35.095836],[137.071602,35.095855],[137.07166,35.095907],[137.071786,35.096108],[137.072129,35.096334],[137.072598,35.096496],[137.072692,35.096618],[137.072781,35.096725],[137.073035,35.096851],[137.0731,35.096919],[137.07312,35.096955],[137.073216,35.097134],[137.073454,35.097263],[137.073756,35.097304],[137.073879,35.097308],[137.074408,35.097271]]]}},{"type":"Feature","properties":{"name":"三好町上ケ池","city":"みよし市","code":"236","setai":200,"jinko":476,"n":1,"towns":["23236101008"],"lx":137.083028,"ly":35.080861},"geometry":{"type":"Polygon","coordinates":[[[137.086358,35.081397],[137.086129,35.080666],[137.084551,35.080779],[137.08448,35.08059],[137.084377,35.080318],[137.084328,35.080189],[137.083845,35.080137],[137.083773,35.080135],[137.083693,35.080147],[137.083347,35.080227],[137.083287,35.080229],[137.083218,35.080225],[137.083159,35.080213],[137.083077,35.080171],[137.082992,35.080104],[137.08258,35.079757],[137.082238,35.079453],[137.082157,35.0794],[137.082068,35.079374],[137.081949,35.079374],[137.081789,35.07938],[137.08089,35.079413],[137.080597,35.079715],[137.080586,35.079756],[137.080769,35.079807],[137.080538,35.08065],[137.08054,35.080685],[137.081391,35.080603],[137.081418,35.080871],[137.081557,35.082237],[137.082291,35.082124],[137.083792,35.081864],[137.08423,35.081786],[137.084889,35.081669],[137.084895,35.081668],[137.086358,35.081397]]]}},{"type":"Feature","properties":{"name":"三好町園原台","city":"みよし市","code":"236","setai":14,"jinko":43,"n":1,"towns":["23236101009"],"lx":137.069413,"ly":35.081383},"geometry":{"type":"Polygon","coordinates":[[[137.071372,35.08249],[137.070876,35.082097],[137.06977,35.081207],[137.068888,35.08048],[137.067969,35.079708],[137.067907,35.079778],[137.067401,35.080105],[137.068671,35.081218],[137.068735,35.081267],[137.068767,35.081335],[137.068825,35.081421],[137.068969,35.081577],[137.069386,35.081959],[137.069497,35.082046],[137.069733,35.082226],[137.07002,35.082358],[137.070333,35.082509],[137.070452,35.082609],[137.070567,35.082718],[137.070845,35.083054],[137.071298,35.082598],[137.071372,35.08249]]]}},{"type":"Feature","properties":{"name":"西一色町","city":"みよし市","code":"236","setai":306,"jinko":821,"n":1,"towns":["232361020"],"lx":137.056918,"ly":35.086809},"geometry":{"type":"Polygon","coordinates":[[[137.059114,35.085411],[137.058949,35.08504],[137.058797,35.08509],[137.058742,35.085085],[137.058557,35.085042],[137.058743,35.084577],[137.058752,35.08451],[137.058743,35.084457],[137.058716,35.084332],[137.058708,35.084174],[137.058699,35.084054],[137.058669,35.083916],[137.058604,35.083691],[137.058522,35.083567],[137.058081,35.083739],[137.05796,35.083507],[137.05733,35.083274],[137.057227,35.083216],[137.057118,35.083136],[137.05706,35.083046],[137.05703,35.083013],[137.056768,35.082901],[137.056614,35.08279],[137.056416,35.082717],[137.05597,35.082563],[137.055543,35.082459],[137.055458,35.082226],[137.055167,35.081359],[137.054854,35.079857],[137.054752,35.079398],[137.054288,35.079462],[137.054191,35.078997],[137.052833,35.079206],[137.052952,35.0797],[137.051752,35.079889],[137.051613,35.079517],[137.051404,35.078856],[137.051326,35.078871],[137.051267,35.078499],[137.050792,35.078708],[137.051023,35.079479],[137.051,35.079589],[137.051054,35.079933],[137.051217,35.080231],[137.051467,35.080676],[137.051637,35.080925],[137.05176,35.081093],[137.051898,35.081301],[137.051929,35.081492],[137.051982,35.081506],[137.052072,35.081558],[137.05224,35.081956],[137.052547,35.082439],[137.052902,35.083039],[137.052996,35.083285],[137.053183,35.083579],[137.053194,35.083601],[137.053244,35.0837],[137.053367,35.083922],[137.053516,35.084257],[137.054742,35.086995],[137.054777,35.087192],[137.054741,35.087679],[137.055146,35.088027],[137.055232,35.088135],[137.055194,35.088407],[137.055219,35.088715],[137.055256,35.08889],[137.055276,35.088987],[137.055348,35.089313],[137.055367,35.089402],[137.055315,35.089665],[137.05523,35.089926],[137.055229,35.089935],[137.0553,35.090372],[137.05535,35.090609],[137.05536,35.090657],[137.055403,35.090776],[137.055439,35.090943],[137.055603,35.091046],[137.055864,35.091246],[137.056456,35.091576],[137.057035,35.091861],[137.05756,35.092075],[137.057788,35.092215],[137.05847,35.092398],[137.059057,35.092695],[137.059233,35.092803],[137.059525,35.093011],[137.059748,35.09317],[137.060265,35.093645],[137.060597,35.093964],[137.061229,35.094504],[137.062153,35.095065],[137.062558,35.095284],[137.062536,35.095088],[137.062605,35.094895],[137.061745,35.093177],[137.06158,35.092897],[137.06137,35.092453],[137.061358,35.092428],[137.061467,35.092371],[137.061781,35.092208],[137.061548,35.09165],[137.061092,35.090563],[137.060705,35.089743],[137.059975,35.088159],[137.059861,35.0879],[137.059678,35.087653],[137.059971,35.087438],[137.06039,35.087196],[137.060696,35.087023],[137.061047,35.086787],[137.06086,35.086569],[137.060632,35.086459],[137.060416,35.086384],[137.060197,35.086319],[137.060062,35.086155],[137.059372,35.085843],[137.059308,35.085814],[137.059205,35.085744],[137.05912,35.085644],[137.05909,35.085598],[137.059029,35.085498],[137.05903,35.085481],[137.059098,35.08545],[137.059114,35.085434],[137.059114,35.085411]]]}},{"type":"Feature","properties":{"name":"福田町","city":"みよし市","code":"236","setai":449,"jinko":1280,"n":1,"towns":["232361030"],"lx":137.053827,"ly":35.070431},"geometry":{"type":"Polygon","coordinates":[[[137.061315,35.071808],[137.061296,35.071093],[137.062564,35.071351],[137.062404,35.0715],[137.062368,35.07156],[137.062359,35.071616],[137.062368,35.071708],[137.062472,35.071968],[137.063453,35.071719],[137.063473,35.071189],[137.062853,35.071264],[137.06318,35.070487],[137.063192,35.070332],[137.063361,35.069852],[137.063352,35.069793],[137.06325,35.069525],[137.062879,35.068956],[137.062849,35.068937],[137.062581,35.068938],[137.062568,35.068683],[137.061579,35.068394],[137.061649,35.068167],[137.061654,35.06815],[137.061229,35.067306],[137.061288,35.067281],[137.061373,35.067201],[137.061532,35.066798],[137.061593,35.066388],[137.061602,35.066131],[137.061607,35.066075],[137.061538,35.066065],[137.058326,35.065715],[137.057678,35.066272],[137.057306,35.066609],[137.057293,35.0666],[137.057275,35.066615],[137.056841,35.066361],[137.055998,35.067103],[137.055762,35.066916],[137.055146,35.066434],[137.054275,35.065762],[137.053683,35.065312],[137.053524,35.065268],[137.053393,35.065202],[137.052555,35.064935],[137.05225,35.064841],[137.052125,35.064873],[137.051848,35.064899],[137.051664,35.064896],[137.051168,35.064724],[137.050851,35.064593],[137.050696,35.064517],[137.050688,35.064511],[137.050584,35.06444],[137.050423,35.064338],[137.049439,35.064848],[137.048773,35.06521],[137.048238,35.065491],[137.047712,35.06582],[137.047102,35.066239],[137.046491,35.066698],[137.045999,35.06703],[137.045645,35.06727],[137.045517,35.067342],[137.045288,35.067387],[137.045534,35.067659],[137.045369,35.067865],[137.04583,35.068184],[137.045827,35.068185],[137.045523,35.068346],[137.045434,35.068303],[137.045207,35.068159],[137.045018,35.068249],[137.044918,35.068303],[137.045069,35.06854],[137.045168,35.068681],[137.045019,35.069082],[137.045054,35.069095],[137.045249,35.069168],[137.045455,35.069233],[137.04563,35.069324],[137.045758,35.069393],[137.045905,35.069524],[137.046112,35.069733],[137.046251,35.069871],[137.046268,35.069888],[137.046387,35.070005],[137.046596,35.070148],[137.046637,35.07016],[137.04665,35.070163],[137.046852,35.070319],[137.046924,35.070417],[137.04708,35.070573],[137.047203,35.070717],[137.04727,35.070865],[137.047246,35.071001],[137.047245,35.07113],[137.047264,35.07125],[137.047319,35.07135],[137.047534,35.071695],[137.047524,35.071759],[137.047517,35.071813],[137.047529,35.071944],[137.047538,35.072061],[137.04762,35.072219],[137.047758,35.072363],[137.047871,35.07255],[137.047949,35.072735],[137.04801,35.072957],[137.048083,35.073169],[137.048368,35.073548],[137.048592,35.073846],[137.049067,35.074409],[137.049291,35.074871],[137.049797,35.075479],[137.050047,35.076211],[137.050104,35.07639],[137.05017,35.076616],[137.050274,35.076943],[137.050389,35.077339],[137.050521,35.077857],[137.050698,35.078408],[137.050792,35.078708],[137.051267,35.078499],[137.051371,35.078441],[137.0516,35.078296],[137.052267,35.077755],[137.053225,35.077028],[137.053906,35.076558],[137.0553,35.075685],[137.056298,35.075045],[137.05719,35.074473],[137.058818,35.073466],[137.059563,35.073075],[137.061045,35.072365],[137.061086,35.072322],[137.061239,35.07207],[137.061315,35.071808]]]}},{"type":"Feature","properties":{"name":"明知町","city":"みよし市","code":"236","setai":947,"jinko":2716,"n":1,"towns":["232361040"],"lx":137.076751,"ly":35.06872},"geometry":{"type":"Polygon","coordinates":[[[137.086783,35.081318],[137.086855,35.081305],[137.086855,35.081305],[137.087977,35.081098],[137.087977,35.081097],[137.089034,35.080913],[137.090355,35.080706],[137.091002,35.080624],[137.091028,35.080604],[137.091331,35.080373],[137.0914,35.080254],[137.091401,35.080138],[137.091369,35.080037],[137.091297,35.079951],[137.09121,35.079874],[137.09112,35.079812],[137.090852,35.079718],[137.090346,35.07954],[137.089919,35.079062],[137.089856,35.078911],[137.089679,35.078836],[137.089401,35.078271],[137.089133,35.078335],[137.088824,35.078418],[137.088399,35.078659],[137.088017,35.078426],[137.087649,35.078202],[137.087248,35.077959],[137.087026,35.077906],[137.086819,35.077693],[137.085857,35.076738],[137.08647,35.076538],[137.086656,35.076458],[137.087062,35.076239],[137.087383,35.076065],[137.087817,35.075854],[137.088108,35.075763],[137.090126,35.075253],[137.090084,35.074902],[137.090048,35.074716],[137.090015,35.074553],[137.089929,35.074155],[137.089846,35.073528],[137.08985,35.073174],[137.08983,35.072935],[137.089981,35.072881],[137.089905,35.07239],[137.089899,35.072281],[137.089902,35.072199],[137.089863,35.071967],[137.089852,35.071777],[137.089889,35.071641],[137.089892,35.071332],[137.089861,35.071086],[137.089873,35.070782],[137.089889,35.070729],[137.08992,35.070627],[137.09006,35.070448],[137.090174,35.070327],[137.090334,35.07023],[137.090642,35.070022],[137.09079,35.069814],[137.090831,35.069701],[137.090843,35.069585],[137.090813,35.069432],[137.090744,35.069291],[137.090725,35.069212],[137.090732,35.069155],[137.090804,35.069085],[137.090919,35.069023],[137.090943,35.068986],[137.090955,35.068932],[137.090966,35.068604],[137.091014,35.068513],[137.091121,35.068427],[137.091163,35.068361],[137.091193,35.068264],[137.091187,35.068076],[137.091144,35.0678],[137.091021,35.067461],[137.090913,35.067288],[137.090838,35.067211],[137.090756,35.06714],[137.090487,35.066995],[137.090418,35.066962],[137.090027,35.066819],[137.089982,35.066789],[137.089922,35.066712],[137.087833,35.067517],[137.087127,35.066443],[137.086556,35.065399],[137.086164,35.06465],[137.086068,35.064549],[137.085967,35.064468],[137.084806,35.063748],[137.084823,35.063229],[137.084823,35.062518],[137.084775,35.062589],[137.084769,35.062626],[137.084752,35.063038],[137.084727,35.06304],[137.084685,35.063003],[137.084568,35.062806],[137.084477,35.062465],[137.084412,35.062171],[137.084401,35.062026],[137.084449,35.061719],[137.084501,35.061493],[137.084819,35.061574],[137.084793,35.060918],[137.085011,35.060278],[137.085086,35.059995],[137.085006,35.059646],[137.084678,35.059158],[137.084451,35.058985],[137.084218,35.058802],[137.084023,35.058702],[137.083507,35.058465],[137.083174,35.058837],[137.082859,35.058766],[137.082355,35.058646],[137.082317,35.058723],[137.082239,35.05897],[137.082187,35.059101],[137.081871,35.058996],[137.081471,35.058876],[137.081178,35.058791],[137.080514,35.058647],[137.079882,35.05853],[137.079716,35.059092],[137.07966,35.059278],[137.079037,35.059041],[137.078481,35.058862],[137.077972,35.058656],[137.077708,35.058531],[137.07739,35.058348],[137.076913,35.058041],[137.076483,35.057679],[137.075461,35.058205],[137.074849,35.057428],[137.074489,35.05697],[137.074074,35.057169],[137.073997,35.057206],[137.073655,35.057335],[137.07355,35.057077],[137.073499,35.057037],[137.073402,35.056972],[137.073356,35.05696],[137.073342,35.056964],[137.073277,35.056987],[137.073431,35.056293],[137.073478,35.056078],[137.072545,35.056349],[137.071364,35.054961],[137.068962,35.05685],[137.068528,35.057201],[137.06843,35.057254],[137.068798,35.057185],[137.06897,35.057219],[137.069015,35.057651],[137.069065,35.058335],[137.069046,35.058367],[137.068956,35.058526],[137.068911,35.058606],[137.068719,35.058814],[137.068717,35.058829],[137.068763,35.059015],[137.068753,35.059619],[137.068746,35.059836],[137.068718,35.059909],[137.068625,35.05999],[137.068699,35.060256],[137.068731,35.060388],[137.068765,35.060481],[137.068767,35.060487],[137.068881,35.060814],[137.068915,35.061065],[137.068925,35.061143],[137.069033,35.061407],[137.068434,35.061477],[137.068473,35.061713],[137.068498,35.061873],[137.068541,35.06209],[137.068388,35.062069],[137.068158,35.062031],[137.067704,35.061957],[137.067453,35.061919],[137.067426,35.062058],[137.06575,35.062609],[137.065536,35.062635],[137.064674,35.062835],[137.064105,35.062964],[137.063877,35.063068],[137.06246,35.064357],[137.062099,35.064725],[137.061379,35.065442],[137.061806,35.065748],[137.061621,35.066077],[137.061607,35.066075],[137.061602,35.066131],[137.061593,35.066388],[137.061532,35.066798],[137.061373,35.067201],[137.061288,35.067281],[137.061229,35.067306],[137.061654,35.06815],[137.061649,35.068167],[137.061579,35.068394],[137.062568,35.068683],[137.062581,35.068938],[137.062849,35.068937],[137.062879,35.068956],[137.06325,35.069525],[137.063352,35.069793],[137.063361,35.069852],[137.063192,35.070332],[137.06318,35.070487],[137.062853,35.071264],[137.063473,35.071189],[137.063453,35.071719],[137.062832,35.072189],[137.062673,35.072336],[137.062806,35.072459],[137.062727,35.072612],[137.062716,35.07271],[137.062722,35.072778],[137.062776,35.073074],[137.062793,35.073153],[137.062814,35.07323],[137.06285,35.073305],[137.063034,35.073467],[137.063146,35.073524],[137.06325,35.073543],[137.063317,35.073542],[137.063321,35.073556],[137.063637,35.073963],[137.064277,35.074446],[137.065099,35.074587],[137.065388,35.074663],[137.065845,35.074768],[137.065972,35.074712],[137.066634,35.074284],[137.0662,35.073805],[137.065937,35.07351],[137.065907,35.073444],[137.065887,35.073324],[137.065882,35.073051],[137.065855,35.072756],[137.067119,35.073773],[137.067773,35.074402],[137.06801,35.074558],[137.068378,35.074726],[137.068595,35.074804],[137.068871,35.074853],[137.06917,35.07487],[137.069324,35.074878],[137.069395,35.074903],[137.069466,35.074965],[137.069615,35.075259],[137.070388,35.076519],[137.070494,35.076646],[137.070633,35.076755],[137.0711,35.076977],[137.072046,35.077518],[137.072135,35.07761],[137.072287,35.077861],[137.073666,35.077266],[137.074695,35.076789],[137.07498,35.076648],[137.075403,35.076332],[137.075664,35.076085],[137.07587,35.07586],[137.076061,35.075642],[137.076241,35.075374],[137.076232,35.075608],[137.076316,35.07602],[137.076374,35.07631],[137.076479,35.076619],[137.0769,35.077144],[137.077335,35.077789],[137.077544,35.077968],[137.078847,35.079085],[137.078855,35.079092],[137.079968,35.080078],[137.080515,35.0798],[137.080563,35.079751],[137.080597,35.079715],[137.08089,35.079413],[137.081789,35.07938],[137.081949,35.079374],[137.082068,35.079374],[137.082157,35.0794],[137.082238,35.079453],[137.08258,35.079757],[137.082992,35.080104],[137.083077,35.080171],[137.083159,35.080213],[137.083218,35.080225],[137.083287,35.080229],[137.083347,35.080227],[137.083693,35.080147],[137.083773,35.080135],[137.083845,35.080137],[137.084328,35.080189],[137.084377,35.080318],[137.08448,35.08059],[137.084551,35.080779],[137.086129,35.080666],[137.086358,35.081397],[137.086783,35.081318]]]}},{"type":"Feature","properties":{"name":"打越町","city":"みよし市","code":"236","setai":1218,"jinko":3168,"n":1,"towns":["232361050"],"lx":137.097291,"ly":35.075646},"geometry":{"type":"Polygon","coordinates":[[[137.112604,35.096068],[137.113266,35.096007],[137.113308,35.09599],[137.113383,35.095949],[137.113428,35.095915],[137.113844,35.095501],[137.113009,35.094253],[137.113003,35.094224],[137.112993,35.094186],[137.112975,35.094136],[137.112961,35.094089],[137.112984,35.094021],[137.112995,35.093938],[137.112992,35.093833],[137.112969,35.093558],[137.11287,35.0933],[137.112688,35.09306],[137.112662,35.092985],[137.112647,35.092967],[137.112597,35.092918],[137.112508,35.092851],[137.112474,35.092808],[137.112439,35.092733],[137.112438,35.09273],[137.112427,35.092476],[137.112424,35.092285],[137.112406,35.092101],[137.112338,35.092001],[137.11223,35.091817],[137.112095,35.091644],[137.112027,35.091599],[137.111971,35.091589],[137.111909,35.091578],[137.111833,35.091546],[137.11138,35.091198],[137.111325,35.091156],[137.111197,35.091232],[137.111055,35.091315],[137.111009,35.091306],[137.110179,35.090627],[137.109979,35.09031],[137.109911,35.090202],[137.109746,35.08998],[137.109531,35.089625],[137.109411,35.089349],[137.109296,35.089129],[137.108954,35.089224],[137.108943,35.089218],[137.108841,35.089163],[137.108284,35.08886],[137.108223,35.088827],[137.108026,35.088401],[137.10807,35.088352],[137.107813,35.087932],[137.10774,35.087805],[137.107668,35.087682],[137.107619,35.087586],[137.107599,35.08752],[137.107581,35.087416],[137.107551,35.087254],[137.107519,35.087083],[137.107505,35.08702],[137.107451,35.086908],[137.107351,35.086715],[137.107313,35.086678],[137.107263,35.086639],[137.107224,35.086612],[137.107206,35.086604],[137.106396,35.086242],[137.10632,35.086209],[137.106262,35.086184],[137.106084,35.085894],[137.106052,35.08577],[137.106049,35.085759],[137.106051,35.085576],[137.106052,35.08553],[137.106043,35.084943],[137.105668,35.084722],[137.105017,35.084641],[137.105016,35.084634],[137.104975,35.084374],[137.104908,35.084172],[137.104869,35.083947],[137.104909,35.083776],[137.105058,35.083584],[137.10536,35.083336],[137.105413,35.083297],[137.105425,35.083288],[137.10583,35.082955],[137.105571,35.082668],[137.105299,35.082353],[137.105013,35.081714],[137.104897,35.081407],[137.104858,35.08126],[137.10481,35.081178],[137.104784,35.080806],[137.104789,35.080568],[137.104801,35.080531],[137.104997,35.080382],[137.105002,35.080198],[137.104967,35.080157],[137.104877,35.080107],[137.104827,35.080076],[137.104811,35.080041],[137.10476,35.079943],[137.104487,35.079614],[137.104394,35.079538],[137.104363,35.079519],[137.104259,35.079502],[137.104202,35.079482],[137.104161,35.079447],[137.104053,35.079272],[137.103968,35.07911],[137.103949,35.079044],[137.103936,35.078944],[137.103922,35.078869],[137.103875,35.078773],[137.10383,35.078642],[137.103804,35.078518],[137.103679,35.078147],[137.103646,35.077962],[137.103646,35.077801],[137.103684,35.077691],[137.103723,35.077572],[137.103694,35.077104],[137.10368,35.076864],[137.103676,35.076723],[137.103664,35.076589],[137.103663,35.076428],[137.103627,35.076248],[137.103553,35.07606],[137.103502,35.075973],[137.10333,35.075797],[137.103032,35.075569],[137.102943,35.075488],[137.102895,35.075425],[137.102848,35.075291],[137.102828,35.075182],[137.102819,35.075071],[137.102829,35.074965],[137.102882,35.074851],[137.102918,35.074737],[137.102966,35.074597],[137.102989,35.07451],[137.102979,35.074442],[137.102893,35.074062],[137.102861,35.073952],[137.102662,35.073679],[137.102552,35.073532],[137.102386,35.073359],[137.102183,35.073162],[137.102126,35.073092],[137.102,35.072875],[137.101918,35.072679],[137.1019,35.072546],[137.101914,35.072481],[137.101948,35.072448],[137.102028,35.072375],[137.102115,35.072262],[137.102187,35.072181],[137.102251,35.072065],[137.102279,35.071962],[137.102294,35.071917],[137.102308,35.071874],[137.102333,35.07182],[137.102427,35.071592],[137.102557,35.071354],[137.102693,35.071204],[137.102904,35.071039],[137.102939,35.070675],[137.102913,35.070653],[137.102912,35.070563],[137.10294,35.070371],[137.102954,35.07023],[137.103014,35.070148],[137.103082,35.070031],[137.103165,35.069862],[137.103302,35.069641],[137.103411,35.069465],[137.103462,35.069369],[137.103379,35.069115],[137.103311,35.068945],[137.103255,35.068764],[137.103227,35.068588],[137.103204,35.068415],[137.103222,35.068101],[137.103263,35.067726],[137.103247,35.067523],[137.103168,35.067215],[137.103065,35.067],[137.102857,35.066608],[137.102293,35.066018],[137.102226,35.065901],[137.102204,35.065692],[137.102194,35.065473],[137.102248,35.065162],[137.102274,35.064912],[137.102267,35.064849],[137.102179,35.06467],[137.102105,35.064538],[137.101923,35.064305],[137.101723,35.06412],[137.101547,35.063936],[137.10129,35.063798],[137.10105,35.063708],[137.100746,35.063619],[137.100463,35.0635],[137.100176,35.063368],[137.099934,35.063226],[137.099728,35.062977],[137.099458,35.062662],[137.099415,35.062627],[137.099312,35.062521],[137.098983,35.062285],[137.0986,35.062036],[137.098037,35.061785],[137.097858,35.061706],[137.097317,35.06156],[137.097077,35.0615],[137.096823,35.061436],[137.096502,35.061299],[137.096398,35.061236],[137.09628,35.061166],[137.096208,35.061122],[137.096026,35.060967],[137.095892,35.060813],[137.09578,35.060648],[137.095895,35.060443],[137.095953,35.060305],[137.096045,35.060152],[137.096144,35.059991],[137.096198,35.059821],[137.096182,35.05968],[137.096129,35.059593],[137.095946,35.05953],[137.095739,35.059538],[137.095574,35.059575],[137.095425,35.059609],[137.095328,35.059658],[137.095191,35.059729],[137.09503,35.059799],[137.094862,35.059896],[137.09471,35.059971],[137.094525,35.060092],[137.094398,35.060167],[137.094257,35.060226],[137.09425,35.060228],[137.094091,35.060283],[137.094071,35.060292],[137.093945,35.06035],[137.093805,35.060388],[137.093546,35.060434],[137.093349,35.060447],[137.093181,35.060452],[137.093004,35.060453],[137.092867,35.060451],[137.092738,35.060469],[137.092659,35.060479],[137.09258,35.060566],[137.092469,35.060688],[137.092311,35.060864],[137.09229,35.060886],[137.091995,35.060845],[137.091781,35.060815],[137.091773,35.060814],[137.091674,35.060757],[137.091617,35.060711],[137.09154,35.060604],[137.091447,35.06047],[137.091447,35.06047],[137.091371,35.060508],[137.091282,35.060524],[137.091114,35.060582],[137.090979,35.060534],[137.090903,35.060506],[137.089765,35.061382],[137.089748,35.061396],[137.089483,35.061313],[137.08929,35.061277],[137.089107,35.061277],[137.088984,35.0613],[137.088735,35.061367],[137.088467,35.061456],[137.088258,35.061477],[137.087984,35.061463],[137.087685,35.061405],[137.08739,35.061321],[137.086617,35.061017],[137.086642,35.061164],[137.086589,35.061592],[137.086546,35.061615],[137.086504,35.061621],[137.086264,35.061534],[137.086212,35.061563],[137.086162,35.06159],[137.086053,35.061694],[137.085881,35.061852],[137.085678,35.061964],[137.085458,35.0621],[137.085241,35.062196],[137.084888,35.062415],[137.084823,35.062518],[137.084823,35.063229],[137.084806,35.063748],[137.085967,35.064468],[137.086068,35.064549],[137.086164,35.06465],[137.086556,35.065399],[137.087127,35.066443],[137.087833,35.067517],[137.089922,35.066712],[137.089982,35.066789],[137.090027,35.066819],[137.090418,35.066962],[137.090487,35.066995],[137.090756,35.06714],[137.090838,35.067211],[137.090913,35.067288],[137.091021,35.067461],[137.091144,35.0678],[137.091187,35.068076],[137.091193,35.068264],[137.091163,35.068361],[137.091121,35.068427],[137.091014,35.068513],[137.090966,35.068604],[137.090955,35.068932],[137.090943,35.068986],[137.090919,35.069023],[137.090804,35.069085],[137.090732,35.069155],[137.090725,35.069212],[137.090744,35.069291],[137.090813,35.069432],[137.090843,35.069585],[137.090831,35.069701],[137.09079,35.069814],[137.090642,35.070022],[137.090334,35.07023],[137.090174,35.070327],[137.09006,35.070448],[137.08992,35.070627],[137.089889,35.070729],[137.089873,35.070782],[137.089861,35.071086],[137.089892,35.071332],[137.089889,35.071641],[137.089852,35.071777],[137.089863,35.071967],[137.089902,35.072199],[137.089899,35.072281],[137.089905,35.07239],[137.089981,35.072881],[137.08983,35.072935],[137.08985,35.073174],[137.089846,35.073528],[137.089929,35.074155],[137.090015,35.074553],[137.090048,35.074716],[137.090084,35.074902],[137.090126,35.075253],[137.088108,35.075763],[137.088209,35.076105],[137.088217,35.076133],[137.088497,35.076805],[137.08881,35.077557],[137.089241,35.077432],[137.089392,35.077785],[137.089551,35.077764],[137.089585,35.077888],[137.089604,35.07796],[137.089826,35.077909],[137.089905,35.078121],[137.089401,35.078271],[137.089679,35.078836],[137.089856,35.078911],[137.089919,35.079062],[137.090346,35.07954],[137.090852,35.079718],[137.09112,35.079812],[137.09121,35.079874],[137.091297,35.079951],[137.091369,35.080037],[137.091401,35.080138],[137.0914,35.080254],[137.091331,35.080373],[137.091028,35.080604],[137.091002,35.080624],[137.090355,35.080706],[137.089034,35.080913],[137.087977,35.081097],[137.087977,35.081098],[137.086855,35.081305],[137.087433,35.081597],[137.088083,35.081466],[137.088161,35.08199],[137.08829,35.082002],[137.089068,35.08218],[137.089316,35.082245],[137.090231,35.08252],[137.090228,35.082532],[137.090924,35.082756],[137.091285,35.082873],[137.091872,35.083021],[137.092172,35.083091],[137.092397,35.083138],[137.092808,35.083542],[137.092839,35.0836],[137.092851,35.083681],[137.092852,35.083689],[137.092656,35.08459],[137.092613,35.084947],[137.092587,35.085395],[137.092603,35.086124],[137.092619,35.086192],[137.092631,35.086262],[137.092793,35.086572],[137.093046,35.08708],[137.09341,35.087798],[137.093467,35.087893],[137.093547,35.087969],[137.093616,35.088001],[137.093736,35.088013],[137.094564,35.087993],[137.094688,35.088008],[137.094781,35.088032],[137.094889,35.088091],[137.096433,35.089194],[137.096959,35.089557],[137.097547,35.089467],[137.098229,35.089376],[137.099003,35.089948],[137.09919,35.090101],[137.09908,35.090463],[137.099054,35.090693],[137.098829,35.090909],[137.0992,35.091174],[137.100141,35.091864],[137.100587,35.092183],[137.100669,35.092258],[137.100946,35.092796],[137.101044,35.092945],[137.101347,35.093351],[137.102107,35.09434],[137.102227,35.094436],[137.10293,35.094422],[137.103126,35.094439],[137.10353,35.09457],[137.104023,35.094765],[137.10432,35.094935],[137.105624,35.095621],[137.10583,35.095536],[137.105959,35.095761],[137.10728,35.096126],[137.107405,35.096115],[137.107701,35.09618],[137.108001,35.096076],[137.108228,35.096107],[137.108827,35.096065],[137.109339,35.096029],[137.109447,35.096108],[137.111152,35.096979],[137.111215,35.097011],[137.111432,35.097143],[137.111441,35.097006],[137.111465,35.096618],[137.111477,35.096487],[137.111924,35.096292],[137.112084,35.096223],[137.112369,35.096099],[137.112423,35.096091],[137.112481,35.096085],[137.112604,35.096068]],[[137.095139,35.08556],[137.095243,35.085529],[137.095377,35.085716],[137.095457,35.085635],[137.095611,35.085478],[137.095605,35.085463],[137.095726,35.085423],[137.095847,35.085423],[137.095913,35.08542],[137.095934,35.085419],[137.095994,35.085407],[137.096077,35.085362],[137.096201,35.085288],[137.096292,35.085208],[137.096357,35.085147],[137.096467,35.08503],[137.096579,35.084902],[137.096604,35.084872],[137.096694,35.084575],[137.096602,35.08437],[137.09677,35.084316],[137.097914,35.083954],[137.098099,35.084373],[137.098125,35.084434],[137.098239,35.084602],[137.098338,35.084731],[137.098382,35.08479],[137.098513,35.085014],[137.099028,35.085902],[137.098483,35.086006],[137.09764,35.086148],[137.097579,35.086158],[137.097024,35.086251],[137.096521,35.086331],[137.095779,35.08645],[137.095655,35.08642],[137.09553,35.086438],[137.095079,35.0865],[137.094705,35.086569],[137.094245,35.086695],[137.094299,35.086457],[137.09449,35.08604],[137.094591,35.08582],[137.095099,35.085579],[137.095139,35.08556]]]}},{"type":"Feature","properties":{"name":"莇生町","city":"みよし市","code":"236","setai":1312,"jinko":3315,"n":1,"towns":["232361060"],"lx":137.101803,"ly":35.102338},"geometry":{"type":"Polygon","coordinates":[[[137.110231,35.110851],[137.110513,35.109744],[137.110575,35.109825],[137.111228,35.10946],[137.111029,35.109143],[137.111112,35.109109],[137.112113,35.108589],[137.112588,35.108444],[137.113414,35.108234],[137.113526,35.108206],[137.114509,35.107552],[137.114786,35.107411],[137.115556,35.107263],[137.116531,35.107208],[137.11652,35.107057],[137.116162,35.105058],[137.116045,35.104454],[137.115977,35.104331],[137.115916,35.104263],[137.115851,35.104233],[137.115784,35.104211],[137.115705,35.104207],[137.115125,35.104259],[137.115014,35.104267],[137.11494,35.104254],[137.113701,35.103901],[137.113598,35.103855],[137.113537,35.10381],[137.113495,35.103749],[137.113446,35.103688],[137.113439,35.103671],[137.113129,35.102976],[137.113086,35.102909],[137.113047,35.10287],[137.112984,35.102846],[137.111956,35.10285],[137.111841,35.102841],[137.111631,35.102841],[137.111596,35.100643],[137.111584,35.100147],[137.111573,35.099732],[137.111555,35.099561],[137.111389,35.09886],[137.111269,35.09865],[137.11101,35.098237],[137.110593,35.097735],[137.110301,35.097392],[137.109201,35.096558],[137.109339,35.096029],[137.108827,35.096065],[137.108228,35.096107],[137.108001,35.096076],[137.107701,35.09618],[137.107405,35.096115],[137.10728,35.096126],[137.105959,35.095761],[137.10583,35.095536],[137.105624,35.095621],[137.10432,35.094935],[137.104023,35.094765],[137.10353,35.09457],[137.103126,35.094439],[137.10293,35.094422],[137.102227,35.094436],[137.102107,35.09434],[137.101347,35.093351],[137.101044,35.092945],[137.100946,35.092796],[137.100669,35.092258],[137.100587,35.092183],[137.099969,35.092865],[137.099645,35.093247],[137.099523,35.093291],[137.099244,35.093429],[137.099127,35.093491],[137.099157,35.093518],[137.099167,35.093567],[137.099171,35.093612],[137.099135,35.093671],[137.098434,35.094225],[137.097948,35.094567],[137.097738,35.094626],[137.097376,35.094682],[137.095925,35.094905],[137.095726,35.094948],[137.095618,35.094996],[137.095553,35.095047],[137.095492,35.095117],[137.09546,35.095188],[137.095447,35.095235],[137.095444,35.095297],[137.095486,35.095472],[137.095423,35.095941],[137.095455,35.096047],[137.095455,35.096142],[137.095418,35.09624],[137.095208,35.096539],[137.095182,35.0966],[137.095187,35.096637],[137.094819,35.097172],[137.094628,35.097399],[137.094532,35.097329],[137.094368,35.097213],[137.094271,35.097099],[137.094221,35.097018],[137.094193,35.096858],[137.09423,35.096716],[137.0943,35.096565],[137.0944,35.096407],[137.094569,35.096236],[137.094424,35.096154],[137.094269,35.096249],[137.094198,35.096324],[137.093817,35.096793],[137.093526,35.097101],[137.093318,35.097397],[137.093167,35.097488],[137.09298,35.09757],[137.092396,35.097466],[137.092262,35.097446],[137.09206,35.097398],[137.091828,35.097373],[137.091643,35.097366],[137.091439,35.097395],[137.09131,35.097429],[137.091119,35.097474],[137.088984,35.097973],[137.089198,35.098227],[137.088251,35.09849],[137.087851,35.098283],[137.084715,35.09914],[137.08472,35.099147],[137.084733,35.099146],[137.084925,35.099307],[137.085479,35.099216],[137.085875,35.09923],[137.086549,35.099436],[137.087168,35.099974],[137.087209,35.100162],[137.087285,35.100319],[137.087297,35.100488],[137.087831,35.101004],[137.087837,35.101336],[137.087838,35.101362],[137.087853,35.101542],[137.088394,35.101659],[137.089064,35.101873],[137.089603,35.102052],[137.090152,35.102403],[137.090817,35.102404],[137.090774,35.102711],[137.090755,35.104603],[137.090773,35.10464],[137.090866,35.104712],[137.090478,35.105028],[137.090409,35.105136],[137.090374,35.105271],[137.090335,35.105591],[137.090331,35.105628],[137.090311,35.105853],[137.090332,35.106308],[137.09037,35.106834],[137.090479,35.107436],[137.090929,35.107371],[137.091001,35.107633],[137.091012,35.107842],[137.090969,35.108013],[137.090971,35.108105],[137.091009,35.108265],[137.091115,35.108509],[137.091141,35.10857],[137.0912,35.10856],[137.091642,35.10848],[137.091699,35.10847],[137.092053,35.108337],[137.092384,35.108212],[137.092778,35.108039],[137.092827,35.108024],[137.092954,35.107986],[137.093292,35.107865],[137.093535,35.107805],[137.093698,35.107787],[137.093808,35.107754],[137.093918,35.107672],[137.09402,35.107561],[137.094239,35.107262],[137.094372,35.107061],[137.094506,35.106896],[137.094673,35.106732],[137.094901,35.106495],[137.095095,35.106303],[137.095306,35.106165],[137.095544,35.106028],[137.095846,35.105868],[137.09618,35.106204],[137.096291,35.10632],[137.097398,35.10779],[137.098125,35.108633],[137.098449,35.109034],[137.099418,35.108306],[137.099956,35.107917],[137.10111,35.109371],[137.102778,35.108772],[137.103537,35.108481],[137.1041,35.109074],[137.104322,35.109106],[137.104536,35.109152],[137.104637,35.109208],[137.10475,35.10932],[137.10486,35.109473],[137.104928,35.109595],[137.105028,35.109527],[137.105247,35.109742],[137.105357,35.109821],[137.10548,35.109854],[137.105699,35.109866],[137.106096,35.109869],[137.106136,35.109879],[137.106168,35.109893],[137.10619,35.109916],[137.106212,35.109954],[137.106378,35.110413],[137.106461,35.110488],[137.10651,35.110517],[137.106643,35.110557],[137.107008,35.110668],[137.107047,35.110929],[137.107841,35.111053],[137.107839,35.111054],[137.107959,35.111071],[137.107965,35.111039],[137.107987,35.110915],[137.108064,35.110835],[137.109178,35.111165],[137.110156,35.111236],[137.11038,35.111246],[137.110262,35.110989],[137.110231,35.110851]]]}},{"type":"Feature","properties":{"name":"福谷町薬師洞","city":"みよし市","code":"236","setai":940,"jinko":2511,"n":4,"towns":["23236107000","23236107000","23236107000","23236107000"],"lx":137.105863,"ly":35.118284},"geometry":{"type":"MultiPolygon","coordinates":[[[[137.08534,35.104932],[137.086858,35.104331],[137.087225,35.104369],[137.087443,35.10436],[137.08755,35.104333],[137.087606,35.104275],[137.08762,35.104208],[137.087635,35.104123],[137.087687,35.103794],[137.087735,35.103723],[137.087799,35.103684],[137.087973,35.103607],[137.087885,35.101936],[137.087853,35.101542],[137.088394,35.101659],[137.089064,35.101873],[137.089603,35.102052],[137.090152,35.102403],[137.090817,35.102404],[137.090774,35.102711],[137.090755,35.104603],[137.090773,35.10464],[137.090866,35.104712],[137.090478,35.105028],[137.090409,35.105136],[137.090374,35.105271],[137.090335,35.105591],[137.090331,35.105628],[137.090311,35.105853],[137.090332,35.106308],[137.09037,35.106834],[137.090479,35.107436],[137.090929,35.107371],[137.091001,35.107633],[137.091012,35.107842],[137.090969,35.108013],[137.090971,35.108105],[137.091009,35.108265],[137.091115,35.108509],[137.091141,35.10857],[137.091014,35.108596],[137.090651,35.108668],[137.090124,35.108741],[137.090126,35.108873],[137.090084,35.108895],[137.088803,35.109561],[137.088466,35.109695],[137.08836,35.109736],[137.088203,35.109799],[137.087778,35.109951],[137.087414,35.110101],[137.087302,35.110147],[137.086848,35.108811],[137.086665,35.108853],[137.086623,35.108533],[137.086505,35.108201],[137.086398,35.107923],[137.086265,35.107482],[137.086147,35.10715],[137.086109,35.107016],[137.086165,35.106893],[137.086196,35.106787],[137.086064,35.10663],[137.086019,35.106519],[137.085923,35.106223],[137.085856,35.106002],[137.085709,35.105821],[137.085611,35.105571],[137.085492,35.105445],[137.085448,35.105283],[137.08534,35.104932]]],[[[137.091048,35.121506],[137.091543,35.120803],[137.092046,35.120047],[137.092351,35.119583],[137.092563,35.119199],[137.092859,35.118676],[137.093099,35.11815],[137.09326,35.11768],[137.0933,35.117499],[137.093262,35.117376],[137.093367,35.117388],[137.093629,35.117435],[137.093738,35.117496],[137.093903,35.117082],[137.093946,35.116982],[137.094114,35.116588],[137.094306,35.116058],[137.094376,35.115751],[137.094449,35.115366],[137.094628,35.114734],[137.095323,35.114635],[137.096338,35.114196],[137.096601,35.113517],[137.097532,35.112444],[137.098176,35.111128],[137.09836,35.110789],[137.097451,35.109961],[137.097784,35.109599],[137.097842,35.10955],[137.097597,35.109353],[137.097574,35.109277],[137.097625,35.109216],[137.097493,35.109096],[137.097522,35.109034],[137.097485,35.108963],[137.096936,35.109246],[137.09689,35.109173],[137.096227,35.108391],[137.096116,35.108209],[137.096047,35.108134],[137.096,35.108105],[137.09596,35.108105],[137.095847,35.108173],[137.095807,35.108187],[137.095726,35.108198],[137.09536,35.108202],[137.095314,35.108191],[137.095075,35.108044],[137.095036,35.108162],[137.094875,35.108477],[137.094398,35.108355],[137.09435,35.108342],[137.09402,35.108258],[137.093916,35.108231],[137.092954,35.107986],[137.093292,35.107865],[137.093535,35.107805],[137.093698,35.107787],[137.093808,35.107754],[137.093918,35.107672],[137.09402,35.107561],[137.094239,35.107262],[137.094372,35.107061],[137.094506,35.106896],[137.094673,35.106732],[137.094901,35.106495],[137.095095,35.106303],[137.095306,35.106165],[137.095544,35.106028],[137.095846,35.105868],[137.09618,35.106204],[137.096291,35.10632],[137.097398,35.10779],[137.098125,35.108633],[137.098449,35.109034],[137.099418,35.108306],[137.099956,35.107917],[137.10111,35.109371],[137.102778,35.108772],[137.103537,35.108481],[137.1041,35.109074],[137.104322,35.109106],[137.104536,35.109152],[137.104637,35.109208],[137.10475,35.10932],[137.10486,35.109473],[137.104928,35.109595],[137.104889,35.109621],[137.104739,35.109733],[137.104643,35.109759],[137.104604,35.109788],[137.104465,35.109899],[137.104246,35.110057],[137.104536,35.110351],[137.104513,35.110392],[137.104447,35.110373],[137.104403,35.1104],[137.104156,35.110523],[137.104074,35.11058],[137.104012,35.110552],[137.103875,35.110496],[137.103822,35.110524],[137.103792,35.110492],[137.103753,35.110511],[137.103988,35.110762],[137.104182,35.110949],[137.104354,35.111043],[137.104686,35.111198],[137.104863,35.111298],[137.104985,35.111392],[137.105404,35.111235],[137.105689,35.111755],[137.10576,35.111898],[137.105982,35.112046],[137.106121,35.11221],[137.106199,35.112438],[137.106239,35.112552],[137.106266,35.11264],[137.1063,35.112711],[137.106331,35.112869],[137.106338,35.112911],[137.106356,35.113034],[137.106327,35.113096],[137.106268,35.11309],[137.10588,35.113221],[137.106044,35.11352],[137.106745,35.115],[137.107024,35.115647],[137.107123,35.11591],[137.107596,35.115694],[137.108322,35.115355],[137.108589,35.115385],[137.108825,35.115321],[137.109132,35.115231],[137.109263,35.115268],[137.109341,35.115313],[137.109417,35.115422],[137.109429,35.115489],[137.109412,35.115551],[137.109349,35.115695],[137.109247,35.115851],[137.108843,35.116296],[137.108722,35.116434],[137.108694,35.116519],[137.1087,35.11687],[137.108738,35.116978],[137.108798,35.117046],[137.108874,35.117097],[137.109073,35.117152],[137.109202,35.117181],[137.109355,35.117196],[137.10953,35.117213],[137.109687,35.11726],[137.109876,35.117339],[137.109953,35.117379],[137.110132,35.117567],[137.110399,35.117712],[137.110485,35.117795],[137.110539,35.117869],[137.110564,35.117952],[137.110564,35.118016],[137.110497,35.118114],[137.110376,35.118225],[137.110164,35.118399],[137.109924,35.118593],[137.109913,35.118592],[137.109365,35.118583],[137.10931,35.118602],[137.109261,35.118625],[137.109145,35.118734],[137.109131,35.118797],[137.10922,35.119269],[137.109227,35.119295],[137.109262,35.119433],[137.109261,35.119451],[137.109245,35.119477],[137.108873,35.119971],[137.108849,35.120518],[137.108867,35.120745],[137.108962,35.120987],[137.109059,35.121115],[137.109229,35.121277],[137.109428,35.121402],[137.109589,35.121484],[137.109679,35.122269],[137.109622,35.12239],[137.109765,35.122897],[137.109763,35.12303],[137.109872,35.123225],[137.109992,35.123322],[137.110024,35.123404],[137.110043,35.123506],[137.110051,35.123548],[137.11012,35.123658],[137.110182,35.124357],[137.110211,35.12458],[137.110268,35.125114],[137.110282,35.125373],[137.10942,35.125427],[137.109541,35.125742],[137.109664,35.125966],[137.109985,35.126503],[137.109384,35.126534],[137.108999,35.126553],[137.108593,35.126578],[137.108127,35.126605],[137.107673,35.12663],[137.107177,35.126647],[137.10716,35.126379],[137.10679,35.126279],[137.106696,35.126212],[137.106501,35.126316],[137.106531,35.126355],[137.105977,35.126676],[137.106045,35.12685],[137.105562,35.126993],[137.104868,35.127189],[137.104506,35.127276],[137.103895,35.127403],[137.103669,35.127448],[137.103404,35.127486],[137.103236,35.1275],[137.102779,35.127559],[137.102211,35.1276],[137.101139,35.127613],[137.100715,35.12761],[137.100636,35.127611],[137.100519,35.127526],[137.100315,35.127439],[137.099978,35.127337],[137.099729,35.127307],[137.09951,35.127312],[137.098629,35.127392],[137.098535,35.127256],[137.098498,35.1272],[137.09848,35.127138],[137.098481,35.127085],[137.098563,35.126892],[137.098568,35.126836],[137.098534,35.126792],[137.098511,35.126735],[137.098508,35.126651],[137.098521,35.126587],[137.098654,35.126387],[137.09879,35.126253],[137.098991,35.125995],[137.098869,35.125639],[137.097748,35.125796],[137.097887,35.124458],[137.097871,35.124238],[137.097645,35.123152],[137.097511,35.122847],[137.09741,35.122436],[137.097322,35.122149],[137.0972,35.121886],[137.097093,35.121698],[137.097133,35.121655],[137.09714,35.121609],[137.097113,35.121551],[137.096921,35.121354],[137.096711,35.121068],[137.096448,35.121134],[137.096276,35.121137],[137.096208,35.121121],[137.096133,35.121077],[137.096057,35.12102],[137.095998,35.120948],[137.095956,35.120864],[137.095921,35.120732],[137.09593,35.120648],[137.096015,35.120477],[137.096096,35.120353],[137.096242,35.120194],[137.096434,35.120059],[137.096567,35.119967],[137.096645,35.119895],[137.096723,35.119804],[137.096837,35.11958],[137.09686,35.119432],[137.096853,35.119398],[137.094942,35.118733],[137.095065,35.118528],[137.093781,35.118229],[137.093228,35.119049],[137.09316,35.119161],[137.092815,35.119899],[137.092635,35.120194],[137.092178,35.120859],[137.09146,35.12184],[137.091048,35.121506]]],[[[137.102527,35.132615],[137.102585,35.132324],[137.102578,35.132126],[137.102847,35.132025],[137.102884,35.131894],[137.103115,35.131687],[137.103256,35.131471],[137.103235,35.131417],[137.103453,35.131192],[137.103641,35.13104],[137.103774,35.130899],[137.103873,35.130625],[137.103475,35.130518],[137.103232,35.130142],[137.10399,35.12983],[137.104814,35.129494],[137.105063,35.129415],[137.105184,35.129382],[137.105459,35.129298],[137.105942,35.129217],[137.106168,35.129198],[137.106915,35.129854],[137.107735,35.129236],[137.109163,35.128157],[137.110356,35.128368],[137.110377,35.128371],[137.110379,35.128369],[137.110816,35.128404],[137.110835,35.128072],[137.111424,35.127773],[137.11167,35.127865],[137.111894,35.128399],[137.112555,35.128242],[137.112552,35.127808],[137.11269,35.12719],[137.112702,35.126926],[137.112996,35.126949],[137.11302,35.126443],[137.113512,35.126286],[137.113543,35.126279],[137.113929,35.126199],[137.114363,35.126163],[137.114903,35.126153],[137.115385,35.12608],[137.115821,35.125967],[137.116261,35.125789],[137.116561,35.125616],[137.117076,35.125261],[137.117223,35.125156],[137.117358,35.125129],[137.117985,35.125],[137.118044,35.124963],[137.119063,35.124853],[137.11928,35.124808],[137.119556,35.124698],[137.119632,35.1247],[137.119686,35.124731],[137.119731,35.124776],[137.120007,35.1252],[137.119983,35.125339],[137.119835,35.125653],[137.11972,35.125894],[137.119699,35.125939],[137.119575,35.1261],[137.119325,35.126026],[137.119101,35.126293],[137.118855,35.126561],[137.118665,35.126802],[137.118452,35.127061],[137.118117,35.127418],[137.117913,35.127776],[137.117754,35.128126],[137.117573,35.128422],[137.117447,35.128745],[137.117429,35.128791],[137.117414,35.128827],[137.117333,35.129032],[137.117062,35.129434],[137.116826,35.129801],[137.116515,35.130138],[137.116222,35.13047],[137.115932,35.130774],[137.115687,35.131005],[137.115531,35.13113],[137.11521,35.131352],[137.115021,35.131458],[137.114937,35.131489],[137.11488,35.131508],[137.114871,35.131509],[137.114681,35.13149],[137.114506,35.131461],[137.114287,35.131468],[137.114056,35.131492],[137.11376,35.131507],[137.113474,35.131558],[137.113232,35.131592],[137.113013,35.131571],[137.112891,35.13153],[137.112779,35.131466],[137.112666,35.131387],[137.112504,35.131259],[137.11221,35.131148],[137.112035,35.131092],[137.11182,35.13098],[137.111807,35.130973],[137.111591,35.13079],[137.111584,35.130784],[137.111418,35.130635],[137.111136,35.130488],[137.110853,35.130368],[137.110727,35.130329],[137.110446,35.130244],[137.110435,35.130239],[137.110299,35.130183],[137.110162,35.130066],[137.109985,35.129908],[137.109852,35.129812],[137.109774,35.129755],[137.109676,35.129666],[137.109417,35.129392],[137.108936,35.130298],[137.107727,35.130767],[137.107725,35.130821],[137.107747,35.131267],[137.107667,35.13131],[137.107532,35.131392],[137.107451,35.131452],[137.107429,35.131457],[137.107246,35.131494],[137.10711,35.131558],[137.106983,35.131612],[137.106722,35.13164],[137.106545,35.131634],[137.106358,35.131639],[137.106167,35.131598],[137.106013,35.1316],[137.105712,35.131567],[137.105571,35.131586],[137.105427,35.131578],[137.105198,35.131603],[137.105069,35.131631],[137.104972,35.131646],[137.104885,35.131662],[137.104765,35.13167],[137.104679,35.131685],[137.104515,35.131697],[137.104437,35.131866],[137.104399,35.13195],[137.103882,35.132008],[137.103705,35.132051],[137.103539,35.132103],[137.103367,35.132184],[137.102948,35.132372],[137.102527,35.132615]]],[[[137.122342,35.123462],[137.122552,35.122584],[137.122737,35.122385],[137.122895,35.122251],[137.123119,35.122129],[137.12323,35.122142],[137.12348,35.122228],[137.12383,35.122268],[137.12395,35.122335],[137.124183,35.122493],[137.124536,35.122587],[137.125484,35.122667],[137.125794,35.122621],[137.125952,35.122475],[137.126234,35.122275],[137.126361,35.122158],[137.126456,35.121913],[137.126539,35.121785],[137.12655,35.121744],[137.126217,35.121111],[137.126229,35.120997],[137.126564,35.120692],[137.126674,35.120523],[137.126704,35.120433],[137.126765,35.120063],[137.126788,35.119926],[137.126823,35.119793],[137.126904,35.119693],[137.126911,35.119633],[137.126431,35.119177],[137.126613,35.118612],[137.126557,35.118578],[137.126623,35.118276],[137.126728,35.118258],[137.126957,35.118353],[137.127142,35.118395],[137.127587,35.118431],[137.128062,35.118429],[137.128023,35.118161],[137.127892,35.117983],[137.127902,35.117939],[137.128091,35.117909],[137.128051,35.117663],[137.12822,35.117637],[137.128431,35.117623],[137.128666,35.117641],[137.128994,35.117664],[137.129316,35.117669],[137.12972,35.117683],[137.129805,35.117727],[137.129866,35.117769],[137.129926,35.117904],[137.129823,35.118265],[137.129811,35.118307],[137.129755,35.118491],[137.129693,35.118482],[137.129608,35.118484],[137.129517,35.11851],[137.129488,35.118578],[137.12952,35.118715],[137.129587,35.118821],[137.129664,35.118971],[137.129888,35.119272],[137.129749,35.119484],[137.129426,35.120041],[137.129238,35.120433],[137.12897,35.120921],[137.128564,35.121779],[137.128399,35.122094],[137.128295,35.122294],[137.128127,35.122576],[137.127856,35.122846],[137.127787,35.122906],[137.127756,35.122929],[137.12741,35.123177],[137.127408,35.123174],[137.127346,35.12319],[137.127286,35.123205],[137.126428,35.123425],[137.126279,35.123464],[137.126065,35.12352],[137.125886,35.123603],[137.125732,35.123658],[137.124968,35.12405],[137.124671,35.124185],[137.124352,35.124321],[137.124209,35.12433],[137.123836,35.124371],[137.123441,35.12443],[137.123187,35.124473],[137.123081,35.124068],[137.122771,35.124115],[137.122736,35.123998],[137.12253,35.123958],[137.122412,35.123682],[137.122415,35.12348],[137.122342,35.123462]]]]}},{"type":"Feature","properties":{"name":"福谷町根浦","city":"みよし市","code":"236","setai":135,"jinko":292,"n":2,"towns":["23236107001","23236107001"],"lx":137.10588,"ly":35.113221},"geometry":{"type":"MultiPolygon","coordinates":[[[[137.08991,35.10979],[137.089949,35.109497],[137.090095,35.108958],[137.090084,35.108895],[137.090126,35.108873],[137.090124,35.108741],[137.090651,35.108668],[137.091014,35.108596],[137.091141,35.10857],[137.0912,35.10856],[137.091642,35.10848],[137.091689,35.108725],[137.091704,35.108805],[137.091464,35.108878],[137.091395,35.108899],[137.091284,35.108933],[137.091175,35.108966],[137.091125,35.109133],[137.091005,35.109309],[137.090969,35.109463],[137.090975,35.109656],[137.090849,35.109681],[137.090824,35.109651],[137.090445,35.109713],[137.090167,35.109783],[137.089974,35.109788],[137.08991,35.10979]]],[[[137.10588,35.113221],[137.106268,35.11309],[137.106327,35.113096],[137.106604,35.113127],[137.106652,35.113161],[137.106963,35.113346],[137.107074,35.113437],[137.107136,35.113509],[137.107481,35.114042],[137.107633,35.114276],[137.107727,35.114426],[137.107742,35.114451],[137.107805,35.114552],[137.107961,35.114797],[137.108322,35.115355],[137.107596,35.115694],[137.107123,35.11591],[137.107024,35.115647],[137.106745,35.115],[137.106044,35.11352],[137.10588,35.113221]]]]}},{"type":"Feature","properties":{"name":"黒笹町","city":"みよし市","code":"236","setai":192,"jinko":488,"n":2,"towns":["232361080","232361080"],"lx":137.093352,"ly":35.131534},"geometry":{"type":"MultiPolygon","coordinates":[[[[137.084299,35.125357],[137.084363,35.12535],[137.084436,35.125342],[137.086243,35.125174],[137.086276,35.125141],[137.086351,35.125065],[137.086371,35.125045],[137.086379,35.124998],[137.086428,35.124948],[137.086595,35.124732],[137.086774,35.124595],[137.086968,35.124499],[137.087217,35.124395],[137.087453,35.124245],[137.087766,35.124076],[137.088318,35.123884],[137.088892,35.123674],[137.089118,35.123516],[137.089174,35.123455],[137.089224,35.123424],[137.089253,35.123406],[137.089066,35.122467],[137.088967,35.122053],[137.088857,35.121667],[137.088544,35.120642],[137.088432,35.120183],[137.087618,35.117984],[137.087781,35.117903],[137.087925,35.117751],[137.088041,35.117586],[137.088111,35.117376],[137.088126,35.117132],[137.088097,35.116919],[137.088811,35.116915],[137.088847,35.117269],[137.089324,35.117268],[137.090583,35.117265],[137.092497,35.117329],[137.092786,35.117626],[137.093183,35.117299],[137.093262,35.117376],[137.0933,35.117499],[137.09326,35.11768],[137.093099,35.11815],[137.092859,35.118676],[137.092563,35.119199],[137.092351,35.119583],[137.092046,35.120047],[137.091543,35.120803],[137.091048,35.121506],[137.09146,35.12184],[137.092178,35.120859],[137.092635,35.120194],[137.092815,35.119899],[137.09316,35.119161],[137.093228,35.119049],[137.093781,35.118229],[137.095065,35.118528],[137.094942,35.118733],[137.096853,35.119398],[137.09686,35.119432],[137.096837,35.11958],[137.096723,35.119804],[137.096645,35.119895],[137.096567,35.119967],[137.096434,35.120059],[137.096242,35.120194],[137.096096,35.120353],[137.096015,35.120477],[137.09593,35.120648],[137.095921,35.120732],[137.095956,35.120864],[137.095998,35.120948],[137.096057,35.12102],[137.096133,35.121077],[137.096208,35.121121],[137.096276,35.121137],[137.096448,35.121134],[137.096711,35.121068],[137.096921,35.121354],[137.097113,35.121551],[137.09714,35.121609],[137.097133,35.121655],[137.097093,35.121698],[137.0972,35.121886],[137.097322,35.122149],[137.09741,35.122436],[137.097511,35.122847],[137.097645,35.123152],[137.097871,35.124238],[137.097887,35.124458],[137.097748,35.125796],[137.098869,35.125639],[137.098991,35.125995],[137.09879,35.126253],[137.098654,35.126387],[137.098521,35.126587],[137.098508,35.126651],[137.098511,35.126735],[137.098534,35.126792],[137.098568,35.126836],[137.098563,35.126892],[137.098481,35.127085],[137.09848,35.127138],[137.098498,35.1272],[137.098535,35.127256],[137.098629,35.127392],[137.098187,35.127412],[137.097457,35.127012],[137.097104,35.12683],[137.096893,35.126717],[137.096202,35.126365],[137.095737,35.126169],[137.095684,35.126147],[137.095344,35.126063],[137.094726,35.12599],[137.094595,35.125978],[137.094601,35.126047],[137.094642,35.126136],[137.09474,35.126247],[137.094804,35.126339],[137.094661,35.126389],[137.094162,35.126695],[137.093736,35.126891],[137.093511,35.126733],[137.093362,35.126672],[137.093169,35.126604],[137.093112,35.126594],[137.092791,35.126599],[137.092629,35.126628],[137.092075,35.126657],[137.09207,35.126518],[137.092054,35.125903],[137.091846,35.125955],[137.091618,35.126],[137.091201,35.126039],[137.090795,35.126042],[137.090503,35.126034],[137.090373,35.126031],[137.089932,35.125986],[137.089404,35.125972],[137.089074,35.126084],[137.088653,35.126252],[137.088556,35.126454],[137.088394,35.12672],[137.088323,35.126837],[137.08804,35.127273],[137.087718,35.127727],[137.087431,35.128082],[137.087263,35.128012],[137.087218,35.127994],[137.087095,35.127943],[137.08706,35.127943],[137.08691,35.127941],[137.086668,35.128073],[137.086488,35.128194],[137.086276,35.128226],[137.086001,35.128263],[137.08598,35.128244],[137.085426,35.128075],[137.085178,35.127829],[137.084953,35.127494],[137.08474,35.127113],[137.084722,35.127054],[137.084646,35.126797],[137.084693,35.12651],[137.084739,35.126304],[137.084785,35.126097],[137.0847,35.125871],[137.084594,35.125699],[137.084357,35.125472],[137.084299,35.125357]]],[[[137.086999,35.136705],[137.087067,35.136501],[137.087087,35.136363],[137.087101,35.136227],[137.087104,35.136053],[137.087117,35.13596],[137.087162,35.13584],[137.087202,35.135727],[137.087236,35.135595],[137.087255,35.13548],[137.087284,35.135414],[137.087367,35.13537],[137.087566,35.135285],[137.087749,35.1352],[137.087878,35.135085],[137.088138,35.134853],[137.088436,35.134413],[137.089127,35.133532],[137.089259,35.133364],[137.089384,35.133243],[137.089785,35.132979],[137.090004,35.132889],[137.090118,35.132858],[137.09021,35.132833],[137.090429,35.132777],[137.090584,35.132736],[137.090665,35.132716],[137.090689,35.13271],[137.090835,35.132675],[137.091157,35.132563],[137.09149,35.132272],[137.091811,35.13186],[137.092296,35.131527],[137.092612,35.131302],[137.092859,35.131167],[137.092963,35.131138],[137.093047,35.131131],[137.093352,35.131534],[137.09347,35.131705],[137.09394,35.13219],[137.094292,35.132499],[137.094626,35.132759],[137.095067,35.133125],[137.095542,35.133486],[137.095917,35.133749],[137.096009,35.133773],[137.096111,35.133785],[137.09621,35.13378],[137.096271,35.133757],[137.096347,35.133611],[137.096431,35.13352],[137.096533,35.133425],[137.09664,35.133365],[137.096759,35.133327],[137.096916,35.133308],[137.096963,35.133296],[137.096967,35.1331],[137.097399,35.133008],[137.097849,35.13288],[137.100006,35.132787],[137.102527,35.132615],[137.102948,35.132372],[137.103367,35.132184],[137.103539,35.132103],[137.103705,35.132051],[137.103882,35.132008],[137.104399,35.13195],[137.104203,35.132589],[137.104027,35.133317],[137.103856,35.133882],[137.10369,35.134591],[137.103657,35.13511],[137.10364,35.135464],[137.103602,35.135829],[137.10345,35.136057],[137.103313,35.136221],[137.103186,35.136375],[137.103057,35.136502],[137.102907,35.136648],[137.1028,35.136783],[137.102732,35.136969],[137.102686,35.137153],[137.10264,35.137347],[137.10255,35.137534],[137.1023,35.137769],[137.10193,35.137913],[137.101708,35.138002],[137.101542,35.138095],[137.101426,35.138148],[137.101232,35.138289],[137.101054,35.138474],[137.100864,35.138659],[137.100693,35.138807],[137.100604,35.138904],[137.100464,35.139032],[137.100344,35.139149],[137.100204,35.139286],[137.10007,35.139368],[137.099968,35.139447],[137.099835,35.139539],[137.099673,35.139677],[137.099442,35.139983],[137.099073,35.140444],[137.098726,35.140913],[137.098386,35.141235],[137.098217,35.141402],[137.098205,35.142091],[137.0982,35.142381],[137.098178,35.142616],[137.098174,35.142655],[137.098182,35.142935],[137.09816,35.143145],[137.098169,35.143434],[137.098234,35.143728],[137.098259,35.143862],[137.098193,35.144264],[137.098153,35.144507],[137.098132,35.144632],[137.0978,35.144623],[137.097534,35.144702],[137.097426,35.144728],[137.097231,35.144759],[137.096698,35.144874],[137.096408,35.144905],[137.096096,35.14492],[137.095618,35.144696],[137.095526,35.144652],[137.095401,35.144605],[137.095327,35.144572],[137.095173,35.144509],[137.095053,35.144463],[137.094882,35.14438],[137.094675,35.144238],[137.094508,35.144126],[137.094442,35.144055],[137.094386,35.143968],[137.094382,35.14395],[137.094372,35.143914],[137.094375,35.143654],[137.094381,35.143619],[137.094394,35.143532],[137.094414,35.143366],[137.094062,35.143136],[137.093826,35.143217],[137.093593,35.143113],[137.093422,35.143035],[137.093265,35.142996],[137.093068,35.142945],[137.092934,35.142935],[137.092743,35.142922],[137.092634,35.142922],[137.092556,35.142329],[137.092547,35.142167],[137.092556,35.142059],[137.092588,35.141944],[137.092581,35.141821],[137.092537,35.14165],[137.092403,35.141437],[137.092236,35.141139],[137.092142,35.140873],[137.091382,35.141138],[137.090723,35.141329],[137.090586,35.141092],[137.090449,35.140822],[137.090312,35.140585],[137.09022,35.140484],[137.090127,35.140403],[137.090038,35.140303],[137.090017,35.140179],[137.089963,35.140098],[137.08987,35.140021],[137.089829,35.139956],[137.089687,35.139866],[137.089533,35.139758],[137.089304,35.13965],[137.089167,35.139542],[137.089074,35.139493],[137.088948,35.13947],[137.088943,35.139376],[137.088904,35.139336],[137.088795,35.139308],[137.088587,35.139299],[137.088434,35.139241],[137.088231,35.139065],[137.088185,35.138803],[137.088169,35.138708],[137.088125,35.138623],[137.088065,35.138537],[137.087966,35.138457],[137.087879,35.138353],[137.087843,35.138266],[137.087701,35.137915],[137.087146,35.13789],[137.087094,35.137578],[137.087034,35.137254],[137.087007,35.137052],[137.087002,35.136908],[137.086999,35.136705]]]]}},{"type":"Feature","properties":{"name":"西陣取山","city":"みよし市","code":"236","setai":224,"jinko":615,"n":1,"towns":["232361090"],"lx":137.077456,"ly":35.087796},"geometry":{"type":"Polygon","coordinates":[[[137.078343,35.089629],[137.0789,35.089551],[137.078993,35.089609],[137.07903,35.089472],[137.079022,35.089232],[137.079091,35.089173],[137.079263,35.089018],[137.079368,35.088954],[137.079673,35.088818],[137.079486,35.088553],[137.079196,35.088233],[137.079015,35.088045],[137.078826,35.087856],[137.078498,35.087508],[137.078356,35.087329],[137.07829,35.087233],[137.078219,35.087112],[137.078115,35.086931],[137.077983,35.086669],[137.077756,35.086219],[137.07746,35.08564],[137.077284,35.085655],[137.07696,35.085682],[137.076537,35.085697],[137.076158,35.085707],[137.075648,35.085717],[137.075808,35.086071],[137.075382,35.08607],[137.07567,35.08672],[137.075761,35.086826],[137.075841,35.086885],[137.075882,35.086912],[137.076474,35.086525],[137.077332,35.087121],[137.076964,35.087415],[137.076782,35.08761],[137.076657,35.087829],[137.076527,35.088193],[137.07602,35.088257],[137.076041,35.088339],[137.076046,35.088489],[137.076041,35.088661],[137.075833,35.089161],[137.07639,35.089417],[137.076548,35.089183],[137.076942,35.089348],[137.07778,35.089192],[137.077838,35.089191],[137.077904,35.089209],[137.078126,35.089542],[137.078174,35.089595],[137.078269,35.08963],[137.078343,35.089629]]]}},{"type":"Feature","properties":{"name":"東陣取山","city":"みよし市","code":"236","setai":324,"jinko":795,"n":1,"towns":["232361100"],"lx":137.080068,"ly":35.086611},"geometry":{"type":"Polygon","coordinates":[[[137.081481,35.087321],[137.082021,35.087135],[137.082122,35.087307],[137.082285,35.087251],[137.082784,35.087449],[137.082775,35.08736],[137.081932,35.085893],[137.081728,35.085525],[137.081333,35.084883],[137.080505,35.085128],[137.080271,35.085203],[137.079667,35.085398],[137.07927,35.085446],[137.078963,35.085481],[137.078772,35.085501],[137.077698,35.085616],[137.07746,35.08564],[137.077756,35.086219],[137.077983,35.086669],[137.078115,35.086931],[137.078219,35.087112],[137.07829,35.087233],[137.078356,35.087329],[137.078498,35.087508],[137.078826,35.087856],[137.079015,35.088045],[137.079196,35.088233],[137.079486,35.088553],[137.080472,35.088123],[137.080838,35.087963],[137.081091,35.087852],[137.081097,35.087849],[137.081097,35.087849],[137.081102,35.087847],[137.081095,35.087834],[137.081093,35.087831],[137.081024,35.087712],[137.081024,35.087712],[137.081024,35.087711],[137.081024,35.087711],[137.081228,35.087553],[137.081223,35.087546],[137.081481,35.087321]]]}},{"type":"Feature","properties":{"name":"東蜂ケ池","city":"みよし市","code":"236","setai":106,"jinko":269,"n":1,"towns":["232361110"],"lx":137.080639,"ly":35.084451},"geometry":{"type":"Polygon","coordinates":[[[137.080187,35.083644],[137.080136,35.083636],[137.079584,35.083646],[137.079801,35.084155],[137.079228,35.084245],[137.079254,35.084308],[137.079333,35.084504],[137.079084,35.084601],[137.079355,35.085182],[137.079361,35.085226],[137.079363,35.085265],[137.07927,35.085446],[137.079667,35.085398],[137.080271,35.085203],[137.080505,35.085128],[137.081333,35.084883],[137.081358,35.084876],[137.082178,35.084647],[137.08252,35.084603],[137.082463,35.084161],[137.081803,35.083873],[137.081159,35.083781],[137.080187,35.083644]]]}},{"type":"Feature","properties":{"name":"天王台","city":"みよし市","code":"236","setai":183,"jinko":489,"n":2,"towns":["232361120","232361120"],"lx":137.084999,"ly":35.089626},"geometry":{"type":"MultiPolygon","coordinates":[[[[137.080676,35.090587],[137.081887,35.089895],[137.083234,35.089224],[137.083753,35.089029],[137.084857,35.08862],[137.084926,35.088892],[137.08461,35.089015],[137.084826,35.08925],[137.08476,35.089292],[137.084999,35.089626],[137.083807,35.090218],[137.083905,35.090583],[137.082627,35.090645],[137.082142,35.091022],[137.081904,35.091009],[137.081675,35.090997],[137.081605,35.090975],[137.081503,35.090942],[137.081101,35.090777],[137.080676,35.090587]]],[[[137.088195,35.089807],[137.088269,35.089565],[137.088306,35.089325],[137.088346,35.088707],[137.08835,35.088508],[137.08842,35.088318],[137.088543,35.087846],[137.090139,35.087577],[137.090495,35.087517],[137.090562,35.087856],[137.090708,35.088588],[137.090726,35.088987],[137.090706,35.089083],[137.090632,35.089237],[137.090535,35.089372],[137.090256,35.089622],[137.090182,35.089704],[137.089678,35.090309],[137.089588,35.090417],[137.089313,35.090167],[137.089208,35.090278],[137.089027,35.090413],[137.088677,35.090637],[137.088488,35.090445],[137.088251,35.090217],[137.088591,35.089874],[137.088547,35.089832],[137.088475,35.089868],[137.088361,35.089895],[137.088195,35.089807]]]]}},{"type":"Feature","properties":{"name":"東山台","city":"みよし市","code":"236","setai":836,"jinko":1940,"n":1,"towns":["232361130"],"lx":137.086556,"ly":35.086702},"geometry":{"type":"Polygon","coordinates":[[[137.081887,35.089895],[137.083234,35.089224],[137.083753,35.089029],[137.084857,35.08862],[137.08522,35.088512],[137.086075,35.088319],[137.086673,35.088172],[137.087828,35.087976],[137.088543,35.087846],[137.090139,35.087577],[137.090495,35.087517],[137.092526,35.087175],[137.089011,35.086443],[137.08931,35.085495],[137.089603,35.084547],[137.089928,35.083522],[137.090228,35.082532],[137.090231,35.08252],[137.089316,35.082245],[137.089068,35.08218],[137.08829,35.082002],[137.088161,35.08199],[137.088161,35.08199],[137.08813,35.083142],[137.088109,35.083673],[137.088084,35.084385],[137.088081,35.084593],[137.08807,35.084765],[137.08806,35.084916],[137.087324,35.084901],[137.087319,35.085054],[137.08731,35.085051],[137.086314,35.0848],[137.086664,35.085651],[137.086707,35.085817],[137.08676,35.086013],[137.086539,35.086011],[137.086501,35.086785],[137.086338,35.086812],[137.085375,35.086988],[137.085234,35.087006],[137.084789,35.087055],[137.084303,35.087099],[137.083971,35.087123],[137.083578,35.087171],[137.08312,35.087548],[137.083011,35.08754],[137.08285,35.087479],[137.082784,35.087449],[137.082285,35.087251],[137.082122,35.087307],[137.082609,35.088194],[137.082748,35.088411],[137.082848,35.088567],[137.082697,35.088652],[137.082656,35.089006],[137.082365,35.088992],[137.081949,35.088973],[137.081903,35.08898],[137.081498,35.089169],[137.081343,35.089241],[137.08101,35.089438],[137.08027,35.089528],[137.07946,35.08959],[137.079387,35.089584],[137.079337,35.08956],[137.079302,35.089518],[137.079245,35.089355],[137.079214,35.089288],[137.079091,35.089173],[137.079022,35.089232],[137.07903,35.089472],[137.078993,35.089609],[137.079182,35.089702],[137.079373,35.089816],[137.079485,35.089897],[137.079572,35.08998],[137.079749,35.090208],[137.079831,35.090297],[137.07989,35.090328],[137.080096,35.090365],[137.080277,35.090419],[137.080676,35.090587],[137.081887,35.089895]]]}},{"type":"Feature","properties":{"name":"三好丘","city":"みよし市","code":"236","setai":2173,"jinko":4720,"n":8,"towns":["23236114001","23236114002","23236114003","23236114004","23236114005","23236114006","23236114007","23236114008"],"lx":137.112675,"ly":35.122492},"geometry":{"type":"Polygon","coordinates":[[[137.107673,35.12663],[137.108127,35.126605],[137.108593,35.126578],[137.108999,35.126553],[137.109384,35.126534],[137.109985,35.126503],[137.109664,35.125966],[137.109541,35.125742],[137.10942,35.125427],[137.110282,35.125373],[137.110268,35.125114],[137.110211,35.12458],[137.110182,35.124357],[137.11012,35.123658],[137.110051,35.123548],[137.110043,35.123506],[137.110024,35.123404],[137.109992,35.123322],[137.109872,35.123225],[137.109763,35.12303],[137.109765,35.122897],[137.109622,35.12239],[137.109679,35.122269],[137.109589,35.121484],[137.109428,35.121402],[137.109229,35.121277],[137.109059,35.121115],[137.108962,35.120987],[137.108867,35.120745],[137.108849,35.120518],[137.108873,35.119971],[137.109245,35.119477],[137.109261,35.119451],[137.109262,35.119433],[137.109227,35.119295],[137.10922,35.119269],[137.109131,35.118797],[137.109145,35.118734],[137.109261,35.118625],[137.10931,35.118602],[137.109365,35.118583],[137.109913,35.118592],[137.109924,35.118593],[137.110164,35.118399],[137.110376,35.118225],[137.110497,35.118114],[137.110564,35.118016],[137.110564,35.117952],[137.110539,35.117869],[137.110485,35.117795],[137.110399,35.117712],[137.110132,35.117567],[137.109953,35.117379],[137.109876,35.117339],[137.109687,35.11726],[137.10953,35.117213],[137.109355,35.117196],[137.109202,35.117181],[137.109073,35.117152],[137.108874,35.117097],[137.108798,35.117046],[137.108738,35.116978],[137.1087,35.11687],[137.108694,35.116519],[137.108722,35.116434],[137.108843,35.116296],[137.109247,35.115851],[137.109349,35.115695],[137.109412,35.115551],[137.109429,35.115489],[137.109417,35.115422],[137.109341,35.115313],[137.109263,35.115268],[137.109132,35.115231],[137.108825,35.115321],[137.108589,35.115385],[137.108322,35.115355],[137.109107,35.115022],[137.109378,35.114921],[137.109738,35.11484],[137.109983,35.114805],[137.110349,35.114799],[137.110651,35.114797],[137.110789,35.115559],[137.110841,35.115908],[137.110978,35.116727],[137.11108,35.11738],[137.111139,35.117911],[137.111281,35.118727],[137.111823,35.118576],[137.1122,35.118498],[137.112917,35.118541],[137.113402,35.118676],[137.114401,35.118988],[137.116147,35.119513],[137.117523,35.119958],[137.117691,35.12002],[137.118272,35.120322],[137.118805,35.120681],[137.118572,35.120895],[137.118324,35.121149],[137.118065,35.121412],[137.117792,35.121672],[137.117678,35.121776],[137.117531,35.121909],[137.117414,35.12197],[137.117275,35.12202],[137.117109,35.122045],[137.116899,35.122036],[137.116575,35.121956],[137.116333,35.122512],[137.116314,35.122682],[137.116378,35.122915],[137.116507,35.123171],[137.116542,35.123229],[137.116685,35.123482],[137.116894,35.123746],[137.117194,35.124054],[137.117805,35.124741],[137.117497,35.12496],[137.117223,35.125156],[137.117076,35.125261],[137.116561,35.125616],[137.116261,35.125789],[137.115821,35.125967],[137.115385,35.12608],[137.114903,35.126153],[137.114363,35.126163],[137.113929,35.126199],[137.113543,35.126279],[137.113512,35.126286],[137.11302,35.126443],[137.112996,35.126949],[137.112702,35.126926],[137.11269,35.12719],[137.112552,35.127808],[137.112555,35.128242],[137.111894,35.128399],[137.11167,35.127865],[137.111424,35.127773],[137.110835,35.128072],[137.110816,35.128404],[137.110379,35.128369],[137.110377,35.128371],[137.110356,35.128368],[137.109163,35.128157],[137.108511,35.128041],[137.10805,35.127955],[137.107711,35.127881],[137.107673,35.12663]]]}},{"type":"Feature","properties":{"name":"三好丘旭","city":"みよし市","code":"236","setai":1459,"jinko":3769,"n":5,"towns":["23236115001","23236115002","23236115003","23236115004","23236115005"],"lx":137.122428,"ly":35.120637},"geometry":{"type":"Polygon","coordinates":[[[137.116314,35.122682],[137.116333,35.122512],[137.116575,35.121956],[137.116899,35.122036],[137.117109,35.122045],[137.117275,35.12202],[137.117414,35.12197],[137.117531,35.121909],[137.117678,35.121776],[137.117792,35.121672],[137.118065,35.121412],[137.118324,35.121149],[137.118572,35.120895],[137.118805,35.120681],[137.119357,35.121055],[137.119571,35.121204],[137.119999,35.121414],[137.120074,35.121265],[137.12011,35.121277],[137.120249,35.120987],[137.120277,35.120861],[137.120792,35.120936],[137.121403,35.120052],[137.121645,35.120141],[137.121791,35.120363],[137.12263,35.119993],[137.122355,35.119762],[137.122572,35.119252],[137.122694,35.118992],[137.122807,35.118824],[137.122924,35.118676],[137.123733,35.11801],[137.122014,35.116667],[137.121789,35.116507],[137.121523,35.116334],[137.121227,35.116175],[137.120841,35.115967],[137.120479,35.115778],[137.120258,35.115639],[137.120031,35.115483],[137.119881,35.115375],[137.120058,35.115191],[137.120234,35.11528],[137.120633,35.11522],[137.120803,35.115093],[137.121238,35.114768],[137.122827,35.115902],[137.122987,35.115872],[137.123265,35.115851],[137.123577,35.115831],[137.123828,35.115891],[137.124169,35.11592],[137.124388,35.115895],[137.124701,35.115781],[137.125172,35.11566],[137.125526,35.11557],[137.125529,35.115672],[137.125559,35.11588],[137.125524,35.115973],[137.125479,35.116068],[137.125464,35.116184],[137.125451,35.116337],[137.125554,35.116462],[137.125597,35.116517],[137.125757,35.116581],[137.125948,35.116666],[137.126148,35.116776],[137.126311,35.116849],[137.126414,35.116984],[137.126303,35.117155],[137.126391,35.117201],[137.126471,35.117163],[137.126546,35.117209],[137.12664,35.117133],[137.1267,35.117163],[137.126751,35.117144],[137.126807,35.117206],[137.126824,35.117241],[137.12683,35.117285],[137.126909,35.11733],[137.12709,35.117483],[137.127304,35.117599],[137.127455,35.117637],[137.12764,35.117676],[137.127917,35.117683],[137.128051,35.117663],[137.128091,35.117909],[137.127902,35.117939],[137.127892,35.117983],[137.128023,35.118161],[137.128062,35.118429],[137.127587,35.118431],[137.127142,35.118395],[137.126957,35.118353],[137.126728,35.118258],[137.126623,35.118276],[137.126557,35.118578],[137.126613,35.118612],[137.126431,35.119177],[137.126911,35.119633],[137.126904,35.119693],[137.126823,35.119793],[137.126788,35.119926],[137.126765,35.120063],[137.126704,35.120433],[137.126674,35.120523],[137.126564,35.120692],[137.126229,35.120997],[137.126217,35.121111],[137.12655,35.121744],[137.126539,35.121785],[137.126456,35.121913],[137.126361,35.122158],[137.126234,35.122275],[137.125952,35.122475],[137.125794,35.122621],[137.125484,35.122667],[137.124536,35.122587],[137.124183,35.122493],[137.12395,35.122335],[137.12383,35.122268],[137.12348,35.122228],[137.12323,35.122142],[137.123119,35.122129],[137.122895,35.122251],[137.122737,35.122385],[137.122552,35.122584],[137.122342,35.123462],[137.122415,35.12348],[137.122412,35.123682],[137.12253,35.123958],[137.122736,35.123998],[137.122771,35.124115],[137.123081,35.124068],[137.123187,35.124473],[137.122933,35.124516],[137.122891,35.124523],[137.122729,35.124661],[137.122371,35.124788],[137.122261,35.124813],[137.12202,35.124838],[137.121746,35.124817],[137.121572,35.124761],[137.121442,35.124782],[137.121203,35.124759],[137.120583,35.124913],[137.120315,35.125052],[137.120104,35.125162],[137.120101,35.125156],[137.120007,35.1252],[137.119731,35.124776],[137.119686,35.124731],[137.119632,35.1247],[137.119556,35.124698],[137.11928,35.124808],[137.119063,35.124853],[137.118044,35.124963],[137.117985,35.125],[137.117358,35.125129],[137.117223,35.125156],[137.117497,35.12496],[137.117805,35.124741],[137.117194,35.124054],[137.116894,35.123746],[137.116685,35.123482],[137.116542,35.123229],[137.116507,35.123171],[137.116378,35.122915],[137.116314,35.122682]]]}},{"type":"Feature","properties":{"name":"三好丘緑","city":"みよし市","code":"236","setai":974,"jinko":2608,"n":5,"towns":["23236116001","23236116002","23236116003","23236116004","23236116005"],"lx":137.115379,"ly":35.110604},"geometry":{"type":"Polygon","coordinates":[[[137.110231,35.110851],[137.110513,35.109744],[137.110575,35.109825],[137.111228,35.10946],[137.111029,35.109143],[137.111112,35.109109],[137.112113,35.108589],[137.112588,35.108444],[137.113414,35.108234],[137.113526,35.108206],[137.114509,35.107552],[137.114786,35.107411],[137.115556,35.107263],[137.116531,35.107208],[137.116532,35.107218],[137.116646,35.107531],[137.11689,35.108066],[137.116911,35.10812],[137.116928,35.108164],[137.11695,35.108253],[137.116959,35.108338],[137.116967,35.108492],[137.117057,35.109178],[137.117111,35.109295],[137.117174,35.109387],[137.117229,35.109426],[137.117321,35.109429],[137.117479,35.109387],[137.118188,35.109175],[137.118264,35.109167],[137.118309,35.10919],[137.11834,35.109241],[137.118352,35.109326],[137.118364,35.109928],[137.118379,35.110044],[137.118424,35.11015],[137.118493,35.110269],[137.118573,35.110351],[137.119052,35.110806],[137.119151,35.110913],[137.119242,35.11104],[137.11929,35.111125],[137.119319,35.111191],[137.119321,35.111196],[137.119454,35.111511],[137.119539,35.11169],[137.119711,35.112035],[137.119773,35.112173],[137.119804,35.112287],[137.119791,35.112409],[137.119741,35.112877],[137.119626,35.113961],[137.119629,35.114103],[137.11964,35.114172],[137.119641,35.114175],[137.119663,35.11424],[137.119694,35.114306],[137.119792,35.114414],[137.119882,35.114479],[137.120181,35.114603],[137.120451,35.114769],[137.120712,35.114594],[137.120786,35.114565],[137.120923,35.114564],[137.120964,35.114573],[137.121238,35.114768],[137.120803,35.115093],[137.120633,35.11522],[137.120234,35.11528],[137.120058,35.115191],[137.119881,35.115375],[137.119521,35.115069],[137.119223,35.114787],[137.118857,35.114332],[137.118685,35.11407],[137.11847,35.113676],[137.118267,35.113187],[137.117587,35.111748],[137.117487,35.111561],[137.116067,35.111988],[137.114171,35.112568],[137.113033,35.112928],[137.112468,35.111655],[137.112213,35.111063],[137.111902,35.111243],[137.111502,35.111511],[137.110584,35.11129],[137.11038,35.111246],[137.110262,35.110989],[137.110231,35.110851]]]}},{"type":"Feature","properties":{"name":"三好丘桜","city":"みよし市","code":"236","setai":971,"jinko":2582,"n":5,"towns":["23236117001","23236117002","23236117003","23236117004","23236117005"],"lx":137.111623,"ly":35.112992},"geometry":{"type":"Polygon","coordinates":[[[137.103753,35.110511],[137.103792,35.110492],[137.103822,35.110524],[137.103875,35.110496],[137.104012,35.110552],[137.104074,35.11058],[137.104156,35.110523],[137.104403,35.1104],[137.104447,35.110373],[137.104513,35.110392],[137.104536,35.110351],[137.104246,35.110057],[137.104465,35.109899],[137.104604,35.109788],[137.104643,35.109759],[137.104739,35.109733],[137.104889,35.109621],[137.104928,35.109595],[137.105028,35.109527],[137.105247,35.109742],[137.105357,35.109821],[137.10548,35.109854],[137.105699,35.109866],[137.106096,35.109869],[137.106136,35.109879],[137.106168,35.109893],[137.10619,35.109916],[137.106212,35.109954],[137.106378,35.110413],[137.106461,35.110488],[137.10651,35.110517],[137.106643,35.110557],[137.107008,35.110668],[137.107047,35.110929],[137.107841,35.111053],[137.107839,35.111054],[137.107959,35.111071],[137.107965,35.111039],[137.107987,35.110915],[137.108064,35.110835],[137.109178,35.111165],[137.110156,35.111236],[137.11038,35.111246],[137.110584,35.11129],[137.111502,35.111511],[137.111902,35.111243],[137.112213,35.111063],[137.112468,35.111655],[137.113033,35.112928],[137.114171,35.112568],[137.116067,35.111988],[137.117487,35.111561],[137.117587,35.111748],[137.118267,35.113187],[137.11847,35.113676],[137.118685,35.11407],[137.118857,35.114332],[137.119223,35.114787],[137.119165,35.11482],[137.119079,35.114869],[137.118557,35.115127],[137.118128,35.115248],[137.11793,35.115279],[137.117482,35.11528],[137.117115,35.115249],[137.116489,35.115129],[137.115834,35.115011],[137.11471,35.114798],[137.114621,35.114785],[137.114149,35.114716],[137.11385,35.114695],[137.113166,35.114685],[137.112505,35.114715],[137.111266,35.114767],[137.110651,35.114797],[137.110349,35.114799],[137.109983,35.114805],[137.109738,35.11484],[137.109378,35.114921],[137.109107,35.115022],[137.108322,35.115355],[137.107961,35.114797],[137.107805,35.114552],[137.107742,35.114451],[137.107727,35.114426],[137.107633,35.114276],[137.107481,35.114042],[137.107136,35.113509],[137.107074,35.113437],[137.106963,35.113346],[137.106652,35.113161],[137.106604,35.113127],[137.106327,35.113096],[137.106356,35.113034],[137.106338,35.112911],[137.106331,35.112869],[137.1063,35.112711],[137.106266,35.11264],[137.106239,35.112552],[137.106199,35.112438],[137.106121,35.11221],[137.105982,35.112046],[137.10576,35.111898],[137.105689,35.111755],[137.105404,35.111235],[137.104985,35.111392],[137.104863,35.111298],[137.104686,35.111198],[137.104354,35.111043],[137.104182,35.110949],[137.103988,35.110762],[137.103753,35.110511]]]}},{"type":"Feature","properties":{"name":"園原","city":"みよし市","code":"236","setai":831,"jinko":1768,"n":5,"towns":["23236118001","23236118002","23236118003","23236118004","23236118005"],"lx":137.069855,"ly":35.083034},"geometry":{"type":"Polygon","coordinates":[[[137.065645,35.081173],[137.067207,35.079932],[137.067401,35.080105],[137.068671,35.081218],[137.068735,35.081267],[137.068767,35.081335],[137.068825,35.081421],[137.068969,35.081577],[137.069386,35.081959],[137.069497,35.082046],[137.069733,35.082226],[137.07002,35.082358],[137.070333,35.082509],[137.070452,35.082609],[137.070567,35.082718],[137.070845,35.083054],[137.071106,35.083175],[137.072255,35.083154],[137.072844,35.083144],[137.074181,35.08312],[137.074224,35.08314],[137.074286,35.083193],[137.074331,35.083266],[137.074466,35.083585],[137.074587,35.083596],[137.074691,35.083801],[137.07474,35.083856],[137.074874,35.083971],[137.074903,35.08402],[137.074895,35.084079],[137.074876,35.08413],[137.07482,35.084183],[137.074936,35.084305],[137.074555,35.084451],[137.074579,35.084561],[137.074065,35.084648],[137.073805,35.084694],[137.072769,35.084878],[137.07266,35.084703],[137.072625,35.084641],[137.072588,35.08454],[137.072556,35.084573],[137.072526,35.084604],[137.072462,35.084703],[137.072381,35.084762],[137.072222,35.084859],[137.071891,35.085025],[137.071773,35.085072],[137.071719,35.085103],[137.071657,35.085151],[137.071573,35.085272],[137.071602,35.085393],[137.071587,35.085405],[137.070655,35.084996],[137.069716,35.084584],[137.069333,35.084409],[137.069056,35.084289],[137.068943,35.084239],[137.067534,35.0836],[137.067482,35.083575],[137.067348,35.08343],[137.067102,35.083069],[137.066818,35.082654],[137.066607,35.082401],[137.066578,35.082368],[137.066084,35.081812],[137.065753,35.081443],[137.065664,35.081223],[137.065646,35.081175],[137.065645,35.081173]]]}},{"type":"Feature","properties":{"name":"みなよし台","city":"みよし市","code":"236","setai":170,"jinko":567,"n":1,"towns":["232361190"],"lx":137.087832,"ly":35.077288},"geometry":{"type":"Polygon","coordinates":[[[137.089905,35.078121],[137.089826,35.077909],[137.089604,35.07796],[137.089585,35.077888],[137.089551,35.077764],[137.089392,35.077785],[137.089241,35.077432],[137.08881,35.077557],[137.088497,35.076805],[137.088217,35.076133],[137.088209,35.076105],[137.088108,35.075763],[137.087817,35.075854],[137.087383,35.076065],[137.087062,35.076239],[137.086656,35.076458],[137.08647,35.076538],[137.085857,35.076738],[137.086819,35.077693],[137.087026,35.077906],[137.087248,35.077959],[137.087649,35.078202],[137.088017,35.078426],[137.088399,35.078659],[137.088824,35.078418],[137.089133,35.078335],[137.089401,35.078271],[137.089905,35.078121]]]}},{"type":"Feature","properties":{"name":"ひばりヶ丘","city":"みよし市","code":"236","setai":658,"jinko":3237,"n":2,"towns":["23236120001","23236120002"],"lx":137.117089,"ly":35.117511},"geometry":{"type":"Polygon","coordinates":[[[137.110651,35.114797],[137.111266,35.114767],[137.112505,35.114715],[137.113166,35.114685],[137.11385,35.114695],[137.114149,35.114716],[137.114621,35.114785],[137.11471,35.114798],[137.115834,35.115011],[137.116489,35.115129],[137.117115,35.115249],[137.117482,35.11528],[137.11793,35.115279],[137.118128,35.115248],[137.118557,35.115127],[137.119079,35.114869],[137.119165,35.11482],[137.119223,35.114787],[137.119521,35.115069],[137.119881,35.115375],[137.120031,35.115483],[137.120258,35.115639],[137.120479,35.115778],[137.120841,35.115967],[137.121227,35.116175],[137.121523,35.116334],[137.121789,35.116507],[137.122014,35.116667],[137.123733,35.11801],[137.122924,35.118676],[137.122807,35.118824],[137.122694,35.118992],[137.122572,35.119252],[137.122355,35.119762],[137.12263,35.119993],[137.121791,35.120363],[137.121645,35.120141],[137.121403,35.120052],[137.120792,35.120936],[137.120277,35.120861],[137.120249,35.120987],[137.12011,35.121277],[137.120074,35.121265],[137.119999,35.121414],[137.119571,35.121204],[137.119357,35.121055],[137.118805,35.120681],[137.118272,35.120322],[137.117691,35.12002],[137.117523,35.119958],[137.116147,35.119513],[137.114401,35.118988],[137.113402,35.118676],[137.112917,35.118541],[137.1122,35.118498],[137.111823,35.118576],[137.111281,35.118727],[137.111139,35.117911],[137.11108,35.11738],[137.110978,35.116727],[137.110841,35.115908],[137.110789,35.115559],[137.110651,35.114797]]]}},{"type":"Feature","properties":{"name":"潮見","city":"みよし市","code":"236","setai":210,"jinko":769,"n":1,"towns":["232361210"],"lx":137.111789,"ly":35.099191},"geometry":{"type":"Polygon","coordinates":[[[137.109447,35.096108],[137.109339,35.096029],[137.109201,35.096558],[137.110301,35.097392],[137.110593,35.097735],[137.11101,35.098237],[137.111269,35.09865],[137.111389,35.09886],[137.111555,35.099561],[137.111573,35.099732],[137.111584,35.100147],[137.111596,35.100643],[137.111631,35.102841],[137.111841,35.102841],[137.11178,35.102807],[137.11173,35.102748],[137.111695,35.102644],[137.111695,35.102544],[137.111741,35.102478],[137.112086,35.102154],[137.112187,35.102052],[137.11223,35.101973],[137.112295,35.101756],[137.112325,35.101637],[137.112362,35.101586],[137.112697,35.101309],[137.112904,35.101115],[137.112958,35.101047],[137.112969,35.10099],[137.113016,35.100702],[137.113044,35.100602],[137.113098,35.100503],[137.113126,35.10046],[137.11317,35.100393],[137.113279,35.100255],[137.113384,35.100127],[137.113489,35.099966],[137.113505,35.099927],[137.113521,35.099879],[137.113484,35.099781],[137.113218,35.099312],[137.112927,35.098799],[137.112769,35.09853],[137.112707,35.098444],[137.112623,35.098354],[137.112498,35.098259],[137.112346,35.098153],[137.112269,35.098104],[137.111792,35.097782],[137.111649,35.097679],[137.11156,35.097607],[137.111501,35.097533],[137.111459,35.097438],[137.111415,35.097316],[137.111431,35.09717],[137.111432,35.097143],[137.111215,35.097011],[137.111152,35.096979],[137.109447,35.096108]]]}},{"type":"Feature","properties":{"name":"黒笹","city":"みよし市","code":"236","setai":707,"jinko":1752,"n":3,"towns":["23236122001","23236122002","23236122003"],"lx":137.095044,"ly":35.12754},"geometry":{"type":"Polygon","coordinates":[[[137.08804,35.127273],[137.088323,35.126837],[137.088394,35.12672],[137.088556,35.126454],[137.088653,35.126252],[137.089074,35.126084],[137.089404,35.125972],[137.089932,35.125986],[137.090373,35.126031],[137.090503,35.126034],[137.090795,35.126042],[137.091201,35.126039],[137.091618,35.126],[137.091846,35.125955],[137.092054,35.125903],[137.09207,35.126518],[137.092075,35.126657],[137.092629,35.126628],[137.092791,35.126599],[137.093112,35.126594],[137.093169,35.126604],[137.093362,35.126672],[137.093511,35.126733],[137.093736,35.126891],[137.094162,35.126695],[137.094661,35.126389],[137.094804,35.126339],[137.09474,35.126247],[137.094642,35.126136],[137.094601,35.126047],[137.094595,35.125978],[137.094726,35.12599],[137.095344,35.126063],[137.095684,35.126147],[137.095737,35.126169],[137.096202,35.126365],[137.096893,35.126717],[137.097104,35.12683],[137.097457,35.127012],[137.098187,35.127412],[137.098629,35.127392],[137.09951,35.127312],[137.099729,35.127307],[137.099978,35.127337],[137.100315,35.127439],[137.100519,35.127526],[137.100636,35.127611],[137.100715,35.12761],[137.101139,35.127613],[137.101148,35.12864],[137.100718,35.128646],[137.100463,35.12865],[137.100455,35.129027],[137.100333,35.129012],[137.100274,35.128989],[137.098909,35.12899],[137.098365,35.129129],[137.097802,35.129166],[137.097382,35.129158],[137.096775,35.129075],[137.096037,35.128942],[137.095434,35.128802],[137.095055,35.128701],[137.094792,35.128626],[137.094626,35.128575],[137.09408,35.128409],[137.093916,35.128362],[137.093258,35.128164],[137.093052,35.128101],[137.092768,35.128015],[137.09229,35.127872],[137.091705,35.127711],[137.091337,35.127625],[137.090578,35.127479],[137.090555,35.127476],[137.09039,35.12745],[137.089978,35.127394],[137.08956,35.127358],[137.089319,35.127336],[137.089259,35.127331],[137.08804,35.127273]]]}},{"type":"Feature","properties":{"name":"黒笹いずみ","city":"みよし市","code":"236","setai":946,"jinko":2041,"n":3,"towns":["23236123001","23236123002","23236123003"],"lx":137.095435,"ly":35.130448},"geometry":{"type":"Polygon","coordinates":[[[137.087431,35.128082],[137.087718,35.127727],[137.08804,35.127273],[137.089259,35.127331],[137.089319,35.127336],[137.08956,35.127358],[137.089978,35.127394],[137.09039,35.12745],[137.090555,35.127476],[137.090578,35.127479],[137.091337,35.127625],[137.091705,35.127711],[137.09229,35.127872],[137.092768,35.128015],[137.093052,35.128101],[137.093258,35.128164],[137.093916,35.128362],[137.09408,35.128409],[137.094626,35.128575],[137.094792,35.128626],[137.095055,35.128701],[137.095434,35.128802],[137.096037,35.128942],[137.096775,35.129075],[137.097382,35.129158],[137.097802,35.129166],[137.098365,35.129129],[137.098909,35.12899],[137.100274,35.128989],[137.100333,35.129012],[137.100455,35.129027],[137.100463,35.12865],[137.100718,35.128646],[137.101148,35.12864],[137.101152,35.128794],[137.101162,35.129058],[137.101179,35.129208],[137.101194,35.129356],[137.101204,35.129442],[137.101292,35.1297],[137.101374,35.12987],[137.101485,35.130062],[137.101108,35.130231],[137.100115,35.13077],[137.100306,35.13109],[137.100088,35.131186],[137.099796,35.131268],[137.099555,35.131335],[137.099662,35.131579],[137.099895,35.13152],[137.100101,35.131453],[137.101505,35.130865],[137.101872,35.130708],[137.102506,35.131781],[137.102578,35.132126],[137.102585,35.132324],[137.102527,35.132615],[137.100006,35.132787],[137.097849,35.13288],[137.097399,35.133008],[137.096967,35.1331],[137.096963,35.133296],[137.096916,35.133308],[137.096759,35.133327],[137.09664,35.133365],[137.096533,35.133425],[137.096431,35.13352],[137.096347,35.133611],[137.096271,35.133757],[137.09621,35.13378],[137.096111,35.133785],[137.096009,35.133773],[137.095917,35.133749],[137.095542,35.133486],[137.095067,35.133125],[137.094626,35.132759],[137.094292,35.132499],[137.09394,35.13219],[137.09347,35.131705],[137.093352,35.131534],[137.093047,35.131131],[137.092963,35.131138],[137.092859,35.131167],[137.092612,35.131302],[137.092296,35.131527],[137.091811,35.13186],[137.09149,35.132272],[137.091157,35.132563],[137.090835,35.132675],[137.090689,35.13271],[137.090665,35.132716],[137.090584,35.132736],[137.090429,35.132777],[137.09021,35.132833],[137.090118,35.132858],[137.090292,35.132728],[137.090462,35.132504],[137.090545,35.132355],[137.090619,35.132134],[137.090682,35.131862],[137.09077,35.131303],[137.090795,35.131232],[137.090857,35.131123],[137.090941,35.131006],[137.091195,35.130651],[137.091224,35.130497],[137.091229,35.130142],[137.09122,35.130111],[137.091195,35.13009],[137.09111,35.130082],[137.091081,35.130068],[137.091035,35.129914],[137.090958,35.129875],[137.090618,35.129769],[137.090345,35.129676],[137.090247,35.129619],[137.089747,35.129505],[137.089548,35.129506],[137.089455,35.129506],[137.089169,35.129507],[137.089156,35.129472],[137.089053,35.129191],[137.088981,35.128776],[137.088965,35.128684],[137.088961,35.128659],[137.088945,35.128641],[137.088757,35.128441],[137.088192,35.128281],[137.08805,35.128264],[137.08768,35.12822],[137.087431,35.128082]]]}},{"type":"Feature","properties":{"name":"三好丘あおば","city":"みよし市","code":"236","setai":899,"jinko":2425,"n":2,"towns":["23236124001","23236124002"],"lx":137.104292,"ly":35.128842},"geometry":{"type":"Polygon","coordinates":[[[137.099555,35.131335],[137.099796,35.131268],[137.100088,35.131186],[137.100306,35.13109],[137.100115,35.13077],[137.101108,35.130231],[137.101485,35.130062],[137.101374,35.12987],[137.101292,35.1297],[137.101204,35.129442],[137.101194,35.129356],[137.101179,35.129208],[137.101162,35.129058],[137.101152,35.128794],[137.101148,35.12864],[137.101139,35.127613],[137.102211,35.1276],[137.102779,35.127559],[137.103236,35.1275],[137.103404,35.127486],[137.103669,35.127448],[137.103895,35.127403],[137.104506,35.127276],[137.104868,35.127189],[137.105562,35.126993],[137.106045,35.12685],[137.105977,35.126676],[137.106531,35.126355],[137.106501,35.126316],[137.106696,35.126212],[137.10679,35.126279],[137.10716,35.126379],[137.107177,35.126647],[137.107673,35.12663],[137.107711,35.127881],[137.10805,35.127955],[137.108511,35.128041],[137.109163,35.128157],[137.107735,35.129236],[137.106915,35.129854],[137.106168,35.129198],[137.105942,35.129217],[137.105459,35.129298],[137.105184,35.129382],[137.105063,35.129415],[137.104814,35.129494],[137.10399,35.12983],[137.103232,35.130142],[137.103475,35.130518],[137.103873,35.130625],[137.103774,35.130899],[137.103641,35.13104],[137.103453,35.131192],[137.103235,35.131417],[137.103256,35.131471],[137.103115,35.131687],[137.102884,35.131894],[137.102847,35.132025],[137.102578,35.132126],[137.102506,35.131781],[137.101872,35.130708],[137.101505,35.130865],[137.100101,35.131453],[137.099895,35.13152],[137.099662,35.131579],[137.099555,35.131335]]]}},{"type":"Feature","properties":{"name":"南台","city":"みよし市","code":"236","setai":181,"jinko":653,"n":1,"towns":["232361250"],"lx":137.096872,"ly":35.085496},"geometry":{"type":"Polygon","coordinates":[[[137.09553,35.086438],[137.095655,35.08642],[137.095779,35.08645],[137.096521,35.086331],[137.097024,35.086251],[137.097579,35.086158],[137.09764,35.086148],[137.098483,35.086006],[137.099028,35.085902],[137.098513,35.085014],[137.098382,35.08479],[137.098338,35.084731],[137.098239,35.084602],[137.098125,35.084434],[137.098099,35.084373],[137.097914,35.083954],[137.09677,35.084316],[137.096602,35.08437],[137.096694,35.084575],[137.096604,35.084872],[137.096579,35.084902],[137.096467,35.08503],[137.096357,35.085147],[137.096292,35.085208],[137.096201,35.085288],[137.096077,35.085362],[137.095994,35.085407],[137.095934,35.085419],[137.095913,35.08542],[137.095847,35.085423],[137.095726,35.085423],[137.095605,35.085463],[137.095611,35.085478],[137.095457,35.085635],[137.095377,35.085716],[137.095243,35.085529],[137.095139,35.08556],[137.095099,35.085579],[137.094591,35.08582],[137.09449,35.08604],[137.094299,35.086457],[137.094245,35.086695],[137.094705,35.086569],[137.095079,35.0865],[137.09553,35.086438]]]}},{"type":"Feature","properties":{"name":"根浦町","city":"みよし市","code":"236","setai":818,"jinko":1945,"n":7,"towns":["23236126001","23236126002","23236126003","23236126004","23236126005","23236126006","23236126007"],"lx":137.092086,"ly":35.112551},"geometry":{"type":"Polygon","coordinates":[[[137.086292,35.110597],[137.086369,35.110444],[137.086391,35.110083],[137.086523,35.109896],[137.086536,35.109844],[137.086443,35.109719],[137.086519,35.109249],[137.086667,35.109042],[137.086673,35.108916],[137.086665,35.108853],[137.086848,35.108811],[137.087302,35.110147],[137.087414,35.110101],[137.087778,35.109951],[137.088203,35.109799],[137.08836,35.109736],[137.088466,35.109695],[137.088803,35.109561],[137.090084,35.108895],[137.090095,35.108958],[137.089949,35.109497],[137.08991,35.10979],[137.089974,35.109788],[137.090167,35.109783],[137.090445,35.109713],[137.090824,35.109651],[137.090849,35.109681],[137.090975,35.109656],[137.090969,35.109463],[137.091005,35.109309],[137.091125,35.109133],[137.091175,35.108966],[137.091284,35.108933],[137.091395,35.108899],[137.091464,35.108878],[137.091704,35.108805],[137.091689,35.108725],[137.091642,35.10848],[137.091699,35.10847],[137.092053,35.108337],[137.092384,35.108212],[137.092778,35.108039],[137.092827,35.108024],[137.092954,35.107986],[137.093916,35.108231],[137.09402,35.108258],[137.09435,35.108342],[137.094398,35.108355],[137.094875,35.108477],[137.095036,35.108162],[137.095075,35.108044],[137.095314,35.108191],[137.09536,35.108202],[137.095726,35.108198],[137.095807,35.108187],[137.095847,35.108173],[137.09596,35.108105],[137.096,35.108105],[137.096047,35.108134],[137.096116,35.108209],[137.096227,35.108391],[137.09689,35.109173],[137.096936,35.109246],[137.097485,35.108963],[137.097522,35.109034],[137.097493,35.109096],[137.097625,35.109216],[137.097574,35.109277],[137.097597,35.109353],[137.097842,35.10955],[137.097784,35.109599],[137.097451,35.109961],[137.09836,35.110789],[137.098176,35.111128],[137.097532,35.112444],[137.096601,35.113517],[137.096338,35.114196],[137.095323,35.114635],[137.094628,35.114734],[137.094449,35.115366],[137.094376,35.115751],[137.094306,35.116058],[137.094114,35.116588],[137.093946,35.116982],[137.093903,35.117082],[137.093738,35.117496],[137.093629,35.117435],[137.093367,35.117388],[137.093262,35.117376],[137.093183,35.117299],[137.092786,35.117626],[137.092497,35.117329],[137.090583,35.117265],[137.089324,35.117268],[137.088847,35.117269],[137.088811,35.116915],[137.088097,35.116919],[137.088087,35.116845],[137.088089,35.116836],[137.088083,35.116816],[137.088071,35.116726],[137.088063,35.116446],[137.087988,35.116131],[137.08791,35.115972],[137.087813,35.115778],[137.087603,35.115354],[137.087571,35.115289],[137.087251,35.114856],[137.087151,35.114585],[137.087002,35.114196],[137.086908,35.114102],[137.086758,35.113638],[137.086844,35.113487],[137.086875,35.113353],[137.086911,35.113136],[137.087331,35.113117],[137.087269,35.112354],[137.087078,35.111997],[137.08697,35.111781],[137.086822,35.111785],[137.086897,35.111712],[137.08692,35.111626],[137.086877,35.111415],[137.086787,35.111205],[137.086537,35.110977],[137.086385,35.110828],[137.086351,35.110692],[137.086292,35.110597]]]}}]}