{"type":"FeatureCollection","features":[{"type":"Feature","properties":{"name":"田口字居立","city":"設楽町","code":"561","setai":105,"jinko":215,"n":1,"towns":["23561001001"],"lx":137.567704,"ly":35.098434},"geometry":{"type":"Polygon","coordinates":[[[137.571546,35.101196],[137.57163,35.101116],[137.571681,35.10113],[137.571807,35.101133],[137.571888,35.101127],[137.571937,35.101114],[137.57201,35.101086],[137.572203,35.101],[137.572267,35.100966],[137.572339,35.100912],[137.572375,35.100879],[137.572392,35.100856],[137.572356,35.10084],[137.57223,35.100787],[137.572089,35.100694],[137.572178,35.100492],[137.572256,35.100282],[137.572281,35.099964],[137.572233,35.099713],[137.57213,35.099373],[137.571984,35.09914],[137.571862,35.099012],[137.571759,35.098869],[137.571701,35.09875],[137.571678,35.098651],[137.571357,35.098421],[137.571064,35.098306],[137.570886,35.09819],[137.570919,35.097907],[137.571086,35.097932],[137.571142,35.097578],[137.571912,35.097268],[137.572073,35.097179],[137.572128,35.097114],[137.572141,35.09703],[137.572111,35.096928],[137.572588,35.096812],[137.572411,35.096782],[137.572046,35.096777],[137.571779,35.09668],[137.571547,35.096572],[137.571258,35.09642],[137.570943,35.096287],[137.570427,35.096117],[137.569952,35.095948],[137.568966,35.095653],[137.569,35.095505],[137.56903,35.095322],[137.568485,35.095211],[137.568294,35.095293],[137.567999,35.095509],[137.568084,35.095548],[137.567923,35.095772],[137.567808,35.09589],[137.567675,35.09594],[137.567496,35.09598],[137.56731,35.096015],[137.567063,35.096053],[137.566793,35.096092],[137.566653,35.096198],[137.566286,35.09658],[137.566097,35.0966],[137.565757,35.096644],[137.565502,35.096714],[137.565264,35.096852],[137.56512,35.096977],[137.565003,35.097112],[137.564833,35.097303],[137.564744,35.09745],[137.564555,35.097638],[137.564487,35.097626],[137.564418,35.097657],[137.564354,35.097692],[137.56421,35.097773],[137.564104,35.097836],[137.563956,35.097874],[137.563849,35.097877],[137.563598,35.097844],[137.563443,35.097869],[137.563302,35.097873],[137.563162,35.097892],[137.563074,35.097927],[137.562879,35.097956],[137.562673,35.097903],[137.562479,35.097869],[137.562305,35.097889],[137.562141,35.097952],[137.561948,35.097971],[137.561822,35.097956],[137.561678,35.097934],[137.561511,35.097916],[137.560971,35.098142],[137.561314,35.098347],[137.561562,35.098514],[137.561733,35.098616],[137.56224,35.098664],[137.562564,35.098726],[137.562795,35.098821],[137.562977,35.098993],[137.563116,35.099208],[137.563109,35.099392],[137.562952,35.099675],[137.562816,35.099838],[137.562558,35.100076],[137.562726,35.100287],[137.562879,35.10044],[137.5633,35.100945],[137.563364,35.10095],[137.563497,35.100956],[137.563515,35.100948],[137.563613,35.100907],[137.56374,35.10082],[137.563872,35.100688],[137.563976,35.100571],[137.564164,35.100411],[137.564327,35.100253],[137.564486,35.100192],[137.564657,35.100146],[137.564852,35.100099],[137.565028,35.100061],[137.565177,35.100037],[137.565491,35.100046],[137.565789,35.100051],[137.56633,35.099955],[137.566958,35.099928],[137.56763,35.099993],[137.568364,35.100156],[137.568693,35.100292],[137.569119,35.100361],[137.569365,35.100396],[137.569666,35.100485],[137.570362,35.100581],[137.570468,35.100605],[137.57052,35.100667],[137.570529,35.101098],[137.570553,35.101193],[137.570768,35.101324],[137.571093,35.10143],[137.571229,35.101395],[137.571359,35.101336],[137.571546,35.101196]]]}},{"type":"Feature","properties":{"name":"田口字大田","city":"設楽町","code":"561","setai":134,"jinko":339,"n":1,"towns":["23561001002"],"lx":137.566247,"ly":35.093354},"geometry":{"type":"Polygon","coordinates":[[[137.560971,35.098142],[137.561511,35.097916],[137.561678,35.097934],[137.561822,35.097956],[137.561948,35.097971],[137.562141,35.097952],[137.562305,35.097889],[137.562479,35.097869],[137.562673,35.097903],[137.562879,35.097956],[137.563074,35.097927],[137.563162,35.097892],[137.563302,35.097873],[137.563443,35.097869],[137.563598,35.097844],[137.563849,35.097877],[137.563956,35.097874],[137.564104,35.097836],[137.56421,35.097773],[137.564354,35.097692],[137.564418,35.097657],[137.564487,35.097626],[137.564555,35.097638],[137.564744,35.09745],[137.564833,35.097303],[137.565003,35.097112],[137.56512,35.096977],[137.565264,35.096852],[137.565502,35.096714],[137.565757,35.096644],[137.566097,35.0966],[137.566286,35.09658],[137.566653,35.096198],[137.566793,35.096092],[137.567063,35.096053],[137.56731,35.096015],[137.567496,35.09598],[137.567675,35.09594],[137.567808,35.09589],[137.567923,35.095772],[137.568084,35.095548],[137.567999,35.095509],[137.568294,35.095293],[137.568485,35.095211],[137.56903,35.095322],[137.569,35.095505],[137.568966,35.095653],[137.569952,35.095948],[137.570427,35.096117],[137.570943,35.096287],[137.571258,35.09642],[137.571547,35.096572],[137.571779,35.09668],[137.572046,35.096777],[137.572411,35.096782],[137.572588,35.096812],[137.5731,35.097184],[137.573294,35.097043],[137.573027,35.096757],[137.572973,35.096683],[137.573152,35.096729],[137.573109,35.096464],[137.573401,35.096422],[137.573622,35.09639],[137.573728,35.096387],[137.573873,35.096393],[137.573979,35.096411],[137.574032,35.096426],[137.574085,35.096426],[137.574127,35.096423],[137.574177,35.096401],[137.574489,35.096125],[137.574769,35.095859],[137.574831,35.095381],[137.574633,35.095071],[137.574365,35.094614],[137.574242,35.094328],[137.573937,35.094086],[137.573895,35.094036],[137.573887,35.093998],[137.573898,35.093948],[137.573911,35.093514],[137.57401,35.092478],[137.574028,35.092295],[137.574017,35.092237],[137.57399,35.092061],[137.573925,35.091637],[137.57387,35.091358],[137.573778,35.091146],[137.573739,35.09103],[137.57372,35.090887],[137.573689,35.090774],[137.573684,35.090684],[137.573745,35.090568],[137.573816,35.090431],[137.573884,35.090246],[137.573946,35.089731],[137.573935,35.089276],[137.573902,35.088975],[137.573885,35.088782],[137.57388,35.088442],[137.57383,35.088324],[137.573769,35.088252],[137.573704,35.088199],[137.573666,35.088171],[137.573662,35.088134],[137.573692,35.088106],[137.573787,35.088096],[137.573882,35.088092],[137.573913,35.08807],[137.573924,35.088017],[137.573893,35.087949],[137.573851,35.08789],[137.573794,35.087846],[137.573755,35.08769],[137.573659,35.087553],[137.573624,35.0874],[137.573614,35.08714],[137.573676,35.086949],[137.573743,35.086765],[137.573775,35.086569],[137.573748,35.086323],[137.573778,35.08616],[137.573766,35.086051],[137.573762,35.085989],[137.573753,35.08587],[137.573743,35.085758],[137.573289,35.085938],[137.573047,35.086042],[137.572786,35.086155],[137.572605,35.086238],[137.572366,35.086314],[137.572336,35.086323],[137.572076,35.086404],[137.571789,35.086499],[137.571453,35.086598],[137.571081,35.086716],[137.570807,35.086804],[137.570968,35.086944],[137.571126,35.087021],[137.571327,35.087099],[137.571519,35.087171],[137.571546,35.087224],[137.571533,35.087306],[137.571354,35.087561],[137.571279,35.087664],[137.57137,35.087819],[137.571647,35.088068],[137.57196,35.08835],[137.572395,35.088724],[137.572734,35.089118],[137.572885,35.089322],[137.572946,35.089536],[137.57296,35.089668],[137.572944,35.089798],[137.57293,35.090061],[137.572896,35.090343],[137.572861,35.091071],[137.57285,35.091194],[137.572809,35.091257],[137.572572,35.091393],[137.572327,35.091528],[137.571992,35.091732],[137.571555,35.092009],[137.571307,35.092158],[137.571134,35.092074],[137.570869,35.092031],[137.570599,35.091934],[137.570484,35.092073],[137.570229,35.092346],[137.569924,35.092676],[137.569635,35.093082],[137.56958,35.093107],[137.569313,35.093175],[137.56928,35.093164],[137.5692,35.093206],[137.568908,35.093252],[137.568725,35.093334],[137.56849,35.093466],[137.56834,35.09352],[137.56818,35.093613],[137.567952,35.093714],[137.567688,35.093801],[137.567518,35.09386],[137.567307,35.093925],[137.567223,35.093817],[137.566993,35.093572],[137.566787,35.093326],[137.566576,35.093037],[137.566211,35.0926],[137.566046,35.092458],[137.565889,35.092349],[137.565435,35.091976],[137.564418,35.090997],[137.564118,35.090802],[137.563827,35.090601],[137.563579,35.090442],[137.563375,35.090357],[137.563172,35.090291],[137.562939,35.09022],[137.562755,35.090146],[137.562535,35.090057],[137.562333,35.08995],[137.562177,35.089891],[137.561963,35.089822],[137.561849,35.089712],[137.561579,35.089475],[137.561246,35.08939],[137.560986,35.089441],[137.56089,35.089432],[137.560741,35.089428],[137.560589,35.089419],[137.560496,35.089419],[137.56037,35.089417],[137.560258,35.089417],[137.560176,35.089365],[137.559675,35.089045],[137.559377,35.088866],[137.5591,35.088946],[137.559012,35.088963],[137.558519,35.089089],[137.558333,35.089336],[137.558208,35.089508],[137.558138,35.089599],[137.55826,35.089841],[137.558352,35.090025],[137.558549,35.090439],[137.558523,35.090756],[137.55819,35.091352],[137.557893,35.091418],[137.558552,35.091902],[137.558808,35.092004],[137.559051,35.092131],[137.559156,35.092201],[137.559401,35.092366],[137.559631,35.092604],[137.559735,35.092865],[137.559854,35.093209],[137.559921,35.093405],[137.559977,35.093704],[137.560027,35.0939],[137.560072,35.094223],[137.560101,35.094544],[137.56,35.095155],[137.559895,35.095555],[137.559808,35.095763],[137.559748,35.096007],[137.559775,35.096203],[137.559821,35.096559],[137.559861,35.096673],[137.55999,35.096974],[137.560185,35.097185],[137.560291,35.097341],[137.560481,35.097626],[137.560658,35.097871],[137.560971,35.098142]]]}},{"type":"Feature","properties":{"name":"田口字杉平","city":"設楽町","code":"561","setai":10,"jinko":15,"n":1,"towns":["23561001007"],"lx":137.577458,"ly":35.091462},"geometry":{"type":"Polygon","coordinates":[[[137.580718,35.090825],[137.580307,35.090548],[137.579912,35.090085],[137.579775,35.089651],[137.579626,35.089188],[137.579207,35.088715],[137.578762,35.088231],[137.578258,35.088052],[137.577532,35.087933],[137.576316,35.087977],[137.576014,35.087865],[137.575501,35.087183],[137.575242,35.0868],[137.574649,35.086156],[137.57412,35.085966],[137.573976,35.085813],[137.573819,35.085752],[137.573743,35.085758],[137.573753,35.08587],[137.573762,35.085989],[137.573766,35.086051],[137.573778,35.08616],[137.573748,35.086323],[137.573775,35.086569],[137.573743,35.086765],[137.573676,35.086949],[137.573614,35.08714],[137.573624,35.0874],[137.573659,35.087553],[137.573755,35.08769],[137.573794,35.087846],[137.573851,35.08789],[137.573893,35.087949],[137.573924,35.088017],[137.573913,35.08807],[137.573882,35.088092],[137.573787,35.088096],[137.573692,35.088106],[137.573662,35.088134],[137.573666,35.088171],[137.573704,35.088199],[137.573769,35.088252],[137.57383,35.088324],[137.57388,35.088442],[137.573885,35.088782],[137.573902,35.088975],[137.573935,35.089276],[137.573946,35.089731],[137.573884,35.090246],[137.573816,35.090431],[137.573745,35.090568],[137.573684,35.090684],[137.573689,35.090774],[137.57372,35.090887],[137.573739,35.09103],[137.573778,35.091146],[137.57387,35.091358],[137.573925,35.091637],[137.57399,35.092061],[137.574017,35.092237],[137.574028,35.092295],[137.57401,35.092478],[137.573911,35.093514],[137.573898,35.093948],[137.573887,35.093998],[137.573895,35.094036],[137.573937,35.094086],[137.574242,35.094328],[137.574525,35.094161],[137.574635,35.094104],[137.574827,35.094154],[137.575115,35.094196],[137.575425,35.094217],[137.575629,35.09425],[137.575838,35.09429],[137.576001,35.094302],[137.576199,35.094327],[137.576381,35.094382],[137.576565,35.094457],[137.576721,35.094493],[137.576895,35.094521],[137.577011,35.094541],[137.577147,35.094422],[137.577283,35.094415],[137.577404,35.094485],[137.577486,35.094603],[137.577549,35.094638],[137.577946,35.094662],[137.578008,35.094671],[137.578091,35.094837],[137.578142,35.094946],[137.578212,35.095016],[137.578294,35.095083],[137.578558,35.095247],[137.57886,35.095494],[137.579078,35.09574],[137.579226,35.095987],[137.579256,35.096025],[137.579257,35.096025],[137.579419,35.095933],[137.579448,35.095916],[137.579881,35.095719],[137.579975,35.095741],[137.580136,35.095768],[137.580283,35.095774],[137.580361,35.09576],[137.580779,35.095567],[137.580678,35.09531],[137.580652,35.095237],[137.580675,35.095153],[137.580683,35.094871],[137.580693,35.094708],[137.580724,35.094663],[137.5808,35.094629],[137.580892,35.094634],[137.580975,35.09466],[137.581449,35.09486],[137.581499,35.094872],[137.581554,35.094871],[137.581605,35.094855],[137.581645,35.094813],[137.581721,35.094724],[137.581759,35.094714],[137.582004,35.094675],[137.582033,35.094653],[137.582341,35.094109],[137.582356,35.094043],[137.582365,35.093976],[137.582291,35.093768],[137.582242,35.093618],[137.582211,35.093471],[137.582204,35.093192],[137.582224,35.093121],[137.582293,35.093042],[137.582339,35.092967],[137.582359,35.092908],[137.582369,35.09287],[137.582372,35.092824],[137.582367,35.092777],[137.58236,35.092743],[137.582336,35.092687],[137.582291,35.092639],[137.582261,35.092615],[137.582226,35.092593],[137.581584,35.092336],[137.581555,35.092308],[137.581522,35.09227],[137.58152,35.092269],[137.581456,35.092186],[137.581236,35.091779],[137.581198,35.091617],[137.581182,35.091576],[137.581144,35.091505],[137.580843,35.09112],[137.580718,35.090826],[137.580718,35.090825]]]}},{"type":"Feature","properties":{"name":"田口字井戸入","city":"設楽町","code":"561","setai":206,"jinko":455,"n":1,"towns":["23561001012"],"lx":137.572746,"ly":35.10165},"geometry":{"type":"Polygon","coordinates":[[[137.568189,35.107773],[137.568648,35.107749],[137.569139,35.107758],[137.569517,35.107693],[137.569676,35.107581],[137.569838,35.107456],[137.569946,35.107258],[137.570116,35.107115],[137.570266,35.107048],[137.570511,35.107054],[137.57075,35.106954],[137.570868,35.106788],[137.570965,35.106687],[137.571094,35.106635],[137.571226,35.10663],[137.571637,35.106749],[137.57176,35.106754],[137.572048,35.106624],[137.572164,35.106578],[137.573318,35.106622],[137.573392,35.10661],[137.573565,35.106497],[137.573464,35.106215],[137.573481,35.106035],[137.573937,35.105417],[137.574109,35.105154],[137.574311,35.104824],[137.574512,35.104755],[137.575115,35.104701],[137.57566,35.104531],[137.576311,35.104295],[137.57671,35.104228],[137.576938,35.104284],[137.57743,35.104513],[137.578077,35.104769],[137.578431,35.104891],[137.578646,35.104809],[137.578679,35.104702],[137.578849,35.104148],[137.578898,35.104031],[137.578972,35.103967],[137.579743,35.103498],[137.580867,35.103429],[137.580957,35.103402],[137.58102,35.103304],[137.580991,35.10319],[137.580525,35.102708],[137.580516,35.102698],[137.580432,35.102504],[137.580483,35.102208],[137.580549,35.10189],[137.580791,35.101619],[137.581083,35.101314],[137.581299,35.101114],[137.58177,35.100821],[137.581852,35.099669],[137.58185,35.09937],[137.581727,35.099318],[137.581627,35.099263],[137.58158,35.099197],[137.581541,35.099087],[137.581483,35.098903],[137.581217,35.098393],[137.581138,35.098304],[137.58064,35.097996],[137.580798,35.097813],[137.580835,35.097776],[137.580887,35.097753],[137.580946,35.097742],[137.580987,35.097732],[137.581013,35.097714],[137.581038,35.09768],[137.581042,35.097655],[137.581029,35.097609],[137.58099,35.097539],[137.581031,35.097489],[137.581116,35.097443],[137.581178,35.097468],[137.581261,35.09748],[137.581341,35.097488],[137.581395,35.097508],[137.581422,35.097524],[137.581483,35.097576],[137.581538,35.097628],[137.581572,35.09766],[137.581634,35.097703],[137.581661,35.097717],[137.581682,35.097729],[137.581742,35.097739],[137.581804,35.097747],[137.581841,35.097742],[137.581858,35.097723],[137.581859,35.097687],[137.581848,35.097647],[137.581824,35.097615],[137.58175,35.097587],[137.581673,35.097569],[137.58166,35.097567],[137.581658,35.097045],[137.581615,35.096728],[137.581607,35.096672],[137.581333,35.09671],[137.580662,35.096782],[137.580005,35.096665],[137.579863,35.096548],[137.579662,35.096393],[137.579396,35.096204],[137.579256,35.096025],[137.579226,35.095987],[137.579078,35.09574],[137.57886,35.095494],[137.578558,35.095247],[137.578294,35.095083],[137.578212,35.095016],[137.578142,35.094946],[137.578091,35.094837],[137.578008,35.094671],[137.577946,35.094662],[137.577549,35.094638],[137.577486,35.094603],[137.577404,35.094485],[137.577283,35.094415],[137.577147,35.094422],[137.577011,35.094541],[137.576895,35.094521],[137.576721,35.094493],[137.576565,35.094457],[137.576381,35.094382],[137.576199,35.094327],[137.576001,35.094302],[137.575838,35.09429],[137.575629,35.09425],[137.575425,35.094217],[137.575115,35.094196],[137.574827,35.094154],[137.574635,35.094104],[137.574525,35.094161],[137.574242,35.094328],[137.574365,35.094614],[137.574633,35.095071],[137.574831,35.095381],[137.574769,35.095859],[137.574489,35.096125],[137.574177,35.096401],[137.574127,35.096423],[137.574085,35.096426],[137.574032,35.096426],[137.573979,35.096411],[137.573873,35.096393],[137.573728,35.096387],[137.573622,35.09639],[137.573401,35.096422],[137.573109,35.096464],[137.573152,35.096729],[137.572973,35.096683],[137.573027,35.096757],[137.573294,35.097043],[137.5731,35.097184],[137.572588,35.096812],[137.572111,35.096928],[137.572141,35.09703],[137.572128,35.097114],[137.572073,35.097179],[137.571912,35.097268],[137.571142,35.097578],[137.571086,35.097932],[137.570919,35.097907],[137.570886,35.09819],[137.571064,35.098306],[137.571357,35.098421],[137.571678,35.098651],[137.571701,35.09875],[137.571759,35.098869],[137.571862,35.099012],[137.571984,35.09914],[137.57213,35.099373],[137.572233,35.099713],[137.572281,35.099964],[137.572256,35.100282],[137.572178,35.100492],[137.572089,35.100694],[137.57223,35.100787],[137.572356,35.10084],[137.572392,35.100856],[137.572375,35.100879],[137.572339,35.100912],[137.572267,35.100966],[137.572203,35.101],[137.57201,35.101086],[137.571937,35.101114],[137.571888,35.101127],[137.571807,35.101133],[137.571681,35.10113],[137.57163,35.101116],[137.571546,35.101196],[137.571359,35.101336],[137.571229,35.101395],[137.571093,35.10143],[137.570768,35.101324],[137.570553,35.101193],[137.570529,35.101098],[137.57052,35.100667],[137.570468,35.100605],[137.570362,35.100581],[137.569666,35.100485],[137.569365,35.100396],[137.569119,35.100361],[137.568693,35.100292],[137.568364,35.100156],[137.56763,35.099993],[137.566958,35.099928],[137.56633,35.099955],[137.565789,35.100051],[137.565491,35.100046],[137.565177,35.100037],[137.565028,35.100061],[137.564852,35.100099],[137.564657,35.100146],[137.564486,35.100192],[137.564327,35.100253],[137.564164,35.100411],[137.563976,35.100571],[137.563872,35.100688],[137.56374,35.10082],[137.563613,35.100907],[137.563515,35.100948],[137.563497,35.100956],[137.563364,35.10095],[137.5633,35.100945],[137.563558,35.101255],[137.563726,35.101564],[137.563948,35.101835],[137.564005,35.101989],[137.563992,35.102113],[137.563829,35.102282],[137.563787,35.102366],[137.56383,35.102483],[137.563889,35.102624],[137.563989,35.102796],[137.564081,35.102983],[137.564136,35.103153],[137.564134,35.103349],[137.564058,35.103512],[137.563914,35.103648],[137.563764,35.103704],[137.563613,35.103833],[137.563557,35.103967],[137.563452,35.104307],[137.563409,35.104553],[137.563302,35.104658],[137.563149,35.104703],[137.562947,35.10469],[137.562803,35.104743],[137.562736,35.10486],[137.562725,35.104965],[137.562777,35.105353],[137.56284,35.105783],[137.562932,35.106246],[137.563062,35.106761],[137.56313,35.10723],[137.563188,35.107459],[137.563324,35.107542],[137.563586,35.107593],[137.563677,35.107583],[137.564001,35.107517],[137.56425,35.107366],[137.564374,35.107179],[137.564486,35.106759],[137.564588,35.106726],[137.565326,35.106945],[137.565787,35.107046],[137.566174,35.10712],[137.566586,35.107223],[137.567163,35.107502],[137.567497,35.107633],[137.567807,35.107721],[137.567862,35.107739],[137.568189,35.107773]]]}},{"type":"Feature","properties":{"name":"清崎字名郡","city":"設楽町","code":"561","setai":73,"jinko":292,"n":1,"towns":["23561002001"],"lx":137.558158,"ly":35.072572},"geometry":{"type":"Polygon","coordinates":[[[137.556102,35.091611],[137.5572,35.091293],[137.557577,35.091304],[137.557746,35.091313],[137.557893,35.091418],[137.55819,35.091352],[137.558523,35.090756],[137.558549,35.090439],[137.558352,35.090025],[137.55826,35.089841],[137.558138,35.089599],[137.558208,35.089508],[137.558333,35.089336],[137.558519,35.089089],[137.559012,35.088963],[137.5591,35.088946],[137.559377,35.088866],[137.559859,35.088741],[137.560089,35.088707],[137.560869,35.088688],[137.561247,35.088663],[137.561497,35.088672],[137.561732,35.088678],[137.561965,35.088664],[137.562332,35.088624],[137.56319,35.088436],[137.564125,35.088198],[137.564904,35.088041],[137.565593,35.087867],[137.565953,35.087766],[137.56637,35.087657],[137.566742,35.087572],[137.567149,35.0875],[137.567528,35.087443],[137.567943,35.087399],[137.56873,35.087289],[137.569184,35.087226],[137.569622,35.087128],[137.570096,35.087042],[137.570358,35.086982],[137.57056,35.08691],[137.570807,35.086804],[137.571081,35.086716],[137.571453,35.086598],[137.571789,35.086499],[137.572076,35.086404],[137.572336,35.086323],[137.572366,35.086314],[137.572605,35.086238],[137.572786,35.086155],[137.573047,35.086042],[137.573289,35.085938],[137.573743,35.085758],[137.573819,35.085752],[137.573962,35.08556],[137.574236,35.08536],[137.57457,35.085129],[137.574645,35.084894],[137.574767,35.08454],[137.574754,35.084308],[137.57486,35.084062],[137.574688,35.084021],[137.574614,35.083922],[137.574563,35.08375],[137.57464,35.083549],[137.575206,35.083112],[137.575646,35.082781],[137.575981,35.082627],[137.5764,35.082528],[137.576697,35.082354],[137.577282,35.081805],[137.577583,35.081501],[137.578107,35.081016],[137.578211,35.080805],[137.578132,35.080586],[137.577864,35.080386],[137.577386,35.080218],[137.577218,35.08019],[137.57676,35.080299],[137.576321,35.080488],[137.575977,35.080525],[137.575779,35.080621],[137.575681,35.080713],[137.575486,35.080917],[137.575241,35.080957],[137.575012,35.080883],[137.574809,35.080732],[137.574522,35.080294],[137.574384,35.080199],[137.574143,35.080129],[137.573675,35.080104],[137.573572,35.080045],[137.573609,35.079825],[137.573755,35.079666],[137.57406,35.079541],[137.574491,35.079508],[137.574807,35.079569],[137.575631,35.079849],[137.575937,35.079879],[137.576085,35.079736],[137.576161,35.07953],[137.576451,35.078971],[137.576476,35.078681],[137.576354,35.078483],[137.576173,35.078364],[137.575876,35.078307],[137.575269,35.078345],[137.574519,35.078442],[137.574142,35.078364],[137.573773,35.07819],[137.573532,35.07803],[137.573445,35.077843],[137.573493,35.077715],[137.573634,35.077558],[137.57393,35.077266],[137.573936,35.07714],[137.573784,35.076973],[137.57379,35.076763],[137.573872,35.076326],[137.573765,35.076141],[137.573445,35.076069],[137.573263,35.076124],[137.572245,35.076623],[137.571897,35.076666],[137.571746,35.076626],[137.571568,35.076448],[137.571231,35.076105],[137.570871,35.075903],[137.570644,35.075841],[137.570427,35.075849],[137.570281,35.075915],[137.569326,35.07512],[137.568376,35.074053],[137.567536,35.072854],[137.566807,35.071777],[137.565879,35.06971],[137.565354,35.067127],[137.565258,35.064139],[137.565617,35.061412],[137.566078,35.059773],[137.565847,35.05972],[137.565647,35.059169],[137.565572,35.058962],[137.565435,35.05887],[137.565185,35.05887],[137.564885,35.058804],[137.56461,35.058645],[137.564447,35.058512],[137.564247,35.058237],[137.563972,35.058237],[137.563485,35.05842],[137.56326,35.058445],[137.56291,35.058262],[137.56261,35.058262],[137.562297,35.058304],[137.561885,35.058262],[137.561442,35.058061],[137.561335,35.058012],[137.560985,35.057929],[137.560785,35.057704],[137.560673,35.057004],[137.560535,35.056687],[137.560057,35.05605],[137.559435,35.05522],[137.559385,35.055154],[137.559298,35.055087],[137.559151,35.05502],[137.55906,35.054979],[137.558723,35.054954],[137.558448,35.055071],[137.557236,35.055179],[137.555898,35.055179],[137.555311,35.055362],[137.555073,35.05532],[137.554461,35.05507],[137.553636,35.054979],[137.553423,35.054712],[137.553173,35.054487],[137.552899,35.054371],[137.552649,35.05437],[137.552324,35.054462],[137.551611,35.054604],[137.551386,35.054712],[137.550974,35.055095],[137.550286,35.05532],[137.550124,35.055454],[137.550149,35.055637],[137.550286,35.05582],[137.550611,35.05608],[137.550786,35.05622],[137.551224,35.056495],[137.551411,35.05667],[137.551361,35.056945],[137.550124,35.057237],[137.549624,35.057328],[137.549161,35.057462],[137.548561,35.057603],[137.548149,35.057712],[137.547761,35.057778],[137.547211,35.057712],[137.546849,35.057737],[137.546387,35.05767],[137.545949,35.057537],[137.545612,35.057553],[137.545562,35.057603],[137.545287,35.057628],[137.545062,35.057562],[137.544762,35.057512],[137.544049,35.057537],[137.542749,35.05722],[137.542474,35.056795],[137.542287,35.05657],[137.541962,35.056412],[137.541904,35.056356],[137.541825,35.056278],[137.541793,35.056107],[137.541762,35.055937],[137.541625,35.055828],[137.541,35.05562],[137.540137,35.05517],[137.539233,35.054601],[137.539024,35.055089],[137.538928,35.055393],[137.538904,35.055894],[137.539027,35.056385],[137.539156,35.056805],[137.539153,35.057298],[137.53904,35.057551],[137.538327,35.058071],[137.537853,35.05815],[137.537246,35.058285],[137.536667,35.058473],[137.536457,35.058609],[137.536412,35.058768],[137.53643,35.059005],[137.536602,35.059241],[137.536911,35.059572],[137.537268,35.059854],[137.537583,35.06013],[137.538092,35.06044],[137.538366,35.060709],[137.538422,35.060892],[137.538422,35.061247],[137.538404,35.061628],[137.538273,35.062039],[137.538166,35.062377],[137.53786,35.06273],[137.53761,35.063092],[137.537503,35.063442],[137.537607,35.063805],[137.537909,35.063996],[137.538178,35.064103],[137.538687,35.064102],[137.538941,35.064109],[137.539592,35.064135],[137.540071,35.064147],[137.540453,35.064176],[137.540834,35.064272],[137.541,35.064377],[137.541347,35.064757],[137.541397,35.065215],[137.54136,35.065563],[137.541268,35.065926],[137.54129,35.066347],[137.54126,35.066715],[137.541425,35.067014],[137.541785,35.067175],[137.541939,35.067178],[137.542162,35.067067],[137.542382,35.066759],[137.542684,35.066327],[137.543001,35.065813],[137.543401,35.065411],[137.543624,35.065078],[137.544311,35.064797],[137.54485,35.064691],[137.545799,35.064596],[137.546398,35.064479],[137.547095,35.064172],[137.547303,35.064186],[137.548001,35.064422],[137.548926,35.064768],[137.549742,35.065197],[137.550241,35.06547],[137.550722,35.065699],[137.551285,35.066069],[137.551407,35.066176],[137.551962,35.066754],[137.55247,35.067072],[137.552886,35.067396],[137.553379,35.067677],[137.554129,35.068081],[137.555005,35.068488],[137.555373,35.068652],[137.555704,35.06894],[137.556059,35.069349],[137.556162,35.069617],[137.556278,35.070016],[137.556437,35.070617],[137.556515,35.071137],[137.556669,35.07171],[137.556861,35.072238],[137.557034,35.072778],[137.557258,35.073354],[137.557361,35.073665],[137.557396,35.074047],[137.557327,35.074553],[137.557152,35.07512],[137.556941,35.075611],[137.556637,35.076142],[137.556226,35.07686],[137.556109,35.077143],[137.55568,35.077849],[137.555001,35.078762],[137.554652,35.079099],[137.554235,35.079234],[137.55388,35.079115],[137.553698,35.078756],[137.553863,35.078334],[137.554181,35.077908],[137.554357,35.077564],[137.554706,35.077213],[137.554952,35.076703],[137.554957,35.076437],[137.55452,35.075917],[137.55381,35.0754],[137.553049,35.075166],[137.552333,35.075221],[137.552037,35.075369],[137.551807,35.075632],[137.551668,35.076079],[137.551792,35.076495],[137.551967,35.076983],[137.552076,35.077362],[137.552152,35.077629],[137.552214,35.077987],[137.552088,35.078291],[137.551745,35.078571],[137.551304,35.078779],[137.550806,35.079046],[137.550531,35.079283],[137.550393,35.07958],[137.550377,35.07989],[137.550527,35.080172],[137.550727,35.080536],[137.550981,35.080856],[137.551217,35.081205],[137.551341,35.081442],[137.551725,35.081886],[137.551989,35.082387],[137.552043,35.082797],[137.551884,35.083231],[137.551577,35.083534],[137.550649,35.083995],[137.550039,35.084209],[137.549773,35.084544],[137.54971,35.08502],[137.549969,35.085301],[137.550302,35.085493],[137.55041,35.085669],[137.550389,35.085801],[137.550112,35.086145],[137.549894,35.08634],[137.54952,35.086605],[137.549414,35.086843],[137.549382,35.086958],[137.549319,35.087125],[137.549342,35.087662],[137.54944,35.087908],[137.549528,35.08833],[137.549873,35.088884],[137.550046,35.089068],[137.550422,35.089313],[137.552269,35.090241],[137.553388,35.09117],[137.554494,35.091528],[137.556102,35.091611]]]}},{"type":"Feature","properties":{"name":"清崎字上原","city":"設楽町","code":"561","setai":51,"jinko":63,"n":1,"towns":["23561002002"],"lx":137.570893,"ly":35.089393},"geometry":{"type":"Polygon","coordinates":[[[137.571555,35.092009],[137.571992,35.091732],[137.572327,35.091528],[137.572572,35.091393],[137.572809,35.091257],[137.57285,35.091194],[137.572861,35.091071],[137.572896,35.090343],[137.57293,35.090061],[137.572944,35.089798],[137.57296,35.089668],[137.572946,35.089536],[137.572885,35.089322],[137.572734,35.089118],[137.572395,35.088724],[137.57196,35.08835],[137.571647,35.088068],[137.57137,35.087819],[137.571279,35.087664],[137.571354,35.087561],[137.571533,35.087306],[137.571546,35.087224],[137.571519,35.087171],[137.571327,35.087099],[137.571126,35.087021],[137.570968,35.086944],[137.570807,35.086804],[137.57056,35.08691],[137.570358,35.086982],[137.570096,35.087042],[137.569622,35.087128],[137.569184,35.087226],[137.56873,35.087289],[137.568738,35.087379],[137.568731,35.087482],[137.568701,35.087548],[137.568553,35.087598],[137.568534,35.087651],[137.568511,35.087686],[137.568413,35.087752],[137.56839,35.087811],[137.568379,35.087855],[137.568475,35.087939],[137.568452,35.088023],[137.568525,35.088198],[137.568568,35.088279],[137.568598,35.088344],[137.568625,35.088391],[137.568602,35.088435],[137.568588,35.088519],[137.568634,35.0886],[137.568702,35.088643],[137.568729,35.088665],[137.568744,35.088687],[137.568709,35.088765],[137.568698,35.088834],[137.568721,35.088906],[137.568786,35.088974],[137.5689,35.089017],[137.568968,35.089048],[137.569018,35.089076],[137.569094,35.089123],[137.569292,35.089144],[137.569421,35.08914],[137.569561,35.089115],[137.569664,35.089121],[137.569759,35.089142],[137.569856,35.089201],[137.569944,35.089279],[137.569812,35.089618],[137.569782,35.089783],[137.5698,35.089943],[137.569874,35.090043],[137.570014,35.090109],[137.570252,35.090188],[137.570445,35.090258],[137.57059,35.090332],[137.570543,35.090473],[137.570446,35.090618],[137.570187,35.091006],[137.570064,35.091133],[137.569959,35.091283],[137.569773,35.091505],[137.569834,35.09158],[137.569857,35.09173],[137.569926,35.091727],[137.570047,35.091744],[137.570278,35.09182],[137.570545,35.091915],[137.570599,35.091934],[137.570869,35.092031],[137.571134,35.092074],[137.571307,35.092158],[137.571555,35.092009]]]}},{"type":"Feature","properties":{"name":"清崎字上塩津","city":"設楽町","code":"561","setai":19,"jinko":54,"n":1,"towns":["23561002004"],"lx":137.57741,"ly":35.070644},"geometry":{"type":"Polygon","coordinates":[[[137.590555,35.072559],[137.590565,35.071883],[137.5906,35.071368],[137.590586,35.070934],[137.5904,35.07053],[137.589968,35.070128],[137.589709,35.069846],[137.589585,35.069443],[137.589572,35.069312],[137.589324,35.068858],[137.589078,35.068556],[137.588782,35.068436],[137.588463,35.068458],[137.587959,35.068379],[137.587577,35.068148],[137.587342,35.067826],[137.587218,35.067523],[137.587032,35.067171],[137.586639,35.06701],[137.586048,35.066922],[137.585446,35.066752],[137.584904,35.066482],[137.584694,35.06627],[137.584312,35.065838],[137.583954,35.065566],[137.583425,35.065377],[137.582724,35.065318],[137.58195,35.065331],[137.581287,35.065415],[137.580562,35.065397],[137.580217,35.065257],[137.579934,35.065016],[137.57976,35.064592],[137.579685,35.064108],[137.579511,35.063583],[137.57957,35.063028],[137.579618,35.062644],[137.579682,35.059624],[137.579371,35.059662],[137.579021,35.059529],[137.578708,35.059487],[137.576896,35.059537],[137.575996,35.059554],[137.575521,35.059512],[137.574596,35.059354],[137.574071,35.059354],[137.572909,35.059604],[137.572284,35.059562],[137.572146,35.059579],[137.571896,35.059695],[137.571671,35.059879],[137.571159,35.060128],[137.570846,35.06017],[137.570384,35.060304],[137.570197,35.060395],[137.569947,35.060445],[137.568684,35.060395],[137.568134,35.060353],[137.567697,35.060353],[137.567147,35.060195],[137.566647,35.059904],[137.566078,35.059773],[137.565617,35.061412],[137.565258,35.064139],[137.565354,35.067127],[137.565879,35.06971],[137.566807,35.071777],[137.567536,35.072854],[137.568376,35.074053],[137.569326,35.07512],[137.570281,35.075915],[137.570427,35.075849],[137.570644,35.075841],[137.570871,35.075903],[137.571231,35.076105],[137.571568,35.076448],[137.571746,35.076626],[137.571897,35.076666],[137.572245,35.076623],[137.573263,35.076124],[137.573445,35.076069],[137.573765,35.076141],[137.573872,35.076326],[137.57379,35.076763],[137.573784,35.076973],[137.573936,35.07714],[137.57393,35.077266],[137.573634,35.077558],[137.573493,35.077715],[137.573445,35.077843],[137.573532,35.07803],[137.573773,35.07819],[137.574142,35.078364],[137.574519,35.078442],[137.575269,35.078345],[137.575876,35.078307],[137.576173,35.078364],[137.576354,35.078483],[137.576476,35.078681],[137.576451,35.078971],[137.576161,35.07953],[137.576085,35.079736],[137.575937,35.079879],[137.575631,35.079849],[137.574807,35.079569],[137.574491,35.079508],[137.57406,35.079541],[137.573755,35.079666],[137.573609,35.079825],[137.573572,35.080045],[137.573675,35.080104],[137.574143,35.080129],[137.574384,35.080199],[137.574522,35.080294],[137.574809,35.080732],[137.575012,35.080883],[137.575241,35.080957],[137.575486,35.080917],[137.575681,35.080713],[137.575779,35.080621],[137.575977,35.080525],[137.576321,35.080488],[137.57676,35.080299],[137.577218,35.08019],[137.577386,35.080218],[137.577864,35.080386],[137.578132,35.080586],[137.578211,35.080805],[137.578107,35.081016],[137.577583,35.081501],[137.577282,35.081805],[137.576697,35.082354],[137.5764,35.082528],[137.575981,35.082627],[137.575646,35.082781],[137.575206,35.083112],[137.57464,35.083549],[137.574563,35.08375],[137.574614,35.083922],[137.574688,35.084021],[137.57486,35.084062],[137.575231,35.083872],[137.575624,35.08378],[137.576165,35.083596],[137.576508,35.083484],[137.577074,35.083411],[137.577344,35.083269],[137.577712,35.083066],[137.578129,35.082933],[137.578583,35.082588],[137.579,35.082304],[137.57933,35.08201],[137.579612,35.081646],[137.579857,35.081443],[137.580299,35.08132],[137.580643,35.081208],[137.581012,35.081257],[137.581086,35.081489],[137.581185,35.08168],[137.581665,35.081901],[137.582194,35.081939],[137.582796,35.081907],[137.583189,35.081865],[137.583619,35.081661],[137.58411,35.081559],[137.584417,35.081356],[137.584847,35.081253],[137.585436,35.08119],[137.586039,35.081208],[137.586555,35.081166],[137.586923,35.081114],[137.587181,35.080942],[137.587351,35.080355],[137.587422,35.07978],[137.587556,35.079355],[137.587886,35.07891],[137.588327,35.078333],[137.588448,35.077878],[137.588594,35.077433],[137.588814,35.077069],[137.589033,35.076603],[137.589154,35.076048],[137.589238,35.075401],[137.589359,35.074896],[137.589321,35.074553],[137.589172,35.07419],[137.589133,35.073695],[137.589218,35.073402],[137.589328,35.07317],[137.589683,35.072886],[137.590555,35.072559]]]}},{"type":"Feature","properties":{"name":"清崎字下ノ澤","city":"設楽町","code":"561","setai":40,"jinko":86,"n":1,"towns":["23561002011"],"lx":137.56647,"ly":35.09027},"geometry":{"type":"Polygon","coordinates":[[[137.56818,35.093613],[137.56834,35.09352],[137.56849,35.093466],[137.568725,35.093334],[137.568908,35.093252],[137.5692,35.093206],[137.56928,35.093164],[137.569313,35.093175],[137.56958,35.093107],[137.569635,35.093082],[137.569924,35.092676],[137.570229,35.092346],[137.570484,35.092073],[137.570599,35.091934],[137.570545,35.091915],[137.570278,35.09182],[137.570047,35.091744],[137.569926,35.091727],[137.569857,35.09173],[137.569834,35.09158],[137.569773,35.091505],[137.569959,35.091283],[137.570064,35.091133],[137.570187,35.091006],[137.570446,35.090618],[137.570543,35.090473],[137.57059,35.090332],[137.570445,35.090258],[137.570252,35.090188],[137.570014,35.090109],[137.569874,35.090043],[137.5698,35.089943],[137.569782,35.089783],[137.569812,35.089618],[137.569944,35.089279],[137.569856,35.089201],[137.569759,35.089142],[137.569664,35.089121],[137.569561,35.089115],[137.569421,35.08914],[137.569292,35.089144],[137.569094,35.089123],[137.569018,35.089076],[137.568968,35.089048],[137.5689,35.089017],[137.568786,35.088974],[137.568721,35.088906],[137.568698,35.088834],[137.568709,35.088765],[137.568744,35.088687],[137.568729,35.088665],[137.568702,35.088643],[137.568634,35.0886],[137.568588,35.088519],[137.568602,35.088435],[137.568625,35.088391],[137.568598,35.088344],[137.568568,35.088279],[137.568525,35.088198],[137.568452,35.088023],[137.568475,35.087939],[137.568379,35.087855],[137.56839,35.087811],[137.568413,35.087752],[137.568511,35.087686],[137.568534,35.087651],[137.568553,35.087598],[137.568701,35.087548],[137.568731,35.087482],[137.568738,35.087379],[137.56873,35.087289],[137.567943,35.087399],[137.567528,35.087443],[137.567149,35.0875],[137.566742,35.087572],[137.56637,35.087657],[137.565953,35.087766],[137.565593,35.087867],[137.564904,35.088041],[137.564125,35.088198],[137.56319,35.088436],[137.562332,35.088624],[137.561965,35.088664],[137.561732,35.088678],[137.561497,35.088672],[137.561247,35.088663],[137.560869,35.088688],[137.560089,35.088707],[137.559859,35.088741],[137.559377,35.088866],[137.559675,35.089045],[137.560176,35.089365],[137.560258,35.089417],[137.56037,35.089417],[137.560496,35.089419],[137.560589,35.089419],[137.560741,35.089428],[137.56089,35.089432],[137.560986,35.089441],[137.561246,35.08939],[137.561579,35.089475],[137.561849,35.089712],[137.561963,35.089822],[137.562177,35.089891],[137.562333,35.08995],[137.562535,35.090057],[137.562755,35.090146],[137.562939,35.09022],[137.563172,35.090291],[137.563375,35.090357],[137.563579,35.090442],[137.563827,35.090601],[137.564118,35.090802],[137.564418,35.090997],[137.565435,35.091976],[137.565889,35.092349],[137.566046,35.092458],[137.566211,35.0926],[137.566576,35.093037],[137.566787,35.093326],[137.566993,35.093572],[137.567223,35.093817],[137.567307,35.093925],[137.567518,35.09386],[137.567688,35.093801],[137.567952,35.093714],[137.56818,35.093613]]]}},{"type":"Feature","properties":{"name":"荒尾","city":"設楽町","code":"561","setai":23,"jinko":89,"n":1,"towns":["235610030"],"lx":137.589321,"ly":35.085185},"geometry":{"type":"Polygon","coordinates":[[[137.590681,35.095824],[137.590303,35.094069],[137.590298,35.093093],[137.590333,35.092651],[137.590532,35.092281],[137.590704,35.091797],[137.590934,35.091529],[137.591358,35.09123],[137.591731,35.090982],[137.591936,35.090938],[137.592223,35.091029],[137.592899,35.091079],[137.593428,35.091094],[137.593846,35.09102],[137.594235,35.090902],[137.594979,35.090651],[137.595773,35.090333],[137.596115,35.090159],[137.596165,35.090118],[137.596253,35.090114],[137.597253,35.089997],[137.598003,35.089892],[137.598933,35.089663],[137.599868,35.089177],[137.600367,35.088867],[137.600965,35.088443],[137.601638,35.088092],[137.601475,35.08799],[137.601059,35.087614],[137.600836,35.087272],[137.600614,35.08703],[137.600294,35.08685],[137.599863,35.086599],[137.599652,35.086287],[137.599454,35.085853],[137.599194,35.08542],[137.599069,35.084865],[137.599179,35.084481],[137.59946,35.084167],[137.599766,35.083863],[137.600121,35.083428],[137.600267,35.082983],[137.600535,35.082386],[137.600817,35.082224],[137.601099,35.082061],[137.60154,35.081736],[137.601895,35.081301],[137.601868,35.080964],[137.601399,35.080837],[137.600918,35.080468],[137.600788,35.080226],[137.60034,35.079661],[137.599896,35.079228],[137.599391,35.078897],[137.598677,35.078557],[137.598172,35.078225],[137.597814,35.077853],[137.597567,35.077501],[137.597271,35.077229],[137.596987,35.076988],[137.596728,35.076807],[137.596027,35.076547],[137.595473,35.076347],[137.595067,35.076157],[137.594623,35.075926],[137.594143,35.075706],[137.593774,35.075506],[137.593379,35.075194],[137.593046,35.074882],[137.592738,35.074631],[137.59227,35.074441],[137.591753,35.074281],[137.591421,35.074171],[137.591224,35.07394],[137.591087,35.073658],[137.590889,35.073275],[137.590666,35.072831],[137.590555,35.072559],[137.589683,35.072886],[137.589328,35.07317],[137.589218,35.073402],[137.589133,35.073695],[137.589172,35.07419],[137.589321,35.074553],[137.589359,35.074896],[137.589238,35.075401],[137.589154,35.076048],[137.589033,35.076603],[137.588814,35.077069],[137.588594,35.077433],[137.588448,35.077878],[137.588327,35.078333],[137.587886,35.07891],[137.587556,35.079355],[137.587422,35.07978],[137.587351,35.080355],[137.587181,35.080942],[137.586923,35.081114],[137.586555,35.081166],[137.586039,35.081208],[137.585436,35.08119],[137.584847,35.081253],[137.584417,35.081356],[137.58411,35.081559],[137.583619,35.081661],[137.583189,35.081865],[137.582796,35.081907],[137.582194,35.081939],[137.581665,35.081901],[137.581185,35.08168],[137.581086,35.081489],[137.581012,35.081257],[137.580643,35.081208],[137.580299,35.08132],[137.579857,35.081443],[137.579612,35.081646],[137.57933,35.08201],[137.579,35.082304],[137.578583,35.082588],[137.578129,35.082933],[137.577712,35.083066],[137.577344,35.083269],[137.577074,35.083411],[137.576508,35.083484],[137.576165,35.083596],[137.575624,35.08378],[137.575231,35.083872],[137.57486,35.084062],[137.574754,35.084308],[137.574767,35.08454],[137.574645,35.084894],[137.57457,35.085129],[137.574236,35.08536],[137.573962,35.08556],[137.573819,35.085752],[137.573976,35.085813],[137.57412,35.085966],[137.574649,35.086156],[137.575242,35.0868],[137.575501,35.087183],[137.576014,35.087865],[137.576316,35.087977],[137.577532,35.087933],[137.578258,35.088052],[137.578762,35.088231],[137.579207,35.088715],[137.579626,35.089188],[137.579775,35.089651],[137.579912,35.090085],[137.580307,35.090548],[137.580718,35.090825],[137.580874,35.09093],[137.581502,35.091261],[137.582019,35.09142],[137.582438,35.09159],[137.58266,35.091933],[137.58267,35.092032],[137.582711,35.092458],[137.582812,35.093103],[137.582924,35.093578],[137.583073,35.09389],[137.583319,35.094091],[137.583923,35.094311],[137.584488,35.09439],[137.585103,35.094387],[137.585657,35.094486],[137.586026,35.094687],[137.586471,35.094898],[137.586814,35.095058],[137.587209,35.09542],[137.58785,35.095882],[137.589439,35.096704],[137.591287,35.097656],[137.590681,35.095824]]]}},{"type":"Feature","properties":{"name":"和市","city":"設楽町","code":"561","setai":14,"jinko":30,"n":1,"towns":["235610040"],"lx":137.599769,"ly":35.096423},"geometry":{"type":"Polygon","coordinates":[[[137.605512,35.103975],[137.606117,35.103524],[137.606505,35.103199],[137.60673,35.102957],[137.607117,35.102308],[137.60738,35.101624],[137.607617,35.100549],[137.607692,35.100274],[137.607915,35.099954],[137.608017,35.099808],[137.608992,35.098908],[137.609167,35.098691],[137.609192,35.098416],[137.609317,35.098117],[137.609554,35.09785],[137.609701,35.097792],[137.609358,35.097386],[137.608988,35.097135],[137.608544,35.096753],[137.608051,35.096401],[137.607895,35.096238],[137.607619,35.095949],[137.607006,35.095192],[137.605926,35.094354],[137.605273,35.093823],[137.605147,35.093515],[137.605069,35.093125],[137.605092,35.092756],[137.605165,35.092283],[137.605114,35.092119],[137.605038,35.091873],[137.60466,35.091423],[137.604257,35.090931],[137.603773,35.090178],[137.603562,35.089715],[137.603401,35.089321],[137.60313,35.08906],[137.602612,35.088698],[137.602089,35.088357],[137.601638,35.088092],[137.600965,35.088443],[137.600367,35.088867],[137.599868,35.089177],[137.598933,35.089663],[137.598003,35.089892],[137.597253,35.089997],[137.596253,35.090114],[137.596165,35.090118],[137.596115,35.090159],[137.595773,35.090333],[137.594979,35.090651],[137.594235,35.090902],[137.593846,35.09102],[137.593428,35.091094],[137.592899,35.091079],[137.592223,35.091029],[137.591936,35.090938],[137.591731,35.090982],[137.591358,35.09123],[137.590934,35.091529],[137.590704,35.091797],[137.590532,35.092281],[137.590333,35.092651],[137.590298,35.093093],[137.590303,35.094069],[137.590681,35.095824],[137.591287,35.097656],[137.591767,35.098028],[137.592027,35.09836],[137.59225,35.098803],[137.592497,35.099257],[137.592818,35.099639],[137.593263,35.100072],[137.593793,35.100413],[137.594359,35.100744],[137.59479,35.100944],[137.595628,35.101234],[137.596366,35.101383],[137.597436,35.101641],[137.597929,35.101942],[137.598188,35.102072],[137.598632,35.102404],[137.598953,35.102837],[137.599175,35.103078],[137.599681,35.103359],[137.600148,35.103549],[137.600776,35.103779],[137.601244,35.103969],[137.601823,35.104179],[137.602274,35.104278],[137.602774,35.104132],[137.603397,35.103801],[137.603647,35.103697],[137.60436,35.103664],[137.605148,35.103795],[137.605512,35.103975]]]}},{"type":"Feature","properties":{"name":"小松","city":"設楽町","code":"561","setai":45,"jinko":108,"n":1,"towns":["235610050"],"lx":137.582221,"ly":35.107206},"geometry":{"type":"Polygon","coordinates":[[[137.582799,35.117765],[137.582931,35.117395],[137.582982,35.11715],[137.582966,35.116683],[137.583084,35.11651],[137.583305,35.116408],[137.583536,35.116327],[137.583701,35.116173],[137.583833,35.115942],[137.584091,35.115601],[137.584258,35.115232],[137.584411,35.115076],[137.584615,35.114983],[137.58491,35.115016],[137.585072,35.115056],[137.585128,35.115044],[137.585264,35.11492],[137.585411,35.114873],[137.585566,35.11485],[137.585706,35.114757],[137.585972,35.114687],[137.586276,35.114435],[137.586431,35.114348],[137.586578,35.114319],[137.586824,35.114387],[137.587098,35.114426],[137.587224,35.11438],[137.58728,35.11427],[137.587237,35.114132],[137.587258,35.114063],[137.587496,35.113912],[137.587567,35.113844],[137.587608,35.113512],[137.587651,35.113439],[137.587727,35.113425],[137.587876,35.113438],[137.588128,35.113437],[137.5883,35.113409],[137.58836,35.11301],[137.588472,35.112682],[137.588673,35.112431],[137.589018,35.112192],[137.589334,35.111996],[137.589513,35.111976],[137.58996,35.111991],[137.590199,35.111933],[137.5906,35.111672],[137.591005,35.111367],[137.591182,35.111168],[137.59149,35.110736],[137.591868,35.110382],[137.592401,35.110041],[137.592776,35.10972],[137.59313,35.109337],[137.593576,35.109244],[137.59368,35.109004],[137.592978,35.108289],[137.592789,35.108135],[137.592334,35.107817],[137.592004,35.107559],[137.591759,35.10746],[137.591556,35.107391],[137.591175,35.10728],[137.591024,35.107157],[137.590981,35.106999],[137.590937,35.10674],[137.590943,35.106505],[137.590932,35.106383],[137.590997,35.106198],[137.591244,35.1058],[137.591453,35.105591],[137.591665,35.105411],[137.591836,35.105322],[137.59195,35.105287],[137.592403,35.105197],[137.593097,35.105132],[137.593746,35.105054],[137.594195,35.104802],[137.595011,35.10358],[137.595935,35.102858],[137.596983,35.101986],[137.597436,35.101641],[137.596366,35.101383],[137.595628,35.101234],[137.59479,35.100944],[137.594359,35.100744],[137.593793,35.100413],[137.593263,35.100072],[137.592818,35.099639],[137.592497,35.099257],[137.59225,35.098803],[137.592027,35.09836],[137.591767,35.098028],[137.591287,35.097656],[137.589439,35.096704],[137.58785,35.095882],[137.587209,35.09542],[137.586814,35.095058],[137.586471,35.094898],[137.586026,35.094687],[137.585657,35.094486],[137.585103,35.094387],[137.584488,35.09439],[137.583923,35.094311],[137.583319,35.094091],[137.583073,35.09389],[137.582924,35.093578],[137.582812,35.093103],[137.582711,35.092458],[137.58267,35.092032],[137.58266,35.091933],[137.582438,35.09159],[137.582019,35.09142],[137.581502,35.091261],[137.580874,35.09093],[137.580718,35.090825],[137.580718,35.090826],[137.580843,35.09112],[137.581144,35.091505],[137.581182,35.091576],[137.581198,35.091617],[137.581236,35.091779],[137.581456,35.092186],[137.58152,35.092269],[137.581522,35.09227],[137.581555,35.092308],[137.581584,35.092336],[137.582226,35.092593],[137.582261,35.092615],[137.582291,35.092639],[137.582336,35.092687],[137.58236,35.092743],[137.582367,35.092777],[137.582372,35.092824],[137.582369,35.09287],[137.582359,35.092908],[137.582339,35.092967],[137.582293,35.093042],[137.582224,35.093121],[137.582204,35.093192],[137.582211,35.093471],[137.582242,35.093618],[137.582291,35.093768],[137.582365,35.093976],[137.582356,35.094043],[137.582341,35.094109],[137.582033,35.094653],[137.582004,35.094675],[137.581759,35.094714],[137.581721,35.094724],[137.581645,35.094813],[137.581605,35.094855],[137.581554,35.094871],[137.581499,35.094872],[137.581449,35.09486],[137.580975,35.09466],[137.580892,35.094634],[137.5808,35.094629],[137.580724,35.094663],[137.580693,35.094708],[137.580683,35.094871],[137.580675,35.095153],[137.580652,35.095237],[137.580678,35.09531],[137.580779,35.095567],[137.580361,35.09576],[137.580283,35.095774],[137.580136,35.095768],[137.579975,35.095741],[137.579881,35.095719],[137.579448,35.095916],[137.579419,35.095933],[137.579257,35.096025],[137.579256,35.096025],[137.579396,35.096204],[137.579662,35.096393],[137.579863,35.096548],[137.580005,35.096665],[137.580662,35.096782],[137.581333,35.09671],[137.581607,35.096672],[137.581615,35.096728],[137.581658,35.097045],[137.58166,35.097567],[137.581673,35.097569],[137.58175,35.097587],[137.581824,35.097615],[137.581848,35.097647],[137.581859,35.097687],[137.581858,35.097723],[137.581841,35.097742],[137.581804,35.097747],[137.581742,35.097739],[137.581682,35.097729],[137.581661,35.097717],[137.581634,35.097703],[137.581572,35.09766],[137.581538,35.097628],[137.581483,35.097576],[137.581422,35.097524],[137.581395,35.097508],[137.581341,35.097488],[137.581261,35.09748],[137.581178,35.097468],[137.581116,35.097443],[137.581031,35.097489],[137.58099,35.097539],[137.581029,35.097609],[137.581042,35.097655],[137.581038,35.09768],[137.581013,35.097714],[137.580987,35.097732],[137.580946,35.097742],[137.580887,35.097753],[137.580835,35.097776],[137.580798,35.097813],[137.58064,35.097996],[137.581138,35.098304],[137.581217,35.098393],[137.581483,35.098903],[137.581541,35.099087],[137.58158,35.099197],[137.581627,35.099263],[137.581727,35.099318],[137.58185,35.09937],[137.581852,35.099669],[137.58177,35.100821],[137.581299,35.101114],[137.581083,35.101314],[137.580791,35.101619],[137.580549,35.10189],[137.580483,35.102208],[137.580432,35.102504],[137.580516,35.102698],[137.580525,35.102708],[137.580991,35.10319],[137.58102,35.103304],[137.580957,35.103402],[137.580867,35.103429],[137.579743,35.103498],[137.578972,35.103967],[137.578898,35.104031],[137.578849,35.104148],[137.578679,35.104702],[137.578646,35.104809],[137.578431,35.104891],[137.578077,35.104769],[137.57743,35.104513],[137.576938,35.104284],[137.57671,35.104228],[137.576311,35.104295],[137.57566,35.104531],[137.575115,35.104701],[137.574512,35.104755],[137.574311,35.104824],[137.574109,35.105154],[137.573937,35.105417],[137.573481,35.106035],[137.573464,35.106215],[137.573565,35.106497],[137.573392,35.10661],[137.573318,35.106622],[137.572164,35.106578],[137.572048,35.106624],[137.57176,35.106754],[137.571637,35.106749],[137.571226,35.10663],[137.571094,35.106635],[137.570965,35.106687],[137.570868,35.106788],[137.57075,35.106954],[137.570511,35.107054],[137.570266,35.107048],[137.570116,35.107115],[137.569946,35.107258],[137.569838,35.107456],[137.569676,35.107581],[137.569517,35.107693],[137.569139,35.107758],[137.568648,35.107749],[137.568189,35.107773],[137.567862,35.107739],[137.568012,35.107958],[137.568147,35.108175],[137.568132,35.108369],[137.568012,35.108654],[137.56791,35.109063],[137.567634,35.109392],[137.567554,35.109743],[137.567557,35.110145],[137.567417,35.11035],[137.566944,35.110705],[137.566571,35.111037],[137.566406,35.111261],[137.566314,35.111578],[137.5662,35.111866],[137.566206,35.112065],[137.566083,35.112318],[137.566155,35.112481],[137.566233,35.112578],[137.566553,35.112708],[137.566942,35.112825],[137.567391,35.112977],[137.567929,35.113146],[137.568798,35.11338],[137.569283,35.113564],[137.569645,35.113839],[137.569718,35.114238],[137.570073,35.114641],[137.570285,35.114731],[137.570902,35.114689],[137.571417,35.114575],[137.571734,35.114541],[137.57206,35.11457],[137.572242,35.114568],[137.572549,35.114517],[137.573006,35.114431],[137.573322,35.114488],[137.573637,35.11466],[137.574144,35.115021],[137.575094,35.115668],[137.575311,35.115934],[137.575521,35.116319],[137.57561,35.116562],[137.575534,35.11676],[137.575305,35.116939],[137.575281,35.117135],[137.575377,35.117286],[137.575724,35.117573],[137.576075,35.118027],[137.576339,35.118215],[137.576526,35.118242],[137.577168,35.118072],[137.577646,35.117832],[137.577846,35.117676],[137.578371,35.117578],[137.578405,35.117574],[137.578661,35.117624],[137.579045,35.117857],[137.579333,35.118242],[137.579351,35.118418],[137.579272,35.118556],[137.578975,35.118811],[137.578894,35.11914],[137.578809,35.119615],[137.578877,35.119741],[137.579131,35.119889],[137.57967,35.120355],[137.57987,35.120419],[137.580248,35.120326],[137.580749,35.120142],[137.580876,35.119908],[137.580977,35.119466],[137.581227,35.119287],[137.581695,35.119134],[137.582159,35.119076],[137.582224,35.118813],[137.582223,35.118612],[137.582163,35.118367],[137.58221,35.118273],[137.582483,35.118128],[137.582695,35.117973],[137.582799,35.117765]]]}},{"type":"Feature","properties":{"name":"長江","city":"設楽町","code":"561","setai":14,"jinko":30,"n":1,"towns":["235610060"],"lx":137.596714,"ly":35.113126},"geometry":{"type":"Polygon","coordinates":[[[137.609077,35.116407],[137.609079,35.116223],[137.608579,35.114148],[137.608379,35.113664],[137.608067,35.113231],[137.607987,35.113149],[137.607904,35.113065],[137.606754,35.112398],[137.606454,35.112156],[137.60633,35.111956],[137.606092,35.111365],[137.606092,35.110923],[137.606467,35.109115],[137.606392,35.108915],[137.606205,35.10859],[137.606442,35.106699],[137.60648,35.106015],[137.606392,35.105074],[137.606242,35.104699],[137.60588,35.104341],[137.605505,35.103982],[137.605512,35.103975],[137.605148,35.103795],[137.60436,35.103664],[137.603647,35.103697],[137.603397,35.103801],[137.602774,35.104132],[137.602274,35.104278],[137.601823,35.104179],[137.601244,35.103969],[137.600776,35.103779],[137.600148,35.103549],[137.599681,35.103359],[137.599175,35.103078],[137.598953,35.102837],[137.598632,35.102404],[137.598188,35.102072],[137.597929,35.101942],[137.597436,35.101641],[137.596983,35.101986],[137.595935,35.102858],[137.595011,35.10358],[137.594195,35.104802],[137.593746,35.105054],[137.593097,35.105132],[137.592403,35.105197],[137.59195,35.105287],[137.591836,35.105322],[137.591665,35.105411],[137.591453,35.105591],[137.591244,35.1058],[137.590997,35.106198],[137.590932,35.106383],[137.590943,35.106505],[137.590937,35.10674],[137.590981,35.106999],[137.591024,35.107157],[137.591175,35.10728],[137.591556,35.107391],[137.591759,35.10746],[137.592004,35.107559],[137.592334,35.107817],[137.592789,35.108135],[137.592978,35.108289],[137.59368,35.109004],[137.593576,35.109244],[137.59313,35.109337],[137.592776,35.10972],[137.592401,35.110041],[137.591868,35.110382],[137.59149,35.110736],[137.591182,35.111168],[137.591005,35.111367],[137.5906,35.111672],[137.590199,35.111933],[137.58996,35.111991],[137.589513,35.111976],[137.589334,35.111996],[137.589018,35.112192],[137.588673,35.112431],[137.588472,35.112682],[137.58836,35.11301],[137.5883,35.113409],[137.588128,35.113437],[137.587876,35.113438],[137.587727,35.113425],[137.587651,35.113439],[137.587608,35.113512],[137.587567,35.113844],[137.587496,35.113912],[137.587258,35.114063],[137.587237,35.114132],[137.58728,35.11427],[137.587224,35.11438],[137.587098,35.114426],[137.586824,35.114387],[137.586578,35.114319],[137.586431,35.114348],[137.586276,35.114435],[137.585972,35.114687],[137.585706,35.114757],[137.585566,35.11485],[137.585411,35.114873],[137.585264,35.11492],[137.585128,35.115044],[137.585072,35.115056],[137.58491,35.115016],[137.584615,35.114983],[137.584411,35.115076],[137.584258,35.115232],[137.584091,35.115601],[137.583833,35.115942],[137.583701,35.116173],[137.583536,35.116327],[137.583305,35.116408],[137.583084,35.11651],[137.582966,35.116683],[137.582982,35.11715],[137.582931,35.117395],[137.582799,35.117765],[137.582695,35.117973],[137.582483,35.118128],[137.58221,35.118273],[137.582163,35.118367],[137.582223,35.118612],[137.582224,35.118813],[137.582159,35.119076],[137.582532,35.119218],[137.58289,35.119455],[137.583137,35.119829],[137.583389,35.120622],[137.583858,35.121378],[137.584259,35.121829],[137.584387,35.12201],[137.584481,35.12196],[137.58457,35.121936],[137.584669,35.121901],[137.584786,35.121878],[137.584871,35.121866],[137.584957,35.121862],[137.585122,35.121861],[137.585221,35.12188],[137.585376,35.121891],[137.585461,35.121891],[137.585531,35.121875],[137.585865,35.121804],[137.586001,35.121765],[137.586081,35.12173],[137.586146,35.121699],[137.586226,35.121637],[137.586315,35.121567],[137.586413,35.121443],[137.586511,35.121312],[137.586618,35.121161],[137.58673,35.120971],[137.586814,35.120782],[137.586926,35.12072],[137.587104,35.12063],[137.58778,35.120376],[137.588505,35.120191],[137.589058,35.120088],[137.589857,35.119984],[137.590607,35.120012],[137.591051,35.120123],[137.590876,35.120308],[137.590821,35.120568],[137.590894,35.121034],[137.591022,35.121409],[137.591242,35.121737],[137.591328,35.12217],[137.591286,35.122372],[137.59117,35.1225],[137.591038,35.122613],[137.591518,35.122584],[137.592081,35.12242],[137.592315,35.122249],[137.592489,35.122156],[137.593061,35.121918],[137.593695,35.121673],[137.593817,35.121672],[137.593958,35.121672],[137.594108,35.121644],[137.594842,35.121329],[137.59585,35.121133],[137.596723,35.121008],[137.597411,35.121036],[137.597891,35.121055],[137.598444,35.121052],[137.598961,35.12101],[137.599427,35.120796],[137.599734,35.120543],[137.599966,35.120158],[137.6001,35.119734],[137.60048,35.119409],[137.601081,35.119175],[137.601831,35.119],[137.602629,35.118694],[137.603624,35.118367],[137.604581,35.118],[137.605367,35.117664],[137.60587,35.11744],[137.606484,35.117135],[137.607073,35.116921],[137.608006,35.116675],[137.608204,35.116623],[137.609077,35.116407]]]}},{"type":"Feature","properties":{"name":"八橋","city":"設楽町","code":"561","setai":0,"jinko":0,"n":1,"towns":["235610070"],"lx":137.595337,"ly":35.134222},"geometry":{"type":"Polygon","coordinates":[[[137.609881,35.140999],[137.609959,35.140747],[137.610191,35.140464],[137.61031,35.140125],[137.610356,35.139995],[137.61036,35.139984],[137.610291,35.139945],[137.610282,35.139871],[137.610241,35.13957],[137.610416,35.13852],[137.610516,35.137795],[137.610691,35.137237],[137.610816,35.137054],[137.611041,35.136237],[137.611054,35.135804],[137.610866,35.135354],[137.610654,35.134962],[137.610491,35.134321],[137.610341,35.134096],[137.609779,35.133546],[137.609742,35.133254],[137.609929,35.132462],[137.609892,35.132262],[137.609742,35.131754],[137.609579,35.131404],[137.609529,35.130996],[137.609729,35.130571],[137.609954,35.130288],[137.610104,35.129821],[137.610142,35.129404],[137.610292,35.128854],[137.610292,35.128354],[137.610232,35.127991],[137.610142,35.127446],[137.610279,35.127046],[137.610691,35.126688],[137.610904,35.126405],[137.610916,35.12608],[137.610704,35.125596],[137.610467,35.125238],[137.610317,35.124688],[137.610392,35.124113],[137.610592,35.12318],[137.610567,35.122505],[137.610229,35.120739],[137.610154,35.120439],[137.609992,35.120155],[137.610204,35.11963],[137.610204,35.119339],[137.609679,35.118489],[137.609492,35.118014],[137.609067,35.117156],[137.609077,35.116407],[137.608204,35.116623],[137.608006,35.116675],[137.607073,35.116921],[137.606484,35.117135],[137.60587,35.11744],[137.605367,35.117664],[137.604581,35.118],[137.603624,35.118367],[137.602629,35.118694],[137.601831,35.119],[137.601081,35.119175],[137.60048,35.119409],[137.6001,35.119734],[137.599966,35.120158],[137.599734,35.120543],[137.599427,35.120796],[137.598961,35.12101],[137.598444,35.121052],[137.597891,35.121055],[137.597411,35.121036],[137.596723,35.121008],[137.59585,35.121133],[137.594842,35.121329],[137.594108,35.121644],[137.593958,35.121672],[137.593817,35.121672],[137.593695,35.121673],[137.593061,35.121918],[137.592489,35.122156],[137.592315,35.122249],[137.592081,35.12242],[137.591518,35.122584],[137.591038,35.122613],[137.59117,35.1225],[137.591286,35.122372],[137.591328,35.12217],[137.591242,35.121737],[137.591022,35.121409],[137.590894,35.121034],[137.590821,35.120568],[137.590876,35.120308],[137.591051,35.120123],[137.590607,35.120012],[137.589857,35.119984],[137.589058,35.120088],[137.588505,35.120191],[137.58778,35.120376],[137.587104,35.12063],[137.586926,35.12072],[137.586814,35.120782],[137.58673,35.120971],[137.586618,35.121161],[137.586511,35.121312],[137.586413,35.121443],[137.586315,35.121567],[137.586226,35.121637],[137.586146,35.121699],[137.586081,35.12173],[137.586001,35.121765],[137.585865,35.121804],[137.585531,35.121875],[137.585461,35.121891],[137.585376,35.121891],[137.585221,35.12188],[137.585122,35.121861],[137.584957,35.121862],[137.584871,35.121866],[137.584786,35.121878],[137.584669,35.121901],[137.58457,35.121936],[137.584481,35.12196],[137.584387,35.12201],[137.584259,35.121829],[137.583858,35.121378],[137.583389,35.120622],[137.583137,35.119829],[137.58289,35.119455],[137.582532,35.119218],[137.582159,35.119076],[137.581695,35.119134],[137.581227,35.119287],[137.580977,35.119466],[137.580876,35.119908],[137.580749,35.120142],[137.580248,35.120326],[137.57987,35.120419],[137.57967,35.120355],[137.579131,35.119889],[137.578877,35.119741],[137.578809,35.119615],[137.578894,35.11914],[137.578975,35.118811],[137.579272,35.118556],[137.578488,35.118652],[137.578141,35.118746],[137.577432,35.119015],[137.576874,35.119268],[137.576336,35.119366],[137.576186,35.119451],[137.576111,35.119595],[137.576117,35.119753],[137.576127,35.119846],[137.576057,35.119962],[137.57509,35.120289],[137.575088,35.121285],[137.576066,35.121263],[137.576545,35.121211],[137.577042,35.121344],[137.577653,35.121373],[137.57817,35.121371],[137.57841,35.121417],[137.578608,35.121529],[137.578464,35.122033],[137.578287,35.122511],[137.578169,35.122779],[137.577966,35.122937],[137.577652,35.123103],[137.577494,35.123538],[137.577402,35.124067],[137.577387,35.124234],[137.577339,35.124526],[137.577068,35.125122],[137.577072,35.12532],[137.5771,35.125654],[137.576968,35.126274],[137.57709,35.126879],[137.576951,35.12721],[137.576659,35.127545],[137.576289,35.127887],[137.575937,35.128031],[137.575514,35.128192],[137.575074,35.128172],[137.574797,35.127969],[137.57466,35.127925],[137.574229,35.127825],[137.573898,35.128018],[137.573879,35.12804],[137.573808,35.128119],[137.573518,35.128444],[137.573286,35.128828],[137.573004,35.129193],[137.573277,35.129656],[137.57361,35.129918],[137.574016,35.130108],[137.574509,35.130258],[137.574741,35.130405],[137.574917,35.13061],[137.575001,35.130766],[137.575017,35.130814],[137.57504,35.131104],[137.575177,35.131487],[137.575424,35.13189],[137.575732,35.13204],[137.576213,35.13216],[137.576729,35.132218],[137.577049,35.132298],[137.577432,35.132579],[137.577543,35.132801],[137.577606,35.133205],[137.57762,35.133639],[137.577708,35.134204],[137.577869,35.134597],[137.57819,35.134828],[137.578461,35.134837],[137.578965,35.134866],[137.579457,35.134914],[137.579839,35.135095],[137.580197,35.135518],[137.580555,35.13589],[137.580999,35.13607],[137.581528,35.136108],[137.582032,35.136187],[137.582832,35.136235],[137.583189,35.136304],[137.583522,35.136566],[137.583732,35.136878],[137.583906,35.1372],[137.584055,35.137765],[137.584328,35.13838],[137.584575,35.138632],[137.58508,35.138811],[137.585585,35.138941],[137.585971,35.139265],[137.586038,35.139437],[137.586134,35.139893],[137.586287,35.140238],[137.586316,35.140473],[137.586453,35.140957],[137.586787,35.141571],[137.587182,35.141934],[137.587392,35.142044],[137.587676,35.142437],[137.587825,35.142799],[137.587851,35.143213],[137.587865,35.143597],[137.588002,35.14393],[137.588224,35.144222],[137.588841,35.144825],[137.589126,35.145218],[137.589164,35.145611],[137.588944,35.146026],[137.588879,35.146111],[137.588663,35.146391],[137.588283,35.146766],[137.587829,35.147161],[137.587363,35.147476],[137.586971,35.147921],[137.586968,35.147927],[137.586812,35.148235],[137.586973,35.148578],[137.587183,35.148789],[137.587616,35.149444],[137.588432,35.150481],[137.589631,35.152203],[137.59015,35.152665],[137.590667,35.152875],[137.591049,35.152904],[137.591381,35.152913],[137.591886,35.153093],[137.592096,35.153304],[137.592319,35.153647],[137.592529,35.154009],[137.592677,35.15417],[137.593989,35.156114],[137.594443,35.15592],[137.594701,35.155697],[137.595066,35.155471],[137.595198,35.155417],[137.595516,35.155306],[137.595794,35.155208],[137.596531,35.155054],[137.596944,35.154984],[137.597318,35.15492],[137.598105,35.154786],[137.598745,35.154693],[137.599026,35.154379],[137.599173,35.154085],[137.599178,35.154077],[137.599344,35.153802],[137.599736,35.153306],[137.600038,35.152905],[137.600042,35.152901],[137.600689,35.151626],[137.600957,35.151029],[137.601103,35.150534],[137.601184,35.1504],[137.601314,35.150284],[137.601726,35.150172],[137.602137,35.150174],[137.602592,35.150203],[137.602729,35.150083],[137.602762,35.150073],[137.603019,35.14985],[137.603174,35.149711],[137.603306,35.149606],[137.603978,35.149584],[137.604323,35.149674],[137.604631,35.149824],[137.605087,35.149984],[137.605296,35.149892],[137.605578,35.149729],[137.60597,35.149233],[137.605956,35.1489],[137.60598,35.1488],[137.606016,35.148648],[137.606274,35.148323],[137.607033,35.148135],[137.60706,35.148139],[137.607171,35.148209],[137.607406,35.14838],[137.607603,35.148611],[137.607887,35.148701],[137.608179,35.148674],[137.608342,35.148659],[137.60838,35.14865],[137.608616,35.148599],[137.608624,35.148597],[137.608697,35.148375],[137.608635,35.148072],[137.608461,35.147851],[137.608395,35.147688],[137.608345,35.147496],[137.608385,35.147215],[137.608618,35.146931],[137.608838,35.146617],[137.608947,35.146233],[137.609019,35.145859],[137.608981,35.145466],[137.608918,35.145113],[137.608929,35.144689],[137.608939,35.144265],[137.608938,35.143861],[137.608985,35.143325],[137.60897,35.143245],[137.608939,35.143079],[137.608975,35.14302],[137.609119,35.142901],[137.609321,35.142718],[137.609523,35.142536],[137.609657,35.142162],[137.609582,35.141879],[137.609544,35.141587],[137.609605,35.141385],[137.609862,35.14106],[137.609881,35.140999]]]}},{"type":"Feature","properties":{"name":"松戸","city":"設楽町","code":"561","setai":4,"jinko":10,"n":1,"towns":["235610080"],"lx":137.541617,"ly":35.094101},"geometry":{"type":"Polygon","coordinates":[[[137.562726,35.100287],[137.562558,35.100076],[137.562816,35.099838],[137.562952,35.099675],[137.563109,35.099392],[137.563116,35.099208],[137.562977,35.098993],[137.562795,35.098821],[137.562564,35.098726],[137.56224,35.098664],[137.561733,35.098616],[137.561562,35.098514],[137.561314,35.098347],[137.560971,35.098142],[137.560658,35.097871],[137.560481,35.097626],[137.560291,35.097341],[137.560185,35.097185],[137.55999,35.096974],[137.559861,35.096673],[137.559821,35.096559],[137.559775,35.096203],[137.559748,35.096007],[137.559808,35.095763],[137.559895,35.095555],[137.56,35.095155],[137.560101,35.094544],[137.560072,35.094223],[137.560027,35.0939],[137.559977,35.093704],[137.559921,35.093405],[137.559854,35.093209],[137.559735,35.092865],[137.559631,35.092604],[137.559401,35.092366],[137.559156,35.092201],[137.559051,35.092131],[137.558808,35.092004],[137.558552,35.091902],[137.557893,35.091418],[137.557746,35.091313],[137.557577,35.091304],[137.5572,35.091293],[137.556102,35.091611],[137.554494,35.091528],[137.553388,35.09117],[137.552269,35.090241],[137.550422,35.089313],[137.550046,35.089068],[137.549873,35.088884],[137.548591,35.089143],[137.548329,35.089216],[137.547469,35.08937],[137.54656,35.089504],[137.545908,35.089517],[137.545195,35.089428],[137.544715,35.089363],[137.544613,35.089335],[137.543818,35.088773],[137.543363,35.088174],[137.542878,35.087829],[137.542577,35.087759],[137.542247,35.087772],[137.542048,35.087792],[137.541945,35.087854],[137.541535,35.088108],[137.541216,35.088035],[137.540937,35.087847],[137.540654,35.087707],[137.53983,35.087548],[137.539453,35.087573],[137.539031,35.087601],[137.538412,35.087749],[137.538134,35.087816],[137.537948,35.087887],[137.537655,35.087999],[137.537054,35.088183],[137.536316,35.088135],[137.535775,35.088066],[137.53527,35.087785],[137.534704,35.087605],[137.534015,35.087426],[137.53356,35.087215],[137.533251,35.086863],[137.532968,35.08652],[137.532475,35.086219],[137.531971,35.08619],[137.531492,35.086273],[137.530878,35.086426],[137.530373,35.086347],[137.529955,35.086126],[137.529475,35.085855],[137.52897,35.085624],[137.528565,35.085686],[137.52853,35.085726],[137.528369,35.085909],[137.528294,35.086032],[137.527885,35.086485],[137.527626,35.086778],[137.527572,35.08682],[137.527278,35.087155],[137.527211,35.087265],[137.52696,35.087681],[137.526679,35.088146],[137.526638,35.088203],[137.526287,35.088692],[137.525993,35.089077],[137.525638,35.089512],[137.525377,35.089827],[137.525185,35.090059],[137.524768,35.090494],[137.5245,35.090731],[137.524241,35.09096],[137.523909,35.090951],[137.523368,35.091084],[137.522754,35.091238],[137.522361,35.091279],[137.522199,35.091329],[137.521833,35.091443],[137.521612,35.091807],[137.521525,35.092226],[137.521515,35.092271],[137.521504,35.092595],[137.521309,35.093221],[137.520954,35.093656],[137.52058,35.09394],[137.5205,35.094001],[137.520193,35.094154],[137.521226,35.094221],[137.521939,35.094158],[137.522639,35.094115],[137.523648,35.094223],[137.524177,35.094464],[137.524448,35.094776],[137.524955,35.095396],[137.525343,35.09609],[137.525497,35.096908],[137.525584,35.09719],[137.525263,35.097305],[137.524782,35.097659],[137.524542,35.0978],[137.52406,35.097872],[137.523589,35.098032],[137.523183,35.098368],[137.522884,35.098474],[137.522049,35.098811],[137.521524,35.098865],[137.521215,35.099183],[137.521215,35.099315],[137.5214,35.099461],[137.521598,35.099793],[137.521845,35.100247],[137.521957,35.10067],[137.522327,35.101174],[137.522894,35.101657],[137.52335,35.101968],[137.523731,35.102048],[137.524149,35.102016],[137.524592,35.101894],[137.525108,35.101801],[137.525649,35.10182],[137.526363,35.10206],[137.526732,35.102109],[137.526989,35.101886],[137.527087,35.101724],[137.527394,35.101471],[137.527688,35.101187],[137.528191,35.100862],[137.528243,35.100819],[137.528368,35.10075],[137.528496,35.100284],[137.528425,35.099804],[137.528113,35.099466],[137.52751,35.09906],[137.527207,35.098701],[137.526905,35.098341],[137.526555,35.097895],[137.526569,35.097297],[137.526773,35.096855],[137.527129,35.096437],[137.527855,35.095686],[137.52825,35.09543],[137.528507,35.095332],[137.528754,35.095384],[137.528978,35.09526],[137.529373,35.094837],[137.529671,35.094466],[137.530153,35.094297],[137.530496,35.094375],[137.531102,35.094479],[137.531658,35.09424],[137.532183,35.094168],[137.532827,35.094395],[137.533386,35.094869],[137.533698,35.095132],[137.534042,35.095263],[137.534653,35.095199],[137.534942,35.095269],[137.535446,35.09532],[137.535672,35.095443],[137.536264,35.09611],[137.536401,35.09606],[137.536732,35.095767],[137.536766,35.095725],[137.536977,35.095463],[137.537221,35.09506],[137.537271,35.094977],[137.537687,35.094289],[137.537736,35.094162],[137.538039,35.093661],[137.538614,35.093431],[137.538922,35.093494],[137.539259,35.093769],[137.539149,35.094052],[137.53872,35.094609],[137.538071,35.095378],[137.537252,35.096785],[137.537212,35.097128],[137.537609,35.097347],[137.538084,35.097935],[137.53876,35.098241],[137.538943,35.098311],[137.539382,35.098284],[137.539767,35.098133],[137.540066,35.097877],[137.540484,35.097867],[137.54072,35.097971],[137.540882,35.098173],[137.540937,35.098437],[137.540821,35.098878],[137.541047,35.099159],[137.541166,35.099299],[137.54136,35.099642],[137.541661,35.099712],[137.541938,35.099532],[137.54229,35.099345],[137.542609,35.099385],[137.542898,35.099788],[137.543061,35.099973],[137.543115,35.100023],[137.543411,35.100153],[137.54368,35.100257],[137.54408,35.100316],[137.544392,35.100283],[137.544958,35.100112],[137.545378,35.100078],[137.545632,35.099988],[137.546057,35.09973],[137.546275,35.099744],[137.546541,35.099896],[137.546956,35.100212],[137.547263,35.100223],[137.547573,35.10014],[137.548247,35.09985],[137.54887,35.09958],[137.549048,35.099548],[137.549446,35.099615],[137.549643,35.099594],[137.549831,35.099459],[137.550035,35.099207],[137.550422,35.099176],[137.550968,35.098999],[137.551314,35.098981],[137.551887,35.099036],[137.552008,35.099021],[137.552302,35.098876],[137.552442,35.098863],[137.552609,35.098896],[137.552732,35.0989],[137.553154,35.098761],[137.553608,35.098707],[137.554054,35.098742],[137.554403,35.098937],[137.55448,35.099167],[137.554541,35.099392],[137.554499,35.099512],[137.554351,35.099639],[137.553755,35.099988],[137.553602,35.100283],[137.553627,35.100597],[137.553717,35.100688],[137.554002,35.100764],[137.554319,35.100713],[137.554809,35.100468],[137.555227,35.100404],[137.555431,35.100472],[137.556198,35.101086],[137.556546,35.101159],[137.557015,35.101212],[137.557384,35.101211],[137.557815,35.101226],[137.558166,35.101157],[137.558409,35.101176],[137.558762,35.101387],[137.558872,35.101627],[137.559012,35.102018],[137.559144,35.102322],[137.559335,35.102362],[137.559562,35.102332],[137.559599,35.102134],[137.559713,35.101531],[137.559804,35.10142],[137.55997,35.101311],[137.560117,35.101156],[137.560539,35.101057],[137.56114,35.101132],[137.561518,35.101168],[137.561693,35.101132],[137.562085,35.101069],[137.562308,35.100951],[137.562726,35.100287]]]}},{"type":"Feature","properties":{"name":"大名倉","city":"設楽町","code":"561","setai":0,"jinko":0,"n":1,"towns":["235610100"],"lx":137.544717,"ly":35.109809},"geometry":{"type":"Polygon","coordinates":[[[137.542941,35.126167],[137.542996,35.125993],[137.54316,35.125185],[137.543199,35.125135],[137.543626,35.12496],[137.544068,35.12472],[137.544342,35.124493],[137.544433,35.124261],[137.544447,35.124063],[137.544481,35.123935],[137.544538,35.123835],[137.544705,35.123643],[137.545244,35.123175],[137.545463,35.122896],[137.545632,35.122562],[137.545765,35.122227],[137.545911,35.122024],[137.546259,35.121653],[137.546587,35.121289],[137.546762,35.121058],[137.546834,35.120843],[137.546867,35.120635],[137.546926,35.12053],[137.547157,35.120339],[137.547176,35.120247],[137.54713,35.120132],[137.547067,35.120059],[137.546834,35.119911],[137.546752,35.119781],[137.546726,35.119619],[137.546755,35.119166],[137.546737,35.119073],[137.546537,35.118809],[137.546464,35.118585],[137.546757,35.118116],[137.54716,35.117603],[137.547656,35.117064],[137.548076,35.116533],[137.548803,35.115855],[137.549656,35.115227],[137.550302,35.114525],[137.550552,35.113917],[137.550346,35.113393],[137.550289,35.112819],[137.550704,35.112144],[137.551344,35.111411],[137.551834,35.110953],[137.552383,35.11073],[137.553498,35.110695],[137.554159,35.110391],[137.554525,35.110011],[137.554735,35.109417],[137.554422,35.108775],[137.554376,35.108265],[137.554599,35.107499],[137.555079,35.106865],[137.555752,35.106209],[137.556375,35.105494],[137.556843,35.105135],[137.557445,35.10534],[137.558369,35.105719],[137.558923,35.10564],[137.559759,35.105143],[137.560353,35.104721],[137.561086,35.103961],[137.561638,35.103287],[137.561811,35.1028],[137.56172,35.102375],[137.561498,35.101756],[137.561576,35.101522],[137.561693,35.101132],[137.561518,35.101168],[137.56114,35.101132],[137.560539,35.101057],[137.560117,35.101156],[137.55997,35.101311],[137.559804,35.10142],[137.559713,35.101531],[137.559599,35.102134],[137.559562,35.102332],[137.559335,35.102362],[137.559144,35.102322],[137.559012,35.102018],[137.558872,35.101627],[137.558762,35.101387],[137.558409,35.101176],[137.558166,35.101157],[137.557815,35.101226],[137.557384,35.101211],[137.557015,35.101212],[137.556546,35.101159],[137.556198,35.101086],[137.555431,35.100472],[137.555227,35.100404],[137.554809,35.100468],[137.554319,35.100713],[137.554002,35.100764],[137.553717,35.100688],[137.553627,35.100597],[137.553602,35.100283],[137.553755,35.099988],[137.554351,35.099639],[137.554499,35.099512],[137.554541,35.099392],[137.55448,35.099167],[137.554403,35.098937],[137.554054,35.098742],[137.553608,35.098707],[137.553154,35.098761],[137.552732,35.0989],[137.552609,35.098896],[137.552442,35.098863],[137.552302,35.098876],[137.552008,35.099021],[137.551887,35.099036],[137.551314,35.098981],[137.550968,35.098999],[137.550422,35.099176],[137.550035,35.099207],[137.549831,35.099459],[137.549643,35.099594],[137.549446,35.099615],[137.549048,35.099548],[137.54887,35.09958],[137.548247,35.09985],[137.547573,35.10014],[137.547263,35.100223],[137.546956,35.100212],[137.546541,35.099896],[137.546275,35.099744],[137.546057,35.09973],[137.545632,35.099988],[137.545378,35.100078],[137.544958,35.100112],[137.544392,35.100283],[137.54408,35.100316],[137.54368,35.100257],[137.543411,35.100153],[137.543115,35.100023],[137.542935,35.100298],[137.542504,35.100597],[137.542108,35.100828],[137.541941,35.100926],[137.541323,35.101311],[137.541059,35.101565],[137.541009,35.101601],[137.540708,35.101817],[137.540312,35.101905],[137.539989,35.101977],[137.539302,35.102196],[137.538613,35.102607],[137.538194,35.103005],[137.53757,35.10334],[137.536793,35.103627],[137.535982,35.104048],[137.534855,35.104393],[137.533997,35.104727],[137.533526,35.104959],[137.532592,35.10542],[137.532103,35.105844],[137.531864,35.106037],[137.531714,35.106239],[137.531438,35.106689],[137.531357,35.107262],[137.531777,35.107778],[137.532273,35.108286],[137.532779,35.108857],[137.532952,35.109305],[137.53291,35.109986],[137.533001,35.110298],[137.533321,35.111035],[137.533724,35.111456],[137.534361,35.111777],[137.535184,35.112034],[137.535328,35.112158],[137.535686,35.112462],[137.535898,35.112643],[137.535896,35.112746],[137.535946,35.113154],[137.535905,35.113497],[137.535921,35.113704],[137.535626,35.114398],[137.535208,35.114703],[137.534768,35.114882],[137.534268,35.115051],[137.533627,35.115075],[137.532958,35.115054],[137.532525,35.115039],[137.532683,35.115279],[137.533044,35.115447],[137.533667,35.115779],[137.534464,35.116334],[137.53497,35.117017],[137.53551,35.117552],[137.536741,35.118943],[137.537608,35.119795],[137.538654,35.121014],[137.53922,35.121707],[137.539878,35.122712],[137.540219,35.123575],[137.540587,35.124484],[137.541225,35.125137],[137.541935,35.125636],[137.542223,35.125775],[137.542531,35.125923],[137.542941,35.126167]]]}},{"type":"Feature","properties":{"name":"田内","city":"設楽町","code":"561","setai":50,"jinko":118,"n":1,"towns":["235610110"],"lx":137.544801,"ly":35.077597},"geometry":{"type":"Polygon","coordinates":[[[137.54944,35.087908],[137.549342,35.087662],[137.549319,35.087125],[137.549382,35.086958],[137.549414,35.086843],[137.54952,35.086605],[137.549894,35.08634],[137.550112,35.086145],[137.550389,35.085801],[137.55041,35.085669],[137.550302,35.085493],[137.549969,35.085301],[137.54971,35.08502],[137.549773,35.084544],[137.550039,35.084209],[137.550649,35.083995],[137.551577,35.083534],[137.551884,35.083231],[137.552043,35.082797],[137.551989,35.082387],[137.551725,35.081886],[137.551341,35.081442],[137.551217,35.081205],[137.550981,35.080856],[137.550727,35.080536],[137.550527,35.080172],[137.550377,35.07989],[137.550393,35.07958],[137.550531,35.079283],[137.550806,35.079046],[137.551304,35.078779],[137.551745,35.078571],[137.552088,35.078291],[137.552214,35.077987],[137.552152,35.077629],[137.552076,35.077362],[137.551967,35.076983],[137.551792,35.076495],[137.551668,35.076079],[137.551807,35.075632],[137.552037,35.075369],[137.552333,35.075221],[137.553049,35.075166],[137.55381,35.0754],[137.55452,35.075917],[137.554957,35.076437],[137.554952,35.076703],[137.554706,35.077213],[137.554357,35.077564],[137.554181,35.077908],[137.553863,35.078334],[137.553698,35.078756],[137.55388,35.079115],[137.554235,35.079234],[137.554652,35.079099],[137.555001,35.078762],[137.55568,35.077849],[137.556109,35.077143],[137.556226,35.07686],[137.556637,35.076142],[137.556941,35.075611],[137.557152,35.07512],[137.557327,35.074553],[137.557396,35.074047],[137.557361,35.073665],[137.557258,35.073354],[137.557034,35.072778],[137.556861,35.072238],[137.556669,35.07171],[137.556515,35.071137],[137.556437,35.070617],[137.556278,35.070016],[137.556162,35.069617],[137.556059,35.069349],[137.555704,35.06894],[137.555373,35.068652],[137.555005,35.068488],[137.554129,35.068081],[137.553379,35.067677],[137.552886,35.067396],[137.55247,35.067072],[137.551962,35.066754],[137.551407,35.066176],[137.551285,35.066069],[137.550722,35.065699],[137.550241,35.06547],[137.549742,35.065197],[137.548926,35.064768],[137.548001,35.064422],[137.547303,35.064186],[137.547095,35.064172],[137.546398,35.064479],[137.545799,35.064596],[137.54485,35.064691],[137.544311,35.064797],[137.543624,35.065078],[137.543401,35.065411],[137.543001,35.065813],[137.542684,35.066327],[137.542382,35.066759],[137.542162,35.067067],[137.541939,35.067178],[137.541785,35.067175],[137.541656,35.067693],[137.541594,35.068004],[137.541455,35.068215],[137.541153,35.068597],[137.54106,35.068954],[137.541015,35.069608],[137.540911,35.069841],[137.540718,35.070057],[137.540435,35.070183],[137.540066,35.070212],[137.539564,35.070192],[137.539409,35.07026],[137.539118,35.07096],[137.538943,35.071433],[137.538888,35.071975],[137.539052,35.072495],[137.539077,35.073047],[137.539129,35.073531],[137.53918,35.073838],[137.539258,35.074005],[137.539209,35.07431],[137.539166,35.074561],[137.53918,35.074826],[137.539383,35.075206],[137.539398,35.075433],[137.539257,35.075766],[137.539021,35.076285],[137.538933,35.076614],[137.538723,35.076824],[137.538649,35.077153],[137.538728,35.07746],[137.538685,35.077627],[137.538456,35.077849],[137.537921,35.078259],[137.537631,35.078404],[137.537121,35.078385],[137.53693,35.078507],[137.536524,35.079483],[137.53649,35.079943],[137.536534,35.080459],[137.536608,35.080738],[137.536558,35.081131],[137.53644,35.081233],[137.535814,35.081374],[137.535586,35.081395],[137.535006,35.081347],[137.534696,35.081384],[137.53441,35.081524],[137.534134,35.081696],[137.533678,35.081777],[137.532663,35.081863],[137.531616,35.082162],[137.530653,35.082535],[137.530168,35.082696],[137.52958,35.083018],[137.529206,35.083382],[137.528802,35.08381],[137.528651,35.084389],[137.528666,35.085116],[137.528635,35.085564],[137.52853,35.085726],[137.528565,35.085686],[137.52897,35.085624],[137.529475,35.085855],[137.529955,35.086126],[137.530373,35.086347],[137.530878,35.086426],[137.531492,35.086273],[137.531971,35.08619],[137.532475,35.086219],[137.532968,35.08652],[137.533251,35.086863],[137.53356,35.087215],[137.534015,35.087426],[137.534704,35.087605],[137.53527,35.087785],[137.535775,35.088066],[137.536316,35.088135],[137.537054,35.088183],[137.537655,35.087999],[137.537948,35.087887],[137.538134,35.087816],[137.538412,35.087749],[137.539031,35.087601],[137.539453,35.087573],[137.53983,35.087548],[137.540654,35.087707],[137.540937,35.087847],[137.541216,35.088035],[137.541535,35.088108],[137.541945,35.087854],[137.542048,35.087792],[137.542247,35.087772],[137.542577,35.087759],[137.542878,35.087829],[137.543363,35.088174],[137.543818,35.088773],[137.544613,35.089335],[137.544715,35.089363],[137.545195,35.089428],[137.545908,35.089517],[137.54656,35.089504],[137.547469,35.08937],[137.548329,35.089216],[137.548591,35.089143],[137.549873,35.088884],[137.549528,35.08833],[137.54944,35.087908]]]}},{"type":"Feature","properties":{"name":"田峯字長原","city":"設楽町","code":"561","setai":76,"jinko":208,"n":2,"towns":["23561012001","23561012001"],"lx":137.490878,"ly":35.106504},"geometry":{"type":"MultiPolygon","coordinates":[[[[137.429165,35.103915],[137.42951,35.103261],[137.429672,35.102995],[137.429747,35.102628],[137.429535,35.101953],[137.429535,35.101661],[137.42961,35.101478],[137.429772,35.101303],[137.430222,35.100987],[137.430272,35.100853],[137.430385,35.099678],[137.430323,35.09952],[137.43041,35.098978],[137.43041,35.09882],[137.430135,35.098278],[137.429998,35.097245],[137.429885,35.096795],[137.42996,35.095737],[137.430073,35.09522],[137.43021,35.095129],[137.43126,35.095062],[137.431448,35.095012],[137.431698,35.094904],[137.432547,35.094021],[137.43291,35.093729],[137.433285,35.093596],[137.433535,35.093454],[137.433835,35.093004],[137.434135,35.09245],[137.434272,35.092196],[137.434547,35.091588],[137.434635,35.091071],[137.43441,35.090321],[137.43406,35.089896],[137.433585,35.089604],[137.43351,35.089446],[137.433335,35.08848],[137.433447,35.087913],[137.433472,35.08708],[137.43361,35.086988],[137.434522,35.087055],[137.434985,35.087121],[137.435235,35.087146],[137.43586,35.08708],[137.436247,35.086897],[137.436585,35.086588],[137.43661,35.086505],[137.437022,35.086188],[137.437272,35.085963],[137.438009,35.08538],[137.438134,35.085164],[137.438222,35.084655],[137.438247,35.084439],[137.438197,35.083997],[137.438097,35.083805],[137.437872,35.083614],[137.437097,35.08328],[137.43686,35.083097],[137.436847,35.082847],[137.436985,35.082822],[137.437122,35.082847],[137.437334,35.082839],[137.437422,35.082797],[137.437909,35.082322],[137.438097,35.082189],[137.439322,35.081947],[137.439772,35.081847],[137.440884,35.081656],[137.442609,35.081198],[137.442771,35.081123],[137.442971,35.080939],[137.443271,35.080506],[137.443359,35.080189],[137.443284,35.079931],[137.443296,35.079806],[137.443434,35.079556],[137.443584,35.079414],[137.443859,35.079198],[137.443946,35.079014],[137.444096,35.078481],[137.444671,35.077806],[137.444771,35.077448],[137.444746,35.077123],[137.444934,35.076781],[137.445296,35.076431],[137.445284,35.076248],[137.444921,35.07529],[137.444896,35.075065],[137.444971,35.074715],[137.444896,35.074507],[137.444746,35.074315],[137.444471,35.074215],[137.444284,35.074157],[137.443946,35.073932],[137.443434,35.073548],[137.443196,35.07339],[137.443109,35.073273],[137.443121,35.072865],[137.443185,35.072689],[137.443259,35.072482],[137.443534,35.072215],[137.443984,35.072124],[137.444646,35.072124],[137.444896,35.072015],[137.445209,35.071532],[137.445484,35.07144],[137.445709,35.071449],[137.446134,35.071824],[137.446321,35.071924],[137.446359,35.071907],[137.447496,35.072557],[137.447646,35.072874],[137.447683,35.073082],[137.447771,35.073224],[137.447946,35.073365],[137.448121,35.073432],[137.448646,35.073132],[137.448921,35.073115],[137.449208,35.07319],[137.449508,35.07334],[137.449746,35.073374],[137.449883,35.073307],[137.450121,35.073024],[137.450258,35.07294],[137.450658,35.072999],[137.450921,35.07309],[137.451246,35.07329],[137.451571,35.073432],[137.451696,35.073407],[137.451783,35.073357],[137.45207,35.07299],[137.452395,35.072707],[137.45242,35.072557],[137.452385,35.072468],[137.452984,35.073178],[137.453332,35.073311],[137.453787,35.073406],[137.454349,35.073582],[137.454886,35.073751],[137.455391,35.074053],[137.455796,35.074759],[137.456039,35.075245],[137.456054,35.07578],[137.455656,35.076449],[137.455184,35.077024],[137.454655,35.077533],[137.454026,35.07813],[137.453972,35.078499],[137.454052,35.078958],[137.454102,35.07948],[137.454152,35.080194],[137.45444,35.081151],[137.455029,35.083986],[137.455001,35.084676],[137.45481,35.085026],[137.454375,35.085395],[137.45392,35.085807],[137.453773,35.086122],[137.453902,35.086476],[137.454186,35.086685],[137.454586,35.086835],[137.455345,35.086904],[137.456076,35.086844],[137.456938,35.086753],[137.458073,35.086772],[137.45895,35.086903],[137.459609,35.087061],[137.460181,35.087217],[137.461083,35.087548],[137.461832,35.087638],[137.462463,35.087667],[137.463628,35.08743],[137.464392,35.087236],[137.465093,35.086926],[137.465519,35.086578],[137.465826,35.086168],[137.46622,35.085762],[137.466735,35.085345],[137.467662,35.084865],[137.468437,35.084457],[137.469052,35.083952],[137.469444,35.083424],[137.469851,35.082925],[137.470409,35.082354],[137.470944,35.081895],[137.471239,35.081385],[137.471504,35.080625],[137.472404,35.079317],[137.472921,35.078709],[137.473792,35.078283],[137.474646,35.078021],[137.475503,35.07788],[137.47621,35.077885],[137.476525,35.077887],[137.477419,35.077855],[137.478141,35.077816],[137.478928,35.077508],[137.479571,35.077132],[137.480501,35.07658],[137.481929,35.075775],[137.482709,35.07561],[137.48315,35.075797],[137.483727,35.076194],[137.48442,35.076532],[137.484953,35.076458],[137.485349,35.076173],[137.48617,35.075539],[137.486655,35.075378],[137.486838,35.075363],[137.486903,35.076106],[137.486986,35.076686],[137.487106,35.077374],[137.487214,35.077962],[137.487325,35.078671],[137.487545,35.079776],[137.487851,35.08057],[137.488226,35.081025],[137.488551,35.081271],[137.487738,35.082077],[137.487164,35.082619],[137.486757,35.083118],[137.486223,35.08389],[137.485905,35.084513],[137.48584,35.085095],[137.485917,35.085625],[137.486066,35.08625],[137.486159,35.086809],[137.486192,35.087494],[137.486122,35.088026],[137.485956,35.088383],[137.485491,35.088816],[137.485137,35.089138],[137.484589,35.089497],[137.483863,35.089799],[137.48292,35.089937],[137.482052,35.090292],[137.481322,35.090665],[137.480756,35.091065],[137.480191,35.091587],[137.479784,35.092086],[137.479509,35.092342],[137.479165,35.092663],[137.478857,35.093072],[137.478772,35.093383],[137.478726,35.093609],[137.478727,35.093923],[137.478875,35.094234],[137.479065,35.094583],[137.47897,35.094914],[137.478693,35.095068],[137.478537,35.095405],[137.478334,35.095654],[137.477833,35.095786],[137.477367,35.095905],[137.476999,35.09632],[137.477013,35.097047],[137.477015,35.097674],[137.476986,35.098243],[137.476924,35.09926],[137.476677,35.099857],[137.476294,35.100197],[137.476277,35.100213],[137.475938,35.100564],[137.475501,35.101126],[137.475344,35.101655],[137.475219,35.10205],[137.474989,35.102483],[137.474745,35.103009],[137.474596,35.103709],[137.474814,35.104187],[137.475006,35.104657],[137.474722,35.104953],[137.474359,35.105104],[137.473803,35.105291],[137.473314,35.105524],[137.472987,35.105975],[137.472961,35.106473],[137.472835,35.106746],[137.472401,35.106924],[137.472052,35.107296],[137.471943,35.10772],[137.471954,35.108518],[137.471969,35.109053],[137.471839,35.109397],[137.471625,35.109668],[137.47128,35.109969],[137.470943,35.110442],[137.470605,35.111107],[137.470368,35.111683],[137.470245,35.112198],[137.470086,35.112919],[137.469714,35.113405],[137.469315,35.113762],[137.46908,35.114266],[137.468917,35.114745],[137.468993,35.115275],[137.469067,35.115683],[137.469067,35.116189],[137.469165,35.116798],[137.469481,35.117066],[137.469867,35.117307],[137.470218,35.117562],[137.470546,35.11793],[137.470697,35.118362],[137.470677,35.11891],[137.470713,35.119211],[137.471131,35.11951],[137.4717,35.119737],[137.47209,35.119907],[137.472561,35.120031],[137.473019,35.120054],[137.473576,35.12018],[137.474037,35.120324],[137.474412,35.120779],[137.47462,35.121278],[137.47445,35.121707],[137.474198,35.122061],[137.47416,35.122459],[137.474301,35.122913],[137.474476,35.123546],[137.474684,35.124044],[137.475197,35.124518],[137.475392,35.125109],[137.475565,35.125621],[137.475495,35.125961],[137.475414,35.1262],[137.475733,35.126397],[137.47545,35.126501],[137.474896,35.126809],[137.474945,35.12721],[137.475023,35.127547],[137.47483,35.127583],[137.47434,35.127502],[137.474258,35.127741],[137.474256,35.128126],[137.47393,35.128385],[137.473899,35.128414],[137.473575,35.128708],[137.473491,35.129332],[137.473304,35.129923],[137.472941,35.130075],[137.472786,35.130219],[137.472594,35.130568],[137.47201,35.130626],[137.471438,35.130784],[137.471096,35.131207],[137.470904,35.131051],[137.470804,35.130634],[137.470707,35.130338],[137.470623,35.129951],[137.470853,35.129709],[137.470925,35.129491],[137.470804,35.129309],[137.470426,35.129239],[137.469987,35.129173],[137.469678,35.128956],[137.469351,35.128902],[137.469275,35.129191],[137.469391,35.129637],[137.46919,35.130007],[137.468696,35.129997],[137.468201,35.129674],[137.46786,35.129398],[137.467376,35.128861],[137.466847,35.128864],[137.466832,35.129148],[137.466933,35.129373],[137.466654,35.129406],[137.466643,35.129619],[137.466721,35.129956],[137.466377,35.130065],[137.46592,35.12985],[137.465507,35.129793],[137.46509,35.129807],[137.464865,35.129471],[137.464771,35.129104],[137.464369,35.128834],[137.463923,35.128911],[137.463908,35.129195],[137.464182,35.129426],[137.463911,35.12963],[137.463408,35.129641],[137.463115,35.129766],[137.463614,35.130018],[137.463593,35.130253],[137.463262,35.13027],[137.463293,35.13052],[137.463441,35.130832],[137.463725,35.131041],[137.463972,35.131456],[137.463717,35.131689],[137.463182,35.131642],[137.462763,35.131535],[137.462447,35.131773],[137.462452,35.132015],[137.462146,35.132232],[137.461701,35.132117],[137.461268,35.132102],[137.460792,35.132242],[137.460309,35.132524],[137.459954,35.132847],[137.459654,35.133114],[137.459299,35.133436],[137.458941,35.13383],[137.458682,35.134134],[137.458475,35.134454],[137.457945,35.133974],[137.457202,35.133458],[137.456252,35.133704],[137.454893,35.133884],[137.454431,35.133859],[137.453468,35.133567],[137.452481,35.133234],[137.451956,35.132917],[137.451843,35.132892],[137.451543,35.132984],[137.451356,35.133117],[137.450469,35.134117],[137.450256,35.1345],[137.450077,35.134707],[137.449956,35.134779],[137.448748,35.134927],[137.448225,35.135086],[137.447941,35.135213],[137.447669,35.135442],[137.447231,35.135942],[137.446931,35.136142],[137.445906,35.13655],[137.445606,35.136642],[137.444609,35.136711],[137.443856,35.136521],[137.443569,35.135992],[137.443528,35.135651],[137.443524,35.13533],[137.443866,35.134245],[137.444344,35.133559],[137.444418,35.13322],[137.44428,35.13247],[137.444524,35.131578],[137.444532,35.131101],[137.444419,35.130426],[137.444469,35.130217],[137.444782,35.129976],[137.444882,35.129926],[137.445082,35.129751],[137.445632,35.129068],[137.446019,35.128751],[137.446344,35.128551],[137.446492,35.12848],[137.446869,35.128301],[137.447107,35.128143],[137.447219,35.127984],[137.447244,35.127518],[137.447219,35.12731],[137.447282,35.126993],[137.447555,35.126381],[137.448354,35.125416],[137.448291,35.125142],[137.447569,35.12326],[137.447445,35.122211],[137.447365,35.121881],[137.447113,35.121575],[137.446754,35.121219],[137.446584,35.120971],[137.446568,35.120841],[137.446654,35.120656],[137.447042,35.120256],[137.447182,35.120102],[137.447457,35.119969],[137.447569,35.119902],[137.447632,35.11976],[137.447519,35.119427],[137.446969,35.118435],[137.446794,35.118211],[137.446195,35.116702],[137.446082,35.116569],[137.445757,35.116361],[137.445557,35.116202],[137.445207,35.115644],[137.44507,35.115552],[137.44377,35.115261],[137.443557,35.115127],[137.443532,35.115011],[137.44346,35.114495],[137.443446,35.114049],[137.443383,35.113481],[137.44354,35.11266],[137.444415,35.112212],[137.444375,35.111513],[137.443707,35.110876],[137.443088,35.110562],[137.442667,35.110409],[137.4421,35.11014],[137.441771,35.110031],[137.441534,35.109967],[137.440934,35.109871],[137.44052,35.109768],[137.439826,35.10958],[137.439653,35.109572],[137.439037,35.109426],[137.438173,35.109368],[137.437749,35.10928],[137.437473,35.109048],[137.437416,35.108929],[137.437426,35.108732],[137.437319,35.108552],[137.437097,35.108394],[137.436454,35.108265],[137.43581,35.108082],[137.435359,35.108061],[137.434621,35.108194],[137.433634,35.108169],[137.433522,35.108153],[137.433434,35.108078],[137.433434,35.107919],[137.433503,35.107513],[137.433341,35.107158],[137.43198,35.106077],[137.432034,35.104811],[137.431922,35.104611],[137.431835,35.10457],[137.43096,35.104478],[137.429481,35.104156],[137.429165,35.103915]]],[[[137.461992,35.160081],[137.462534,35.160027],[137.463183,35.159827],[137.463452,35.159737],[137.463793,35.159527],[137.464018,35.159429],[137.46427,35.159361],[137.464579,35.159331],[137.465481,35.159255],[137.466085,35.159041],[137.466627,35.158604],[137.467119,35.158015],[137.467338,35.157224],[137.467413,35.15584],[137.467831,35.1552],[137.468229,35.154782],[137.469055,35.153955],[137.469879,35.153332],[137.470116,35.153157],[137.470785,35.152669],[137.471441,35.152248],[137.47193,35.151855],[137.473076,35.151295],[137.473631,35.151111],[137.47426,35.150744],[137.474678,35.150357],[137.474791,35.15024],[137.474816,35.150157],[137.474403,35.149324],[137.473991,35.148241],[137.473804,35.147566],[137.473716,35.146999],[137.473917,35.146635],[137.473459,35.146372],[137.473166,35.146483],[137.473079,35.146549],[137.472039,35.146604],[137.471817,35.146637],[137.471686,35.146612],[137.471629,35.146483],[137.471427,35.146079],[137.471088,35.145466],[137.47101,35.14531],[137.470986,35.145162],[137.471007,35.144927],[137.471094,35.144493],[137.470858,35.144007],[137.470061,35.143515],[137.469923,35.14341],[137.469859,35.143335],[137.469756,35.143059],[137.469652,35.142623],[137.469557,35.142524],[137.469031,35.142231],[137.46855,35.141926],[137.468498,35.141877],[137.468366,35.141492],[137.468277,35.141302],[137.46819,35.141199],[137.468051,35.141095],[137.467895,35.141006],[137.467488,35.140828],[137.467007,35.140692],[137.466752,35.140596],[137.466442,35.140396],[137.466082,35.140237],[137.465053,35.139733],[137.464316,35.139567],[137.464911,35.139339],[137.46527,35.139212],[137.465659,35.138975],[137.466089,35.138611],[137.466662,35.13813],[137.467245,35.137648],[137.467541,35.137482],[137.468019,35.137364],[137.468632,35.137276],[137.469077,35.13725],[137.469876,35.137281],[137.470374,35.137208],[137.470864,35.137011],[137.471263,35.136794],[137.471299,35.136764],[137.471404,35.136707],[137.47158,35.136601],[137.471751,35.136481],[137.471922,35.136345],[137.472032,35.136222],[137.472054,35.136186],[137.472105,35.136026],[137.472107,35.136011],[137.472103,35.135621],[137.472086,35.135456],[137.472075,35.135361],[137.472055,35.135221],[137.472044,35.135187],[137.472028,35.135132],[137.472007,35.135045],[137.471991,35.13499],[137.471971,35.13494],[137.471919,35.134859],[137.471902,35.134829],[137.471986,35.134798],[137.472231,35.134721],[137.472316,35.134696],[137.472442,35.134659],[137.472709,35.134567],[137.472972,35.134464],[137.473196,35.134354],[137.473297,35.134298],[137.473411,35.134225],[137.473531,35.134146],[137.473617,35.134067],[137.473703,35.133979],[137.473976,35.133844],[137.474487,35.133691],[137.475248,35.133568],[137.476173,35.13328],[137.476419,35.133065],[137.476518,35.132978],[137.476737,35.132444],[137.477124,35.131674],[137.477548,35.131012],[137.477972,35.130543],[137.478497,35.130105],[137.479061,35.129776],[137.479413,35.129332],[137.479416,35.128947],[137.479316,35.128531],[137.479367,35.1284],[137.479476,35.128123],[137.479687,35.127732],[137.479917,35.127298],[137.480082,35.126627],[137.480123,35.126351],[137.479823,35.126112],[137.479529,35.125924],[137.479428,35.125699],[137.479657,35.125458],[137.480072,35.125323],[137.480858,35.125208],[137.480913,35.125153],[137.481028,35.124779],[137.48132,35.124654],[137.481857,35.124509],[137.481948,35.124249],[137.481786,35.124029],[137.481528,35.123828],[137.481142,35.123586],[137.481101,35.123357],[137.481311,35.123158],[137.481659,35.122978],[137.482063,35.122863],[137.482712,35.122729],[137.483392,35.122653],[137.484267,35.122663],[137.485063,35.122527],[137.486084,35.122413],[137.486896,35.122306],[137.487174,35.121959],[137.487314,35.121593],[137.487688,35.121229],[137.488169,35.120825],[137.488383,35.120363],[137.488152,35.119977],[137.487874,35.119818],[137.487313,35.119763],[137.486749,35.119779],[137.485866,35.119912],[137.485014,35.119789],[137.48442,35.119555],[137.48401,35.119426],[137.483408,35.119334],[137.482718,35.119431],[137.481944,35.119646],[137.481146,35.119661],[137.481048,35.119366],[137.481165,35.119113],[137.481325,35.118706],[137.481527,35.118335],[137.481669,35.118091],[137.48168,35.117877],[137.481608,35.11759],[137.481588,35.117319],[137.481772,35.117111],[137.481876,35.116951],[137.481893,35.116788],[137.481627,35.116223],[137.481837,35.116024],[137.482011,35.115837],[137.481991,35.115566],[137.481656,35.11534],[137.481234,35.115112],[137.480999,35.114797],[137.480937,35.114489],[137.480991,35.11412],[137.481003,35.113715],[137.480912,35.113469],[137.480477,35.113333],[137.480182,35.113337],[137.479965,35.113173],[137.479976,35.112959],[137.480032,35.112712],[137.480044,35.112306],[137.47985,35.112221],[137.479539,35.112196],[137.479485,35.112059],[137.479535,35.111761],[137.479591,35.111514],[137.479353,35.11127],[137.47937,35.111107],[137.479749,35.110985],[137.479898,35.110791],[137.479469,35.110704],[137.478989,35.110602],[137.478467,35.110463],[137.477967,35.110403],[137.477587,35.110211],[137.477742,35.110067],[137.478153,35.110003],[137.478556,35.110081],[137.479506,35.109993],[137.480066,35.110049],[137.480897,35.1099],[137.481444,35.109733],[137.481695,35.109571],[137.481739,35.109224],[137.481773,35.108897],[137.482028,35.108664],[137.482375,35.108484],[137.482691,35.108245],[137.483119,35.108018],[137.483559,35.107891],[137.484221,35.107665],[137.484456,35.107474],[137.484573,35.106715],[137.484771,35.106416],[137.485029,35.106111],[137.484999,35.105861],[137.484895,35.105515],[137.485031,35.104908],[137.485148,35.104655],[137.485352,35.104406],[137.485351,35.104092],[137.485263,35.103776],[137.485019,35.10329],[137.484736,35.102575],[137.484965,35.102333],[137.485456,35.102222],[137.485951,35.10204],[137.486174,35.101749],[137.486384,35.101549],[137.486804,35.101464],[137.487097,35.101339],[137.487172,35.10105],[137.487085,35.100733],[137.48694,35.100351],[137.48668,35.099836],[137.486533,35.099332],[137.486654,35.099008],[137.486877,35.098717],[137.487074,35.098418],[137.487329,35.098184],[137.48758,35.098022],[137.487747,35.097978],[137.487504,35.097492],[137.487889,35.09742],[137.48827,35.097419],[137.488722,35.097392],[137.489204,35.097302],[137.489277,35.096386],[137.488932,35.096181],[137.4886,35.096077],[137.488212,35.096028],[137.487774,35.095963],[137.487765,35.095791],[137.487635,35.095124],[137.487286,35.094991],[137.486925,35.09495],[137.486479,35.094521],[137.486468,35.094229],[137.486537,35.093889],[137.486611,35.093479],[137.486829,35.092945],[137.487207,35.092509],[137.487266,35.092321],[137.487331,35.092115],[137.487202,35.091761],[137.4869,35.091401],[137.486889,35.091109],[137.48693,35.090832],[137.486958,35.090456],[137.487019,35.089945],[137.48704,35.089205],[137.48706,35.088657],[137.487249,35.088186],[137.487453,35.087745],[137.487708,35.087511],[137.488236,35.087195],[137.488558,35.087007],[137.488547,35.086714],[137.488502,35.086242],[137.488565,35.085853],[137.488813,35.085762],[137.489029,35.085926],[137.489306,35.086278],[137.489564,35.086479],[137.489921,35.086278],[137.48992,35.085964],[137.490037,35.085712],[137.490306,35.0857],[137.490662,35.085691],[137.490827,35.085526],[137.490726,35.085301],[137.490363,35.084947],[137.490301,35.084638],[137.490482,35.08431],[137.490676,35.084081],[137.490722,35.083855],[137.490833,35.083553],[137.491094,35.083875],[137.491472,35.084451],[137.491798,35.085011],[137.492184,35.085252],[137.491849,35.085533],[137.491455,35.085939],[137.490976,35.088174],[137.491793,35.088117],[137.49231,35.088014],[137.493041,35.087954],[137.493617,35.088038],[137.494754,35.087672],[137.495853,35.087197],[137.496735,35.08675],[137.49748,35.086406],[137.497857,35.086163],[137.498397,35.085946],[137.498911,35.085722],[137.499098,35.085443],[137.499255,35.085107],[137.499517,35.084731],[137.499822,35.084514],[137.500256,35.084337],[137.500669,35.084394],[137.501216,35.084541],[137.501828,35.084613],[137.502354,35.084488],[137.502985,35.084012],[137.503344,35.083618],[137.503509,35.08326],[137.503547,35.082863],[137.503475,35.082575],[137.503211,35.082324],[137.503017,35.082046],[137.502975,35.081696],[137.503169,35.081468],[137.503705,35.081322],[137.504179,35.081374],[137.504832,35.081483],[137.505246,35.081347],[137.50547,35.080864],[137.505575,35.080511],[137.505984,35.080134],[137.506691,35.079873],[137.507324,35.079518],[137.508131,35.079168],[137.508713,35.078797],[137.509313,35.078262],[137.509915,35.077848],[137.510348,35.077671],[137.510867,35.077689],[137.511402,35.077736],[137.511871,35.077545],[137.511803,35.077187],[137.51164,35.076654],[137.511786,35.076339],[137.512424,35.076225],[137.513061,35.076305],[137.513551,35.076386],[137.513981,35.076279],[137.514025,35.075932],[137.514252,35.075569],[137.514593,35.075339],[137.516131,35.075243],[137.517079,35.075347],[137.517888,35.075624],[137.518903,35.075773],[137.51972,35.075716],[137.520669,35.075628],[137.521641,35.075427],[137.522579,35.075046],[137.523305,35.074743],[137.523832,35.074619],[137.524591,35.074688],[137.526062,35.075053],[137.526449,35.075294],[137.527299,35.075608],[137.527405,35.074558],[137.527406,35.073859],[137.527314,35.073108],[137.527386,35.072384],[137.52746,35.071781],[137.527442,35.071125],[137.527238,35.070363],[137.527114,35.069746],[137.52698,35.06915],[137.527015,35.068631],[137.527192,35.06806],[137.527447,35.067635],[137.527658,35.067243],[137.527757,35.06684],[137.527734,35.066448],[137.527463,35.06564],[137.52716,35.064967],[137.526258,35.063625],[137.525863,35.063213],[137.525549,35.062753],[137.525238,35.062222],[137.524936,35.061357],[137.524706,35.060779],[137.524604,35.060241],[137.524443,35.059829],[137.523993,35.059472],[137.523305,35.059377],[137.523311,35.058921],[137.523529,35.058387],[137.523804,35.05792],[137.524056,35.057565],[137.5246,35.056712],[137.524497,35.056666],[137.524341,35.05657],[137.523911,35.056171],[137.523902,35.056161],[137.523185,35.055462],[137.522945,35.054905],[137.522649,35.054089],[137.522393,35.053504],[137.522217,35.053063],[137.522042,35.052743],[137.521699,35.052347],[137.521219,35.051739],[137.52099,35.051474],[137.520777,35.051239],[137.520404,35.050906],[137.519967,35.050648],[137.519738,35.050384],[137.519644,35.050017],[137.519841,35.049132],[137.520284,35.048843],[137.520927,35.048545],[137.521512,35.048242],[137.522022,35.048159],[137.523426,35.04807],[137.523614,35.047929],[137.523726,35.047754],[137.523751,35.047529],[137.523539,35.046487],[137.523514,35.046196],[137.523488,35.045783],[137.523612,35.04568],[137.524776,35.045496],[137.525076,35.045296],[137.525214,35.045071],[137.525301,35.044796],[137.525401,35.044079],[137.525401,35.042954],[137.525489,35.042704],[137.525651,35.042588],[137.526289,35.042588],[137.526976,35.042771],[137.527326,35.042905],[137.527714,35.042996],[137.527989,35.042971],[137.528926,35.042496],[137.529006,35.04248],[137.529158,35.042449],[137.529251,35.04243],[137.531126,35.04243],[137.531701,35.042588],[137.531951,35.042763],[137.532163,35.043105],[137.532168,35.043428],[137.532126,35.044386],[137.532326,35.045088],[137.532713,35.046529],[137.532956,35.047164],[137.533625,35.047946],[137.533738,35.048212],[137.5339,35.048896],[137.534088,35.049637],[137.534338,35.050379],[137.534338,35.051054],[137.534425,35.051437],[137.534563,35.051687],[137.534913,35.051979],[137.535713,35.052429],[137.5364,35.052454],[137.537088,35.052337],[137.537613,35.052204],[137.538112,35.051995],[137.538321,35.051935],[137.538526,35.051914],[137.538719,35.05195],[137.539154,35.05203],[137.539596,35.052069],[137.539689,35.051993],[137.539768,35.051768],[137.539812,35.051546],[137.539726,35.051413],[137.539488,35.051041],[137.539337,35.050754],[137.539029,35.050422],[137.53855,35.050326],[137.538375,35.050237],[137.538187,35.050012],[137.537972,35.049718],[137.537933,35.049401],[137.538044,35.049176],[137.538303,35.048828],[137.538645,35.048776],[137.53918,35.048805],[137.53966,35.049033],[137.540112,35.049363],[137.540412,35.049587],[137.540898,35.050059],[137.540955,35.050114],[137.541125,35.050279],[137.541325,35.050554],[137.541462,35.050846],[137.541619,35.051297],[137.5414,35.051746],[137.541147,35.052098],[137.54041,35.052708],[137.540274,35.052882],[137.539949,35.053227],[137.539508,35.053962],[137.539325,35.054349],[137.539233,35.054601],[137.539024,35.055089],[137.538928,35.055393],[137.538904,35.055894],[137.539027,35.056385],[137.539156,35.056805],[137.539153,35.057298],[137.53904,35.057551],[137.538327,35.058071],[137.537853,35.05815],[137.537246,35.058285],[137.536667,35.058473],[137.536457,35.058609],[137.536412,35.058768],[137.53643,35.059005],[137.536602,35.059241],[137.536911,35.059572],[137.537268,35.059854],[137.537583,35.06013],[137.538092,35.06044],[137.538366,35.060709],[137.538422,35.060892],[137.538422,35.061247],[137.538404,35.061628],[137.538273,35.062039],[137.538166,35.062377],[137.53786,35.06273],[137.53761,35.063092],[137.537503,35.063442],[137.537607,35.063805],[137.537909,35.063996],[137.538178,35.064103],[137.538687,35.064102],[137.538941,35.064109],[137.539592,35.064135],[137.540071,35.064147],[137.540453,35.064176],[137.540834,35.064272],[137.541,35.064377],[137.541347,35.064757],[137.541397,35.065215],[137.54136,35.065563],[137.541268,35.065926],[137.54129,35.066347],[137.54126,35.066715],[137.541425,35.067014],[137.541785,35.067175],[137.541656,35.067693],[137.541594,35.068004],[137.541455,35.068215],[137.541153,35.068597],[137.54106,35.068954],[137.541015,35.069608],[137.540911,35.069841],[137.540718,35.070057],[137.540435,35.070183],[137.540066,35.070212],[137.539564,35.070192],[137.539409,35.07026],[137.539118,35.07096],[137.538943,35.071433],[137.538888,35.071975],[137.539052,35.072495],[137.539077,35.073047],[137.539129,35.073531],[137.53918,35.073838],[137.539258,35.074005],[137.539209,35.07431],[137.539166,35.074561],[137.53918,35.074826],[137.539383,35.075206],[137.539398,35.075433],[137.539257,35.075766],[137.539021,35.076285],[137.538933,35.076614],[137.538723,35.076824],[137.538649,35.077153],[137.538728,35.07746],[137.538685,35.077627],[137.538456,35.077849],[137.537921,35.078259],[137.537631,35.078404],[137.537121,35.078385],[137.53693,35.078507],[137.536524,35.079483],[137.53649,35.079943],[137.536534,35.080459],[137.536608,35.080738],[137.536558,35.081131],[137.53644,35.081233],[137.535814,35.081374],[137.535586,35.081395],[137.535006,35.081347],[137.534696,35.081384],[137.53441,35.081524],[137.534134,35.081696],[137.533678,35.081777],[137.532663,35.081863],[137.531616,35.082162],[137.530653,35.082535],[137.530168,35.082696],[137.52958,35.083018],[137.529206,35.083382],[137.528802,35.08381],[137.528651,35.084389],[137.528666,35.085116],[137.528635,35.085564],[137.52853,35.085726],[137.528369,35.085909],[137.528294,35.086032],[137.527885,35.086485],[137.527626,35.086778],[137.527572,35.08682],[137.527278,35.087155],[137.527211,35.087265],[137.52696,35.087681],[137.526679,35.088146],[137.526638,35.088203],[137.526287,35.088692],[137.525993,35.089077],[137.525638,35.089512],[137.525377,35.089827],[137.525185,35.090059],[137.524768,35.090494],[137.5245,35.090731],[137.524241,35.09096],[137.523909,35.090951],[137.523368,35.091084],[137.522754,35.091238],[137.522361,35.091279],[137.522199,35.091329],[137.521833,35.091443],[137.521612,35.091807],[137.521525,35.092226],[137.521515,35.092271],[137.521504,35.092595],[137.521309,35.093221],[137.520954,35.093656],[137.52058,35.09394],[137.5205,35.094001],[137.520193,35.094154],[137.521226,35.094221],[137.521939,35.094158],[137.522639,35.094115],[137.523648,35.094223],[137.524177,35.094464],[137.524448,35.094776],[137.524955,35.095396],[137.525343,35.09609],[137.525497,35.096908],[137.525584,35.09719],[137.525263,35.097305],[137.524782,35.097659],[137.524542,35.0978],[137.52406,35.097872],[137.523589,35.098032],[137.523183,35.098368],[137.522884,35.098474],[137.522049,35.098811],[137.521524,35.098865],[137.521215,35.099183],[137.521215,35.099315],[137.5214,35.099461],[137.521598,35.099793],[137.521845,35.100247],[137.521957,35.10067],[137.522327,35.101174],[137.522894,35.101657],[137.52335,35.101968],[137.523731,35.102048],[137.524149,35.102016],[137.524592,35.101894],[137.525108,35.101801],[137.525649,35.10182],[137.526363,35.10206],[137.526732,35.102109],[137.526989,35.101886],[137.527087,35.101724],[137.527394,35.101471],[137.527688,35.101187],[137.528191,35.100862],[137.528243,35.100819],[137.528368,35.10075],[137.528496,35.100284],[137.528425,35.099804],[137.528113,35.099466],[137.52751,35.09906],[137.527207,35.098701],[137.526905,35.098341],[137.526555,35.097895],[137.526569,35.097297],[137.526773,35.096855],[137.527129,35.096437],[137.527855,35.095686],[137.52825,35.09543],[137.528507,35.095332],[137.528754,35.095384],[137.528978,35.09526],[137.529373,35.094837],[137.529671,35.094466],[137.530153,35.094297],[137.530496,35.094375],[137.531102,35.094479],[137.531658,35.09424],[137.532183,35.094168],[137.532827,35.094395],[137.533386,35.094869],[137.533698,35.095132],[137.534042,35.095263],[137.534653,35.095199],[137.534942,35.095269],[137.535446,35.09532],[137.535672,35.095443],[137.536264,35.09611],[137.536401,35.09606],[137.536732,35.095767],[137.536766,35.095725],[137.536977,35.095463],[137.537221,35.09506],[137.537271,35.094977],[137.537687,35.094289],[137.537736,35.094162],[137.538039,35.093661],[137.538614,35.093431],[137.538922,35.093494],[137.539259,35.093769],[137.539149,35.094052],[137.53872,35.094609],[137.538071,35.095378],[137.537252,35.096785],[137.537212,35.097128],[137.537609,35.097347],[137.538084,35.097935],[137.53876,35.098241],[137.538943,35.098311],[137.539382,35.098284],[137.539767,35.098133],[137.540066,35.097877],[137.540484,35.097867],[137.54072,35.097971],[137.540882,35.098173],[137.540937,35.098437],[137.540821,35.098878],[137.541047,35.099159],[137.541166,35.099299],[137.54136,35.099642],[137.541661,35.099712],[137.541938,35.099532],[137.54229,35.099345],[137.542609,35.099385],[137.542898,35.099788],[137.543061,35.099973],[137.543115,35.100023],[137.542935,35.100298],[137.542504,35.100597],[137.542108,35.100828],[137.541941,35.100926],[137.541323,35.101311],[137.541059,35.101565],[137.541009,35.101601],[137.540708,35.101817],[137.540312,35.101905],[137.539989,35.101977],[137.539302,35.102196],[137.538613,35.102607],[137.538194,35.103005],[137.53757,35.10334],[137.536793,35.103627],[137.535982,35.104048],[137.534855,35.104393],[137.533997,35.104727],[137.533526,35.104959],[137.532592,35.10542],[137.532103,35.105844],[137.531864,35.106037],[137.531714,35.106239],[137.531438,35.106689],[137.531357,35.107262],[137.531777,35.107778],[137.532273,35.108286],[137.532779,35.108857],[137.532952,35.109305],[137.53291,35.109986],[137.533001,35.110298],[137.533321,35.111035],[137.533724,35.111456],[137.534361,35.111777],[137.535184,35.112034],[137.535328,35.112158],[137.535686,35.112462],[137.535898,35.112643],[137.535896,35.112746],[137.535946,35.113154],[137.535905,35.113497],[137.535921,35.113704],[137.535626,35.114398],[137.535208,35.114703],[137.534768,35.114882],[137.534268,35.115051],[137.533627,35.115075],[137.532958,35.115054],[137.532525,35.115039],[137.531296,35.114866],[137.530913,35.11493],[137.530639,35.115107],[137.530192,35.115592],[137.529893,35.116029],[137.529671,35.116569],[137.529531,35.11702],[137.529451,35.117593],[137.529377,35.118085],[137.529286,35.11882],[137.529297,35.119691],[137.529356,35.119869],[137.529685,35.12055],[137.529933,35.12131],[137.529999,35.121515],[137.530196,35.12242],[137.530336,35.123066],[137.530142,35.122943],[137.529429,35.122493],[137.529048,35.121988],[137.528704,35.121592],[137.528336,35.120995],[137.527961,35.120348],[137.527812,35.120002],[137.527576,35.119593],[137.527275,35.118612],[137.52692,35.118105],[137.526684,35.118045],[137.526088,35.117924],[137.5258,35.117865],[137.525365,35.118235],[137.524799,35.118949],[137.52473,35.119008],[137.524364,35.119319],[137.523707,35.119787],[137.522911,35.12043],[137.522509,35.120665],[137.521881,35.120565],[137.521549,35.120412],[137.521229,35.120264],[137.520398,35.119908],[137.519537,35.119615],[137.518717,35.119551],[137.518258,35.11972],[137.517903,35.120042],[137.517557,35.120536],[137.51737,35.121128],[137.5172,35.121749],[137.516914,35.122238],[137.516497,35.122252],[137.515958,35.121963],[137.515266,35.121746],[137.514424,35.121603],[137.513581,35.121711],[137.513551,35.121715],[137.512898,35.121607],[137.512439,35.121344],[137.512247,35.121307],[137.512107,35.121333],[137.512016,35.121432],[137.512145,35.121588],[137.512476,35.121885],[137.513204,35.122402],[137.513788,35.122849],[137.51412,35.123201],[137.514467,35.123477],[137.514802,35.123696],[137.515511,35.124063],[137.516201,35.124472],[137.516571,35.12474],[137.516734,35.124828],[137.518995,35.126296],[137.520818,35.127793],[137.52111,35.127983],[137.521447,35.128284],[137.521649,35.128465],[137.521624,35.128554],[137.521484,35.128587],[137.521304,35.128604],[137.520772,35.128499],[137.52032,35.128459],[137.519789,35.128518],[137.519308,35.128626],[137.518959,35.128858],[137.518449,35.129238],[137.518445,35.129665],[137.518438,35.1297],[137.51847,35.130264],[137.518539,35.130667],[137.518705,35.130984],[137.519107,35.131696],[137.519514,35.132059],[137.519827,35.132261],[137.520177,35.132413],[137.520872,35.132705],[137.52139,35.132981],[137.521742,35.13307],[137.522864,35.13318],[137.523371,35.133098],[137.523853,35.133007],[137.524322,35.133323],[137.524618,35.133632],[137.524757,35.133829],[137.524851,35.133914],[137.525227,35.134403],[137.525608,35.134924],[137.526214,35.135387],[137.526728,35.135538],[137.527244,35.135464],[137.527734,35.135231],[137.527841,35.135177],[137.528276,35.134849],[137.528978,35.134346],[137.529529,35.133916],[137.530308,35.133437],[137.531344,35.132846],[137.532229,35.132328],[137.533464,35.131751],[137.534527,35.131481],[137.53487,35.131572],[137.535023,35.131613],[137.535213,35.131961],[137.535213,35.132467],[137.53503,35.13276],[137.534987,35.132829],[137.534594,35.133044],[137.534006,35.133173],[137.533432,35.13321],[137.532785,35.133367],[137.532541,35.13356],[137.532331,35.133939],[137.532115,35.134285],[137.531828,35.134559],[137.531471,35.134761],[137.531047,35.135034],[137.530524,35.135415],[137.530121,35.135815],[137.529855,35.136328],[137.529671,35.136865],[137.529507,35.137043],[137.529497,35.137085],[137.529228,35.137411],[137.529076,35.137511],[137.528959,35.137638],[137.528645,35.137979],[137.528242,35.138492],[137.52823,35.138542],[137.527799,35.139235],[137.527488,35.139834],[137.527097,35.140184],[137.526657,35.140362],[137.526097,35.140409],[137.525696,35.140392],[137.525493,35.140409],[137.525076,35.140423],[137.524625,35.140258],[137.524219,35.140059],[137.523943,35.139884],[137.523934,35.139881],[137.52319,35.139643],[137.522701,35.139762],[137.522447,35.14],[137.521962,35.14049],[137.521505,35.140799],[137.52123,35.141024],[137.520789,35.141315],[137.520448,35.141499],[137.520113,35.141601],[137.519504,35.141702],[137.518829,35.141762],[137.518318,35.141868],[137.517757,35.142141],[137.51724,35.142328],[137.516532,35.142537],[137.516048,35.142688],[137.515629,35.142874],[137.515369,35.143022],[137.514912,35.143313],[137.514628,35.143609],[137.514411,35.14365],[137.514375,35.143682],[137.513973,35.143969],[137.513512,35.144134],[137.512765,35.144347],[137.51217,35.144656],[137.51184,35.144903],[137.511591,35.14491],[137.511576,35.144942],[137.51135,35.145113],[137.51123,35.14519],[137.511224,35.145198],[137.510887,35.145526],[137.510595,35.145881],[137.510214,35.146181],[137.509866,35.146672],[137.509676,35.14686],[137.509626,35.146933],[137.509569,35.146965],[137.50948,35.147053],[137.509034,35.147313],[137.508512,35.147469],[137.507832,35.147497],[137.507071,35.147277],[137.506336,35.147328],[137.505955,35.147628],[137.505857,35.147768],[137.505869,35.148142],[137.505907,35.14824],[137.505976,35.148417],[137.506135,35.148707],[137.5064,35.148959],[137.506788,35.149321],[137.50712,35.149618],[137.507516,35.149838],[137.507843,35.149892],[137.508259,35.15007],[137.508376,35.150324],[137.508352,35.150629],[137.508262,35.150875],[137.508262,35.150879],[137.508243,35.150979],[137.508264,35.151324],[137.508409,35.151707],[137.508567,35.151997],[137.50935,35.152965],[137.509854,35.15346],[137.510277,35.153496],[137.510851,35.153459],[137.511504,35.153253],[137.511985,35.153163],[137.512511,35.153231],[137.513023,35.153392],[137.513154,35.15352],[137.513386,35.153746],[137.513745,35.154364],[137.513799,35.154472],[137.513989,35.15485],[137.514004,35.154877],[137.514264,35.155276],[137.514541,35.15576],[137.514898,35.156336],[137.515164,35.156615],[137.515155,35.156804],[137.515257,35.157],[137.515222,35.157374],[137.515193,35.157775],[137.515358,35.157904],[137.515719,35.158137],[137.515589,35.15818],[137.514855,35.158421],[137.514511,35.15853],[137.514067,35.158728],[137.513725,35.158958],[137.513565,35.159095],[137.513435,35.159205],[137.513118,35.159332],[137.512895,35.159421],[137.512097,35.15975],[137.511374,35.159981],[137.510851,35.160034],[137.5101,35.160136],[137.509547,35.160252],[137.509257,35.160499],[137.508986,35.160703],[137.508753,35.161016],[137.5085,35.161563],[137.508112,35.162019],[137.507712,35.162376],[137.507054,35.162845],[137.506536,35.16314],[137.506306,35.163314],[137.506205,35.16339],[137.505904,35.163617],[137.505462,35.164129],[137.505342,35.164387],[137.505237,35.164612],[137.505075,35.164899],[137.504631,35.165097],[137.50412,35.16525],[137.503525,35.165522],[137.503252,35.165659],[137.503142,35.165715],[137.502811,35.165226],[137.502753,35.164847],[137.502713,35.164394],[137.502697,35.164214],[137.502573,35.163891],[137.502187,35.163339],[137.501673,35.162962],[137.50109,35.162909],[137.501009,35.162916],[137.500542,35.163105],[137.500438,35.163182],[137.499867,35.163165],[137.499408,35.163247],[137.499141,35.163403],[137.498604,35.163503],[137.498169,35.163663],[137.497691,35.163845],[137.497169,35.163888],[137.496714,35.163859],[137.496187,35.163983],[137.495511,35.164156],[137.494923,35.16427],[137.494507,35.164237],[137.493997,35.16423],[137.493459,35.164177],[137.492983,35.164022],[137.492562,35.163731],[137.492405,35.163491],[137.492462,35.16313],[137.492502,35.1629],[137.492306,35.162552],[137.492385,35.162317],[137.492723,35.16198],[137.492764,35.161913],[137.492826,35.161844],[137.492953,35.161519],[137.492791,35.161442],[137.492763,35.161441],[137.492533,35.161506],[137.492173,35.161607],[137.491934,35.16187],[137.491658,35.161901],[137.491593,35.161908],[137.491534,35.161877],[137.491357,35.161786],[137.490986,35.161573],[137.490953,35.161707],[137.490875,35.161876],[137.490654,35.161782],[137.490281,35.161449],[137.489832,35.161405],[137.489648,35.161612],[137.489559,35.161994],[137.489624,35.162423],[137.489499,35.162818],[137.489148,35.163069],[137.488938,35.163269],[137.48865,35.163202],[137.488646,35.163201],[137.48864,35.163195],[137.48834,35.162913],[137.488117,35.162699],[137.487887,35.16271],[137.487787,35.162715],[137.487756,35.162465],[137.487797,35.16198],[137.487711,35.161622],[137.487698,35.16158],[137.487683,35.161569],[137.487347,35.161325],[137.486962,35.161397],[137.486681,35.161623],[137.486539,35.161743],[137.486391,35.161869],[137.486308,35.161795],[137.486281,35.161473],[137.486425,35.161102],[137.486349,35.160758],[137.486044,35.160342],[137.48558,35.160024],[137.484656,35.159645],[137.483703,35.159333],[137.482859,35.159203],[137.482074,35.159307],[137.481278,35.159461],[137.480974,35.15957],[137.480939,35.159777],[137.481001,35.160085],[137.481201,35.160413],[137.481436,35.160727],[137.481792,35.161224],[137.482033,35.161589],[137.482495,35.162046],[137.482766,35.162348],[137.482827,35.162849],[137.48293,35.163256],[137.483228,35.163859],[137.4834,35.164169],[137.483461,35.164446],[137.483484,35.164552],[137.48327,35.165025],[137.482861,35.165471],[137.482418,35.166004],[137.48224,35.166534],[137.482322,35.167446],[137.482489,35.168068],[137.482436,35.168576],[137.48234,35.168816],[137.482278,35.168956],[137.48224,35.169044],[137.482119,35.169218],[137.48199,35.169393],[137.481959,35.169548],[137.482004,35.169747],[137.482058,35.169916],[137.481978,35.170198],[137.48181,35.170427],[137.48154,35.170612],[137.481107,35.17126],[137.481021,35.171486],[137.480987,35.171624],[137.480847,35.171744],[137.48058,35.171931],[137.480554,35.17213],[137.480649,35.172265],[137.480931,35.172358],[137.481374,35.17239],[137.481665,35.172411],[137.481955,35.172526],[137.482465,35.172783],[137.482698,35.17293],[137.482608,35.173081],[137.482329,35.173344],[137.48206,35.173658],[137.481775,35.174161],[137.481542,35.175206],[137.480856,35.177039],[137.476568,35.172352],[137.476429,35.1722],[137.474353,35.169929],[137.474378,35.169913],[137.470604,35.16703],[137.467452,35.164487],[137.461992,35.160081]]]]}},{"type":"Feature","properties":{"name":"田峯字西川","city":"設楽町","code":"561","setai":8,"jinko":23,"n":1,"towns":["23561012002"],"lx":137.476948,"ly":35.113576},"geometry":{"type":"Polygon","coordinates":[[[137.468632,35.137276],[137.469077,35.13725],[137.469876,35.137281],[137.470374,35.137208],[137.470864,35.137011],[137.471263,35.136794],[137.471299,35.136764],[137.471404,35.136707],[137.47158,35.136601],[137.471751,35.136481],[137.471922,35.136345],[137.472032,35.136222],[137.472054,35.136186],[137.472105,35.136026],[137.472107,35.136011],[137.472103,35.135621],[137.472086,35.135456],[137.472075,35.135361],[137.472055,35.135221],[137.472044,35.135187],[137.472028,35.135132],[137.472007,35.135045],[137.471991,35.13499],[137.471971,35.13494],[137.471919,35.134859],[137.471902,35.134829],[137.471986,35.134798],[137.472231,35.134721],[137.472316,35.134696],[137.472442,35.134659],[137.472709,35.134567],[137.472972,35.134464],[137.473196,35.134354],[137.473297,35.134298],[137.473411,35.134225],[137.473531,35.134146],[137.473617,35.134067],[137.473703,35.133979],[137.473976,35.133844],[137.474487,35.133691],[137.475248,35.133568],[137.476173,35.13328],[137.476419,35.133065],[137.476518,35.132978],[137.476737,35.132444],[137.477124,35.131674],[137.477548,35.131012],[137.477972,35.130543],[137.478497,35.130105],[137.479061,35.129776],[137.479413,35.129332],[137.479416,35.128947],[137.479316,35.128531],[137.479367,35.1284],[137.479476,35.128123],[137.479687,35.127732],[137.479917,35.127298],[137.480082,35.126627],[137.480123,35.126351],[137.479823,35.126112],[137.479529,35.125924],[137.479428,35.125699],[137.479657,35.125458],[137.480072,35.125323],[137.480858,35.125208],[137.480913,35.125153],[137.481028,35.124779],[137.48132,35.124654],[137.481857,35.124509],[137.481948,35.124249],[137.481786,35.124029],[137.481528,35.123828],[137.481142,35.123586],[137.481101,35.123357],[137.481311,35.123158],[137.481659,35.122978],[137.482063,35.122863],[137.482712,35.122729],[137.483392,35.122653],[137.484267,35.122663],[137.485063,35.122527],[137.486084,35.122413],[137.486896,35.122306],[137.487174,35.121959],[137.487314,35.121593],[137.487688,35.121229],[137.488169,35.120825],[137.488383,35.120363],[137.488152,35.119977],[137.487874,35.119818],[137.487313,35.119763],[137.486749,35.119779],[137.485866,35.119912],[137.485014,35.119789],[137.48442,35.119555],[137.48401,35.119426],[137.483408,35.119334],[137.482718,35.119431],[137.481944,35.119646],[137.481146,35.119661],[137.481048,35.119366],[137.481165,35.119113],[137.481325,35.118706],[137.481527,35.118335],[137.481669,35.118091],[137.48168,35.117877],[137.481608,35.11759],[137.481588,35.117319],[137.481772,35.117111],[137.481876,35.116951],[137.481893,35.116788],[137.481627,35.116223],[137.481837,35.116024],[137.482011,35.115837],[137.481991,35.115566],[137.481656,35.11534],[137.481234,35.115112],[137.480999,35.114797],[137.480937,35.114489],[137.480991,35.11412],[137.481003,35.113715],[137.480912,35.113469],[137.480477,35.113333],[137.480182,35.113337],[137.479965,35.113173],[137.479976,35.112959],[137.480032,35.112712],[137.480044,35.112306],[137.47985,35.112221],[137.479539,35.112196],[137.479485,35.112059],[137.479535,35.111761],[137.479591,35.111514],[137.479353,35.11127],[137.47937,35.111107],[137.479749,35.110985],[137.479898,35.110791],[137.479469,35.110704],[137.478989,35.110602],[137.478467,35.110463],[137.477967,35.110403],[137.477587,35.110211],[137.477742,35.110067],[137.478153,35.110003],[137.478556,35.110081],[137.479506,35.109993],[137.480066,35.110049],[137.480897,35.1099],[137.481444,35.109733],[137.481695,35.109571],[137.481739,35.109224],[137.481773,35.108897],[137.482028,35.108664],[137.482375,35.108484],[137.482691,35.108245],[137.483119,35.108018],[137.483559,35.107891],[137.484221,35.107665],[137.484456,35.107474],[137.484573,35.106715],[137.484771,35.106416],[137.485029,35.106111],[137.484999,35.105861],[137.484895,35.105515],[137.485031,35.104908],[137.485148,35.104655],[137.485352,35.104406],[137.485351,35.104092],[137.485263,35.103776],[137.485019,35.10329],[137.484736,35.102575],[137.484965,35.102333],[137.485456,35.102222],[137.485951,35.10204],[137.486174,35.101749],[137.486384,35.101549],[137.486804,35.101464],[137.487097,35.101339],[137.487172,35.10105],[137.487085,35.100733],[137.48694,35.100351],[137.48668,35.099836],[137.486533,35.099332],[137.486654,35.099008],[137.486877,35.098717],[137.487074,35.098418],[137.487329,35.098184],[137.48758,35.098022],[137.487747,35.097978],[137.487504,35.097492],[137.487889,35.09742],[137.48827,35.097419],[137.488722,35.097392],[137.489204,35.097302],[137.489277,35.096386],[137.488932,35.096181],[137.4886,35.096077],[137.488212,35.096028],[137.487774,35.095963],[137.487765,35.095791],[137.487635,35.095124],[137.487286,35.094991],[137.486925,35.09495],[137.486479,35.094521],[137.486468,35.094229],[137.486537,35.093889],[137.486611,35.093479],[137.486829,35.092945],[137.487207,35.092509],[137.487266,35.092321],[137.487331,35.092115],[137.487202,35.091761],[137.4869,35.091401],[137.486889,35.091109],[137.48693,35.090832],[137.486958,35.090456],[137.487019,35.089945],[137.48704,35.089205],[137.48706,35.088657],[137.487249,35.088186],[137.487453,35.087745],[137.487708,35.087511],[137.488236,35.087195],[137.488558,35.087007],[137.488547,35.086714],[137.488502,35.086242],[137.488565,35.085853],[137.488813,35.085762],[137.489029,35.085926],[137.489306,35.086278],[137.489564,35.086479],[137.489921,35.086278],[137.48992,35.085964],[137.490037,35.085712],[137.490306,35.0857],[137.490662,35.085691],[137.490827,35.085526],[137.490726,35.085301],[137.490363,35.084947],[137.490301,35.084638],[137.490482,35.08431],[137.490676,35.084081],[137.490722,35.083855],[137.490833,35.083553],[137.490348,35.082894],[137.490171,35.082454],[137.489934,35.082018],[137.489506,35.081739],[137.489122,35.081619],[137.488758,35.081457],[137.488551,35.081271],[137.487738,35.082077],[137.487164,35.082619],[137.486757,35.083118],[137.486223,35.08389],[137.485905,35.084513],[137.48584,35.085095],[137.485917,35.085625],[137.486066,35.08625],[137.486159,35.086809],[137.486192,35.087494],[137.486122,35.088026],[137.485956,35.088383],[137.485491,35.088816],[137.485137,35.089138],[137.484589,35.089497],[137.483863,35.089799],[137.48292,35.089937],[137.482052,35.090292],[137.481322,35.090665],[137.480756,35.091065],[137.480191,35.091587],[137.479784,35.092086],[137.479509,35.092342],[137.479165,35.092663],[137.478857,35.093072],[137.478772,35.093383],[137.478726,35.093609],[137.478727,35.093923],[137.478875,35.094234],[137.479065,35.094583],[137.47897,35.094914],[137.478693,35.095068],[137.478537,35.095405],[137.478334,35.095654],[137.477833,35.095786],[137.477367,35.095905],[137.476999,35.09632],[137.477013,35.097047],[137.477015,35.097674],[137.476986,35.098243],[137.476924,35.09926],[137.476677,35.099857],[137.476294,35.100197],[137.476277,35.100213],[137.475938,35.100564],[137.475501,35.101126],[137.475344,35.101655],[137.475219,35.10205],[137.474989,35.102483],[137.474745,35.103009],[137.474596,35.103709],[137.474814,35.104187],[137.475006,35.104657],[137.474722,35.104953],[137.474359,35.105104],[137.473803,35.105291],[137.473314,35.105524],[137.472987,35.105975],[137.472961,35.106473],[137.472835,35.106746],[137.472401,35.106924],[137.472052,35.107296],[137.471943,35.10772],[137.471954,35.108518],[137.471969,35.109053],[137.471839,35.109397],[137.471625,35.109668],[137.47128,35.109969],[137.470943,35.110442],[137.470605,35.111107],[137.470368,35.111683],[137.470245,35.112198],[137.470086,35.112919],[137.469714,35.113405],[137.469315,35.113762],[137.46908,35.114266],[137.468917,35.114745],[137.468993,35.115275],[137.469067,35.115683],[137.469067,35.116189],[137.469165,35.116798],[137.469481,35.117066],[137.469867,35.117307],[137.470218,35.117562],[137.470546,35.11793],[137.470697,35.118362],[137.470677,35.11891],[137.470713,35.119211],[137.471131,35.11951],[137.4717,35.119737],[137.47209,35.119907],[137.472561,35.120031],[137.473019,35.120054],[137.473576,35.12018],[137.474037,35.120324],[137.474412,35.120779],[137.47462,35.121278],[137.47445,35.121707],[137.474198,35.122061],[137.47416,35.122459],[137.474301,35.122913],[137.474476,35.123546],[137.474684,35.124044],[137.475197,35.124518],[137.475392,35.125109],[137.475565,35.125621],[137.475495,35.125961],[137.475414,35.1262],[137.475733,35.126397],[137.47545,35.126501],[137.474896,35.126809],[137.474945,35.12721],[137.475023,35.127547],[137.47483,35.127583],[137.47434,35.127502],[137.474258,35.127741],[137.474256,35.128126],[137.47393,35.128385],[137.473899,35.128414],[137.473575,35.128708],[137.473491,35.129332],[137.473304,35.129923],[137.472941,35.130075],[137.472786,35.130219],[137.472594,35.130568],[137.47201,35.130626],[137.471438,35.130784],[137.471096,35.131207],[137.470904,35.131051],[137.470804,35.130634],[137.470707,35.130338],[137.470623,35.129951],[137.470853,35.129709],[137.470925,35.129491],[137.470804,35.129309],[137.470426,35.129239],[137.469987,35.129173],[137.469678,35.128956],[137.469351,35.128902],[137.469275,35.129191],[137.469391,35.129637],[137.46919,35.130007],[137.468696,35.129997],[137.468201,35.129674],[137.46786,35.129398],[137.467376,35.128861],[137.466847,35.128864],[137.466832,35.129148],[137.466933,35.129373],[137.466654,35.129406],[137.466643,35.129619],[137.466721,35.129956],[137.466377,35.130065],[137.46592,35.12985],[137.465507,35.129793],[137.46509,35.129807],[137.464865,35.129471],[137.464771,35.129104],[137.464369,35.128834],[137.463923,35.128911],[137.463908,35.129195],[137.464182,35.129426],[137.463911,35.12963],[137.463408,35.129641],[137.463115,35.129766],[137.463614,35.130018],[137.463593,35.130253],[137.463262,35.13027],[137.463293,35.13052],[137.463441,35.130832],[137.463725,35.131041],[137.463972,35.131456],[137.463717,35.131689],[137.463182,35.131642],[137.462763,35.131535],[137.462447,35.131773],[137.462452,35.132015],[137.462146,35.132232],[137.461701,35.132117],[137.461268,35.132102],[137.460792,35.132242],[137.460309,35.132524],[137.459954,35.132847],[137.459654,35.133114],[137.459299,35.133436],[137.458941,35.13383],[137.458682,35.134134],[137.458475,35.134454],[137.458737,35.134691],[137.458797,35.135018],[137.458872,35.135287],[137.458991,35.135707],[137.459152,35.135869],[137.459696,35.136197],[137.460229,35.136631],[137.460377,35.136646],[137.460698,35.136605],[137.461352,35.136674],[137.461643,35.136907],[137.462404,35.137315],[137.462621,35.137538],[137.462706,35.137966],[137.462731,35.138311],[137.463042,35.138822],[137.463408,35.139282],[137.463853,35.139463],[137.464316,35.139567],[137.464911,35.139339],[137.46527,35.139212],[137.465659,35.138975],[137.466089,35.138611],[137.466662,35.13813],[137.467245,35.137648],[137.467541,35.137482],[137.468019,35.137364],[137.468632,35.137276]]]}},{"type":"Feature","properties":{"name":"三都橋","city":"設楽町","code":"561","setai":34,"jinko":72,"n":1,"towns":["235610130"],"lx":137.508436,"ly":35.065837},"geometry":{"type":"Polygon","coordinates":[[[137.49231,35.088014],[137.493041,35.087954],[137.493617,35.088038],[137.494754,35.087672],[137.495853,35.087197],[137.496735,35.08675],[137.49748,35.086406],[137.497857,35.086163],[137.498397,35.085946],[137.498911,35.085722],[137.499098,35.085443],[137.499255,35.085107],[137.499517,35.084731],[137.499822,35.084514],[137.500256,35.084337],[137.500669,35.084394],[137.501216,35.084541],[137.501828,35.084613],[137.502354,35.084488],[137.502985,35.084012],[137.503344,35.083618],[137.503509,35.08326],[137.503547,35.082863],[137.503475,35.082575],[137.503211,35.082324],[137.503017,35.082046],[137.502975,35.081696],[137.503169,35.081468],[137.503705,35.081322],[137.504179,35.081374],[137.504832,35.081483],[137.505246,35.081347],[137.50547,35.080864],[137.505575,35.080511],[137.505984,35.080134],[137.506691,35.079873],[137.507324,35.079518],[137.508131,35.079168],[137.508713,35.078797],[137.509313,35.078262],[137.509915,35.077848],[137.510348,35.077671],[137.510867,35.077689],[137.511402,35.077736],[137.511871,35.077545],[137.511803,35.077187],[137.51164,35.076654],[137.511786,35.076339],[137.512424,35.076225],[137.513061,35.076305],[137.513551,35.076386],[137.513981,35.076279],[137.514025,35.075932],[137.514252,35.075569],[137.514593,35.075339],[137.516131,35.075243],[137.517079,35.075347],[137.517888,35.075624],[137.518903,35.075773],[137.51972,35.075716],[137.520669,35.075628],[137.521641,35.075427],[137.522579,35.075046],[137.523305,35.074743],[137.523832,35.074619],[137.524591,35.074688],[137.526062,35.075053],[137.526449,35.075294],[137.527299,35.075608],[137.527405,35.074558],[137.527406,35.073859],[137.527314,35.073108],[137.527386,35.072384],[137.52746,35.071781],[137.527442,35.071125],[137.527238,35.070363],[137.527114,35.069746],[137.52698,35.06915],[137.527015,35.068631],[137.527192,35.06806],[137.527447,35.067635],[137.527658,35.067243],[137.527757,35.06684],[137.527734,35.066448],[137.527463,35.06564],[137.52716,35.064967],[137.526258,35.063625],[137.525863,35.063213],[137.525549,35.062753],[137.525238,35.062222],[137.524936,35.061357],[137.524706,35.060779],[137.524604,35.060241],[137.524443,35.059829],[137.523993,35.059472],[137.523305,35.059377],[137.523311,35.058921],[137.523529,35.058387],[137.523804,35.05792],[137.524056,35.057565],[137.5246,35.056712],[137.524497,35.056666],[137.524341,35.05657],[137.523911,35.056171],[137.523902,35.056161],[137.523185,35.055462],[137.522945,35.054905],[137.522649,35.054089],[137.522393,35.053504],[137.522217,35.053063],[137.522042,35.052743],[137.521699,35.052347],[137.521219,35.051739],[137.52099,35.051474],[137.520777,35.051239],[137.520404,35.050906],[137.519967,35.050648],[137.519738,35.050384],[137.519644,35.050017],[137.519841,35.049132],[137.519664,35.049037],[137.519364,35.048795],[137.519227,35.048545],[137.519027,35.048345],[137.518402,35.04812],[137.518089,35.047962],[137.517627,35.04762],[137.517402,35.047353],[137.517352,35.04697],[137.517377,35.046787],[137.51689,35.046295],[137.516665,35.046004],[137.516227,35.045212],[137.51609,35.044562],[137.515977,35.044262],[137.515815,35.044037],[137.515702,35.043745],[137.515652,35.043204],[137.515565,35.042887],[137.514927,35.041946],[137.514327,35.041496],[137.51414,35.041221],[137.513865,35.041021],[137.513178,35.040687],[137.51249,35.040121],[137.512082,35.039868],[137.511966,35.039797],[137.511803,35.039696],[137.510778,35.039721],[137.510128,35.039696],[137.509053,35.039562],[137.508778,35.039654],[137.508141,35.040196],[137.507791,35.040395],[137.507216,35.040512],[137.506603,35.040445],[137.506191,35.040604],[137.505841,35.041004],[137.505366,35.041279],[137.504909,35.041386],[137.504394,35.041292],[137.503714,35.041308],[137.503577,35.041448],[137.503367,35.041663],[137.503203,35.042237],[137.503288,35.0427],[137.503572,35.043177],[137.503444,35.04446],[137.503548,35.045469],[137.503733,35.046137],[137.503934,35.046559],[137.504483,35.046858],[137.505133,35.047429],[137.505368,35.048015],[137.505635,35.048519],[137.505968,35.048818],[137.5066,35.04913],[137.507218,35.049292],[137.507191,35.049678],[137.507153,35.049794],[137.507153,35.050011],[137.507178,35.050294],[137.507191,35.050361],[137.507203,35.050428],[137.507178,35.050653],[137.507066,35.050953],[137.506978,35.051061],[137.507028,35.051278],[137.507078,35.051394],[137.50709,35.051628],[137.50704,35.052086],[137.50699,35.052519],[137.506928,35.052936],[137.50689,35.053211],[137.506928,35.053327],[137.50689,35.053611],[137.50679,35.053786],[137.50679,35.054144],[137.506703,35.054361],[137.506541,35.054552],[137.506441,35.054711],[137.506391,35.054927],[137.506341,35.055086],[137.506191,35.055327],[137.506016,35.055502],[137.505966,35.056052],[137.505922,35.056213],[137.505866,35.056419],[137.505716,35.056794],[137.505691,35.057177],[137.505578,35.057685],[137.505387,35.058329],[137.505366,35.058402],[137.505216,35.058843],[137.505153,35.059268],[137.505016,35.059677],[137.504778,35.059985],[137.504466,35.06026],[137.504091,35.060427],[137.503966,35.060527],[137.503966,35.060752],[137.504103,35.061002],[137.504166,35.061268],[137.504053,35.06226],[137.503891,35.062985],[137.503578,35.063751],[137.503391,35.063951],[137.502841,35.064226],[137.502566,35.064468],[137.502428,35.064676],[137.502378,35.064851],[137.502453,35.065301],[137.502316,35.065393],[137.502041,35.065509],[137.500754,35.065826],[137.500454,35.065984],[137.500229,35.066234],[137.499879,35.066459],[137.499679,35.066476],[137.499541,35.066459],[137.499329,35.066326],[137.499129,35.066251],[137.498916,35.066259],[137.498466,35.066392],[137.498279,35.066642],[137.497816,35.066867],[137.497641,35.067109],[137.497504,35.067134],[137.497291,35.067109],[137.496991,35.067201],[137.496779,35.067309],[137.496679,35.067326],[137.495954,35.067342],[137.495654,35.067384],[137.495279,35.067509],[137.495029,35.067651],[137.494767,35.06785],[137.494629,35.068059],[137.494467,35.068959],[137.494342,35.069217],[137.494217,35.0694],[137.493867,35.069667],[137.493592,35.0698],[137.493342,35.069875],[137.493129,35.0699],[137.492779,35.069892],[137.492654,35.069775],[137.492429,35.069583],[137.492204,35.069509],[137.492054,35.069417],[137.491842,35.069075],[137.491667,35.068884],[137.491379,35.068817],[137.49058,35.068967],[137.48983,35.069059],[137.488642,35.068934],[137.487875,35.068934],[137.487755,35.068933],[137.487178,35.069447],[137.486993,35.069847],[137.486811,35.070681],[137.486643,35.071423],[137.486517,35.07201],[137.486568,35.072532],[137.486693,35.072957],[137.486738,35.073429],[137.486713,35.073926],[137.486732,35.07439],[137.486805,35.074991],[137.486838,35.075363],[137.486903,35.076106],[137.486986,35.076686],[137.487106,35.077374],[137.487214,35.077962],[137.487325,35.078671],[137.487545,35.079776],[137.487851,35.08057],[137.488226,35.081025],[137.488551,35.081271],[137.488758,35.081457],[137.489122,35.081619],[137.489506,35.081739],[137.489934,35.082018],[137.490171,35.082454],[137.490348,35.082894],[137.490833,35.083553],[137.491094,35.083875],[137.491472,35.084451],[137.491798,35.085011],[137.492184,35.085252],[137.491849,35.085533],[137.491455,35.085939],[137.490976,35.088174],[137.491793,35.088117],[137.49231,35.088014]]]}},{"type":"Feature","properties":{"name":"豊邦","city":"設楽町","code":"561","setai":33,"jinko":62,"n":1,"towns":["235610140"],"lx":137.466728,"ly":35.069265},"geometry":{"type":"Polygon","coordinates":[[[137.465093,35.086926],[137.465519,35.086578],[137.465826,35.086168],[137.46622,35.085762],[137.466735,35.085345],[137.467662,35.084865],[137.468437,35.084457],[137.469052,35.083952],[137.469444,35.083424],[137.469851,35.082925],[137.470409,35.082354],[137.470944,35.081895],[137.471239,35.081385],[137.471504,35.080625],[137.472404,35.079317],[137.472921,35.078709],[137.473792,35.078283],[137.474646,35.078021],[137.475503,35.07788],[137.47621,35.077885],[137.476525,35.077887],[137.477419,35.077855],[137.478141,35.077816],[137.478928,35.077508],[137.479571,35.077132],[137.480501,35.07658],[137.481929,35.075775],[137.482709,35.07561],[137.48315,35.075797],[137.483727,35.076194],[137.48442,35.076532],[137.484953,35.076458],[137.485349,35.076173],[137.48617,35.075539],[137.486655,35.075378],[137.486838,35.075363],[137.486805,35.074991],[137.486732,35.07439],[137.486713,35.073926],[137.486738,35.073429],[137.486693,35.072957],[137.486568,35.072532],[137.486517,35.07201],[137.486643,35.071423],[137.486811,35.070681],[137.486993,35.069847],[137.487178,35.069447],[137.487755,35.068933],[137.487717,35.068584],[137.487567,35.067825],[137.487292,35.066709],[137.487292,35.066442],[137.487405,35.066167],[137.487767,35.065584],[137.488017,35.064959],[137.488355,35.064392],[137.48843,35.064084],[137.488588,35.063247],[137.488098,35.063325],[137.487481,35.06335],[137.486972,35.063305],[137.486586,35.063143],[137.486298,35.062517],[137.486037,35.062436],[137.485718,35.062518],[137.485554,35.062687],[137.485296,35.063396],[137.485096,35.063761],[137.484867,35.06393],[137.484582,35.064023],[137.484284,35.064023],[137.483718,35.063892],[137.483277,35.063639],[137.482505,35.063526],[137.481405,35.063534],[137.480181,35.063517],[137.479478,35.06349],[137.478944,35.063354],[137.478381,35.063051],[137.478247,35.062867],[137.477845,35.062488],[137.47744,35.062152],[137.476912,35.061812],[137.476545,35.061752],[137.476216,35.061743],[137.475776,35.061948],[137.475707,35.061637],[137.475718,35.061284],[137.475706,35.060934],[137.475644,35.060592],[137.475419,35.060267],[137.474669,35.059543],[137.474469,35.059293],[137.474381,35.058959],[137.474306,35.058059],[137.474094,35.057418],[137.473744,35.056859],[137.473344,35.056299],[137.473244,35.05616],[137.472581,35.055326],[137.472344,35.055093],[137.471582,35.054518],[137.471244,35.054201],[137.471157,35.054043],[137.470957,35.053826],[137.470619,35.053693],[137.470282,35.053685],[137.469994,35.053718],[137.469794,35.053785],[137.468957,35.054168],[137.468507,35.054276],[137.467894,35.05431],[137.466807,35.054251],[137.46647,35.054276],[137.466145,35.054368],[137.466032,35.05431],[137.465657,35.053893],[137.465307,35.053626],[137.464845,35.053359],[137.464361,35.053273],[137.464282,35.053259],[137.464045,35.05326],[137.463195,35.05336],[137.463032,35.053318],[137.46287,35.053201],[137.462695,35.053135],[137.462307,35.053201],[137.461483,35.053493],[137.461195,35.053643],[137.460958,35.054009],[137.460708,35.054618],[137.460608,35.054734],[137.460445,35.054801],[137.459908,35.054934],[137.459558,35.055159],[137.459208,35.055559],[137.459033,35.055917],[137.458808,35.056001],[137.458695,35.056009],[137.458308,35.055901],[137.45752,35.055501],[137.457145,35.055409],[137.456583,35.055467],[137.45627,35.055401],[137.45587,35.055117],[137.455621,35.054859],[137.454658,35.054392],[137.454283,35.054326],[137.453421,35.054393],[137.452921,35.054351],[137.452671,35.054234],[137.452296,35.054151],[137.452096,35.054184],[137.452008,35.054242],[137.451808,35.054484],[137.451771,35.054684],[137.451521,35.055001],[137.450971,35.055142],[137.450771,35.055417],[137.450486,35.056355],[137.450346,35.056817],[137.450196,35.057017],[137.449958,35.057067],[137.449521,35.057217],[137.449259,35.057475],[137.448971,35.058417],[137.448871,35.0592],[137.448909,35.059458],[137.449084,35.059933],[137.449271,35.060083],[137.449871,35.060442],[137.450408,35.061058],[137.450783,35.061317],[137.451258,35.061767],[137.451321,35.061958],[137.451346,35.062866],[137.451033,35.063783],[137.451021,35.064141],[137.451171,35.064658],[137.451408,35.065541],[137.451408,35.065824],[137.451296,35.066508],[137.451508,35.066866],[137.452033,35.067199],[137.452371,35.067408],[137.452746,35.067849],[137.45307,35.068483],[137.45317,35.068558],[137.453645,35.068616],[137.453983,35.068733],[137.454208,35.068941],[137.454408,35.069499],[137.454445,35.069807],[137.454395,35.069974],[137.454083,35.070574],[137.453708,35.070891],[137.453383,35.071024],[137.452633,35.071457],[137.452308,35.071732],[137.452245,35.071907],[137.452233,35.072082],[137.452385,35.072468],[137.452984,35.073178],[137.453332,35.073311],[137.453787,35.073406],[137.454349,35.073582],[137.454886,35.073751],[137.455391,35.074053],[137.455796,35.074759],[137.456039,35.075245],[137.456054,35.07578],[137.455656,35.076449],[137.455184,35.077024],[137.454655,35.077533],[137.454026,35.07813],[137.453972,35.078499],[137.454052,35.078958],[137.454102,35.07948],[137.454152,35.080194],[137.45444,35.081151],[137.455029,35.083986],[137.455001,35.084676],[137.45481,35.085026],[137.454375,35.085395],[137.45392,35.085807],[137.453773,35.086122],[137.453902,35.086476],[137.454186,35.086685],[137.454586,35.086835],[137.455345,35.086904],[137.456076,35.086844],[137.456938,35.086753],[137.458073,35.086772],[137.45895,35.086903],[137.459609,35.087061],[137.460181,35.087217],[137.461083,35.087548],[137.461832,35.087638],[137.462463,35.087667],[137.463628,35.08743],[137.464392,35.087236],[137.465093,35.086926]]]}},{"type":"Feature","properties":{"name":"西納庫字下山","city":"設楽町","code":"561","setai":53,"jinko":126,"n":1,"towns":["23561015002"],"lx":137.522935,"ly":35.175872},"geometry":{"type":"Polygon","coordinates":[[[137.550769,35.189067],[137.551221,35.188813],[137.551783,35.188113],[137.552096,35.187921],[137.552346,35.187913],[137.552508,35.187963],[137.552546,35.188238],[137.553495,35.188221],[137.553783,35.188288],[137.55412,35.188596],[137.554683,35.189179],[137.555145,35.189121],[137.556183,35.188929],[137.556658,35.188796],[137.556795,35.188729],[137.55702,35.18848],[137.557195,35.18818],[137.55742,35.187955],[137.557783,35.187788],[137.558158,35.187521],[137.558558,35.187455],[137.558783,35.187488],[137.55902,35.187646],[137.559207,35.188005],[137.55957,35.188246],[137.559795,35.188371],[137.560132,35.188605],[137.560357,35.188588],[137.56072,35.188438],[137.561057,35.188338],[137.56152,35.188405],[137.562482,35.18843],[137.562982,35.188688],[137.563245,35.188788],[137.563695,35.188638],[137.564182,35.188296],[137.565007,35.188305],[137.566319,35.18818],[137.566944,35.18818],[137.567519,35.188455],[137.567744,35.188497],[137.568057,35.188488],[137.568469,35.18868],[137.568569,35.18823],[137.568957,35.186897],[137.569457,35.186447],[137.569632,35.186147],[137.569568,35.185914],[137.568826,35.185671],[137.568437,35.18557],[137.567528,35.185173],[137.566723,35.184813],[137.566187,35.184423],[137.565663,35.183983],[137.565292,35.183526],[137.564784,35.183181],[137.563994,35.183028],[137.563379,35.183211],[137.562883,35.183525],[137.562212,35.183842],[137.561333,35.184087],[137.560417,35.18411],[137.559617,35.183895],[137.558844,35.183611],[137.558166,35.183189],[137.557796,35.182732],[137.557622,35.182284],[137.557345,35.181913],[137.556836,35.181568],[137.556564,35.181228],[137.556247,35.180861],[137.555914,35.180512],[137.55511,35.181086],[137.554504,35.18167],[137.55403,35.181998],[137.553579,35.182226],[137.553007,35.182436],[137.552463,35.182578],[137.551733,35.18266],[137.551284,35.182949],[137.551242,35.183303],[137.551438,35.183657],[137.550425,35.183678],[137.549261,35.183841],[137.548248,35.183985],[137.547299,35.184006],[137.546265,35.184062],[137.54538,35.184083],[137.544108,35.184087],[137.542782,35.183931],[137.542491,35.183875],[137.541933,35.183769],[137.541325,35.183532],[137.541227,35.183301],[137.541606,35.183226],[137.541525,35.182977],[137.540929,35.18269],[137.540267,35.182363],[137.539403,35.18188],[137.53895,35.1814],[137.538414,35.18101],[137.537511,35.180645],[137.537063,35.180309],[137.536812,35.179983],[137.536254,35.179691],[137.535378,35.179372],[137.534814,35.179162],[137.534004,35.178804],[137.533982,35.178604],[137.533919,35.178393],[137.533938,35.177999],[137.533942,35.177907],[137.533666,35.17711],[137.533663,35.176977],[137.533673,35.176772],[137.533745,35.176481],[137.53372,35.176164],[137.53391,35.175654],[137.533978,35.175317],[137.533948,35.174893],[137.533897,35.174671],[137.533716,35.174262],[137.533642,35.174103],[137.533633,35.174064],[137.533778,35.173677],[137.533774,35.173185],[137.533377,35.17235],[137.533105,35.171784],[137.532615,35.171195],[137.531987,35.170719],[137.530958,35.170191],[137.53017,35.169812],[137.529833,35.169432],[137.529485,35.168875],[137.528803,35.168195],[137.527989,35.167546],[137.52735,35.167006],[137.527051,35.166508],[137.526753,35.165898],[137.526377,35.165409],[137.525984,35.16505],[137.525201,35.164817],[137.524644,35.164413],[137.524571,35.164332],[137.524115,35.163828],[137.523571,35.163149],[137.523272,35.162651],[137.522896,35.162162],[137.522613,35.161759],[137.52244,35.161311],[137.521909,35.161065],[137.521447,35.161343],[137.520771,35.161628],[137.520218,35.161482],[137.519633,35.161032],[137.51998,35.16088],[137.520421,35.160476],[137.520647,35.160193],[137.520857,35.159927],[137.520799,35.15958],[137.520055,35.159229],[137.519528,35.15924],[137.518707,35.15901],[137.518077,35.158759],[137.517339,35.15844],[137.516725,35.158284],[137.515719,35.158137],[137.515589,35.15818],[137.514855,35.158421],[137.514511,35.15853],[137.514067,35.158728],[137.513725,35.158958],[137.513565,35.159095],[137.513435,35.159205],[137.513118,35.159332],[137.512895,35.159421],[137.512097,35.15975],[137.511374,35.159981],[137.510851,35.160034],[137.5101,35.160136],[137.509547,35.160252],[137.509257,35.160499],[137.508986,35.160703],[137.508753,35.161016],[137.5085,35.161563],[137.508112,35.162019],[137.507712,35.162376],[137.507054,35.162845],[137.506536,35.16314],[137.506306,35.163314],[137.506205,35.16339],[137.505904,35.163617],[137.505462,35.164129],[137.505342,35.164387],[137.505237,35.164612],[137.505075,35.164899],[137.504631,35.165097],[137.50412,35.16525],[137.503525,35.165522],[137.503252,35.165659],[137.503142,35.165715],[137.502811,35.165226],[137.502753,35.164847],[137.502713,35.164394],[137.502697,35.164214],[137.502573,35.163891],[137.502187,35.163339],[137.501673,35.162962],[137.50109,35.162909],[137.501009,35.162916],[137.500542,35.163105],[137.500438,35.163182],[137.50034,35.163885],[137.50002,35.164195],[137.500165,35.164401],[137.500303,35.164598],[137.500492,35.165028],[137.500412,35.1656],[137.500184,35.166109],[137.499912,35.166591],[137.499549,35.166761],[137.498957,35.166731],[137.498715,35.166919],[137.498828,35.167245],[137.499166,35.167625],[137.499097,35.168036],[137.498776,35.168571],[137.498263,35.169016],[137.497964,35.169452],[137.497797,35.169857],[137.497954,35.17021],[137.498325,35.170555],[137.498778,35.170923],[137.498967,35.171465],[137.498975,35.17198],[137.49872,35.172443],[137.498323,35.172762],[137.497859,35.173152],[137.497578,35.173458],[137.497307,35.173826],[137.49736,35.174143],[137.497407,35.174427],[137.497351,35.174675],[137.497277,35.175054],[137.497462,35.175339],[137.49757,35.175633],[137.497661,35.176058],[137.497834,35.176392],[137.498205,35.176737],[137.498472,35.177045],[137.498684,35.177376],[137.498721,35.17771],[137.49863,35.178219],[137.49842,35.178485],[137.498275,35.178791],[137.498334,35.179139],[137.498776,35.179443],[137.499105,35.179535],[137.499351,35.179717],[137.499506,35.180408],[137.499492,35.180796],[137.49956,35.18132],[137.499745,35.181718],[137.499847,35.182093],[137.499882,35.182653],[137.499781,35.182986],[137.499602,35.183441],[137.499512,35.183838],[137.499471,35.184293],[137.499902,35.184735],[137.499913,35.18472],[137.500313,35.18457],[137.500863,35.184578],[137.501338,35.184537],[137.501888,35.184537],[137.502375,35.184412],[137.502738,35.184179],[137.503113,35.18412],[137.503962,35.18427],[137.504625,35.184229],[137.50565,35.184262],[137.506237,35.184237],[137.506375,35.184204],[137.506862,35.18427],[137.507375,35.184395],[137.508174,35.184645],[137.508699,35.184845],[137.509124,35.18497],[137.509524,35.184954],[137.510262,35.184879],[137.510987,35.185054],[137.511937,35.185037],[137.512499,35.185129],[137.512887,35.185021],[137.513299,35.184787],[137.513711,35.184462],[137.514386,35.183737],[137.514849,35.183354],[137.515386,35.183146],[137.515499,35.183029],[137.514924,35.182571],[137.514407,35.181925],[137.51423,35.181489],[137.514336,35.181039],[137.514194,35.180814],[137.513987,35.180629],[137.514136,35.180504],[137.514461,35.180396],[137.515311,35.180355],[137.515661,35.18023],[137.515811,35.180205],[137.516249,35.180355],[137.516674,35.180138],[137.516974,35.179738],[137.517249,35.178871],[137.517499,35.178305],[137.517749,35.17803],[137.517886,35.177955],[137.518286,35.177963],[137.518624,35.178097],[137.519036,35.178147],[137.519411,35.178388],[137.519724,35.178872],[137.520148,35.179005],[137.520436,35.179247],[137.520636,35.179696],[137.520898,35.17988],[137.521386,35.180363],[137.521823,35.180605],[137.522086,35.180871],[137.522498,35.180938],[137.522786,35.181205],[137.523211,35.181438],[137.523386,35.181621],[137.523748,35.18213],[137.524086,35.182205],[137.524836,35.182105],[137.525498,35.182171],[137.52676,35.182955],[137.527248,35.183363],[137.527798,35.183654],[137.527935,35.183771],[137.528298,35.183963],[137.52926,35.183888],[137.529885,35.184013],[137.530123,35.184021],[137.530347,35.184271],[137.530485,35.184629],[137.53051,35.184821],[137.530835,35.185646],[137.531147,35.186029],[137.532097,35.186296],[137.532497,35.186637],[137.53301,35.186837],[137.533322,35.187029],[137.533697,35.187546],[137.533947,35.187646],[137.534272,35.187921],[137.535284,35.188371],[137.535584,35.188721],[137.535809,35.188887],[137.536197,35.188954],[137.536697,35.188987],[137.537297,35.189296],[137.537559,35.189704],[137.537859,35.190429],[137.538409,35.190704],[137.538897,35.191454],[137.538961,35.191485],[137.539634,35.191812],[137.539846,35.191845],[137.539821,35.191737],[137.539896,35.191454],[137.539959,35.191045],[137.539909,35.19072],[137.540146,35.190512],[137.540496,35.190279],[137.540859,35.189987],[137.541209,35.189754],[137.541734,35.189596],[137.542434,35.188929],[137.542514,35.188914],[137.542909,35.188837],[137.543559,35.188879],[137.543809,35.188571],[137.544046,35.188412],[137.544971,35.188446],[137.545434,35.188504],[137.545784,35.188446],[137.545971,35.188196],[137.545971,35.187829],[137.546096,35.187571],[137.546621,35.187288],[137.546846,35.187013],[137.547021,35.187088],[137.547108,35.187671],[137.547371,35.187963],[137.547758,35.188121],[137.548296,35.188154],[137.548533,35.188146],[137.549121,35.188179],[137.549621,35.188421],[137.550033,35.188738],[137.550396,35.189088],[137.550658,35.189129],[137.550769,35.189067]]]}},{"type":"Feature","properties":{"name":"西納庫字森田","city":"設楽町","code":"561","setai":126,"jinko":291,"n":2,"towns":["23561015003","23561015003"],"lx":137.530958,"ly":35.170191},"geometry":{"type":"MultiPolygon","coordinates":[[[[137.480554,35.17213],[137.48058,35.171931],[137.480847,35.171744],[137.480987,35.171624],[137.481021,35.171486],[137.481107,35.17126],[137.48154,35.170612],[137.48181,35.170427],[137.481978,35.170198],[137.482058,35.169916],[137.482004,35.169747],[137.481959,35.169548],[137.48199,35.169393],[137.482119,35.169218],[137.48224,35.169044],[137.482278,35.168956],[137.48234,35.168816],[137.482436,35.168576],[137.482489,35.168068],[137.482322,35.167446],[137.48224,35.166534],[137.482418,35.166004],[137.482861,35.165471],[137.48327,35.165025],[137.483484,35.164552],[137.483461,35.164446],[137.4834,35.164169],[137.483228,35.163859],[137.48293,35.163256],[137.482827,35.162849],[137.482766,35.162348],[137.482495,35.162046],[137.482033,35.161589],[137.481792,35.161224],[137.481436,35.160727],[137.481201,35.160413],[137.481001,35.160085],[137.480939,35.159777],[137.480974,35.15957],[137.481278,35.159461],[137.482074,35.159307],[137.482859,35.159203],[137.483703,35.159333],[137.484656,35.159645],[137.48558,35.160024],[137.486044,35.160342],[137.486349,35.160758],[137.486425,35.161102],[137.486281,35.161473],[137.486308,35.161795],[137.486391,35.161869],[137.486539,35.161743],[137.486681,35.161623],[137.486962,35.161397],[137.487347,35.161325],[137.487683,35.161569],[137.487698,35.16158],[137.487711,35.161622],[137.487797,35.16198],[137.487756,35.162465],[137.487787,35.162715],[137.487887,35.16271],[137.488117,35.162699],[137.48834,35.162913],[137.48864,35.163195],[137.488646,35.163201],[137.48865,35.163202],[137.488938,35.163269],[137.489148,35.163069],[137.489499,35.162818],[137.489624,35.162423],[137.489559,35.161994],[137.489648,35.161612],[137.489832,35.161405],[137.490281,35.161449],[137.490654,35.161782],[137.490875,35.161876],[137.490953,35.161707],[137.490986,35.161573],[137.491357,35.161786],[137.491534,35.161877],[137.491593,35.161908],[137.491658,35.161901],[137.491934,35.16187],[137.492173,35.161607],[137.492533,35.161506],[137.492763,35.161441],[137.492791,35.161442],[137.492953,35.161519],[137.492826,35.161844],[137.492764,35.161913],[137.492723,35.16198],[137.492385,35.162317],[137.492306,35.162552],[137.492502,35.1629],[137.492462,35.16313],[137.492405,35.163491],[137.492562,35.163731],[137.492983,35.164022],[137.493459,35.164177],[137.493997,35.16423],[137.494507,35.164237],[137.494923,35.16427],[137.495511,35.164156],[137.496187,35.163983],[137.496714,35.163859],[137.497169,35.163888],[137.497691,35.163845],[137.498169,35.163663],[137.498604,35.163503],[137.499141,35.163403],[137.499408,35.163247],[137.499867,35.163165],[137.500438,35.163182],[137.50034,35.163885],[137.50002,35.164195],[137.500165,35.164401],[137.500303,35.164598],[137.500492,35.165028],[137.500412,35.1656],[137.500184,35.166109],[137.499912,35.166591],[137.499549,35.166761],[137.498957,35.166731],[137.498715,35.166919],[137.498828,35.167245],[137.499166,35.167625],[137.499097,35.168036],[137.498776,35.168571],[137.498263,35.169016],[137.497964,35.169452],[137.497797,35.169857],[137.497954,35.17021],[137.498325,35.170555],[137.498778,35.170923],[137.498967,35.171465],[137.498975,35.17198],[137.49872,35.172443],[137.498323,35.172762],[137.497859,35.173152],[137.497578,35.173458],[137.497307,35.173826],[137.49736,35.174143],[137.497407,35.174427],[137.497351,35.174675],[137.497277,35.175054],[137.497462,35.175339],[137.49757,35.175633],[137.497661,35.176058],[137.497834,35.176392],[137.498205,35.176737],[137.498472,35.177045],[137.498684,35.177376],[137.498721,35.17771],[137.49863,35.178219],[137.49842,35.178485],[137.498275,35.178791],[137.498334,35.179139],[137.498776,35.179443],[137.499105,35.179535],[137.499351,35.179717],[137.499506,35.180408],[137.499492,35.180796],[137.49956,35.18132],[137.499745,35.181718],[137.499847,35.182093],[137.499882,35.182653],[137.499781,35.182986],[137.499602,35.183441],[137.499512,35.183838],[137.499471,35.184293],[137.499902,35.184735],[137.499575,35.185178],[137.499425,35.185587],[137.499213,35.18597],[137.499213,35.186895],[137.499075,35.18717],[137.4987,35.187611],[137.498825,35.187845],[137.499238,35.188203],[137.499313,35.188778],[137.499225,35.189478],[137.499388,35.189836],[137.499738,35.190294],[137.5003,35.190761],[137.500625,35.191228],[137.500838,35.191961],[137.501025,35.192128],[137.501375,35.192269],[137.501512,35.192453],[137.501562,35.192644],[137.501287,35.193344],[137.501275,35.193694],[137.501212,35.194027],[137.50095,35.194202],[137.500762,35.194244],[137.50075,35.194461],[137.501412,35.195127],[137.501712,35.195385],[137.5023,35.195644],[137.502662,35.195885],[137.502825,35.196102],[137.5029,35.196385],[137.502775,35.196977],[137.502614,35.197224],[137.502612,35.197227],[137.502325,35.197219],[137.501525,35.196927],[137.501025,35.196835],[137.500862,35.196852],[137.500462,35.196785],[137.500037,35.19656],[137.4995,35.196419],[137.49915,35.196444],[137.4989,35.196585],[137.498525,35.196652],[137.498038,35.196594],[137.497675,35.196877],[137.49735,35.197018],[137.496988,35.19706],[137.496975,35.197077],[137.496813,35.197077],[137.496378,35.197006],[137.495988,35.196943],[137.49585,35.19696],[137.495575,35.19726],[137.495463,35.197302],[137.495125,35.197277],[137.494388,35.197077],[137.493976,35.196918],[137.493515,35.196675],[137.493126,35.196468],[137.491276,35.195793],[137.490401,35.195552],[137.489114,35.194852],[137.488339,35.194535],[137.488014,35.194335],[137.487427,35.193885],[137.487289,35.193818],[137.486939,35.193752],[137.486802,35.193568],[137.486664,35.192935],[137.485839,35.19181],[137.485236,35.190482],[137.485194,35.19039],[137.485177,35.190352],[137.48479,35.18981],[137.484152,35.188727],[137.48374,35.187852],[137.483602,35.187061],[137.48349,35.186677],[137.483102,35.186319],[137.482502,35.185711],[137.48239,35.185511],[137.482203,35.185286],[137.482065,35.184944],[137.481953,35.184361],[137.48184,35.184136],[137.48179,35.184086],[137.48154,35.183553],[137.481615,35.182828],[137.481865,35.18222],[137.48214,35.181836],[137.482415,35.181345],[137.482527,35.180978],[137.482665,35.180303],[137.483102,35.179495],[137.480856,35.177039],[137.481542,35.175206],[137.481775,35.174161],[137.48206,35.173658],[137.482329,35.173344],[137.482608,35.173081],[137.482698,35.17293],[137.482465,35.172783],[137.481955,35.172526],[137.481665,35.172411],[137.481374,35.17239],[137.480931,35.172358],[137.480649,35.172265],[137.480554,35.17213]]],[[[137.505907,35.14824],[137.507177,35.148731],[137.508344,35.149034],[137.509664,35.14932],[137.510387,35.149544],[137.51157,35.14983],[137.513192,35.149936],[137.514513,35.15011],[137.515225,35.150384],[137.516007,35.15073],[137.516806,35.151059],[137.518017,35.151276],[137.519398,35.151459],[137.521519,35.151735],[137.522428,35.151906],[137.523003,35.152179],[137.523664,35.152507],[137.524447,35.152854],[137.525488,35.152994],[137.5261,35.15273],[137.526921,35.152611],[137.52747,35.152614],[137.527618,35.152691],[137.52782,35.152899],[137.52798,35.152952],[137.528169,35.152942],[137.528453,35.152902],[137.528795,35.152906],[137.528955,35.152964],[137.529151,35.153239],[137.529323,35.153331],[137.529523,35.153359],[137.530874,35.153343],[137.531212,35.153526],[137.531491,35.153904],[137.53181,35.154511],[137.531982,35.154593],[137.532136,35.154549],[137.532345,35.15442],[137.532604,35.154351],[137.532776,35.154414],[137.533034,35.154578],[137.533306,35.154666],[137.533769,35.154737],[137.534423,35.154773],[137.534912,35.154788],[137.535469,35.154792],[137.53566,35.154782],[137.535668,35.154944],[137.535815,35.154922],[137.536231,35.154846],[137.536563,35.154765],[137.536859,35.154645],[137.536653,35.154352],[137.536627,35.15405],[137.538276,35.154669],[137.53995,35.155842],[137.540838,35.156331],[137.541689,35.156603],[137.542367,35.156981],[137.542677,35.157154],[137.543177,35.157466],[137.544807,35.157576],[137.546275,35.157521],[137.547237,35.158185],[137.547923,35.158808],[137.548373,35.159088],[137.549075,35.159267],[137.549902,35.159394],[137.550325,35.160046],[137.551075,35.160513],[137.552263,35.161189],[137.553726,35.161908],[137.554691,35.162056],[137.555129,35.162264],[137.556093,35.162671],[137.557005,35.163304],[137.55812,35.163546],[137.55917,35.164201],[137.559961,35.164111],[137.560903,35.163857],[137.561092,35.163652],[137.561407,35.163395],[137.562209,35.163636],[137.563112,35.163681],[137.563725,35.163869],[137.564703,35.16409],[137.565116,35.164205],[137.565266,35.164247],[137.566316,35.164902],[137.566915,35.165534],[137.567513,35.166424],[137.568172,35.167417],[137.568644,35.168358],[137.569367,35.169197],[137.570051,35.170335],[137.570414,35.170625],[137.571049,35.171474],[137.571455,35.172023],[137.571613,35.172391],[137.571635,35.17282],[137.572067,35.173174],[137.572504,35.173447],[137.57297,35.173652],[137.573545,35.173699],[137.574127,35.173665],[137.574545,35.173473],[137.575195,35.172916],[137.575648,35.17285],[137.576058,35.172817],[137.576373,35.172809],[137.576741,35.172822],[137.577093,35.172788],[137.577428,35.172805],[137.577743,35.172845],[137.578203,35.172964],[137.578487,35.173029],[137.578468,35.173065],[137.578156,35.173457],[137.578119,35.174257],[137.577919,35.174498],[137.577606,35.175257],[137.577556,35.175582],[137.577594,35.175907],[137.577531,35.176173],[137.577406,35.176332],[137.577169,35.176532],[137.577206,35.17689],[137.577356,35.177031],[137.577631,35.177073],[137.578118,35.177181],[137.578518,35.177315],[137.578743,35.177581],[137.578781,35.177731],[137.578768,35.17794],[137.578593,35.178373],[137.578468,35.178998],[137.578531,35.179281],[137.578581,35.180073],[137.578668,35.180256],[137.578693,35.180548],[137.578493,35.180881],[137.578318,35.181414],[137.578318,35.181848],[137.578256,35.182314],[137.578043,35.182731],[137.578018,35.183322],[137.577944,35.183572],[137.577731,35.183714],[137.577556,35.183781],[137.577069,35.183872],[137.576619,35.183906],[137.576119,35.184064],[137.575769,35.184356],[137.575556,35.184772],[137.575331,35.185505],[137.575194,35.185589],[137.574956,35.185605],[137.574369,35.185572],[137.574081,35.185622],[137.573756,35.185739],[137.573556,35.185889],[137.573231,35.186214],[137.572919,35.186172],[137.572344,35.186214],[137.571807,35.186313],[137.571307,35.186255],[137.570944,35.186014],[137.570632,35.185505],[137.570494,35.185464],[137.570132,35.18548],[137.569519,35.185738],[137.569568,35.185914],[137.568826,35.185671],[137.568437,35.18557],[137.567528,35.185173],[137.566723,35.184813],[137.566187,35.184423],[137.565663,35.183983],[137.565292,35.183526],[137.564784,35.183181],[137.563994,35.183028],[137.563379,35.183211],[137.562883,35.183525],[137.562212,35.183842],[137.561333,35.184087],[137.560417,35.18411],[137.559617,35.183895],[137.558844,35.183611],[137.558166,35.183189],[137.557796,35.182732],[137.557622,35.182284],[137.557345,35.181913],[137.556836,35.181568],[137.556564,35.181228],[137.556247,35.180861],[137.555914,35.180512],[137.55511,35.181086],[137.554504,35.18167],[137.55403,35.181998],[137.553579,35.182226],[137.553007,35.182436],[137.552463,35.182578],[137.551733,35.18266],[137.551284,35.182949],[137.551242,35.183303],[137.551438,35.183657],[137.550425,35.183678],[137.549261,35.183841],[137.548248,35.183985],[137.547299,35.184006],[137.546265,35.184062],[137.54538,35.184083],[137.544108,35.184087],[137.542782,35.183931],[137.542491,35.183875],[137.541933,35.183769],[137.541325,35.183532],[137.541227,35.183301],[137.541606,35.183226],[137.541525,35.182977],[137.540929,35.18269],[137.540267,35.182363],[137.539403,35.18188],[137.53895,35.1814],[137.538414,35.18101],[137.537511,35.180645],[137.537063,35.180309],[137.536812,35.179983],[137.536254,35.179691],[137.535378,35.179372],[137.534814,35.179162],[137.534004,35.178804],[137.533982,35.178604],[137.533919,35.178393],[137.533938,35.177999],[137.533942,35.177907],[137.533666,35.17711],[137.533663,35.176977],[137.533673,35.176772],[137.533745,35.176481],[137.53372,35.176164],[137.53391,35.175654],[137.533978,35.175317],[137.533948,35.174893],[137.533897,35.174671],[137.533716,35.174262],[137.533642,35.174103],[137.533633,35.174064],[137.533778,35.173677],[137.533774,35.173185],[137.533377,35.17235],[137.533105,35.171784],[137.532615,35.171195],[137.531987,35.170719],[137.530958,35.170191],[137.53017,35.169812],[137.529833,35.169432],[137.529485,35.168875],[137.528803,35.168195],[137.527989,35.167546],[137.52735,35.167006],[137.527051,35.166508],[137.526753,35.165898],[137.526377,35.165409],[137.525984,35.16505],[137.525201,35.164817],[137.524644,35.164413],[137.524571,35.164332],[137.524115,35.163828],[137.523571,35.163149],[137.523272,35.162651],[137.522896,35.162162],[137.522613,35.161759],[137.52244,35.161311],[137.521909,35.161065],[137.521447,35.161343],[137.520771,35.161628],[137.520218,35.161482],[137.519633,35.161032],[137.51998,35.16088],[137.520421,35.160476],[137.520647,35.160193],[137.520857,35.159927],[137.520799,35.15958],[137.520055,35.159229],[137.519528,35.15924],[137.518707,35.15901],[137.518077,35.158759],[137.517339,35.15844],[137.516725,35.158284],[137.515719,35.158137],[137.515358,35.157904],[137.515193,35.157775],[137.515222,35.157374],[137.515257,35.157],[137.515155,35.156804],[137.515164,35.156615],[137.514898,35.156336],[137.514541,35.15576],[137.514264,35.155276],[137.514004,35.154877],[137.513989,35.15485],[137.513799,35.154472],[137.513745,35.154364],[137.513386,35.153746],[137.513154,35.15352],[137.513023,35.153392],[137.512511,35.153231],[137.511985,35.153163],[137.511504,35.153253],[137.510851,35.153459],[137.510277,35.153496],[137.509854,35.15346],[137.50935,35.152965],[137.508567,35.151997],[137.508409,35.151707],[137.508264,35.151324],[137.508243,35.150979],[137.508262,35.150879],[137.508262,35.150875],[137.508352,35.150629],[137.508376,35.150324],[137.508259,35.15007],[137.507843,35.149892],[137.507516,35.149838],[137.50712,35.149618],[137.506788,35.149321],[137.5064,35.148959],[137.506135,35.148707],[137.505976,35.148417],[137.505907,35.14824]]]]}},{"type":"Feature","properties":{"name":"東納庫","city":"設楽町","code":"561","setai":206,"jinko":568,"n":1,"towns":["235610160"],"lx":137.555933,"ly":35.145422},"geometry":{"type":"Polygon","coordinates":[[[137.576058,35.172817],[137.576373,35.172809],[137.576741,35.172822],[137.577093,35.172788],[137.577428,35.172805],[137.577743,35.172845],[137.578203,35.172964],[137.578487,35.173029],[137.578681,35.17264],[137.579393,35.17199],[137.580006,35.171532],[137.580381,35.171307],[137.580743,35.171007],[137.581156,35.170449],[137.581443,35.170224],[137.581868,35.169999],[137.582131,35.169916],[137.582306,35.169849],[137.582906,35.169299],[137.583181,35.168932],[137.583431,35.168691],[137.583793,35.168474],[137.584268,35.168291],[137.58473,35.168033],[137.585243,35.167683],[137.585793,35.167374],[137.586705,35.166966],[137.587693,35.16665],[137.58803,35.166599],[137.588755,35.166116],[137.589193,35.166025],[137.589343,35.166033],[137.589607,35.166112],[137.589843,35.166183],[137.590293,35.166358],[137.590605,35.166383],[137.590818,35.16625],[137.590918,35.166141],[137.59118,35.16555],[137.591555,35.165416],[137.592455,35.165258],[137.593167,35.165108],[137.594405,35.164716],[137.594542,35.16465],[137.595017,35.164242],[137.59538,35.164117],[137.596355,35.164233],[137.596955,35.164325],[137.59723,35.1643],[137.597317,35.164258],[137.597392,35.1641],[137.597391,35.164095],[137.59733,35.163808],[137.597355,35.163533],[137.597592,35.162892],[137.598455,35.161575],[137.598642,35.16115],[137.599067,35.159284],[137.59928,35.158534],[137.599692,35.157984],[137.599642,35.157226],[137.599392,35.156742],[137.599442,35.156418],[137.599605,35.156118],[137.599485,35.155754],[137.59948,35.155738],[137.599405,35.155509],[137.599422,35.155201],[137.599355,35.155033],[137.5996,35.15427],[137.59965,35.154113],[137.60007,35.153469],[137.6005,35.153002],[137.600929,35.15276],[137.601451,35.152604],[137.602209,35.15234],[137.602831,35.151964],[137.603419,35.151736],[137.603968,35.151625],[137.604384,35.151562],[137.604846,35.151493],[137.605615,35.151293],[137.606062,35.150948],[137.606204,35.150839],[137.606272,35.150701],[137.60648,35.150276],[137.606642,35.149717],[137.606653,35.149677],[137.606656,35.149636],[137.606688,35.149203],[137.6067,35.149027],[137.606681,35.148562],[137.607033,35.148135],[137.606274,35.148323],[137.606016,35.148648],[137.60598,35.1488],[137.605956,35.1489],[137.60597,35.149233],[137.605578,35.149729],[137.605296,35.149892],[137.605087,35.149984],[137.604631,35.149824],[137.604323,35.149674],[137.603978,35.149584],[137.603306,35.149606],[137.603174,35.149711],[137.603019,35.14985],[137.602762,35.150073],[137.602729,35.150083],[137.602592,35.150203],[137.602137,35.150174],[137.601726,35.150172],[137.601314,35.150284],[137.601184,35.1504],[137.601103,35.150534],[137.600957,35.151029],[137.600689,35.151626],[137.600042,35.152901],[137.600038,35.152905],[137.599736,35.153306],[137.599344,35.153802],[137.599178,35.154077],[137.599173,35.154085],[137.599026,35.154379],[137.598745,35.154693],[137.598105,35.154786],[137.597318,35.15492],[137.596944,35.154984],[137.596531,35.155054],[137.595794,35.155208],[137.595516,35.155306],[137.595198,35.155417],[137.595066,35.155471],[137.594701,35.155697],[137.594443,35.15592],[137.593989,35.156114],[137.592677,35.15417],[137.592529,35.154009],[137.592319,35.153647],[137.592096,35.153304],[137.591886,35.153093],[137.591381,35.152913],[137.591049,35.152904],[137.590667,35.152875],[137.59015,35.152665],[137.589631,35.152203],[137.588432,35.150481],[137.587616,35.149444],[137.587183,35.148789],[137.586973,35.148578],[137.586812,35.148235],[137.586968,35.147927],[137.586971,35.147921],[137.587363,35.147476],[137.587829,35.147161],[137.588283,35.146766],[137.588663,35.146391],[137.588879,35.146111],[137.588944,35.146026],[137.589164,35.145611],[137.589126,35.145218],[137.588841,35.144825],[137.588224,35.144222],[137.588002,35.14393],[137.587865,35.143597],[137.587851,35.143213],[137.587825,35.142799],[137.587676,35.142437],[137.587392,35.142044],[137.587182,35.141934],[137.586787,35.141571],[137.586453,35.140957],[137.586316,35.140473],[137.586287,35.140238],[137.586134,35.139893],[137.586038,35.139437],[137.585971,35.139265],[137.585585,35.138941],[137.58508,35.138811],[137.584575,35.138632],[137.584328,35.13838],[137.584055,35.137765],[137.583906,35.1372],[137.583732,35.136878],[137.583522,35.136566],[137.583189,35.136304],[137.582832,35.136235],[137.582032,35.136187],[137.581528,35.136108],[137.580999,35.13607],[137.580555,35.13589],[137.580197,35.135518],[137.579839,35.135095],[137.579457,35.134914],[137.578965,35.134866],[137.578461,35.134837],[137.57819,35.134828],[137.577869,35.134597],[137.577708,35.134204],[137.57762,35.133639],[137.577606,35.133205],[137.577543,35.132801],[137.577432,35.132579],[137.577049,35.132298],[137.576729,35.132218],[137.576213,35.13216],[137.575732,35.13204],[137.575424,35.13189],[137.575177,35.131487],[137.57504,35.131104],[137.575017,35.130814],[137.575001,35.130766],[137.574917,35.13061],[137.574741,35.130405],[137.574509,35.130258],[137.574016,35.130108],[137.57361,35.129918],[137.573277,35.129656],[137.573004,35.129193],[137.573286,35.128828],[137.573518,35.128444],[137.573808,35.128119],[137.573879,35.12804],[137.573898,35.128018],[137.574229,35.127825],[137.57466,35.127925],[137.574797,35.127969],[137.575074,35.128172],[137.575514,35.128192],[137.575937,35.128031],[137.576289,35.127887],[137.575588,35.127011],[137.575081,35.126553],[137.574207,35.125782],[137.573389,35.124989],[137.572734,35.124355],[137.57214,35.123729],[137.571402,35.123185],[137.570604,35.122744],[137.569882,35.12252],[137.569291,35.122152],[137.568836,35.122235],[137.568272,35.122138],[137.567552,35.122397],[137.567112,35.122689],[137.566491,35.122952],[137.565821,35.123157],[137.565294,35.123281],[137.564728,35.123523],[137.564353,35.123855],[137.564312,35.124423],[137.564496,35.124934],[137.564619,35.125548],[137.564628,35.12595],[137.564866,35.126551],[137.565061,35.127012],[137.565157,35.127469],[137.564869,35.128149],[137.564835,35.12823],[137.564975,35.128714],[137.565274,35.129098],[137.565657,35.129393],[137.565869,35.129724],[137.566086,35.130086],[137.565876,35.130464],[137.565419,35.130773],[137.564951,35.131132],[137.564532,35.13155],[137.564053,35.131959],[137.563591,35.132237],[137.56304,35.132686],[137.56266,35.1331],[137.56235,35.133698],[137.562029,35.134234],[137.561521,35.134823],[137.560987,35.135254],[137.560409,35.135658],[137.559919,35.136116],[137.55951,35.136597],[137.558245,35.137625],[137.557702,35.138043],[137.557154,35.138435],[137.556642,35.138819],[137.556213,35.139134],[137.555762,35.1391],[137.555369,35.138895],[137.55531,35.138507],[137.555094,35.138032],[137.554673,35.137628],[137.55421,35.137198],[137.553964,35.136903],[137.553907,35.136443],[137.553717,35.136013],[137.55328,35.135628],[137.552899,35.13522],[137.552715,35.134709],[137.55267,35.133973],[137.552733,35.133419],[137.552504,35.133106],[137.551876,35.132742],[137.551527,35.132299],[137.551349,35.131819],[137.550901,35.131371],[137.550295,35.130908],[137.549826,35.130445],[137.549522,35.129916],[137.54952,35.12932],[137.54948,35.128503],[137.549445,35.128198],[137.549391,35.12774],[137.549055,35.1282],[137.548723,35.128653],[137.548193,35.129342],[137.547745,35.12994],[137.547063,35.13042],[137.546436,35.130765],[137.545744,35.130956],[137.545076,35.130822],[137.544534,35.130513],[137.544267,35.130205],[137.544215,35.129776],[137.544321,35.129361],[137.544269,35.128819],[137.544206,35.128327],[137.544196,35.128215],[137.54416,35.127817],[137.544097,35.127325],[137.543897,35.126832],[137.54358,35.126578],[137.542941,35.126167],[137.542531,35.125923],[137.542223,35.125775],[137.541935,35.125636],[137.541225,35.125137],[137.540587,35.124484],[137.540219,35.123575],[137.539878,35.122712],[137.53922,35.121707],[137.538654,35.121014],[137.537608,35.119795],[137.536741,35.118943],[137.53551,35.117552],[137.53497,35.117017],[137.534464,35.116334],[137.533667,35.115779],[137.533044,35.115447],[137.532683,35.115279],[137.532525,35.115039],[137.531296,35.114866],[137.530913,35.11493],[137.530639,35.115107],[137.530192,35.115592],[137.529893,35.116029],[137.529671,35.116569],[137.529531,35.11702],[137.529451,35.117593],[137.529377,35.118085],[137.529286,35.11882],[137.529297,35.119691],[137.529356,35.119869],[137.529685,35.12055],[137.529933,35.12131],[137.529999,35.121515],[137.530196,35.12242],[137.530336,35.123066],[137.530142,35.122943],[137.529429,35.122493],[137.529048,35.121988],[137.528704,35.121592],[137.528336,35.120995],[137.527961,35.120348],[137.527812,35.120002],[137.527576,35.119593],[137.527275,35.118612],[137.52692,35.118105],[137.526684,35.118045],[137.526088,35.117924],[137.5258,35.117865],[137.525365,35.118235],[137.524799,35.118949],[137.52473,35.119008],[137.524364,35.119319],[137.523707,35.119787],[137.522911,35.12043],[137.522509,35.120665],[137.521881,35.120565],[137.521549,35.120412],[137.521229,35.120264],[137.520398,35.119908],[137.519537,35.119615],[137.518717,35.119551],[137.518258,35.11972],[137.517903,35.120042],[137.517557,35.120536],[137.51737,35.121128],[137.5172,35.121749],[137.516914,35.122238],[137.516497,35.122252],[137.515958,35.121963],[137.515266,35.121746],[137.514424,35.121603],[137.513581,35.121711],[137.513551,35.121715],[137.512898,35.121607],[137.512439,35.121344],[137.512247,35.121307],[137.512107,35.121333],[137.512016,35.121432],[137.512145,35.121588],[137.512476,35.121885],[137.513204,35.122402],[137.513788,35.122849],[137.51412,35.123201],[137.514467,35.123477],[137.514802,35.123696],[137.515511,35.124063],[137.516201,35.124472],[137.516571,35.12474],[137.516734,35.124828],[137.518995,35.126296],[137.520818,35.127793],[137.52111,35.127983],[137.521447,35.128284],[137.521649,35.128465],[137.521624,35.128554],[137.521484,35.128587],[137.521304,35.128604],[137.520772,35.128499],[137.52032,35.128459],[137.519789,35.128518],[137.519308,35.128626],[137.518959,35.128858],[137.518449,35.129238],[137.518445,35.129665],[137.518438,35.1297],[137.51847,35.130264],[137.518539,35.130667],[137.518705,35.130984],[137.519107,35.131696],[137.519514,35.132059],[137.519827,35.132261],[137.520177,35.132413],[137.520872,35.132705],[137.52139,35.132981],[137.521742,35.13307],[137.522864,35.13318],[137.523371,35.133098],[137.523853,35.133007],[137.524322,35.133323],[137.524618,35.133632],[137.524757,35.133829],[137.524851,35.133914],[137.525227,35.134403],[137.525608,35.134924],[137.526214,35.135387],[137.526728,35.135538],[137.527244,35.135464],[137.527734,35.135231],[137.527841,35.135177],[137.528276,35.134849],[137.528978,35.134346],[137.529529,35.133916],[137.530308,35.133437],[137.531344,35.132846],[137.532229,35.132328],[137.533464,35.131751],[137.534527,35.131481],[137.53487,35.131572],[137.535023,35.131613],[137.535213,35.131961],[137.535213,35.132467],[137.53503,35.13276],[137.534987,35.132829],[137.534594,35.133044],[137.534006,35.133173],[137.533432,35.13321],[137.532785,35.133367],[137.532541,35.13356],[137.532331,35.133939],[137.532115,35.134285],[137.531828,35.134559],[137.531471,35.134761],[137.531047,35.135034],[137.530524,35.135415],[137.530121,35.135815],[137.529855,35.136328],[137.529671,35.136865],[137.529507,35.137043],[137.529497,35.137085],[137.529228,35.137411],[137.529076,35.137511],[137.528959,35.137638],[137.528645,35.137979],[137.528242,35.138492],[137.52823,35.138542],[137.527799,35.139235],[137.527488,35.139834],[137.527097,35.140184],[137.526657,35.140362],[137.526097,35.140409],[137.525696,35.140392],[137.525493,35.140409],[137.525076,35.140423],[137.524625,35.140258],[137.524219,35.140059],[137.523943,35.139884],[137.523934,35.139881],[137.52319,35.139643],[137.522701,35.139762],[137.522447,35.14],[137.521962,35.14049],[137.521505,35.140799],[137.52123,35.141024],[137.520789,35.141315],[137.520448,35.141499],[137.520113,35.141601],[137.519504,35.141702],[137.518829,35.141762],[137.518318,35.141868],[137.517757,35.142141],[137.51724,35.142328],[137.516532,35.142537],[137.516048,35.142688],[137.515629,35.142874],[137.515369,35.143022],[137.514912,35.143313],[137.514628,35.143609],[137.514411,35.14365],[137.514375,35.143682],[137.513973,35.143969],[137.513512,35.144134],[137.512765,35.144347],[137.51217,35.144656],[137.51184,35.144903],[137.511591,35.14491],[137.511576,35.144942],[137.51135,35.145113],[137.51123,35.14519],[137.511224,35.145198],[137.510887,35.145526],[137.510595,35.145881],[137.510214,35.146181],[137.509866,35.146672],[137.509676,35.14686],[137.509626,35.146933],[137.509569,35.146965],[137.50948,35.147053],[137.509034,35.147313],[137.508512,35.147469],[137.507832,35.147497],[137.507071,35.147277],[137.506336,35.147328],[137.505955,35.147628],[137.505857,35.147768],[137.505869,35.148142],[137.505907,35.14824],[137.507177,35.148731],[137.508344,35.149034],[137.509664,35.14932],[137.510387,35.149544],[137.51157,35.14983],[137.513192,35.149936],[137.514513,35.15011],[137.515225,35.150384],[137.516007,35.15073],[137.516806,35.151059],[137.518017,35.151276],[137.519398,35.151459],[137.521519,35.151735],[137.522428,35.151906],[137.523003,35.152179],[137.523664,35.152507],[137.524447,35.152854],[137.525488,35.152994],[137.5261,35.15273],[137.526921,35.152611],[137.52747,35.152614],[137.527618,35.152691],[137.52782,35.152899],[137.52798,35.152952],[137.528169,35.152942],[137.528453,35.152902],[137.528795,35.152906],[137.528955,35.152964],[137.529151,35.153239],[137.529323,35.153331],[137.529523,35.153359],[137.530874,35.153343],[137.531212,35.153526],[137.531491,35.153904],[137.53181,35.154511],[137.531982,35.154593],[137.532136,35.154549],[137.532345,35.15442],[137.532604,35.154351],[137.532776,35.154414],[137.533034,35.154578],[137.533306,35.154666],[137.533769,35.154737],[137.534423,35.154773],[137.534912,35.154788],[137.535469,35.154792],[137.53566,35.154782],[137.535668,35.154944],[137.535815,35.154922],[137.536231,35.154846],[137.536563,35.154765],[137.536859,35.154645],[137.536653,35.154352],[137.536627,35.15405],[137.538276,35.154669],[137.53995,35.155842],[137.540838,35.156331],[137.541689,35.156603],[137.542367,35.156981],[137.542677,35.157154],[137.543177,35.157466],[137.544807,35.157576],[137.546275,35.157521],[137.547237,35.158185],[137.547923,35.158808],[137.548373,35.159088],[137.549075,35.159267],[137.549902,35.159394],[137.550325,35.160046],[137.551075,35.160513],[137.552263,35.161189],[137.553726,35.161908],[137.554691,35.162056],[137.555129,35.162264],[137.556093,35.162671],[137.557005,35.163304],[137.55812,35.163546],[137.55917,35.164201],[137.559961,35.164111],[137.560903,35.163857],[137.561092,35.163652],[137.561407,35.163395],[137.562209,35.163636],[137.563112,35.163681],[137.563725,35.163869],[137.564703,35.16409],[137.565116,35.164205],[137.565266,35.164247],[137.566316,35.164902],[137.566915,35.165534],[137.567513,35.166424],[137.568172,35.167417],[137.568644,35.168358],[137.569367,35.169197],[137.570051,35.170335],[137.570414,35.170625],[137.571049,35.171474],[137.571455,35.172023],[137.571613,35.172391],[137.571635,35.17282],[137.572067,35.173174],[137.572504,35.173447],[137.57297,35.173652],[137.573545,35.173699],[137.574127,35.173665],[137.574545,35.173473],[137.575195,35.172916],[137.575648,35.17285],[137.576058,35.172817]]]}},{"type":"Feature","properties":{"name":"神田","city":"設楽町","code":"561","setai":48,"jinko":89,"n":1,"towns":["235610170"],"lx":137.609528,"ly":35.065605},"geometry":{"type":"Polygon","coordinates":[[[137.63154,35.085111],[137.631928,35.084594],[137.63234,35.084344],[137.63289,35.084211],[137.63339,35.084011],[137.634102,35.084077],[137.635115,35.084386],[137.635827,35.084686],[137.63644,35.084769],[137.63699,35.084702],[137.637139,35.084665],[137.638065,35.084436],[137.638493,35.08417],[137.638615,35.084094],[137.638827,35.083819],[137.639627,35.083103],[137.639677,35.082761],[137.639627,35.082536],[137.639265,35.082178],[137.638965,35.081703],[137.638777,35.08112],[137.63839,35.080645],[137.637815,35.080287],[137.63734,35.079787],[137.636902,35.078887],[137.636627,35.078712],[137.63589,35.078528],[137.635202,35.078487],[137.63459,35.078487],[137.633903,35.078578],[137.633803,35.078462],[137.634103,35.077403],[137.634378,35.075937],[137.634353,35.075221],[137.634065,35.074654],[137.633465,35.074162],[137.63347,35.074122],[137.633103,35.073687],[137.632828,35.073212],[137.632753,35.072946],[137.632711,35.072763],[137.632809,35.072539],[137.633245,35.072374],[137.633608,35.072265],[137.633962,35.072202],[137.634569,35.071719],[137.634815,35.071454],[137.635278,35.071029],[137.635915,35.070688],[137.636515,35.070463],[137.637065,35.07008],[137.638003,35.068721],[137.638415,35.068405],[137.638578,35.067938],[137.638278,35.065889],[137.638165,35.065255],[137.637728,35.064264],[137.63759,35.064147],[137.636815,35.064014],[137.636678,35.064014],[137.636128,35.06433],[137.635503,35.064647],[137.63484,35.064739],[137.634403,35.064422],[137.634103,35.063772],[137.633878,35.062822],[137.633828,35.062422],[137.633241,35.060997],[137.633516,35.060031],[137.633791,35.059689],[137.633928,35.059598],[137.633953,35.058814],[137.633903,35.058523],[137.633628,35.057981],[137.633103,35.05764],[137.632778,35.057098],[137.632366,35.05674],[137.631729,35.056065],[137.631379,35.055931],[137.630912,35.0558],[137.630491,35.055681],[137.629704,35.055206],[137.628954,35.054873],[137.628556,35.054214],[137.627497,35.054254],[137.626858,35.054246],[137.62622,35.05439],[137.625778,35.054513],[137.625337,35.054687],[137.62476,35.054982],[137.624307,35.055276],[137.623903,35.055826],[137.623794,35.055975],[137.623329,35.056542],[137.62294,35.057493],[137.622819,35.057948],[137.622575,35.058403],[137.622171,35.058869],[137.621915,35.059345],[137.621904,35.059668],[137.621783,35.060022],[137.621513,35.060214],[137.62123,35.060226],[137.620751,35.060106],[137.620025,35.059837],[137.618449,35.059197],[137.618091,35.058824],[137.617992,35.058482],[137.61789,35.057735],[137.617789,35.057089],[137.617689,35.056595],[137.617589,35.0561],[137.617596,35.05585],[137.6176,35.055727],[137.617795,35.055353],[137.618014,35.054988],[137.618282,35.054341],[137.618243,35.053745],[137.618069,35.053272],[137.617797,35.05296],[137.617428,35.052709],[137.616972,35.052549],[137.616407,35.05247],[137.61594,35.052482],[137.6154,35.052616],[137.614774,35.052739],[137.614283,35.052792],[137.613595,35.052865],[137.612858,35.05307],[137.612577,35.053283],[137.612369,35.053627],[137.612002,35.054032],[137.61161,35.054276],[137.611205,35.05449],[137.610874,35.054733],[137.610752,35.054936],[137.610557,35.05526],[137.610201,35.055493],[137.609833,35.055444],[137.607692,35.054826],[137.607672,35.05482],[137.606339,35.054428],[137.605416,35.054027],[137.604529,35.053566],[137.604061,35.053124],[137.603863,35.052792],[137.603579,35.052449],[137.603172,35.051956],[137.602936,35.051533],[137.602638,35.050605],[137.602278,35.049627],[137.60209,35.04877],[137.601719,35.048064],[137.601212,35.047279],[137.600707,35.046796],[137.600128,35.046435],[137.599229,35.045943],[137.598712,35.045632],[137.598403,35.045179],[137.59818,35.044736],[137.597981,35.043999],[137.597268,35.043911],[137.596764,35.043782],[137.596124,35.043623],[137.595584,35.043554],[137.594698,35.043345],[137.59401,35.043166],[137.593284,35.043048],[137.592448,35.04296],[137.591675,35.043074],[137.591061,35.043228],[137.590546,35.043472],[137.590067,35.043453],[137.589747,35.043273],[137.589476,35.043011],[137.589142,35.042649],[137.588846,35.042277],[137.588508,35.041932],[137.588483,35.042082],[137.588183,35.042332],[137.587683,35.043165],[137.58747,35.04344],[137.586695,35.044856],[137.586483,35.045173],[137.586345,35.045448],[137.585733,35.046298],[137.585658,35.046523],[137.585683,35.046906],[137.585495,35.047581],[137.585358,35.047922],[137.584858,35.048847],[137.584783,35.049097],[137.584833,35.049322],[137.584808,35.04948],[137.58472,35.049639],[137.584558,35.049797],[137.583921,35.05013],[137.583821,35.050339],[137.583596,35.050989],[137.583296,35.051238],[137.582833,35.051347],[137.582608,35.051438],[137.581871,35.052113],[137.581508,35.052272],[137.581158,35.052497],[137.581233,35.052655],[137.581596,35.05293],[137.581733,35.053088],[137.581921,35.05358],[137.582396,35.054371],[137.582745,35.055205],[137.583083,35.055671],[137.58357,35.055854],[137.583633,35.055921],[137.583562,35.055971],[137.583408,35.056079],[137.583133,35.056213],[137.582808,35.056554],[137.582645,35.056646],[137.582145,35.056821],[137.581683,35.057121],[137.581246,35.057479],[137.580908,35.057613],[137.580196,35.057796],[137.579946,35.057912],[137.579758,35.058362],[137.579621,35.058787],[137.579733,35.059146],[137.579708,35.05937],[137.579733,35.059437],[137.579708,35.05962],[137.579682,35.059624],[137.579618,35.062644],[137.57957,35.063028],[137.579511,35.063583],[137.579685,35.064108],[137.57976,35.064592],[137.579934,35.065016],[137.580217,35.065257],[137.580562,35.065397],[137.581287,35.065415],[137.58195,35.065331],[137.582724,35.065318],[137.583425,35.065377],[137.583954,35.065566],[137.584312,35.065838],[137.584694,35.06627],[137.584904,35.066482],[137.585446,35.066752],[137.586048,35.066922],[137.586639,35.06701],[137.587032,35.067171],[137.587218,35.067523],[137.587342,35.067826],[137.587577,35.068148],[137.587959,35.068379],[137.588463,35.068458],[137.588782,35.068436],[137.589078,35.068556],[137.589324,35.068858],[137.589572,35.069312],[137.589585,35.069443],[137.589709,35.069846],[137.589968,35.070128],[137.5904,35.07053],[137.590586,35.070934],[137.5906,35.071368],[137.590565,35.071883],[137.590555,35.072559],[137.590666,35.072831],[137.590889,35.073275],[137.591087,35.073658],[137.591224,35.07394],[137.591421,35.074171],[137.591753,35.074281],[137.59227,35.074441],[137.592738,35.074631],[137.593046,35.074882],[137.593379,35.075194],[137.593774,35.075506],[137.594143,35.075706],[137.594623,35.075926],[137.595067,35.076157],[137.595473,35.076347],[137.596027,35.076547],[137.596728,35.076807],[137.596987,35.076988],[137.597271,35.077229],[137.597567,35.077501],[137.597814,35.077853],[137.598172,35.078225],[137.598677,35.078557],[137.599391,35.078897],[137.599896,35.079228],[137.60034,35.079661],[137.600788,35.080226],[137.600918,35.080468],[137.601399,35.080837],[137.601868,35.080964],[137.60233,35.080869],[137.602582,35.080701],[137.602903,35.080412],[137.603315,35.079761],[137.60367,35.079477],[137.604063,35.079384],[137.604407,35.079272],[137.604726,35.079049],[137.604934,35.078755],[137.605092,35.078441],[137.605484,35.078147],[137.605914,35.078095],[137.606308,35.078104],[137.606775,35.078142],[137.607168,35.0781],[137.607611,35.078179],[137.607798,35.078217],[137.608103,35.078278],[137.608398,35.078297],[137.608693,35.078216],[137.609135,35.078194],[137.609602,35.078232],[137.610118,35.07819],[137.610573,35.078097],[137.610904,35.077955],[137.611223,35.077782],[137.611554,35.077488],[137.611725,35.077204],[137.612093,35.077152],[137.612524,35.077252],[137.612966,35.077331],[137.613298,35.077289],[137.613432,35.077066],[137.613493,35.076763],[137.61364,35.076672],[137.614231,35.076962],[137.614959,35.077636],[137.615231,35.078049],[137.615426,35.078283],[137.615615,35.078408],[137.615955,35.078566],[137.616352,35.078646],[137.616657,35.078611],[137.61687,35.078488],[137.616864,35.078915],[137.616638,35.079527],[137.61653,35.080113],[137.616593,35.080467],[137.616976,35.081152],[137.61726,35.081494],[137.617508,35.081998],[137.617769,35.082582],[137.617893,35.082935],[137.618216,35.083671],[137.618377,35.084013],[137.618587,35.084376],[137.618933,35.084718],[137.619401,35.084958],[137.619832,35.085108],[137.620096,35.085219],[137.620459,35.085265],[137.620796,35.085094],[137.621118,35.085059],[137.621464,35.085011],[137.62186,35.085002],[137.622141,35.085164],[137.622283,35.085414],[137.622252,35.085773],[137.622352,35.086112],[137.622544,35.086477],[137.622752,35.086727],[137.623293,35.086993],[137.623688,35.087304],[137.623825,35.087637],[137.623913,35.088101],[137.624209,35.088473],[137.625504,35.089219],[137.625516,35.08921],[137.626066,35.089143],[137.626353,35.08881],[137.626578,35.088593],[137.626878,35.088568],[137.627203,35.088493],[137.627578,35.088293],[137.627716,35.088252],[137.628103,35.088235],[137.628428,35.088185],[137.628628,35.087935],[137.62899,35.087369],[137.62979,35.086902],[137.630028,35.086594],[137.629978,35.086585],[137.63014,35.086127],[137.63044,35.085677],[137.63154,35.085111]]]}},{"type":"Feature","properties":{"name":"平山","city":"設楽町","code":"561","setai":21,"jinko":48,"n":1,"towns":["235610180"],"lx":137.612512,"ly":35.087981},"geometry":{"type":"Polygon","coordinates":[[[137.621016,35.097992],[137.621166,35.097842],[137.621181,35.097804],[137.621466,35.097092],[137.621628,35.096859],[137.621803,35.096717],[137.621978,35.096692],[137.622378,35.096442],[137.622841,35.096075],[137.623428,35.095992],[137.623641,35.095834],[137.623666,35.095576],[137.623615,35.095354],[137.623441,35.094592],[137.623428,35.094201],[137.623653,35.093701],[137.623641,35.093334],[137.623666,35.093009],[137.623841,35.092751],[137.624128,35.092484],[137.624491,35.092251],[137.624916,35.092026],[137.625137,35.091879],[137.625216,35.091826],[137.625766,35.090835],[137.625941,35.090351],[137.625853,35.090226],[137.625578,35.090101],[137.625503,35.090093],[137.625353,35.089343],[137.625504,35.089219],[137.624209,35.088473],[137.623913,35.088101],[137.623825,35.087637],[137.623688,35.087304],[137.623293,35.086993],[137.622752,35.086727],[137.622544,35.086477],[137.622352,35.086112],[137.622252,35.085773],[137.622283,35.085414],[137.622141,35.085164],[137.62186,35.085002],[137.621464,35.085011],[137.621118,35.085059],[137.620796,35.085094],[137.620459,35.085265],[137.620096,35.085219],[137.619832,35.085108],[137.619401,35.084958],[137.618933,35.084718],[137.618587,35.084376],[137.618377,35.084013],[137.618216,35.083671],[137.617893,35.082935],[137.617769,35.082582],[137.617508,35.081998],[137.61726,35.081494],[137.616976,35.081152],[137.616593,35.080467],[137.61653,35.080113],[137.616638,35.079527],[137.616864,35.078915],[137.61687,35.078488],[137.616657,35.078611],[137.616352,35.078646],[137.615955,35.078566],[137.615615,35.078408],[137.615426,35.078283],[137.615231,35.078049],[137.614959,35.077636],[137.614231,35.076962],[137.61364,35.076672],[137.613493,35.076763],[137.613432,35.077066],[137.613298,35.077289],[137.612966,35.077331],[137.612524,35.077252],[137.612093,35.077152],[137.611725,35.077204],[137.611554,35.077488],[137.611223,35.077782],[137.610904,35.077955],[137.610573,35.078097],[137.610118,35.07819],[137.609602,35.078232],[137.609135,35.078194],[137.608693,35.078216],[137.608398,35.078297],[137.608103,35.078278],[137.607798,35.078217],[137.607611,35.078179],[137.607168,35.0781],[137.606775,35.078142],[137.606308,35.078104],[137.605914,35.078095],[137.605484,35.078147],[137.605092,35.078441],[137.604934,35.078755],[137.604726,35.079049],[137.604407,35.079272],[137.604063,35.079384],[137.60367,35.079477],[137.603315,35.079761],[137.602903,35.080412],[137.602582,35.080701],[137.60233,35.080869],[137.601868,35.080964],[137.601895,35.081301],[137.60154,35.081736],[137.601099,35.082061],[137.600817,35.082224],[137.600535,35.082386],[137.600267,35.082983],[137.600121,35.083428],[137.599766,35.083863],[137.59946,35.084167],[137.599179,35.084481],[137.599069,35.084865],[137.599194,35.08542],[137.599454,35.085853],[137.599652,35.086287],[137.599863,35.086599],[137.600294,35.08685],[137.600614,35.08703],[137.600836,35.087272],[137.601059,35.087614],[137.601475,35.08799],[137.601638,35.088092],[137.602089,35.088357],[137.602612,35.088698],[137.60313,35.08906],[137.603401,35.089321],[137.603562,35.089715],[137.603773,35.090178],[137.604257,35.090931],[137.60466,35.091423],[137.605038,35.091873],[137.605114,35.092119],[137.605165,35.092283],[137.605092,35.092756],[137.605069,35.093125],[137.605147,35.093515],[137.605273,35.093823],[137.605926,35.094354],[137.607006,35.095192],[137.607619,35.095949],[137.607895,35.096238],[137.608051,35.096401],[137.608544,35.096753],[137.608988,35.097135],[137.609358,35.097386],[137.609701,35.097792],[137.609892,35.097717],[137.610542,35.097617],[137.611067,35.097642],[137.611392,35.097575],[137.611704,35.097367],[137.612042,35.097267],[137.612342,35.097233],[137.612442,35.097283],[137.612829,35.09735],[137.613179,35.097225],[137.613667,35.097192],[137.614891,35.0973],[137.615416,35.097267],[137.615779,35.09735],[137.616166,35.097483],[137.616866,35.097517],[137.617791,35.097683],[137.618354,35.097825],[137.619091,35.098125],[137.619816,35.098159],[137.620516,35.098109],[137.621016,35.097992]]]}},{"type":"Feature","properties":{"name":"川向字スベリ道","city":"設楽町","code":"561","setai":0,"jinko":0,"n":1,"towns":["23561019001"],"lx":137.559879,"ly":35.117255},"geometry":{"type":"Polygon","coordinates":[[[137.549391,35.12774],[137.550071,35.127712],[137.550883,35.127652],[137.551679,35.127497],[137.552421,35.127252],[137.553223,35.126904],[137.553861,35.126509],[137.554478,35.125988],[137.554903,35.125489],[137.55518,35.124926],[137.555288,35.124286],[137.555379,35.123664],[137.555655,35.123213],[137.55626,35.122855],[137.556963,35.122727],[137.557688,35.122387],[137.558382,35.121858],[137.559613,35.121267],[137.56031,35.121108],[137.561123,35.120935],[137.561886,35.120816],[137.562483,35.120877],[137.563194,35.121151],[137.563933,35.121357],[137.564629,35.121536],[137.56521,35.121503],[137.565732,35.121347],[137.566138,35.121204],[137.56683,35.121013],[137.567411,35.120979],[137.567942,35.121225],[137.568406,35.121543],[137.568657,35.121756],[137.569291,35.122152],[137.569882,35.12252],[137.570604,35.122744],[137.571402,35.123185],[137.57214,35.123729],[137.572734,35.124355],[137.573389,35.124989],[137.574207,35.125782],[137.575081,35.126553],[137.575588,35.127011],[137.576289,35.127887],[137.576659,35.127545],[137.576951,35.12721],[137.57709,35.126879],[137.576968,35.126274],[137.5771,35.125654],[137.577072,35.12532],[137.577068,35.125122],[137.577339,35.124526],[137.577387,35.124234],[137.577402,35.124067],[137.577494,35.123538],[137.577652,35.123103],[137.577966,35.122937],[137.578169,35.122779],[137.578287,35.122511],[137.578464,35.122033],[137.578608,35.121529],[137.57841,35.121417],[137.57817,35.121371],[137.577653,35.121373],[137.577042,35.121344],[137.576545,35.121211],[137.576066,35.121263],[137.575088,35.121285],[137.57509,35.120289],[137.576057,35.119962],[137.576127,35.119846],[137.576117,35.119753],[137.576111,35.119595],[137.576186,35.119451],[137.576336,35.119366],[137.576874,35.119268],[137.577432,35.119015],[137.578141,35.118746],[137.578488,35.118652],[137.579272,35.118556],[137.579351,35.118418],[137.579333,35.118242],[137.579045,35.117857],[137.578661,35.117624],[137.578405,35.117574],[137.578371,35.117578],[137.577846,35.117676],[137.577646,35.117832],[137.577168,35.118072],[137.576526,35.118242],[137.576339,35.118215],[137.576075,35.118027],[137.575724,35.117573],[137.575377,35.117286],[137.575281,35.117135],[137.575305,35.116939],[137.575534,35.11676],[137.57561,35.116562],[137.575521,35.116319],[137.575311,35.115934],[137.575094,35.115668],[137.574144,35.115021],[137.573637,35.11466],[137.573322,35.114488],[137.573006,35.114431],[137.572549,35.114517],[137.572242,35.114568],[137.57206,35.11457],[137.571734,35.114541],[137.571417,35.114575],[137.570902,35.114689],[137.570285,35.114731],[137.570073,35.114641],[137.569718,35.114238],[137.569645,35.113839],[137.569283,35.113564],[137.568798,35.11338],[137.567929,35.113146],[137.567391,35.112977],[137.566942,35.112825],[137.566553,35.112708],[137.566233,35.112578],[137.566155,35.112481],[137.566083,35.112318],[137.566206,35.112065],[137.5662,35.111866],[137.566314,35.111578],[137.566406,35.111261],[137.566571,35.111037],[137.566944,35.110705],[137.567417,35.11035],[137.567557,35.110145],[137.567554,35.109743],[137.567634,35.109392],[137.56791,35.109063],[137.568012,35.108654],[137.568132,35.108369],[137.568147,35.108175],[137.568012,35.107958],[137.567862,35.107739],[137.567807,35.107721],[137.567497,35.107633],[137.567163,35.107502],[137.566586,35.107223],[137.566174,35.10712],[137.565787,35.107046],[137.565326,35.106945],[137.564588,35.106726],[137.564486,35.106759],[137.564374,35.107179],[137.56425,35.107366],[137.564001,35.107517],[137.563677,35.107583],[137.563586,35.107593],[137.563324,35.107542],[137.563188,35.107459],[137.56313,35.10723],[137.563062,35.106761],[137.562932,35.106246],[137.56284,35.105783],[137.562777,35.105353],[137.562725,35.104965],[137.562736,35.10486],[137.562803,35.104743],[137.562947,35.10469],[137.563149,35.104703],[137.563302,35.104658],[137.563409,35.104553],[137.563452,35.104307],[137.563557,35.103967],[137.563613,35.103833],[137.563764,35.103704],[137.563914,35.103648],[137.564058,35.103512],[137.564134,35.103349],[137.564136,35.103153],[137.564081,35.102983],[137.563989,35.102796],[137.563889,35.102624],[137.56383,35.102483],[137.563787,35.102366],[137.563829,35.102282],[137.563992,35.102113],[137.564005,35.101989],[137.563948,35.101835],[137.563726,35.101564],[137.563558,35.101255],[137.5633,35.100945],[137.562879,35.10044],[137.562726,35.100287],[137.562308,35.100951],[137.562085,35.101069],[137.561693,35.101132],[137.561576,35.101522],[137.561498,35.101756],[137.56172,35.102375],[137.561811,35.1028],[137.561638,35.103287],[137.561086,35.103961],[137.560353,35.104721],[137.559759,35.105143],[137.558923,35.10564],[137.558369,35.105719],[137.557445,35.10534],[137.556843,35.105135],[137.556375,35.105494],[137.555752,35.106209],[137.555079,35.106865],[137.554599,35.107499],[137.554376,35.108265],[137.554422,35.108775],[137.554735,35.109417],[137.554525,35.110011],[137.554159,35.110391],[137.553498,35.110695],[137.552383,35.11073],[137.551834,35.110953],[137.551344,35.111411],[137.550704,35.112144],[137.550289,35.112819],[137.550346,35.113393],[137.550552,35.113917],[137.550302,35.114525],[137.549656,35.115227],[137.548803,35.115855],[137.548076,35.116533],[137.547656,35.117064],[137.54716,35.117603],[137.546757,35.118116],[137.546464,35.118585],[137.546537,35.118809],[137.546737,35.119073],[137.546755,35.119166],[137.546726,35.119619],[137.546752,35.119781],[137.546834,35.119911],[137.547067,35.120059],[137.54713,35.120132],[137.547176,35.120247],[137.547157,35.120339],[137.546926,35.12053],[137.546867,35.120635],[137.546834,35.120843],[137.546762,35.121058],[137.546587,35.121289],[137.546259,35.121653],[137.545911,35.122024],[137.545765,35.122227],[137.545632,35.122562],[137.545463,35.122896],[137.545244,35.123175],[137.544705,35.123643],[137.544538,35.123835],[137.544481,35.123935],[137.544447,35.124063],[137.544433,35.124261],[137.544342,35.124493],[137.544068,35.12472],[137.543626,35.12496],[137.543199,35.125135],[137.54316,35.125185],[137.542996,35.125993],[137.542941,35.126167],[137.54358,35.126578],[137.543897,35.126832],[137.544097,35.127325],[137.54416,35.127817],[137.544196,35.128215],[137.544206,35.128327],[137.544269,35.128819],[137.544321,35.129361],[137.544215,35.129776],[137.544267,35.130205],[137.544534,35.130513],[137.545076,35.130822],[137.545744,35.130956],[137.546436,35.130765],[137.547063,35.13042],[137.547745,35.12994],[137.548193,35.129342],[137.548723,35.128653],[137.549055,35.1282],[137.549391,35.12774]]]}},{"type":"Feature","properties":{"name":"川向字平畑","city":"設楽町","code":"561","setai":15,"jinko":35,"n":1,"towns":["23561019003"],"lx":137.558528,"ly":35.12917},"geometry":{"type":"Polygon","coordinates":[[[137.555369,35.138895],[137.555762,35.1391],[137.556213,35.139134],[137.556642,35.138819],[137.557154,35.138435],[137.557702,35.138043],[137.558245,35.137625],[137.55951,35.136597],[137.559919,35.136116],[137.560409,35.135658],[137.560987,35.135254],[137.561521,35.134823],[137.562029,35.134234],[137.56235,35.133698],[137.56266,35.1331],[137.56304,35.132686],[137.563591,35.132237],[137.564053,35.131959],[137.564532,35.13155],[137.564951,35.131132],[137.565419,35.130773],[137.565876,35.130464],[137.566086,35.130086],[137.565869,35.129724],[137.565657,35.129393],[137.565274,35.129098],[137.564975,35.128714],[137.564835,35.12823],[137.564869,35.128149],[137.565157,35.127469],[137.565061,35.127012],[137.564866,35.126551],[137.564628,35.12595],[137.564619,35.125548],[137.564496,35.124934],[137.564312,35.124423],[137.564353,35.123855],[137.564728,35.123523],[137.565294,35.123281],[137.565821,35.123157],[137.566491,35.122952],[137.567112,35.122689],[137.567552,35.122397],[137.568272,35.122138],[137.568836,35.122235],[137.569291,35.122152],[137.568657,35.121756],[137.568406,35.121543],[137.567942,35.121225],[137.567411,35.120979],[137.56683,35.121013],[137.566138,35.121204],[137.565732,35.121347],[137.56521,35.121503],[137.564629,35.121536],[137.563933,35.121357],[137.563194,35.121151],[137.562483,35.120877],[137.561886,35.120816],[137.561123,35.120935],[137.56031,35.121108],[137.559613,35.121267],[137.558382,35.121858],[137.557688,35.122387],[137.556963,35.122727],[137.55626,35.122855],[137.555655,35.123213],[137.555379,35.123664],[137.555288,35.124286],[137.55518,35.124926],[137.554903,35.125489],[137.554478,35.125988],[137.553861,35.126509],[137.553223,35.126904],[137.552421,35.127252],[137.551679,35.127497],[137.550883,35.127652],[137.550071,35.127712],[137.549391,35.12774],[137.549445,35.128198],[137.54948,35.128503],[137.54952,35.12932],[137.549522,35.129916],[137.549826,35.130445],[137.550295,35.130908],[137.550901,35.131371],[137.551349,35.131819],[137.551527,35.132299],[137.551876,35.132742],[137.552504,35.133106],[137.552733,35.133419],[137.55267,35.133973],[137.552715,35.134709],[137.552899,35.13522],[137.55328,35.135628],[137.553717,35.136013],[137.553907,35.136443],[137.553964,35.136903],[137.55421,35.137198],[137.554673,35.137628],[137.555094,35.138032],[137.55531,35.138507],[137.555369,35.138895]]]}},{"type":"Feature","properties":{"name":"川合","city":"設楽町","code":"561","setai":0,"jinko":0,"n":1,"towns":["235610200"],"lx":137.610196,"ly":35.037184},"geometry":{"type":"Polygon","coordinates":[[[137.628556,35.054214],[137.628491,35.054107],[137.628704,35.053523],[137.628791,35.052548],[137.628766,35.052507],[137.628816,35.051832],[137.630904,35.049466],[137.631154,35.049007],[137.631204,35.048966],[137.630741,35.048224],[137.630216,35.047799],[137.629429,35.047816],[137.628379,35.048041],[137.627779,35.048066],[137.627054,35.047616],[137.626367,35.047257],[137.625767,35.047032],[137.625542,35.046466],[137.625579,35.046108],[137.625879,35.044783],[137.625654,35.044283],[137.625467,35.04365],[137.625267,35.043316],[137.624717,35.042591],[137.624642,35.042233],[137.624305,35.041716],[137.623655,35.041133],[137.623105,35.040383],[137.622905,35.0396],[137.623042,35.03795],[137.623405,35.03705],[137.623405,35.036917],[137.623242,35.036375],[137.62318,35.035042],[137.623705,35.034434],[137.624142,35.034101],[137.624555,35.033217],[137.62428,35.032426],[137.623867,35.031576],[137.62348,35.030334],[137.622967,35.02966],[137.622122,35.028958],[137.621987,35.028845],[137.621608,35.02848],[137.621442,35.02791],[137.621268,35.026626],[137.621105,35.025818],[137.621055,35.025252],[137.62108,35.02476],[137.62118,35.024243],[137.62143,35.023427],[137.62138,35.023027],[137.621043,35.022369],[137.621018,35.021785],[137.620905,35.02151],[137.620793,35.02136],[137.621043,35.020885],[137.621093,35.020819],[137.621093,35.02066],[137.620399,35.019795],[137.619945,35.019265],[137.619918,35.019152],[137.619875,35.018881],[137.61985,35.018708],[137.619393,35.018815],[137.618829,35.018845],[137.618557,35.018747],[137.617728,35.018589],[137.617106,35.018344],[137.616668,35.018227],[137.615818,35.017844],[137.615481,35.017752],[137.614993,35.01771],[137.614143,35.017577],[137.613256,35.017602],[137.612631,35.017644],[137.612193,35.017552],[137.611831,35.017402],[137.611306,35.017019],[137.611094,35.016969],[137.610844,35.016994],[137.610319,35.017127],[137.609519,35.017219],[137.608806,35.017335],[137.607744,35.017469],[137.607471,35.017469],[137.607431,35.017469],[137.607156,35.017519],[137.606856,35.017519],[137.606444,35.017444],[137.605844,35.017269],[137.605019,35.017085],[137.604744,35.016977],[137.604032,35.016477],[137.603644,35.016327],[137.603507,35.016327],[137.603482,35.016302],[137.603344,35.01641],[137.602869,35.016685],[137.602182,35.016935],[137.60147,35.017543],[137.600645,35.017943],[137.600132,35.018193],[137.599832,35.018418],[137.599657,35.018735],[137.59964,35.018794],[137.599445,35.019476],[137.599476,35.019858],[137.599495,35.020085],[137.599282,35.020585],[137.598845,35.02126],[137.598507,35.021893],[137.59789,35.022707],[137.597857,35.022751],[137.598045,35.022926],[137.599095,35.023534],[137.599232,35.023651],[137.599257,35.023809],[137.59917,35.024684],[137.599095,35.025267],[137.599007,35.025492],[137.598795,35.025676],[137.597857,35.026176],[137.59737,35.026717],[137.59707,35.027459],[137.596982,35.027842],[137.596982,35.028159],[137.596932,35.028425],[137.596795,35.028675],[137.59652,35.028992],[137.59627,35.02935],[137.595257,35.030475],[137.594757,35.030842],[137.594645,35.0312],[137.594682,35.031692],[137.59462,35.0319],[137.59427,35.031942],[137.593795,35.031833],[137.593445,35.031808],[137.593358,35.031833],[137.59292,35.032191],[137.592508,35.032458],[137.5922,35.032616],[137.591408,35.033025],[137.59072,35.033591],[137.59047,35.033683],[137.590145,35.033724],[137.589933,35.033791],[137.589683,35.034041],[137.589595,35.034266],[137.58962,35.034716],[137.589595,35.035058],[137.58952,35.035391],[137.589245,35.036066],[137.589183,35.036316],[137.58922,35.036474],[137.589495,35.036674],[137.589683,35.036899],[137.589845,35.037424],[137.589983,35.037599],[137.590233,35.037824],[137.58982,35.038457],[137.589545,35.038932],[137.589383,35.039041],[137.589245,35.039224],[137.588995,35.040057],[137.588858,35.040307],[137.588645,35.040574],[137.58807,35.04094],[137.588008,35.040957],[137.587933,35.041073],[137.588049,35.041212],[137.588233,35.041432],[137.588395,35.041727],[137.588476,35.041874],[137.588508,35.041932],[137.588846,35.042277],[137.589142,35.042649],[137.589476,35.043011],[137.589747,35.043273],[137.590067,35.043453],[137.590546,35.043472],[137.591061,35.043228],[137.591675,35.043074],[137.592448,35.04296],[137.593284,35.043048],[137.59401,35.043166],[137.594698,35.043345],[137.595584,35.043554],[137.596124,35.043623],[137.596764,35.043782],[137.597268,35.043911],[137.597981,35.043999],[137.59818,35.044736],[137.598403,35.045179],[137.598712,35.045632],[137.599229,35.045943],[137.600128,35.046435],[137.600707,35.046796],[137.601212,35.047279],[137.601719,35.048064],[137.60209,35.04877],[137.602278,35.049627],[137.602638,35.050605],[137.602936,35.051533],[137.603172,35.051956],[137.603579,35.052449],[137.603863,35.052792],[137.604061,35.053124],[137.604529,35.053566],[137.605416,35.054027],[137.606339,35.054428],[137.607672,35.05482],[137.607692,35.054826],[137.609833,35.055444],[137.610201,35.055493],[137.610557,35.05526],[137.610752,35.054936],[137.610874,35.054733],[137.611205,35.05449],[137.61161,35.054276],[137.612002,35.054032],[137.612369,35.053627],[137.612577,35.053283],[137.612858,35.05307],[137.613595,35.052865],[137.614283,35.052792],[137.614774,35.052739],[137.6154,35.052616],[137.61594,35.052482],[137.616407,35.05247],[137.616972,35.052549],[137.617428,35.052709],[137.617797,35.05296],[137.618069,35.053272],[137.618243,35.053745],[137.618282,35.054341],[137.618014,35.054988],[137.617795,35.055353],[137.6176,35.055727],[137.617596,35.05585],[137.617589,35.0561],[137.617689,35.056595],[137.617789,35.057089],[137.61789,35.057735],[137.617992,35.058482],[137.618091,35.058824],[137.618449,35.059197],[137.620025,35.059837],[137.620751,35.060106],[137.62123,35.060226],[137.621513,35.060214],[137.621783,35.060022],[137.621904,35.059668],[137.621915,35.059345],[137.622171,35.058869],[137.622575,35.058403],[137.622819,35.057948],[137.62294,35.057493],[137.623329,35.056542],[137.623794,35.055975],[137.623903,35.055826],[137.624307,35.055276],[137.62476,35.054982],[137.625337,35.054687],[137.625778,35.054513],[137.62622,35.05439],[137.626858,35.054246],[137.627497,35.054254],[137.628556,35.054214]]]}},{"type":"Feature","properties":{"name":"津具","city":"設楽町","code":"561","setai":437,"jinko":1011,"n":2,"towns":["235610210","235610220"],"lx":137.628618,"ly":35.175685},"geometry":{"type":"Polygon","coordinates":[[[137.575194,35.185589],[137.575331,35.185505],[137.575556,35.184772],[137.575769,35.184356],[137.576119,35.184064],[137.576619,35.183906],[137.577069,35.183872],[137.577556,35.183781],[137.577731,35.183714],[137.577944,35.183572],[137.578018,35.183322],[137.578043,35.182731],[137.578256,35.182314],[137.578318,35.181848],[137.578318,35.181414],[137.578493,35.180881],[137.578693,35.180548],[137.578668,35.180256],[137.578581,35.180073],[137.578531,35.179281],[137.578468,35.178998],[137.578593,35.178373],[137.578768,35.17794],[137.578781,35.177731],[137.578743,35.177581],[137.578518,35.177315],[137.578118,35.177181],[137.577631,35.177073],[137.577356,35.177031],[137.577206,35.17689],[137.577169,35.176532],[137.577406,35.176332],[137.577531,35.176173],[137.577594,35.175907],[137.577556,35.175582],[137.577606,35.175257],[137.577919,35.174498],[137.578119,35.174257],[137.578156,35.173457],[137.578468,35.173065],[137.578487,35.173029],[137.578681,35.17264],[137.579393,35.17199],[137.580006,35.171532],[137.580381,35.171307],[137.580743,35.171007],[137.581156,35.170449],[137.581443,35.170224],[137.581868,35.169999],[137.582131,35.169916],[137.582306,35.169849],[137.582906,35.169299],[137.583181,35.168932],[137.583431,35.168691],[137.583793,35.168474],[137.584268,35.168291],[137.58473,35.168033],[137.585243,35.167683],[137.585793,35.167374],[137.586705,35.166966],[137.587693,35.16665],[137.58803,35.166599],[137.588755,35.166116],[137.589193,35.166025],[137.589343,35.166033],[137.589607,35.166112],[137.589843,35.166183],[137.590293,35.166358],[137.590605,35.166383],[137.590818,35.16625],[137.590918,35.166141],[137.59118,35.16555],[137.591555,35.165416],[137.592455,35.165258],[137.593167,35.165108],[137.594405,35.164716],[137.594542,35.16465],[137.595017,35.164242],[137.59538,35.164117],[137.596355,35.164233],[137.596955,35.164325],[137.59723,35.1643],[137.597317,35.164258],[137.597392,35.1641],[137.597391,35.164095],[137.59733,35.163808],[137.597355,35.163533],[137.597592,35.162892],[137.598455,35.161575],[137.598642,35.16115],[137.599067,35.159284],[137.59928,35.158534],[137.599692,35.157984],[137.599642,35.157226],[137.599392,35.156742],[137.599442,35.156418],[137.599605,35.156118],[137.599485,35.155754],[137.59948,35.155738],[137.599405,35.155509],[137.599422,35.155201],[137.599355,35.155033],[137.5996,35.15427],[137.59965,35.154113],[137.60007,35.153469],[137.6005,35.153002],[137.600929,35.15276],[137.601451,35.152604],[137.602209,35.15234],[137.602831,35.151964],[137.603419,35.151736],[137.603968,35.151625],[137.604384,35.151562],[137.604846,35.151493],[137.605615,35.151293],[137.606062,35.150948],[137.606204,35.150839],[137.606272,35.150701],[137.60648,35.150276],[137.606642,35.149717],[137.606653,35.149677],[137.606656,35.149636],[137.606688,35.149203],[137.6067,35.149027],[137.606681,35.148562],[137.607033,35.148135],[137.60706,35.148139],[137.607171,35.148209],[137.607406,35.14838],[137.607603,35.148611],[137.607887,35.148701],[137.608179,35.148674],[137.608342,35.148659],[137.60838,35.14865],[137.608616,35.148599],[137.608624,35.148597],[137.608697,35.148375],[137.608635,35.148072],[137.608461,35.147851],[137.608395,35.147688],[137.608345,35.147496],[137.608385,35.147215],[137.608618,35.146931],[137.608838,35.146617],[137.608947,35.146233],[137.609019,35.145859],[137.608981,35.145466],[137.608918,35.145113],[137.608929,35.144689],[137.608939,35.144265],[137.608938,35.143861],[137.608985,35.143325],[137.60897,35.143245],[137.608939,35.143079],[137.608975,35.14302],[137.609119,35.142901],[137.609321,35.142718],[137.609523,35.142536],[137.609657,35.142162],[137.609582,35.141879],[137.609544,35.141587],[137.609605,35.141385],[137.609862,35.14106],[137.609881,35.140999],[137.609959,35.140747],[137.610191,35.140464],[137.61031,35.140125],[137.610356,35.139995],[137.61036,35.139984],[137.610362,35.139978],[137.610362,35.13995],[137.610537,35.140006],[137.611124,35.140195],[137.611147,35.140201],[137.612003,35.140406],[137.612637,35.140319],[137.613194,35.140208],[137.613744,35.140301],[137.614204,35.140636],[137.614333,35.140745],[137.61498,35.141196],[137.615052,35.141131],[137.61508,35.141105],[137.615097,35.141114],[137.61563,35.140785],[137.615742,35.140769],[137.616064,35.140721],[137.616754,35.140579],[137.616819,35.140471],[137.616986,35.140192],[137.617179,35.139868],[137.617471,35.139778],[137.617796,35.139679],[137.617873,35.139655],[137.61838,35.139239],[137.618552,35.139098],[137.618818,35.138974],[137.619198,35.138797],[137.619849,35.138425],[137.620201,35.138299],[137.620455,35.138208],[137.621135,35.138202],[137.621259,35.138201],[137.622022,35.138907],[137.623335,35.139766],[137.623662,35.139905],[137.624546,35.140278],[137.62499,35.140421],[137.625807,35.140684],[137.62648,35.140828],[137.626491,35.140828],[137.627079,35.140811],[137.627172,35.140808],[137.627683,35.140731],[137.628061,35.141434],[137.628727,35.141675],[137.629302,35.141883],[137.629474,35.141978],[137.630335,35.142458],[137.630927,35.14272],[137.63095,35.14273],[137.63134,35.142903],[137.632616,35.142901],[137.633707,35.142913],[137.634522,35.143321],[137.635318,35.143457],[137.63587,35.14298],[137.636633,35.142619],[137.63736,35.142587],[137.638304,35.142979],[137.638401,35.143019],[137.638557,35.143086],[137.639288,35.143401],[137.640012,35.143877],[137.640686,35.144458],[137.641533,35.144924],[137.64237,35.145412],[137.643726,35.145679],[137.644651,35.145855],[137.64541,35.146318],[137.647125,35.146579],[137.648464,35.146695],[137.649688,35.146677],[137.651288,35.146053],[137.651453,35.14593],[137.652155,35.14541],[137.652937,35.144256],[137.652751,35.143412],[137.652749,35.1434],[137.652543,35.142451],[137.652404,35.142005],[137.652458,35.141193],[137.652614,35.140886],[137.6527,35.140438],[137.652825,35.140238],[137.654649,35.139671],[137.655162,35.13948],[137.655362,35.139446],[137.655374,35.13943],[137.655399,35.139496],[137.655687,35.139721],[137.656524,35.140001],[137.657112,35.140196],[137.657837,35.140571],[137.658039,35.140703],[137.658449,35.140971],[137.658886,35.141205],[137.660799,35.14063],[137.661299,35.140496],[137.661736,35.14038],[137.662824,35.140163],[137.664298,35.140272],[137.664548,35.140272],[137.664948,35.140105],[137.665423,35.140063],[137.665836,35.140455],[137.666236,35.141055],[137.666736,35.141522],[137.667411,35.141413],[137.668036,35.141213],[137.669187,35.141214],[137.669461,35.141214],[137.67021,35.141489],[137.67066,35.141572],[137.671235,35.14123],[137.671886,35.140913],[137.672023,35.140847],[137.672473,35.140747],[137.672885,35.140864],[137.673223,35.140822],[137.67336,35.140755],[137.673553,35.140558],[137.67366,35.140447],[137.673977,35.14035],[137.673985,35.140347],[137.674335,35.140331],[137.674848,35.140064],[137.675323,35.139931],[137.675772,35.139972],[137.676172,35.140222],[137.67646,35.140581],[137.67651,35.140789],[137.676247,35.141207],[137.676185,35.141306],[137.676154,35.14138],[137.675741,35.14197],[137.675673,35.142361],[137.675852,35.142793],[137.676476,35.143418],[137.676682,35.143497],[137.676823,35.143598],[137.677006,35.144622],[137.677095,35.144809],[137.677325,35.14514],[137.677326,35.145314],[137.676804,35.146153],[137.67665,35.146775],[137.6766,35.147179],[137.676578,35.147829],[137.676672,35.147988],[137.677097,35.148597],[137.67716,35.149113],[137.677097,35.149705],[137.676922,35.150513],[137.676939,35.150559],[137.677492,35.150752],[137.677885,35.150871],[137.678067,35.151325],[137.67806,35.151847],[137.677875,35.152217],[137.677633,35.152403],[137.677344,35.152573],[137.677072,35.15259],[137.676857,35.152614],[137.676661,35.152715],[137.676476,35.15294],[137.676278,35.153181],[137.676035,35.153754],[137.67601,35.154054],[137.676247,35.154688],[137.676397,35.155413],[137.67696,35.156846],[137.67711,35.157521],[137.677047,35.157971],[137.67661,35.158437],[137.676022,35.158937],[137.67561,35.159479],[137.675435,35.159979],[137.675122,35.160537],[137.674897,35.160762],[137.674108,35.16133],[137.673947,35.161445],[137.673547,35.16192],[137.672809,35.163382],[137.672811,35.164232],[137.672782,35.164409],[137.672756,35.164546],[137.672703,35.164621],[137.672194,35.165231],[137.672083,35.165291],[137.671976,35.165312],[137.67183,35.165316],[137.671742,35.16534],[137.67165,35.165393],[137.671558,35.165465],[137.671519,35.165545],[137.671399,35.165885],[137.671383,35.165919],[137.671355,35.165945],[137.671308,35.165956],[137.67089,35.165841],[137.670111,35.165627],[137.669765,35.165751],[137.669636,35.165856],[137.669591,35.16591],[137.669569,35.165978],[137.669562,35.166029],[137.66956,35.166101],[137.669812,35.1671],[137.66995,35.16768],[137.670238,35.169816],[137.670225,35.169901],[137.670184,35.169993],[137.670064,35.170294],[137.670031,35.170354],[137.669969,35.170412],[137.669671,35.17063],[137.669557,35.170678],[137.669255,35.170786],[137.668789,35.170953],[137.668727,35.171002],[137.668681,35.171047],[137.66866,35.1711],[137.668671,35.17116],[137.669068,35.171943],[137.669076,35.172004],[137.669085,35.172064],[137.669098,35.172101],[137.669135,35.172161],[137.669085,35.173261],[137.66881,35.173619],[137.668448,35.173961],[137.66831,35.174344],[137.668348,35.174461],[137.66831,35.174836],[137.667223,35.175652],[137.666885,35.175852],[137.666398,35.175902],[137.665348,35.176352],[137.664823,35.176419],[137.664411,35.176552],[137.664273,35.17676],[137.664173,35.17746],[137.664086,35.177593],[137.663811,35.177768],[137.663598,35.178085],[137.663618,35.178349],[137.663673,35.178468],[137.663948,35.178718],[137.664286,35.178943],[137.664611,35.17906],[137.664836,35.179193],[137.665161,35.179235],[137.665211,35.179285],[137.665211,35.179418],[137.665145,35.179692],[137.665048,35.180093],[137.665023,35.180635],[137.665186,35.18131],[137.665461,35.182051],[137.665898,35.182276],[137.666098,35.182435],[137.666073,35.182526],[137.665873,35.182751],[137.664636,35.183768],[137.664286,35.184151],[137.664123,35.184484],[137.664086,35.184984],[137.664198,35.185476],[137.664148,35.185793],[137.663711,35.186492],[137.663267,35.18731],[137.663073,35.187667],[137.662774,35.188],[137.662361,35.188384],[137.662336,35.188401],[137.661836,35.18875],[137.661011,35.189042],[137.660386,35.1892],[137.659974,35.189359],[137.659674,35.189517],[137.655909,35.196637],[137.655549,35.197316],[137.655087,35.198215],[137.654999,35.198557],[137.654949,35.199099],[137.655146,35.199934],[137.655224,35.200265],[137.655412,35.200698],[137.655724,35.20119],[137.655937,35.201823],[137.655999,35.202273],[137.656099,35.20254],[137.656874,35.203823],[137.656987,35.20489],[137.656987,35.205406],[137.656899,35.205764],[137.656762,35.206106],[137.656799,35.207747],[137.656937,35.208089],[137.657349,35.208806],[137.657537,35.209322],[137.657649,35.209997],[137.657674,35.210722],[137.657487,35.211713],[137.657349,35.212097],[137.657187,35.212322],[137.656962,35.212505],[137.656799,35.212705],[137.656774,35.213113],[137.656824,35.213447],[137.656982,35.213908],[137.657149,35.214371],[137.657149,35.214713],[137.657099,35.215005],[137.657007,35.2152],[137.656962,35.215296],[137.656637,35.215638],[137.656112,35.21588],[137.655724,35.215996],[137.655474,35.216113],[137.655237,35.216404],[137.654987,35.216788],[137.654412,35.217171],[137.653587,35.217504],[137.653475,35.217488],[137.65295,35.217238],[137.65125,35.216654],[137.650225,35.216204],[137.6496,35.215688],[137.64905,35.21483],[137.6486,35.21443],[137.647038,35.213905],[137.646275,35.213913],[137.645038,35.214071],[137.644451,35.213621],[137.644351,35.212738],[137.645175,35.212197],[137.645338,35.211655],[137.644863,35.210872],[137.644613,35.210122],[137.644751,35.20963],[137.644176,35.209047],[137.643551,35.208955],[137.641563,35.20918],[137.639889,35.20943],[137.638651,35.209972],[137.637314,35.210313],[137.635939,35.210722],[137.634864,35.21083],[137.634151,35.211355],[137.633851,35.211888],[137.633195,35.212116],[137.632581,35.212137],[137.631754,35.211966],[137.630061,35.211666],[137.628842,35.211432],[137.626662,35.211046],[137.619605,35.209978],[137.619175,35.20992],[137.618803,35.209863],[137.61819,35.209755],[137.617765,35.209688],[137.617465,35.209621],[137.61724,35.209588],[137.617103,35.209571],[137.617015,35.209555],[137.616953,35.20953],[137.616628,35.20958],[137.616328,35.210005],[137.61564,35.210555],[137.615153,35.210596],[137.61424,35.210346],[137.61364,35.209621],[137.613303,35.209038],[137.612616,35.20868],[137.610666,35.208405],[137.609616,35.207955],[137.608498,35.207369],[137.607803,35.207005],[137.606529,35.206738],[137.605329,35.20683],[137.604641,35.20653],[137.604017,35.206392],[137.602686,35.206107],[137.601563,35.205459],[137.600374,35.204544],[137.599397,35.203669],[137.597417,35.202038],[137.595192,35.200971],[137.594142,35.20043],[137.593511,35.200166],[137.591705,35.199413],[137.590792,35.19933],[137.589967,35.199305],[137.589168,35.19933],[137.588618,35.199555],[137.58763,35.199754],[137.586393,35.199779],[137.58523,35.199579],[137.583831,35.199713],[137.582956,35.199579],[137.582243,35.199171],[137.581693,35.198746],[137.580918,35.198563],[137.579981,35.198454],[137.578718,35.198429],[137.578493,35.198263],[137.578356,35.198038],[137.578044,35.197646],[137.577969,35.196996],[137.578006,35.196704],[137.577681,35.196071],[137.577619,35.195829],[137.577719,35.195688],[137.578006,35.195538],[137.578194,35.195346],[137.578219,35.19453],[137.578356,35.19433],[137.578656,35.194221],[137.578968,35.19403],[137.579081,35.193363],[137.579193,35.193071],[137.579456,35.192921],[137.579843,35.192738],[137.580318,35.19248],[137.580643,35.192155],[137.580906,35.191688],[137.581056,35.191213],[137.581093,35.190588],[137.581043,35.190272],[137.580756,35.190013],[137.580443,35.189822],[137.580068,35.18953],[137.579743,35.189188],[137.579131,35.188122],[137.578806,35.187747],[137.578406,35.187464],[137.577919,35.187289],[137.577519,35.187322],[137.577044,35.187305],[137.576569,35.187164],[137.575931,35.186789],[137.575712,35.186497],[137.575619,35.186372],[137.575194,35.185589]]]}}]}